<?xml version="1.0" encoding="UTF-8"?>
<GoodreadsResponse>
  <Request>
    <authentication>true</authentication>
      <key><![CDATA[all_men_must_serve]]></key>
    <method><![CDATA[book_show]]></method>
  </Request>
  <book>
  <id>1</id>
  <title><![CDATA[Harry Potter and the Half-Blood Prince (Harry Potter, #6)]]></title>
  <isbn><![CDATA[0439785960]]></isbn>
  <isbn13><![CDATA[9780439785969]]></isbn13>
  <asin><![CDATA[]]></asin>
  <kindle_asin><![CDATA[B019PIOJZE]]></kindle_asin>
  <marketplace_id><![CDATA[A1F83G8C2ARO7P]]></marketplace_id>
  <country_code><![CDATA[GB]]></country_code>
  <image_url>https://images.gr-assets.com/books/1361039191m/1.jpg</image_url>
  <small_image_url>https://images.gr-assets.com/books/1361039191s/1.jpg</small_image_url>
  <publication_year>2006</publication_year>
  <publication_month>9</publication_month>
  <publication_day>16</publication_day>
  <publisher>Scholastic Inc.</publisher>
  <language_code>eng</language_code>
  <is_ebook>false</is_ebook>
  <description><![CDATA[The war against Voldemort is not going well: even Muggle governments are noticing. Ron scans the obituary pages of The Daily Prophet looking for familiar names. Dumbledore is absent from Hogwarts for long stretches of time, and the Order of the Phoenix has already suffered losses. And yet... As in all wars, life goes on. Sixth-year students learn to Apparate, and lose a few eyebrows in the process. The Weasley twins expand their business. Teenagers flirt and fight and fall in love. Classes are never straightforward, though Harry receives some extraordinary help from the mysterious Half-Blood Prince. So it's the home front that takes center stage in the multilayered sixth installment of the story of Harry Potter. Harry struggles to uncover the identity of the Half-Blood Prince, the past owner of a potions textbook he now possesses that is filled with ingenious, potentially deadly, spells. But Harry's life is suddenly changed forever when someone close to him is heinously murdered right before his eyes. With Dumbledore's guidance, he seeks out the full, complex story of the boy who became Lord Voldemort, and thereby attempts to find what may be his only vulnerability.<br />--scholastic.com]]></description>
  <work>
  <id type="integer">41335427</id>
  <books_count type="integer">275</books_count>
  <best_book_id type="integer">1</best_book_id>
  <reviews_count type="integer">2234433</reviews_count>
  <ratings_sum type="integer">8109581</ratings_sum>
  <ratings_count type="integer">1787108</ratings_count>
  <text_reviews_count type="integer">27548</text_reviews_count>
  <original_publication_year type="integer">2005</original_publication_year>
  <original_publication_month type="integer">7</original_publication_month>
  <original_publication_day type="integer">16</original_publication_day>
  <original_title>Harry Potter and the Half-Blood Prince</original_title>
  <original_language_id type="integer" nil="true"/>
  <media_type>book</media_type>
  <rating_dist>5:1162549|4:459309|3:136413|2:21524|1:7313|total:1787108</rating_dist>
  <desc_user_id type="integer">5119944</desc_user_id>
  <default_chaptering_book_id type="integer">1</default_chaptering_book_id>
  <default_description_language_code nil="true"/>
</work>
  <average_rating>4.54</average_rating>
  <num_pages><![CDATA[652]]></num_pages>
  <format><![CDATA[Paperback]]></format>
  <edition_information><![CDATA[]]></edition_information>
  <ratings_count><![CDATA[1680064]]></ratings_count>
  <text_reviews_count><![CDATA[22133]]></text_reviews_count>
  <url><![CDATA[https://www.goodreads.com/book/show/1.Harry_Potter_and_the_Half_Blood_Prince]]></url>
  <link><![CDATA[https://www.goodreads.com/book/show/1.Harry_Potter_and_the_Half_Blood_Prince]]></link>
  <authors>
<author>
<id>1077326</id>
<name>J.K. Rowling</name>
<role></role>
<image_url nophoto='false'>
<![CDATA[https://images.gr-assets.com/authors/1415945171p5/1077326.jpg]]>
</image_url>
<small_image_url nophoto='false'>
<![CDATA[https://images.gr-assets.com/authors/1415945171p2/1077326.jpg]]>
</small_image_url>
<link><![CDATA[https://www.goodreads.com/author/show/1077326.J_K_Rowling]]></link>
<average_rating>4.43</average_rating>
<ratings_count>18039589</ratings_count>
<text_reviews_count>434729</text_reviews_count>
</author>
<author>
<id>2927</id>
<name>Mary GrandPré</name>
<role>Illustrator</role>
<image_url nophoto='false'>
<![CDATA[https://images.gr-assets.com/authors/1395344820p5/2927.jpg]]>
</image_url>
<small_image_url nophoto='false'>
<![CDATA[https://images.gr-assets.com/authors/1395344820p2/2927.jpg]]>
</small_image_url>
<link><![CDATA[https://www.goodreads.com/author/show/2927.Mary_GrandPr_]]></link>
<average_rating>4.53</average_rating>
<ratings_count>9003429</ratings_count>
<text_reviews_count>155269</text_reviews_count>
</author>
</authors>

    <reviews_widget>
      <![CDATA[
        <style>
  #goodreads-widget {
    font-family: georgia, serif;
    padding: 18px 0;
    width:565px;
  }
  #goodreads-widget h1 {
    font-weight:normal;
    font-size: 16px;
    border-bottom: 1px solid #BBB596;
    margin-bottom: 0;
  }
  #goodreads-widget a {
    text-decoration: none;
    color:#660;
  }
  iframe{
    background-color: #fff;
  }
  #goodreads-widget a:hover { text-decoration: underline; }
  #goodreads-widget a:active {
    color:#660;
  }
  #gr_footer {
    width: 100%;
    border-top: 1px solid #BBB596;
    text-align: right;
  }
  #goodreads-widget .gr_branding{
    color: #382110;
    font-size: 11px;
    text-decoration: none;
    font-family: "Helvetica Neue", Helvetica, Arial, sans-serif;
  }
</style>
<div id="goodreads-widget">
  <div id="gr_header"><h1><a rel="nofollow" href="https://www.goodreads.com/book/show/1.Harry_Potter_and_the_Half_Blood_Prince">Harry Potter and the Half-Blood Prince Reviews</a></h1></div>
  <iframe id="the_iframe" src="https://www.goodreads.com/api/reviews_widget_iframe?did=DEVELOPER_ID&amp;format=html&amp;isbn=0439785960&amp;links=660&amp;min_rating=&amp;review_back=fff&amp;stars=000&amp;text=000" width="565" height="400" frameborder="0"></iframe>
  <div id="gr_footer">
    <a class="gr_branding" target="_blank" rel="nofollow" href="https://www.goodreads.com/book/show/1.Harry_Potter_and_the_Half_Blood_Prince?utm_medium=api&amp;utm_source=reviews_widget">Reviews from Goodreads.com</a>
  </div>
</div>

      ]]>
    </reviews_widget>
  <popular_shelves>
      <shelf name="to-read" count="167697"/>
      <shelf name="fantasy" count="37174"/>
      <shelf name="favorites" count="34173"/>
      <shelf name="currently-reading" count="12986"/>
      <shelf name="young-adult" count="12716"/>
      <shelf name="fiction" count="9954"/>
      <shelf name="harry-potter" count="7169"/>
      <shelf name="books-i-own" count="6221"/>
      <shelf name="owned" count="4974"/>
      <shelf name="ya" count="4364"/>
      <shelf name="series" count="3857"/>
      <shelf name="favourites" count="3456"/>
      <shelf name="magic" count="3374"/>
      <shelf name="childrens" count="2408"/>
      <shelf name="owned-books" count="1881"/>
      <shelf name="re-read" count="1821"/>
      <shelf name="adventure" count="1742"/>
      <shelf name="children" count="1560"/>
      <shelf name="j-k-rowling" count="1309"/>
      <shelf name="children-s" count="1095"/>
      <shelf name="sci-fi-fantasy" count="1093"/>
      <shelf name="childhood" count="1027"/>
      <shelf name="all-time-favorites" count="1022"/>
      <shelf name="default" count="987"/>
      <shelf name="my-books" count="984"/>
      <shelf name="classics" count="958"/>
      <shelf name="reread" count="858"/>
      <shelf name="i-own" count="853"/>
      <shelf name="audiobook" count="836"/>
      <shelf name="5-stars" count="828"/>
      <shelf name="children-s-books" count="798"/>
      <shelf name="favorite-books" count="792"/>
      <shelf name="kids" count="748"/>
      <shelf name="novels" count="744"/>
      <shelf name="fantasy-sci-fi" count="738"/>
      <shelf name="favorite" count="730"/>
      <shelf name="middle-grade" count="718"/>
      <shelf name="audiobooks" count="701"/>
      <shelf name="paranormal" count="673"/>
      <shelf name="read-more-than-once" count="659"/>
      <shelf name="my-library" count="653"/>
      <shelf name="ya-fantasy" count="612"/>
      <shelf name="teen" count="600"/>
      <shelf name="witches" count="552"/>
      <shelf name="english" count="552"/>
      <shelf name="urban-fantasy" count="547"/>
      <shelf name="british" count="534"/>
      <shelf name="jk-rowling" count="532"/>
      <shelf name="books" count="522"/>
      <shelf name="read-in-2016" count="505"/>
      <shelf name="supernatural" count="484"/>
      <shelf name="re-reads" count="474"/>
      <shelf name="mystery" count="465"/>
      <shelf name="ya-fiction" count="464"/>
      <shelf name="harry-potter-series" count="450"/>
      <shelf name="my-favorites" count="449"/>
      <shelf name="own-it" count="446"/>
      <shelf name="childrens-books" count="445"/>
      <shelf name="library" count="440"/>
      <shelf name="audio" count="433"/>
      <shelf name="young-adult-fiction" count="416"/>
      <shelf name="novel" count="410"/>
      <shelf name="2005" count="399"/>
      <shelf name="scifi-fantasy" count="392"/>
      <shelf name="wizards" count="386"/>
      <shelf name="faves" count="384"/>
      <shelf name="favorite-series" count="368"/>
      <shelf name="read-in-2015" count="364"/>
      <shelf name="made-me-cry" count="354"/>
      <shelf name="juvenile" count="351"/>
      <shelf name="shelfari-favorites" count="348"/>
      <shelf name="kindle" count="347"/>
      <shelf name="youth" count="338"/>
      <shelf name="romance" count="334"/>
      <shelf name="favourite" count="324"/>
      <shelf name="to-buy" count="324"/>
      <shelf name="read-in-2014" count="314"/>
      <shelf name="to-re-read" count="312"/>
      <shelf name="all-time-favourites" count="305"/>
      <shelf name="childhood-favorites" count="300"/>
      <shelf name="kids-books" count="297"/>
      <shelf name="ebook" count="294"/>
      <shelf name="rereads" count="294"/>
      <shelf name="contemporary" count="289"/>
      <shelf name="read-in-english" count="284"/>
      <shelf name="5-star" count="283"/>
      <shelf name="coming-of-age" count="281"/>
      <shelf name="science-fiction-fantasy" count="281"/>
      <shelf name="read-in-2017" count="279"/>
      <shelf name="england" count="279"/>
      <shelf name="children-s-literature" count="276"/>
      <shelf name="favourite-books" count="274"/>
      <shelf name="on-my-shelf" count="273"/>
      <shelf name="my-bookshelf" count="272"/>
      <shelf name="children-s-lit" count="268"/>
      <shelf name="bookshelf" count="266"/>
      <shelf name="magical" count="265"/>
      <shelf name="favs" count="264"/>
      <shelf name="childhood-books" count="263"/>
      <shelf name="potter" count="258"/>
  </popular_shelves>
  <book_links>
    <book_link>
  <id>8</id>
  <name>Libraries</name>
  <link>https://www.goodreads.com/book_link/follow/8</link>
</book_link>

  </book_links>
  <buy_links>
    <buy_link>
<id>1</id>
<name>Amazon</name>
<link>https://www.goodreads.com/book_link/follow/1</link>
</buy_link>
<buy_link>
<id>10</id>
<name>Audible</name>
<link>https://www.goodreads.com/book_link/follow/10</link>
</buy_link>
<buy_link>
<id>3</id>
<name>Barnes &amp; Noble</name>
<link>https://www.goodreads.com/book_link/follow/3</link>
</buy_link>
<buy_link>
<id>1027</id>
<name>Kobo</name>
<link>https://www.goodreads.com/book_link/follow/1027</link>
</buy_link>
<buy_link>
<id>2102</id>
<name>Apple iBooks</name>
<link>https://www.goodreads.com/book_link/follow/2102</link>
</buy_link>
<buy_link>
<id>8036</id>
<name>Google Play</name>
<link>https://www.goodreads.com/book_link/follow/8036</link>
</buy_link>
<buy_link>
<id>4</id>
<name>Abebooks</name>
<link>https://www.goodreads.com/book_link/follow/4</link>
</buy_link>
<buy_link>
<id>882</id>
<name>Book Depository</name>
<link>https://www.goodreads.com/book_link/follow/882</link>
</buy_link>
<buy_link>
<id>9</id>
<name>Indigo</name>
<link>https://www.goodreads.com/book_link/follow/9</link>
</buy_link>
<buy_link>
<id>2</id>
<name>Half.com</name>
<link>https://www.goodreads.com/book_link/follow/2</link>
</buy_link>
<buy_link>
<id>5</id>
<name>Alibris</name>
<link>https://www.goodreads.com/book_link/follow/5</link>
</buy_link>
<buy_link>
<id>107</id>
<name>Better World Books</name>
<link>https://www.goodreads.com/book_link/follow/107</link>
</buy_link>
<buy_link>
<id>7</id>
<name>IndieBound</name>
<link>https://www.goodreads.com/book_link/follow/7</link>
</buy_link>

  </buy_links>
  <series_works>
    <series_work>
<id>624922</id>
<user_position>6</user_position>
<series>
<id>45175</id>
<title>
<![CDATA[
    Harry Potter
]]>
</title>
<description>
<![CDATA[
    Orphan Harry learns he is a wizard on his 11th birthday when Hagrid escorts him to magic-teaching Hogwarts School. As a baby, his mother's love protected him and vanquished the villain Voldemort, leaving the child famous as "The Boy who Lived". With his friends Hermione and Ron, Harry has to defeat the returned "One Who Must Not Be Named".
]]>
</description>
<note>
<![CDATA[
    Cursed Child is NOT a Primary Work. Boxsets ARE part of the series. However, the mini-shorts are NOT books by Goodreads standards, and should neither be added to this series nor to the database.
]]>
</note>
<series_works_count>13</series_works_count>
<primary_work_count>8</primary_work_count>
<numbered>true</numbered>
</series>

</series_work>
<series_work>
<id>978215</id>
<user_position>6.1</user_position>
<series>
<id>191520</id>
<title>
<![CDATA[
    Harry Potter Persian/Farsi Split-Volume Edition
]]>
</title>
<description>
<![CDATA[
    The Persian/Farsi book 1-3 published by Ketabsaraye Tandis (کتاب‌سرای تندیس) were not split into multiple volumes.
    
    The Japanese hardcover edition published by Sayzansha (静山社) also happened to be split into the same amount of volumes for books 4, 6 and 7; though most do not have individual pages on Goodreads, as set editions per book are around. See [b:ハリー・ポッターシリーズ全巻セット|31509368] for the complete listing of books for that edition.
]]>
</description>
<note>
<![CDATA[
    Information according to publisher's official website; Amazon's data doesn't seem to be entirely correct.
]]>
</note>
<series_works_count>5</series_works_count>
<primary_work_count>5</primary_work_count>
<numbered>true</numbered>
</series>

</series_work>

  </series_works>
  <similar_books>
          <book>
<id>153795</id>
<title><![CDATA[Squire (Protector of the Small, #3)]]></title>
<title_without_series>Squire</title_without_series>
<link><![CDATA[https://www.goodreads.com/book/show/153795.Squire]]></link>
<small_image_url><![CDATA[https://s.gr-assets.com/assets/nophoto/book/50x75-a91bf249278a81aabab721ef782c4a74.png]]></small_image_url>
<image_url><![CDATA[https://s.gr-assets.com/assets/nophoto/book/111x148-bcc042a9c91a29c1d680899eff700a03.png]]></image_url>
<num_pages>400</num_pages>
<work>
<id>1142883</id>
</work>
<isbn></isbn>
<isbn13></isbn13>
<average_rating>4.27</average_rating>
<ratings_count>39948</ratings_count>
<publication_year>2007</publication_year>
<publication_month>12</publication_month>
<publication_day>18</publication_day>
<authors>
<author>
<id>8596</id>
<name>Tamora Pierce</name>
<link><![CDATA[https://www.goodreads.com/author/show/8596.Tamora_Pierce]]></link>
</author>
</authors>
</book>

          <book>
<id>201341</id>
<title>Mossflower (Redwall, #2)</title>
<title_without_series>Mossflower</title_without_series>
<link><![CDATA[https://www.goodreads.com/book/show/201341.Mossflower]]></link>
<small_image_url><![CDATA[https://images.gr-assets.com/books/1281811805s/201341.jpg]]></small_image_url>
<image_url><![CDATA[https://images.gr-assets.com/books/1281811805m/201341.jpg]]></image_url>
<num_pages>373</num_pages>
<work>
<id>2984402</id>
</work>
<isbn>0441005764</isbn>
<isbn13>9780441005765</isbn13>
<average_rating>4.09</average_rating>
<ratings_count>58444</ratings_count>
<publication_year>1998</publication_year>
<publication_month>11</publication_month>
<publication_day>1</publication_day>
<authors>
<author>
<id>5329</id>
<name>Brian Jacques</name>
<link><![CDATA[https://www.goodreads.com/author/show/5329.Brian_Jacques]]></link>
</author>
</authors>
</book>

          <book>
<id>227865</id>
<title><![CDATA[The Eternity Code (Artemis Fowl, #3)]]></title>
<title_without_series>The Eternity Code</title_without_series>
<link><![CDATA[https://www.goodreads.com/book/show/227865.The_Eternity_Code]]></link>
<small_image_url><![CDATA[https://images.gr-assets.com/books/1327945417s/227865.jpg]]></small_image_url>
<image_url><![CDATA[https://images.gr-assets.com/books/1327945417m/227865.jpg]]></image_url>
<num_pages>352</num_pages>
<work>
<id>1333018</id>
</work>
<isbn>0141321318</isbn>
<isbn13>9780141321318</isbn13>
<average_rating>4.04</average_rating>
<ratings_count>102260</ratings_count>
<publication_year>2006</publication_year>
<publication_month>4</publication_month>
<publication_day>6</publication_day>
<authors>
<author>
<id>10896</id>
<name>Eoin Colfer</name>
<link><![CDATA[https://www.goodreads.com/author/show/10896.Eoin_Colfer]]></link>
</author>
</authors>
</book>

          <book>
<id>84119</id>
<title><![CDATA[The Horse and His Boy (Chronicles of Narnia, #5)]]></title>
<title_without_series>The Horse and His Boy</title_without_series>
<link><![CDATA[https://www.goodreads.com/book/show/84119.The_Horse_and_His_Boy]]></link>
<small_image_url><![CDATA[https://images.gr-assets.com/books/1388210968s/84119.jpg]]></small_image_url>
<image_url><![CDATA[https://images.gr-assets.com/books/1388210968m/84119.jpg]]></image_url>
<num_pages>224</num_pages>
<work>
<id>3294501</id>
</work>
<isbn>0439861365</isbn>
<isbn13>9780439861366</isbn13>
<average_rating>3.90</average_rating>
<ratings_count>209333</ratings_count>
<publication_year>1995</publication_year>
<publication_month></publication_month>
<publication_day></publication_day>
<authors>
<author>
<id>1069006</id>
<name>C.S. Lewis</name>
<link><![CDATA[https://www.goodreads.com/author/show/1069006.C_S_Lewis]]></link>
</author>
</authors>
</book>

          <book>
<id>86737</id>
<title><![CDATA[City of Masks (Stravaganza, #1)]]></title>
<title_without_series>City of Masks</title_without_series>
<link><![CDATA[https://www.goodreads.com/book/show/86737.City_of_Masks]]></link>
<small_image_url><![CDATA[https://images.gr-assets.com/books/1294870497s/86737.jpg]]></small_image_url>
<image_url><![CDATA[https://images.gr-assets.com/books/1294870497m/86737.jpg]]></image_url>
<num_pages>345</num_pages>
<work>
<id>3877968</id>
</work>
<isbn>1582349177</isbn>
<isbn13>9781582349176</isbn13>
<average_rating>3.90</average_rating>
<ratings_count>13392</ratings_count>
<publication_year>2004</publication_year>
<publication_month>9</publication_month>
<publication_day>9</publication_day>
<authors>
<author>
<id>23138</id>
<name>Mary Hoffman</name>
<link><![CDATA[https://www.goodreads.com/author/show/23138.Mary_Hoffman]]></link>
</author>
</authors>
</book>

          <book>
<id>433533</id>
<title><![CDATA[Rilla of Ingleside (Anne of Green Gables, #8)]]></title>
<title_without_series>Rilla of Ingleside</title_without_series>
<link><![CDATA[https://www.goodreads.com/book/show/433533.Rilla_of_Ingleside]]></link>
<small_image_url><![CDATA[https://images.gr-assets.com/books/1285712722s/433533.jpg]]></small_image_url>
<image_url><![CDATA[https://images.gr-assets.com/books/1285712722m/433533.jpg]]></image_url>
<num_pages>277</num_pages>
<work>
<id>1791604</id>
</work>
<isbn>0553269224</isbn>
<isbn13>9780553269222</isbn13>
<average_rating>4.16</average_rating>
<ratings_count>31402</ratings_count>
<publication_year>1997</publication_year>
<publication_month>2</publication_month>
<publication_day>25</publication_day>
<authors>
<author>
<id>5350</id>
<name>L.M. Montgomery</name>
<link><![CDATA[https://www.goodreads.com/author/show/5350.L_M_Montgomery]]></link>
</author>
</authors>
</book>

          <book>
<id>18122</id>
<title><![CDATA[The Amber Spyglass (His Dark Materials, #3)]]></title>
<title_without_series>The Amber Spyglass</title_without_series>
<link><![CDATA[https://www.goodreads.com/book/show/18122.The_Amber_Spyglass]]></link>
<small_image_url><![CDATA[https://images.gr-assets.com/books/1329189152s/18122.jpg]]></small_image_url>
<image_url><![CDATA[https://images.gr-assets.com/books/1329189152m/18122.jpg]]></image_url>
<num_pages>467</num_pages>
<work>
<id>1774510</id>
</work>
<isbn>0440238153</isbn>
<isbn13>9780440238157</isbn13>
<average_rating>4.06</average_rating>
<ratings_count>217751</ratings_count>
<publication_year>2003</publication_year>
<publication_month>9</publication_month>
<publication_day>9</publication_day>
<authors>
<author>
<id>3618</id>
<name>Philip Pullman</name>
<link><![CDATA[https://www.goodreads.com/author/show/3618.Philip_Pullman]]></link>
</author>
</authors>
</book>

          <book>
<id>13262797</id>
<title><![CDATA[The Fire Chronicle (The Books of Beginning, #2)]]></title>
<title_without_series>The Fire Chronicle</title_without_series>
<link><![CDATA[https://www.goodreads.com/book/show/13262797-the-fire-chronicle]]></link>
<small_image_url><![CDATA[https://images.gr-assets.com/books/1403664360s/13262797.jpg]]></small_image_url>
<image_url><![CDATA[https://images.gr-assets.com/books/1403664360m/13262797.jpg]]></image_url>
<num_pages>437</num_pages>
<work>
<id>18464395</id>
</work>
<isbn>0375868712</isbn>
<isbn13>9780375868719</isbn13>
<average_rating>4.24</average_rating>
<ratings_count>6197</ratings_count>
<publication_year>2012</publication_year>
<publication_month>10</publication_month>
<publication_day>9</publication_day>
<authors>
<author>
<id>4766257</id>
<name>John  Stephens</name>
<link><![CDATA[https://www.goodreads.com/author/show/4766257.John_Stephens]]></link>
</author>
</authors>
</book>

          <book>
<id>324277</id>
<title><![CDATA[The Carnivorous Carnival (A Series of Unfortunate Events, #9)]]></title>
<title_without_series>The Carnivorous Carnival</title_without_series>
<link><![CDATA[https://www.goodreads.com/book/show/324277.The_Carnivorous_Carnival]]></link>
<small_image_url><![CDATA[https://s.gr-assets.com/assets/nophoto/book/50x75-a91bf249278a81aabab721ef782c4a74.png]]></small_image_url>
<image_url><![CDATA[https://s.gr-assets.com/assets/nophoto/book/111x148-bcc042a9c91a29c1d680899eff700a03.png]]></image_url>
<num_pages>286</num_pages>
<work>
<id>984147</id>
</work>
<isbn>0064410129</isbn>
<isbn13>9780064410120</isbn13>
<average_rating>3.97</average_rating>
<ratings_count>86966</ratings_count>
<publication_year>2002</publication_year>
<publication_month>10</publication_month>
<publication_day>17</publication_day>
<authors>
<author>
<id>36746</id>
<name>Lemony Snicket</name>
<link><![CDATA[https://www.goodreads.com/author/show/36746.Lemony_Snicket]]></link>
</author>
</authors>
</book>

          <book>
<id>14565</id>
<title><![CDATA[Dangerous Angels (Weetzie Bat, #1-5)]]></title>
<title_without_series>Dangerous Angels</title_without_series>
<link><![CDATA[https://www.goodreads.com/book/show/14565.Dangerous_Angels]]></link>
<small_image_url><![CDATA[https://images.gr-assets.com/books/1166639454s/14565.jpg]]></small_image_url>
<image_url><![CDATA[https://images.gr-assets.com/books/1166639454m/14565.jpg]]></image_url>
<num_pages>478</num_pages>
<work>
<id>990480</id>
</work>
<isbn>0064406970</isbn>
<isbn13>9780064406970</isbn13>
<average_rating>4.27</average_rating>
<ratings_count>7876</ratings_count>
<publication_year></publication_year>
<publication_month></publication_month>
<publication_day></publication_day>
<authors>
<author>
<id>9072</id>
<name>Francesca Lia Block</name>
<link><![CDATA[https://www.goodreads.com/author/show/9072.Francesca_Lia_Block]]></link>
</author>
</authors>
</book>

          <book>
<id>519933</id>
<title><![CDATA[The Lives of Christopher Chant (Chrestomanci, #2)]]></title>
<title_without_series><![CDATA[The Lives of Christopher Chant]]></title_without_series>
<link><![CDATA[https://www.goodreads.com/book/show/519933.The_Lives_of_Christopher_Chant]]></link>
<small_image_url><![CDATA[https://images.gr-assets.com/books/1356549015s/519933.jpg]]></small_image_url>
<image_url><![CDATA[https://images.gr-assets.com/books/1356549015m/519933.jpg]]></image_url>
<num_pages>240</num_pages>
<work>
<id>1003876</id>
</work>
<isbn>0688163653</isbn>
<isbn13>9780688163655</isbn13>
<average_rating>4.22</average_rating>
<ratings_count>18351</ratings_count>
<publication_year>1998</publication_year>
<publication_month>10</publication_month>
<publication_day>19</publication_day>
<authors>
<author>
<id>4260</id>
<name>Diana Wynne Jones</name>
<link><![CDATA[https://www.goodreads.com/author/show/4260.Diana_Wynne_Jones]]></link>
</author>
</authors>
</book>

          <book>
<id>590325</id>
<title><![CDATA[The Shamer's War (The Shamer Chronicles, #4)]]></title>
<title_without_series>The Shamer&apos;s War</title_without_series>
<link><![CDATA[https://www.goodreads.com/book/show/590325.The_Shamer_s_War]]></link>
<small_image_url><![CDATA[https://images.gr-assets.com/books/1364430306s/590325.jpg]]></small_image_url>
<image_url><![CDATA[https://images.gr-assets.com/books/1364430306m/590325.jpg]]></image_url>
<num_pages>356</num_pages>
<work>
<id>946088</id>
</work>
<isbn>0805077715</isbn>
<isbn13>9780805077711</isbn13>
<average_rating>4.13</average_rating>
<ratings_count>2770</ratings_count>
<publication_year>2006</publication_year>
<publication_month>9</publication_month>
<publication_day>19</publication_day>
<authors>
<author>
<id>3116926</id>
<name>Lene Kaaberbøl</name>
<link><![CDATA[https://www.goodreads.com/author/show/3116926.Lene_Kaaberb_l]]></link>
</author>
</authors>
</book>

          <book>
<id>8949</id>
<title><![CDATA[Lord of the Shadows (Cirque Du Freak, #11)]]></title>
<title_without_series>Lord of the Shadows</title_without_series>
<link><![CDATA[https://www.goodreads.com/book/show/8949.Lord_of_the_Shadows]]></link>
<small_image_url><![CDATA[https://s.gr-assets.com/assets/nophoto/book/50x75-a91bf249278a81aabab721ef782c4a74.png]]></small_image_url>
<image_url><![CDATA[https://s.gr-assets.com/assets/nophoto/book/111x148-bcc042a9c91a29c1d680899eff700a03.png]]></image_url>
<num_pages>220</num_pages>
<work>
<id>846981</id>
</work>
<isbn>0316156280</isbn>
<isbn13>9780316156288</isbn13>
<average_rating>4.22</average_rating>
<ratings_count>17301</ratings_count>
<publication_year></publication_year>
<publication_month></publication_month>
<publication_day></publication_day>
<authors>
<author>
<id>5816</id>
<name>Darren Shan</name>
<link><![CDATA[https://www.goodreads.com/author/show/5816.Darren_Shan]]></link>
</author>
</authors>
</book>

          <book>
<id>363392</id>
<title><![CDATA[The Forgotten (Animorphs, #11)]]></title>
<title_without_series>The Forgotten</title_without_series>
<link><![CDATA[https://www.goodreads.com/book/show/363392.The_Forgotten]]></link>
<small_image_url><![CDATA[https://images.gr-assets.com/books/1319308682s/363392.jpg]]></small_image_url>
<image_url><![CDATA[https://images.gr-assets.com/books/1319308682m/363392.jpg]]></image_url>
<num_pages>162</num_pages>
<work>
<id>353467</id>
</work>
<isbn>0590997327</isbn>
<isbn13>9780590997324</isbn13>
<average_rating>3.72</average_rating>
<ratings_count>3142</ratings_count>
<publication_year>1997</publication_year>
<publication_month>10</publication_month>
<publication_day>1</publication_day>
<authors>
<author>
<id>1036736</id>
<name>Katherine Applegate</name>
<link><![CDATA[https://www.goodreads.com/author/show/1036736.Katherine_Applegate]]></link>
</author>
</authors>
</book>

          <book>
<id>86238</id>
<title><![CDATA[The Enchanted Forest Chronicles (The Enchanted Forest Chronicles, #1-4)]]></title>
<title_without_series><![CDATA[The Enchanted Forest Chronicles]]></title_without_series>
<link><![CDATA[https://www.goodreads.com/book/show/86238.The_Enchanted_Forest_Chronicles]]></link>
<small_image_url><![CDATA[https://s.gr-assets.com/assets/nophoto/book/50x75-a91bf249278a81aabab721ef782c4a74.png]]></small_image_url>
<image_url><![CDATA[https://s.gr-assets.com/assets/nophoto/book/111x148-bcc042a9c91a29c1d680899eff700a03.png]]></image_url>
<num_pages></num_pages>
<work>
<id>164046</id>
</work>
<isbn>0152050523</isbn>
<isbn13>9780152050528</isbn13>
<average_rating>4.47</average_rating>
<ratings_count>8531</ratings_count>
<publication_year>2003</publication_year>
<publication_month>7</publication_month>
<publication_day>1</publication_day>
<authors>
<author>
<id>36122</id>
<name>Patricia C. Wrede</name>
<link><![CDATA[https://www.goodreads.com/author/show/36122.Patricia_C_Wrede]]></link>
</author>
</authors>
</book>

          <book>
<id>334012</id>
<title><![CDATA[The Edge Chronicles 6: Midnight Over Sanctaphrax: Third Book of Twig]]></title>
<title_without_series><![CDATA[The Edge Chronicles 6: Midnight Over Sanctaphrax: Third Book of Twig]]></title_without_series>
<link><![CDATA[https://www.goodreads.com/book/show/334012.The_Edge_Chronicles_6]]></link>
<small_image_url><![CDATA[https://images.gr-assets.com/books/1320502808s/334012.jpg]]></small_image_url>
<image_url><![CDATA[https://images.gr-assets.com/books/1320502808m/334012.jpg]]></image_url>
<num_pages>368</num_pages>
<work>
<id>324508</id>
</work>
<isbn>0552554243</isbn>
<isbn13>9780552554244</isbn13>
<average_rating>4.20</average_rating>
<ratings_count>5646</ratings_count>
<publication_year>2006</publication_year>
<publication_month>7</publication_month>
<publication_day>6</publication_day>
<authors>
<author>
<id>24830</id>
<name>Paul Stewart</name>
<link><![CDATA[https://www.goodreads.com/author/show/24830.Paul_Stewart]]></link>
</author>
</authors>
</book>

  </similar_books>
</book>

</GoodreadsResponse>