<?xml version="1.0" encoding="UTF-8"?>
<GoodreadsResponse>
  <Request>
    <authentication>true</authentication>
      <key><![CDATA[all_men_must_serve]]></key>
    <method><![CDATA[book_show]]></method>
  </Request>
  <book>
  <id>10</id>
  <title><![CDATA[Harry Potter Collection (Harry Potter, #1-6)]]></title>
  <isbn><![CDATA[0439827604]]></isbn>
  <isbn13><![CDATA[9780439827607]]></isbn13>
  <asin><![CDATA[]]></asin>
  <kindle_asin><![CDATA[]]></kindle_asin>
  <marketplace_id><![CDATA[]]></marketplace_id>
  <country_code><![CDATA[GB]]></country_code>
  <image_url>https://images.gr-assets.com/books/1328867351m/10.jpg</image_url>
  <small_image_url>https://images.gr-assets.com/books/1328867351s/10.jpg</small_image_url>
  <publication_year>2005</publication_year>
  <publication_month>9</publication_month>
  <publication_day>12</publication_day>
  <publisher>Scholastic</publisher>
  <language_code>eng</language_code>
  <is_ebook>false</is_ebook>
  <description><![CDATA[Six years of magic, adventure, and mystery make this luxurious boxed set the perfect gift for Harry Potter fans of all ages. <br />Follow Harry from his first days at Hogwarts School for Witchcraft and Wizardry, through his many adventures with Hermione and Ron, to his confrontations with rival Draco Malfoy and the dreaded Professor Snape. From the thrilling search for the Sorcerer's Stone to the Triwizard Tournament to the return of He-Who-Must-Not-Be-Named, each adventure is more riveting and exhilarating than its predecessor, and now all six books are available together for the first time in an elegant hardcover boxed set.]]></description>
  <work>
  <id type="integer">21457570</id>
  <books_count type="integer">6</books_count>
  <best_book_id type="integer">10</best_book_id>
  <reviews_count type="integer">32379</reviews_count>
  <ratings_sum type="integer">124298</ratings_sum>
  <ratings_count type="integer">26291</ratings_count>
  <text_reviews_count type="integer">882</text_reviews_count>
  <original_publication_year type="integer">2005</original_publication_year>
  <original_publication_month type="integer">1</original_publication_month>
  <original_publication_day type="integer">1</original_publication_day>
  <original_title>Harry Potter Collection (Harry Potter, #1-6)</original_title>
  <original_language_id type="integer" nil="true"/>
  <media_type>book</media_type>
  <rating_dist>5:21063|4:3891|3:948|2:186|1:203|total:26291</rating_dist>
  <desc_user_id type="integer" nil="true"/>
  <default_chaptering_book_id type="integer" nil="true"/>
  <default_description_language_code nil="true"/>
</work>
  <average_rating>4.73</average_rating>
  <num_pages><![CDATA[3342]]></num_pages>
  <format><![CDATA[Hardcover]]></format>
  <edition_information><![CDATA[Box Set]]></edition_information>
  <ratings_count><![CDATA[24634]]></ratings_count>
  <text_reviews_count><![CDATA[757]]></text_reviews_count>
  <url><![CDATA[https://www.goodreads.com/book/show/10.Harry_Potter_Collection]]></url>
  <link><![CDATA[https://www.goodreads.com/book/show/10.Harry_Potter_Collection]]></link>
  <authors>
<author>
<id>1077326</id>
<name>J.K. Rowling</name>
<role></role>
<image_url nophoto='false'>
<![CDATA[https://images.gr-assets.com/authors/1415945171p5/1077326.jpg]]>
</image_url>
<small_image_url nophoto='false'>
<![CDATA[https://images.gr-assets.com/authors/1415945171p2/1077326.jpg]]>
</small_image_url>
<link><![CDATA[https://www.goodreads.com/author/show/1077326.J_K_Rowling]]></link>
<average_rating>4.43</average_rating>
<ratings_count>18040218</ratings_count>
<text_reviews_count>434732</text_reviews_count>
</author>
</authors>

    <reviews_widget>
      <![CDATA[
        <style>
  #goodreads-widget {
    font-family: georgia, serif;
    padding: 18px 0;
    width:565px;
  }
  #goodreads-widget h1 {
    font-weight:normal;
    font-size: 16px;
    border-bottom: 1px solid #BBB596;
    margin-bottom: 0;
  }
  #goodreads-widget a {
    text-decoration: none;
    color:#660;
  }
  iframe{
    background-color: #fff;
  }
  #goodreads-widget a:hover { text-decoration: underline; }
  #goodreads-widget a:active {
    color:#660;
  }
  #gr_footer {
    width: 100%;
    border-top: 1px solid #BBB596;
    text-align: right;
  }
  #goodreads-widget .gr_branding{
    color: #382110;
    font-size: 11px;
    text-decoration: none;
    font-family: "Helvetica Neue", Helvetica, Arial, sans-serif;
  }
</style>
<div id="goodreads-widget">
  <div id="gr_header"><h1><a rel="nofollow" href="https://www.goodreads.com/book/show/10.Harry_Potter_Collection">Harry Potter Collection Reviews</a></h1></div>
  <iframe id="the_iframe" src="https://www.goodreads.com/api/reviews_widget_iframe?did=DEVELOPER_ID&amp;format=html&amp;isbn=0439827604&amp;links=660&amp;min_rating=&amp;review_back=fff&amp;stars=000&amp;text=000" width="565" height="400" frameborder="0"></iframe>
  <div id="gr_footer">
    <a class="gr_branding" target="_blank" rel="nofollow" href="https://www.goodreads.com/book/show/10.Harry_Potter_Collection?utm_medium=api&amp;utm_source=reviews_widget">Reviews from Goodreads.com</a>
  </div>
</div>

      ]]>
    </reviews_widget>
  <popular_shelves>
      <shelf name="to-read" count="3226"/>
      <shelf name="favorites" count="330"/>
      <shelf name="fantasy" count="253"/>
      <shelf name="currently-reading" count="127"/>
      <shelf name="fiction" count="84"/>
      <shelf name="harry-potter" count="79"/>
      <shelf name="young-adult" count="78"/>
      <shelf name="magic" count="33"/>
      <shelf name="ya" count="31"/>
      <shelf name="series" count="25"/>
      <shelf name="childrens" count="19"/>
      <shelf name="children" count="18"/>
      <shelf name="books-i-own" count="18"/>
      <shelf name="adventure" count="18"/>
      <shelf name="shelfari-favorites" count="16"/>
      <shelf name="favourites" count="13"/>
      <shelf name="owned-books" count="10"/>
      <shelf name="fantasy-sci-fi" count="10"/>
      <shelf name="re-read" count="9"/>
      <shelf name="classics" count="9"/>
      <shelf name="jk-rowling" count="9"/>
      <shelf name="j-k-rowling" count="9"/>
      <shelf name="my-favorites" count="9"/>
      <shelf name="harrypotter" count="9"/>
      <shelf name="favs" count="8"/>
      <shelf name="children-s-books" count="8"/>
      <shelf name="all-time-favorites" count="8"/>
      <shelf name="witches" count="8"/>
      <shelf name="wizards" count="8"/>
      <shelf name="owned" count="8"/>
      <shelf name="children-s" count="8"/>
      <shelf name="favorite-books" count="7"/>
      <shelf name="my-books" count="7"/>
      <shelf name="favorite" count="7"/>
      <shelf name="sci-fi-fantasy" count="6"/>
      <shelf name="childhood" count="6"/>
      <shelf name="fantasy-fiction" count="6"/>
      <shelf name="teen" count="6"/>
      <shelf name="childhood-favorites" count="6"/>
      <shelf name="read-again" count="6"/>
      <shelf name="love" count="6"/>
      <shelf name="kids" count="6"/>
      <shelf name="english" count="6"/>
      <shelf name="5-star" count="5"/>
      <shelf name="favourite" count="5"/>
      <shelf name="loved" count="5"/>
      <shelf name="young-adult-lit" count="5"/>
      <shelf name="paranormal" count="5"/>
      <shelf name="harry" count="5"/>
      <shelf name="faves" count="5"/>
      <shelf name="children-s-literature" count="5"/>
      <shelf name="shelfari-wishlist" count="4"/>
      <shelf name="urban-fantasy" count="4"/>
      <shelf name="fantasy-and-sci-fi" count="4"/>
      <shelf name="childrens-books" count="4"/>
      <shelf name="favorite-series" count="4"/>
      <shelf name="not-interested" count="4"/>
      <shelf name="other" count="4"/>
      <shelf name="friendship" count="4"/>
      <shelf name="awesome" count="4"/>
      <shelf name="youth" count="4"/>
      <shelf name="harry-potter-series" count="4"/>
      <shelf name="novels" count="4"/>
      <shelf name="5-stars" count="4"/>
      <shelf name="youngadult" count="4"/>
      <shelf name="novel" count="4"/>
      <shelf name="juvenile" count="4"/>
      <shelf name="dragons" count="4"/>
      <shelf name="ya-fantasy" count="3"/>
      <shelf name="have" count="3"/>
      <shelf name="potter" count="3"/>
      <shelf name="home-library" count="3"/>
      <shelf name="fantasy-read" count="3"/>
      <shelf name="young-adult-books" count="3"/>
      <shelf name="part-of-a-series" count="3"/>
      <shelf name="epic-fantasy" count="3"/>
      <shelf name="children-s-fiction" count="3"/>
      <shelf name="audiobooks" count="3"/>
      <shelf name="amazing" count="3"/>
      <shelf name="absolute-favorites" count="3"/>
      <shelf name="teen-books" count="3"/>
      <shelf name="to-buy" count="3"/>
      <shelf name="just-for-fun" count="3"/>
      <shelf name="action-adventure" count="3"/>
      <shelf name="audiobook" count="3"/>
      <shelf name="books" count="3"/>
      <shelf name="all-time-favourites" count="3"/>
      <shelf name="box-sets" count="3"/>
      <shelf name="loved-it" count="3"/>
      <shelf name="contemporary" count="3"/>
      <shelf name="british" count="3"/>
      <shelf name="mystery" count="3"/>
      <shelf name="done" count="3"/>
      <shelf name="fav-books" count="3"/>
      <shelf name="i-own" count="3"/>
      <shelf name="ya-fiction" count="3"/>
      <shelf name="childhood-books" count="3"/>
      <shelf name="young-adult-fiction" count="3"/>
      <shelf name="to-re-read" count="3"/>
      <shelf name="read-more-than-once" count="3"/>
  </popular_shelves>
  <book_links>
    <book_link>
  <id>8</id>
  <name>Libraries</name>
  <link>https://www.goodreads.com/book_link/follow/8</link>
</book_link>

  </book_links>
  <buy_links>
    <buy_link>
<id>1</id>
<name>Amazon</name>
<link>https://www.goodreads.com/book_link/follow/1</link>
</buy_link>
<buy_link>
<id>10</id>
<name>Audible</name>
<link>https://www.goodreads.com/book_link/follow/10</link>
</buy_link>
<buy_link>
<id>3</id>
<name>Barnes &amp; Noble</name>
<link>https://www.goodreads.com/book_link/follow/3</link>
</buy_link>
<buy_link>
<id>1027</id>
<name>Kobo</name>
<link>https://www.goodreads.com/book_link/follow/1027</link>
</buy_link>
<buy_link>
<id>2102</id>
<name>Apple iBooks</name>
<link>https://www.goodreads.com/book_link/follow/2102</link>
</buy_link>
<buy_link>
<id>8036</id>
<name>Google Play</name>
<link>https://www.goodreads.com/book_link/follow/8036</link>
</buy_link>
<buy_link>
<id>4</id>
<name>Abebooks</name>
<link>https://www.goodreads.com/book_link/follow/4</link>
</buy_link>
<buy_link>
<id>882</id>
<name>Book Depository</name>
<link>https://www.goodreads.com/book_link/follow/882</link>
</buy_link>
<buy_link>
<id>9</id>
<name>Indigo</name>
<link>https://www.goodreads.com/book_link/follow/9</link>
</buy_link>
<buy_link>
<id>2</id>
<name>Half.com</name>
<link>https://www.goodreads.com/book_link/follow/2</link>
</buy_link>
<buy_link>
<id>5</id>
<name>Alibris</name>
<link>https://www.goodreads.com/book_link/follow/5</link>
</buy_link>
<buy_link>
<id>107</id>
<name>Better World Books</name>
<link>https://www.goodreads.com/book_link/follow/107</link>
</buy_link>
<buy_link>
<id>7</id>
<name>IndieBound</name>
<link>https://www.goodreads.com/book_link/follow/7</link>
</buy_link>

  </buy_links>
  <series_works>
    <series_work>
<id>1040117</id>
<user_position>1-6</user_position>
<series>
<id>45175</id>
<title>
<![CDATA[
    Harry Potter
]]>
</title>
<description>
<![CDATA[
    Orphan Harry learns he is a wizard on his 11th birthday when Hagrid escorts him to magic-teaching Hogwarts School. As a baby, his mother's love protected him and vanquished the villain Voldemort, leaving the child famous as "The Boy who Lived". With his friends Hermione and Ron, Harry has to defeat the returned "One Who Must Not Be Named".
]]>
</description>
<note>
<![CDATA[
    Cursed Child is NOT a Primary Work. Boxsets ARE part of the series. However, the mini-shorts are NOT books by Goodreads standards, and should neither be added to this series nor to the database.
]]>
</note>
<series_works_count>13</series_works_count>
<primary_work_count>8</primary_work_count>
<numbered>true</numbered>
</series>

</series_work>

  </series_works>
  <similar_books>
          <book>
<id>690926</id>
<title><![CDATA[The Twilight Collection (Twilight, #1-3)]]></title>
<title_without_series>The Twilight Collection</title_without_series>
<link><![CDATA[https://www.goodreads.com/book/show/690926.The_Twilight_Collection]]></link>
<small_image_url><![CDATA[https://s.gr-assets.com/assets/nophoto/book/50x75-a91bf249278a81aabab721ef782c4a74.png]]></small_image_url>
<image_url><![CDATA[https://s.gr-assets.com/assets/nophoto/book/111x148-bcc042a9c91a29c1d680899eff700a03.png]]></image_url>
<num_pages>1690</num_pages>
<work>
<id>3187048</id>
</work>
<isbn>0316003727</isbn>
<isbn13>9780316003728</isbn13>
<average_rating>3.78</average_rating>
<ratings_count>42390</ratings_count>
<publication_year></publication_year>
<publication_month></publication_month>
<publication_day></publication_day>
<authors>
<author>
<id>941441</id>
<name>Stephenie Meyer</name>
<link><![CDATA[https://www.goodreads.com/author/show/941441.Stephenie_Meyer]]></link>
</author>
</authors>
</book>

          <book>
<id>2223324</id>
<title><![CDATA[Harry Potter and the Chamber of Secrets: Sheet Music for Flute with C.D]]></title>
<title_without_series><![CDATA[Harry Potter and the Chamber of Secrets: Sheet Music for Flute with C.D]]></title_without_series>
<link><![CDATA[https://www.goodreads.com/book/show/2223324.Harry_Potter_and_the_Chamber_of_Secrets]]></link>
<small_image_url><![CDATA[https://s.gr-assets.com/assets/nophoto/book/50x75-a91bf249278a81aabab721ef782c4a74.png]]></small_image_url>
<image_url><![CDATA[https://s.gr-assets.com/assets/nophoto/book/111x148-bcc042a9c91a29c1d680899eff700a03.png]]></image_url>
<num_pages></num_pages>
<work>
<id>498223</id>
</work>
<isbn>075791084X</isbn>
<isbn13>9780757910845</isbn13>
<average_rating>4.61</average_rating>
<ratings_count>29437</ratings_count>
<publication_year></publication_year>
<publication_month></publication_month>
<publication_day></publication_day>
<authors>
<author>
<id>616</id>
<name>John   Williams</name>
<link><![CDATA[https://www.goodreads.com/author/show/616.John_Williams]]></link>
</author>
</authors>
</book>

          <book>
<id>13350</id>
<title><![CDATA[Eragon & Eldest (Inheritance, #1-2)]]></title>
<title_without_series>Eragon &amp; Eldest</title_without_series>
<link><![CDATA[https://www.goodreads.com/book/show/13350.Eragon_Eldest]]></link>
<small_image_url><![CDATA[https://s.gr-assets.com/assets/nophoto/book/50x75-a91bf249278a81aabab721ef782c4a74.png]]></small_image_url>
<image_url><![CDATA[https://s.gr-assets.com/assets/nophoto/book/111x148-bcc042a9c91a29c1d680899eff700a03.png]]></image_url>
<num_pages></num_pages>
<work>
<id>836044</id>
</work>
<isbn>0375836586</isbn>
<isbn13>9780375836589</isbn13>
<average_rating>4.27</average_rating>
<ratings_count>21825</ratings_count>
<publication_year></publication_year>
<publication_month></publication_month>
<publication_day></publication_day>
<authors>
<author>
<id>8349</id>
<name>Christopher Paolini</name>
<link><![CDATA[https://www.goodreads.com/author/show/8349.Christopher_Paolini]]></link>
</author>
</authors>
</book>

          <book>
<id>510712</id>
<title><![CDATA[Henry Huggins Collection (Henry Huggins, #1-4)]]></title>
<title_without_series>Henry Huggins Collection</title_without_series>
<link><![CDATA[https://www.goodreads.com/book/show/510712.Henry_Huggins_Collection]]></link>
<small_image_url><![CDATA[https://s.gr-assets.com/assets/nophoto/book/50x75-a91bf249278a81aabab721ef782c4a74.png]]></small_image_url>
<image_url><![CDATA[https://s.gr-assets.com/assets/nophoto/book/111x148-bcc042a9c91a29c1d680899eff700a03.png]]></image_url>
<num_pages></num_pages>
<work>
<id>498715</id>
</work>
<isbn>0380721244</isbn>
<isbn13>9780380721245</isbn13>
<average_rating>4.21</average_rating>
<ratings_count>211</ratings_count>
<publication_year></publication_year>
<publication_month></publication_month>
<publication_day></publication_day>
<authors>
<author>
<id>403</id>
<name>Beverly Cleary</name>
<link><![CDATA[https://www.goodreads.com/author/show/403.Beverly_Cleary]]></link>
</author>
</authors>
</book>

          <book>
<id>11872688</id>
<title><![CDATA[Vampire Academy (Vampire Academy, #1-5)]]></title>
<title_without_series>Vampire Academy</title_without_series>
<link><![CDATA[https://www.goodreads.com/book/show/11872688-vampire-academy]]></link>
<small_image_url><![CDATA[https://images.gr-assets.com/books/1327517500s/11872688.jpg]]></small_image_url>
<image_url><![CDATA[https://images.gr-assets.com/books/1327517500m/11872688.jpg]]></image_url>
<num_pages></num_pages>
<work>
<id>45404363</id>
</work>
<isbn>1780810172</isbn>
<isbn13>9781780810171</isbn13>
<average_rating>4.65</average_rating>
<ratings_count>2228</ratings_count>
<publication_year>2011</publication_year>
<publication_month>6</publication_month>
<publication_day>23</publication_day>
<authors>
<author>
<id>137902</id>
<name>Richelle Mead</name>
<link><![CDATA[https://www.goodreads.com/author/show/137902.Richelle_Mead]]></link>
</author>
</authors>
</book>

          <book>
<id>2451646</id>
<title><![CDATA[Tales of Narnia: The Lion, the witch and the wardrobe/Prince Caspian/The Voyage of the Dawn Treader]]></title>
<title_without_series><![CDATA[Tales of Narnia: The Lion, the witch and the wardrobe/Prince Caspian/The Voyage of the Dawn Treader]]></title_without_series>
<link><![CDATA[https://www.goodreads.com/book/show/2451646.Tales_of_Narnia]]></link>
<small_image_url><![CDATA[https://s.gr-assets.com/assets/nophoto/book/50x75-a91bf249278a81aabab721ef782c4a74.png]]></small_image_url>
<image_url><![CDATA[https://s.gr-assets.com/assets/nophoto/book/111x148-bcc042a9c91a29c1d680899eff700a03.png]]></image_url>
<num_pages>520</num_pages>
<work>
<id>4650752</id>
</work>
<isbn></isbn>
<isbn13></isbn13>
<average_rating>4.30</average_rating>
<ratings_count>392</ratings_count>
<publication_year></publication_year>
<publication_month></publication_month>
<publication_day></publication_day>
<authors>
<author>
<id>1069006</id>
<name>C.S. Lewis</name>
<link><![CDATA[https://www.goodreads.com/author/show/1069006.C_S_Lewis]]></link>
</author>
</authors>
</book>

          <book>
<id>3165162</id>
<title><![CDATA[Percy Jackson and the Olympians (Percy Jackson and the Olympians, #1-3)]]></title>
<title_without_series><![CDATA[Percy Jackson and the Olympians]]></title_without_series>
<link><![CDATA[https://www.goodreads.com/book/show/3165162-percy-jackson-and-the-olympians]]></link>
<small_image_url><![CDATA[https://s.gr-assets.com/assets/nophoto/book/50x75-a91bf249278a81aabab721ef782c4a74.png]]></small_image_url>
<image_url><![CDATA[https://s.gr-assets.com/assets/nophoto/book/111x148-bcc042a9c91a29c1d680899eff700a03.png]]></image_url>
<num_pages>1032</num_pages>
<work>
<id>3197005</id>
</work>
<isbn>1423113497</isbn>
<isbn13>9781423113492</isbn13>
<average_rating>4.58</average_rating>
<ratings_count>33055</ratings_count>
<publication_year>2008</publication_year>
<publication_month>9</publication_month>
<publication_day>16</publication_day>
<authors>
<author>
<id>15872</id>
<name>Rick Riordan</name>
<link><![CDATA[https://www.goodreads.com/author/show/15872.Rick_Riordan]]></link>
</author>
</authors>
</book>

          <book>
<id>17278396</id>
<title><![CDATA[The Princess Diaries Collection (The Princess Diaries, #1-10)]]></title>
<title_without_series><![CDATA[The Princess Diaries Collection]]></title_without_series>
<link><![CDATA[https://www.goodreads.com/book/show/17278396-the-princess-diaries-collection]]></link>
<small_image_url><![CDATA[https://images.gr-assets.com/books/1358839898s/17278396.jpg]]></small_image_url>
<image_url><![CDATA[https://images.gr-assets.com/books/1358839898m/17278396.jpg]]></image_url>
<num_pages></num_pages>
<work>
<id>23892181</id>
</work>
<isbn></isbn>
<isbn13></isbn13>
<average_rating>4.24</average_rating>
<ratings_count>1627</ratings_count>
<publication_year></publication_year>
<publication_month></publication_month>
<publication_day></publication_day>
<authors>
<author>
<id>11654</id>
<name>Meg Cabot</name>
<link><![CDATA[https://www.goodreads.com/author/show/11654.Meg_Cabot]]></link>
</author>
</authors>
</book>

          <book>
<id>293527</id>
<title><![CDATA[Buffy the Vampire Slayer: Angel, Hollower (Buffy the Vampire Slayer Comic #18/ Angel Comic #1 Buffy Season 3/ Angel Season 1)]]></title>
<title_without_series><![CDATA[Buffy the Vampire Slayer: Angel, Hollower]]></title_without_series>
<link><![CDATA[https://www.goodreads.com/book/show/293527.Buffy_the_Vampire_Slayer]]></link>
<small_image_url><![CDATA[https://s.gr-assets.com/assets/nophoto/book/50x75-a91bf249278a81aabab721ef782c4a74.png]]></small_image_url>
<image_url><![CDATA[https://s.gr-assets.com/assets/nophoto/book/111x148-bcc042a9c91a29c1d680899eff700a03.png]]></image_url>
<num_pages>117</num_pages>
<work>
<id>284815</id>
</work>
<isbn>1569714509</isbn>
<isbn13>9781569714508</isbn13>
<average_rating>3.58</average_rating>
<ratings_count>122</ratings_count>
<publication_year>2000</publication_year>
<publication_month>5</publication_month>
<publication_day>23</publication_day>
<authors>
<author>
<id>4522</id>
<name>Christopher Golden</name>
<link><![CDATA[https://www.goodreads.com/author/show/4522.Christopher_Golden]]></link>
</author>
</authors>
</book>

          <book>
<id>6806629</id>
<title><![CDATA[The Fire Stone (The Reign of the Elements, #1)]]></title>
<title_without_series>The Fire Stone</title_without_series>
<link><![CDATA[https://www.goodreads.com/book/show/6806629-the-fire-stone]]></link>
<small_image_url><![CDATA[https://s.gr-assets.com/assets/nophoto/book/50x75-a91bf249278a81aabab721ef782c4a74.png]]></small_image_url>
<image_url><![CDATA[https://s.gr-assets.com/assets/nophoto/book/111x148-bcc042a9c91a29c1d680899eff700a03.png]]></image_url>
<num_pages>304</num_pages>
<work>
<id>7013817</id>
</work>
<isbn>0984130705</isbn>
<isbn13>9780984130702</isbn13>
<average_rating>3.98</average_rating>
<ratings_count>65</ratings_count>
<publication_year>2010</publication_year>
<publication_month>1</publication_month>
<publication_day>1</publication_day>
<authors>
<author>
<id>3056388</id>
<name>Riley Carney</name>
<link><![CDATA[https://www.goodreads.com/author/show/3056388.Riley_Carney]]></link>
</author>
</authors>
</book>

          <book>
<id>7307499</id>
<title>Maximum Ride Four-Book Set</title>
<title_without_series>Maximum Ride Four-Book Set</title_without_series>
<link><![CDATA[https://www.goodreads.com/book/show/7307499-maximum-ride-four-book-set]]></link>
<small_image_url><![CDATA[https://s.gr-assets.com/assets/nophoto/book/50x75-a91bf249278a81aabab721ef782c4a74.png]]></small_image_url>
<image_url><![CDATA[https://s.gr-assets.com/assets/nophoto/book/111x148-bcc042a9c91a29c1d680899eff700a03.png]]></image_url>
<num_pages></num_pages>
<work>
<id>17027127</id>
</work>
<isbn>0446572659</isbn>
<isbn13>9780446572651</isbn13>
<average_rating>4.60</average_rating>
<ratings_count>573</ratings_count>
<publication_year></publication_year>
<publication_month></publication_month>
<publication_day></publication_day>
<authors>
<author>
<id>3780</id>
<name>James Patterson</name>
<link><![CDATA[https://www.goodreads.com/author/show/3780.James_Patterson]]></link>
</author>
</authors>
</book>

          <book>
<id>153819</id>
<title><![CDATA[Air & Earth (Circle of Magic, #3-4)]]></title>
<title_without_series>Air &amp; Earth</title_without_series>
<link><![CDATA[https://www.goodreads.com/book/show/153819.Air_Earth]]></link>
<small_image_url><![CDATA[https://images.gr-assets.com/books/1263594190s/153819.jpg]]></small_image_url>
<image_url><![CDATA[https://images.gr-assets.com/books/1263594190m/153819.jpg]]></image_url>
<num_pages></num_pages>
<work>
<id>148471</id>
</work>
<isbn>0760742510</isbn>
<isbn13>9780760742518</isbn13>
<average_rating>4.40</average_rating>
<ratings_count>1960</ratings_count>
<publication_year></publication_year>
<publication_month></publication_month>
<publication_day></publication_day>
<authors>
<author>
<id>8596</id>
<name>Tamora Pierce</name>
<link><![CDATA[https://www.goodreads.com/author/show/8596.Tamora_Pierce]]></link>
</author>
</authors>
</book>

          <book>
<id>101543</id>
<title><![CDATA[Harry Potter and the Goblet of Fire Movie Poster Book]]></title>
<title_without_series><![CDATA[Harry Potter and the Goblet of Fire Movie Poster Book]]></title_without_series>
<link><![CDATA[https://www.goodreads.com/book/show/101543.Harry_Potter_and_the_Goblet_of_Fire_Movie_Poster_Book]]></link>
<small_image_url><![CDATA[https://images.gr-assets.com/books/1328868033s/101543.jpg]]></small_image_url>
<image_url><![CDATA[https://images.gr-assets.com/books/1328868033m/101543.jpg]]></image_url>
<num_pages>48</num_pages>
<work>
<id>97899</id>
</work>
<isbn>0439632986</isbn>
<isbn13>9780439632980</isbn13>
<average_rating>4.39</average_rating>
<ratings_count>269</ratings_count>
<publication_year>2005</publication_year>
<publication_month>11</publication_month>
<publication_day>1</publication_day>
<authors>
<author>
<id>58636</id>
<name>Marie Morreale</name>
<link><![CDATA[https://www.goodreads.com/author/show/58636.Marie_Morreale]]></link>
</author>
</authors>
</book>

          <book>
<id>15190</id>
<title><![CDATA[Looking for God in Harry Potter]]></title>
<title_without_series><![CDATA[Looking for God in Harry Potter]]></title_without_series>
<link><![CDATA[https://www.goodreads.com/book/show/15190.Looking_for_God_in_Harry_Potter]]></link>
<small_image_url><![CDATA[https://images.gr-assets.com/books/1406513413s/15190.jpg]]></small_image_url>
<image_url><![CDATA[https://images.gr-assets.com/books/1406513413m/15190.jpg]]></image_url>
<num_pages>234</num_pages>
<work>
<id>17098</id>
</work>
<isbn>1414306342</isbn>
<isbn13>9781414306346</isbn13>
<average_rating>4.09</average_rating>
<ratings_count>1223</ratings_count>
<publication_year>2006</publication_year>
<publication_month>2</publication_month>
<publication_day>17</publication_day>
<authors>
<author>
<id>9472</id>
<name>John Granger</name>
<link><![CDATA[https://www.goodreads.com/author/show/9472.John_Granger]]></link>
</author>
</authors>
</book>

          <book>
<id>137982</id>
<title>Last Act</title>
<title_without_series>Last Act</title_without_series>
<link><![CDATA[https://www.goodreads.com/book/show/137982.Last_Act]]></link>
<small_image_url><![CDATA[https://s.gr-assets.com/assets/nophoto/book/50x75-a91bf249278a81aabab721ef782c4a74.png]]></small_image_url>
<image_url><![CDATA[https://s.gr-assets.com/assets/nophoto/book/111x148-bcc042a9c91a29c1d680899eff700a03.png]]></image_url>
<num_pages>226</num_pages>
<work>
<id>3370423</id>
</work>
<isbn>0671736833</isbn>
<isbn13>9780671736835</isbn13>
<average_rating>3.73</average_rating>
<ratings_count>2128</ratings_count>
<publication_year>1988</publication_year>
<publication_month>4</publication_month>
<publication_day>1</publication_day>
<authors>
<author>
<id>19954</id>
<name>Christopher Pike</name>
<link><![CDATA[https://www.goodreads.com/author/show/19954.Christopher_Pike]]></link>
</author>
</authors>
</book>

          <book>
<id>3040441</id>
<title><![CDATA[Avgrunnen (Sagaen om Isfolket, #3)]]></title>
<title_without_series>Avgrunnen</title_without_series>
<link><![CDATA[https://www.goodreads.com/book/show/3040441-avgrunnen]]></link>
<small_image_url><![CDATA[https://s.gr-assets.com/assets/nophoto/book/50x75-a91bf249278a81aabab721ef782c4a74.png]]></small_image_url>
<image_url><![CDATA[https://s.gr-assets.com/assets/nophoto/book/111x148-bcc042a9c91a29c1d680899eff700a03.png]]></image_url>
<num_pages>255</num_pages>
<work>
<id>3071071</id>
</work>
<isbn>8250917715</isbn>
<isbn13>9788250917712</isbn13>
<average_rating>4.00</average_rating>
<ratings_count>1385</ratings_count>
<publication_year>1982</publication_year>
<publication_month></publication_month>
<publication_day></publication_day>
<authors>
<author>
<id>755594</id>
<name>Margit Sandemo</name>
<link><![CDATA[https://www.goodreads.com/author/show/755594.Margit_Sandemo]]></link>
</author>
</authors>
</book>

          <book>
<id>231912</id>
<title><![CDATA[Kingdom Hearts: The Complete Series (Kingdom Hearts, #1-4)]]></title>
<title_without_series><![CDATA[Kingdom Hearts: The Complete Series]]></title_without_series>
<link><![CDATA[https://www.goodreads.com/book/show/231912.Kingdom_Hearts]]></link>
<small_image_url><![CDATA[https://images.gr-assets.com/books/1327381038s/231912.jpg]]></small_image_url>
<image_url><![CDATA[https://images.gr-assets.com/books/1327381038m/231912.jpg]]></image_url>
<num_pages></num_pages>
<work>
<id>224628</id>
</work>
<isbn>1598168088</isbn>
<isbn13>9781598168082</isbn13>
<average_rating>4.57</average_rating>
<ratings_count>265</ratings_count>
<publication_year></publication_year>
<publication_month></publication_month>
<publication_day></publication_day>
<authors>
<author>
<id>75603</id>
<name>Shiro Amano</name>
<link><![CDATA[https://www.goodreads.com/author/show/75603.Shiro_Amano]]></link>
</author>
</authors>
</book>

          <book>
<id>167032</id>
<title><![CDATA[Charmed Knits: Projects for Fans of Harry Potter]]></title>
<title_without_series><![CDATA[Charmed Knits: Projects for Fans of Harry Potter]]></title_without_series>
<link><![CDATA[https://www.goodreads.com/book/show/167032.Charmed_Knits]]></link>
<small_image_url><![CDATA[https://s.gr-assets.com/assets/nophoto/book/50x75-a91bf249278a81aabab721ef782c4a74.png]]></small_image_url>
<image_url><![CDATA[https://s.gr-assets.com/assets/nophoto/book/111x148-bcc042a9c91a29c1d680899eff700a03.png]]></image_url>
<num_pages>166</num_pages>
<work>
<id>161302</id>
</work>
<isbn>0470067314</isbn>
<isbn13>9780470067314</isbn13>
<average_rating>4.13</average_rating>
<ratings_count>3145</ratings_count>
<publication_year>2007</publication_year>
<publication_month>5</publication_month>
<publication_day>7</publication_day>
<authors>
<author>
<id>97179</id>
<name>Alison Hansel</name>
<link><![CDATA[https://www.goodreads.com/author/show/97179.Alison_Hansel]]></link>
</author>
</authors>
</book>

  </similar_books>
</book>

</GoodreadsResponse>