<?xml version="1.0" encoding="UTF-8"?>
<GoodreadsResponse>
  <Request>
    <authentication>true</authentication>
      <key><![CDATA[all_men_must_serve]]></key>
    <method><![CDATA[book_show]]></method>
  </Request>
  <book>
  <id>10009</id>
  <title>Homo Faber</title>
  <isbn><![CDATA[0156421356]]></isbn>
  <isbn13><![CDATA[9780156421355]]></isbn13>
  <asin><![CDATA[]]></asin>
  <kindle_asin><![CDATA[B002RI9HI4]]></kindle_asin>
  <marketplace_id><![CDATA[A1F83G8C2ARO7P]]></marketplace_id>
  <country_code><![CDATA[GB]]></country_code>
  <image_url>https://s.gr-assets.com/assets/nophoto/book/111x148-bcc042a9c91a29c1d680899eff700a03.png</image_url>
  <small_image_url>https://s.gr-assets.com/assets/nophoto/book/50x75-a91bf249278a81aabab721ef782c4a74.png</small_image_url>
  <publication_year></publication_year>
  <publication_month></publication_month>
  <publication_day></publication_day>
  <publisher></publisher>
  <language_code>eng</language_code>
  <is_ebook>false</is_ebook>
  <description><![CDATA[Walter Faber, engineer, is a man for whom only the tangible, calculable, verifiable exists. Dubbed Homo Faber (Man the Maker) by associates, he is devoted to the service of a purely technological world. This devoted service is not, however, without cost: on a flight to South America Faber succumbs to what he interprets as "fatigue phenomena," and we see him lose touch with reality. A return to New York and to his American mistress only convinces him of a need for further rest. Accordingly he boards a ship for Europe, where he encounters a girl who, for reasons of which he is unaware, strongly attracts him. They travel together to France, Italy, and finally Greece, where chance and fate, in an ironic twist on a theme of classic tragedy, make a blind man see.]]></description>
  <work>
  <id type="integer">691697</id>
  <books_count type="integer">105</books_count>
  <best_book_id type="integer">10009</best_book_id>
  <reviews_count type="integer">19170</reviews_count>
  <ratings_sum type="integer">45358</ratings_sum>
  <ratings_count type="integer">12110</ratings_count>
  <text_reviews_count type="integer">340</text_reviews_count>
  <original_publication_year type="integer">1957</original_publication_year>
  <original_publication_month type="integer" nil="true"/>
  <original_publication_day type="integer" nil="true"/>
  <original_title>Homo faber: Ein Bericht</original_title>
  <original_language_id type="integer" nil="true"/>
  <media_type>book</media_type>
  <rating_dist>5:3391|4:4266|3:2887|2:1112|1:454|total:12110</rating_dist>
  <desc_user_id type="integer">30728977</desc_user_id>
  <default_chaptering_book_id type="integer" nil="true"/>
  <default_description_language_code nil="true"/>
</work>
  <average_rating>3.75</average_rating>
  <num_pages><![CDATA[]]></num_pages>
  <format><![CDATA[]]></format>
  <edition_information><![CDATA[]]></edition_information>
  <ratings_count><![CDATA[9411]]></ratings_count>
  <text_reviews_count><![CDATA[191]]></text_reviews_count>
  <url><![CDATA[https://www.goodreads.com/book/show/10009.Homo_Faber]]></url>
  <link><![CDATA[https://www.goodreads.com/book/show/10009.Homo_Faber]]></link>
  <authors>
<author>
<id>6530</id>
<name>Max Frisch</name>
<role></role>
<image_url nophoto='false'>
<![CDATA[https://images.gr-assets.com/authors/1223192970p5/6530.jpg]]>
</image_url>
<small_image_url nophoto='false'>
<![CDATA[https://images.gr-assets.com/authors/1223192970p2/6530.jpg]]>
</small_image_url>
<link><![CDATA[https://www.goodreads.com/author/show/6530.Max_Frisch]]></link>
<average_rating>3.76</average_rating>
<ratings_count>27965</ratings_count>
<text_reviews_count>878</text_reviews_count>
</author>
</authors>

    <reviews_widget>
      <![CDATA[
        <style>
  #goodreads-widget {
    font-family: georgia, serif;
    padding: 18px 0;
    width:565px;
  }
  #goodreads-widget h1 {
    font-weight:normal;
    font-size: 16px;
    border-bottom: 1px solid #BBB596;
    margin-bottom: 0;
  }
  #goodreads-widget a {
    text-decoration: none;
    color:#660;
  }
  iframe{
    background-color: #fff;
  }
  #goodreads-widget a:hover { text-decoration: underline; }
  #goodreads-widget a:active {
    color:#660;
  }
  #gr_footer {
    width: 100%;
    border-top: 1px solid #BBB596;
    text-align: right;
  }
  #goodreads-widget .gr_branding{
    color: #382110;
    font-size: 11px;
    text-decoration: none;
    font-family: "Helvetica Neue", Helvetica, Arial, sans-serif;
  }
</style>
<div id="goodreads-widget">
  <div id="gr_header"><h1><a rel="nofollow" href="https://www.goodreads.com/book/show/10009.Homo_Faber">Homo Faber Reviews</a></h1></div>
  <iframe id="the_iframe" src="https://www.goodreads.com/api/reviews_widget_iframe?did=DEVELOPER_ID&amp;format=html&amp;isbn=0156421356&amp;links=660&amp;min_rating=&amp;review_back=fff&amp;stars=000&amp;text=000" width="565" height="400" frameborder="0"></iframe>
  <div id="gr_footer">
    <a class="gr_branding" target="_blank" rel="nofollow" href="https://www.goodreads.com/book/show/10009.Homo_Faber?utm_medium=api&amp;utm_source=reviews_widget">Reviews from Goodreads.com</a>
  </div>
</div>

      ]]>
    </reviews_widget>
  <popular_shelves>
      <shelf name="classics" count="225"/>
      <shelf name="fiction" count="202"/>
      <shelf name="currently-reading" count="166"/>
      <shelf name="german" count="164"/>
      <shelf name="favorites" count="119"/>
      <shelf name="to-read" count="96"/>
      <shelf name="1001-books" count="81"/>
      <shelf name="german-literature" count="72"/>
      <shelf name="deutsch" count="68"/>
      <shelf name="school" count="58"/>
      <shelf name="1001" count="53"/>
      <shelf name="literature" count="45"/>
      <shelf name="novels" count="40"/>
      <shelf name="klassiker" count="39"/>
      <shelf name="classic" count="38"/>
      <shelf name="default" count="38"/>
      <shelf name="read-in-german" count="37"/>
      <shelf name="owned" count="36"/>
      <shelf name="books-i-own" count="33"/>
      <shelf name="swiss" count="31"/>
      <shelf name="1001-books-to-read-before-you-die" count="27"/>
      <shelf name="novel" count="26"/>
      <shelf name="read-for-school" count="23"/>
      <shelf name="1001-import" count="23"/>
      <shelf name="1001-books-to-read" count="21"/>
      <shelf name="german-classics" count="20"/>
      <shelf name="20th-century" count="20"/>
      <shelf name="switzerland" count="20"/>
      <shelf name="favourites" count="19"/>
      <shelf name="drama" count="19"/>
      <shelf name="read-in-school" count="18"/>
      <shelf name="roman" count="18"/>
      <shelf name="germany" count="17"/>
      <shelf name="german-lit" count="16"/>
      <shelf name="1001-to-read" count="16"/>
      <shelf name="owned-books" count="15"/>
      <shelf name="deutsche-literatur" count="14"/>
      <shelf name="belletristik" count="14"/>
      <shelf name="contemporary" count="13"/>
      <shelf name="literary-fiction" count="12"/>
      <shelf name="in-german" count="12"/>
      <shelf name="romane" count="11"/>
      <shelf name="library" count="11"/>
      <shelf name="for-school" count="10"/>
      <shelf name="bücherregal" count="9"/>
      <shelf name="modern-classics" count="9"/>
      <shelf name="german-language" count="9"/>
      <shelf name="german-books" count="9"/>
      <shelf name="school-reads" count="9"/>
      <shelf name="my-books" count="8"/>
      <shelf name="read-in-2015" count="8"/>
      <shelf name="german-authors" count="8"/>
      <shelf name="literatur" count="8"/>
      <shelf name="school-books" count="8"/>
      <shelf name="wish-list" count="8"/>
      <shelf name="auf-deutsch" count="8"/>
      <shelf name="sub" count="7"/>
      <shelf name="own-it" count="7"/>
      <shelf name="translated" count="7"/>
      <shelf name="to-buy" count="7"/>
      <shelf name="i-own" count="7"/>
      <shelf name="philosophy" count="7"/>
      <shelf name="europe" count="7"/>
      <shelf name="swiss-literature" count="7"/>
      <shelf name="1950s" count="7"/>
      <shelf name="1001-books-you-must-read-before-you" count="6"/>
      <shelf name="schule" count="6"/>
      <shelf name="re-read" count="6"/>
      <shelf name="adult" count="6"/>
      <shelf name="swiss-authors" count="6"/>
      <shelf name="prose" count="6"/>
      <shelf name="penguin-modern-classics" count="6"/>
      <shelf name="deutsche-bücher" count="5"/>
      <shelf name="1001books" count="5"/>
      <shelf name="adult-fiction" count="5"/>
      <shelf name="1001-read" count="5"/>
      <shelf name="romance" count="5"/>
      <shelf name="to-read-fiction" count="5"/>
      <shelf name="1900s" count="5"/>
      <shelf name="max-frisch" count="5"/>
      <shelf name="read-2016" count="4"/>
      <shelf name="read-in-2016" count="4"/>
      <shelf name="maybe" count="4"/>
      <shelf name="1001-before-you-die" count="4"/>
      <shelf name="assigned-reading" count="4"/>
      <shelf name="1001-books-2006" count="4"/>
      <shelf name="books" count="4"/>
      <shelf name="regal" count="4"/>
      <shelf name="1001-books-to-read-before-i-die" count="4"/>
      <shelf name="european-literature" count="4"/>
      <shelf name="kindle" count="4"/>
      <shelf name="translation" count="4"/>
      <shelf name="lit" count="4"/>
      <shelf name="1001-books-you-must-read" count="4"/>
      <shelf name="1001-list" count="4"/>
      <shelf name="schullektüre" count="4"/>
      <shelf name="literature-german" count="4"/>
      <shelf name="classic-literature" count="4"/>
      <shelf name="boxall-1001" count="4"/>
      <shelf name="european" count="4"/>
  </popular_shelves>
  <book_links>
    <book_link>
  <id>8</id>
  <name>Libraries</name>
  <link>https://www.goodreads.com/book_link/follow/8</link>
</book_link>

  </book_links>
  <buy_links>
    <buy_link>
<id>1</id>
<name>Amazon</name>
<link>https://www.goodreads.com/book_link/follow/1</link>
</buy_link>
<buy_link>
<id>10</id>
<name>Audible</name>
<link>https://www.goodreads.com/book_link/follow/10</link>
</buy_link>
<buy_link>
<id>3</id>
<name>Barnes &amp; Noble</name>
<link>https://www.goodreads.com/book_link/follow/3</link>
</buy_link>
<buy_link>
<id>1027</id>
<name>Kobo</name>
<link>https://www.goodreads.com/book_link/follow/1027</link>
</buy_link>
<buy_link>
<id>2102</id>
<name>Apple iBooks</name>
<link>https://www.goodreads.com/book_link/follow/2102</link>
</buy_link>
<buy_link>
<id>8036</id>
<name>Google Play</name>
<link>https://www.goodreads.com/book_link/follow/8036</link>
</buy_link>
<buy_link>
<id>4</id>
<name>Abebooks</name>
<link>https://www.goodreads.com/book_link/follow/4</link>
</buy_link>
<buy_link>
<id>882</id>
<name>Book Depository</name>
<link>https://www.goodreads.com/book_link/follow/882</link>
</buy_link>
<buy_link>
<id>9</id>
<name>Indigo</name>
<link>https://www.goodreads.com/book_link/follow/9</link>
</buy_link>
<buy_link>
<id>2</id>
<name>Half.com</name>
<link>https://www.goodreads.com/book_link/follow/2</link>
</buy_link>
<buy_link>
<id>5</id>
<name>Alibris</name>
<link>https://www.goodreads.com/book_link/follow/5</link>
</buy_link>
<buy_link>
<id>107</id>
<name>Better World Books</name>
<link>https://www.goodreads.com/book_link/follow/107</link>
</buy_link>
<buy_link>
<id>7</id>
<name>IndieBound</name>
<link>https://www.goodreads.com/book_link/follow/7</link>
</buy_link>

  </buy_links>
  <series_works>
    <series_work>
<id>1063777</id>
<user_position>354</user_position>
<series>
<id>206823</id>
<title>
<![CDATA[
    Suhrkamp Taschenbuch
]]>
</title>
<description>
<![CDATA[
]]>
</description>
<note>
<![CDATA[
]]>
</note>
<series_works_count>1</series_works_count>
<primary_work_count>1</primary_work_count>
<numbered>true</numbered>
</series>

</series_work>

  </series_works>
  <similar_books>
          <book>
<id>35090</id>
<title>Der Richter und sein Henker</title>
<title_without_series>Der Richter und sein Henker</title_without_series>
<link><![CDATA[https://www.goodreads.com/book/show/35090.Der_Richter_und_sein_Henker]]></link>
<small_image_url><![CDATA[https://s.gr-assets.com/assets/nophoto/book/50x75-a91bf249278a81aabab721ef782c4a74.png]]></small_image_url>
<image_url><![CDATA[https://s.gr-assets.com/assets/nophoto/book/111x148-bcc042a9c91a29c1d680899eff700a03.png]]></image_url>
<num_pages>208</num_pages>
<work>
<id>1084139</id>
</work>
<isbn>0395044995</isbn>
<isbn13>9780395044995</isbn13>
<average_rating>3.72</average_rating>
<ratings_count>5679</ratings_count>
<publication_year>1972</publication_year>
<publication_month>6</publication_month>
<publication_day>23</publication_day>
<authors>
<author>
<id>41616</id>
<name>Friedrich Dürrenmatt</name>
<link><![CDATA[https://www.goodreads.com/author/show/41616.Friedrich_D_rrenmatt]]></link>
</author>
</authors>
</book>

          <book>
<id>484436</id>
<title>Draußen vor der Tür</title>
<title_without_series>Draußen vor der Tür</title_without_series>
<link><![CDATA[https://www.goodreads.com/book/show/484436.Drau_en_vor_der_T_r]]></link>
<small_image_url><![CDATA[https://s.gr-assets.com/assets/nophoto/book/50x75-a91bf249278a81aabab721ef782c4a74.png]]></small_image_url>
<image_url><![CDATA[https://s.gr-assets.com/assets/nophoto/book/111x148-bcc042a9c91a29c1d680899eff700a03.png]]></image_url>
<num_pages></num_pages>
<work>
<id>472756</id>
</work>
<isbn>349910170X</isbn>
<isbn13>9783499101700</isbn13>
<average_rating>3.99</average_rating>
<ratings_count>3086</ratings_count>
<publication_year></publication_year>
<publication_month></publication_month>
<publication_day></publication_day>
<authors>
<author>
<id>72654</id>
<name>Wolfgang Borchert</name>
<link><![CDATA[https://www.goodreads.com/author/show/72654.Wolfgang_Borchert]]></link>
</author>
</authors>
</book>

          <book>
<id>1319826</id>
<title><![CDATA[Sansibar oder der letzte Grund]]></title>
<title_without_series><![CDATA[Sansibar oder der letzte Grund]]></title_without_series>
<link><![CDATA[https://www.goodreads.com/book/show/1319826.Sansibar_oder_der_letzte_Grund]]></link>
<small_image_url><![CDATA[https://s.gr-assets.com/assets/nophoto/book/50x75-a91bf249278a81aabab721ef782c4a74.png]]></small_image_url>
<image_url><![CDATA[https://s.gr-assets.com/assets/nophoto/book/111x148-bcc042a9c91a29c1d680899eff700a03.png]]></image_url>
<num_pages>159</num_pages>
<work>
<id>1309170</id>
</work>
<isbn>3257200552</isbn>
<isbn13>9783257200553</isbn13>
<average_rating>3.44</average_rating>
<ratings_count>1560</ratings_count>
<publication_year>1970</publication_year>
<publication_month></publication_month>
<publication_day></publication_day>
<authors>
<author>
<id>384383</id>
<name>Alfred Andersch</name>
<link><![CDATA[https://www.goodreads.com/author/show/384383.Alfred_Andersch]]></link>
</author>
</authors>
</book>

          <book>
<id>287505</id>
<title>The German Lesson</title>
<title_without_series>The German Lesson</title_without_series>
<link><![CDATA[https://www.goodreads.com/book/show/287505.The_German_Lesson]]></link>
<small_image_url><![CDATA[https://images.gr-assets.com/books/1353183560s/287505.jpg]]></small_image_url>
<image_url><![CDATA[https://images.gr-assets.com/books/1353183560m/287505.jpg]]></image_url>
<num_pages>470</num_pages>
<work>
<id>278937</id>
</work>
<isbn>0811209822</isbn>
<isbn13>9780811209823</isbn13>
<average_rating>4.06</average_rating>
<ratings_count>1758</ratings_count>
<publication_year>1986</publication_year>
<publication_month>4</publication_month>
<publication_day>17</publication_day>
<authors>
<author>
<id>45787</id>
<name>Siegfried Lenz</name>
<link><![CDATA[https://www.goodreads.com/author/show/45787.Siegfried_Lenz]]></link>
</author>
</authors>
</book>

          <book>
<id>1131999</id>
<title><![CDATA[Fabian. Die Geschichte eines Moralisten]]></title>
<title_without_series><![CDATA[Fabian. Die Geschichte eines Moralisten]]></title_without_series>
<link><![CDATA[https://www.goodreads.com/book/show/1131999.Fabian_Die_Geschichte_eines_Moralisten]]></link>
<small_image_url><![CDATA[https://images.gr-assets.com/books/1294313186s/1131999.jpg]]></small_image_url>
<image_url><![CDATA[https://images.gr-assets.com/books/1294313186m/1131999.jpg]]></image_url>
<num_pages>256</num_pages>
<work>
<id>1119209</id>
</work>
<isbn>3423110066</isbn>
<isbn13>9783423110068</isbn13>
<average_rating>4.08</average_rating>
<ratings_count>2049</ratings_count>
<publication_year>1989</publication_year>
<publication_month>2</publication_month>
<publication_day>1</publication_day>
<authors>
<author>
<id>6519</id>
<name>Erich Kästner</name>
<link><![CDATA[https://www.goodreads.com/author/show/6519.Erich_K_stner]]></link>
</author>
</authors>
</book>

          <book>
<id>1509432</id>
<title>Der Untertan</title>
<title_without_series>Der Untertan</title_without_series>
<link><![CDATA[https://www.goodreads.com/book/show/1509432.Der_Untertan]]></link>
<small_image_url><![CDATA[https://s.gr-assets.com/assets/nophoto/book/50x75-a91bf249278a81aabab721ef782c4a74.png]]></small_image_url>
<image_url><![CDATA[https://s.gr-assets.com/assets/nophoto/book/111x148-bcc042a9c91a29c1d680899eff700a03.png]]></image_url>
<num_pages>493</num_pages>
<work>
<id>1501016</id>
</work>
<isbn>3596136407</isbn>
<isbn13>9783596136407</isbn13>
<average_rating>3.77</average_rating>
<ratings_count>2338</ratings_count>
<publication_year>1997</publication_year>
<publication_month>9</publication_month>
<publication_day>7</publication_day>
<authors>
<author>
<id>45710</id>
<name>Heinrich Mann</name>
<link><![CDATA[https://www.goodreads.com/author/show/45710.Heinrich_Mann]]></link>
</author>
</authors>
</book>

          <book>
<id>1097229</id>
<title>Nathan der Weise</title>
<title_without_series>Nathan der Weise</title_without_series>
<link><![CDATA[https://www.goodreads.com/book/show/1097229.Nathan_der_Weise]]></link>
<small_image_url><![CDATA[https://s.gr-assets.com/assets/nophoto/book/50x75-a91bf249278a81aabab721ef782c4a74.png]]></small_image_url>
<image_url><![CDATA[https://s.gr-assets.com/assets/nophoto/book/111x148-bcc042a9c91a29c1d680899eff700a03.png]]></image_url>
<num_pages>160</num_pages>
<work>
<id>1084079</id>
</work>
<isbn>3150000033</isbn>
<isbn13>9783150000038</isbn13>
<average_rating>3.52</average_rating>
<ratings_count>6705</ratings_count>
<publication_year>1993</publication_year>
<publication_month></publication_month>
<publication_day></publication_day>
<authors>
<author>
<id>7723</id>
<name>Gotthold Ephraim Lessing</name>
<link><![CDATA[https://www.goodreads.com/author/show/7723.Gotthold_Ephraim_Lessing]]></link>
</author>
</authors>
</book>

          <book>
<id>442296</id>
<title>Effi Briest</title>
<title_without_series>Effi Briest</title_without_series>
<link><![CDATA[https://www.goodreads.com/book/show/442296.Effi_Briest]]></link>
<small_image_url><![CDATA[https://images.gr-assets.com/books/1499908468s/442296.jpg]]></small_image_url>
<image_url><![CDATA[https://images.gr-assets.com/books/1499908468m/442296.jpg]]></image_url>
<num_pages>272</num_pages>
<work>
<id>1804214</id>
</work>
<isbn>0140441905</isbn>
<isbn13>9780140441901</isbn13>
<average_rating>3.23</average_rating>
<ratings_count>6715</ratings_count>
<publication_year>1976</publication_year>
<publication_month>11</publication_month>
<publication_day>18</publication_day>
<authors>
<author>
<id>68613</id>
<name>Theodor Fontane</name>
<link><![CDATA[https://www.goodreads.com/author/show/68613.Theodor_Fontane]]></link>
</author>
</authors>
</book>

          <book>
<id>1769122</id>
<title>Das siebte Kreuz</title>
<title_without_series>Das siebte Kreuz</title_without_series>
<link><![CDATA[https://www.goodreads.com/book/show/1769122.Das_siebte_Kreuz]]></link>
<small_image_url><![CDATA[https://images.gr-assets.com/books/1350925090s/1769122.jpg]]></small_image_url>
<image_url><![CDATA[https://images.gr-assets.com/books/1350925090m/1769122.jpg]]></image_url>
<num_pages>416</num_pages>
<work>
<id>1767259</id>
</work>
<isbn>3746651514</isbn>
<isbn13>9783746651514</isbn13>
<average_rating>3.86</average_rating>
<ratings_count>1213</ratings_count>
<publication_year></publication_year>
<publication_month></publication_month>
<publication_day></publication_day>
<authors>
<author>
<id>262916</id>
<name>Anna Seghers</name>
<link><![CDATA[https://www.goodreads.com/author/show/262916.Anna_Seghers]]></link>
</author>
</authors>
</book>

          <book>
<id>716157</id>
<title>Die Erzählungen</title>
<title_without_series>Die Erzählungen</title_without_series>
<link><![CDATA[https://www.goodreads.com/book/show/716157.Die_Erz_hlungen]]></link>
<small_image_url><![CDATA[https://images.gr-assets.com/books/1429873445s/716157.jpg]]></small_image_url>
<image_url><![CDATA[https://images.gr-assets.com/books/1429873445m/716157.jpg]]></image_url>
<num_pages>992</num_pages>
<work>
<id>1414493</id>
</work>
<isbn>3100485149</isbn>
<isbn13>9783100485144</isbn13>
<average_rating>4.25</average_rating>
<ratings_count>189</ratings_count>
<publication_year>2005</publication_year>
<publication_month>4</publication_month>
<publication_day></publication_day>
<authors>
<author>
<id>19405</id>
<name>Thomas Mann</name>
<link><![CDATA[https://www.goodreads.com/author/show/19405.Thomas_Mann]]></link>
</author>
</authors>
</book>

          <book>
<id>294251</id>
<title>Green Henry</title>
<title_without_series>Green Henry</title_without_series>
<link><![CDATA[https://www.goodreads.com/book/show/294251.Green_Henry]]></link>
<small_image_url><![CDATA[https://s.gr-assets.com/assets/nophoto/book/50x75-a91bf249278a81aabab721ef782c4a74.png]]></small_image_url>
<image_url><![CDATA[https://s.gr-assets.com/assets/nophoto/book/111x148-bcc042a9c91a29c1d680899eff700a03.png]]></image_url>
<num_pages>706</num_pages>
<work>
<id>285526</id>
</work>
<isbn>1585674273</isbn>
<isbn13>9781585674275</isbn13>
<average_rating>3.75</average_rating>
<ratings_count>252</ratings_count>
<publication_year>2003</publication_year>
<publication_month>10</publication_month>
<publication_day>28</publication_day>
<authors>
<author>
<id>169899</id>
<name>Gottfried Keller</name>
<link><![CDATA[https://www.goodreads.com/author/show/169899.Gottfried_Keller]]></link>
</author>
</authors>
</book>

          <book>
<id>942337</id>
<title>Wilhelm Tell</title>
<title_without_series>Wilhelm Tell</title_without_series>
<link><![CDATA[https://www.goodreads.com/book/show/942337.Wilhelm_Tell]]></link>
<small_image_url><![CDATA[https://s.gr-assets.com/assets/nophoto/book/50x75-a91bf249278a81aabab721ef782c4a74.png]]></small_image_url>
<image_url><![CDATA[https://s.gr-assets.com/assets/nophoto/book/111x148-bcc042a9c91a29c1d680899eff700a03.png]]></image_url>
<num_pages>144</num_pages>
<work>
<id>6226707</id>
</work>
<isbn>3150000122</isbn>
<isbn13>9783150000120</isbn13>
<average_rating>3.35</average_rating>
<ratings_count>3557</ratings_count>
<publication_year>2000</publication_year>
<publication_month></publication_month>
<publication_day></publication_day>
<authors>
<author>
<id>1399243</id>
<name>Friedrich Schiller</name>
<link><![CDATA[https://www.goodreads.com/author/show/1399243.Friedrich_Schiller]]></link>
</author>
</authors>
</book>

          <book>
<id>182587</id>
<title>The Last World</title>
<title_without_series>The Last World</title_without_series>
<link><![CDATA[https://www.goodreads.com/book/show/182587.The_Last_World]]></link>
<small_image_url><![CDATA[https://images.gr-assets.com/books/1328824088s/182587.jpg]]></small_image_url>
<image_url><![CDATA[https://images.gr-assets.com/books/1328824088m/182587.jpg]]></image_url>
<num_pages></num_pages>
<work>
<id>176444</id>
</work>
<isbn>0802134580</isbn>
<isbn13>9780802134585</isbn13>
<average_rating>3.85</average_rating>
<ratings_count>583</ratings_count>
<publication_year></publication_year>
<publication_month></publication_month>
<publication_day></publication_day>
<authors>
<author>
<id>81189</id>
<name>Christoph Ransmayr</name>
<link><![CDATA[https://www.goodreads.com/author/show/81189.Christoph_Ransmayr]]></link>
</author>
</authors>
</book>

          <book>
<id>1330086</id>
<title><![CDATA[Aus dem Leben eines Taugenichts]]></title>
<title_without_series><![CDATA[Aus dem Leben eines Taugenichts]]></title_without_series>
<link><![CDATA[https://www.goodreads.com/book/show/1330086.Aus_dem_Leben_eines_Taugenichts]]></link>
<small_image_url><![CDATA[https://images.gr-assets.com/books/1403467714s/1330086.jpg]]></small_image_url>
<image_url><![CDATA[https://images.gr-assets.com/books/1403467714m/1330086.jpg]]></image_url>
<num_pages>112</num_pages>
<work>
<id>1319567</id>
</work>
<isbn>3150023548</isbn>
<isbn13>9783150023549</isbn13>
<average_rating>3.40</average_rating>
<ratings_count>2517</ratings_count>
<publication_year>1986</publication_year>
<publication_month></publication_month>
<publication_day></publication_day>
<authors>
<author>
<id>533810</id>
<name>Joseph von Eichendorff</name>
<link><![CDATA[https://www.goodreads.com/author/show/533810.Joseph_von_Eichendorff]]></link>
</author>
</authors>
</book>

          <book>
<id>738448</id>
<title>Small World</title>
<title_without_series>Small World</title_without_series>
<link><![CDATA[https://www.goodreads.com/book/show/738448.Small_World]]></link>
<small_image_url><![CDATA[https://s.gr-assets.com/assets/nophoto/book/50x75-a91bf249278a81aabab721ef782c4a74.png]]></small_image_url>
<image_url><![CDATA[https://s.gr-assets.com/assets/nophoto/book/111x148-bcc042a9c91a29c1d680899eff700a03.png]]></image_url>
<num_pages></num_pages>
<work>
<id>724623</id>
</work>
<isbn>3257230885</isbn>
<isbn13>9783257230888</isbn13>
<average_rating>3.98</average_rating>
<ratings_count>1581</ratings_count>
<publication_year>1999</publication_year>
<publication_month>3</publication_month>
<publication_day></publication_day>
<authors>
<author>
<id>391452</id>
<name>Martin Suter</name>
<link><![CDATA[https://www.goodreads.com/author/show/391452.Martin_Suter]]></link>
</author>
</authors>
</book>

          <book>
<id>1210286</id>
<title>Jugend ohne Gott</title>
<title_without_series>Jugend ohne Gott</title_without_series>
<link><![CDATA[https://www.goodreads.com/book/show/1210286.Jugend_ohne_Gott]]></link>
<small_image_url><![CDATA[https://images.gr-assets.com/books/1483716584s/1210286.jpg]]></small_image_url>
<image_url><![CDATA[https://images.gr-assets.com/books/1483716584m/1210286.jpg]]></image_url>
<num_pages>183</num_pages>
<work>
<id>1198659</id>
</work>
<isbn>3518388746</isbn>
<isbn13>9783518388747</isbn13>
<average_rating>3.86</average_rating>
<ratings_count>2947</ratings_count>
<publication_year>1994</publication_year>
<publication_month></publication_month>
<publication_day></publication_day>
<authors>
<author>
<id>1265305</id>
<name>Ödön von Horváth</name>
<link><![CDATA[https://www.goodreads.com/author/show/1265305._d_n_von_Horv_th]]></link>
</author>
</authors>
</book>

          <book>
<id>69880</id>
<title><![CDATA[The Lost Honor of Katharina Blum]]></title>
<title_without_series><![CDATA[The Lost Honor of Katharina Blum]]></title_without_series>
<link><![CDATA[https://www.goodreads.com/book/show/69880.The_Lost_Honor_of_Katharina_Blum]]></link>
<small_image_url><![CDATA[https://images.gr-assets.com/books/1338908394s/69880.jpg]]></small_image_url>
<image_url><![CDATA[https://images.gr-assets.com/books/1338908394m/69880.jpg]]></image_url>
<num_pages>140</num_pages>
<work>
<id>2625359</id>
</work>
<isbn>0140187286</isbn>
<isbn13>9780140187281</isbn13>
<average_rating>3.69</average_rating>
<ratings_count>7975</ratings_count>
<publication_year>1994</publication_year>
<publication_month>6</publication_month>
<publication_day>1</publication_day>
<authors>
<author>
<id>39326</id>
<name>Heinrich Böll</name>
<link><![CDATA[https://www.goodreads.com/author/show/39326.Heinrich_B_ll]]></link>
</author>
</authors>
</book>

          <book>
<id>1509544</id>
<title>Bahnwärter Thiel</title>
<title_without_series>Bahnwärter Thiel</title_without_series>
<link><![CDATA[https://www.goodreads.com/book/show/1509544.Bahnw_rter_Thiel]]></link>
<small_image_url><![CDATA[https://s.gr-assets.com/assets/nophoto/book/50x75-a91bf249278a81aabab721ef782c4a74.png]]></small_image_url>
<image_url><![CDATA[https://s.gr-assets.com/assets/nophoto/book/111x148-bcc042a9c91a29c1d680899eff700a03.png]]></image_url>
<num_pages>55</num_pages>
<work>
<id>2250130</id>
</work>
<isbn>3150066174</isbn>
<isbn13>9783150066171</isbn13>
<average_rating>3.35</average_rating>
<ratings_count>2525</ratings_count>
<publication_year></publication_year>
<publication_month></publication_month>
<publication_day></publication_day>
<authors>
<author>
<id>54428</id>
<name>Gerhart Hauptmann</name>
<link><![CDATA[https://www.goodreads.com/author/show/54428.Gerhart_Hauptmann]]></link>
</author>
</authors>
</book>

  </similar_books>
</book>

</GoodreadsResponse>