<?xml version="1.0" encoding="UTF-8"?>
<GoodreadsResponse>
  <Request>
    <authentication>true</authentication>
      <key><![CDATA[all_men_must_serve]]></key>
    <method><![CDATA[book_show]]></method>
  </Request>
  <book>
  <id>100247</id>
  <title><![CDATA[Vagabonding: An Uncommon Guide to the Art of Long-Term World Travel]]></title>
  <isbn><![CDATA[0812992180]]></isbn>
  <isbn13><![CDATA[9780812992182]]></isbn13>
  <asin><![CDATA[]]></asin>
  <kindle_asin><![CDATA[B000FBFMKM]]></kindle_asin>
  <marketplace_id><![CDATA[A1F83G8C2ARO7P]]></marketplace_id>
  <country_code><![CDATA[GB]]></country_code>
  <image_url>https://images.gr-assets.com/books/1320532720m/100247.jpg</image_url>
  <small_image_url>https://images.gr-assets.com/books/1320532720s/100247.jpg</small_image_url>
  <publication_year></publication_year>
  <publication_month></publication_month>
  <publication_day></publication_day>
  <publisher></publisher>
  <language_code>eng</language_code>
  <is_ebook>false</is_ebook>
  <description><![CDATA[<b>Vagabonding</b> is about taking time off from your normal life - from six weeks to four months to two years - to discover and experience the world on your own terms. Veteran shoestring traveler Rolf Potts shows how anyone armed with an independent spirit can achieve the dream of extended overseas travel. Potts gives the necessary information on:<br /><br />- financing your travel time <br />- determining your destination <br />- adjusting to life on the road<br />- working and volunteering overseas <br />- handling travel adversity <br />- re-assimilating back into ordinary life<br /><br />Not just a plan of action, vagabonding is an outlook on life that emphasizes creativity, discovery, and the growth of the spirit. Visit the vagabonding community's hub at <a target="_blank" href="http://www.vagabonding.net" rel="nofollow">www.vagabonding.net</a>.]]></description>
  <work>
  <id type="integer">96659</id>
  <books_count type="integer">11</books_count>
  <best_book_id type="integer">100247</best_book_id>
  <reviews_count type="integer">48840</reviews_count>
  <ratings_sum type="integer">55050</ratings_sum>
  <ratings_count type="integer">14045</ratings_count>
  <text_reviews_count type="integer">837</text_reviews_count>
  <original_publication_year type="integer">2002</original_publication_year>
  <original_publication_month type="integer">1</original_publication_month>
  <original_publication_day type="integer">1</original_publication_day>
  <original_title>Vagabonding: An Uncommon Guide to the Art of Long-Term World Travel</original_title>
  <original_language_id type="integer" nil="true"/>
  <media_type>book</media_type>
  <rating_dist>5:4668|4:4993|3:3246|2:862|1:276|total:14045</rating_dist>
  <desc_user_id type="integer">22964136</desc_user_id>
  <default_chaptering_book_id type="integer" nil="true"/>
  <default_description_language_code nil="true"/>
</work>
  <average_rating>3.92</average_rating>
  <num_pages><![CDATA[205]]></num_pages>
  <format><![CDATA[]]></format>
  <edition_information><![CDATA[]]></edition_information>
  <ratings_count><![CDATA[13146]]></ratings_count>
  <text_reviews_count><![CDATA[800]]></text_reviews_count>
  <url><![CDATA[https://www.goodreads.com/book/show/100247.Vagabonding]]></url>
  <link><![CDATA[https://www.goodreads.com/book/show/100247.Vagabonding]]></link>
  <authors>
<author>
<id>57862</id>
<name>Rolf Potts</name>
<role></role>
<image_url nophoto='false'>
<![CDATA[https://images.gr-assets.com/authors/1298940815p5/57862.jpg]]>
</image_url>
<small_image_url nophoto='false'>
<![CDATA[https://images.gr-assets.com/authors/1298940815p2/57862.jpg]]>
</small_image_url>
<link><![CDATA[https://www.goodreads.com/author/show/57862.Rolf_Potts]]></link>
<average_rating>3.92</average_rating>
<ratings_count>14525</ratings_count>
<text_reviews_count>907</text_reviews_count>
</author>
</authors>

    <reviews_widget>
      <![CDATA[
        <style>
  #goodreads-widget {
    font-family: georgia, serif;
    padding: 18px 0;
    width:565px;
  }
  #goodreads-widget h1 {
    font-weight:normal;
    font-size: 16px;
    border-bottom: 1px solid #BBB596;
    margin-bottom: 0;
  }
  #goodreads-widget a {
    text-decoration: none;
    color:#660;
  }
  iframe{
    background-color: #fff;
  }
  #goodreads-widget a:hover { text-decoration: underline; }
  #goodreads-widget a:active {
    color:#660;
  }
  #gr_footer {
    width: 100%;
    border-top: 1px solid #BBB596;
    text-align: right;
  }
  #goodreads-widget .gr_branding{
    color: #382110;
    font-size: 11px;
    text-decoration: none;
    font-family: "Helvetica Neue", Helvetica, Arial, sans-serif;
  }
</style>
<div id="goodreads-widget">
  <div id="gr_header"><h1><a rel="nofollow" href="https://www.goodreads.com/book/show/100247.Vagabonding">Vagabonding Reviews</a></h1></div>
  <iframe id="the_iframe" src="https://www.goodreads.com/api/reviews_widget_iframe?did=DEVELOPER_ID&amp;format=html&amp;isbn=0812992180&amp;links=660&amp;min_rating=&amp;review_back=fff&amp;stars=000&amp;text=000" width="565" height="400" frameborder="0"></iframe>
  <div id="gr_footer">
    <a class="gr_branding" target="_blank" rel="nofollow" href="https://www.goodreads.com/book/show/100247.Vagabonding?utm_medium=api&amp;utm_source=reviews_widget">Reviews from Goodreads.com</a>
  </div>
</div>

      ]]>
    </reviews_widget>
  <popular_shelves>
      <shelf name="to-read" count="8961"/>
      <shelf name="travel" count="914"/>
      <shelf name="currently-reading" count="774"/>
      <shelf name="non-fiction" count="334"/>
      <shelf name="nonfiction" count="108"/>
      <shelf name="favorites" count="106"/>
      <shelf name="adventure" count="50"/>
      <shelf name="philosophy" count="47"/>
      <shelf name="wanderlust" count="42"/>
      <shelf name="self-help" count="38"/>
      <shelf name="kindle" count="29"/>
      <shelf name="to-buy" count="25"/>
      <shelf name="self-improvement" count="24"/>
      <shelf name="owned" count="23"/>
      <shelf name="personal-development" count="22"/>
      <shelf name="tim-ferriss" count="21"/>
      <shelf name="lifestyle" count="20"/>
      <shelf name="ebook" count="17"/>
      <shelf name="travel-writing" count="17"/>
      <shelf name="audible" count="15"/>
      <shelf name="library" count="15"/>
      <shelf name="life" count="14"/>
      <shelf name="to-read-non-fiction" count="14"/>
      <shelf name="reference" count="12"/>
      <shelf name="travel-books" count="11"/>
      <shelf name="travelling" count="11"/>
      <shelf name="other" count="10"/>
      <shelf name="books-i-own" count="10"/>
      <shelf name="wish-list" count="10"/>
      <shelf name="recommended" count="9"/>
      <shelf name="vagabonding" count="9"/>
      <shelf name="owned-books" count="9"/>
      <shelf name="to-read-travel" count="9"/>
      <shelf name="inspirational" count="9"/>
      <shelf name="travel-to-read" count="8"/>
      <shelf name="tim-ferris" count="8"/>
      <shelf name="how-to" count="8"/>
      <shelf name="bought" count="7"/>
      <shelf name="audio" count="7"/>
      <shelf name="ferriss" count="7"/>
      <shelf name="travels" count="7"/>
      <shelf name="self" count="7"/>
      <shelf name="business" count="7"/>
      <shelf name="travelogues" count="7"/>
      <shelf name="favourites" count="7"/>
      <shelf name="general" count="7"/>
      <shelf name="read-in-2017" count="6"/>
      <shelf name="read-in-2016" count="6"/>
      <shelf name="read-in-english" count="6"/>
      <shelf name="4hww" count="6"/>
      <shelf name="next" count="6"/>
      <shelf name="read-in-2014" count="6"/>
      <shelf name="self-development" count="6"/>
      <shelf name="english" count="6"/>
      <shelf name="book-club" count="6"/>
      <shelf name="traveling" count="6"/>
      <shelf name="read-in-2012" count="6"/>
      <shelf name="spirituality" count="6"/>
      <shelf name="adventure-travel" count="6"/>
      <shelf name="read-2016" count="5"/>
      <shelf name="alternative-living" count="5"/>
      <shelf name="read-2015" count="5"/>
      <shelf name="tim-ferriss-book-club" count="5"/>
      <shelf name="tf" count="5"/>
      <shelf name="audiobooks" count="5"/>
      <shelf name="viajes" count="5"/>
      <shelf name="audiobook" count="5"/>
      <shelf name="biography" count="5"/>
      <shelf name="to-read-nonfiction" count="5"/>
      <shelf name="world-travel" count="5"/>
      <shelf name="biography-memoir" count="5"/>
      <shelf name="general-non-fiction" count="5"/>
      <shelf name="outdoors" count="5"/>
      <shelf name="travel-inspiration" count="5"/>
      <shelf name="inspiration" count="5"/>
      <shelf name="to-get" count="5"/>
      <shelf name="world" count="4"/>
      <shelf name="abandoned" count="4"/>
      <shelf name="read-in-2015" count="4"/>
      <shelf name="improvement" count="4"/>
      <shelf name="default" count="4"/>
      <shelf name="my-books" count="4"/>
      <shelf name="unfinished" count="4"/>
      <shelf name="next-up" count="4"/>
      <shelf name="memoir" count="4"/>
      <shelf name="nature" count="4"/>
      <shelf name="need-to-buy" count="4"/>
      <shelf name="travel-world" count="4"/>
      <shelf name="read-in-2013" count="4"/>
      <shelf name="didn-t-finish" count="4"/>
      <shelf name="non-fiction-to-read" count="4"/>
      <shelf name="travel-adventure" count="4"/>
      <shelf name="books" count="4"/>
      <shelf name="guide" count="4"/>
      <shelf name="educational" count="4"/>
      <shelf name="on-hold" count="4"/>
      <shelf name="travelogue" count="4"/>
      <shelf name="must-read" count="4"/>
      <shelf name="career" count="4"/>
      <shelf name="travel-guides" count="4"/>
  </popular_shelves>
  <book_links>
    <book_link>
  <id>8</id>
  <name>Libraries</name>
  <link>https://www.goodreads.com/book_link/follow/8</link>
</book_link>

  </book_links>
  <buy_links>
    <buy_link>
<id>1</id>
<name>Amazon</name>
<link>https://www.goodreads.com/book_link/follow/1</link>
</buy_link>
<buy_link>
<id>10</id>
<name>Audible</name>
<link>https://www.goodreads.com/book_link/follow/10</link>
</buy_link>
<buy_link>
<id>3</id>
<name>Barnes &amp; Noble</name>
<link>https://www.goodreads.com/book_link/follow/3</link>
</buy_link>
<buy_link>
<id>1027</id>
<name>Kobo</name>
<link>https://www.goodreads.com/book_link/follow/1027</link>
</buy_link>
<buy_link>
<id>2102</id>
<name>Apple iBooks</name>
<link>https://www.goodreads.com/book_link/follow/2102</link>
</buy_link>
<buy_link>
<id>8036</id>
<name>Google Play</name>
<link>https://www.goodreads.com/book_link/follow/8036</link>
</buy_link>
<buy_link>
<id>4</id>
<name>Abebooks</name>
<link>https://www.goodreads.com/book_link/follow/4</link>
</buy_link>
<buy_link>
<id>882</id>
<name>Book Depository</name>
<link>https://www.goodreads.com/book_link/follow/882</link>
</buy_link>
<buy_link>
<id>9</id>
<name>Indigo</name>
<link>https://www.goodreads.com/book_link/follow/9</link>
</buy_link>
<buy_link>
<id>2</id>
<name>Half.com</name>
<link>https://www.goodreads.com/book_link/follow/2</link>
</buy_link>
<buy_link>
<id>5</id>
<name>Alibris</name>
<link>https://www.goodreads.com/book_link/follow/5</link>
</buy_link>
<buy_link>
<id>107</id>
<name>Better World Books</name>
<link>https://www.goodreads.com/book_link/follow/107</link>
</buy_link>
<buy_link>
<id>7</id>
<name>IndieBound</name>
<link>https://www.goodreads.com/book_link/follow/7</link>
</buy_link>

  </buy_links>
  <series_works>
    
  </series_works>
  <similar_books>
          <book>
<id>249920</id>
<title><![CDATA[The Rough Guide First-Time Around the World: A Trip Planner for the Ultimate Journey]]></title>
<title_without_series><![CDATA[The Rough Guide First-Time Around the World: A Trip Planner for the Ultimate Journey]]></title_without_series>
<link><![CDATA[https://www.goodreads.com/book/show/249920.The_Rough_Guide_First_Time_Around_the_World]]></link>
<small_image_url><![CDATA[https://s.gr-assets.com/assets/nophoto/book/50x75-a91bf249278a81aabab721ef782c4a74.png]]></small_image_url>
<image_url><![CDATA[https://s.gr-assets.com/assets/nophoto/book/111x148-bcc042a9c91a29c1d680899eff700a03.png]]></image_url>
<num_pages></num_pages>
<work>
<id>242168</id>
</work>
<isbn>1843536617</isbn>
<isbn13>9781843536611</isbn13>
<average_rating>3.99</average_rating>
<ratings_count>426</ratings_count>
<publication_year></publication_year>
<publication_month></publication_month>
<publication_day></publication_day>
<authors>
<author>
<id>18713</id>
<name>Doug Lansky</name>
<link><![CDATA[https://www.goodreads.com/author/show/18713.Doug_Lansky]]></link>
</author>
</authors>
</book>

          <book>
<id>953018</id>
<title><![CDATA[Less Is More: An Anthology of Ancient  Modern Voices Raised in Praise of Simplicity]]></title>
<title_without_series><![CDATA[Less Is More: An Anthology of Ancient  Modern Voices Raised in Praise of Simplicity]]></title_without_series>
<link><![CDATA[https://www.goodreads.com/book/show/953018.Less_Is_More]]></link>
<small_image_url><![CDATA[https://images.gr-assets.com/books/1364139702s/953018.jpg]]></small_image_url>
<image_url><![CDATA[https://images.gr-assets.com/books/1364139702m/953018.jpg]]></image_url>
<num_pages>334</num_pages>
<work>
<id>937928</id>
</work>
<isbn>089281554X</isbn>
<isbn13>9780892815548</isbn13>
<average_rating>3.94</average_rating>
<ratings_count>105</ratings_count>
<publication_year>1996</publication_year>
<publication_month>9</publication_month>
<publication_day>1</publication_day>
<authors>
<author>
<id>483457</id>
<name>Goldian VandenBroeck</name>
<link><![CDATA[https://www.goodreads.com/author/show/483457.Goldian_VandenBroeck]]></link>
</author>
</authors>
</book>

          <book>
<id>6071068</id>
<title><![CDATA[360 Degrees Longitude: One Family's Journey Around the World]]></title>
<title_without_series><![CDATA[360 Degrees Longitude: One Family's Journey Around the World]]></title_without_series>
<link><![CDATA[https://www.goodreads.com/book/show/6071068-360-degrees-longitude]]></link>
<small_image_url><![CDATA[https://s.gr-assets.com/assets/nophoto/book/50x75-a91bf249278a81aabab721ef782c4a74.png]]></small_image_url>
<image_url><![CDATA[https://s.gr-assets.com/assets/nophoto/book/111x148-bcc042a9c91a29c1d680899eff700a03.png]]></image_url>
<num_pages>336</num_pages>
<work>
<id>6247534</id>
</work>
<isbn>1593501080</isbn>
<isbn13>9781593501082</isbn13>
<average_rating>3.92</average_rating>
<ratings_count>1061</ratings_count>
<publication_year>2009</publication_year>
<publication_month>7</publication_month>
<publication_day>1</publication_day>
<authors>
<author>
<id>198863</id>
<name>John Higham</name>
<link><![CDATA[https://www.goodreads.com/author/show/198863.John_Higham]]></link>
</author>
</authors>
</book>

          <book>
<id>153339</id>
<title><![CDATA[Six Months Off: How To Plan, Negotiate, & Take The Break You Need Without Burning Bridges Or Going Broke]]></title>
<title_without_series><![CDATA[Six Months Off: How To Plan, Negotiate, & Take The Break You Need Without Burning Bridges Or Going Broke]]></title_without_series>
<link><![CDATA[https://www.goodreads.com/book/show/153339.Six_Months_Off]]></link>
<small_image_url><![CDATA[https://images.gr-assets.com/books/1312044026s/153339.jpg]]></small_image_url>
<image_url><![CDATA[https://images.gr-assets.com/books/1312044026m/153339.jpg]]></image_url>
<num_pages>272</num_pages>
<work>
<id>148019</id>
</work>
<isbn>0805037454</isbn>
<isbn13>9780805037456</isbn13>
<average_rating>3.52</average_rating>
<ratings_count>65</ratings_count>
<publication_year>1996</publication_year>
<publication_month>1</publication_month>
<publication_day>15</publication_day>
<authors>
<author>
<id>88672</id>
<name>Hope Dlugozima</name>
<link><![CDATA[https://www.goodreads.com/author/show/88672.Hope_Dlugozima]]></link>
</author>
</authors>
</book>

          <book>
<id>232859</id>
<title><![CDATA[A Woman Alone: Travel Tales from Around the Globe]]></title>
<title_without_series><![CDATA[A Woman Alone: Travel Tales from Around the Globe]]></title_without_series>
<link><![CDATA[https://www.goodreads.com/book/show/232859.A_Woman_Alone]]></link>
<small_image_url><![CDATA[https://s.gr-assets.com/assets/nophoto/book/50x75-a91bf249278a81aabab721ef782c4a74.png]]></small_image_url>
<image_url><![CDATA[https://s.gr-assets.com/assets/nophoto/book/111x148-bcc042a9c91a29c1d680899eff700a03.png]]></image_url>
<num_pages>320</num_pages>
<work>
<id>225543</id>
</work>
<isbn>158005059X</isbn>
<isbn13>9781580050593</isbn13>
<average_rating>3.83</average_rating>
<ratings_count>688</ratings_count>
<publication_year>2001</publication_year>
<publication_month>11</publication_month>
<publication_day>2</publication_day>
<authors>
<author>
<id>3896281</id>
<name>Faith Conlon</name>
<link><![CDATA[https://www.goodreads.com/author/show/3896281.Faith_Conlon]]></link>
</author>
</authors>
</book>

          <book>
<id>895055</id>
<title><![CDATA[The Practical Nomad: How to Travel Around the World]]></title>
<title_without_series><![CDATA[The Practical Nomad: How to Travel Around the World]]></title_without_series>
<link><![CDATA[https://www.goodreads.com/book/show/895055.The_Practical_Nomad]]></link>
<small_image_url><![CDATA[https://s.gr-assets.com/assets/nophoto/book/50x75-a91bf249278a81aabab721ef782c4a74.png]]></small_image_url>
<image_url><![CDATA[https://s.gr-assets.com/assets/nophoto/book/111x148-bcc042a9c91a29c1d680899eff700a03.png]]></image_url>
<num_pages>650</num_pages>
<work>
<id>880256</id>
</work>
<isbn>1566914337</isbn>
<isbn13>9781566914338</isbn13>
<average_rating>3.63</average_rating>
<ratings_count>161</ratings_count>
<publication_year>2004</publication_year>
<publication_month>1</publication_month>
<publication_day>13</publication_day>
<authors>
<author>
<id>254285</id>
<name>Edward Hasbrouck</name>
<link><![CDATA[https://www.goodreads.com/author/show/254285.Edward_Hasbrouck]]></link>
</author>
</authors>
</book>

          <book>
<id>9190555</id>
<title><![CDATA[The Tao of Travel: Enlightenments from Lives on the Road]]></title>
<title_without_series><![CDATA[The Tao of Travel: Enlightenments from Lives on the Road]]></title_without_series>
<link><![CDATA[https://www.goodreads.com/book/show/9190555-the-tao-of-travel]]></link>
<small_image_url><![CDATA[https://s.gr-assets.com/assets/nophoto/book/50x75-a91bf249278a81aabab721ef782c4a74.png]]></small_image_url>
<image_url><![CDATA[https://s.gr-assets.com/assets/nophoto/book/111x148-bcc042a9c91a29c1d680899eff700a03.png]]></image_url>
<num_pages></num_pages>
<work>
<id>14069987</id>
</work>
<isbn>0547336918</isbn>
<isbn13>9780547336916</isbn13>
<average_rating>3.59</average_rating>
<ratings_count>1296</ratings_count>
<publication_year></publication_year>
<publication_month></publication_month>
<publication_day></publication_day>
<authors>
<author>
<id>9599</id>
<name>Paul Theroux</name>
<link><![CDATA[https://www.goodreads.com/author/show/9599.Paul_Theroux]]></link>
</author>
</authors>
</book>

          <book>
<id>807230</id>
<title><![CDATA[One Year Off: Leaving It All Behind for a Round-the-World Journey with Our Children]]></title>
<title_without_series><![CDATA[One Year Off: Leaving It All Behind for a Round-the-World Journey with Our Children]]></title_without_series>
<link><![CDATA[https://www.goodreads.com/book/show/807230.One_Year_Off]]></link>
<small_image_url><![CDATA[https://s.gr-assets.com/assets/nophoto/book/50x75-a91bf249278a81aabab721ef782c4a74.png]]></small_image_url>
<image_url><![CDATA[https://s.gr-assets.com/assets/nophoto/book/111x148-bcc042a9c91a29c1d680899eff700a03.png]]></image_url>
<num_pages>302</num_pages>
<work>
<id>793173</id>
</work>
<isbn>1885211651</isbn>
<isbn13>9781885211651</isbn13>
<average_rating>3.82</average_rating>
<ratings_count>1340</ratings_count>
<publication_year>2001</publication_year>
<publication_month>4</publication_month>
<publication_day>25</publication_day>
<authors>
<author>
<id>59307</id>
<name>David Elliot Cohen</name>
<link><![CDATA[https://www.goodreads.com/author/show/59307.David_Elliot_Cohen]]></link>
</author>
</authors>
</book>

          <book>
<id>1288488</id>
<title><![CDATA[Make the Most of Your Time on Earth]]></title>
<title_without_series><![CDATA[Make the Most of Your Time on Earth]]></title_without_series>
<link><![CDATA[https://www.goodreads.com/book/show/1288488.Make_the_Most_of_Your_Time_on_Earth]]></link>
<small_image_url><![CDATA[https://s.gr-assets.com/assets/nophoto/book/50x75-a91bf249278a81aabab721ef782c4a74.png]]></small_image_url>
<image_url><![CDATA[https://s.gr-assets.com/assets/nophoto/book/111x148-bcc042a9c91a29c1d680899eff700a03.png]]></image_url>
<num_pages>608</num_pages>
<work>
<id>1277570</id>
</work>
<isbn>184353925X</isbn>
<isbn13>9781843539254</isbn13>
<average_rating>4.04</average_rating>
<ratings_count>378</ratings_count>
<publication_year>2007</publication_year>
<publication_month>10</publication_month>
<publication_day>1</publication_day>
<authors>
<author>
<id>502667</id>
<name>Phil Stanton</name>
<link><![CDATA[https://www.goodreads.com/author/show/502667.Phil_Stanton]]></link>
</author>
</authors>
</book>

          <book>
<id>15808859</id>
<title><![CDATA[How to Travel the World on $50 a Day: Travel Cheaper, Longer, Smarter]]></title>
<title_without_series><![CDATA[How to Travel the World on $50 a Day: Travel Cheaper, Longer, Smarter]]></title_without_series>
<link><![CDATA[https://www.goodreads.com/book/show/15808859-how-to-travel-the-world-on-50-a-day]]></link>
<small_image_url><![CDATA[https://images.gr-assets.com/books/1404960792s/15808859.jpg]]></small_image_url>
<image_url><![CDATA[https://images.gr-assets.com/books/1404960792m/15808859.jpg]]></image_url>
<num_pages>272</num_pages>
<work>
<id>21533502</id>
</work>
<isbn>0399159673</isbn>
<isbn13>9780399159671</isbn13>
<average_rating>3.79</average_rating>
<ratings_count>1137</ratings_count>
<publication_year>2013</publication_year>
<publication_month>2</publication_month>
<publication_day>5</publication_day>
<authors>
<author>
<id>4933818</id>
<name>Matt Kepnes</name>
<link><![CDATA[https://www.goodreads.com/author/show/4933818.Matt_Kepnes]]></link>
</author>
</authors>
</book>

          <book>
<id>1175991</id>
<title><![CDATA[Smile When You're Lying: Confessions of a Rogue Travel Writer]]></title>
<title_without_series><![CDATA[Smile When You're Lying: Confessions of a Rogue Travel Writer]]></title_without_series>
<link><![CDATA[https://www.goodreads.com/book/show/1175991.Smile_When_You_re_Lying]]></link>
<small_image_url><![CDATA[https://images.gr-assets.com/books/1317066134s/1175991.jpg]]></small_image_url>
<image_url><![CDATA[https://images.gr-assets.com/books/1317066134m/1175991.jpg]]></image_url>
<num_pages></num_pages>
<work>
<id>1163767</id>
</work>
<isbn>0805082093</isbn>
<isbn13>9780805082098</isbn13>
<average_rating>3.47</average_rating>
<ratings_count>1904</ratings_count>
<publication_year></publication_year>
<publication_month></publication_month>
<publication_day></publication_day>
<authors>
<author>
<id>573872</id>
<name>Chuck Thompson</name>
<link><![CDATA[https://www.goodreads.com/author/show/573872.Chuck_Thompson]]></link>
</author>
</authors>
</book>

          <book>
<id>23422</id>
<title>The Art of Travel</title>
<title_without_series>The Art of Travel</title_without_series>
<link><![CDATA[https://www.goodreads.com/book/show/23422.The_Art_of_Travel]]></link>
<small_image_url><![CDATA[https://s.gr-assets.com/assets/nophoto/book/50x75-a91bf249278a81aabab721ef782c4a74.png]]></small_image_url>
<image_url><![CDATA[https://s.gr-assets.com/assets/nophoto/book/111x148-bcc042a9c91a29c1d680899eff700a03.png]]></image_url>
<num_pages>272</num_pages>
<work>
<id>812271</id>
</work>
<isbn>0375725342</isbn>
<isbn13>9780375725340</isbn13>
<average_rating>3.81</average_rating>
<ratings_count>14850</ratings_count>
<publication_year>2004</publication_year>
<publication_month>5</publication_month>
<publication_day>11</publication_day>
<authors>
<author>
<id>13199</id>
<name>Alain de Botton</name>
<link><![CDATA[https://www.goodreads.com/author/show/13199.Alain_de_Botton]]></link>
</author>
</authors>
</book>

          <book>
<id>6179887</id>
<title><![CDATA[Writing Away: A Creative Guide to Awakening the Journal-Writing Traveler]]></title>
<title_without_series><![CDATA[Writing Away: A Creative Guide to Awakening the Journal-Writing Traveler]]></title_without_series>
<link><![CDATA[https://www.goodreads.com/book/show/6179887-writing-away]]></link>
<small_image_url><![CDATA[https://images.gr-assets.com/books/1328694195s/6179887.jpg]]></small_image_url>
<image_url><![CDATA[https://images.gr-assets.com/books/1328694195m/6179887.jpg]]></image_url>
<num_pages>264</num_pages>
<work>
<id>6359921</id>
</work>
<isbn>1932361677</isbn>
<isbn13>9781932361674</isbn13>
<average_rating>4.16</average_rating>
<ratings_count>201</ratings_count>
<publication_year>2009</publication_year>
<publication_month>8</publication_month>
<publication_day>1</publication_day>
<authors>
<author>
<id>397316</id>
<name>Lavinia Spalding</name>
<link><![CDATA[https://www.goodreads.com/author/show/397316.Lavinia_Spalding]]></link>
</author>
</authors>
</book>

          <book>
<id>6419542</id>
<title>Travel as a Political Act</title>
<title_without_series>Travel as a Political Act</title_without_series>
<link><![CDATA[https://www.goodreads.com/book/show/6419542-travel-as-a-political-act]]></link>
<small_image_url><![CDATA[https://s.gr-assets.com/assets/nophoto/book/50x75-a91bf249278a81aabab721ef782c4a74.png]]></small_image_url>
<image_url><![CDATA[https://s.gr-assets.com/assets/nophoto/book/111x148-bcc042a9c91a29c1d680899eff700a03.png]]></image_url>
<num_pages></num_pages>
<work>
<id>6608690</id>
</work>
<isbn>1568584350</isbn>
<isbn13>9781568584355</isbn13>
<average_rating>3.99</average_rating>
<ratings_count>1442</ratings_count>
<publication_year></publication_year>
<publication_month></publication_month>
<publication_day></publication_day>
<authors>
<author>
<id>4627</id>
<name>Rick Steves</name>
<link><![CDATA[https://www.goodreads.com/author/show/4627.Rick_Steves]]></link>
</author>
</authors>
</book>

          <book>
<id>541812</id>
<title><![CDATA[A Woman's Passion for Travel: True Stories of World Wanderlust]]></title>
<title_without_series><![CDATA[A Woman's Passion for Travel: True Stories of World Wanderlust]]></title_without_series>
<link><![CDATA[https://www.goodreads.com/book/show/541812.A_Woman_s_Passion_for_Travel]]></link>
<small_image_url><![CDATA[https://images.gr-assets.com/books/1328690662s/541812.jpg]]></small_image_url>
<image_url><![CDATA[https://images.gr-assets.com/books/1328690662m/541812.jpg]]></image_url>
<num_pages>328</num_pages>
<work>
<id>529166</id>
</work>
<isbn>1932361146</isbn>
<isbn13>9781932361148</isbn13>
<average_rating>3.83</average_rating>
<ratings_count>96</ratings_count>
<publication_year>2004</publication_year>
<publication_month>11</publication_month>
<publication_day>12</publication_day>
<authors>
<author>
<id>58454</id>
<name>Marybeth Bond</name>
<link><![CDATA[https://www.goodreads.com/author/show/58454.Marybeth_Bond]]></link>
</author>
</authors>
</book>

          <book>
<id>100238</id>
<title><![CDATA[Work Your Way Around the World]]></title>
<title_without_series><![CDATA[Work Your Way Around the World]]></title_without_series>
<link><![CDATA[https://www.goodreads.com/book/show/100238.Work_Your_Way_Around_the_World]]></link>
<small_image_url><![CDATA[https://s.gr-assets.com/assets/nophoto/book/50x75-a91bf249278a81aabab721ef782c4a74.png]]></small_image_url>
<image_url><![CDATA[https://s.gr-assets.com/assets/nophoto/book/111x148-bcc042a9c91a29c1d680899eff700a03.png]]></image_url>
<num_pages>576</num_pages>
<work>
<id>96650</id>
</work>
<isbn>1854583298</isbn>
<isbn13>9781854583291</isbn13>
<average_rating>3.39</average_rating>
<ratings_count>121</ratings_count>
<publication_year>2005</publication_year>
<publication_month>6</publication_month>
<publication_day>1</publication_day>
<authors>
<author>
<id>4552997</id>
<name>Susan  Griffith</name>
<link><![CDATA[https://www.goodreads.com/author/show/4552997.Susan_Griffith]]></link>
</author>
</authors>
</book>

          <book>
<id>190555</id>
<title><![CDATA[Nothing to Declare: Memoirs of a Woman Traveling Alone]]></title>
<title_without_series><![CDATA[Nothing to Declare: Memoirs of a Woman Traveling Alone]]></title_without_series>
<link><![CDATA[https://www.goodreads.com/book/show/190555.Nothing_to_Declare]]></link>
<small_image_url><![CDATA[https://images.gr-assets.com/books/1312010327s/190555.jpg]]></small_image_url>
<image_url><![CDATA[https://images.gr-assets.com/books/1312010327m/190555.jpg]]></image_url>
<num_pages>250</num_pages>
<work>
<id>1574298</id>
</work>
<isbn>0312199414</isbn>
<isbn13>9780312199418</isbn13>
<average_rating>3.73</average_rating>
<ratings_count>1280</ratings_count>
<publication_year></publication_year>
<publication_month></publication_month>
<publication_day></publication_day>
<authors>
<author>
<id>28781</id>
<name>Mary Morris</name>
<link><![CDATA[https://www.goodreads.com/author/show/28781.Mary_Morris]]></link>
</author>
</authors>
</book>

          <book>
<id>6915507</id>
<title><![CDATA[The Lunatic Express: Discovering the World... via Its Most Dangerous Buses, Boats, Trains, and Planes]]></title>
<title_without_series><![CDATA[The Lunatic Express: Discovering the World... via Its Most Dangerous Buses, Boats, Trains, and Planes]]></title_without_series>
<link><![CDATA[https://www.goodreads.com/book/show/6915507-the-lunatic-express]]></link>
<small_image_url><![CDATA[https://images.gr-assets.com/books/1320414381s/6915507.jpg]]></small_image_url>
<image_url><![CDATA[https://images.gr-assets.com/books/1320414381m/6915507.jpg]]></image_url>
<num_pages>304</num_pages>
<work>
<id>7142027</id>
</work>
<isbn>0767929802</isbn>
<isbn13>9780767929806</isbn13>
<average_rating>3.69</average_rating>
<ratings_count>1505</ratings_count>
<publication_year>2010</publication_year>
<publication_month>3</publication_month>
<publication_day>16</publication_day>
<authors>
<author>
<id>516702</id>
<name>Carl Hoffman</name>
<link><![CDATA[https://www.goodreads.com/author/show/516702.Carl_Hoffman]]></link>
</author>
</authors>
</book>

  </similar_books>
</book>

</GoodreadsResponse>