<?xml version="1.0" encoding="UTF-8"?>
<GoodreadsResponse>
  <Request>
    <authentication>true</authentication>
      <key><![CDATA[all_men_must_serve]]></key>
    <method><![CDATA[book_show]]></method>
  </Request>
  <book>
  <id>10032672</id>
  <title>The Language of Flowers</title>
  <isbn><![CDATA[034552554X]]></isbn>
  <isbn13><![CDATA[9780345525543]]></isbn13>
  <asin><![CDATA[]]></asin>
  <kindle_asin><![CDATA[B005BOHYW2]]></kindle_asin>
  <marketplace_id><![CDATA[A1F83G8C2ARO7P]]></marketplace_id>
  <country_code><![CDATA[GB]]></country_code>
  <image_url>https://images.gr-assets.com/books/1333577674m/10032672.jpg</image_url>
  <small_image_url>https://images.gr-assets.com/books/1333577674s/10032672.jpg</small_image_url>
  <publication_year>2011</publication_year>
  <publication_month>8</publication_month>
  <publication_day>23</publication_day>
  <publisher>Ballantine Books</publisher>
  <language_code>eng</language_code>
  <is_ebook>false</is_ebook>
  <description><![CDATA[A mesmerizing, moving, and elegantly written debut novel, The Language of Flowers beautifully weaves past and present, creating a vivid portrait of an unforgettable woman whose gift for flowers helps her change the lives of others even as she struggles to overcome her own troubled past.<br /><br />The Victorian language of flowers was used to convey romantic expressions: honeysuckle for devotion, asters for patience, and red roses for love. But for Victoria Jones, it's been more useful in communicating grief, mistrust, and solitude. After a childhood spent in the foster-care system, she is unable to get close to anybody, and her only connection to the world is through flowers and their meanings.<br /><br />Now eighteen and emancipated from the system, Victoria has nowhere to go and sleeps in a public park, where she plants a small garden of her own. Soon a local florist discovers her talents, and Victoria realizes she has a gift for helping others through the flowers she chooses for them. But a mysterious vendor at the flower market has her questioning what's been missing in her life, and when she's forced to confront a painful secret from her past, she must decide whether it's worth risking everything for a second chance at happiness.]]></description>
  <work>
  <id type="integer">14928278</id>
  <books_count type="integer">90</books_count>
  <best_book_id type="integer">10032672</best_book_id>
  <reviews_count type="integer">257533</reviews_count>
  <ratings_sum type="integer">650408</ratings_sum>
  <ratings_count type="integer">159810</ratings_count>
  <text_reviews_count type="integer">17465</text_reviews_count>
  <original_publication_year type="integer">2011</original_publication_year>
  <original_publication_month type="integer">8</original_publication_month>
  <original_publication_day type="integer">23</original_publication_day>
  <original_title>The Language of Flowers</original_title>
  <original_language_id type="integer" nil="true"/>
  <media_type>book</media_type>
  <rating_dist>5:55010|4:69398|3:28430|2:5504|1:1468|total:159810</rating_dist>
  <desc_user_id type="integer">3526686</desc_user_id>
  <default_chaptering_book_id type="integer" nil="true"/>
  <default_description_language_code nil="true"/>
</work>
  <average_rating>4.07</average_rating>
  <num_pages><![CDATA[323]]></num_pages>
  <format><![CDATA[Hardcover]]></format>
  <edition_information><![CDATA[]]></edition_information>
  <ratings_count><![CDATA[140184]]></ratings_count>
  <text_reviews_count><![CDATA[15145]]></text_reviews_count>
  <url><![CDATA[https://www.goodreads.com/book/show/10032672-the-language-of-flowers]]></url>
  <link><![CDATA[https://www.goodreads.com/book/show/10032672-the-language-of-flowers]]></link>
  <authors>
<author>
<id>4537214</id>
<name>Vanessa Diffenbaugh</name>
<role></role>
<image_url nophoto='false'>
<![CDATA[https://images.gr-assets.com/authors/1435783290p5/4537214.jpg]]>
</image_url>
<small_image_url nophoto='false'>
<![CDATA[https://images.gr-assets.com/authors/1435783290p2/4537214.jpg]]>
</small_image_url>
<link><![CDATA[https://www.goodreads.com/author/show/4537214.Vanessa_Diffenbaugh]]></link>
<average_rating>4.05</average_rating>
<ratings_count>173489</ratings_count>
<text_reviews_count>19315</text_reviews_count>
</author>
</authors>

    <reviews_widget>
      <![CDATA[
        <style>
  #goodreads-widget {
    font-family: georgia, serif;
    padding: 18px 0;
    width:565px;
  }
  #goodreads-widget h1 {
    font-weight:normal;
    font-size: 16px;
    border-bottom: 1px solid #BBB596;
    margin-bottom: 0;
  }
  #goodreads-widget a {
    text-decoration: none;
    color:#660;
  }
  iframe{
    background-color: #fff;
  }
  #goodreads-widget a:hover { text-decoration: underline; }
  #goodreads-widget a:active {
    color:#660;
  }
  #gr_footer {
    width: 100%;
    border-top: 1px solid #BBB596;
    text-align: right;
  }
  #goodreads-widget .gr_branding{
    color: #382110;
    font-size: 11px;
    text-decoration: none;
    font-family: "Helvetica Neue", Helvetica, Arial, sans-serif;
  }
</style>
<div id="goodreads-widget">
  <div id="gr_header"><h1><a rel="nofollow" href="https://www.goodreads.com/book/show/10032672-the-language-of-flowers">The Language of Flowers Reviews</a></h1></div>
  <iframe id="the_iframe" src="https://www.goodreads.com/api/reviews_widget_iframe?did=DEVELOPER_ID&amp;format=html&amp;isbn=034552554X&amp;links=660&amp;min_rating=&amp;review_back=fff&amp;stars=000&amp;text=000" width="565" height="400" frameborder="0"></iframe>
  <div id="gr_footer">
    <a class="gr_branding" target="_blank" rel="nofollow" href="https://www.goodreads.com/book/show/10032672-the-language-of-flowers?utm_medium=api&amp;utm_source=reviews_widget">Reviews from Goodreads.com</a>
  </div>
</div>

      ]]>
    </reviews_widget>
  <popular_shelves>
      <shelf name="to-read" count="2253"/>
      <shelf name="currently-reading" count="466"/>
      <shelf name="books-i-own" count="224"/>
      <shelf name="fiction" count="176"/>
      <shelf name="book-club" count="143"/>
      <shelf name="audio" count="126"/>
      <shelf name="favorites" count="119"/>
      <shelf name="book-group" count="118"/>
      <shelf name="general-fiction" count="100"/>
      <shelf name="adoption" count="92"/>
      <shelf name="literary-fiction" count="87"/>
      <shelf name="foster-children" count="75"/>
      <shelf name="owned-books" count="73"/>
      <shelf name="to-buy" count="72"/>
      <shelf name="novel" count="69"/>
      <shelf name="favourites" count="66"/>
      <shelf name="drama" count="63"/>
      <shelf name="audio-book" count="63"/>
      <shelf name="audio-books" count="62"/>
      <shelf name="foster-care" count="55"/>
      <shelf name="read-in-2015" count="50"/>
      <shelf name="wish-list" count="47"/>
      <shelf name="shelfari-favorites" count="44"/>
      <shelf name="favorite-books" count="44"/>
      <shelf name="recommended" count="44"/>
      <shelf name="victorian-meaning-of-flowers" count="42"/>
      <shelf name="family-relationships" count="41"/>
      <shelf name="homelessness" count="41"/>
      <shelf name="library-book" count="40"/>
      <shelf name="2013-reads" count="39"/>
      <shelf name="ya" count="39"/>
      <shelf name="book-club-selections" count="37"/>
      <shelf name="book-club-book" count="37"/>
      <shelf name="finished" count="36"/>
      <shelf name="default" count="35"/>
      <shelf name="2013-books" count="34"/>
      <shelf name="read-2016" count="32"/>
      <shelf name="abandoned" count="32"/>
      <shelf name="my-favorites" count="32"/>
      <shelf name="first-reads" count="32"/>
      <shelf name="read-2015" count="31"/>
      <shelf name="book-club-selection" count="31"/>
      <shelf name="borrowed" count="30"/>
      <shelf name="book-club-picks" count="30"/>
      <shelf name="my-library" count="29"/>
      <shelf name="forgiveness" count="29"/>
      <shelf name="modern-fiction" count="29"/>
      <shelf name="read-in-2017" count="28"/>
      <shelf name="bookclub-books" count="28"/>
      <shelf name="favorite" count="28"/>
      <shelf name="book-club-suggestions" count="28"/>
      <shelf name="maybe" count="28"/>
      <shelf name="historical-fiction" count="27"/>
      <shelf name="did-not-finish" count="27"/>
      <shelf name="contemporary" count="26"/>
      <shelf name="5-stars" count="26"/>
      <shelf name="owned" count="25"/>
      <shelf name="mothers-and-daughters" count="24"/>
      <shelf name="vanessa-diffenbaugh" count="24"/>
      <shelf name="2012-books" count="24"/>
      <shelf name="2013-read" count="22"/>
      <shelf name="book-clubs" count="22"/>
      <shelf name="listened-to" count="22"/>
      <shelf name="adult-books" count="22"/>
      <shelf name="loved" count="22"/>
      <shelf name="overdrive" count="22"/>
      <shelf name="book-club-books" count="21"/>
      <shelf name="2016-books" count="21"/>
      <shelf name="botanical-interest" count="21"/>
      <shelf name="books-read-in-2014" count="21"/>
      <shelf name="2014-books" count="21"/>
      <shelf name="attachment-disorder" count="21"/>
      <shelf name="stand-alone" count="21"/>
      <shelf name="realistic" count="21"/>
      <shelf name="read-fiction" count="20"/>
      <shelf name="audible" count="20"/>
      <shelf name="kindle" count="19"/>
      <shelf name="2015-reads" count="19"/>
      <shelf name="2015-books" count="19"/>
      <shelf name="orphans" count="19"/>
      <shelf name="american" count="19"/>
      <shelf name="on-kindle" count="19"/>
      <shelf name="dnf" count="19"/>
      <shelf name="didn-t-finish" count="19"/>
      <shelf name="fiction-to-read" count="19"/>
      <shelf name="motherhood" count="19"/>
      <shelf name="parenting" count="18"/>
      <shelf name="female-author" count="18"/>
      <shelf name="want-to-read" count="18"/>
      <shelf name="adult-fiction" count="17"/>
      <shelf name="2014-reads" count="17"/>
      <shelf name="paperback" count="17"/>
      <shelf name="summer-reading" count="17"/>
      <shelf name="recommended-to-me" count="17"/>
      <shelf name="contemporary-romance" count="17"/>
      <shelf name="friendship" count="17"/>
      <shelf name="read-2011" count="17"/>
      <shelf name="kindle-books" count="17"/>
      <shelf name="bookclub" count="16"/>
      <shelf name="book-club-pick" count="16"/>
  </popular_shelves>
  <book_links>
    <book_link>
  <id>8</id>
  <name>Libraries</name>
  <link>https://www.goodreads.com/book_link/follow/8</link>
</book_link>

  </book_links>
  <buy_links>
    <buy_link>
<id>1</id>
<name>Amazon</name>
<link>https://www.goodreads.com/book_link/follow/1</link>
</buy_link>
<buy_link>
<id>10</id>
<name>Audible</name>
<link>https://www.goodreads.com/book_link/follow/10</link>
</buy_link>
<buy_link>
<id>3</id>
<name>Barnes &amp; Noble</name>
<link>https://www.goodreads.com/book_link/follow/3</link>
</buy_link>
<buy_link>
<id>1027</id>
<name>Kobo</name>
<link>https://www.goodreads.com/book_link/follow/1027</link>
</buy_link>
<buy_link>
<id>2102</id>
<name>Apple iBooks</name>
<link>https://www.goodreads.com/book_link/follow/2102</link>
</buy_link>
<buy_link>
<id>8036</id>
<name>Google Play</name>
<link>https://www.goodreads.com/book_link/follow/8036</link>
</buy_link>
<buy_link>
<id>4</id>
<name>Abebooks</name>
<link>https://www.goodreads.com/book_link/follow/4</link>
</buy_link>
<buy_link>
<id>882</id>
<name>Book Depository</name>
<link>https://www.goodreads.com/book_link/follow/882</link>
</buy_link>
<buy_link>
<id>9</id>
<name>Indigo</name>
<link>https://www.goodreads.com/book_link/follow/9</link>
</buy_link>
<buy_link>
<id>2</id>
<name>Half.com</name>
<link>https://www.goodreads.com/book_link/follow/2</link>
</buy_link>
<buy_link>
<id>5</id>
<name>Alibris</name>
<link>https://www.goodreads.com/book_link/follow/5</link>
</buy_link>
<buy_link>
<id>107</id>
<name>Better World Books</name>
<link>https://www.goodreads.com/book_link/follow/107</link>
</buy_link>
<buy_link>
<id>7</id>
<name>IndieBound</name>
<link>https://www.goodreads.com/book_link/follow/7</link>
</buy_link>

  </buy_links>
  <series_works>
    
  </series_works>
  <similar_books>
          <book>
<id>7632310</id>
<title>The Homecoming of Samuel Lake</title>
<title_without_series>The Homecoming of Samuel Lake</title_without_series>
<link><![CDATA[https://www.goodreads.com/book/show/7632310-the-homecoming-of-samuel-lake]]></link>
<small_image_url><![CDATA[https://images.gr-assets.com/books/1320562108s/7632310.jpg]]></small_image_url>
<image_url><![CDATA[https://images.gr-assets.com/books/1320562108m/7632310.jpg]]></image_url>
<num_pages>352</num_pages>
<work>
<id>10138454</id>
</work>
<isbn>0385344082</isbn>
<isbn13>9780385344081</isbn13>
<average_rating>4.07</average_rating>
<ratings_count>7548</ratings_count>
<publication_year>2011</publication_year>
<publication_month>7</publication_month>
<publication_day>12</publication_day>
<authors>
<author>
<id>3340259</id>
<name>Jenny Wingfield</name>
<link><![CDATA[https://www.goodreads.com/author/show/3340259.Jenny_Wingfield]]></link>
</author>
</authors>
</book>

          <book>
<id>8599157</id>
<title><![CDATA[You Know When the Men Are Gone]]></title>
<title_without_series><![CDATA[You Know When the Men Are Gone]]></title_without_series>
<link><![CDATA[https://www.goodreads.com/book/show/8599157-you-know-when-the-men-are-gone]]></link>
<small_image_url><![CDATA[https://s.gr-assets.com/assets/nophoto/book/50x75-a91bf249278a81aabab721ef782c4a74.png]]></small_image_url>
<image_url><![CDATA[https://s.gr-assets.com/assets/nophoto/book/111x148-bcc042a9c91a29c1d680899eff700a03.png]]></image_url>
<num_pages>226</num_pages>
<work>
<id>13468989</id>
</work>
<isbn>0399157204</isbn>
<isbn13>9780399157202</isbn13>
<average_rating>3.71</average_rating>
<ratings_count>4018</ratings_count>
<publication_year>2011</publication_year>
<publication_month>1</publication_month>
<publication_day>20</publication_day>
<authors>
<author>
<id>4123884</id>
<name>Siobhan Fallon</name>
<link><![CDATA[https://www.goodreads.com/author/show/4123884.Siobhan_Fallon]]></link>
</author>
</authors>
</book>

          <book>
<id>2138727</id>
<title>Mudbound</title>
<title_without_series>Mudbound</title_without_series>
<link><![CDATA[https://www.goodreads.com/book/show/2138727.Mudbound]]></link>
<small_image_url><![CDATA[https://images.gr-assets.com/books/1296591096s/2138727.jpg]]></small_image_url>
<image_url><![CDATA[https://images.gr-assets.com/books/1296591096m/2138727.jpg]]></image_url>
<num_pages>328</num_pages>
<work>
<id>2144215</id>
</work>
<isbn>156512569X</isbn>
<isbn13>9781565125698</isbn13>
<average_rating>3.99</average_rating>
<ratings_count>48007</ratings_count>
<publication_year></publication_year>
<publication_month></publication_month>
<publication_day></publication_day>
<authors>
<author>
<id>972440</id>
<name>Hillary Jordan</name>
<link><![CDATA[https://www.goodreads.com/author/show/972440.Hillary_Jordan]]></link>
</author>
</authors>
</book>

          <book>
<id>7107515</id>
<title>The World We Found</title>
<title_without_series>The World We Found</title_without_series>
<link><![CDATA[https://www.goodreads.com/book/show/7107515-the-world-we-found]]></link>
<small_image_url><![CDATA[https://images.gr-assets.com/books/1318804288s/7107515.jpg]]></small_image_url>
<image_url><![CDATA[https://images.gr-assets.com/books/1318804288m/7107515.jpg]]></image_url>
<num_pages>320</num_pages>
<work>
<id>17095137</id>
</work>
<isbn>0061938343</isbn>
<isbn13>9780061938344</isbn13>
<average_rating>3.78</average_rating>
<ratings_count>4791</ratings_count>
<publication_year>2012</publication_year>
<publication_month>1</publication_month>
<publication_day>3</publication_day>
<authors>
<author>
<id>127875</id>
<name>Thrity Umrigar</name>
<link><![CDATA[https://www.goodreads.com/author/show/127875.Thrity_Umrigar]]></link>
</author>
</authors>
</book>

          <book>
<id>10002296</id>
<title>Wildflower Hill</title>
<title_without_series>Wildflower Hill</title_without_series>
<link><![CDATA[https://www.goodreads.com/book/show/10002296-wildflower-hill]]></link>
<small_image_url><![CDATA[https://images.gr-assets.com/books/1314025082s/10002296.jpg]]></small_image_url>
<image_url><![CDATA[https://images.gr-assets.com/books/1314025082m/10002296.jpg]]></image_url>
<num_pages>524</num_pages>
<work>
<id>14205888</id>
</work>
<isbn>1451623496</isbn>
<isbn13>9781451623499</isbn13>
<average_rating>4.07</average_rating>
<ratings_count>10174</ratings_count>
<publication_year></publication_year>
<publication_month></publication_month>
<publication_day></publication_day>
<authors>
<author>
<id>1952395</id>
<name>Kimberley Freeman</name>
<link><![CDATA[https://www.goodreads.com/author/show/1952395.Kimberley_Freeman]]></link>
</author>
</authors>
</book>

          <book>
<id>9545064</id>
<title>The Story of Beautiful Girl</title>
<title_without_series>The Story of Beautiful Girl</title_without_series>
<link><![CDATA[https://www.goodreads.com/book/show/9545064-the-story-of-beautiful-girl]]></link>
<small_image_url><![CDATA[https://images.gr-assets.com/books/1336851169s/9545064.jpg]]></small_image_url>
<image_url><![CDATA[https://images.gr-assets.com/books/1336851169m/9545064.jpg]]></image_url>
<num_pages>346</num_pages>
<work>
<id>13472700</id>
</work>
<isbn>0446574465</isbn>
<isbn13>9780446574464</isbn13>
<average_rating>3.92</average_rating>
<ratings_count>22410</ratings_count>
<publication_year></publication_year>
<publication_month></publication_month>
<publication_day></publication_day>
<authors>
<author>
<id>22506</id>
<name>Rachel Simon</name>
<link><![CDATA[https://www.goodreads.com/author/show/22506.Rachel_Simon]]></link>
</author>
</authors>
</book>

          <book>
<id>16158528</id>
<title>Looking for Me</title>
<title_without_series>Looking for Me</title_without_series>
<link><![CDATA[https://www.goodreads.com/book/show/16158528-looking-for-me]]></link>
<small_image_url><![CDATA[https://images.gr-assets.com/books/1356126306s/16158528.jpg]]></small_image_url>
<image_url><![CDATA[https://images.gr-assets.com/books/1356126306m/16158528.jpg]]></image_url>
<num_pages>354</num_pages>
<work>
<id>21998944</id>
</work>
<isbn>0670025836</isbn>
<isbn13>9780670025831</isbn13>
<average_rating>3.90</average_rating>
<ratings_count>10390</ratings_count>
<publication_year>2013</publication_year>
<publication_month>5</publication_month>
<publication_day>28</publication_day>
<authors>
<author>
<id>63630</id>
<name>Beth Hoffman</name>
<link><![CDATA[https://www.goodreads.com/author/show/63630.Beth_Hoffman]]></link>
</author>
</authors>
</book>

          <book>
<id>13330603</id>
<title>The Sandcastle Girls</title>
<title_without_series>The Sandcastle Girls</title_without_series>
<link><![CDATA[https://www.goodreads.com/book/show/13330603-the-sandcastle-girls]]></link>
<small_image_url><![CDATA[https://images.gr-assets.com/books/1332018541s/13330603.jpg]]></small_image_url>
<image_url><![CDATA[https://images.gr-assets.com/books/1332018541m/13330603.jpg]]></image_url>
<num_pages>299</num_pages>
<work>
<id>18538253</id>
</work>
<isbn>0385534795</isbn>
<isbn13>9780385534796</isbn13>
<average_rating>3.86</average_rating>
<ratings_count>29228</ratings_count>
<publication_year>2012</publication_year>
<publication_month>7</publication_month>
<publication_day>17</publication_day>
<authors>
<author>
<id>3509</id>
<name>Chris Bohjalian</name>
<link><![CDATA[https://www.goodreads.com/author/show/3509.Chris_Bohjalian]]></link>
</author>
</authors>
</book>

          <book>
<id>10960383</id>
<title>A Grown-Up Kind of Pretty</title>
<title_without_series>A Grown-Up Kind of Pretty</title_without_series>
<link><![CDATA[https://www.goodreads.com/book/show/10960383-a-grown-up-kind-of-pretty]]></link>
<small_image_url><![CDATA[https://images.gr-assets.com/books/1442347366s/10960383.jpg]]></small_image_url>
<image_url><![CDATA[https://images.gr-assets.com/books/1442347366m/10960383.jpg]]></image_url>
<num_pages>322</num_pages>
<work>
<id>15878096</id>
</work>
<isbn>0446582352</isbn>
<isbn13>9780446582353</isbn13>
<average_rating>3.93</average_rating>
<ratings_count>15828</ratings_count>
<publication_year>2012</publication_year>
<publication_month>1</publication_month>
<publication_day>25</publication_day>
<authors>
<author>
<id>45915</id>
<name>Joshilyn Jackson</name>
<link><![CDATA[https://www.goodreads.com/author/show/45915.Joshilyn_Jackson]]></link>
</author>
</authors>
</book>

          <book>
<id>13227454</id>
<title><![CDATA[The Unlikely Pilgrimage of Harold Fry (Harold Fry, #1)]]></title>
<title_without_series><![CDATA[The Unlikely Pilgrimage of Harold Fry]]></title_without_series>
<link><![CDATA[https://www.goodreads.com/book/show/13227454-the-unlikely-pilgrimage-of-harold-fry]]></link>
<small_image_url><![CDATA[https://images.gr-assets.com/books/1335816092s/13227454.jpg]]></small_image_url>
<image_url><![CDATA[https://images.gr-assets.com/books/1335816092m/13227454.jpg]]></image_url>
<num_pages>320</num_pages>
<work>
<id>18156927</id>
</work>
<isbn>0812993292</isbn>
<isbn13>9780812993295</isbn13>
<average_rating>3.89</average_rating>
<ratings_count>113987</ratings_count>
<publication_year>2012</publication_year>
<publication_month>7</publication_month>
<publication_day>24</publication_day>
<authors>
<author>
<id>5309857</id>
<name>Rachel Joyce</name>
<link><![CDATA[https://www.goodreads.com/author/show/5309857.Rachel_Joyce]]></link>
</author>
</authors>
</book>

          <book>
<id>12245809</id>
<title>Dancing on Broken Glass</title>
<title_without_series>Dancing on Broken Glass</title_without_series>
<link><![CDATA[https://www.goodreads.com/book/show/12245809-dancing-on-broken-glass]]></link>
<small_image_url><![CDATA[https://images.gr-assets.com/books/1344390972s/12245809.jpg]]></small_image_url>
<image_url><![CDATA[https://images.gr-assets.com/books/1344390972m/12245809.jpg]]></image_url>
<num_pages>394</num_pages>
<work>
<id>17220118</id>
</work>
<isbn>1451637373</isbn>
<isbn13>9781451637373</isbn13>
<average_rating>4.20</average_rating>
<ratings_count>5721</ratings_count>
<publication_year>2012</publication_year>
<publication_month>3</publication_month>
<publication_day>13</publication_day>
<authors>
<author>
<id>5096031</id>
<name>Ka Hancock</name>
<link><![CDATA[https://www.goodreads.com/author/show/5096031.Ka_Hancock]]></link>
</author>
</authors>
</book>

          <book>
<id>11601988</id>
<title><![CDATA[A Victorian Flower Dictionary: The Language of Flowers Companion]]></title>
<title_without_series><![CDATA[A Victorian Flower Dictionary: The Language of Flowers Companion]]></title_without_series>
<link><![CDATA[https://www.goodreads.com/book/show/11601988-a-victorian-flower-dictionary]]></link>
<small_image_url><![CDATA[https://images.gr-assets.com/books/1320508812s/11601988.jpg]]></small_image_url>
<image_url><![CDATA[https://images.gr-assets.com/books/1320508812m/11601988.jpg]]></image_url>
<num_pages>192</num_pages>
<work>
<id>16544264</id>
</work>
<isbn>0345532864</isbn>
<isbn13>9780345532861</isbn13>
<average_rating>4.07</average_rating>
<ratings_count>483</ratings_count>
<publication_year>2011</publication_year>
<publication_month>9</publication_month>
<publication_day>20</publication_day>
<authors>
<author>
<id>69702</id>
<name>Mandy Kirkby</name>
<link><![CDATA[https://www.goodreads.com/author/show/69702.Mandy_Kirkby]]></link>
</author>
</authors>
</book>

          <book>
<id>9689093</id>
<title><![CDATA[The Autobiography of Mrs. Tom Thumb]]></title>
<title_without_series><![CDATA[The Autobiography of Mrs. Tom Thumb]]></title_without_series>
<link><![CDATA[https://www.goodreads.com/book/show/9689093-the-autobiography-of-mrs-tom-thumb]]></link>
<small_image_url><![CDATA[https://images.gr-assets.com/books/1320416504s/9689093.jpg]]></small_image_url>
<image_url><![CDATA[https://images.gr-assets.com/books/1320416504m/9689093.jpg]]></image_url>
<num_pages>424</num_pages>
<work>
<id>14577174</id>
</work>
<isbn>0385344155</isbn>
<isbn13>9780385344159</isbn13>
<average_rating>3.66</average_rating>
<ratings_count>7927</ratings_count>
<publication_year></publication_year>
<publication_month></publication_month>
<publication_day></publication_day>
<authors>
<author>
<id>2958717</id>
<name>Melanie Benjamin</name>
<link><![CDATA[https://www.goodreads.com/author/show/2958717.Melanie_Benjamin]]></link>
</author>
</authors>
</book>

          <book>
<id>8134469</id>
<title>The Good Daughters</title>
<title_without_series>The Good Daughters</title_without_series>
<link><![CDATA[https://www.goodreads.com/book/show/8134469-the-good-daughters]]></link>
<small_image_url><![CDATA[https://images.gr-assets.com/books/1282860314s/8134469.jpg]]></small_image_url>
<image_url><![CDATA[https://images.gr-assets.com/books/1282860314m/8134469.jpg]]></image_url>
<num_pages></num_pages>
<work>
<id>12930527</id>
</work>
<isbn>0061994316</isbn>
<isbn13>9780061994319</isbn13>
<average_rating>3.55</average_rating>
<ratings_count>7986</ratings_count>
<publication_year></publication_year>
<publication_month></publication_month>
<publication_day></publication_day>
<authors>
<author>
<id>71438</id>
<name>Joyce Maynard</name>
<link><![CDATA[https://www.goodreads.com/author/show/71438.Joyce_Maynard]]></link>
</author>
</authors>
</book>

          <book>
<id>348632</id>
<title>The Blood of Flowers</title>
<title_without_series>The Blood of Flowers</title_without_series>
<link><![CDATA[https://www.goodreads.com/book/show/348632.The_Blood_of_Flowers]]></link>
<small_image_url><![CDATA[https://s.gr-assets.com/assets/nophoto/book/50x75-a91bf249278a81aabab721ef782c4a74.png]]></small_image_url>
<image_url><![CDATA[https://s.gr-assets.com/assets/nophoto/book/111x148-bcc042a9c91a29c1d680899eff700a03.png]]></image_url>
<num_pages>368</num_pages>
<work>
<id>2256479</id>
</work>
<isbn>0316065765</isbn>
<isbn13>9780316065764</isbn13>
<average_rating>3.95</average_rating>
<ratings_count>13425</ratings_count>
<publication_year></publication_year>
<publication_month></publication_month>
<publication_day></publication_day>
<authors>
<author>
<id>200033</id>
<name>Anita Amirrezvani</name>
<link><![CDATA[https://www.goodreads.com/author/show/200033.Anita_Amirrezvani]]></link>
</author>
</authors>
</book>

          <book>
<id>12902549</id>
<title><![CDATA[An Invisible Thread: The True Story of an 11-Year-Old Panhandler, a Busy Sales Executive, and an Unlikely Meeting with Destiny]]></title>
<title_without_series><![CDATA[An Invisible Thread: The True Story of an 11-Year-Old Panhandler, a Busy Sales Executive, and an Unlikely Meeting with Destiny]]></title_without_series>
<link><![CDATA[https://www.goodreads.com/book/show/12902549-an-invisible-thread]]></link>
<small_image_url><![CDATA[https://s.gr-assets.com/assets/nophoto/book/50x75-a91bf249278a81aabab721ef782c4a74.png]]></small_image_url>
<image_url><![CDATA[https://s.gr-assets.com/assets/nophoto/book/111x148-bcc042a9c91a29c1d680899eff700a03.png]]></image_url>
<num_pages>274</num_pages>
<work>
<id>18056954</id>
</work>
<isbn></isbn>
<isbn13></isbn13>
<average_rating>4.00</average_rating>
<ratings_count>24898</ratings_count>
<publication_year></publication_year>
<publication_month></publication_month>
<publication_day></publication_day>
<authors>
<author>
<id>5050575</id>
<name>Laura Schroff</name>
<link><![CDATA[https://www.goodreads.com/author/show/5050575.Laura_Schroff]]></link>
</author>
</authors>
</book>

          <book>
<id>11331421</id>
<title>The Art of Hearing Heartbeats</title>
<title_without_series>The Art of Hearing Heartbeats</title_without_series>
<link><![CDATA[https://www.goodreads.com/book/show/11331421-the-art-of-hearing-heartbeats]]></link>
<small_image_url><![CDATA[https://images.gr-assets.com/books/1320437247s/11331421.jpg]]></small_image_url>
<image_url><![CDATA[https://images.gr-assets.com/books/1320437247m/11331421.jpg]]></image_url>
<num_pages>325</num_pages>
<work>
<id>6504537</id>
</work>
<isbn>1590514637</isbn>
<isbn13>9781590514634</isbn13>
<average_rating>3.98</average_rating>
<ratings_count>50396</ratings_count>
<publication_year>2012</publication_year>
<publication_month>1</publication_month>
<publication_day>31</publication_day>
<authors>
<author>
<id>786925</id>
<name>Jan-Philipp Sendker</name>
<link><![CDATA[https://www.goodreads.com/author/show/786925.Jan_Philipp_Sendker]]></link>
</author>
</authors>
</book>

          <book>
<id>12610962</id>
<title>Grace</title>
<title_without_series>Grace</title_without_series>
<link><![CDATA[https://www.goodreads.com/book/show/12610962-grace]]></link>
<small_image_url><![CDATA[https://s.gr-assets.com/assets/nophoto/book/50x75-a91bf249278a81aabab721ef782c4a74.png]]></small_image_url>
<image_url><![CDATA[https://s.gr-assets.com/assets/nophoto/book/111x148-bcc042a9c91a29c1d680899eff700a03.png]]></image_url>
<num_pages>416</num_pages>
<work>
<id>17626394</id>
</work>
<isbn>0758250924</isbn>
<isbn13>9780758250926</isbn13>
<average_rating>3.93</average_rating>
<ratings_count>1283</ratings_count>
<publication_year>2012</publication_year>
<publication_month>4</publication_month>
<publication_day>1</publication_day>
<authors>
<author>
<id>133394</id>
<name>T. Greenwood</name>
<link><![CDATA[https://www.goodreads.com/author/show/133394.T_Greenwood]]></link>
</author>
</authors>
</book>

  </similar_books>
</book>

</GoodreadsResponse>