<?xml version="1.0" encoding="UTF-8"?>
<GoodreadsResponse>
  <Request>
    <authentication>true</authentication>
      <key><![CDATA[all_men_must_serve]]></key>
    <method><![CDATA[book_show]]></method>
  </Request>
  <book>
  <id>10033</id>
  <title>Being and Nothingness</title>
  <isbn><![CDATA[0415278481]]></isbn>
  <isbn13><![CDATA[9780415278485]]></isbn13>
  <asin><![CDATA[]]></asin>
  <kindle_asin><![CDATA[]]></kindle_asin>
  <marketplace_id><![CDATA[]]></marketplace_id>
  <country_code><![CDATA[GB]]></country_code>
  <image_url>https://images.gr-assets.com/books/1329978583m/10033.jpg</image_url>
  <small_image_url>https://images.gr-assets.com/books/1329978583s/10033.jpg</small_image_url>
  <publication_year>2003</publication_year>
  <publication_month>8</publication_month>
  <publication_day>28</publication_day>
  <publisher>Routledge</publisher>
  <language_code>en-GB</language_code>
  <is_ebook>false</is_ebook>
  <description><![CDATA[<i>Being &amp; Nothingness</i> is without doubt one of the most significant philosophical books of the 20th century. The central work by one of the century's most influential thinkers, it altered the course of western philosophy. Its revolutionary approach challenged all previous assumptions about the individual's relationship with the world. Known as 'the Bible of existentialism', its impact on culture &amp; literature was immediate &amp; was felt worldwide, from the absurdist drama of Samuel Beckett to the soul-searching cries of the Beat poets.<br /><i>Being &amp; Nothingness</i> is one of those rare books whose influence has affected the mindset of subsequent generations. Seventy years after its 1st publication, its message remains as potent as ever--challenging readers to confront the fundamental dilemmas of human freedom, choice, responsibility &amp; action.]]></description>
  <work>
  <id type="integer">973089</id>
  <books_count type="integer">75</books_count>
  <best_book_id type="integer">10033</best_book_id>
  <reviews_count type="integer">75541</reviews_count>
  <ratings_sum type="integer">83504</ratings_sum>
  <ratings_count type="integer">21168</ratings_count>
  <text_reviews_count type="integer">313</text_reviews_count>
  <original_publication_year type="integer">1943</original_publication_year>
  <original_publication_month type="integer" nil="true"/>
  <original_publication_day type="integer" nil="true"/>
  <original_title>L'être et le néant</original_title>
  <original_language_id type="integer" nil="true"/>
  <media_type>book</media_type>
  <rating_dist>5:7311|4:7641|3:4501|2:1167|1:548|total:21168</rating_dist>
  <desc_user_id type="integer">974210</desc_user_id>
  <default_chaptering_book_id type="integer" nil="true"/>
  <default_description_language_code nil="true"/>
</work>
  <average_rating>3.94</average_rating>
  <num_pages><![CDATA[688]]></num_pages>
  <format><![CDATA[]]></format>
  <edition_information><![CDATA[]]></edition_information>
  <ratings_count><![CDATA[19917]]></ratings_count>
  <text_reviews_count><![CDATA[225]]></text_reviews_count>
  <url><![CDATA[https://www.goodreads.com/book/show/10033.Being_and_Nothingness]]></url>
  <link><![CDATA[https://www.goodreads.com/book/show/10033.Being_and_Nothingness]]></link>
  <authors>
<author>
<id>1466</id>
<name>Jean-Paul Sartre</name>
<role></role>
<image_url nophoto='false'>
<![CDATA[https://images.gr-assets.com/authors/1475567078p5/1466.jpg]]>
</image_url>
<small_image_url nophoto='false'>
<![CDATA[https://images.gr-assets.com/authors/1475567078p2/1466.jpg]]>
</small_image_url>
<link><![CDATA[https://www.goodreads.com/author/show/1466.Jean_Paul_Sartre]]></link>
<average_rating>3.98</average_rating>
<ratings_count>224422</ratings_count>
<text_reviews_count>8009</text_reviews_count>
</author>
<author>
<id>5789230</id>
<name>Hazel E. Barnes</name>
<role>translator</role>
<image_url nophoto='true'>
<![CDATA[https://s.gr-assets.com/assets/nophoto/user/u_200x266-e183445fd1a1b5cc7075bb1cf7043306.png]]>
</image_url>
<small_image_url nophoto='true'>
<![CDATA[https://s.gr-assets.com/assets/nophoto/user/u_50x66-632230dc9882b4352d753eedf9396530.png]]>
</small_image_url>
<link><![CDATA[https://www.goodreads.com/author/show/5789230.Hazel_E_Barnes]]></link>
<average_rating>3.94</average_rating>
<ratings_count>21065</ratings_count>
<text_reviews_count>308</text_reviews_count>
</author>
<author>
<id>151884</id>
<name>Mary Warnock</name>
<role>contributor</role>
<image_url nophoto='false'>
<![CDATA[https://images.gr-assets.com/authors/1300915799p5/151884.jpg]]>
</image_url>
<small_image_url nophoto='false'>
<![CDATA[https://images.gr-assets.com/authors/1300915799p2/151884.jpg]]>
</small_image_url>
<link><![CDATA[https://www.goodreads.com/author/show/151884.Mary_Warnock]]></link>
<average_rating>3.95</average_rating>
<ratings_count>20187</ratings_count>
<text_reviews_count>255</text_reviews_count>
</author>
<author>
<id>27287</id>
<name>Richard Eyre</name>
<role>contributor</role>
<image_url nophoto='false'>
<![CDATA[https://images.gr-assets.com/authors/1223003837p5/27287.jpg]]>
</image_url>
<small_image_url nophoto='false'>
<![CDATA[https://images.gr-assets.com/authors/1223003837p2/27287.jpg]]>
</small_image_url>
<link><![CDATA[https://www.goodreads.com/author/show/27287.Richard_Eyre]]></link>
<average_rating>3.97</average_rating>
<ratings_count>23456</ratings_count>
<text_reviews_count>1076</text_reviews_count>
</author>
</authors>

    <reviews_widget>
      <![CDATA[
        <style>
  #goodreads-widget {
    font-family: georgia, serif;
    padding: 18px 0;
    width:565px;
  }
  #goodreads-widget h1 {
    font-weight:normal;
    font-size: 16px;
    border-bottom: 1px solid #BBB596;
    margin-bottom: 0;
  }
  #goodreads-widget a {
    text-decoration: none;
    color:#660;
  }
  iframe{
    background-color: #fff;
  }
  #goodreads-widget a:hover { text-decoration: underline; }
  #goodreads-widget a:active {
    color:#660;
  }
  #gr_footer {
    width: 100%;
    border-top: 1px solid #BBB596;
    text-align: right;
  }
  #goodreads-widget .gr_branding{
    color: #382110;
    font-size: 11px;
    text-decoration: none;
    font-family: "Helvetica Neue", Helvetica, Arial, sans-serif;
  }
</style>
<div id="goodreads-widget">
  <div id="gr_header"><h1><a rel="nofollow" href="https://www.goodreads.com/book/show/10033.Being_and_Nothingness">Being and Nothingness Reviews</a></h1></div>
  <iframe id="the_iframe" src="https://www.goodreads.com/api/reviews_widget_iframe?did=DEVELOPER_ID&amp;format=html&amp;isbn=0415278481&amp;links=660&amp;min_rating=&amp;review_back=fff&amp;stars=000&amp;text=000" width="565" height="400" frameborder="0"></iframe>
  <div id="gr_footer">
    <a class="gr_branding" target="_blank" rel="nofollow" href="https://www.goodreads.com/book/show/10033.Being_and_Nothingness?utm_medium=api&amp;utm_source=reviews_widget">Reviews from Goodreads.com</a>
  </div>
</div>

      ]]>
    </reviews_widget>
  <popular_shelves>
      <shelf name="to-read" count="51511"/>
      <shelf name="philosophy" count="1722"/>
      <shelf name="currently-reading" count="991"/>
      <shelf name="non-fiction" count="285"/>
      <shelf name="existentialism" count="128"/>
      <shelf name="classics" count="114"/>
      <shelf name="favorites" count="105"/>
      <shelf name="nonfiction" count="96"/>
      <shelf name="french" count="91"/>
      <shelf name="to-buy" count="61"/>
      <shelf name="owned" count="61"/>
      <shelf name="psychology" count="42"/>
      <shelf name="books-i-own" count="39"/>
      <shelf name="default" count="30"/>
      <shelf name="theory" count="26"/>
      <shelf name="french-literature" count="24"/>
      <shelf name="unfinished" count="24"/>
      <shelf name="wish-list" count="22"/>
      <shelf name="philosophy-religion" count="22"/>
      <shelf name="to-read-philosophy" count="21"/>
      <shelf name="phenomenology" count="20"/>
      <shelf name="literature" count="20"/>
      <shelf name="owned-books" count="19"/>
      <shelf name="france" count="19"/>
      <shelf name="philosophie" count="18"/>
      <shelf name="daria" count="17"/>
      <shelf name="sartre" count="17"/>
      <shelf name="20th-century" count="17"/>
      <shelf name="philosophical" count="17"/>
      <shelf name="library" count="16"/>
      <shelf name="partially-read" count="16"/>
      <shelf name="translated" count="16"/>
      <shelf name="existential" count="16"/>
      <shelf name="filosofia" count="15"/>
      <shelf name="my-library" count="15"/>
      <shelf name="philosophy-to-read" count="14"/>
      <shelf name="to-read-non-fiction" count="14"/>
      <shelf name="fiction" count="14"/>
      <shelf name="must-read" count="12"/>
      <shelf name="philo" count="12"/>
      <shelf name="on-hold" count="12"/>
      <shelf name="french-lit" count="11"/>
      <shelf name="philosphy" count="11"/>
      <shelf name="reference" count="11"/>
      <shelf name="nobel-prize" count="11"/>
      <shelf name="philosophy-theory" count="10"/>
      <shelf name="academic" count="10"/>
      <shelf name="classic" count="10"/>
      <shelf name="phil" count="9"/>
      <shelf name="filosofi" count="9"/>
      <shelf name="jean-paul-sartre" count="9"/>
      <shelf name="metaphysics" count="9"/>
      <shelf name="philosophy-psychology" count="9"/>
      <shelf name="essays" count="9"/>
      <shelf name="next" count="8"/>
      <shelf name="français" count="8"/>
      <shelf name="want" count="8"/>
      <shelf name="فلسفة" count="7"/>
      <shelf name="filosofía" count="7"/>
      <shelf name="my-books" count="7"/>
      <shelf name="abandoned" count="7"/>
      <shelf name="priority" count="7"/>
      <shelf name="philosophy-and-religion" count="7"/>
      <shelf name="favourites" count="7"/>
      <shelf name="nihilism" count="6"/>
      <shelf name="filosofie" count="6"/>
      <shelf name="collection" count="6"/>
      <shelf name="great-books" count="6"/>
      <shelf name="on-the-shelf" count="6"/>
      <shelf name="bookshelf" count="6"/>
      <shelf name="philosophy-books" count="6"/>
      <shelf name="home-library" count="6"/>
      <shelf name="religion-philosophy" count="6"/>
      <shelf name="unread" count="6"/>
      <shelf name="theory-philosophy" count="5"/>
      <shelf name="read-next" count="5"/>
      <shelf name="nobel-laureates" count="5"/>
      <shelf name="to-purchase" count="5"/>
      <shelf name="to-get" count="5"/>
      <shelf name="nobel" count="5"/>
      <shelf name="mind" count="5"/>
      <shelf name="contemporary" count="5"/>
      <shelf name="nobel-prize-winners" count="5"/>
      <shelf name="philosophy-existentialism" count="5"/>
      <shelf name="academia" count="5"/>
      <shelf name="buy" count="5"/>
      <shelf name="sociology" count="5"/>
      <shelf name="non-fiction-to-read" count="5"/>
      <shelf name="existentialist" count="5"/>
      <shelf name="college" count="5"/>
      <shelf name="western-philosophy" count="5"/>
      <shelf name="thinking" count="4"/>
      <shelf name="biblioteca" count="4"/>
      <shelf name="shelfari-wishlist" count="4"/>
      <shelf name="want-to-buy" count="4"/>
      <shelf name="i-own" count="4"/>
      <shelf name="felsefe" count="4"/>
      <shelf name="فلسفه" count="4"/>
      <shelf name="ebooks" count="4"/>
      <shelf name="have" count="4"/>
  </popular_shelves>
  <book_links>
    <book_link>
  <id>8</id>
  <name>Libraries</name>
  <link>https://www.goodreads.com/book_link/follow/8</link>
</book_link>

  </book_links>
  <buy_links>
    <buy_link>
<id>1</id>
<name>Amazon</name>
<link>https://www.goodreads.com/book_link/follow/1</link>
</buy_link>
<buy_link>
<id>10</id>
<name>Audible</name>
<link>https://www.goodreads.com/book_link/follow/10</link>
</buy_link>
<buy_link>
<id>3</id>
<name>Barnes &amp; Noble</name>
<link>https://www.goodreads.com/book_link/follow/3</link>
</buy_link>
<buy_link>
<id>1027</id>
<name>Kobo</name>
<link>https://www.goodreads.com/book_link/follow/1027</link>
</buy_link>
<buy_link>
<id>2102</id>
<name>Apple iBooks</name>
<link>https://www.goodreads.com/book_link/follow/2102</link>
</buy_link>
<buy_link>
<id>8036</id>
<name>Google Play</name>
<link>https://www.goodreads.com/book_link/follow/8036</link>
</buy_link>
<buy_link>
<id>4</id>
<name>Abebooks</name>
<link>https://www.goodreads.com/book_link/follow/4</link>
</buy_link>
<buy_link>
<id>882</id>
<name>Book Depository</name>
<link>https://www.goodreads.com/book_link/follow/882</link>
</buy_link>
<buy_link>
<id>9</id>
<name>Indigo</name>
<link>https://www.goodreads.com/book_link/follow/9</link>
</buy_link>
<buy_link>
<id>2</id>
<name>Half.com</name>
<link>https://www.goodreads.com/book_link/follow/2</link>
</buy_link>
<buy_link>
<id>5</id>
<name>Alibris</name>
<link>https://www.goodreads.com/book_link/follow/5</link>
</buy_link>
<buy_link>
<id>107</id>
<name>Better World Books</name>
<link>https://www.goodreads.com/book_link/follow/107</link>
</buy_link>
<buy_link>
<id>7</id>
<name>IndieBound</name>
<link>https://www.goodreads.com/book_link/follow/7</link>
</buy_link>

  </buy_links>
  <series_works>
    
  </series_works>
  <similar_books>
          <book>
<id>92307</id>
<title>Being and Time</title>
<title_without_series>Being and Time</title_without_series>
<link><![CDATA[https://www.goodreads.com/book/show/92307.Being_and_Time]]></link>
<small_image_url><![CDATA[https://s.gr-assets.com/assets/nophoto/book/50x75-a91bf249278a81aabab721ef782c4a74.png]]></small_image_url>
<image_url><![CDATA[https://s.gr-assets.com/assets/nophoto/book/111x148-bcc042a9c91a29c1d680899eff700a03.png]]></image_url>
<num_pages>589</num_pages>
<work>
<id>1309352</id>
</work>
<isbn>0060638508</isbn>
<isbn13>9780060638504</isbn13>
<average_rating>3.99</average_rating>
<ratings_count>15517</ratings_count>
<publication_year>1962</publication_year>
<publication_month>8</publication_month>
<publication_day>1</publication_day>
<authors>
<author>
<id>6191</id>
<name>Martin Heidegger</name>
<link><![CDATA[https://www.goodreads.com/author/show/6191.Martin_Heidegger]]></link>
</author>
</authors>
</book>

          <book>
<id>24972</id>
<title><![CDATA[The Sickness Unto Death: A Christian Psychological Exposition for Upbuilding and Awakening]]></title>
<title_without_series><![CDATA[The Sickness Unto Death: A Christian Psychological Exposition for Upbuilding and Awakening]]></title_without_series>
<link><![CDATA[https://www.goodreads.com/book/show/24972.The_Sickness_Unto_Death]]></link>
<small_image_url><![CDATA[https://s.gr-assets.com/assets/nophoto/book/50x75-a91bf249278a81aabab721ef782c4a74.png]]></small_image_url>
<image_url><![CDATA[https://s.gr-assets.com/assets/nophoto/book/111x148-bcc042a9c91a29c1d680899eff700a03.png]]></image_url>
<num_pages>201</num_pages>
<work>
<id>50772</id>
</work>
<isbn>0691020280</isbn>
<isbn13>9780691020280</isbn13>
<average_rating>4.11</average_rating>
<ratings_count>6624</ratings_count>
<publication_year>1983</publication_year>
<publication_month>11</publication_month>
<publication_day>21</publication_day>
<authors>
<author>
<id>6172</id>
<name>Søren Kierkegaard</name>
<link><![CDATA[https://www.goodreads.com/author/show/6172.S_ren_Kierkegaard]]></link>
</author>
</authors>
</book>

          <book>
<id>18279</id>
<title>Phenomenology of Perception</title>
<title_without_series>Phenomenology of Perception</title_without_series>
<link><![CDATA[https://www.goodreads.com/book/show/18279.Phenomenology_of_Perception]]></link>
<small_image_url><![CDATA[https://images.gr-assets.com/books/1402711600s/18279.jpg]]></small_image_url>
<image_url><![CDATA[https://images.gr-assets.com/books/1402711600m/18279.jpg]]></image_url>
<num_pages>544</num_pages>
<work>
<id>19727</id>
</work>
<isbn>0415278414</isbn>
<isbn13>9780415278416</isbn13>
<average_rating>4.14</average_rating>
<ratings_count>4474</ratings_count>
<publication_year>2005</publication_year>
<publication_month>5</publication_month>
<publication_day>3</publication_day>
<authors>
<author>
<id>118600</id>
<name>Maurice Merleau-Ponty</name>
<link><![CDATA[https://www.goodreads.com/author/show/118600.Maurice_Merleau_Ponty]]></link>
</author>
</authors>
</book>

          <book>
<id>18288</id>
<title>Critique of Pure Reason</title>
<title_without_series>Critique of Pure Reason</title_without_series>
<link><![CDATA[https://www.goodreads.com/book/show/18288.Critique_of_Pure_Reason]]></link>
<small_image_url><![CDATA[https://s.gr-assets.com/assets/nophoto/book/50x75-a91bf249278a81aabab721ef782c4a74.png]]></small_image_url>
<image_url><![CDATA[https://s.gr-assets.com/assets/nophoto/book/111x148-bcc042a9c91a29c1d680899eff700a03.png]]></image_url>
<num_pages>796</num_pages>
<work>
<id>1072226</id>
</work>
<isbn>0521657296</isbn>
<isbn13>9780521657297</isbn13>
<average_rating>3.92</average_rating>
<ratings_count>21535</ratings_count>
<publication_year>1999</publication_year>
<publication_month>2</publication_month>
<publication_day>28</publication_day>
<authors>
<author>
<id>11038</id>
<name>Immanuel Kant</name>
<link><![CDATA[https://www.goodreads.com/author/show/11038.Immanuel_Kant]]></link>
</author>
</authors>
</book>

          <book>
<id>94578</id>
<title>The Gay Science</title>
<title_without_series>The Gay Science</title_without_series>
<link><![CDATA[https://www.goodreads.com/book/show/94578.The_Gay_Science]]></link>
<small_image_url><![CDATA[https://images.gr-assets.com/books/1374735026s/94578.jpg]]></small_image_url>
<image_url><![CDATA[https://images.gr-assets.com/books/1374735026m/94578.jpg]]></image_url>
<num_pages>398</num_pages>
<work>
<id>2382792</id>
</work>
<isbn>0394719859</isbn>
<isbn13>9780394719856</isbn13>
<average_rating>4.26</average_rating>
<ratings_count>9806</ratings_count>
<publication_year>1974</publication_year>
<publication_month>1</publication_month>
<publication_day>12</publication_day>
<authors>
<author>
<id>1938</id>
<name>Friedrich Nietzsche</name>
<link><![CDATA[https://www.goodreads.com/author/show/1938.Friedrich_Nietzsche]]></link>
</author>
</authors>
</book>

          <book>
<id>85326</id>
<title>Of Grammatology</title>
<title_without_series>Of Grammatology</title_without_series>
<link><![CDATA[https://www.goodreads.com/book/show/85326.Of_Grammatology]]></link>
<small_image_url><![CDATA[https://s.gr-assets.com/assets/nophoto/book/50x75-a91bf249278a81aabab721ef782c4a74.png]]></small_image_url>
<image_url><![CDATA[https://s.gr-assets.com/assets/nophoto/book/111x148-bcc042a9c91a29c1d680899eff700a03.png]]></image_url>
<num_pages>456</num_pages>
<work>
<id>2078997</id>
</work>
<isbn>0801858305</isbn>
<isbn13>9780801858307</isbn13>
<average_rating>3.94</average_rating>
<ratings_count>4025</ratings_count>
<publication_year>1997</publication_year>
<publication_month></publication_month>
<publication_day></publication_day>
<authors>
<author>
<id>4132</id>
<name>Jacques Derrida</name>
<link><![CDATA[https://www.goodreads.com/author/show/4132.Jacques_Derrida]]></link>
</author>
</authors>
</book>

          <book>
<id>478234</id>
<title><![CDATA[Cartesian Meditations: An Introduction to Phenomenology]]></title>
<title_without_series><![CDATA[Cartesian Meditations: An Introduction to Phenomenology]]></title_without_series>
<link><![CDATA[https://www.goodreads.com/book/show/478234.Cartesian_Meditations]]></link>
<small_image_url><![CDATA[https://s.gr-assets.com/assets/nophoto/book/50x75-a91bf249278a81aabab721ef782c4a74.png]]></small_image_url>
<image_url><![CDATA[https://s.gr-assets.com/assets/nophoto/book/111x148-bcc042a9c91a29c1d680899eff700a03.png]]></image_url>
<num_pages>176</num_pages>
<work>
<id>466669</id>
</work>
<isbn>902470068X</isbn>
<isbn13>9789024700684</isbn13>
<average_rating>3.90</average_rating>
<ratings_count>993</ratings_count>
<publication_year>1977</publication_year>
<publication_month>7</publication_month>
<publication_day>31</publication_day>
<authors>
<author>
<id>180033</id>
<name>Edmund Husserl</name>
<link><![CDATA[https://www.goodreads.com/author/show/180033.Edmund_Husserl]]></link>
</author>
</authors>
</book>

          <book>
<id>9454</id>
<title>Phenomenology of Spirit</title>
<title_without_series>Phenomenology of Spirit</title_without_series>
<link><![CDATA[https://www.goodreads.com/book/show/9454.Phenomenology_of_Spirit]]></link>
<small_image_url><![CDATA[https://images.gr-assets.com/books/1425522818s/9454.jpg]]></small_image_url>
<image_url><![CDATA[https://images.gr-assets.com/books/1425522818m/9454.jpg]]></image_url>
<num_pages>640</num_pages>
<work>
<id>995802</id>
</work>
<isbn>0198245971</isbn>
<isbn13>9780198245971</isbn13>
<average_rating>3.91</average_rating>
<ratings_count>12267</ratings_count>
<publication_year>1976</publication_year>
<publication_month>11</publication_month>
<publication_day>30</publication_day>
<authors>
<author>
<id>6188</id>
<name>Georg Wilhelm Friedrich Hegel</name>
<link><![CDATA[https://www.goodreads.com/author/show/6188.Georg_Wilhelm_Friedrich_Hegel]]></link>
</author>
</authors>
</book>

          <book>
<id>865540</id>
<title>Matter and Memory</title>
<title_without_series>Matter and Memory</title_without_series>
<link><![CDATA[https://www.goodreads.com/book/show/865540.Matter_and_Memory]]></link>
<small_image_url><![CDATA[https://s.gr-assets.com/assets/nophoto/book/50x75-a91bf249278a81aabab721ef782c4a74.png]]></small_image_url>
<image_url><![CDATA[https://s.gr-assets.com/assets/nophoto/book/111x148-bcc042a9c91a29c1d680899eff700a03.png]]></image_url>
<num_pages>288</num_pages>
<work>
<id>2267970</id>
</work>
<isbn>0942299051</isbn>
<isbn13>9780942299052</isbn13>
<average_rating>4.09</average_rating>
<ratings_count>1853</ratings_count>
<publication_year>1990</publication_year>
<publication_month>11</publication_month>
<publication_day>8</publication_day>
<authors>
<author>
<id>67070</id>
<name>Henri Bergson</name>
<link><![CDATA[https://www.goodreads.com/author/show/67070.Henri_Bergson]]></link>
</author>
</authors>
</book>

          <book>
<id>130119</id>
<title><![CDATA[An Enquiry Concerning Human Understanding]]></title>
<title_without_series><![CDATA[An Enquiry Concerning Human Understanding]]></title_without_series>
<link><![CDATA[https://www.goodreads.com/book/show/130119.An_Enquiry_Concerning_Human_Understanding]]></link>
<small_image_url><![CDATA[https://s.gr-assets.com/assets/nophoto/book/50x75-a91bf249278a81aabab721ef782c4a74.png]]></small_image_url>
<image_url><![CDATA[https://s.gr-assets.com/assets/nophoto/book/111x148-bcc042a9c91a29c1d680899eff700a03.png]]></image_url>
<num_pages>96</num_pages>
<work>
<id>300449</id>
</work>
<isbn>1420926993</isbn>
<isbn13>9781420926996</isbn13>
<average_rating>3.90</average_rating>
<ratings_count>13153</ratings_count>
<publication_year>2006</publication_year>
<publication_month>1</publication_month>
<publication_day>1</publication_day>
<authors>
<author>
<id>45726</id>
<name>David Hume</name>
<link><![CDATA[https://www.goodreads.com/author/show/45726.David_Hume]]></link>
</author>
</authors>
</book>

          <book>
<id>764791</id>
<title>A Kierkegaard Anthology</title>
<title_without_series>A Kierkegaard Anthology</title_without_series>
<link><![CDATA[https://www.goodreads.com/book/show/764791.A_Kierkegaard_Anthology]]></link>
<small_image_url><![CDATA[https://s.gr-assets.com/assets/nophoto/book/50x75-a91bf249278a81aabab721ef782c4a74.png]]></small_image_url>
<image_url><![CDATA[https://s.gr-assets.com/assets/nophoto/book/111x148-bcc042a9c91a29c1d680899eff700a03.png]]></image_url>
<num_pages>528</num_pages>
<work>
<id>750864</id>
</work>
<isbn>0691019789</isbn>
<isbn13>9780691019789</isbn13>
<average_rating>4.11</average_rating>
<ratings_count>659</ratings_count>
<publication_year>1973</publication_year>
<publication_month></publication_month>
<publication_day></publication_day>
<authors>
<author>
<id>6172</id>
<name>Søren Kierkegaard</name>
<link><![CDATA[https://www.goodreads.com/author/show/6172.S_ren_Kierkegaard]]></link>
</author>
</authors>
</book>

          <book>
<id>159994</id>
<title><![CDATA[A Treatise Concerning the Principles of Human Knowledge]]></title>
<title_without_series><![CDATA[A Treatise Concerning the Principles of Human Knowledge]]></title_without_series>
<link><![CDATA[https://www.goodreads.com/book/show/159994.A_Treatise_Concerning_the_Principles_of_Human_Knowledge]]></link>
<small_image_url><![CDATA[https://s.gr-assets.com/assets/nophoto/book/50x75-a91bf249278a81aabab721ef782c4a74.png]]></small_image_url>
<image_url><![CDATA[https://s.gr-assets.com/assets/nophoto/book/111x148-bcc042a9c91a29c1d680899eff700a03.png]]></image_url>
<num_pages>80</num_pages>
<work>
<id>1430265</id>
</work>
<isbn>1420926985</isbn>
<isbn13>9781420926989</isbn13>
<average_rating>3.68</average_rating>
<ratings_count>2229</ratings_count>
<publication_year>2006</publication_year>
<publication_month>1</publication_month>
<publication_day>1</publication_day>
<authors>
<author>
<id>92770</id>
<name>George Berkeley</name>
<link><![CDATA[https://www.goodreads.com/author/show/92770.George_Berkeley]]></link>
</author>
</authors>
</book>

          <book>
<id>19506</id>
<title><![CDATA[The World as Will and Representation, Vol 1]]></title>
<title_without_series><![CDATA[The World as Will and Representation, Vol 1]]></title_without_series>
<link><![CDATA[https://www.goodreads.com/book/show/19506.The_World_as_Will_and_Representation_Vol_1]]></link>
<small_image_url><![CDATA[https://s.gr-assets.com/assets/nophoto/book/50x75-a91bf249278a81aabab721ef782c4a74.png]]></small_image_url>
<image_url><![CDATA[https://s.gr-assets.com/assets/nophoto/book/111x148-bcc042a9c91a29c1d680899eff700a03.png]]></image_url>
<num_pages>534</num_pages>
<work>
<id>3212390</id>
</work>
<isbn>0486217612</isbn>
<isbn13>9780486217611</isbn13>
<average_rating>4.16</average_rating>
<ratings_count>6547</ratings_count>
<publication_year>1966</publication_year>
<publication_month>6</publication_month>
<publication_day>1</publication_day>
<authors>
<author>
<id>11682</id>
<name>Arthur Schopenhauer</name>
<link><![CDATA[https://www.goodreads.com/author/show/11682.Arthur_Schopenhauer]]></link>
</author>
</authors>
</book>

          <book>
<id>205218</id>
<title>Ethics</title>
<title_without_series>Ethics</title_without_series>
<link><![CDATA[https://www.goodreads.com/book/show/205218.Ethics]]></link>
<small_image_url><![CDATA[https://images.gr-assets.com/books/1462223700s/205218.jpg]]></small_image_url>
<image_url><![CDATA[https://images.gr-assets.com/books/1462223700m/205218.jpg]]></image_url>
<num_pages>186</num_pages>
<work>
<id>1218789</id>
</work>
<isbn>0140435719</isbn>
<isbn13>9780140435719</isbn13>
<average_rating>4.01</average_rating>
<ratings_count>9919</ratings_count>
<publication_year>1996</publication_year>
<publication_month>6</publication_month>
<publication_day>27</publication_day>
<authors>
<author>
<id>122092</id>
<name>Baruch Spinoza</name>
<link><![CDATA[https://www.goodreads.com/author/show/122092.Baruch_Spinoza]]></link>
</author>
</authors>
</book>

          <book>
<id>21119</id>
<title>The Ethics of Ambiguity</title>
<title_without_series>The Ethics of Ambiguity</title_without_series>
<link><![CDATA[https://www.goodreads.com/book/show/21119.The_Ethics_of_Ambiguity]]></link>
<small_image_url><![CDATA[https://s.gr-assets.com/assets/nophoto/book/50x75-a91bf249278a81aabab721ef782c4a74.png]]></small_image_url>
<image_url><![CDATA[https://s.gr-assets.com/assets/nophoto/book/111x148-bcc042a9c91a29c1d680899eff700a03.png]]></image_url>
<num_pages>162</num_pages>
<work>
<id>1257058</id>
</work>
<isbn>080650160X</isbn>
<isbn13>9780806501604</isbn13>
<average_rating>4.10</average_rating>
<ratings_count>3445</ratings_count>
<publication_year>2000</publication_year>
<publication_month>6</publication_month>
<publication_day>1</publication_day>
<authors>
<author>
<id>5548</id>
<name>Simone de Beauvoir</name>
<link><![CDATA[https://www.goodreads.com/author/show/5548.Simone_de_Beauvoir]]></link>
</author>
</authors>
</book>

          <book>
<id>26415</id>
<title><![CDATA[Existentialism from Dostoevsky to Sartre ]]></title>
<title_without_series><![CDATA[Existentialism from Dostoevsky to Sartre]]></title_without_series>
<link><![CDATA[https://www.goodreads.com/book/show/26415.Existentialism_from_Dostoevsky_to_Sartre]]></link>
<small_image_url><![CDATA[https://s.gr-assets.com/assets/nophoto/book/50x75-a91bf249278a81aabab721ef782c4a74.png]]></small_image_url>
<image_url><![CDATA[https://s.gr-assets.com/assets/nophoto/book/111x148-bcc042a9c91a29c1d680899eff700a03.png]]></image_url>
<num_pages>384</num_pages>
<work>
<id>230380</id>
</work>
<isbn>0452009308</isbn>
<isbn13>9780452009301</isbn13>
<average_rating>4.06</average_rating>
<ratings_count>4453</ratings_count>
<publication_year>1975</publication_year>
<publication_month>3</publication_month>
<publication_day>1</publication_day>
<authors>
<author>
<id>14824</id>
<name>Walter Kaufmann</name>
<link><![CDATA[https://www.goodreads.com/author/show/14824.Walter_Kaufmann]]></link>
</author>
</authors>
</book>

          <book>
<id>12073</id>
<title>Philosophical Investigations</title>
<title_without_series>Philosophical Investigations</title_without_series>
<link><![CDATA[https://www.goodreads.com/book/show/12073.Philosophical_Investigations]]></link>
<small_image_url><![CDATA[https://s.gr-assets.com/assets/nophoto/book/50x75-a91bf249278a81aabab721ef782c4a74.png]]></small_image_url>
<image_url><![CDATA[https://s.gr-assets.com/assets/nophoto/book/111x148-bcc042a9c91a29c1d680899eff700a03.png]]></image_url>
<num_pages></num_pages>
<work>
<id>2078450</id>
</work>
<isbn>0631231277</isbn>
<isbn13>9780631231271</isbn13>
<average_rating>4.23</average_rating>
<ratings_count>10092</ratings_count>
<publication_year>2001</publication_year>
<publication_month>1</publication_month>
<publication_day>15</publication_day>
<authors>
<author>
<id>7672</id>
<name>Ludwig Wittgenstein</name>
<link><![CDATA[https://www.goodreads.com/author/show/7672.Ludwig_Wittgenstein]]></link>
</author>
</authors>
</book>

          <book>
<id>770902</id>
<title><![CDATA[The Foucault Reader: An Introduction to Foucault's Thought]]></title>
<title_without_series><![CDATA[The Foucault Reader: An Introduction to Foucault's Thought]]></title_without_series>
<link><![CDATA[https://www.goodreads.com/book/show/770902.The_Foucault_Reader]]></link>
<small_image_url><![CDATA[https://images.gr-assets.com/books/1485777374s/770902.jpg]]></small_image_url>
<image_url><![CDATA[https://images.gr-assets.com/books/1485777374m/770902.jpg]]></image_url>
<num_pages>390</num_pages>
<work>
<id>756960</id>
</work>
<isbn>0394713400</isbn>
<isbn13>9780394713403</isbn13>
<average_rating>4.03</average_rating>
<ratings_count>1877</ratings_count>
<publication_year>1984</publication_year>
<publication_month>11</publication_month>
<publication_day>12</publication_day>
<authors>
<author>
<id>1260</id>
<name>Michel Foucault</name>
<link><![CDATA[https://www.goodreads.com/author/show/1260.Michel_Foucault]]></link>
</author>
</authors>
</book>

  </similar_books>
</book>

</GoodreadsResponse>