<?xml version="1.0" encoding="UTF-8"?>
<GoodreadsResponse>
  <Request>
    <authentication>true</authentication>
      <key><![CDATA[all_men_must_serve]]></key>
    <method><![CDATA[book_show]]></method>
  </Request>
  <book>
  <id>10031</id>
  <title>The Wall</title>
  <isbn><![CDATA[184391400X]]></isbn>
  <isbn13><![CDATA[9781843914006]]></isbn13>
  <asin><![CDATA[]]></asin>
  <kindle_asin><![CDATA[]]></kindle_asin>
  <marketplace_id><![CDATA[]]></marketplace_id>
  <country_code><![CDATA[GB]]></country_code>
  <image_url>https://s.gr-assets.com/assets/nophoto/book/111x148-bcc042a9c91a29c1d680899eff700a03.png</image_url>
  <small_image_url>https://s.gr-assets.com/assets/nophoto/book/50x75-a91bf249278a81aabab721ef782c4a74.png</small_image_url>
  <publication_year>2005</publication_year>
  <publication_month>4</publication_month>
  <publication_day></publication_day>
  <publisher>Hesperus Press</publisher>
  <language_code>eng</language_code>
  <is_ebook>false</is_ebook>
  <description><![CDATA['The Wall', the lead story in this collection, introduces three political prisoners on the night prior to their execution. Through the gaze of an impartial doctor--seemingly there for the men's solace--their mental descent is charted in exquisite, often harrowing detail. And as the morning draws inexorably closer, the men cross the psychological wall between life and death, long before the first shot rings out.<br /><br />This brilliant snapshot of life in anguish is the perfect introduction to a collection of stories where the neurosis of the modern world is mirrored in the lives of the people that inhabit it.]]></description>
  <work>
  <id type="integer">12776</id>
  <books_count type="integer">116</books_count>
  <best_book_id type="integer">10031</best_book_id>
  <reviews_count type="integer">34072</reviews_count>
  <ratings_sum type="integer">63413</ratings_sum>
  <ratings_count type="integer">15583</ratings_count>
  <text_reviews_count type="integer">452</text_reviews_count>
  <original_publication_year type="integer">1939</original_publication_year>
  <original_publication_month type="integer" nil="true"/>
  <original_publication_day type="integer" nil="true"/>
  <original_title>Le Mur</original_title>
  <original_language_id type="integer" nil="true"/>
  <media_type>book</media_type>
  <rating_dist>5:5630|4:6240|3:3033|2:524|1:156|total:15583</rating_dist>
  <desc_user_id type="integer">17110444</desc_user_id>
  <default_chaptering_book_id type="integer" nil="true"/>
  <default_description_language_code nil="true"/>
</work>
  <average_rating>4.07</average_rating>
  <num_pages><![CDATA[183]]></num_pages>
  <format><![CDATA[]]></format>
  <edition_information><![CDATA[]]></edition_information>
  <ratings_count><![CDATA[12196]]></ratings_count>
  <text_reviews_count><![CDATA[224]]></text_reviews_count>
  <url><![CDATA[https://www.goodreads.com/book/show/10031.The_Wall]]></url>
  <link><![CDATA[https://www.goodreads.com/book/show/10031.The_Wall]]></link>
  <authors>
<author>
<id>1466</id>
<name>Jean-Paul Sartre</name>
<role></role>
<image_url nophoto='false'>
<![CDATA[https://images.gr-assets.com/authors/1475567078p5/1466.jpg]]>
</image_url>
<small_image_url nophoto='false'>
<![CDATA[https://images.gr-assets.com/authors/1475567078p2/1466.jpg]]>
</small_image_url>
<link><![CDATA[https://www.goodreads.com/author/show/1466.Jean_Paul_Sartre]]></link>
<average_rating>3.98</average_rating>
<ratings_count>224423</ratings_count>
<text_reviews_count>8009</text_reviews_count>
</author>
</authors>

    <reviews_widget>
      <![CDATA[
        <style>
  #goodreads-widget {
    font-family: georgia, serif;
    padding: 18px 0;
    width:565px;
  }
  #goodreads-widget h1 {
    font-weight:normal;
    font-size: 16px;
    border-bottom: 1px solid #BBB596;
    margin-bottom: 0;
  }
  #goodreads-widget a {
    text-decoration: none;
    color:#660;
  }
  iframe{
    background-color: #fff;
  }
  #goodreads-widget a:hover { text-decoration: underline; }
  #goodreads-widget a:active {
    color:#660;
  }
  #gr_footer {
    width: 100%;
    border-top: 1px solid #BBB596;
    text-align: right;
  }
  #goodreads-widget .gr_branding{
    color: #382110;
    font-size: 11px;
    text-decoration: none;
    font-family: "Helvetica Neue", Helvetica, Arial, sans-serif;
  }
</style>
<div id="goodreads-widget">
  <div id="gr_header"><h1><a rel="nofollow" href="https://www.goodreads.com/book/show/10031.The_Wall">The Wall Reviews</a></h1></div>
  <iframe id="the_iframe" src="https://www.goodreads.com/api/reviews_widget_iframe?did=DEVELOPER_ID&amp;format=html&amp;isbn=184391400X&amp;links=660&amp;min_rating=&amp;review_back=fff&amp;stars=000&amp;text=000" width="565" height="400" frameborder="0"></iframe>
  <div id="gr_footer">
    <a class="gr_branding" target="_blank" rel="nofollow" href="https://www.goodreads.com/book/show/10031.The_Wall?utm_medium=api&amp;utm_source=reviews_widget">Reviews from Goodreads.com</a>
  </div>
</div>

      ]]>
    </reviews_widget>
  <popular_shelves>
      <shelf name="to-read" count="6367"/>
      <shelf name="currently-reading" count="191"/>
      <shelf name="philosophy" count="138"/>
      <shelf name="fiction" count="116"/>
      <shelf name="short-stories" count="99"/>
      <shelf name="favorites" count="78"/>
      <shelf name="french" count="72"/>
      <shelf name="classics" count="64"/>
      <shelf name="french-literature" count="42"/>
      <shelf name="owned" count="31"/>
      <shelf name="existentialism" count="24"/>
      <shelf name="psychology" count="23"/>
      <shelf name="france" count="22"/>
      <shelf name="to-buy" count="22"/>
      <shelf name="favourites" count="16"/>
      <shelf name="short-story" count="15"/>
      <shelf name="sartre" count="15"/>
      <shelf name="plays" count="15"/>
      <shelf name="default" count="14"/>
      <shelf name="books-i-own" count="13"/>
      <shelf name="owned-books" count="12"/>
      <shelf name="literature" count="11"/>
      <shelf name="francais" count="11"/>
      <shelf name="classic" count="10"/>
      <shelf name="novels" count="10"/>
      <shelf name="school" count="10"/>
      <shelf name="french-lit" count="8"/>
      <shelf name="20th-century" count="8"/>
      <shelf name="translated" count="8"/>
      <shelf name="books" count="8"/>
      <shelf name="nobel" count="8"/>
      <shelf name="finished" count="8"/>
      <shelf name="maybe" count="7"/>
      <shelf name="racconti" count="7"/>
      <shelf name="library" count="6"/>
      <shelf name="nobel-prize" count="6"/>
      <shelf name="french-fiction" count="6"/>
      <shelf name="letteratura-francese" count="6"/>
      <shelf name="lit" count="6"/>
      <shelf name="drama" count="6"/>
      <shelf name="european" count="6"/>
      <shelf name="jean-paul-sartre" count="5"/>
      <shelf name="wish-list" count="5"/>
      <shelf name="favourite" count="5"/>
      <shelf name="read-for-school" count="5"/>
      <shelf name="pdf" count="5"/>
      <shelf name="my-library" count="5"/>
      <shelf name="europe" count="5"/>
      <shelf name="روايات" count="5"/>
      <shelf name="contemporary" count="5"/>
      <shelf name="short-story-collections" count="5"/>
      <shelf name="roman" count="5"/>
      <shelf name="read-in-french" count="5"/>
      <shelf name="read-in-2017" count="4"/>
      <shelf name="my-books" count="4"/>
      <shelf name="en-français" count="4"/>
      <shelf name="short" count="4"/>
      <shelf name="nobel-laureates" count="4"/>
      <shelf name="short-fiction" count="4"/>
      <shelf name="modern-classics" count="4"/>
      <shelf name="existential-fiction" count="4"/>
      <shelf name="francia" count="4"/>
      <shelf name="novella" count="4"/>
      <shelf name="to-purchase" count="4"/>
      <shelf name="war" count="4"/>
      <shelf name="philosophie" count="4"/>
      <shelf name="philo" count="4"/>
      <shelf name="literary-fiction" count="4"/>
      <shelf name="school-reading" count="4"/>
      <shelf name="nobel-prize-winners" count="4"/>
      <shelf name="persian" count="4"/>
      <shelf name="high-school" count="4"/>
      <shelf name="shorts" count="4"/>
      <shelf name="existentialists" count="4"/>
      <shelf name="romans" count="4"/>
      <shelf name="modern" count="4"/>
      <shelf name="frans" count="4"/>
      <shelf name="أدب-فرنسي" count="3"/>
      <shelf name="öykü" count="3"/>
      <shelf name="book-collection" count="3"/>
      <shelf name="next" count="3"/>
      <shelf name="read-in-2015" count="3"/>
      <shelf name="read-2015" count="3"/>
      <shelf name="to-read-later" count="3"/>
      <shelf name="biblioteca" count="3"/>
      <shelf name="need-to-buy" count="3"/>
      <shelf name="philosophical" count="3"/>
      <shelf name="owned-unread" count="3"/>
      <shelf name="stories" count="3"/>
      <shelf name="non-fiction" count="3"/>
      <shelf name="novellas" count="3"/>
      <shelf name="franse-literatuur" count="3"/>
      <shelf name="klasika" count="3"/>
      <shelf name="narrativa" count="3"/>
      <shelf name="litterature" count="3"/>
      <shelf name="to-read-classics" count="3"/>
      <shelf name="english" count="3"/>
      <shelf name="رمان" count="3"/>
      <shelf name="داستان-كوتاه" count="3"/>
      <shelf name="want-to-own" count="3"/>
  </popular_shelves>
  <book_links>
    <book_link>
  <id>8</id>
  <name>Libraries</name>
  <link>https://www.goodreads.com/book_link/follow/8</link>
</book_link>

  </book_links>
  <buy_links>
    <buy_link>
<id>1</id>
<name>Amazon</name>
<link>https://www.goodreads.com/book_link/follow/1</link>
</buy_link>
<buy_link>
<id>10</id>
<name>Audible</name>
<link>https://www.goodreads.com/book_link/follow/10</link>
</buy_link>
<buy_link>
<id>3</id>
<name>Barnes &amp; Noble</name>
<link>https://www.goodreads.com/book_link/follow/3</link>
</buy_link>
<buy_link>
<id>1027</id>
<name>Kobo</name>
<link>https://www.goodreads.com/book_link/follow/1027</link>
</buy_link>
<buy_link>
<id>2102</id>
<name>Apple iBooks</name>
<link>https://www.goodreads.com/book_link/follow/2102</link>
</buy_link>
<buy_link>
<id>8036</id>
<name>Google Play</name>
<link>https://www.goodreads.com/book_link/follow/8036</link>
</buy_link>
<buy_link>
<id>4</id>
<name>Abebooks</name>
<link>https://www.goodreads.com/book_link/follow/4</link>
</buy_link>
<buy_link>
<id>882</id>
<name>Book Depository</name>
<link>https://www.goodreads.com/book_link/follow/882</link>
</buy_link>
<buy_link>
<id>9</id>
<name>Indigo</name>
<link>https://www.goodreads.com/book_link/follow/9</link>
</buy_link>
<buy_link>
<id>2</id>
<name>Half.com</name>
<link>https://www.goodreads.com/book_link/follow/2</link>
</buy_link>
<buy_link>
<id>5</id>
<name>Alibris</name>
<link>https://www.goodreads.com/book_link/follow/5</link>
</buy_link>
<buy_link>
<id>107</id>
<name>Better World Books</name>
<link>https://www.goodreads.com/book_link/follow/107</link>
</buy_link>
<buy_link>
<id>7</id>
<name>IndieBound</name>
<link>https://www.goodreads.com/book_link/follow/7</link>
</buy_link>

  </buy_links>
  <series_works>
    
  </series_works>
  <similar_books>
          <book>
<id>76826</id>
<title>Exile and the Kingdom</title>
<title_without_series>Exile and the Kingdom</title_without_series>
<link><![CDATA[https://www.goodreads.com/book/show/76826.Exile_and_the_Kingdom]]></link>
<small_image_url><![CDATA[https://images.gr-assets.com/books/1482768294s/76826.jpg]]></small_image_url>
<image_url><![CDATA[https://images.gr-assets.com/books/1482768294m/76826.jpg]]></image_url>
<num_pages></num_pages>
<work>
<id>1028050</id>
</work>
<isbn>067973385X</isbn>
<isbn13>9780679733850</isbn13>
<average_rating>3.88</average_rating>
<ratings_count>7610</ratings_count>
<publication_year></publication_year>
<publication_month></publication_month>
<publication_day></publication_day>
<authors>
<author>
<id>957894</id>
<name>Albert Camus</name>
<link><![CDATA[https://www.goodreads.com/author/show/957894.Albert_Camus]]></link>
</author>
</authors>
</book>

          <book>
<id>106096</id>
<title>Death on the Installment Plan</title>
<title_without_series>Death on the Installment Plan</title_without_series>
<link><![CDATA[https://www.goodreads.com/book/show/106096.Death_on_the_Installment_Plan]]></link>
<small_image_url><![CDATA[https://images.gr-assets.com/books/1327947390s/106096.jpg]]></small_image_url>
<image_url><![CDATA[https://images.gr-assets.com/books/1327947390m/106096.jpg]]></image_url>
<num_pages>592</num_pages>
<work>
<id>881096</id>
</work>
<isbn>0811200175</isbn>
<isbn13>9780811200172</isbn13>
<average_rating>4.23</average_rating>
<ratings_count>5338</ratings_count>
<publication_year>1971</publication_year>
<publication_month>1</publication_month>
<publication_day>17</publication_day>
<authors>
<author>
<id>7869</id>
<name>Louis-Ferdinand Céline</name>
<link><![CDATA[https://www.goodreads.com/author/show/7869.Louis_Ferdinand_C_line]]></link>
</author>
</authors>
</book>

          <book>
<id>161557</id>
<title>The Blood of Others</title>
<title_without_series>The Blood of Others</title_without_series>
<link><![CDATA[https://www.goodreads.com/book/show/161557.The_Blood_of_Others]]></link>
<small_image_url><![CDATA[https://s.gr-assets.com/assets/nophoto/book/50x75-a91bf249278a81aabab721ef782c4a74.png]]></small_image_url>
<image_url><![CDATA[https://s.gr-assets.com/assets/nophoto/book/111x148-bcc042a9c91a29c1d680899eff700a03.png]]></image_url>
<num_pages>240</num_pages>
<work>
<id>314408</id>
</work>
<isbn>0140183337</isbn>
<isbn13>9780140183337</isbn13>
<average_rating>3.96</average_rating>
<ratings_count>1330</ratings_count>
<publication_year>1964</publication_year>
<publication_month></publication_month>
<publication_day></publication_day>
<authors>
<author>
<id>5548</id>
<name>Simone de Beauvoir</name>
<link><![CDATA[https://www.goodreads.com/author/show/5548.Simone_de_Beauvoir]]></link>
</author>
</authors>
</book>

          <book>
<id>469406</id>
<title>Strait is the Gate</title>
<title_without_series>Strait is the Gate</title_without_series>
<link><![CDATA[https://www.goodreads.com/book/show/469406.Strait_is_the_Gate]]></link>
<small_image_url><![CDATA[https://s.gr-assets.com/assets/nophoto/book/50x75-a91bf249278a81aabab721ef782c4a74.png]]></small_image_url>
<image_url><![CDATA[https://s.gr-assets.com/assets/nophoto/book/111x148-bcc042a9c91a29c1d680899eff700a03.png]]></image_url>
<num_pages>104</num_pages>
<work>
<id>702632</id>
</work>
<isbn>159569062X</isbn>
<isbn13>9781595690623</isbn13>
<average_rating>3.59</average_rating>
<ratings_count>2753</ratings_count>
<publication_year>2007</publication_year>
<publication_month>3</publication_month>
<publication_day>8</publication_day>
<authors>
<author>
<id>7617</id>
<name>André Gide</name>
<link><![CDATA[https://www.goodreads.com/author/show/7617.Andr_Gide]]></link>
</author>
</authors>
</book>

          <book>
<id>28369</id>
<title>Zazie in the Metro</title>
<title_without_series>Zazie in the Metro</title_without_series>
<link><![CDATA[https://www.goodreads.com/book/show/28369.Zazie_in_the_Metro]]></link>
<small_image_url><![CDATA[https://images.gr-assets.com/books/1327953179s/28369.jpg]]></small_image_url>
<image_url><![CDATA[https://images.gr-assets.com/books/1327953179m/28369.jpg]]></image_url>
<num_pages>157</num_pages>
<work>
<id>517194</id>
</work>
<isbn>0142180041</isbn>
<isbn13>9780142180044</isbn13>
<average_rating>3.74</average_rating>
<ratings_count>4806</ratings_count>
<publication_year>2001</publication_year>
<publication_month>10</publication_month>
<publication_day>25</publication_day>
<authors>
<author>
<id>15957</id>
<name>Raymond Queneau</name>
<link><![CDATA[https://www.goodreads.com/author/show/15957.Raymond_Queneau]]></link>
</author>
</authors>
</book>

          <book>
<id>141825</id>
<title><![CDATA[Blues for a Black Cat and Other Stories]]></title>
<title_without_series><![CDATA[Blues for a Black Cat and Other Stories]]></title_without_series>
<link><![CDATA[https://www.goodreads.com/book/show/141825.Blues_for_a_Black_Cat_and_Other_Stories]]></link>
<small_image_url><![CDATA[https://images.gr-assets.com/books/1328818122s/141825.jpg]]></small_image_url>
<image_url><![CDATA[https://images.gr-assets.com/books/1328818122m/141825.jpg]]></image_url>
<num_pages>116</num_pages>
<work>
<id>136789</id>
</work>
<isbn>0803296096</isbn>
<isbn13>9780803296091</isbn13>
<average_rating>3.78</average_rating>
<ratings_count>871</ratings_count>
<publication_year>2001</publication_year>
<publication_month>4</publication_month>
<publication_day>1</publication_day>
<authors>
<author>
<id>15959</id>
<name>Boris Vian</name>
<link><![CDATA[https://www.goodreads.com/author/show/15959.Boris_Vian]]></link>
</author>
</authors>
</book>

          <book>
<id>26415</id>
<title><![CDATA[Existentialism from Dostoevsky to Sartre ]]></title>
<title_without_series><![CDATA[Existentialism from Dostoevsky to Sartre]]></title_without_series>
<link><![CDATA[https://www.goodreads.com/book/show/26415.Existentialism_from_Dostoevsky_to_Sartre]]></link>
<small_image_url><![CDATA[https://s.gr-assets.com/assets/nophoto/book/50x75-a91bf249278a81aabab721ef782c4a74.png]]></small_image_url>
<image_url><![CDATA[https://s.gr-assets.com/assets/nophoto/book/111x148-bcc042a9c91a29c1d680899eff700a03.png]]></image_url>
<num_pages>384</num_pages>
<work>
<id>230380</id>
</work>
<isbn>0452009308</isbn>
<isbn13>9780452009301</isbn13>
<average_rating>4.06</average_rating>
<ratings_count>4453</ratings_count>
<publication_year>1975</publication_year>
<publication_month>3</publication_month>
<publication_day>1</publication_day>
<authors>
<author>
<id>14824</id>
<name>Walter Kaufmann</name>
<link><![CDATA[https://www.goodreads.com/author/show/14824.Walter_Kaufmann]]></link>
</author>
</authors>
</book>

          <book>
<id>109830</id>
<title>Man&apos;s Fate</title>
<title_without_series>Man&apos;s Fate</title_without_series>
<link><![CDATA[https://www.goodreads.com/book/show/109830.Man_s_Fate]]></link>
<small_image_url><![CDATA[https://s.gr-assets.com/assets/nophoto/book/50x75-a91bf249278a81aabab721ef782c4a74.png]]></small_image_url>
<image_url><![CDATA[https://s.gr-assets.com/assets/nophoto/book/111x148-bcc042a9c91a29c1d680899eff700a03.png]]></image_url>
<num_pages>368</num_pages>
<work>
<id>105859</id>
</work>
<isbn>0679725741</isbn>
<isbn13>9780679725749</isbn13>
<average_rating>3.77</average_rating>
<ratings_count>3211</ratings_count>
<publication_year>1990</publication_year>
<publication_month>2</publication_month>
<publication_day>19</publication_day>
<authors>
<author>
<id>63564</id>
<name>André Malraux</name>
<link><![CDATA[https://www.goodreads.com/author/show/63564.Andr_Malraux]]></link>
</author>
</authors>
</book>

          <book>
<id>105399</id>
<title>Viper&apos;s Tangle</title>
<title_without_series>Viper&apos;s Tangle</title_without_series>
<link><![CDATA[https://www.goodreads.com/book/show/105399.Viper_s_Tangle]]></link>
<small_image_url><![CDATA[https://s.gr-assets.com/assets/nophoto/book/50x75-a91bf249278a81aabab721ef782c4a74.png]]></small_image_url>
<image_url><![CDATA[https://s.gr-assets.com/assets/nophoto/book/111x148-bcc042a9c91a29c1d680899eff700a03.png]]></image_url>
<num_pages>312</num_pages>
<work>
<id>101611</id>
</work>
<isbn>0829422110</isbn>
<isbn13>9780829422115</isbn13>
<average_rating>4.06</average_rating>
<ratings_count>1550</ratings_count>
<publication_year>2005</publication_year>
<publication_month>9</publication_month>
<publication_day>1</publication_day>
<authors>
<author>
<id>61023</id>
<name>François Mauriac</name>
<link><![CDATA[https://www.goodreads.com/author/show/61023.Fran_ois_Mauriac]]></link>
</author>
</authors>
</book>

          <book>
<id>48180</id>
<title>Hell</title>
<title_without_series>Hell</title_without_series>
<link><![CDATA[https://www.goodreads.com/book/show/48180.Hell]]></link>
<small_image_url><![CDATA[https://s.gr-assets.com/assets/nophoto/book/50x75-a91bf249278a81aabab721ef782c4a74.png]]></small_image_url>
<image_url><![CDATA[https://s.gr-assets.com/assets/nophoto/book/111x148-bcc042a9c91a29c1d680899eff700a03.png]]></image_url>
<num_pages>255</num_pages>
<work>
<id>47149</id>
</work>
<isbn>1885983018</isbn>
<isbn13>9781885983015</isbn13>
<average_rating>3.71</average_rating>
<ratings_count>1137</ratings_count>
<publication_year>1995</publication_year>
<publication_month>3</publication_month>
<publication_day>1</publication_day>
<authors>
<author>
<id>26978</id>
<name>Henri Barbusse</name>
<link><![CDATA[https://www.goodreads.com/author/show/26978.Henri_Barbusse]]></link>
</author>
</authors>
</book>

  </similar_books>
</book>

</GoodreadsResponse>