<?xml version="1.0" encoding="UTF-8"?>
<GoodreadsResponse>
  <Request>
    <authentication>true</authentication>
      <key><![CDATA[all_men_must_serve]]></key>
    <method><![CDATA[book_show]]></method>
  </Request>
  <book>
  <id>100476</id>
  <title><![CDATA[The Sea of Trolls (Sea of Trolls, #1)]]></title>
  <isbn><![CDATA[0689867468]]></isbn>
  <isbn13><![CDATA[9780689867460]]></isbn13>
  <asin><![CDATA[]]></asin>
  <kindle_asin><![CDATA[B002RI9E2S]]></kindle_asin>
  <marketplace_id><![CDATA[A1F83G8C2ARO7P]]></marketplace_id>
  <country_code><![CDATA[GB]]></country_code>
  <image_url>https://s.gr-assets.com/assets/nophoto/book/111x148-bcc042a9c91a29c1d680899eff700a03.png</image_url>
  <small_image_url>https://s.gr-assets.com/assets/nophoto/book/50x75-a91bf249278a81aabab721ef782c4a74.png</small_image_url>
  <publication_year>2006</publication_year>
  <publication_month>6</publication_month>
  <publication_day>1</publication_day>
  <publisher>Atheneum Books for Young Readers</publisher>
  <language_code>eng</language_code>
  <is_ebook>false</is_ebook>
  <description><![CDATA[Jack was 11 when berserkers loomed out of the fog and nabbed him. Now in 793 AD, Jack and his little sister Lucy are enslaved by Olaf One-Brow, and his fierce young shipmate Thorgil. Alongside the crow "Bold Heart", they learn to "Just say no to pillaging."]]></description>
  <work>
  <id type="integer">2769926</id>
  <books_count type="integer">42</books_count>
  <best_book_id type="integer">100476</best_book_id>
  <reviews_count type="integer">22283</reviews_count>
  <ratings_sum type="integer">51788</ratings_sum>
  <ratings_count type="integer">12960</ratings_count>
  <text_reviews_count type="integer">957</text_reviews_count>
  <original_publication_year type="integer">2004</original_publication_year>
  <original_publication_month type="integer">1</original_publication_month>
  <original_publication_day type="integer">28</original_publication_day>
  <original_title> The Sea of Trolls</original_title>
  <original_language_id type="integer" nil="true"/>
  <media_type>book</media_type>
  <rating_dist>5:4572|4:4827|3:2730|2:599|1:232|total:12960</rating_dist>
  <desc_user_id type="integer">4717304</desc_user_id>
  <default_chaptering_book_id type="integer" nil="true"/>
  <default_description_language_code nil="true"/>
</work>
  <average_rating>4.00</average_rating>
  <num_pages><![CDATA[459]]></num_pages>
  <format><![CDATA[Paperback]]></format>
  <edition_information><![CDATA[]]></edition_information>
  <ratings_count><![CDATA[12073]]></ratings_count>
  <text_reviews_count><![CDATA[847]]></text_reviews_count>
  <url><![CDATA[https://www.goodreads.com/book/show/100476.The_Sea_of_Trolls]]></url>
  <link><![CDATA[https://www.goodreads.com/book/show/100476.The_Sea_of_Trolls]]></link>
  <authors>
<author>
<id>8360</id>
<name>Nancy Farmer</name>
<role></role>
<image_url nophoto='false'>
<![CDATA[https://images.gr-assets.com/authors/1207168030p5/8360.jpg]]>
</image_url>
<small_image_url nophoto='false'>
<![CDATA[https://images.gr-assets.com/authors/1207168030p2/8360.jpg]]>
</small_image_url>
<link><![CDATA[https://www.goodreads.com/author/show/8360.Nancy_Farmer]]></link>
<average_rating>4.02</average_rating>
<ratings_count>108880</ratings_count>
<text_reviews_count>9094</text_reviews_count>
</author>
</authors>

    <reviews_widget>
      <![CDATA[
        <style>
  #goodreads-widget {
    font-family: georgia, serif;
    padding: 18px 0;
    width:565px;
  }
  #goodreads-widget h1 {
    font-weight:normal;
    font-size: 16px;
    border-bottom: 1px solid #BBB596;
    margin-bottom: 0;
  }
  #goodreads-widget a {
    text-decoration: none;
    color:#660;
  }
  iframe{
    background-color: #fff;
  }
  #goodreads-widget a:hover { text-decoration: underline; }
  #goodreads-widget a:active {
    color:#660;
  }
  #gr_footer {
    width: 100%;
    border-top: 1px solid #BBB596;
    text-align: right;
  }
  #goodreads-widget .gr_branding{
    color: #382110;
    font-size: 11px;
    text-decoration: none;
    font-family: "Helvetica Neue", Helvetica, Arial, sans-serif;
  }
</style>
<div id="goodreads-widget">
  <div id="gr_header"><h1><a rel="nofollow" href="https://www.goodreads.com/book/show/100476.The_Sea_of_Trolls">The Sea of Trolls Reviews</a></h1></div>
  <iframe id="the_iframe" src="https://www.goodreads.com/api/reviews_widget_iframe?did=DEVELOPER_ID&amp;format=html&amp;isbn=0689867468&amp;links=660&amp;min_rating=&amp;review_back=fff&amp;stars=000&amp;text=000" width="565" height="400" frameborder="0"></iframe>
  <div id="gr_footer">
    <a class="gr_branding" target="_blank" rel="nofollow" href="https://www.goodreads.com/book/show/100476.The_Sea_of_Trolls?utm_medium=api&amp;utm_source=reviews_widget">Reviews from Goodreads.com</a>
  </div>
</div>

      ]]>
    </reviews_widget>
  <popular_shelves>
      <shelf name="to-read" count="7303"/>
      <shelf name="fantasy" count="769"/>
      <shelf name="young-adult" count="278"/>
      <shelf name="currently-reading" count="237"/>
      <shelf name="favorites" count="149"/>
      <shelf name="mythology" count="118"/>
      <shelf name="ya" count="112"/>
      <shelf name="adventure" count="102"/>
      <shelf name="fiction" count="100"/>
      <shelf name="historical-fiction" count="97"/>
      <shelf name="owned" count="67"/>
      <shelf name="series" count="61"/>
      <shelf name="books-i-own" count="53"/>
      <shelf name="middle-grade" count="48"/>
      <shelf name="historical" count="42"/>
      <shelf name="children-s" count="39"/>
      <shelf name="childrens" count="38"/>
      <shelf name="ya-fantasy" count="37"/>
      <shelf name="magic" count="35"/>
      <shelf name="children" count="34"/>
      <shelf name="sci-fi-fantasy" count="26"/>
      <shelf name="juvenile" count="25"/>
      <shelf name="teen" count="25"/>
      <shelf name="default" count="22"/>
      <shelf name="vikings" count="22"/>
      <shelf name="fantasy-sci-fi" count="18"/>
      <shelf name="children-s-books" count="18"/>
      <shelf name="audiobook" count="17"/>
      <shelf name="norse-mythology" count="17"/>
      <shelf name="audio" count="16"/>
      <shelf name="action-adventure" count="15"/>
      <shelf name="trolls" count="15"/>
      <shelf name="library" count="15"/>
      <shelf name="nancy-farmer" count="15"/>
      <shelf name="childhood" count="14"/>
      <shelf name="kids" count="14"/>
      <shelf name="owned-books" count="13"/>
      <shelf name="middle-school" count="13"/>
      <shelf name="historical-fantasy" count="13"/>
      <shelf name="fantasy-scifi" count="13"/>
      <shelf name="own-it" count="12"/>
      <shelf name="first-in-series" count="11"/>
      <shelf name="to-buy" count="11"/>
      <shelf name="my-books" count="10"/>
      <shelf name="my-library" count="10"/>
      <shelf name="abandoned" count="10"/>
      <shelf name="ya-lit" count="10"/>
      <shelf name="young-adult-fiction" count="10"/>
      <shelf name="re-read" count="9"/>
      <shelf name="norse" count="9"/>
      <shelf name="sea-of-trolls" count="9"/>
      <shelf name="medieval" count="9"/>
      <shelf name="children-s-lit" count="9"/>
      <shelf name="kids-books" count="9"/>
      <shelf name="juvenile-fiction" count="9"/>
      <shelf name="audiobooks" count="9"/>
      <shelf name="ya-fiction" count="9"/>
      <shelf name="bards" count="9"/>
      <shelf name="scifi-fantasy" count="9"/>
      <shelf name="action" count="8"/>
      <shelf name="wish-list" count="8"/>
      <shelf name="science-fiction-fantasy" count="8"/>
      <shelf name="history" count="8"/>
      <shelf name="scandinavia" count="8"/>
      <shelf name="dragons" count="8"/>
      <shelf name="english-420" count="8"/>
      <shelf name="i-own" count="8"/>
      <shelf name="favorite" count="8"/>
      <shelf name="youngadult" count="8"/>
      <shelf name="shelfari-favorites" count="7"/>
      <shelf name="book-club" count="7"/>
      <shelf name="high-fantasy" count="7"/>
      <shelf name="novel" count="7"/>
      <shelf name="books" count="7"/>
      <shelf name="young" count="7"/>
      <shelf name="animals" count="7"/>
      <shelf name="kid-books" count="7"/>
      <shelf name="young-adults" count="7"/>
      <shelf name="teen-fiction" count="7"/>
      <shelf name="scifi-fantasy-horror" count="6"/>
      <shelf name="read-in-2014" count="6"/>
      <shelf name="kindle" count="6"/>
      <shelf name="favourites" count="6"/>
      <shelf name="epic-fantasy" count="6"/>
      <shelf name="fiction-fantasy" count="6"/>
      <shelf name="childhood-books" count="6"/>
      <shelf name="youth" count="6"/>
      <shelf name="coming-of-age" count="6"/>
      <shelf name="pirates" count="6"/>
      <shelf name="fantasy-fiction" count="6"/>
      <shelf name="novels" count="6"/>
      <shelf name="farmer" count="6"/>
      <shelf name="childrens-literature" count="6"/>
      <shelf name="young-adult-books" count="6"/>
      <shelf name="maybe" count="5"/>
      <shelf name="series-to-read" count="5"/>
      <shelf name="collection" count="5"/>
      <shelf name="4th-quarter" count="5"/>
      <shelf name="engl-420" count="5"/>
      <shelf name="childrens-books" count="5"/>
  </popular_shelves>
  <book_links>
    <book_link>
  <id>8</id>
  <name>Libraries</name>
  <link>https://www.goodreads.com/book_link/follow/8</link>
</book_link>

  </book_links>
  <buy_links>
    <buy_link>
<id>1</id>
<name>Amazon</name>
<link>https://www.goodreads.com/book_link/follow/1</link>
</buy_link>
<buy_link>
<id>10</id>
<name>Audible</name>
<link>https://www.goodreads.com/book_link/follow/10</link>
</buy_link>
<buy_link>
<id>3</id>
<name>Barnes &amp; Noble</name>
<link>https://www.goodreads.com/book_link/follow/3</link>
</buy_link>
<buy_link>
<id>1027</id>
<name>Kobo</name>
<link>https://www.goodreads.com/book_link/follow/1027</link>
</buy_link>
<buy_link>
<id>2102</id>
<name>Apple iBooks</name>
<link>https://www.goodreads.com/book_link/follow/2102</link>
</buy_link>
<buy_link>
<id>8036</id>
<name>Google Play</name>
<link>https://www.goodreads.com/book_link/follow/8036</link>
</buy_link>
<buy_link>
<id>4</id>
<name>Abebooks</name>
<link>https://www.goodreads.com/book_link/follow/4</link>
</buy_link>
<buy_link>
<id>882</id>
<name>Book Depository</name>
<link>https://www.goodreads.com/book_link/follow/882</link>
</buy_link>
<buy_link>
<id>9</id>
<name>Indigo</name>
<link>https://www.goodreads.com/book_link/follow/9</link>
</buy_link>
<buy_link>
<id>2</id>
<name>Half.com</name>
<link>https://www.goodreads.com/book_link/follow/2</link>
</buy_link>
<buy_link>
<id>5</id>
<name>Alibris</name>
<link>https://www.goodreads.com/book_link/follow/5</link>
</buy_link>
<buy_link>
<id>107</id>
<name>Better World Books</name>
<link>https://www.goodreads.com/book_link/follow/107</link>
</buy_link>
<buy_link>
<id>7</id>
<name>IndieBound</name>
<link>https://www.goodreads.com/book_link/follow/7</link>
</buy_link>

  </buy_links>
  <series_works>
    <series_work>
<id>163633</id>
<user_position>1</user_position>
<series>
<id>45098</id>
<title>
<![CDATA[
    Sea of Trolls
]]>
</title>
<description>
<![CDATA[
]]>
</description>
<note>
<![CDATA[
]]>
</note>
<series_works_count>3</series_works_count>
<primary_work_count>3</primary_work_count>
<numbered>true</numbered>
</series>

</series_work>

  </series_works>
  <similar_books>
          <book>
<id>709454</id>
<title>Troll Blood (Troll, #3)</title>
<title_without_series>Troll Blood</title_without_series>
<link><![CDATA[https://www.goodreads.com/book/show/709454.Troll_Blood]]></link>
<small_image_url><![CDATA[https://s.gr-assets.com/assets/nophoto/book/50x75-a91bf249278a81aabab721ef782c4a74.png]]></small_image_url>
<image_url><![CDATA[https://s.gr-assets.com/assets/nophoto/book/111x148-bcc042a9c91a29c1d680899eff700a03.png]]></image_url>
<num_pages></num_pages>
<work>
<id>2666976</id>
</work>
<isbn>000721488X</isbn>
<isbn13>9780007214884</isbn13>
<average_rating>3.93</average_rating>
<ratings_count>344</ratings_count>
<publication_year>2011</publication_year>
<publication_month>2</publication_month>
<publication_day>11</publication_day>
<authors>
<author>
<id>58011</id>
<name>Katherine Langrish</name>
<link><![CDATA[https://www.goodreads.com/author/show/58011.Katherine_Langrish]]></link>
</author>
</authors>
</book>

          <book>
<id>579562</id>
<title>Lionboy (Lionboy Trilogy #1)</title>
<title_without_series>Lionboy</title_without_series>
<link><![CDATA[https://www.goodreads.com/book/show/579562.Lionboy]]></link>
<small_image_url><![CDATA[https://images.gr-assets.com/books/1417215615s/579562.jpg]]></small_image_url>
<image_url><![CDATA[https://images.gr-assets.com/books/1417215615m/579562.jpg]]></image_url>
<num_pages>275</num_pages>
<work>
<id>48556856</id>
</work>
<isbn>0142402265</isbn>
<isbn13>9780142402269</isbn13>
<average_rating>3.76</average_rating>
<ratings_count>1374</ratings_count>
<publication_year>2003</publication_year>
<publication_month>9</publication_month>
<publication_day>2</publication_day>
<authors>
<author>
<id>165466</id>
<name>Zizou Corder</name>
<link><![CDATA[https://www.goodreads.com/author/show/165466.Zizou_Corder]]></link>
</author>
</authors>
</book>

          <book>
<id>213652</id>
<title><![CDATA[Heir Apparent (Rasmussem Corporation, #2)]]></title>
<title_without_series>Heir Apparent</title_without_series>
<link><![CDATA[https://www.goodreads.com/book/show/213652.Heir_Apparent]]></link>
<small_image_url><![CDATA[https://images.gr-assets.com/books/1378760495s/213652.jpg]]></small_image_url>
<image_url><![CDATA[https://images.gr-assets.com/books/1378760495m/213652.jpg]]></image_url>
<num_pages></num_pages>
<work>
<id>1032171</id>
</work>
<isbn>0152051252</isbn>
<isbn13>9780152051259</isbn13>
<average_rating>4.10</average_rating>
<ratings_count>8662</ratings_count>
<publication_year></publication_year>
<publication_month></publication_month>
<publication_day></publication_day>
<authors>
<author>
<id>13014</id>
<name>Vivian Vande Velde</name>
<link><![CDATA[https://www.goodreads.com/author/show/13014.Vivian_Vande_Velde]]></link>
</author>
</authors>
</book>

          <book>
<id>876582</id>
<title><![CDATA[The Ravenmaster's Secret: Escape From The Tower Of London]]></title>
<title_without_series><![CDATA[The Ravenmaster's Secret: Escape From The Tower Of London]]></title_without_series>
<link><![CDATA[https://www.goodreads.com/book/show/876582.The_Ravenmaster_s_Secret]]></link>
<small_image_url><![CDATA[https://images.gr-assets.com/books/1328869426s/876582.jpg]]></small_image_url>
<image_url><![CDATA[https://images.gr-assets.com/books/1328869426m/876582.jpg]]></image_url>
<num_pages>225</num_pages>
<work>
<id>899676</id>
</work>
<isbn>0439281342</isbn>
<isbn13>9780439281348</isbn13>
<average_rating>3.82</average_rating>
<ratings_count>1731</ratings_count>
<publication_year></publication_year>
<publication_month></publication_month>
<publication_day></publication_day>
<authors>
<author>
<id>4355</id>
<name>Elvira Woodruff</name>
<link><![CDATA[https://www.goodreads.com/author/show/4355.Elvira_Woodruff]]></link>
</author>
</authors>
</book>

          <book>
<id>633446</id>
<title>Runemarks (Runemarks, #1)</title>
<title_without_series>Runemarks</title_without_series>
<link><![CDATA[https://www.goodreads.com/book/show/633446.Runemarks]]></link>
<small_image_url><![CDATA[https://images.gr-assets.com/books/1322757188s/633446.jpg]]></small_image_url>
<image_url><![CDATA[https://images.gr-assets.com/books/1322757188m/633446.jpg]]></image_url>
<num_pages>528</num_pages>
<work>
<id>619740</id>
</work>
<isbn>0385611307</isbn>
<isbn13>9780385611305</isbn13>
<average_rating>3.73</average_rating>
<ratings_count>6024</ratings_count>
<publication_year>2007</publication_year>
<publication_month>8</publication_month>
<publication_day>2</publication_day>
<authors>
<author>
<id>9432</id>
<name>Joanne Harris</name>
<link><![CDATA[https://www.goodreads.com/author/show/9432.Joanne_Harris]]></link>
</author>
</authors>
</book>

          <book>
<id>333423</id>
<title>Mimus</title>
<title_without_series>Mimus</title_without_series>
<link><![CDATA[https://www.goodreads.com/book/show/333423.Mimus]]></link>
<small_image_url><![CDATA[https://s.gr-assets.com/assets/nophoto/book/50x75-a91bf249278a81aabab721ef782c4a74.png]]></small_image_url>
<image_url><![CDATA[https://s.gr-assets.com/assets/nophoto/book/111x148-bcc042a9c91a29c1d680899eff700a03.png]]></image_url>
<num_pages>394</num_pages>
<work>
<id>323951</id>
</work>
<isbn>1550379240</isbn>
<isbn13>9781550379242</isbn13>
<average_rating>4.16</average_rating>
<ratings_count>1174</ratings_count>
<publication_year>2005</publication_year>
<publication_month>9</publication_month>
<publication_day>3</publication_day>
<authors>
<author>
<id>191220</id>
<name>Lilli Thal</name>
<link><![CDATA[https://www.goodreads.com/author/show/191220.Lilli_Thal]]></link>
</author>
</authors>
</book>

          <book>
<id>105571</id>
<title>Endymion Spring</title>
<title_without_series>Endymion Spring</title_without_series>
<link><![CDATA[https://www.goodreads.com/book/show/105571.Endymion_Spring]]></link>
<small_image_url><![CDATA[https://images.gr-assets.com/books/1320478504s/105571.jpg]]></small_image_url>
<image_url><![CDATA[https://images.gr-assets.com/books/1320478504m/105571.jpg]]></image_url>
<num_pages>393</num_pages>
<work>
<id>2898547</id>
</work>
<isbn>0385733801</isbn>
<isbn13>9780385733809</isbn13>
<average_rating>3.59</average_rating>
<ratings_count>3807</ratings_count>
<publication_year></publication_year>
<publication_month></publication_month>
<publication_day></publication_day>
<authors>
<author>
<id>61115</id>
<name>Matthew Skelton</name>
<link><![CDATA[https://www.goodreads.com/author/show/61115.Matthew_Skelton]]></link>
</author>
</authors>
</book>

          <book>
<id>3453791</id>
<title>Heroes of the Valley</title>
<title_without_series>Heroes of the Valley</title_without_series>
<link><![CDATA[https://www.goodreads.com/book/show/3453791-heroes-of-the-valley]]></link>
<small_image_url><![CDATA[https://s.gr-assets.com/assets/nophoto/book/50x75-a91bf249278a81aabab721ef782c4a74.png]]></small_image_url>
<image_url><![CDATA[https://s.gr-assets.com/assets/nophoto/book/111x148-bcc042a9c91a29c1d680899eff700a03.png]]></image_url>
<num_pages>483</num_pages>
<work>
<id>3494969</id>
</work>
<isbn>142310966X</isbn>
<isbn13>9781423109662</isbn13>
<average_rating>3.43</average_rating>
<ratings_count>4367</ratings_count>
<publication_year></publication_year>
<publication_month></publication_month>
<publication_day></publication_day>
<authors>
<author>
<id>33467</id>
<name>Jonathan Stroud</name>
<link><![CDATA[https://www.goodreads.com/author/show/33467.Jonathan_Stroud]]></link>
</author>
</authors>
</book>

          <book>
<id>99714</id>
<title><![CDATA[The Floating Island (The Lost Journals of Ven Polypheme, #1)]]></title>
<title_without_series>The Floating Island</title_without_series>
<link><![CDATA[https://www.goodreads.com/book/show/99714.The_Floating_Island]]></link>
<small_image_url><![CDATA[https://images.gr-assets.com/books/1316728558s/99714.jpg]]></small_image_url>
<image_url><![CDATA[https://images.gr-assets.com/books/1316728558m/99714.jpg]]></image_url>
<num_pages></num_pages>
<work>
<id>96133</id>
</work>
<isbn>0765308673</isbn>
<isbn13>9780765308672</isbn13>
<average_rating>3.91</average_rating>
<ratings_count>1817</ratings_count>
<publication_year></publication_year>
<publication_month></publication_month>
<publication_day></publication_day>
<authors>
<author>
<id>57461</id>
<name>Elizabeth Haydon</name>
<link><![CDATA[https://www.goodreads.com/author/show/57461.Elizabeth_Haydon]]></link>
</author>
</authors>
</book>

          <book>
<id>1094933</id>
<title>The Folk Keeper</title>
<title_without_series>The Folk Keeper</title_without_series>
<link><![CDATA[https://www.goodreads.com/book/show/1094933.The_Folk_Keeper]]></link>
<small_image_url><![CDATA[https://images.gr-assets.com/books/1344392423s/1094933.jpg]]></small_image_url>
<image_url><![CDATA[https://images.gr-assets.com/books/1344392423m/1094933.jpg]]></image_url>
<num_pages>176</num_pages>
<work>
<id>2670085</id>
</work>
<isbn>0689844611</isbn>
<isbn13>9780689844614</isbn13>
<average_rating>3.93</average_rating>
<ratings_count>2518</ratings_count>
<publication_year>2001</publication_year>
<publication_month>9</publication_month>
<publication_day>1</publication_day>
<authors>
<author>
<id>249843</id>
<name>Franny Billingsley</name>
<link><![CDATA[https://www.goodreads.com/author/show/249843.Franny_Billingsley]]></link>
</author>
</authors>
</book>

          <book>
<id>638674</id>
<title><![CDATA[Montmorency On The Rocks: Doctor, Aristocrat, Murderer? (Montmorency, #2)]]></title>
<title_without_series><![CDATA[Montmorency On The Rocks: Doctor, Aristocrat, Murderer?]]></title_without_series>
<link><![CDATA[https://www.goodreads.com/book/show/638674.Montmorency_On_The_Rocks]]></link>
<small_image_url><![CDATA[https://s.gr-assets.com/assets/nophoto/book/50x75-a91bf249278a81aabab721ef782c4a74.png]]></small_image_url>
<image_url><![CDATA[https://s.gr-assets.com/assets/nophoto/book/111x148-bcc042a9c91a29c1d680899eff700a03.png]]></image_url>
<num_pages>368</num_pages>
<work>
<id>1749148</id>
</work>
<isbn>0439606772</isbn>
<isbn13>9780439606776</isbn13>
<average_rating>3.89</average_rating>
<ratings_count>1131</ratings_count>
<publication_year>2006</publication_year>
<publication_month>2</publication_month>
<publication_day>1</publication_day>
<authors>
<author>
<id>344344</id>
<name>Eleanor Updale</name>
<link><![CDATA[https://www.goodreads.com/author/show/344344.Eleanor_Updale]]></link>
</author>
</authors>
</book>

          <book>
<id>621687</id>
<title><![CDATA[Gideon the Cutpurse (The Gideon Trilogy, #1)]]></title>
<title_without_series>Gideon the Cutpurse</title_without_series>
<link><![CDATA[https://www.goodreads.com/book/show/621687.Gideon_the_Cutpurse]]></link>
<small_image_url><![CDATA[https://images.gr-assets.com/books/1327522274s/621687.jpg]]></small_image_url>
<image_url><![CDATA[https://images.gr-assets.com/books/1327522274m/621687.jpg]]></image_url>
<num_pages>404</num_pages>
<work>
<id>3028150</id>
</work>
<isbn>1416915257</isbn>
<isbn13>9781416915256</isbn13>
<average_rating>3.72</average_rating>
<ratings_count>5770</ratings_count>
<publication_year>2006</publication_year>
<publication_month>7</publication_month>
<publication_day>1</publication_day>
<authors>
<author>
<id>336049</id>
<name>Linda Buckley-Archer</name>
<link><![CDATA[https://www.goodreads.com/author/show/336049.Linda_Buckley_Archer]]></link>
</author>
</authors>
</book>

          <book>
<id>710437</id>
<title><![CDATA[Fly by Night (Fly by Night, #1)]]></title>
<title_without_series>Fly by Night</title_without_series>
<link><![CDATA[https://www.goodreads.com/book/show/710437.Fly_by_Night]]></link>
<small_image_url><![CDATA[https://images.gr-assets.com/books/1423450460s/710437.jpg]]></small_image_url>
<image_url><![CDATA[https://images.gr-assets.com/books/1423450460m/710437.jpg]]></image_url>
<num_pages>486</num_pages>
<work>
<id>198421</id>
</work>
<isbn>0060876271</isbn>
<isbn13>9780060876272</isbn13>
<average_rating>3.76</average_rating>
<ratings_count>4822</ratings_count>
<publication_year>2006</publication_year>
<publication_month>5</publication_month>
<publication_day>1</publication_day>
<authors>
<author>
<id>119830</id>
<name>Frances Hardinge</name>
<link><![CDATA[https://www.goodreads.com/author/show/119830.Frances_Hardinge]]></link>
</author>
</authors>
</book>

          <book>
<id>773693</id>
<title>The Iron Ring</title>
<title_without_series>The Iron Ring</title_without_series>
<link><![CDATA[https://www.goodreads.com/book/show/773693.The_Iron_Ring]]></link>
<small_image_url><![CDATA[https://s.gr-assets.com/assets/nophoto/book/50x75-a91bf249278a81aabab721ef782c4a74.png]]></small_image_url>
<image_url><![CDATA[https://s.gr-assets.com/assets/nophoto/book/111x148-bcc042a9c91a29c1d680899eff700a03.png]]></image_url>
<num_pages>283</num_pages>
<work>
<id>2626</id>
</work>
<isbn>0141303484</isbn>
<isbn13>9780141303482</isbn13>
<average_rating>3.82</average_rating>
<ratings_count>3286</ratings_count>
<publication_year>1999</publication_year>
<publication_month>5</publication_month>
<publication_day>24</publication_day>
<authors>
<author>
<id>8924</id>
<name>Lloyd Alexander</name>
<link><![CDATA[https://www.goodreads.com/author/show/8924.Lloyd_Alexander]]></link>
</author>
</authors>
</book>

          <book>
<id>20343</id>
<title><![CDATA[The Various (Touchstone Trilogy, #1)]]></title>
<title_without_series>The Various</title_without_series>
<link><![CDATA[https://www.goodreads.com/book/show/20343.The_Various]]></link>
<small_image_url><![CDATA[https://s.gr-assets.com/assets/nophoto/book/50x75-a91bf249278a81aabab721ef782c4a74.png]]></small_image_url>
<image_url><![CDATA[https://s.gr-assets.com/assets/nophoto/book/111x148-bcc042a9c91a29c1d680899eff700a03.png]]></image_url>
<num_pages>448</num_pages>
<work>
<id>874785</id>
</work>
<isbn>0440420296</isbn>
<isbn13>9780440420293</isbn13>
<average_rating>3.71</average_rating>
<ratings_count>1040</ratings_count>
<publication_year>2005</publication_year>
<publication_month>11</publication_month>
<publication_day>8</publication_day>
<authors>
<author>
<id>12030</id>
<name>Steve Augarde</name>
<link><![CDATA[https://www.goodreads.com/author/show/12030.Steve_Augarde]]></link>
</author>
</authors>
</book>

          <book>
<id>1947017</id>
<title><![CDATA[Gods of Manhattan (Gods of Manhattan, #1)]]></title>
<title_without_series>Gods of Manhattan</title_without_series>
<link><![CDATA[https://www.goodreads.com/book/show/1947017.Gods_of_Manhattan]]></link>
<small_image_url><![CDATA[https://s.gr-assets.com/assets/nophoto/book/50x75-a91bf249278a81aabab721ef782c4a74.png]]></small_image_url>
<image_url><![CDATA[https://s.gr-assets.com/assets/nophoto/book/111x148-bcc042a9c91a29c1d680899eff700a03.png]]></image_url>
<num_pages></num_pages>
<work>
<id>1949821</id>
</work>
<isbn>0525479554</isbn>
<isbn13>9780525479550</isbn13>
<average_rating>3.69</average_rating>
<ratings_count>1687</ratings_count>
<publication_year></publication_year>
<publication_month></publication_month>
<publication_day></publication_day>
<authors>
<author>
<id>254291</id>
<name>Scott Mebus</name>
<link><![CDATA[https://www.goodreads.com/author/show/254291.Scott_Mebus]]></link>
</author>
</authors>
</book>

          <book>
<id>332854</id>
<title><![CDATA[The Shadow Thieves (Cronus Chronicles, #1)]]></title>
<title_without_series>The Shadow Thieves</title_without_series>
<link><![CDATA[https://www.goodreads.com/book/show/332854.The_Shadow_Thieves]]></link>
<small_image_url><![CDATA[https://images.gr-assets.com/books/1341558550s/332854.jpg]]></small_image_url>
<image_url><![CDATA[https://images.gr-assets.com/books/1341558550m/332854.jpg]]></image_url>
<num_pages>424</num_pages>
<work>
<id>323387</id>
</work>
<isbn>141690588X</isbn>
<isbn13>9781416905882</isbn13>
<average_rating>3.77</average_rating>
<ratings_count>5477</ratings_count>
<publication_year>2007</publication_year>
<publication_month>4</publication_month>
<publication_day>24</publication_day>
<authors>
<author>
<id>122302</id>
<name>Anne Ursu</name>
<link><![CDATA[https://www.goodreads.com/author/show/122302.Anne_Ursu]]></link>
</author>
</authors>
</book>

          <book>
<id>2873356</id>
<title><![CDATA[Sacred Scars (A Resurrection of Magic, #2)]]></title>
<title_without_series>Sacred Scars</title_without_series>
<link><![CDATA[https://www.goodreads.com/book/show/2873356-sacred-scars]]></link>
<small_image_url><![CDATA[https://images.gr-assets.com/books/1275460378s/2873356.jpg]]></small_image_url>
<image_url><![CDATA[https://images.gr-assets.com/books/1275460378m/2873356.jpg]]></image_url>
<num_pages>554</num_pages>
<work>
<id>2899519</id>
</work>
<isbn>0689840950</isbn>
<isbn13>9780689840951</isbn13>
<average_rating>4.12</average_rating>
<ratings_count>1503</ratings_count>
<publication_year>2009</publication_year>
<publication_month>8</publication_month>
<publication_day>4</publication_day>
<authors>
<author>
<id>179733</id>
<name>Kathleen Duey</name>
<link><![CDATA[https://www.goodreads.com/author/show/179733.Kathleen_Duey]]></link>
</author>
</authors>
</book>

  </similar_books>
</book>

</GoodreadsResponse>