<?xml version="1.0" encoding="UTF-8"?>
<GoodreadsResponse>
  <Request>
    <authentication>true</authentication>
      <key><![CDATA[all_men_must_serve]]></key>
    <method><![CDATA[book_show]]></method>
  </Request>
  <book>
  <id>10058</id>
  <title>Flags of Our Fathers</title>
  <isbn><![CDATA[0553384155]]></isbn>
  <isbn13><![CDATA[9780553384154]]></isbn13>
  <asin><![CDATA[]]></asin>
  <kindle_asin><![CDATA[B0045JKE8K]]></kindle_asin>
  <marketplace_id><![CDATA[A1F83G8C2ARO7P]]></marketplace_id>
  <country_code><![CDATA[GB]]></country_code>
  <image_url>https://s.gr-assets.com/assets/nophoto/book/111x148-bcc042a9c91a29c1d680899eff700a03.png</image_url>
  <small_image_url>https://s.gr-assets.com/assets/nophoto/book/50x75-a91bf249278a81aabab721ef782c4a74.png</small_image_url>
  <publication_year>2006</publication_year>
  <publication_month>8</publication_month>
  <publication_day>29</publication_day>
  <publisher>Bantam</publisher>
  <language_code></language_code>
  <is_ebook>false</is_ebook>
  <description><![CDATA[#1 <i>NEW YORK TIMES </i>BESTSELLER<br /><br /><b>THE TRUE STORY BEHIND THE IMMORTAL PHOTOGRAPH THAT HAS COME TO SYMBOLIZE THE COURAGE AND INDOMITABLE WILL OF AMERICA</b><br /><br />In February 1945, American Marines plunged into the surf at Iwo Jima—and into history. Through a hail of machine-gun and mortar fire that left the beaches strewn with comrades, they battled to the island’s highest peak. And after climbing through a landscape of hell itself, they raised a flag.<br /><br />Now the son of one of the flagraisers has written a powerful account of six very different young men who came together in a moment that will live forever.<br /><br />To his family, John Bradley never spoke of the photograph or the war. But after his death at age seventy, his family discovered closed boxes of letters and photos. In <i>Flags of Our Fathers</i>, James Bradley draws on those documents to retrace the lives of his father and the men of Easy Company. Following these men’s paths to Iwo Jima, James Bradley has written a classic story of the heroic battle for the Pacific’s most crucial island—an island riddled with Japanese tunnels and 22,000 fanatic defenders who would fight to the last man.<br /><br />But perhaps the most interesting part of the story is what happened after the victory. The men in the photo—three were killed during the battle—were proclaimed heroes and flown home, to become reluctant symbols. For two of them, the adulation was shattering. Only James Bradley’s father truly survived, displaying no copy of the famous photograph in his home, telling his son only: “The real heroes of Iwo Jima were the guys who didn’t come back.”<br /><br />Few books ever have captured the complexity and furor of war and its aftermath as well as <i>Flags of Our Fathers</i>. A penetrating, epic look at a generation at war, this is history told with keen insight, enormous honesty, and the passion of a son paying homage to his father. It is the story of the difference between truth and myth, the meaning of being a hero, and the essence of the human experience of war.]]></description>
  <work>
  <id type="integer">2618496</id>
  <books_count type="integer">45</books_count>
  <best_book_id type="integer">10058</best_book_id>
  <reviews_count type="integer">60166</reviews_count>
  <ratings_sum type="integer">164984</ratings_sum>
  <ratings_count type="integer">39485</ratings_count>
  <text_reviews_count type="integer">1365</text_reviews_count>
  <original_publication_year type="integer">2000</original_publication_year>
  <original_publication_month type="integer">5</original_publication_month>
  <original_publication_day type="integer">2</original_publication_day>
  <original_title>Flags of Our Fathers</original_title>
  <original_language_id type="integer" nil="true"/>
  <media_type>book</media_type>
  <rating_dist>5:17366|4:14292|3:5990|2:1179|1:658|total:39485</rating_dist>
  <desc_user_id type="integer">18844579</desc_user_id>
  <default_chaptering_book_id type="integer" nil="true"/>
  <default_description_language_code nil="true"/>
</work>
  <average_rating>4.18</average_rating>
  <num_pages><![CDATA[382]]></num_pages>
  <format><![CDATA[Paperback]]></format>
  <edition_information><![CDATA[]]></edition_information>
  <ratings_count><![CDATA[37612]]></ratings_count>
  <text_reviews_count><![CDATA[1138]]></text_reviews_count>
  <url><![CDATA[https://www.goodreads.com/book/show/10058.Flags_of_Our_Fathers]]></url>
  <link><![CDATA[https://www.goodreads.com/book/show/10058.Flags_of_Our_Fathers]]></link>
  <authors>
<author>
<id>6568</id>
<name>James D. Bradley</name>
<role></role>
<image_url nophoto='false'>
<![CDATA[https://images.gr-assets.com/authors/1380092055p5/6568.jpg]]>
</image_url>
<small_image_url nophoto='false'>
<![CDATA[https://images.gr-assets.com/authors/1380092055p2/6568.jpg]]>
</small_image_url>
<link><![CDATA[https://www.goodreads.com/author/show/6568.James_D_Bradley]]></link>
<average_rating>4.14</average_rating>
<ratings_count>58614</ratings_count>
<text_reviews_count>3107</text_reviews_count>
</author>
<author>
<id>2027</id>
<name>Ron Powers</name>
<role></role>
<image_url nophoto='false'>
<![CDATA[https://images.gr-assets.com/authors/1309220907p5/2027.jpg]]>
</image_url>
<small_image_url nophoto='false'>
<![CDATA[https://images.gr-assets.com/authors/1309220907p2/2027.jpg]]>
</small_image_url>
<link><![CDATA[https://www.goodreads.com/author/show/2027.Ron_Powers]]></link>
<average_rating>4.16</average_rating>
<ratings_count>42459</ratings_count>
<text_reviews_count>1786</text_reviews_count>
</author>
</authors>

    <reviews_widget>
      <![CDATA[
        <style>
  #goodreads-widget {
    font-family: georgia, serif;
    padding: 18px 0;
    width:565px;
  }
  #goodreads-widget h1 {
    font-weight:normal;
    font-size: 16px;
    border-bottom: 1px solid #BBB596;
    margin-bottom: 0;
  }
  #goodreads-widget a {
    text-decoration: none;
    color:#660;
  }
  iframe{
    background-color: #fff;
  }
  #goodreads-widget a:hover { text-decoration: underline; }
  #goodreads-widget a:active {
    color:#660;
  }
  #gr_footer {
    width: 100%;
    border-top: 1px solid #BBB596;
    text-align: right;
  }
  #goodreads-widget .gr_branding{
    color: #382110;
    font-size: 11px;
    text-decoration: none;
    font-family: "Helvetica Neue", Helvetica, Arial, sans-serif;
  }
</style>
<div id="goodreads-widget">
  <div id="gr_header"><h1><a rel="nofollow" href="https://www.goodreads.com/book/show/10058.Flags_of_Our_Fathers">Flags of Our Fathers Reviews</a></h1></div>
  <iframe id="the_iframe" src="https://www.goodreads.com/api/reviews_widget_iframe?did=DEVELOPER_ID&amp;format=html&amp;isbn=0553384155&amp;links=660&amp;min_rating=&amp;review_back=fff&amp;stars=000&amp;text=000" width="565" height="400" frameborder="0"></iframe>
  <div id="gr_footer">
    <a class="gr_branding" target="_blank" rel="nofollow" href="https://www.goodreads.com/book/show/10058.Flags_of_Our_Fathers?utm_medium=api&amp;utm_source=reviews_widget">Reviews from Goodreads.com</a>
  </div>
</div>

      ]]>
    </reviews_widget>
  <popular_shelves>
      <shelf name="to-read" count="18198"/>
      <shelf name="history" count="747"/>
      <shelf name="non-fiction" count="456"/>
      <shelf name="currently-reading" count="400"/>
      <shelf name="nonfiction" count="191"/>
      <shelf name="war" count="172"/>
      <shelf name="military" count="169"/>
      <shelf name="wwii" count="152"/>
      <shelf name="favorites" count="133"/>
      <shelf name="world-war-ii" count="116"/>
      <shelf name="biography" count="90"/>
      <shelf name="military-history" count="89"/>
      <shelf name="books-i-own" count="80"/>
      <shelf name="owned" count="76"/>
      <shelf name="historical" count="68"/>
      <shelf name="american-history" count="65"/>
      <shelf name="world-war-2" count="51"/>
      <shelf name="ww2" count="51"/>
      <shelf name="default" count="43"/>
      <shelf name="book-club" count="33"/>
      <shelf name="owned-books" count="25"/>
      <shelf name="audio" count="25"/>
      <shelf name="my-library" count="20"/>
      <shelf name="audiobook" count="20"/>
      <shelf name="library" count="19"/>
      <shelf name="us-history" count="18"/>
      <shelf name="iwo-jima" count="16"/>
      <shelf name="world-war-two" count="15"/>
      <shelf name="historical-fiction" count="15"/>
      <shelf name="ebook" count="14"/>
      <shelf name="world-war-ll" count="14"/>
      <shelf name="hist" count="13"/>
      <shelf name="kindle" count="13"/>
      <shelf name="biographies" count="13"/>
      <shelf name="historical-non-fiction" count="13"/>
      <shelf name="have" count="12"/>
      <shelf name="audiobooks" count="12"/>
      <shelf name="historical-nonfiction" count="12"/>
      <shelf name="history-wwii" count="11"/>
      <shelf name="japan" count="11"/>
      <shelf name="non-fiction-history" count="11"/>
      <shelf name="biography-memoir" count="11"/>
      <shelf name="adult" count="11"/>
      <shelf name="fiction" count="10"/>
      <shelf name="ww-ii" count="10"/>
      <shelf name="history-biography" count="10"/>
      <shelf name="history-military" count="9"/>
      <shelf name="my-books" count="9"/>
      <shelf name="memoir" count="9"/>
      <shelf name="america" count="8"/>
      <shelf name="school" count="8"/>
      <shelf name="adult-nonfiction" count="8"/>
      <shelf name="2006" count="8"/>
      <shelf name="world" count="8"/>
      <shelf name="favorite-books" count="8"/>
      <shelf name="i-own" count="8"/>
      <shelf name="unread" count="7"/>
      <shelf name="military-war" count="7"/>
      <shelf name="owned-to-read" count="7"/>
      <shelf name="own-it" count="7"/>
      <shelf name="to-read-history" count="7"/>
      <shelf name="personal-library" count="7"/>
      <shelf name="classics" count="7"/>
      <shelf name="to-read-non-fiction" count="7"/>
      <shelf name="to-buy" count="7"/>
      <shelf name="bookshelf" count="6"/>
      <shelf name="marine-corps" count="6"/>
      <shelf name="book-to-movie" count="6"/>
      <shelf name="audio-book" count="6"/>
      <shelf name="wars" count="6"/>
      <shelf name="memoirs" count="6"/>
      <shelf name="american" count="6"/>
      <shelf name="james-bradley" count="6"/>
      <shelf name="wish-list" count="6"/>
      <shelf name="military-nonfiction" count="6"/>
      <shelf name="non-fiction-to-read" count="6"/>
      <shelf name="to-read-own" count="6"/>
      <shelf name="20th-century" count="5"/>
      <shelf name="my-bookshelf" count="5"/>
      <shelf name="books-i-have" count="5"/>
      <shelf name="b" count="5"/>
      <shelf name="history-bio" count="5"/>
      <shelf name="audible" count="5"/>
      <shelf name="history-ww2" count="5"/>
      <shelf name="home-library" count="5"/>
      <shelf name="my-favorites" count="5"/>
      <shelf name="bookclub" count="5"/>
      <shelf name="history-american" count="5"/>
      <shelf name="ww-2" count="5"/>
      <shelf name="in-my-library" count="5"/>
      <shelf name="politics" count="5"/>
      <shelf name="movie" count="5"/>
      <shelf name="military-non-fiction" count="5"/>
      <shelf name="2016-reads" count="4"/>
      <shelf name="shelfari-favorites" count="4"/>
      <shelf name="audio-books" count="4"/>
      <shelf name="owned-but-not-read" count="4"/>
      <shelf name="united-states" count="4"/>
      <shelf name="need-to-buy" count="4"/>
      <shelf name="second-world-war" count="4"/>
  </popular_shelves>
  <book_links>
    <book_link>
  <id>8</id>
  <name>Libraries</name>
  <link>https://www.goodreads.com/book_link/follow/8</link>
</book_link>

  </book_links>
  <buy_links>
    <buy_link>
<id>1</id>
<name>Amazon</name>
<link>https://www.goodreads.com/book_link/follow/1</link>
</buy_link>
<buy_link>
<id>10</id>
<name>Audible</name>
<link>https://www.goodreads.com/book_link/follow/10</link>
</buy_link>
<buy_link>
<id>3</id>
<name>Barnes &amp; Noble</name>
<link>https://www.goodreads.com/book_link/follow/3</link>
</buy_link>
<buy_link>
<id>1027</id>
<name>Kobo</name>
<link>https://www.goodreads.com/book_link/follow/1027</link>
</buy_link>
<buy_link>
<id>2102</id>
<name>Apple iBooks</name>
<link>https://www.goodreads.com/book_link/follow/2102</link>
</buy_link>
<buy_link>
<id>8036</id>
<name>Google Play</name>
<link>https://www.goodreads.com/book_link/follow/8036</link>
</buy_link>
<buy_link>
<id>4</id>
<name>Abebooks</name>
<link>https://www.goodreads.com/book_link/follow/4</link>
</buy_link>
<buy_link>
<id>882</id>
<name>Book Depository</name>
<link>https://www.goodreads.com/book_link/follow/882</link>
</buy_link>
<buy_link>
<id>9</id>
<name>Indigo</name>
<link>https://www.goodreads.com/book_link/follow/9</link>
</buy_link>
<buy_link>
<id>2</id>
<name>Half.com</name>
<link>https://www.goodreads.com/book_link/follow/2</link>
</buy_link>
<buy_link>
<id>5</id>
<name>Alibris</name>
<link>https://www.goodreads.com/book_link/follow/5</link>
</buy_link>
<buy_link>
<id>107</id>
<name>Better World Books</name>
<link>https://www.goodreads.com/book_link/follow/107</link>
</buy_link>
<buy_link>
<id>7</id>
<name>IndieBound</name>
<link>https://www.goodreads.com/book_link/follow/7</link>
</buy_link>

  </buy_links>
  <series_works>
    
  </series_works>
  <similar_books>
          <book>
<id>1806188</id>
<title><![CDATA[One Square Mile of Hell: The Battle for Tarawa]]></title>
<title_without_series><![CDATA[One Square Mile of Hell: The Battle for Tarawa]]></title_without_series>
<link><![CDATA[https://www.goodreads.com/book/show/1806188.One_Square_Mile_of_Hell]]></link>
<small_image_url><![CDATA[https://s.gr-assets.com/assets/nophoto/book/50x75-a91bf249278a81aabab721ef782c4a74.png]]></small_image_url>
<image_url><![CDATA[https://s.gr-assets.com/assets/nophoto/book/111x148-bcc042a9c91a29c1d680899eff700a03.png]]></image_url>
<num_pages></num_pages>
<work>
<id>1805462</id>
</work>
<isbn>0451221389</isbn>
<isbn13>9780451221384</isbn13>
<average_rating>4.21</average_rating>
<ratings_count>593</ratings_count>
<publication_year></publication_year>
<publication_month></publication_month>
<publication_day></publication_day>
<authors>
<author>
<id>6457862</id>
<name>John Wukovits</name>
<link><![CDATA[https://www.goodreads.com/author/show/6457862.John_Wukovits]]></link>
</author>
</authors>
</book>

          <book>
<id>487638</id>
<title><![CDATA[The Wild Blue: The Men and Boys Who Flew the B-24s Over Germany 1944-45]]></title>
<title_without_series><![CDATA[The Wild Blue: The Men and Boys Who Flew the B-24s Over Germany 1944-45]]></title_without_series>
<link><![CDATA[https://www.goodreads.com/book/show/487638.The_Wild_Blue]]></link>
<small_image_url><![CDATA[https://s.gr-assets.com/assets/nophoto/book/50x75-a91bf249278a81aabab721ef782c4a74.png]]></small_image_url>
<image_url><![CDATA[https://s.gr-assets.com/assets/nophoto/book/111x148-bcc042a9c91a29c1d680899eff700a03.png]]></image_url>
<num_pages>299</num_pages>
<work>
<id>1366773</id>
</work>
<isbn>0743203399</isbn>
<isbn13>9780743203395</isbn13>
<average_rating>3.91</average_rating>
<ratings_count>6773</ratings_count>
<publication_year></publication_year>
<publication_month></publication_month>
<publication_day></publication_day>
<authors>
<author>
<id>5882</id>
<name>Stephen E. Ambrose</name>
<link><![CDATA[https://www.goodreads.com/author/show/5882.Stephen_E_Ambrose]]></link>
</author>
</authors>
</book>

          <book>
<id>19801</id>
<title><![CDATA[Goodbye, Darkness: A Memoir of the Pacific War]]></title>
<title_without_series><![CDATA[Goodbye, Darkness: A Memoir of the Pacific War]]></title_without_series>
<link><![CDATA[https://www.goodreads.com/book/show/19801.Goodbye_Darkness]]></link>
<small_image_url><![CDATA[https://s.gr-assets.com/assets/nophoto/book/50x75-a91bf249278a81aabab721ef782c4a74.png]]></small_image_url>
<image_url><![CDATA[https://s.gr-assets.com/assets/nophoto/book/111x148-bcc042a9c91a29c1d680899eff700a03.png]]></image_url>
<num_pages>401</num_pages>
<work>
<id>1712304</id>
</work>
<isbn>0316501115</isbn>
<isbn13>9780316501118</isbn13>
<average_rating>4.18</average_rating>
<ratings_count>4522</ratings_count>
<publication_year>2002</publication_year>
<publication_month>4</publication_month>
<publication_day>12</publication_day>
<authors>
<author>
<id>11789</id>
<name>William Manchester</name>
<link><![CDATA[https://www.goodreads.com/author/show/11789.William_Manchester]]></link>
</author>
</authors>
</book>

          <book>
<id>325356</id>
<title><![CDATA[Brotherhood of Heroes: The Marines at Peleliu, 1944--The Bloodiest Battle of the Pacific War]]></title>
<title_without_series><![CDATA[Brotherhood of Heroes: The Marines at Peleliu, 1944--The Bloodiest Battle of the Pacific War]]></title_without_series>
<link><![CDATA[https://www.goodreads.com/book/show/325356.Brotherhood_of_Heroes]]></link>
<small_image_url><![CDATA[https://s.gr-assets.com/assets/nophoto/book/50x75-a91bf249278a81aabab721ef782c4a74.png]]></small_image_url>
<image_url><![CDATA[https://s.gr-assets.com/assets/nophoto/book/111x148-bcc042a9c91a29c1d680899eff700a03.png]]></image_url>
<num_pages></num_pages>
<work>
<id>316019</id>
</work>
<isbn>0743260104</isbn>
<isbn13>9780743260107</isbn13>
<average_rating>4.24</average_rating>
<ratings_count>467</ratings_count>
<publication_year></publication_year>
<publication_month></publication_month>
<publication_day></publication_day>
<authors>
<author>
<id>85576</id>
<name>Bill Sloan</name>
<link><![CDATA[https://www.goodreads.com/author/show/85576.Bill_Sloan]]></link>
</author>
</authors>
</book>

          <book>
<id>1056050</id>
<title><![CDATA[Brothers In Battle, Best of Friends]]></title>
<title_without_series><![CDATA[Brothers In Battle, Best of Friends]]></title_without_series>
<link><![CDATA[https://www.goodreads.com/book/show/1056050.Brothers_In_Battle_Best_of_Friends]]></link>
<small_image_url><![CDATA[https://s.gr-assets.com/assets/nophoto/book/50x75-a91bf249278a81aabab721ef782c4a74.png]]></small_image_url>
<image_url><![CDATA[https://s.gr-assets.com/assets/nophoto/book/111x148-bcc042a9c91a29c1d680899eff700a03.png]]></image_url>
<num_pages></num_pages>
<work>
<id>1042605</id>
</work>
<isbn>0425217280</isbn>
<isbn13>9780425217283</isbn13>
<average_rating>4.22</average_rating>
<ratings_count>3001</ratings_count>
<publication_year></publication_year>
<publication_month></publication_month>
<publication_day></publication_day>
<authors>
<author>
<id>934509</id>
<name>William Guarnere</name>
<link><![CDATA[https://www.goodreads.com/author/show/934509.William_Guarnere]]></link>
</author>
</authors>
</book>

          <book>
<id>42512</id>
<title><![CDATA[We Were Soldiers Once... and Young: Ia Drang - The Battle that Changed the War in Vietnam]]></title>
<title_without_series><![CDATA[We Were Soldiers Once... and Young: Ia Drang - The Battle that Changed the War in Vietnam]]></title_without_series>
<link><![CDATA[https://www.goodreads.com/book/show/42512.We_Were_Soldiers_Once_and_Young]]></link>
<small_image_url><![CDATA[https://images.gr-assets.com/books/1328912889s/42512.jpg]]></small_image_url>
<image_url><![CDATA[https://images.gr-assets.com/books/1328912889m/42512.jpg]]></image_url>
<num_pages>480</num_pages>
<work>
<id>41999</id>
</work>
<isbn>034547581X</isbn>
<isbn13>9780345475817</isbn13>
<average_rating>4.29</average_rating>
<ratings_count>20299</ratings_count>
<publication_year>2004</publication_year>
<publication_month>11</publication_month>
<publication_day>23</publication_day>
<authors>
<author>
<id>23897</id>
<name>Harold G. Moore</name>
<link><![CDATA[https://www.goodreads.com/author/show/23897.Harold_G_Moore]]></link>
</author>
</authors>
</book>

          <book>
<id>161156</id>
<title>The Longest Day</title>
<title_without_series>The Longest Day</title_without_series>
<link><![CDATA[https://www.goodreads.com/book/show/161156.The_Longest_Day]]></link>
<small_image_url><![CDATA[https://s.gr-assets.com/assets/nophoto/book/50x75-a91bf249278a81aabab721ef782c4a74.png]]></small_image_url>
<image_url><![CDATA[https://s.gr-assets.com/assets/nophoto/book/111x148-bcc042a9c91a29c1d680899eff700a03.png]]></image_url>
<num_pages>350</num_pages>
<work>
<id>1413765</id>
</work>
<isbn>0671890913</isbn>
<isbn13>9780671890919</isbn13>
<average_rating>4.31</average_rating>
<ratings_count>15853</ratings_count>
<publication_year></publication_year>
<publication_month></publication_month>
<publication_day></publication_day>
<authors>
<author>
<id>48305</id>
<name>Cornelius Ryan</name>
<link><![CDATA[https://www.goodreads.com/author/show/48305.Cornelius_Ryan]]></link>
</author>
</authors>
</book>

          <book>
<id>84375</id>
<title><![CDATA[Okinawa: The Last Battle of World War II]]></title>
<title_without_series><![CDATA[Okinawa: The Last Battle of World War II]]></title_without_series>
<link><![CDATA[https://www.goodreads.com/book/show/84375.Okinawa]]></link>
<small_image_url><![CDATA[https://s.gr-assets.com/assets/nophoto/book/50x75-a91bf249278a81aabab721ef782c4a74.png]]></small_image_url>
<image_url><![CDATA[https://s.gr-assets.com/assets/nophoto/book/111x148-bcc042a9c91a29c1d680899eff700a03.png]]></image_url>
<num_pages>224</num_pages>
<work>
<id>81456</id>
</work>
<isbn>0140173897</isbn>
<isbn13>9780140173895</isbn13>
<average_rating>4.01</average_rating>
<ratings_count>891</ratings_count>
<publication_year>1996</publication_year>
<publication_month>7</publication_month>
<publication_day>1</publication_day>
<authors>
<author>
<id>43825</id>
<name>Robert Leckie</name>
<link><![CDATA[https://www.goodreads.com/author/show/43825.Robert_Leckie]]></link>
</author>
</authors>
</book>

          <book>
<id>1312031</id>
<title><![CDATA[The Longest Winter: The Battle of the Bulge and the Epic Story of World War II's Most Decorated Platoon]]></title>
<title_without_series><![CDATA[The Longest Winter: The Battle of the Bulge and the Epic Story of World War II's Most Decorated Platoon]]></title_without_series>
<link><![CDATA[https://www.goodreads.com/book/show/1312031.The_Longest_Winter]]></link>
<small_image_url><![CDATA[https://s.gr-assets.com/assets/nophoto/book/50x75-a91bf249278a81aabab721ef782c4a74.png]]></small_image_url>
<image_url><![CDATA[https://s.gr-assets.com/assets/nophoto/book/111x148-bcc042a9c91a29c1d680899eff700a03.png]]></image_url>
<num_pages>344</num_pages>
<work>
<id>587010</id>
</work>
<isbn>0306813041</isbn>
<isbn13>9780306813047</isbn13>
<average_rating>4.12</average_rating>
<ratings_count>4279</ratings_count>
<publication_year>2004</publication_year>
<publication_month>11</publication_month>
<publication_day>22</publication_day>
<authors>
<author>
<id>30764</id>
<name>Alex Kershaw</name>
<link><![CDATA[https://www.goodreads.com/author/show/30764.Alex_Kershaw]]></link>
</author>
</authors>
</book>

          <book>
<id>7494887</id>
<title>The Pacific</title>
<title_without_series>The Pacific</title_without_series>
<link><![CDATA[https://www.goodreads.com/book/show/7494887-the-pacific]]></link>
<small_image_url><![CDATA[https://s.gr-assets.com/assets/nophoto/book/50x75-a91bf249278a81aabab721ef782c4a74.png]]></small_image_url>
<image_url><![CDATA[https://s.gr-assets.com/assets/nophoto/book/111x148-bcc042a9c91a29c1d680899eff700a03.png]]></image_url>
<num_pages>489</num_pages>
<work>
<id>9646479</id>
</work>
<isbn>045123023X</isbn>
<isbn13>9780451230232</isbn13>
<average_rating>4.09</average_rating>
<ratings_count>9301</ratings_count>
<publication_year></publication_year>
<publication_month></publication_month>
<publication_day></publication_day>
<authors>
<author>
<id>3293070</id>
<name>Hugh Ambrose</name>
<link><![CDATA[https://www.goodreads.com/author/show/3293070.Hugh_Ambrose]]></link>
</author>
</authors>
</book>

          <book>
<id>5400</id>
<title><![CDATA[The Last Stand of the Tin Can Sailors: The Extraordinary World War II Story of the U.S. Navy's Finest Hour]]></title>
<title_without_series><![CDATA[The Last Stand of the Tin Can Sailors: The Extraordinary World War II Story of the U.S. Navy's Finest Hour]]></title_without_series>
<link><![CDATA[https://www.goodreads.com/book/show/5400.The_Last_Stand_of_the_Tin_Can_Sailors]]></link>
<small_image_url><![CDATA[https://s.gr-assets.com/assets/nophoto/book/50x75-a91bf249278a81aabab721ef782c4a74.png]]></small_image_url>
<image_url><![CDATA[https://s.gr-assets.com/assets/nophoto/book/111x148-bcc042a9c91a29c1d680899eff700a03.png]]></image_url>
<num_pages>528</num_pages>
<work>
<id>134539</id>
</work>
<isbn>0553381482</isbn>
<isbn13>9780553381481</isbn13>
<average_rating>4.30</average_rating>
<ratings_count>6210</ratings_count>
<publication_year>2005</publication_year>
<publication_month>3</publication_month>
<publication_day>29</publication_day>
<authors>
<author>
<id>3646</id>
<name>James D. Hornfischer</name>
<link><![CDATA[https://www.goodreads.com/author/show/3646.James_D_Hornfischer]]></link>
</author>
</authors>
</book>

          <book>
<id>771332</id>
<title><![CDATA[With the Old Breed: At Peleliu and Okinawa]]></title>
<title_without_series><![CDATA[With the Old Breed: At Peleliu and Okinawa]]></title_without_series>
<link><![CDATA[https://www.goodreads.com/book/show/771332.With_the_Old_Breed]]></link>
<small_image_url><![CDATA[https://images.gr-assets.com/books/1297640051s/771332.jpg]]></small_image_url>
<image_url><![CDATA[https://images.gr-assets.com/books/1297640051m/771332.jpg]]></image_url>
<num_pages>326</num_pages>
<work>
<id>757389</id>
</work>
<isbn>0195067142</isbn>
<isbn13>9780195067149</isbn13>
<average_rating>4.40</average_rating>
<ratings_count>20988</ratings_count>
<publication_year>1990</publication_year>
<publication_month>10</publication_month>
<publication_day>25</publication_day>
<authors>
<author>
<id>31280</id>
<name>Eugene B. Sledge</name>
<link><![CDATA[https://www.goodreads.com/author/show/31280.Eugene_B_Sledge]]></link>
</author>
</authors>
</book>

          <book>
<id>55299</id>
<title><![CDATA[Parachute Infantry: An American Paratrooper's Memoir of D-Day and the Fall of the Third Reich]]></title>
<title_without_series><![CDATA[Parachute Infantry: An American Paratrooper's Memoir of D-Day and the Fall of the Third Reich]]></title_without_series>
<link><![CDATA[https://www.goodreads.com/book/show/55299.Parachute_Infantry]]></link>
<small_image_url><![CDATA[https://s.gr-assets.com/assets/nophoto/book/50x75-a91bf249278a81aabab721ef782c4a74.png]]></small_image_url>
<image_url><![CDATA[https://s.gr-assets.com/assets/nophoto/book/111x148-bcc042a9c91a29c1d680899eff700a03.png]]></image_url>
<num_pages>468</num_pages>
<work>
<id>235077</id>
</work>
<isbn>0385336497</isbn>
<isbn13>9780385336499</isbn13>
<average_rating>4.05</average_rating>
<ratings_count>1959</ratings_count>
<publication_year></publication_year>
<publication_month></publication_month>
<publication_day></publication_day>
<authors>
<author>
<id>31189</id>
<name>David Kenyon Webster</name>
<link><![CDATA[https://www.goodreads.com/author/show/31189.David_Kenyon_Webster]]></link>
</author>
</authors>
</book>

          <book>
<id>55732</id>
<title><![CDATA[Utmost Savagery: The Three Days of Tarawa]]></title>
<title_without_series><![CDATA[Utmost Savagery: The Three Days of Tarawa]]></title_without_series>
<link><![CDATA[https://www.goodreads.com/book/show/55732.Utmost_Savagery]]></link>
<small_image_url><![CDATA[https://s.gr-assets.com/assets/nophoto/book/50x75-a91bf249278a81aabab721ef782c4a74.png]]></small_image_url>
<image_url><![CDATA[https://s.gr-assets.com/assets/nophoto/book/111x148-bcc042a9c91a29c1d680899eff700a03.png]]></image_url>
<num_pages>352</num_pages>
<work>
<id>54315</id>
</work>
<isbn>0804115591</isbn>
<isbn13>9780804115599</isbn13>
<average_rating>4.23</average_rating>
<ratings_count>296</ratings_count>
<publication_year>1996</publication_year>
<publication_month>11</publication_month>
<publication_day>27</publication_day>
<authors>
<author>
<id>138266</id>
<name>Joseph H. Alexander</name>
<link><![CDATA[https://www.goodreads.com/author/show/138266.Joseph_H_Alexander]]></link>
</author>
</authors>
</book>

          <book>
<id>94799</id>
<title><![CDATA[Ghost Soldiers: The Epic Account of World War II's Greatest Rescue Mission]]></title>
<title_without_series><![CDATA[Ghost Soldiers: The Epic Account of World War II's Greatest Rescue Mission]]></title_without_series>
<link><![CDATA[https://www.goodreads.com/book/show/94799.Ghost_Soldiers]]></link>
<small_image_url><![CDATA[https://images.gr-assets.com/books/1320454587s/94799.jpg]]></small_image_url>
<image_url><![CDATA[https://images.gr-assets.com/books/1320454587m/94799.jpg]]></image_url>
<num_pages>344</num_pages>
<work>
<id>1484198</id>
</work>
<isbn>038549565X</isbn>
<isbn13>9780385495653</isbn13>
<average_rating>4.17</average_rating>
<ratings_count>24804</ratings_count>
<publication_year>2002</publication_year>
<publication_month>5</publication_month>
<publication_day>7</publication_day>
<authors>
<author>
<id>54521</id>
<name>Hampton Sides</name>
<link><![CDATA[https://www.goodreads.com/author/show/54521.Hampton_Sides]]></link>
</author>
</authors>
</book>

          <book>
<id>2399180</id>
<title><![CDATA[Call of Duty: My Life Before, During and After the Band of Brothers]]></title>
<title_without_series><![CDATA[Call of Duty: My Life Before, During and After the Band of Brothers]]></title_without_series>
<link><![CDATA[https://www.goodreads.com/book/show/2399180.Call_of_Duty]]></link>
<small_image_url><![CDATA[https://s.gr-assets.com/assets/nophoto/book/50x75-a91bf249278a81aabab721ef782c4a74.png]]></small_image_url>
<image_url><![CDATA[https://s.gr-assets.com/assets/nophoto/book/111x148-bcc042a9c91a29c1d680899eff700a03.png]]></image_url>
<num_pages>288</num_pages>
<work>
<id>2406307</id>
</work>
<isbn>0425219704</isbn>
<isbn13>9780425219706</isbn13>
<average_rating>4.02</average_rating>
<ratings_count>1373</ratings_count>
<publication_year>2008</publication_year>
<publication_month>5</publication_month>
<publication_day>6</publication_day>
<authors>
<author>
<id>1071769</id>
<name>Lynn Compton</name>
<link><![CDATA[https://www.goodreads.com/author/show/1071769.Lynn_Compton]]></link>
</author>
</authors>
</book>

          <book>
<id>55360</id>
<title><![CDATA[Guadalcanal Diary (Modern Library War)]]></title>
<title_without_series>Guadalcanal Diary</title_without_series>
<link><![CDATA[https://www.goodreads.com/book/show/55360.Guadalcanal_Diary]]></link>
<small_image_url><![CDATA[https://images.gr-assets.com/books/1403188593s/55360.jpg]]></small_image_url>
<image_url><![CDATA[https://images.gr-assets.com/books/1403188593m/55360.jpg]]></image_url>
<num_pages>250</num_pages>
<work>
<id>53953</id>
</work>
<isbn>0679640231</isbn>
<isbn13>9780679640233</isbn13>
<average_rating>4.20</average_rating>
<ratings_count>2506</ratings_count>
<publication_year></publication_year>
<publication_month></publication_month>
<publication_day></publication_day>
<authors>
<author>
<id>31211</id>
<name>Richard Tregaskis</name>
<link><![CDATA[https://www.goodreads.com/author/show/31211.Richard_Tregaskis]]></link>
</author>
</authors>
</book>

          <book>
<id>700143</id>
<title>Miracle at Midway</title>
<title_without_series>Miracle at Midway</title_without_series>
<link><![CDATA[https://www.goodreads.com/book/show/700143.Miracle_at_Midway]]></link>
<small_image_url><![CDATA[https://images.gr-assets.com/books/1334770249s/700143.jpg]]></small_image_url>
<image_url><![CDATA[https://images.gr-assets.com/books/1334770249m/700143.jpg]]></image_url>
<num_pages>469</num_pages>
<work>
<id>686454</id>
</work>
<isbn>0140068147</isbn>
<isbn13>9780140068146</isbn13>
<average_rating>4.15</average_rating>
<ratings_count>3207</ratings_count>
<publication_year>1983</publication_year>
<publication_month>11</publication_month>
<publication_day>17</publication_day>
<authors>
<author>
<id>31504</id>
<name>Gordon W. Prange</name>
<link><![CDATA[https://www.goodreads.com/author/show/31504.Gordon_W_Prange]]></link>
</author>
</authors>
</book>

  </similar_books>
</book>

</GoodreadsResponse>