<?xml version="1.0" encoding="UTF-8"?>
<GoodreadsResponse>
  <Request>
    <authentication>true</authentication>
      <key><![CDATA[all_men_must_serve]]></key>
    <method><![CDATA[book_show]]></method>
  </Request>
  <book>
  <id>10079321</id>
  <title><![CDATA[The Magician King (The Magicians, #2)]]></title>
  <isbn><![CDATA[043402080X]]></isbn>
  <isbn13><![CDATA[9780434020805]]></isbn13>
  <asin><![CDATA[]]></asin>
  <kindle_asin><![CDATA[B005L18C44]]></kindle_asin>
  <marketplace_id><![CDATA[A1F83G8C2ARO7P]]></marketplace_id>
  <country_code><![CDATA[GB]]></country_code>
  <image_url>https://images.gr-assets.com/books/1316177353m/10079321.jpg</image_url>
  <small_image_url>https://images.gr-assets.com/books/1316177353s/10079321.jpg</small_image_url>
  <publication_year>2011</publication_year>
  <publication_month>8</publication_month>
  <publication_day>9</publication_day>
  <publisher>William Heinemann</publisher>
  <language_code>en-US</language_code>
  <is_ebook>false</is_ebook>
  <description><![CDATA[<b>Return to Fillory in the riveting sequel to The New York Times bestseller and literary phenomenon of 2009--<i>The Magicians</i>.</b><br /><br /><i>The Magicians</i> was praised as a triumph by readers and critics of both mainstream and fantasy literature. Now Grossman takes us back to Fillory, where the Brakebills graduates have fled the sorrows of the mundane world, only to face terrifying new challenges.<br /><br />Quentin and his friends are now the kings and queens of Fillory, but the days and nights of royal luxury are starting to pall. After a morning hunt takes a sinister turn, Quentin and his old friend Julia charter a magical sailing ship and set out on an errand to the wild outer reaches of their kingdom. Their pleasure cruise becomes an adventure when the two are unceremoniously dumped back into the last place Quentin ever wants to see: his parent's house in Chesterton, Massachusetts. And only the black, twisted magic that Julia learned on the streets can save them.<br /><br /><i>The Magician King</i> is a grand voyage into the dark, glittering heart of magic, an epic quest for the Harry Potter generation. It also introduces a powerful new voice, that of Julia, whose angry genius is thrilling. Once again Grossman proves that he is the cutting edge of literary fantasy.]]></description>
  <work>
  <id type="integer">13362064</id>
  <books_count type="integer">44</books_count>
  <best_book_id type="integer">10079321</best_book_id>
  <reviews_count type="integer">108927</reviews_count>
  <ratings_sum type="integer">248770</ratings_sum>
  <ratings_count type="integer">63727</ratings_count>
  <text_reviews_count type="integer">5449</text_reviews_count>
  <original_publication_year type="integer">2011</original_publication_year>
  <original_publication_month type="integer" nil="true"/>
  <original_publication_day type="integer" nil="true"/>
  <original_title>The Magician King</original_title>
  <original_language_id type="integer" nil="true"/>
  <media_type>book</media_type>
  <rating_dist>5:17108|4:28077|3:14660|2:3060|1:822|total:63727</rating_dist>
  <desc_user_id type="integer">5720088</desc_user_id>
  <default_chaptering_book_id type="integer" nil="true"/>
  <default_description_language_code nil="true"/>
</work>
  <average_rating>3.90</average_rating>
  <num_pages><![CDATA[400]]></num_pages>
  <format><![CDATA[Paperback]]></format>
  <edition_information><![CDATA[]]></edition_information>
  <ratings_count><![CDATA[52112]]></ratings_count>
  <text_reviews_count><![CDATA[4260]]></text_reviews_count>
  <url><![CDATA[https://www.goodreads.com/book/show/10079321-the-magician-king]]></url>
  <link><![CDATA[https://www.goodreads.com/book/show/10079321-the-magician-king]]></link>
  <authors>
<author>
<id>142270</id>
<name>Lev Grossman</name>
<role></role>
<image_url nophoto='false'>
<![CDATA[https://images.gr-assets.com/authors/1386343699p5/142270.jpg]]>
</image_url>
<small_image_url nophoto='false'>
<![CDATA[https://images.gr-assets.com/authors/1386343699p2/142270.jpg]]>
</small_image_url>
<link><![CDATA[https://www.goodreads.com/author/show/142270.Lev_Grossman]]></link>
<average_rating>3.67</average_rating>
<ratings_count>303378</ratings_count>
<text_reviews_count>32721</text_reviews_count>
</author>
</authors>

    <reviews_widget>
      <![CDATA[
        <style>
  #goodreads-widget {
    font-family: georgia, serif;
    padding: 18px 0;
    width:565px;
  }
  #goodreads-widget h1 {
    font-weight:normal;
    font-size: 16px;
    border-bottom: 1px solid #BBB596;
    margin-bottom: 0;
  }
  #goodreads-widget a {
    text-decoration: none;
    color:#660;
  }
  iframe{
    background-color: #fff;
  }
  #goodreads-widget a:hover { text-decoration: underline; }
  #goodreads-widget a:active {
    color:#660;
  }
  #gr_footer {
    width: 100%;
    border-top: 1px solid #BBB596;
    text-align: right;
  }
  #goodreads-widget .gr_branding{
    color: #382110;
    font-size: 11px;
    text-decoration: none;
    font-family: "Helvetica Neue", Helvetica, Arial, sans-serif;
  }
</style>
<div id="goodreads-widget">
  <div id="gr_header"><h1><a rel="nofollow" href="https://www.goodreads.com/book/show/10079321-the-magician-king">The Magician King Reviews</a></h1></div>
  <iframe id="the_iframe" src="https://www.goodreads.com/api/reviews_widget_iframe?did=DEVELOPER_ID&amp;format=html&amp;isbn=043402080X&amp;links=660&amp;min_rating=&amp;review_back=fff&amp;stars=000&amp;text=000" width="565" height="400" frameborder="0"></iframe>
  <div id="gr_footer">
    <a class="gr_branding" target="_blank" rel="nofollow" href="https://www.goodreads.com/book/show/10079321-the-magician-king?utm_medium=api&amp;utm_source=reviews_widget">Reviews from Goodreads.com</a>
  </div>
</div>

      ]]>
    </reviews_widget>
  <popular_shelves>
      <shelf name="to-read" count="1427"/>
      <shelf name="fantasy" count="1248"/>
      <shelf name="currently-reading" count="1187"/>
      <shelf name="fiction" count="881"/>
      <shelf name="favorites" count="549"/>
      <shelf name="series" count="275"/>
      <shelf name="magic" count="274"/>
      <shelf name="urban-fantasy" count="243"/>
      <shelf name="audiobook" count="203"/>
      <shelf name="owned" count="191"/>
      <shelf name="sci-fi-fantasy" count="176"/>
      <shelf name="books-i-own" count="149"/>
      <shelf name="audiobooks" count="138"/>
      <shelf name="kindle" count="138"/>
      <shelf name="library" count="136"/>
      <shelf name="adult" count="119"/>
      <shelf name="young-adult" count="116"/>
      <shelf name="audio" count="105"/>
      <shelf name="fantasy-sci-fi" count="86"/>
      <shelf name="ebook" count="86"/>
      <shelf name="adventure" count="85"/>
      <shelf name="to-buy" count="82"/>
      <shelf name="contemporary" count="68"/>
      <shelf name="adult-fiction" count="66"/>
      <shelf name="scifi-fantasy" count="65"/>
      <shelf name="read-in-2016" count="63"/>
      <shelf name="ebooks" count="58"/>
      <shelf name="novels" count="56"/>
      <shelf name="owned-books" count="53"/>
      <shelf name="audible" count="52"/>
      <shelf name="ya" count="51"/>
      <shelf name="science-fiction" count="51"/>
      <shelf name="read-in-2014" count="50"/>
      <shelf name="abandoned" count="47"/>
      <shelf name="read-in-2011" count="47"/>
      <shelf name="read-in-2015" count="45"/>
      <shelf name="audio-book" count="45"/>
      <shelf name="read-in-2012" count="45"/>
      <shelf name="supernatural" count="44"/>
      <shelf name="science-fiction-fantasy" count="42"/>
      <shelf name="sci-fi" count="41"/>
      <shelf name="paranormal" count="40"/>
      <shelf name="fantasy-scifi" count="40"/>
      <shelf name="default" count="39"/>
      <shelf name="the-magicians" count="39"/>
      <shelf name="read-in-2017" count="38"/>
      <shelf name="audio-books" count="38"/>
      <shelf name="novel" count="35"/>
      <shelf name="magical-realism" count="35"/>
      <shelf name="speculative-fiction" count="34"/>
      <shelf name="read-2015" count="33"/>
      <shelf name="read-2014" count="33"/>
      <shelf name="my-books" count="33"/>
      <shelf name="coming-of-age" count="32"/>
      <shelf name="wish-list" count="32"/>
      <shelf name="favourites" count="31"/>
      <shelf name="e-book" count="31"/>
      <shelf name="high-fantasy" count="30"/>
      <shelf name="read-2016" count="29"/>
      <shelf name="witches" count="29"/>
      <shelf name="re-read" count="28"/>
      <shelf name="contemporary-fantasy" count="27"/>
      <shelf name="lev-grossman" count="27"/>
      <shelf name="library-book" count="27"/>
      <shelf name="sci-fi-and-fantasy" count="26"/>
      <shelf name="library-books" count="26"/>
      <shelf name="magicians" count="24"/>
      <shelf name="borrowed" count="24"/>
      <shelf name="read-2011" count="24"/>
      <shelf name="contemporary-fiction" count="24"/>
      <shelf name="fiction-fantasy" count="24"/>
      <shelf name="sff" count="23"/>
      <shelf name="read-2017" count="22"/>
      <shelf name="my-library" count="22"/>
      <shelf name="tbr" count="22"/>
      <shelf name="nook" count="22"/>
      <shelf name="read-in-2013" count="21"/>
      <shelf name="part-of-a-series" count="21"/>
      <shelf name="dnf" count="20"/>
      <shelf name="reread" count="20"/>
      <shelf name="unfinished" count="20"/>
      <shelf name="did-not-finish" count="19"/>
      <shelf name="read-2012" count="19"/>
      <shelf name="didn-t-finish" count="19"/>
      <shelf name="on-hold" count="19"/>
      <shelf name="all-time-favorites" count="19"/>
      <shelf name="literary" count="19"/>
      <shelf name="modern-fantasy" count="18"/>
      <shelf name="fantasy-fiction" count="18"/>
      <shelf name="dragons" count="17"/>
      <shelf name="sf-fantasy" count="17"/>
      <shelf name="fantastical" count="17"/>
      <shelf name="own-it" count="17"/>
      <shelf name="2016-reads" count="16"/>
      <shelf name="i-own" count="16"/>
      <shelf name="gave-up-on" count="16"/>
      <shelf name="have" count="16"/>
      <shelf name="american" count="16"/>
      <shelf name="fantasy-science-fiction" count="16"/>
      <shelf name="adult-fantasy" count="16"/>
  </popular_shelves>
  <book_links>
    <book_link>
  <id>8</id>
  <name>Libraries</name>
  <link>https://www.goodreads.com/book_link/follow/8</link>
</book_link>

  </book_links>
  <buy_links>
    <buy_link>
<id>1</id>
<name>Amazon</name>
<link>https://www.goodreads.com/book_link/follow/1</link>
</buy_link>
<buy_link>
<id>10</id>
<name>Audible</name>
<link>https://www.goodreads.com/book_link/follow/10</link>
</buy_link>
<buy_link>
<id>3</id>
<name>Barnes &amp; Noble</name>
<link>https://www.goodreads.com/book_link/follow/3</link>
</buy_link>
<buy_link>
<id>1027</id>
<name>Kobo</name>
<link>https://www.goodreads.com/book_link/follow/1027</link>
</buy_link>
<buy_link>
<id>2102</id>
<name>Apple iBooks</name>
<link>https://www.goodreads.com/book_link/follow/2102</link>
</buy_link>
<buy_link>
<id>8036</id>
<name>Google Play</name>
<link>https://www.goodreads.com/book_link/follow/8036</link>
</buy_link>
<buy_link>
<id>4</id>
<name>Abebooks</name>
<link>https://www.goodreads.com/book_link/follow/4</link>
</buy_link>
<buy_link>
<id>882</id>
<name>Book Depository</name>
<link>https://www.goodreads.com/book_link/follow/882</link>
</buy_link>
<buy_link>
<id>9</id>
<name>Indigo</name>
<link>https://www.goodreads.com/book_link/follow/9</link>
</buy_link>
<buy_link>
<id>2</id>
<name>Half.com</name>
<link>https://www.goodreads.com/book_link/follow/2</link>
</buy_link>
<buy_link>
<id>5</id>
<name>Alibris</name>
<link>https://www.goodreads.com/book_link/follow/5</link>
</buy_link>
<buy_link>
<id>107</id>
<name>Better World Books</name>
<link>https://www.goodreads.com/book_link/follow/107</link>
</buy_link>
<buy_link>
<id>7</id>
<name>IndieBound</name>
<link>https://www.goodreads.com/book_link/follow/7</link>
</buy_link>

  </buy_links>
  <series_works>
    <series_work>
<id>191747</id>
<user_position>2</user_position>
<series>
<id>50834</id>
<title>
<![CDATA[
    The Magicians,
]]>
</title>
<description>
<![CDATA[
]]>
</description>
<note>
<![CDATA[
]]>
</note>
<series_works_count>5</series_works_count>
<primary_work_count>3</primary_work_count>
<numbered>true</numbered>
</series>

</series_work>

  </series_works>
  <similar_books>
          <book>
<id>8706185</id>
<title>Among Others</title>
<title_without_series>Among Others</title_without_series>
<link><![CDATA[https://www.goodreads.com/book/show/8706185-among-others]]></link>
<small_image_url><![CDATA[https://images.gr-assets.com/books/1317792367s/8706185.jpg]]></small_image_url>
<image_url><![CDATA[https://images.gr-assets.com/books/1317792367m/8706185.jpg]]></image_url>
<num_pages>304</num_pages>
<work>
<id>6449955</id>
</work>
<isbn>076532153X</isbn>
<isbn13>9780765321534</isbn13>
<average_rating>3.68</average_rating>
<ratings_count>17791</ratings_count>
<publication_year>2011</publication_year>
<publication_month>1</publication_month>
<publication_day>18</publication_day>
<authors>
<author>
<id>107170</id>
<name>Jo Walton</name>
<link><![CDATA[https://www.goodreads.com/author/show/107170.Jo_Walton]]></link>
</author>
</authors>
</book>

          <book>
<id>16059411</id>
<title><![CDATA[Two Serpents Rise (Craft Sequence, #2)]]></title>
<title_without_series>Two Serpents Rise</title_without_series>
<link><![CDATA[https://www.goodreads.com/book/show/16059411-two-serpents-rise]]></link>
<small_image_url><![CDATA[https://images.gr-assets.com/books/1355469010s/16059411.jpg]]></small_image_url>
<image_url><![CDATA[https://images.gr-assets.com/books/1355469010m/16059411.jpg]]></image_url>
<num_pages>347</num_pages>
<work>
<id>21846173</id>
</work>
<isbn>0765333120</isbn>
<isbn13>9780765333124</isbn13>
<average_rating>3.94</average_rating>
<ratings_count>3634</ratings_count>
<publication_year>2013</publication_year>
<publication_month>10</publication_month>
<publication_day>29</publication_day>
<authors>
<author>
<id>3405346</id>
<name>Max Gladstone</name>
<link><![CDATA[https://www.goodreads.com/author/show/3405346.Max_Gladstone]]></link>
</author>
</authors>
</book>

          <book>
<id>11966692</id>
<title><![CDATA[The Folded World (A Dirge for Prester John, #2)]]></title>
<title_without_series>The Folded World</title_without_series>
<link><![CDATA[https://www.goodreads.com/book/show/11966692-the-folded-world]]></link>
<small_image_url><![CDATA[https://images.gr-assets.com/books/1311093310s/11966692.jpg]]></small_image_url>
<image_url><![CDATA[https://images.gr-assets.com/books/1311093310m/11966692.jpg]]></image_url>
<num_pages>320</num_pages>
<work>
<id>14296895</id>
</work>
<isbn>1597802034</isbn>
<isbn13>9781597802031</isbn13>
<average_rating>4.25</average_rating>
<ratings_count>295</ratings_count>
<publication_year>2011</publication_year>
<publication_month>11</publication_month>
<publication_day>1</publication_day>
<authors>
<author>
<id>338705</id>
<name>Catherynne M. Valente</name>
<link><![CDATA[https://www.goodreads.com/author/show/338705.Catherynne_M_Valente]]></link>
</author>
</authors>
</book>

          <book>
<id>7904453</id>
<title><![CDATA[The Broken Kingdoms (Inheritance, #2)]]></title>
<title_without_series>The Broken Kingdoms</title_without_series>
<link><![CDATA[https://www.goodreads.com/book/show/7904453-the-broken-kingdoms]]></link>
<small_image_url><![CDATA[https://images.gr-assets.com/books/1282522268s/7904453.jpg]]></small_image_url>
<image_url><![CDATA[https://images.gr-assets.com/books/1282522268m/7904453.jpg]]></image_url>
<num_pages>384</num_pages>
<work>
<id>11165787</id>
</work>
<isbn>0316043966</isbn>
<isbn13>9780316043960</isbn13>
<average_rating>4.04</average_rating>
<ratings_count>13797</ratings_count>
<publication_year></publication_year>
<publication_month></publication_month>
<publication_day></publication_day>
<authors>
<author>
<id>2917917</id>
<name>N.K. Jemisin</name>
<link><![CDATA[https://www.goodreads.com/author/show/2917917.N_K_Jemisin]]></link>
</author>
</authors>
</book>

          <book>
<id>10387413</id>
<title><![CDATA[The Coldest War (The Milkweed Triptych, #2)]]></title>
<title_without_series>The Coldest War</title_without_series>
<link><![CDATA[https://www.goodreads.com/book/show/10387413-the-coldest-war]]></link>
<small_image_url><![CDATA[https://images.gr-assets.com/books/1314807980s/10387413.jpg]]></small_image_url>
<image_url><![CDATA[https://images.gr-assets.com/books/1314807980m/10387413.jpg]]></image_url>
<num_pages>352</num_pages>
<work>
<id>15291124</id>
</work>
<isbn></isbn>
<isbn13></isbn13>
<average_rating>4.11</average_rating>
<ratings_count>3108</ratings_count>
<publication_year>2012</publication_year>
<publication_month>7</publication_month>
<publication_day>17</publication_day>
<authors>
<author>
<id>2924955</id>
<name>Ian Tregillis</name>
<link><![CDATA[https://www.goodreads.com/author/show/2924955.Ian_Tregillis]]></link>
</author>
</authors>
</book>

          <book>
<id>6931246</id>
<title>Kraken</title>
<title_without_series>Kraken</title_without_series>
<link><![CDATA[https://www.goodreads.com/book/show/6931246-kraken]]></link>
<small_image_url><![CDATA[https://images.gr-assets.com/books/1320551670s/6931246.jpg]]></small_image_url>
<image_url><![CDATA[https://images.gr-assets.com/books/1320551670m/6931246.jpg]]></image_url>
<num_pages>509</num_pages>
<work>
<id>8814204</id>
</work>
<isbn>034549749X</isbn>
<isbn13>9780345497499</isbn13>
<average_rating>3.60</average_rating>
<ratings_count>18735</ratings_count>
<publication_year>2010</publication_year>
<publication_month>6</publication_month>
<publication_day>29</publication_day>
<authors>
<author>
<id>33918</id>
<name>China Miéville</name>
<link><![CDATA[https://www.goodreads.com/author/show/33918.China_Mi_ville]]></link>
</author>
</authors>
</book>

          <book>
<id>8879516</id>
<title>Sleight of Hand</title>
<title_without_series>Sleight of Hand</title_without_series>
<link><![CDATA[https://www.goodreads.com/book/show/8879516-sleight-of-hand]]></link>
<small_image_url><![CDATA[https://images.gr-assets.com/books/1395145884s/8879516.jpg]]></small_image_url>
<image_url><![CDATA[https://images.gr-assets.com/books/1395145884m/8879516.jpg]]></image_url>
<num_pages></num_pages>
<work>
<id>13755306</id>
</work>
<isbn>1616960043</isbn>
<isbn13>9781616960049</isbn13>
<average_rating>4.19</average_rating>
<ratings_count>386</ratings_count>
<publication_year></publication_year>
<publication_month></publication_month>
<publication_day></publication_day>
<authors>
<author>
<id>1067608</id>
<name>Peter S. Beagle</name>
<link><![CDATA[https://www.goodreads.com/author/show/1067608.Peter_S_Beagle]]></link>
</author>
</authors>
</book>

          <book>
<id>7139892</id>
<title><![CDATA[Under Heaven (Under Heaven, #1)]]></title>
<title_without_series>Under Heaven</title_without_series>
<link><![CDATA[https://www.goodreads.com/book/show/7139892-under-heaven]]></link>
<small_image_url><![CDATA[https://images.gr-assets.com/books/1327894315s/7139892.jpg]]></small_image_url>
<image_url><![CDATA[https://images.gr-assets.com/books/1327894315m/7139892.jpg]]></image_url>
<num_pages>573</num_pages>
<work>
<id>7373286</id>
</work>
<isbn>0007342012</isbn>
<isbn13>9780007342013</isbn13>
<average_rating>4.13</average_rating>
<ratings_count>10510</ratings_count>
<publication_year>2010</publication_year>
<publication_month>4</publication_month>
<publication_day>29</publication_day>
<authors>
<author>
<id>60177</id>
<name>Guy Gavriel Kay</name>
<link><![CDATA[https://www.goodreads.com/author/show/60177.Guy_Gavriel_Kay]]></link>
</author>
</authors>
</book>

          <book>
<id>6435253</id>
<title><![CDATA[Canticle (Psalms of Isaak, #2)]]></title>
<title_without_series>Canticle</title_without_series>
<link><![CDATA[https://www.goodreads.com/book/show/6435253-canticle]]></link>
<small_image_url><![CDATA[https://s.gr-assets.com/assets/nophoto/book/50x75-a91bf249278a81aabab721ef782c4a74.png]]></small_image_url>
<image_url><![CDATA[https://s.gr-assets.com/assets/nophoto/book/111x148-bcc042a9c91a29c1d680899eff700a03.png]]></image_url>
<num_pages></num_pages>
<work>
<id>6624796</id>
</work>
<isbn>0765321289</isbn>
<isbn13>9780765321282</isbn13>
<average_rating>3.95</average_rating>
<ratings_count>1227</ratings_count>
<publication_year></publication_year>
<publication_month></publication_month>
<publication_day></publication_day>
<authors>
<author>
<id>1325446</id>
<name>Ken Scholes</name>
<link><![CDATA[https://www.goodreads.com/author/show/1325446.Ken_Scholes]]></link>
</author>
</authors>
</book>

          <book>
<id>6077427</id>
<title>The Other Lands (Acacia, #2)</title>
<title_without_series>The Other Lands</title_without_series>
<link><![CDATA[https://www.goodreads.com/book/show/6077427-the-other-lands]]></link>
<small_image_url><![CDATA[https://images.gr-assets.com/books/1320495035s/6077427.jpg]]></small_image_url>
<image_url><![CDATA[https://images.gr-assets.com/books/1320495035m/6077427.jpg]]></image_url>
<num_pages>464</num_pages>
<work>
<id>6254038</id>
</work>
<isbn>0385523327</isbn>
<isbn13>9780385523325</isbn13>
<average_rating>3.79</average_rating>
<ratings_count>3199</ratings_count>
<publication_year>2009</publication_year>
<publication_month>9</publication_month>
<publication_day>15</publication_day>
<authors>
<author>
<id>214232</id>
<name>David Anthony Durham</name>
<link><![CDATA[https://www.goodreads.com/author/show/214232.David_Anthony_Durham]]></link>
</author>
</authors>
</book>

          <book>
<id>811161</id>
<title><![CDATA[A Betrayal in Winter (Long Price Quartet, #2)]]></title>
<title_without_series>A Betrayal in Winter</title_without_series>
<link><![CDATA[https://www.goodreads.com/book/show/811161.A_Betrayal_in_Winter]]></link>
<small_image_url><![CDATA[https://images.gr-assets.com/books/1393279525s/811161.jpg]]></small_image_url>
<image_url><![CDATA[https://images.gr-assets.com/books/1393279525m/811161.jpg]]></image_url>
<num_pages>320</num_pages>
<work>
<id>797100</id>
</work>
<isbn>0765313413</isbn>
<isbn13>9780765313416</isbn13>
<average_rating>3.87</average_rating>
<ratings_count>5074</ratings_count>
<publication_year>2007</publication_year>
<publication_month>8</publication_month>
<publication_day>21</publication_day>
<authors>
<author>
<id>13557729</id>
<name>Daniel Abraham</name>
<link><![CDATA[https://www.goodreads.com/author/show/13557729.Daniel_Abraham]]></link>
</author>
</authors>
</book>

          <book>
<id>20174424</id>
<title><![CDATA[City of Stairs (The Divine Cities, #1)]]></title>
<title_without_series>City of Stairs</title_without_series>
<link><![CDATA[https://www.goodreads.com/book/show/20174424-city-of-stairs]]></link>
<small_image_url><![CDATA[https://images.gr-assets.com/books/1394545220s/20174424.jpg]]></small_image_url>
<image_url><![CDATA[https://images.gr-assets.com/books/1394545220m/20174424.jpg]]></image_url>
<num_pages>452</num_pages>
<work>
<id>28030792</id>
</work>
<isbn>080413717X</isbn>
<isbn13>9780804137171</isbn13>
<average_rating>4.13</average_rating>
<ratings_count>14305</ratings_count>
<publication_year>2014</publication_year>
<publication_month>9</publication_month>
<publication_day>9</publication_day>
<authors>
<author>
<id>2916869</id>
<name>Robert Jackson Bennett</name>
<link><![CDATA[https://www.goodreads.com/author/show/2916869.Robert_Jackson_Bennett]]></link>
</author>
</authors>
</book>

          <book>
<id>8560639</id>
<title><![CDATA[The Unwritten, Vol. 3: Dead Man's Knock]]></title>
<title_without_series><![CDATA[The Unwritten, Vol. 3: Dead Man's Knock]]></title_without_series>
<link><![CDATA[https://www.goodreads.com/book/show/8560639-the-unwritten-vol-3]]></link>
<small_image_url><![CDATA[https://s.gr-assets.com/assets/nophoto/book/50x75-a91bf249278a81aabab721ef782c4a74.png]]></small_image_url>
<image_url><![CDATA[https://s.gr-assets.com/assets/nophoto/book/111x148-bcc042a9c91a29c1d680899eff700a03.png]]></image_url>
<num_pages>160</num_pages>
<work>
<id>13429040</id>
</work>
<isbn>1401230466</isbn>
<isbn13>9781401230463</isbn13>
<average_rating>4.02</average_rating>
<ratings_count>6258</ratings_count>
<publication_year>2011</publication_year>
<publication_month>3</publication_month>
<publication_day>29</publication_day>
<authors>
<author>
<id>9018</id>
<name>Mike Carey</name>
<link><![CDATA[https://www.goodreads.com/author/show/9018.Mike_Carey]]></link>
</author>
</authors>
</book>

          <book>
<id>8480952</id>
<title><![CDATA[The River of Shadows (The Chathrand Voyage, #3)]]></title>
<title_without_series>The River of Shadows</title_without_series>
<link><![CDATA[https://www.goodreads.com/book/show/8480952-the-river-of-shadows]]></link>
<small_image_url><![CDATA[https://images.gr-assets.com/books/1320553463s/8480952.jpg]]></small_image_url>
<image_url><![CDATA[https://images.gr-assets.com/books/1320553463m/8480952.jpg]]></image_url>
<num_pages>592</num_pages>
<work>
<id>13346038</id>
</work>
<isbn>0345523814</isbn>
<isbn13>9780345523815</isbn13>
<average_rating>3.83</average_rating>
<ratings_count>1218</ratings_count>
<publication_year>2011</publication_year>
<publication_month>2</publication_month>
<publication_day>15</publication_day>
<authors>
<author>
<id>2845500</id>
<name>Robert V.S. Redick</name>
<link><![CDATA[https://www.goodreads.com/author/show/2845500.Robert_V_S_Redick]]></link>
</author>
</authors>
</book>

          <book>
<id>17910048</id>
<title>The Goblin Emperor</title>
<title_without_series>The Goblin Emperor</title_without_series>
<link><![CDATA[https://www.goodreads.com/book/show/17910048-the-goblin-emperor]]></link>
<small_image_url><![CDATA[https://images.gr-assets.com/books/1373039517s/17910048.jpg]]></small_image_url>
<image_url><![CDATA[https://images.gr-assets.com/books/1373039517m/17910048.jpg]]></image_url>
<num_pages>446</num_pages>
<work>
<id>24241248</id>
</work>
<isbn>076532699X</isbn>
<isbn13>9780765326997</isbn13>
<average_rating>4.05</average_rating>
<ratings_count>13992</ratings_count>
<publication_year>2014</publication_year>
<publication_month>4</publication_month>
<publication_day>1</publication_day>
<authors>
<author>
<id>6949698</id>
<name>Katherine Addison</name>
<link><![CDATA[https://www.goodreads.com/author/show/6949698.Katherine_Addison]]></link>
</author>
</authors>
</book>

          <book>
<id>8198773</id>
<title><![CDATA[The Half-Made World (The Half-Made World, #1)]]></title>
<title_without_series>The Half-Made World</title_without_series>
<link><![CDATA[https://www.goodreads.com/book/show/8198773-the-half-made-world]]></link>
<small_image_url><![CDATA[https://s.gr-assets.com/assets/nophoto/book/50x75-a91bf249278a81aabab721ef782c4a74.png]]></small_image_url>
<image_url><![CDATA[https://s.gr-assets.com/assets/nophoto/book/111x148-bcc042a9c91a29c1d680899eff700a03.png]]></image_url>
<num_pages>479</num_pages>
<work>
<id>13045676</id>
</work>
<isbn>0765325527</isbn>
<isbn13>9780765325525</isbn13>
<average_rating>3.74</average_rating>
<ratings_count>3417</ratings_count>
<publication_year></publication_year>
<publication_month></publication_month>
<publication_day></publication_day>
<authors>
<author>
<id>1042536</id>
<name>Felix Gilman</name>
<link><![CDATA[https://www.goodreads.com/author/show/1042536.Felix_Gilman]]></link>
</author>
</authors>
</book>

  </similar_books>
</book>

</GoodreadsResponse>