<?xml version="1.0" encoding="UTF-8"?>
<GoodreadsResponse>
  <Request>
    <authentication>true</authentication>
      <key><![CDATA[all_men_must_serve]]></key>
    <method><![CDATA[book_show]]></method>
  </Request>
  <book>
  <id>100924</id>
  <title><![CDATA[Perelandra (Space Trilogy, #2)]]></title>
  <isbn><![CDATA[0007157169]]></isbn>
  <isbn13><![CDATA[9780007157167]]></isbn13>
  <asin><![CDATA[]]></asin>
  <kindle_asin><![CDATA[B004W75YIA]]></kindle_asin>
  <marketplace_id><![CDATA[A1F83G8C2ARO7P]]></marketplace_id>
  <country_code><![CDATA[GB]]></country_code>
  <image_url>https://s.gr-assets.com/assets/nophoto/book/111x148-bcc042a9c91a29c1d680899eff700a03.png</image_url>
  <small_image_url>https://s.gr-assets.com/assets/nophoto/book/50x75-a91bf249278a81aabab721ef782c4a74.png</small_image_url>
  <publication_year>2005</publication_year>
  <publication_month>11</publication_month>
  <publication_day>1</publication_day>
  <publisher>Voyager</publisher>
  <language_code>en-US</language_code>
  <is_ebook>false</is_ebook>
  <description><![CDATA[The second novel in Lewis's science fiction trilogy tells of Dr Ransom's voyage to the planet of Perelandra (Venus). Dr Ransom is sent by the Elida to Perelandra (Venus) to battle against evil incarnate and preserve a second Eden from the evil forces present in the possessed body of his enemy, Weston. Through these works, Lewis explores issues of good and evil, and his remarkable and vividly imaginative descriptions of other worlds cements his place as a first-class author of science fiction adventure.]]></description>
  <work>
  <id type="integer">3148586</id>
  <books_count type="integer">81</books_count>
  <best_book_id type="integer">100924</best_book_id>
  <reviews_count type="integer">49798</reviews_count>
  <ratings_sum type="integer">125171</ratings_sum>
  <ratings_count type="integer">31507</ratings_count>
  <text_reviews_count type="integer">1644</text_reviews_count>
  <original_publication_year type="integer">1943</original_publication_year>
  <original_publication_month type="integer" nil="true"/>
  <original_publication_day type="integer" nil="true"/>
  <original_title>Perelandra</original_title>
  <original_language_id type="integer" nil="true"/>
  <media_type>book</media_type>
  <rating_dist>5:11529|4:10572|3:6907|2:2018|1:481|total:31507</rating_dist>
  <desc_user_id type="integer">7463676</desc_user_id>
  <default_chaptering_book_id type="integer" nil="true"/>
  <default_description_language_code nil="true"/>
</work>
  <average_rating>3.97</average_rating>
  <num_pages><![CDATA[314]]></num_pages>
  <format><![CDATA[Paperback]]></format>
  <edition_information><![CDATA[]]></edition_information>
  <ratings_count><![CDATA[26803]]></ratings_count>
  <text_reviews_count><![CDATA[1204]]></text_reviews_count>
  <url><![CDATA[https://www.goodreads.com/book/show/100924.Perelandra]]></url>
  <link><![CDATA[https://www.goodreads.com/book/show/100924.Perelandra]]></link>
  <authors>
<author>
<id>1069006</id>
<name>C.S. Lewis</name>
<role></role>
<image_url nophoto='false'>
<![CDATA[https://images.gr-assets.com/authors/1367519078p5/1069006.jpg]]>
</image_url>
<small_image_url nophoto='false'>
<![CDATA[https://images.gr-assets.com/authors/1367519078p2/1069006.jpg]]>
</small_image_url>
<link><![CDATA[https://www.goodreads.com/author/show/1069006.C_S_Lewis]]></link>
<average_rating>4.13</average_rating>
<ratings_count>4410930</ratings_count>
<text_reviews_count>95427</text_reviews_count>
</author>
</authors>

    <reviews_widget>
      <![CDATA[
        <style>
  #goodreads-widget {
    font-family: georgia, serif;
    padding: 18px 0;
    width:565px;
  }
  #goodreads-widget h1 {
    font-weight:normal;
    font-size: 16px;
    border-bottom: 1px solid #BBB596;
    margin-bottom: 0;
  }
  #goodreads-widget a {
    text-decoration: none;
    color:#660;
  }
  iframe{
    background-color: #fff;
  }
  #goodreads-widget a:hover { text-decoration: underline; }
  #goodreads-widget a:active {
    color:#660;
  }
  #gr_footer {
    width: 100%;
    border-top: 1px solid #BBB596;
    text-align: right;
  }
  #goodreads-widget .gr_branding{
    color: #382110;
    font-size: 11px;
    text-decoration: none;
    font-family: "Helvetica Neue", Helvetica, Arial, sans-serif;
  }
</style>
<div id="goodreads-widget">
  <div id="gr_header"><h1><a rel="nofollow" href="https://www.goodreads.com/book/show/100924.Perelandra">Perelandra Reviews</a></h1></div>
  <iframe id="the_iframe" src="https://www.goodreads.com/api/reviews_widget_iframe?did=DEVELOPER_ID&amp;format=html&amp;isbn=0007157169&amp;links=660&amp;min_rating=&amp;review_back=fff&amp;stars=000&amp;text=000" width="565" height="400" frameborder="0"></iframe>
  <div id="gr_footer">
    <a class="gr_branding" target="_blank" rel="nofollow" href="https://www.goodreads.com/book/show/100924.Perelandra?utm_medium=api&amp;utm_source=reviews_widget">Reviews from Goodreads.com</a>
  </div>
</div>

      ]]>
    </reviews_widget>
  <popular_shelves>
      <shelf name="to-read" count="2117"/>
      <shelf name="science-fiction" count="1035"/>
      <shelf name="sci-fi" count="702"/>
      <shelf name="currently-reading" count="679"/>
      <shelf name="fantasy" count="636"/>
      <shelf name="favorites" count="426"/>
      <shelf name="christian" count="294"/>
      <shelf name="classics" count="234"/>
      <shelf name="fiction" count="219"/>
      <shelf name="c-s-lewis" count="194"/>
      <shelf name="owned" count="187"/>
      <shelf name="christian-fiction" count="178"/>
      <shelf name="sci-fi-fantasy" count="156"/>
      <shelf name="scifi" count="132"/>
      <shelf name="books-i-own" count="109"/>
      <shelf name="religion" count="93"/>
      <shelf name="christianity" count="84"/>
      <shelf name="series" count="74"/>
      <shelf name="default" count="68"/>
      <shelf name="fantasy-sci-fi" count="64"/>
      <shelf name="scifi-fantasy" count="64"/>
      <shelf name="cs-lewis" count="61"/>
      <shelf name="sf" count="59"/>
      <shelf name="adventure" count="59"/>
      <shelf name="novels" count="51"/>
      <shelf name="literature" count="48"/>
      <shelf name="science-fiction-fantasy" count="47"/>
      <shelf name="theology" count="46"/>
      <shelf name="owned-books" count="44"/>
      <shelf name="philosophy" count="43"/>
      <shelf name="lewis" count="43"/>
      <shelf name="classic" count="41"/>
      <shelf name="kindle" count="39"/>
      <shelf name="religious" count="37"/>
      <shelf name="library" count="36"/>
      <shelf name="faith" count="33"/>
      <shelf name="speculative-fiction" count="32"/>
      <shelf name="my-library" count="28"/>
      <shelf name="inklings" count="28"/>
      <shelf name="novel" count="28"/>
      <shelf name="sci-fi-and-fantasy" count="27"/>
      <shelf name="british" count="26"/>
      <shelf name="audiobook" count="25"/>
      <shelf name="space" count="25"/>
      <shelf name="audiobooks" count="25"/>
      <shelf name="adult" count="25"/>
      <shelf name="20th-century" count="24"/>
      <shelf name="allegory" count="24"/>
      <shelf name="re-read" count="23"/>
      <shelf name="young-adult" count="21"/>
      <shelf name="all-time-favorites" count="21"/>
      <shelf name="adult-fiction" count="21"/>
      <shelf name="read-in-2016" count="20"/>
      <shelf name="ebook" count="20"/>
      <shelf name="spirituality" count="20"/>
      <shelf name="space-trilogy" count="19"/>
      <shelf name="audio" count="19"/>
      <shelf name="my-books" count="19"/>
      <shelf name="ebooks" count="19"/>
      <shelf name="to-buy" count="18"/>
      <shelf name="fantasy-scifi" count="18"/>
      <shelf name="spiritual" count="18"/>
      <shelf name="favorite-books" count="16"/>
      <shelf name="i-own" count="16"/>
      <shelf name="own-it" count="16"/>
      <shelf name="book-club" count="15"/>
      <shelf name="christian-fantasy" count="15"/>
      <shelf name="shelfari-favorites" count="14"/>
      <shelf name="aliens" count="14"/>
      <shelf name="fantasy-science-fiction" count="14"/>
      <shelf name="wish-list" count="14"/>
      <shelf name="other" count="13"/>
      <shelf name="lewis-c-s" count="13"/>
      <shelf name="science-fantasy" count="12"/>
      <shelf name="to-re-read" count="12"/>
      <shelf name="e-books" count="12"/>
      <shelf name="fantasy-fiction" count="12"/>
      <shelf name="sciencefiction" count="12"/>
      <shelf name="british-literature" count="11"/>
      <shelf name="fic" count="11"/>
      <shelf name="classic-fiction" count="11"/>
      <shelf name="fiction-fantasy" count="11"/>
      <shelf name="school" count="11"/>
      <shelf name="1940s" count="11"/>
      <shelf name="home-library" count="11"/>
      <shelf name="cslewis" count="11"/>
      <shelf name="science-fiction-and-fantasy" count="11"/>
      <shelf name="sf-fantasy" count="11"/>
      <shelf name="favorite-authors" count="11"/>
      <shelf name="fantasy-and-sci-fi" count="11"/>
      <shelf name="read-in-2015" count="10"/>
      <shelf name="thought-provoking" count="10"/>
      <shelf name="religious-fiction" count="10"/>
      <shelf name="favourites" count="10"/>
      <shelf name="personal-library" count="10"/>
      <shelf name="mythology" count="10"/>
      <shelf name="english" count="10"/>
      <shelf name="unread" count="10"/>
      <shelf name="brit-lit" count="9"/>
      <shelf name="calibre" count="9"/>
  </popular_shelves>
  <book_links>
    <book_link>
  <id>8</id>
  <name>Libraries</name>
  <link>https://www.goodreads.com/book_link/follow/8</link>
</book_link>

  </book_links>
  <buy_links>
    <buy_link>
<id>1</id>
<name>Amazon</name>
<link>https://www.goodreads.com/book_link/follow/1</link>
</buy_link>
<buy_link>
<id>10</id>
<name>Audible</name>
<link>https://www.goodreads.com/book_link/follow/10</link>
</buy_link>
<buy_link>
<id>3</id>
<name>Barnes &amp; Noble</name>
<link>https://www.goodreads.com/book_link/follow/3</link>
</buy_link>
<buy_link>
<id>1027</id>
<name>Kobo</name>
<link>https://www.goodreads.com/book_link/follow/1027</link>
</buy_link>
<buy_link>
<id>2102</id>
<name>Apple iBooks</name>
<link>https://www.goodreads.com/book_link/follow/2102</link>
</buy_link>
<buy_link>
<id>8036</id>
<name>Google Play</name>
<link>https://www.goodreads.com/book_link/follow/8036</link>
</buy_link>
<buy_link>
<id>4</id>
<name>Abebooks</name>
<link>https://www.goodreads.com/book_link/follow/4</link>
</buy_link>
<buy_link>
<id>882</id>
<name>Book Depository</name>
<link>https://www.goodreads.com/book_link/follow/882</link>
</buy_link>
<buy_link>
<id>9</id>
<name>Indigo</name>
<link>https://www.goodreads.com/book_link/follow/9</link>
</buy_link>
<buy_link>
<id>2</id>
<name>Half.com</name>
<link>https://www.goodreads.com/book_link/follow/2</link>
</buy_link>
<buy_link>
<id>5</id>
<name>Alibris</name>
<link>https://www.goodreads.com/book_link/follow/5</link>
</buy_link>
<buy_link>
<id>107</id>
<name>Better World Books</name>
<link>https://www.goodreads.com/book_link/follow/107</link>
</buy_link>
<buy_link>
<id>7</id>
<name>IndieBound</name>
<link>https://www.goodreads.com/book_link/follow/7</link>
</buy_link>

  </buy_links>
  <series_works>
    <series_work>
<id>179993</id>
<user_position>2</user_position>
<series>
<id>43578</id>
<title>
<![CDATA[
    Space Trilogy
]]>
</title>
<description>
<![CDATA[
    Also known as:
    * The Cosmic Trilogy
    * La trilogie cosmique
    * La trilogie spatiale
    * Kosmická trilogie
    * Космически трилогия
    * Kozmik Üçleme
    * The Ransom Trilogy
    * Ransom-trilogia
    * Ransom-trilogie
    * Perelandra-Trilogie
]]>
</description>
<note>
<![CDATA[
]]>
</note>
<series_works_count>5</series_works_count>
<primary_work_count>3</primary_work_count>
<numbered>true</numbered>
</series>

</series_work>

  </series_works>
  <similar_books>
          <book>
<id>143223</id>
<title>War in Heaven</title>
<title_without_series>War in Heaven</title_without_series>
<link><![CDATA[https://www.goodreads.com/book/show/143223.War_in_Heaven]]></link>
<small_image_url><![CDATA[https://s.gr-assets.com/assets/nophoto/book/50x75-a91bf249278a81aabab721ef782c4a74.png]]></small_image_url>
<image_url><![CDATA[https://s.gr-assets.com/assets/nophoto/book/111x148-bcc042a9c91a29c1d680899eff700a03.png]]></image_url>
<num_pages></num_pages>
<work>
<id>138158</id>
</work>
<isbn></isbn>
<isbn13></isbn13>
<average_rating>3.84</average_rating>
<ratings_count>1254</ratings_count>
<publication_year>2004</publication_year>
<publication_month>1</publication_month>
<publication_day></publication_day>
<authors>
<author>
<id>36289</id>
<name>Charles Williams</name>
<link><![CDATA[https://www.goodreads.com/author/show/36289.Charles_Williams]]></link>
</author>
</authors>
</book>

          <book>
<id>268187</id>
<title>Lilith</title>
<title_without_series>Lilith</title_without_series>
<link><![CDATA[https://www.goodreads.com/book/show/268187.Lilith]]></link>
<small_image_url><![CDATA[https://s.gr-assets.com/assets/nophoto/book/50x75-a91bf249278a81aabab721ef782c4a74.png]]></small_image_url>
<image_url><![CDATA[https://s.gr-assets.com/assets/nophoto/book/111x148-bcc042a9c91a29c1d680899eff700a03.png]]></image_url>
<num_pages>264</num_pages>
<work>
<id>972273</id>
</work>
<isbn>1587159260</isbn>
<isbn13>9781587159268</isbn13>
<average_rating>3.90</average_rating>
<ratings_count>4570</ratings_count>
<publication_year>2002</publication_year>
<publication_month>7</publication_month>
<publication_day>1</publication_day>
<authors>
<author>
<id>2413</id>
<name>George MacDonald</name>
<link><![CDATA[https://www.goodreads.com/author/show/2413.George_MacDonald]]></link>
</author>
</authors>
</book>

          <book>
<id>899146</id>
<title>Manalive</title>
<title_without_series>Manalive</title_without_series>
<link><![CDATA[https://www.goodreads.com/book/show/899146.Manalive]]></link>
<small_image_url><![CDATA[https://images.gr-assets.com/books/1328866065s/899146.jpg]]></small_image_url>
<image_url><![CDATA[https://images.gr-assets.com/books/1328866065m/899146.jpg]]></image_url>
<num_pages>160</num_pages>
<work>
<id>884332</id>
</work>
<isbn>0486414051</isbn>
<isbn13>9780486414058</isbn13>
<average_rating>4.23</average_rating>
<ratings_count>2205</ratings_count>
<publication_year>2000</publication_year>
<publication_month>11</publication_month>
<publication_day>27</publication_day>
<authors>
<author>
<id>7014283</id>
<name>G.K. Chesterton</name>
<link><![CDATA[https://www.goodreads.com/author/show/7014283.G_K_Chesterton]]></link>
</author>
</authors>
</book>

          <book>
<id>10954417</id>
<title><![CDATA[The Monster in the Hollows (The Wingfeather Saga, #3)]]></title>
<title_without_series>The Monster in the Hollows</title_without_series>
<link><![CDATA[https://www.goodreads.com/book/show/10954417-the-monster-in-the-hollows]]></link>
<small_image_url><![CDATA[https://s.gr-assets.com/assets/nophoto/book/50x75-a91bf249278a81aabab721ef782c4a74.png]]></small_image_url>
<image_url><![CDATA[https://s.gr-assets.com/assets/nophoto/book/111x148-bcc042a9c91a29c1d680899eff700a03.png]]></image_url>
<num_pages>348</num_pages>
<work>
<id>15872046</id>
</work>
<isbn>0982621434</isbn>
<isbn13>9780982621431</isbn13>
<average_rating>4.62</average_rating>
<ratings_count>2333</ratings_count>
<publication_year>2011</publication_year>
<publication_month>5</publication_month>
<publication_day>10</publication_day>
<authors>
<author>
<id>746724</id>
<name>Andrew Peterson</name>
<link><![CDATA[https://www.goodreads.com/author/show/746724.Andrew_Peterson]]></link>
</author>
</authors>
</book>

          <book>
<id>17190364</id>
<title><![CDATA[Empire of Bones (Ashtown Burials #3)]]></title>
<title_without_series>Empire of Bones</title_without_series>
<link><![CDATA[https://www.goodreads.com/book/show/17190364-empire-of-bones]]></link>
<small_image_url><![CDATA[https://images.gr-assets.com/books/1366897660s/17190364.jpg]]></small_image_url>
<image_url><![CDATA[https://images.gr-assets.com/books/1366897660m/17190364.jpg]]></image_url>
<num_pages>448</num_pages>
<work>
<id>23642515</id>
</work>
<isbn>0375864415</isbn>
<isbn13>9780375864414</isbn13>
<average_rating>4.31</average_rating>
<ratings_count>1040</ratings_count>
<publication_year>2013</publication_year>
<publication_month>10</publication_month>
<publication_day>22</publication_day>
<authors>
<author>
<id>505695</id>
<name>N.D. Wilson</name>
<link><![CDATA[https://www.goodreads.com/author/show/505695.N_D_Wilson]]></link>
</author>
</authors>
</book>

          <book>
<id>73930</id>
<title><![CDATA[The Silver Hand (The Song of Albion, #2)]]></title>
<title_without_series>The Silver Hand</title_without_series>
<link><![CDATA[https://www.goodreads.com/book/show/73930.The_Silver_Hand]]></link>
<small_image_url><![CDATA[https://s.gr-assets.com/assets/nophoto/book/50x75-a91bf249278a81aabab721ef782c4a74.png]]></small_image_url>
<image_url><![CDATA[https://s.gr-assets.com/assets/nophoto/book/111x148-bcc042a9c91a29c1d680899eff700a03.png]]></image_url>
<num_pages></num_pages>
<work>
<id>1008415</id>
</work>
<isbn>1595542205</isbn>
<isbn13>9781595542205</isbn13>
<average_rating>4.22</average_rating>
<ratings_count>5710</ratings_count>
<publication_year></publication_year>
<publication_month></publication_month>
<publication_day></publication_day>
<authors>
<author>
<id>28083</id>
<name>Stephen R. Lawhead</name>
<link><![CDATA[https://www.goodreads.com/author/show/28083.Stephen_R_Lawhead]]></link>
</author>
</authors>
</book>

          <book>
<id>1800794</id>
<title><![CDATA[Planet Narnia: The Seven Heavens in the Imagination of C.S. Lewis]]></title>
<title_without_series><![CDATA[Planet Narnia: The Seven Heavens in the Imagination of C.S. Lewis]]></title_without_series>
<link><![CDATA[https://www.goodreads.com/book/show/1800794.Planet_Narnia]]></link>
<small_image_url><![CDATA[https://s.gr-assets.com/assets/nophoto/book/50x75-a91bf249278a81aabab721ef782c4a74.png]]></small_image_url>
<image_url><![CDATA[https://s.gr-assets.com/assets/nophoto/book/111x148-bcc042a9c91a29c1d680899eff700a03.png]]></image_url>
<num_pages>347</num_pages>
<work>
<id>1799947</id>
</work>
<isbn>0195313879</isbn>
<isbn13>9780195313871</isbn13>
<average_rating>4.29</average_rating>
<ratings_count>1419</ratings_count>
<publication_year>2008</publication_year>
<publication_month>1</publication_month>
<publication_day>15</publication_day>
<authors>
<author>
<id>5816302</id>
<name>Michael  Ward</name>
<link><![CDATA[https://www.goodreads.com/author/show/5816302.Michael_Ward]]></link>
</author>
</authors>
</book>

          <book>
<id>16184825</id>
<title><![CDATA[C. S. Lewis: A Life: Eccentric Genius, Reluctant Prophet]]></title>
<title_without_series><![CDATA[C. S. Lewis: A Life: Eccentric Genius, Reluctant Prophet]]></title_without_series>
<link><![CDATA[https://www.goodreads.com/book/show/16184825-c-s-lewis]]></link>
<small_image_url><![CDATA[https://images.gr-assets.com/books/1406507624s/16184825.jpg]]></small_image_url>
<image_url><![CDATA[https://images.gr-assets.com/books/1406507624m/16184825.jpg]]></image_url>
<num_pages>431</num_pages>
<work>
<id>21933062</id>
</work>
<isbn>1414339356</isbn>
<isbn13>9781414339351</isbn13>
<average_rating>4.10</average_rating>
<ratings_count>2307</ratings_count>
<publication_year>2013</publication_year>
<publication_month>3</publication_month>
<publication_day>1</publication_day>
<authors>
<author>
<id>13925960</id>
<name>Alister E. McGrath</name>
<link><![CDATA[https://www.goodreads.com/author/show/13925960.Alister_E_McGrath]]></link>
</author>
</authors>
</book>

          <book>
<id>1939096</id>
<title>What I Learned in Narnia</title>
<title_without_series>What I Learned in Narnia</title_without_series>
<link><![CDATA[https://www.goodreads.com/book/show/1939096.What_I_Learned_in_Narnia]]></link>
<small_image_url><![CDATA[https://images.gr-assets.com/books/1379285632s/1939096.jpg]]></small_image_url>
<image_url><![CDATA[https://images.gr-assets.com/books/1379285632m/1939096.jpg]]></image_url>
<num_pages></num_pages>
<work>
<id>1941668</id>
</work>
<isbn>1591284384</isbn>
<isbn13>9781591284383</isbn13>
<average_rating>4.43</average_rating>
<ratings_count>169</ratings_count>
<publication_year>2004</publication_year>
<publication_month>6</publication_month>
<publication_day>1</publication_day>
<authors>
<author>
<id>30465</id>
<name>Douglas Wilson</name>
<link><![CDATA[https://www.goodreads.com/author/show/30465.Douglas_Wilson]]></link>
</author>
</authors>
</book>

  </similar_books>
</book>

</GoodreadsResponse>