<?xml version="1.0" encoding="UTF-8"?>
<GoodreadsResponse>
  <Request>
    <authentication>true</authentication>
      <key><![CDATA[all_men_must_serve]]></key>
    <method><![CDATA[book_show]]></method>
  </Request>
  <book>
  <id>10105</id>
  <title>The Last Wife of Henry VIII</title>
  <isbn><![CDATA[0312352182]]></isbn>
  <isbn13><![CDATA[9780312352189]]></isbn13>
  <asin><![CDATA[]]></asin>
  <kindle_asin><![CDATA[]]></kindle_asin>
  <marketplace_id><![CDATA[]]></marketplace_id>
  <country_code><![CDATA[GB]]></country_code>
  <image_url>https://s.gr-assets.com/assets/nophoto/book/111x148-bcc042a9c91a29c1d680899eff700a03.png</image_url>
  <small_image_url>https://s.gr-assets.com/assets/nophoto/book/50x75-a91bf249278a81aabab721ef782c4a74.png</small_image_url>
  <publication_year>2006</publication_year>
  <publication_month>10</publication_month>
  <publication_day>3</publication_day>
  <publisher>St. Martin's Press</publisher>
  <language_code>en-US</language_code>
  <is_ebook>false</is_ebook>
  <description><![CDATA[Courageous, attractive, romantic, intelligent, Catherine Parr became the sixth wife of Henry VIII. Her story, as Carolly Erickson re-creates it, is page-turning drama: from the splendors of the Field of the Cloth of Gold to the gory last years of the outsize King Henry, when heads rolled and England trembled, Catherine bestrode her destiny and survived to marry her true love.<p>Catherine Parr attracted the king’s lust and, though much in love with the handsome Thomas Seymour, was thrown into the intrigue-filled snake pit of the royal court. While victims of the king’s wrath suffered torture and execution, Catherine persevered—until, at last, she came within the orbit of the royal fury. King Henry toyed with her, first ordering her arrested, then granting her clemency. She managed to evade execution, but she knew that the king had his wandering eye fixed on wife number seven. </p><p>She was spared by his death and married the attractive but dangerously unbalanced Seymour. Her triumph was shadowed by rivalry with the young Princess Elizabeth, whose lands and influence the lecherous Seymour coveted. Catherine won the contest, but at great cost.</p><p>In <i>The Last Wife of Henry VIII,</i> critically acclaimed author Carolly Erickson brings this dramatic story of survival and redemption to life.</p>]]></description>
  <work>
  <id type="integer">12842</id>
  <books_count type="integer">21</books_count>
  <best_book_id type="integer">10105</best_book_id>
  <reviews_count type="integer">26245</reviews_count>
  <ratings_sum type="integer">41483</ratings_sum>
  <ratings_count type="integer">10684</ratings_count>
  <text_reviews_count type="integer">438</text_reviews_count>
  <original_publication_year type="integer">1980</original_publication_year>
  <original_publication_month type="integer">10</original_publication_month>
  <original_publication_day type="integer">3</original_publication_day>
  <original_title>The Last Wife of Henry VIII</original_title>
  <original_language_id type="integer" nil="true"/>
  <media_type>book</media_type>
  <rating_dist>5:3148|4:4014|3:2798|2:569|1:155|total:10684</rating_dist>
  <desc_user_id type="integer" nil="true"/>
  <default_chaptering_book_id type="integer" nil="true"/>
  <default_description_language_code nil="true"/>
</work>
  <average_rating>3.88</average_rating>
  <num_pages><![CDATA[326]]></num_pages>
  <format><![CDATA[Hardcover]]></format>
  <edition_information><![CDATA[]]></edition_information>
  <ratings_count><![CDATA[10172]]></ratings_count>
  <text_reviews_count><![CDATA[354]]></text_reviews_count>
  <url><![CDATA[https://www.goodreads.com/book/show/10105.The_Last_Wife_of_Henry_VIII]]></url>
  <link><![CDATA[https://www.goodreads.com/book/show/10105.The_Last_Wife_of_Henry_VIII]]></link>
  <authors>
<author>
<id>6597</id>
<name>Carolly Erickson</name>
<role></role>
<image_url nophoto='false'>
<![CDATA[https://images.gr-assets.com/authors/1291582967p5/6597.jpg]]>
</image_url>
<small_image_url nophoto='false'>
<![CDATA[https://images.gr-assets.com/authors/1291582967p2/6597.jpg]]>
</small_image_url>
<link><![CDATA[https://www.goodreads.com/author/show/6597.Carolly_Erickson]]></link>
<average_rating>3.75</average_rating>
<ratings_count>38395</ratings_count>
<text_reviews_count>2767</text_reviews_count>
</author>
</authors>

    <reviews_widget>
      <![CDATA[
        <style>
  #goodreads-widget {
    font-family: georgia, serif;
    padding: 18px 0;
    width:565px;
  }
  #goodreads-widget h1 {
    font-weight:normal;
    font-size: 16px;
    border-bottom: 1px solid #BBB596;
    margin-bottom: 0;
  }
  #goodreads-widget a {
    text-decoration: none;
    color:#660;
  }
  iframe{
    background-color: #fff;
  }
  #goodreads-widget a:hover { text-decoration: underline; }
  #goodreads-widget a:active {
    color:#660;
  }
  #gr_footer {
    width: 100%;
    border-top: 1px solid #BBB596;
    text-align: right;
  }
  #goodreads-widget .gr_branding{
    color: #382110;
    font-size: 11px;
    text-decoration: none;
    font-family: "Helvetica Neue", Helvetica, Arial, sans-serif;
  }
</style>
<div id="goodreads-widget">
  <div id="gr_header"><h1><a rel="nofollow" href="https://www.goodreads.com/book/show/10105.The_Last_Wife_of_Henry_VIII">The Last Wife of Henry VIII Reviews</a></h1></div>
  <iframe id="the_iframe" src="https://www.goodreads.com/api/reviews_widget_iframe?did=DEVELOPER_ID&amp;format=html&amp;isbn=0312352182&amp;links=660&amp;min_rating=&amp;review_back=fff&amp;stars=000&amp;text=000" width="565" height="400" frameborder="0"></iframe>
  <div id="gr_footer">
    <a class="gr_branding" target="_blank" rel="nofollow" href="https://www.goodreads.com/book/show/10105.The_Last_Wife_of_Henry_VIII?utm_medium=api&amp;utm_source=reviews_widget">Reviews from Goodreads.com</a>
  </div>
</div>

      ]]>
    </reviews_widget>
  <popular_shelves>
      <shelf name="to-read" count="14846"/>
      <shelf name="historical-fiction" count="525"/>
      <shelf name="fiction" count="80"/>
      <shelf name="historical" count="70"/>
      <shelf name="currently-reading" count="65"/>
      <shelf name="tudors" count="54"/>
      <shelf name="tudor" count="44"/>
      <shelf name="history" count="41"/>
      <shelf name="england" count="37"/>
      <shelf name="books-i-own" count="35"/>
      <shelf name="romance" count="21"/>
      <shelf name="owned" count="20"/>
      <shelf name="tudor-england" count="20"/>
      <shelf name="henry-viii" count="17"/>
      <shelf name="library" count="17"/>
      <shelf name="16th-century" count="16"/>
      <shelf name="default" count="15"/>
      <shelf name="royalty" count="14"/>
      <shelf name="favorites" count="12"/>
      <shelf name="tudor-fiction" count="12"/>
      <shelf name="fiction-historical" count="12"/>
      <shelf name="tudor-era" count="11"/>
      <shelf name="catherine-parr" count="11"/>
      <shelf name="the-tudors" count="11"/>
      <shelf name="adult" count="11"/>
      <shelf name="to-buy" count="10"/>
      <shelf name="british" count="9"/>
      <shelf name="historical-novels" count="9"/>
      <shelf name="royals" count="8"/>
      <shelf name="i-own" count="8"/>
      <shelf name="carolly-erickson" count="8"/>
      <shelf name="owned-books" count="7"/>
      <shelf name="tudor-history" count="7"/>
      <shelf name="book-club" count="7"/>
      <shelf name="biography" count="7"/>
      <shelf name="audio-books" count="6"/>
      <shelf name="medieval" count="6"/>
      <shelf name="audiobooks" count="6"/>
      <shelf name="english-history" count="6"/>
      <shelf name="historic-fiction" count="6"/>
      <shelf name="audio" count="6"/>
      <shelf name="wish-list" count="6"/>
      <shelf name="historicalfiction" count="6"/>
      <shelf name="my-books" count="5"/>
      <shelf name="audiobook" count="5"/>
      <shelf name="british-history" count="5"/>
      <shelf name="library-books" count="5"/>
      <shelf name="historical-romance" count="5"/>
      <shelf name="nonfiction" count="5"/>
      <shelf name="to-read-own" count="5"/>
      <shelf name="katherine-parr" count="4"/>
      <shelf name="ebooks" count="4"/>
      <shelf name="pre-goodreads" count="4"/>
      <shelf name="tudor-historical-fiction" count="4"/>
      <shelf name="ebook" count="4"/>
      <shelf name="historical-fiction-to-read" count="4"/>
      <shelf name="literature" count="4"/>
      <shelf name="european-royalty" count="4"/>
      <shelf name="queens" count="4"/>
      <shelf name="adult-fiction" count="4"/>
      <shelf name="viii" count="4"/>
      <shelf name="henry" count="4"/>
      <shelf name="historical-novel" count="4"/>
      <shelf name="read-in-2009" count="4"/>
      <shelf name="novels" count="4"/>
      <shelf name="historical-fic" count="4"/>
      <shelf name="need-to-buy" count="3"/>
      <shelf name="tudor-period" count="3"/>
      <shelf name="historical-fiction-england" count="3"/>
      <shelf name="a" count="3"/>
      <shelf name="own-book" count="3"/>
      <shelf name="books-to-buy" count="3"/>
      <shelf name="my-library" count="3"/>
      <shelf name="read-historical-fiction" count="3"/>
      <shelf name="history-to-read" count="3"/>
      <shelf name="own-to-read" count="3"/>
      <shelf name="renaissance" count="3"/>
      <shelf name="parr" count="3"/>
      <shelf name="monarchy" count="3"/>
      <shelf name="1500s" count="3"/>
      <shelf name="biographies" count="3"/>
      <shelf name="period-fiction" count="3"/>
      <shelf name="read-in-2010" count="3"/>
      <shelf name="own-it" count="3"/>
      <shelf name="reviewed" count="3"/>
      <shelf name="historical-fiction-read" count="3"/>
      <shelf name="english" count="3"/>
      <shelf name="drama" count="3"/>
      <shelf name="audio-book" count="3"/>
      <shelf name="re-read-for-review" count="2"/>
      <shelf name="biografie" count="2"/>
      <shelf name="books" count="2"/>
      <shelf name="tudor-court" count="2"/>
      <shelf name="books-owned" count="2"/>
      <shelf name="abandoned" count="2"/>
      <shelf name="on-my-shelf" count="2"/>
      <shelf name="british-hf" count="2"/>
      <shelf name="4-stars" count="2"/>
      <shelf name="on-hold" count="2"/>
      <shelf name="books-i-have" count="2"/>
  </popular_shelves>
  <book_links>
    <book_link>
  <id>8</id>
  <name>Libraries</name>
  <link>https://www.goodreads.com/book_link/follow/8</link>
</book_link>

  </book_links>
  <buy_links>
    <buy_link>
<id>1</id>
<name>Amazon</name>
<link>https://www.goodreads.com/book_link/follow/1</link>
</buy_link>
<buy_link>
<id>10</id>
<name>Audible</name>
<link>https://www.goodreads.com/book_link/follow/10</link>
</buy_link>
<buy_link>
<id>3</id>
<name>Barnes &amp; Noble</name>
<link>https://www.goodreads.com/book_link/follow/3</link>
</buy_link>
<buy_link>
<id>1027</id>
<name>Kobo</name>
<link>https://www.goodreads.com/book_link/follow/1027</link>
</buy_link>
<buy_link>
<id>2102</id>
<name>Apple iBooks</name>
<link>https://www.goodreads.com/book_link/follow/2102</link>
</buy_link>
<buy_link>
<id>8036</id>
<name>Google Play</name>
<link>https://www.goodreads.com/book_link/follow/8036</link>
</buy_link>
<buy_link>
<id>4</id>
<name>Abebooks</name>
<link>https://www.goodreads.com/book_link/follow/4</link>
</buy_link>
<buy_link>
<id>882</id>
<name>Book Depository</name>
<link>https://www.goodreads.com/book_link/follow/882</link>
</buy_link>
<buy_link>
<id>9</id>
<name>Indigo</name>
<link>https://www.goodreads.com/book_link/follow/9</link>
</buy_link>
<buy_link>
<id>2</id>
<name>Half.com</name>
<link>https://www.goodreads.com/book_link/follow/2</link>
</buy_link>
<buy_link>
<id>5</id>
<name>Alibris</name>
<link>https://www.goodreads.com/book_link/follow/5</link>
</buy_link>
<buy_link>
<id>107</id>
<name>Better World Books</name>
<link>https://www.goodreads.com/book_link/follow/107</link>
</buy_link>
<buy_link>
<id>7</id>
<name>IndieBound</name>
<link>https://www.goodreads.com/book_link/follow/7</link>
</buy_link>

  </buy_links>
  <series_works>
    
  </series_works>
  <similar_books>
          <book>
<id>78611</id>
<title>Plain Jane</title>
<title_without_series>Plain Jane</title_without_series>
<link><![CDATA[https://www.goodreads.com/book/show/78611.Plain_Jane]]></link>
<small_image_url><![CDATA[https://images.gr-assets.com/books/1309197261s/78611.jpg]]></small_image_url>
<image_url><![CDATA[https://images.gr-assets.com/books/1309197261m/78611.jpg]]></image_url>
<num_pages>352</num_pages>
<work>
<id>75904</id>
</work>
<isbn>0515141550</isbn>
<isbn13>9780515141559</isbn13>
<average_rating>3.80</average_rating>
<ratings_count>1840</ratings_count>
<publication_year>2006</publication_year>
<publication_month>6</publication_month>
<publication_day>27</publication_day>
<authors>
<author>
<id>44619</id>
<name>Laurien Gardner</name>
<link><![CDATA[https://www.goodreads.com/author/show/44619.Laurien_Gardner]]></link>
</author>
</authors>
</book>

          <book>
<id>3000014</id>
<title><![CDATA[My Lady of Cleves: A Novel of Henry VIII and Anne of Cleves]]></title>
<title_without_series><![CDATA[My Lady of Cleves: A Novel of Henry VIII and Anne of Cleves]]></title_without_series>
<link><![CDATA[https://www.goodreads.com/book/show/3000014-my-lady-of-cleves]]></link>
<small_image_url><![CDATA[https://s.gr-assets.com/assets/nophoto/book/50x75-a91bf249278a81aabab721ef782c4a74.png]]></small_image_url>
<image_url><![CDATA[https://s.gr-assets.com/assets/nophoto/book/111x148-bcc042a9c91a29c1d680899eff700a03.png]]></image_url>
<num_pages>331</num_pages>
<work>
<id>3030503</id>
</work>
<isbn>1402214316</isbn>
<isbn13>9781402214318</isbn13>
<average_rating>3.98</average_rating>
<ratings_count>2461</ratings_count>
<publication_year>2008</publication_year>
<publication_month>9</publication_month>
<publication_day>1</publication_day>
<authors>
<author>
<id>271832</id>
<name>Margaret Campbell Barnes</name>
<link><![CDATA[https://www.goodreads.com/author/show/271832.Margaret_Campbell_Barnes]]></link>
</author>
</authors>
</book>

          <book>
<id>1340021</id>
<title><![CDATA[The Secret Bride (In The Court of Henry VIII, #1)]]></title>
<title_without_series>The Secret Bride</title_without_series>
<link><![CDATA[https://www.goodreads.com/book/show/1340021.The_Secret_Bride]]></link>
<small_image_url><![CDATA[https://s.gr-assets.com/assets/nophoto/book/50x75-a91bf249278a81aabab721ef782c4a74.png]]></small_image_url>
<image_url><![CDATA[https://s.gr-assets.com/assets/nophoto/book/111x148-bcc042a9c91a29c1d680899eff700a03.png]]></image_url>
<num_pages>398</num_pages>
<work>
<id>1329593</id>
</work>
<isbn>0451223136</isbn>
<isbn13>9780451223135</isbn13>
<average_rating>3.78</average_rating>
<ratings_count>3996</ratings_count>
<publication_year></publication_year>
<publication_month></publication_month>
<publication_day></publication_day>
<authors>
<author>
<id>14482</id>
<name>Diane Haeger</name>
<link><![CDATA[https://www.goodreads.com/author/show/14482.Diane_Haeger]]></link>
</author>
</authors>
</book>

          <book>
<id>31087</id>
<title>The Last Boleyn</title>
<title_without_series>The Last Boleyn</title_without_series>
<link><![CDATA[https://www.goodreads.com/book/show/31087.The_Last_Boleyn]]></link>
<small_image_url><![CDATA[https://s.gr-assets.com/assets/nophoto/book/50x75-a91bf249278a81aabab721ef782c4a74.png]]></small_image_url>
<image_url><![CDATA[https://s.gr-assets.com/assets/nophoto/book/111x148-bcc042a9c91a29c1d680899eff700a03.png]]></image_url>
<num_pages>592</num_pages>
<work>
<id>31417</id>
</work>
<isbn>0307237907</isbn>
<isbn13>9780307237903</isbn13>
<average_rating>4.04</average_rating>
<ratings_count>8939</ratings_count>
<publication_year>2006</publication_year>
<publication_month>2</publication_month>
<publication_day>28</publication_day>
<authors>
<author>
<id>17450</id>
<name>Karen Harper</name>
<link><![CDATA[https://www.goodreads.com/author/show/17450.Karen_Harper]]></link>
</author>
</authors>
</book>

          <book>
<id>482988</id>
<title>Mademoiselle Boleyn</title>
<title_without_series>Mademoiselle Boleyn</title_without_series>
<link><![CDATA[https://www.goodreads.com/book/show/482988.Mademoiselle_Boleyn]]></link>
<small_image_url><![CDATA[https://s.gr-assets.com/assets/nophoto/book/50x75-a91bf249278a81aabab721ef782c4a74.png]]></small_image_url>
<image_url><![CDATA[https://s.gr-assets.com/assets/nophoto/book/111x148-bcc042a9c91a29c1d680899eff700a03.png]]></image_url>
<num_pages></num_pages>
<work>
<id>3116397</id>
</work>
<isbn>0451222091</isbn>
<isbn13>9780451222091</isbn13>
<average_rating>3.94</average_rating>
<ratings_count>5198</ratings_count>
<publication_year></publication_year>
<publication_month></publication_month>
<publication_day></publication_day>
<authors>
<author>
<id>17452</id>
<name>Robin Maxwell</name>
<link><![CDATA[https://www.goodreads.com/author/show/17452.Robin_Maxwell]]></link>
</author>
</authors>
</book>

          <book>
<id>159849</id>
<title><![CDATA[Katharine of Aragon: The Wives of Henry VIII (Tudor Saga, #2-4)]]></title>
<title_without_series><![CDATA[Katharine of Aragon: The Wives of Henry VIII]]></title_without_series>
<link><![CDATA[https://www.goodreads.com/book/show/159849.Katharine_of_Aragon]]></link>
<small_image_url><![CDATA[https://images.gr-assets.com/books/1467068672s/159849.jpg]]></small_image_url>
<image_url><![CDATA[https://images.gr-assets.com/books/1467068672m/159849.jpg]]></image_url>
<num_pages>661</num_pages>
<work>
<id>154282</id>
</work>
<isbn>0609810251</isbn>
<isbn13>9780609810255</isbn13>
<average_rating>4.04</average_rating>
<ratings_count>2765</ratings_count>
<publication_year>2005</publication_year>
<publication_month>2</publication_month>
<publication_day>22</publication_day>
<authors>
<author>
<id>6590</id>
<name>Jean Plaidy</name>
<link><![CDATA[https://www.goodreads.com/author/show/6590.Jean_Plaidy]]></link>
</author>
</authors>
</book>

          <book>
<id>6309890</id>
<title><![CDATA[The Virgin's Daughters: In the Court of Elizabeth I]]></title>
<title_without_series><![CDATA[The Virgin's Daughters: In the Court of Elizabeth I]]></title_without_series>
<link><![CDATA[https://www.goodreads.com/book/show/6309890-the-virgin-s-daughters]]></link>
<small_image_url><![CDATA[https://s.gr-assets.com/assets/nophoto/book/50x75-a91bf249278a81aabab721ef782c4a74.png]]></small_image_url>
<image_url><![CDATA[https://s.gr-assets.com/assets/nophoto/book/111x148-bcc042a9c91a29c1d680899eff700a03.png]]></image_url>
<num_pages></num_pages>
<work>
<id>6495029</id>
</work>
<isbn>0451226674</isbn>
<isbn13>9780451226679</isbn13>
<average_rating>3.93</average_rating>
<ratings_count>1619</ratings_count>
<publication_year></publication_year>
<publication_month></publication_month>
<publication_day></publication_day>
<authors>
<author>
<id>194471</id>
<name>Jeane Westin</name>
<link><![CDATA[https://www.goodreads.com/author/show/194471.Jeane_Westin]]></link>
</author>
</authors>
</book>

          <book>
<id>2367495</id>
<title>The Last Queen</title>
<title_without_series>The Last Queen</title_without_series>
<link><![CDATA[https://www.goodreads.com/book/show/2367495.The_Last_Queen]]></link>
<small_image_url><![CDATA[https://s.gr-assets.com/assets/nophoto/book/50x75-a91bf249278a81aabab721ef782c4a74.png]]></small_image_url>
<image_url><![CDATA[https://s.gr-assets.com/assets/nophoto/book/111x148-bcc042a9c91a29c1d680899eff700a03.png]]></image_url>
<num_pages>368</num_pages>
<work>
<id>2374321</id>
</work>
<isbn>0345501845</isbn>
<isbn13>9780345501844</isbn13>
<average_rating>4.02</average_rating>
<ratings_count>8816</ratings_count>
<publication_year></publication_year>
<publication_month></publication_month>
<publication_day></publication_day>
<authors>
<author>
<id>169656</id>
<name>C.W. Gortner</name>
<link><![CDATA[https://www.goodreads.com/author/show/169656.C_W_Gortner]]></link>
</author>
</authors>
</book>

          <book>
<id>56353</id>
<title>I, Elizabeth</title>
<title_without_series>I, Elizabeth</title_without_series>
<link><![CDATA[https://www.goodreads.com/book/show/56353.I_Elizabeth]]></link>
<small_image_url><![CDATA[https://images.gr-assets.com/books/1403186670s/56353.jpg]]></small_image_url>
<image_url><![CDATA[https://images.gr-assets.com/books/1403186670m/56353.jpg]]></image_url>
<num_pages>641</num_pages>
<work>
<id>2054888</id>
</work>
<isbn>0609809105</isbn>
<isbn13>9780609809105</isbn13>
<average_rating>4.01</average_rating>
<ratings_count>12354</ratings_count>
<publication_year>2003</publication_year>
<publication_month>3</publication_month>
<publication_day>25</publication_day>
<authors>
<author>
<id>13891</id>
<name>Rosalind Miles</name>
<link><![CDATA[https://www.goodreads.com/author/show/13891.Rosalind_Miles]]></link>
</author>
</authors>
</book>

          <book>
<id>2463887</id>
<title><![CDATA[Vengeance Is Mine: A Novel Of Anne Boleyn, Katherine Howard, And Lady Rochford  The Woman Who Helped Destroy Them Both]]></title>
<title_without_series><![CDATA[Vengeance Is Mine: A Novel Of Anne Boleyn, Katherine Howard, And Lady Rochford  The Woman Who Helped Destroy Them Both]]></title_without_series>
<link><![CDATA[https://www.goodreads.com/book/show/2463887.Vengeance_Is_Mine]]></link>
<small_image_url><![CDATA[https://images.gr-assets.com/books/1327884112s/2463887.jpg]]></small_image_url>
<image_url><![CDATA[https://images.gr-assets.com/books/1327884112m/2463887.jpg]]></image_url>
<num_pages></num_pages>
<work>
<id>2471083</id>
</work>
<isbn>0595481248</isbn>
<isbn13>9780595481248</isbn13>
<average_rating>3.61</average_rating>
<ratings_count>1011</ratings_count>
<publication_year></publication_year>
<publication_month></publication_month>
<publication_day></publication_day>
<authors>
<author>
<id>850093</id>
<name>Brandy Purdy</name>
<link><![CDATA[https://www.goodreads.com/author/show/850093.Brandy_Purdy]]></link>
</author>
</authors>
</book>

          <book>
<id>688975</id>
<title>The Concubine</title>
<title_without_series>The Concubine</title_without_series>
<link><![CDATA[https://www.goodreads.com/book/show/688975.The_Concubine]]></link>
<small_image_url><![CDATA[https://images.gr-assets.com/books/1272352649s/688975.jpg]]></small_image_url>
<image_url><![CDATA[https://images.gr-assets.com/books/1272352649m/688975.jpg]]></image_url>
<num_pages>358</num_pages>
<work>
<id>3070885</id>
</work>
<isbn>075243943X</isbn>
<isbn13>9780752439433</isbn13>
<average_rating>3.94</average_rating>
<ratings_count>2729</ratings_count>
<publication_year>2007</publication_year>
<publication_month>4</publication_month>
<publication_day>1</publication_day>
<authors>
<author>
<id>195727</id>
<name>Norah Lofts</name>
<link><![CDATA[https://www.goodreads.com/author/show/195727.Norah_Lofts]]></link>
</author>
</authors>
</book>

          <book>
<id>3359853</id>
<title><![CDATA[The King's Daughter. A Novel of the First Tudor Queen (Rose of York)]]></title>
<title_without_series><![CDATA[The King's Daughter. A Novel of the First Tudor Queen]]></title_without_series>
<link><![CDATA[https://www.goodreads.com/book/show/3359853-the-king-s-daughter-a-novel-of-the-first-tudor-queen]]></link>
<small_image_url><![CDATA[https://s.gr-assets.com/assets/nophoto/book/50x75-a91bf249278a81aabab721ef782c4a74.png]]></small_image_url>
<image_url><![CDATA[https://s.gr-assets.com/assets/nophoto/book/111x148-bcc042a9c91a29c1d680899eff700a03.png]]></image_url>
<num_pages>416</num_pages>
<work>
<id>3399053</id>
</work>
<isbn>042522144X</isbn>
<isbn13>9780425221440</isbn13>
<average_rating>3.86</average_rating>
<ratings_count>2148</ratings_count>
<publication_year>2008</publication_year>
<publication_month>12</publication_month>
<publication_day>2</publication_day>
<authors>
<author>
<id>51004</id>
<name>Sandra Worth</name>
<link><![CDATA[https://www.goodreads.com/author/show/51004.Sandra_Worth]]></link>
</author>
</authors>
</book>

          <book>
<id>3299501</id>
<title>The Virgin Queen&apos;s Daughter</title>
<title_without_series>The Virgin Queen&apos;s Daughter</title_without_series>
<link><![CDATA[https://www.goodreads.com/book/show/3299501-the-virgin-queen-s-daughter]]></link>
<small_image_url><![CDATA[https://images.gr-assets.com/books/1320465501s/3299501.jpg]]></small_image_url>
<image_url><![CDATA[https://images.gr-assets.com/books/1320465501m/3299501.jpg]]></image_url>
<num_pages>352</num_pages>
<work>
<id>3336248</id>
</work>
<isbn>0307394808</isbn>
<isbn13>9780307394804</isbn13>
<average_rating>4.02</average_rating>
<ratings_count>7184</ratings_count>
<publication_year>2008</publication_year>
<publication_month>12</publication_month>
<publication_day>30</publication_day>
<authors>
<author>
<id>1397190</id>
<name>Ella March Chase</name>
<link><![CDATA[https://www.goodreads.com/author/show/1397190.Ella_March_Chase]]></link>
</author>
</authors>
</book>

          <book>
<id>5508080</id>
<title><![CDATA[The Pleasure Palace (Secrets of the Tudor Court, #1)]]></title>
<title_without_series>The Pleasure Palace</title_without_series>
<link><![CDATA[https://www.goodreads.com/book/show/5508080-the-pleasure-palace]]></link>
<small_image_url><![CDATA[https://s.gr-assets.com/assets/nophoto/book/50x75-a91bf249278a81aabab721ef782c4a74.png]]></small_image_url>
<image_url><![CDATA[https://s.gr-assets.com/assets/nophoto/book/111x148-bcc042a9c91a29c1d680899eff700a03.png]]></image_url>
<num_pages>372</num_pages>
<work>
<id>5610107</id>
</work>
<isbn>1416583203</isbn>
<isbn13>9781416583202</isbn13>
<average_rating>3.68</average_rating>
<ratings_count>3799</ratings_count>
<publication_year>2009</publication_year>
<publication_month>2</publication_month>
<publication_day>3</publication_day>
<authors>
<author>
<id>2396206</id>
<name>Kate Emerson</name>
<link><![CDATA[https://www.goodreads.com/author/show/2396206.Kate_Emerson]]></link>
</author>
</authors>
</book>

  </similar_books>
</book>

</GoodreadsResponse>