<?xml version="1.0" encoding="UTF-8"?>
<GoodreadsResponse>
  <Request>
    <authentication>true</authentication>
      <key><![CDATA[all_men_must_serve]]></key>
    <method><![CDATA[book_show]]></method>
  </Request>
  <book>
  <id>10104</id>
  <title>The Six Wives of Henry VIII</title>
  <isbn><![CDATA[0802136834]]></isbn>
  <isbn13><![CDATA[9780802136831]]></isbn13>
  <asin><![CDATA[]]></asin>
  <kindle_asin><![CDATA[B004X0JH7A]]></kindle_asin>
  <marketplace_id><![CDATA[A1F83G8C2ARO7P]]></marketplace_id>
  <country_code><![CDATA[GB]]></country_code>
  <image_url>https://s.gr-assets.com/assets/nophoto/book/111x148-bcc042a9c91a29c1d680899eff700a03.png</image_url>
  <small_image_url>https://s.gr-assets.com/assets/nophoto/book/50x75-a91bf249278a81aabab721ef782c4a74.png</small_image_url>
  <publication_year>1991</publication_year>
  <publication_month></publication_month>
  <publication_day></publication_day>
  <publisher>Grove Press</publisher>
  <language_code>en-US</language_code>
  <is_ebook>false</is_ebook>
  <description><![CDATA[The tempestuous, bloody, and splendid reign of Henry VIII of England (1509-1547) is one of the most fascinating in all history, not least for his marriage to six extraordinary women. In this accessible work of brilliant scholarship, Alison Weir draws on early biographies, letters, memoirs, account books, and diplomatic reports to bring these women to life. Catherine of Aragon emerges as a staunch though misguided woman of principle; Anne Boleyn, an ambitious adventuress with a penchant for vengeance; Jane Seymour, a strong-minded matriarch in the making; Anne of Cleves, a good-natured and innocent woman naively unaware of the court intrigues that determined her fate; Catherine Howard, an empty-headed wanton; and Catherine Parr, a warm-blooded bluestocking who survived King Henry to marry a fourth time.]]></description>
  <work>
  <id type="integer">430173</id>
  <books_count type="integer">22</books_count>
  <best_book_id type="integer">10104</best_book_id>
  <reviews_count type="integer">128839</reviews_count>
  <ratings_sum type="integer">203603</ratings_sum>
  <ratings_count type="integer">49645</ratings_count>
  <text_reviews_count type="integer">1283</text_reviews_count>
  <original_publication_year type="integer">1980</original_publication_year>
  <original_publication_month type="integer">1</original_publication_month>
  <original_publication_day type="integer">1</original_publication_day>
  <original_title>The Six Wives of Henry VIII</original_title>
  <original_language_id type="integer" nil="true"/>
  <media_type>book</media_type>
  <rating_dist>5:19416|4:19023|3:8877|2:1471|1:858|total:49645</rating_dist>
  <desc_user_id type="integer">23223790</desc_user_id>
  <default_chaptering_book_id type="integer" nil="true"/>
  <default_description_language_code nil="true"/>
</work>
  <average_rating>4.10</average_rating>
  <num_pages><![CDATA[643]]></num_pages>
  <format><![CDATA[Paperback]]></format>
  <edition_information><![CDATA[]]></edition_information>
  <ratings_count><![CDATA[47936]]></ratings_count>
  <text_reviews_count><![CDATA[1165]]></text_reviews_count>
  <url><![CDATA[https://www.goodreads.com/book/show/10104.The_Six_Wives_of_Henry_VIII]]></url>
  <link><![CDATA[https://www.goodreads.com/book/show/10104.The_Six_Wives_of_Henry_VIII]]></link>
  <authors>
<author>
<id>6583</id>
<name>Alison Weir</name>
<role></role>
<image_url nophoto='false'>
<![CDATA[https://images.gr-assets.com/authors/1316642711p5/6583.jpg]]>
</image_url>
<small_image_url nophoto='false'>
<![CDATA[https://images.gr-assets.com/authors/1316642711p2/6583.jpg]]>
</small_image_url>
<link><![CDATA[https://www.goodreads.com/author/show/6583.Alison_Weir]]></link>
<average_rating>3.99</average_rating>
<ratings_count>216875</ratings_count>
<text_reviews_count>11455</text_reviews_count>
</author>
</authors>

    <reviews_widget>
      <![CDATA[
        <style>
  #goodreads-widget {
    font-family: georgia, serif;
    padding: 18px 0;
    width:565px;
  }
  #goodreads-widget h1 {
    font-weight:normal;
    font-size: 16px;
    border-bottom: 1px solid #BBB596;
    margin-bottom: 0;
  }
  #goodreads-widget a {
    text-decoration: none;
    color:#660;
  }
  iframe{
    background-color: #fff;
  }
  #goodreads-widget a:hover { text-decoration: underline; }
  #goodreads-widget a:active {
    color:#660;
  }
  #gr_footer {
    width: 100%;
    border-top: 1px solid #BBB596;
    text-align: right;
  }
  #goodreads-widget .gr_branding{
    color: #382110;
    font-size: 11px;
    text-decoration: none;
    font-family: "Helvetica Neue", Helvetica, Arial, sans-serif;
  }
</style>
<div id="goodreads-widget">
  <div id="gr_header"><h1><a rel="nofollow" href="https://www.goodreads.com/book/show/10104.The_Six_Wives_of_Henry_VIII">The Six Wives of Henry VIII Reviews</a></h1></div>
  <iframe id="the_iframe" src="https://www.goodreads.com/api/reviews_widget_iframe?did=DEVELOPER_ID&amp;format=html&amp;isbn=0802136834&amp;links=660&amp;min_rating=&amp;review_back=fff&amp;stars=000&amp;text=000" width="565" height="400" frameborder="0"></iframe>
  <div id="gr_footer">
    <a class="gr_branding" target="_blank" rel="nofollow" href="https://www.goodreads.com/book/show/10104.The_Six_Wives_of_Henry_VIII?utm_medium=api&amp;utm_source=reviews_widget">Reviews from Goodreads.com</a>
  </div>
</div>

      ]]>
    </reviews_widget>
  <popular_shelves>
      <shelf name="to-read" count="75924"/>
      <shelf name="history" count="1457"/>
      <shelf name="currently-reading" count="972"/>
      <shelf name="non-fiction" count="916"/>
      <shelf name="biography" count="551"/>
      <shelf name="nonfiction" count="361"/>
      <shelf name="historical" count="233"/>
      <shelf name="favorites" count="193"/>
      <shelf name="historical-fiction" count="185"/>
      <shelf name="tudors" count="137"/>
      <shelf name="england" count="104"/>
      <shelf name="books-i-own" count="96"/>
      <shelf name="biographies" count="89"/>
      <shelf name="tudor" count="89"/>
      <shelf name="owned" count="84"/>
      <shelf name="british-history" count="65"/>
      <shelf name="royalty" count="50"/>
      <shelf name="kindle" count="49"/>
      <shelf name="historical-non-fiction" count="48"/>
      <shelf name="tudor-england" count="43"/>
      <shelf name="english-history" count="42"/>
      <shelf name="tudor-history" count="41"/>
      <shelf name="alison-weir" count="40"/>
      <shelf name="the-tudors" count="38"/>
      <shelf name="to-buy" count="37"/>
      <shelf name="biography-memoir" count="37"/>
      <shelf name="wish-list" count="35"/>
      <shelf name="16th-century" count="34"/>
      <shelf name="library" count="34"/>
      <shelf name="european-history" count="33"/>
      <shelf name="british" count="31"/>
      <shelf name="fiction" count="29"/>
      <shelf name="owned-books" count="25"/>
      <shelf name="ebook" count="25"/>
      <shelf name="henry-viii" count="24"/>
      <shelf name="audiobook" count="23"/>
      <shelf name="non-fiction-history" count="22"/>
      <shelf name="history-biography" count="22"/>
      <shelf name="audible" count="21"/>
      <shelf name="europe" count="21"/>
      <shelf name="my-library" count="20"/>
      <shelf name="to-read-non-fiction" count="19"/>
      <shelf name="audiobooks" count="18"/>
      <shelf name="historical-nonfiction" count="18"/>
      <shelf name="royals" count="17"/>
      <shelf name="biography-autobiography" count="17"/>
      <shelf name="history-non-fiction" count="16"/>
      <shelf name="britain" count="16"/>
      <shelf name="adult" count="16"/>
      <shelf name="women" count="16"/>
      <shelf name="uk" count="15"/>
      <shelf name="anne-boleyn" count="15"/>
      <shelf name="memoir-biography" count="15"/>
      <shelf name="english" count="15"/>
      <shelf name="default" count="14"/>
      <shelf name="to-read-nonfiction" count="14"/>
      <shelf name="politics" count="14"/>
      <shelf name="own-it" count="14"/>
      <shelf name="i-own" count="14"/>
      <shelf name="ebooks" count="13"/>
      <shelf name="non-fiction-to-read" count="13"/>
      <shelf name="tudor-era" count="13"/>
      <shelf name="world-history" count="13"/>
      <shelf name="history-books" count="12"/>
      <shelf name="biographical" count="12"/>
      <shelf name="adult-nonfiction" count="12"/>
      <shelf name="medieval" count="12"/>
      <shelf name="history-nonfiction" count="11"/>
      <shelf name="book-club" count="11"/>
      <shelf name="classics" count="10"/>
      <shelf name="e-book" count="10"/>
      <shelf name="bio-memoir" count="10"/>
      <shelf name="bio" count="10"/>
      <shelf name="audio" count="10"/>
      <shelf name="histories" count="10"/>
      <shelf name="read-in-2017" count="9"/>
      <shelf name="medieval-history" count="9"/>
      <shelf name="have" count="9"/>
      <shelf name="kindle-books" count="9"/>
      <shelf name="history-to-read" count="9"/>
      <shelf name="20th-century" count="9"/>
      <shelf name="my-books" count="9"/>
      <shelf name="to-read-history" count="9"/>
      <shelf name="historical-biography" count="9"/>
      <shelf name="biography-and-memoir" count="9"/>
      <shelf name="biographies-and-memoirs" count="9"/>
      <shelf name="non-fic" count="9"/>
      <shelf name="tbr" count="8"/>
      <shelf name="read-in-2013" count="8"/>
      <shelf name="nonfiction-history" count="8"/>
      <shelf name="favorite-authors" count="8"/>
      <shelf name="nonfiction-to-read" count="8"/>
      <shelf name="anne-of-cleves" count="8"/>
      <shelf name="religion" count="8"/>
      <shelf name="favourites" count="8"/>
      <shelf name="medieval-renaissance" count="8"/>
      <shelf name="history-historical-fiction" count="8"/>
      <shelf name="history-and-biography" count="8"/>
      <shelf name="biography-memoirs" count="8"/>
      <shelf name="biographies-memoirs" count="8"/>
  </popular_shelves>
  <book_links>
    <book_link>
  <id>8</id>
  <name>Libraries</name>
  <link>https://www.goodreads.com/book_link/follow/8</link>
</book_link>

  </book_links>
  <buy_links>
    <buy_link>
<id>1</id>
<name>Amazon</name>
<link>https://www.goodreads.com/book_link/follow/1</link>
</buy_link>
<buy_link>
<id>10</id>
<name>Audible</name>
<link>https://www.goodreads.com/book_link/follow/10</link>
</buy_link>
<buy_link>
<id>3</id>
<name>Barnes &amp; Noble</name>
<link>https://www.goodreads.com/book_link/follow/3</link>
</buy_link>
<buy_link>
<id>1027</id>
<name>Kobo</name>
<link>https://www.goodreads.com/book_link/follow/1027</link>
</buy_link>
<buy_link>
<id>2102</id>
<name>Apple iBooks</name>
<link>https://www.goodreads.com/book_link/follow/2102</link>
</buy_link>
<buy_link>
<id>8036</id>
<name>Google Play</name>
<link>https://www.goodreads.com/book_link/follow/8036</link>
</buy_link>
<buy_link>
<id>4</id>
<name>Abebooks</name>
<link>https://www.goodreads.com/book_link/follow/4</link>
</buy_link>
<buy_link>
<id>882</id>
<name>Book Depository</name>
<link>https://www.goodreads.com/book_link/follow/882</link>
</buy_link>
<buy_link>
<id>9</id>
<name>Indigo</name>
<link>https://www.goodreads.com/book_link/follow/9</link>
</buy_link>
<buy_link>
<id>2</id>
<name>Half.com</name>
<link>https://www.goodreads.com/book_link/follow/2</link>
</buy_link>
<buy_link>
<id>5</id>
<name>Alibris</name>
<link>https://www.goodreads.com/book_link/follow/5</link>
</buy_link>
<buy_link>
<id>107</id>
<name>Better World Books</name>
<link>https://www.goodreads.com/book_link/follow/107</link>
</buy_link>
<buy_link>
<id>7</id>
<name>IndieBound</name>
<link>https://www.goodreads.com/book_link/follow/7</link>
</buy_link>

  </buy_links>
  <series_works>
    
  </series_works>
  <similar_books>
          <book>
<id>530793</id>
<title>The Wives of Henry VIII</title>
<title_without_series>The Wives of Henry VIII</title_without_series>
<link><![CDATA[https://www.goodreads.com/book/show/530793.The_Wives_of_Henry_VIII]]></link>
<small_image_url><![CDATA[https://s.gr-assets.com/assets/nophoto/book/50x75-a91bf249278a81aabab721ef782c4a74.png]]></small_image_url>
<image_url><![CDATA[https://s.gr-assets.com/assets/nophoto/book/111x148-bcc042a9c91a29c1d680899eff700a03.png]]></image_url>
<num_pages>482</num_pages>
<work>
<id>1037620</id>
</work>
<isbn>0140132937</isbn>
<isbn13>9780679730019</isbn13>
<average_rating>4.15</average_rating>
<ratings_count>13993</ratings_count>
<publication_year>1993</publication_year>
<publication_month>12</publication_month>
<publication_day>7</publication_day>
<authors>
<author>
<id>6582</id>
<name>Antonia Fraser</name>
<link><![CDATA[https://www.goodreads.com/author/show/6582.Antonia_Fraser]]></link>
</author>
</authors>
</book>

          <book>
<id>134958</id>
<title><![CDATA[Elizabeth: The Struggle for the Throne]]></title>
<title_without_series><![CDATA[Elizabeth: The Struggle for the Throne]]></title_without_series>
<link><![CDATA[https://www.goodreads.com/book/show/134958.Elizabeth]]></link>
<small_image_url><![CDATA[https://s.gr-assets.com/assets/nophoto/book/50x75-a91bf249278a81aabab721ef782c4a74.png]]></small_image_url>
<image_url><![CDATA[https://s.gr-assets.com/assets/nophoto/book/111x148-bcc042a9c91a29c1d680899eff700a03.png]]></image_url>
<num_pages></num_pages>
<work>
<id>130044</id>
</work>
<isbn>0060959517</isbn>
<isbn13>9780060959517</isbn13>
<average_rating>4.06</average_rating>
<ratings_count>11545</ratings_count>
<publication_year></publication_year>
<publication_month></publication_month>
<publication_day></publication_day>
<authors>
<author>
<id>78035</id>
<name>David Starkey</name>
<link><![CDATA[https://www.goodreads.com/author/show/78035.David_Starkey]]></link>
</author>
</authors>
</book>

          <book>
<id>31086</id>
<title><![CDATA[The Life and Death of Anne Boleyn]]></title>
<title_without_series><![CDATA[The Life and Death of Anne Boleyn]]></title_without_series>
<link><![CDATA[https://www.goodreads.com/book/show/31086.The_Life_and_Death_of_Anne_Boleyn]]></link>
<small_image_url><![CDATA[https://s.gr-assets.com/assets/nophoto/book/50x75-a91bf249278a81aabab721ef782c4a74.png]]></small_image_url>
<image_url><![CDATA[https://s.gr-assets.com/assets/nophoto/book/111x148-bcc042a9c91a29c1d680899eff700a03.png]]></image_url>
<num_pages>458</num_pages>
<work>
<id>31416</id>
</work>
<isbn>1405134631</isbn>
<isbn13>9781405134637</isbn13>
<average_rating>4.17</average_rating>
<ratings_count>8154</ratings_count>
<publication_year>2005</publication_year>
<publication_month>7</publication_month>
<publication_day>1</publication_day>
<authors>
<author>
<id>17449</id>
<name>Eric Ives</name>
<link><![CDATA[https://www.goodreads.com/author/show/17449.Eric_Ives]]></link>
</author>
</authors>
</book>

          <book>
<id>625661</id>
<title><![CDATA[Love Letters of Henry VIII to Anne Boleyn]]></title>
<title_without_series><![CDATA[Love Letters of Henry VIII to Anne Boleyn]]></title_without_series>
<link><![CDATA[https://www.goodreads.com/book/show/625661.Love_Letters_of_Henry_VIII_to_Anne_Boleyn]]></link>
<small_image_url><![CDATA[https://s.gr-assets.com/assets/nophoto/book/50x75-a91bf249278a81aabab721ef782c4a74.png]]></small_image_url>
<image_url><![CDATA[https://s.gr-assets.com/assets/nophoto/book/111x148-bcc042a9c91a29c1d680899eff700a03.png]]></image_url>
<num_pages></num_pages>
<work>
<id>612015</id>
</work>
<isbn>1410108945</isbn>
<isbn13>9781410108944</isbn13>
<average_rating>3.85</average_rating>
<ratings_count>1344</ratings_count>
<publication_year></publication_year>
<publication_month></publication_month>
<publication_day></publication_day>
<authors>
<author>
<id>338261</id>
<name>Henry VIII of England</name>
<link><![CDATA[https://www.goodreads.com/author/show/338261.Henry_VIII_of_England]]></link>
</author>
</authors>
</book>

          <book>
<id>234671</id>
<title><![CDATA[Bloody Mary: The Life of Mary Tudor]]></title>
<title_without_series><![CDATA[Bloody Mary: The Life of Mary Tudor]]></title_without_series>
<link><![CDATA[https://www.goodreads.com/book/show/234671.Bloody_Mary]]></link>
<small_image_url><![CDATA[https://images.gr-assets.com/books/1408939674s/234671.jpg]]></small_image_url>
<image_url><![CDATA[https://images.gr-assets.com/books/1408939674m/234671.jpg]]></image_url>
<num_pages>528</num_pages>
<work>
<id>227288</id>
</work>
<isbn>1861054726</isbn>
<isbn13>9781861054722</isbn13>
<average_rating>4.01</average_rating>
<ratings_count>3491</ratings_count>
<publication_year>2001</publication_year>
<publication_month></publication_month>
<publication_day></publication_day>
<authors>
<author>
<id>6597</id>
<name>Carolly Erickson</name>
<link><![CDATA[https://www.goodreads.com/author/show/6597.Carolly_Erickson]]></link>
</author>
</authors>
</book>

          <book>
<id>6335229</id>
<title><![CDATA[Jane Seymour: Henry VIII's True Love]]></title>
<title_without_series><![CDATA[Jane Seymour: Henry VIII's True Love]]></title_without_series>
<link><![CDATA[https://www.goodreads.com/book/show/6335229-jane-seymour]]></link>
<small_image_url><![CDATA[https://s.gr-assets.com/assets/nophoto/book/50x75-a91bf249278a81aabab721ef782c4a74.png]]></small_image_url>
<image_url><![CDATA[https://s.gr-assets.com/assets/nophoto/book/111x148-bcc042a9c91a29c1d680899eff700a03.png]]></image_url>
<num_pages></num_pages>
<work>
<id>6521062</id>
</work>
<isbn>184868102X</isbn>
<isbn13>9781848681026</isbn13>
<average_rating>3.93</average_rating>
<ratings_count>628</ratings_count>
<publication_year></publication_year>
<publication_month></publication_month>
<publication_day></publication_day>
<authors>
<author>
<id>2107297</id>
<name>Elizabeth Norton</name>
<link><![CDATA[https://www.goodreads.com/author/show/2107297.Elizabeth_Norton]]></link>
</author>
</authors>
</book>

          <book>
<id>2752070</id>
<title><![CDATA[The First Queen of England: The Myth of "Bloody Mary"]]></title>
<title_without_series><![CDATA[The First Queen of England: The Myth of "Bloody Mary"]]></title_without_series>
<link><![CDATA[https://www.goodreads.com/book/show/2752070-the-first-queen-of-england]]></link>
<small_image_url><![CDATA[https://images.gr-assets.com/books/1316130791s/2752070.jpg]]></small_image_url>
<image_url><![CDATA[https://images.gr-assets.com/books/1316130791m/2752070.jpg]]></image_url>
<num_pages>452</num_pages>
<work>
<id>2777768</id>
</work>
<isbn>0312368372</isbn>
<isbn13>9780312368371</isbn13>
<average_rating>4.01</average_rating>
<ratings_count>2753</ratings_count>
<publication_year>2008</publication_year>
<publication_month>7</publication_month>
<publication_day>8</publication_day>
<authors>
<author>
<id>890148</id>
<name>Linda Porter</name>
<link><![CDATA[https://www.goodreads.com/author/show/890148.Linda_Porter]]></link>
</author>
</authors>
</book>

          <book>
<id>401495</id>
<title><![CDATA[A Treasury of Royal Scandals: The Shocking True Stories of History's Wickedest, Weirdest, Most Wanton Kings, Queens, Tsars, Popes, and Emperors]]></title>
<title_without_series><![CDATA[A Treasury of Royal Scandals: The Shocking True Stories of History's Wickedest, Weirdest, Most Wanton Kings, Queens, Tsars, Popes, and Emperors]]></title_without_series>
<link><![CDATA[https://www.goodreads.com/book/show/401495.A_Treasury_of_Royal_Scandals]]></link>
<small_image_url><![CDATA[https://images.gr-assets.com/books/1309287129s/401495.jpg]]></small_image_url>
<image_url><![CDATA[https://images.gr-assets.com/books/1309287129m/401495.jpg]]></image_url>
<num_pages>324</num_pages>
<work>
<id>390902</id>
</work>
<isbn>0140280243</isbn>
<isbn13>9780140280241</isbn13>
<average_rating>3.83</average_rating>
<ratings_count>3448</ratings_count>
<publication_year></publication_year>
<publication_month></publication_month>
<publication_day></publication_day>
<authors>
<author>
<id>227618</id>
<name>Michael Farquhar</name>
<link><![CDATA[https://www.goodreads.com/author/show/227618.Michael_Farquhar]]></link>
</author>
</authors>
</book>

          <book>
<id>3980321</id>
<title><![CDATA[The Sisters Who Would Be Queen]]></title>
<title_without_series><![CDATA[The Sisters Who Would Be Queen]]></title_without_series>
<link><![CDATA[https://www.goodreads.com/book/show/3980321-the-sisters-who-would-be-queen]]></link>
<small_image_url><![CDATA[https://images.gr-assets.com/books/1328034544s/3980321.jpg]]></small_image_url>
<image_url><![CDATA[https://images.gr-assets.com/books/1328034544m/3980321.jpg]]></image_url>
<num_pages>400</num_pages>
<work>
<id>4026101</id>
</work>
<isbn>0007219059</isbn>
<isbn13>9780007219056</isbn13>
<average_rating>3.93</average_rating>
<ratings_count>4081</ratings_count>
<publication_year>2009</publication_year>
<publication_month></publication_month>
<publication_day></publication_day>
<authors>
<author>
<id>90578</id>
<name>Leanda de Lisle</name>
<link><![CDATA[https://www.goodreads.com/author/show/90578.Leanda_de_Lisle]]></link>
</author>
</authors>
</book>

          <book>
<id>159848</id>
<title><![CDATA[The Lady in the Tower (Queens of England, #4)]]></title>
<title_without_series>The Lady in the Tower</title_without_series>
<link><![CDATA[https://www.goodreads.com/book/show/159848.The_Lady_in_the_Tower]]></link>
<small_image_url><![CDATA[https://images.gr-assets.com/books/1325634826s/159848.jpg]]></small_image_url>
<image_url><![CDATA[https://images.gr-assets.com/books/1325634826m/159848.jpg]]></image_url>
<num_pages>393</num_pages>
<work>
<id>1316968</id>
</work>
<isbn>1400047854</isbn>
<isbn13>9781400047857</isbn13>
<average_rating>3.94</average_rating>
<ratings_count>3835</ratings_count>
<publication_year>2003</publication_year>
<publication_month>6</publication_month>
<publication_day>24</publication_day>
<authors>
<author>
<id>6590</id>
<name>Jean Plaidy</name>
<link><![CDATA[https://www.goodreads.com/author/show/6590.Jean_Plaidy]]></link>
</author>
</authors>
</book>

          <book>
<id>568321</id>
<title><![CDATA[The Sisters of Henry VIII: The Tumultuous Lives of Margaret of Scotland and Mary of France]]></title>
<title_without_series><![CDATA[The Sisters of Henry VIII: The Tumultuous Lives of Margaret of Scotland and Mary of France]]></title_without_series>
<link><![CDATA[https://www.goodreads.com/book/show/568321.The_Sisters_of_Henry_VIII]]></link>
<small_image_url><![CDATA[https://s.gr-assets.com/assets/nophoto/book/50x75-a91bf249278a81aabab721ef782c4a74.png]]></small_image_url>
<image_url><![CDATA[https://s.gr-assets.com/assets/nophoto/book/111x148-bcc042a9c91a29c1d680899eff700a03.png]]></image_url>
<num_pages>266</num_pages>
<work>
<id>555383</id>
</work>
<isbn>0306809893</isbn>
<isbn13>9780306809897</isbn13>
<average_rating>3.95</average_rating>
<ratings_count>2239</ratings_count>
<publication_year>2000</publication_year>
<publication_month>12</publication_month>
<publication_day>29</publication_day>
<authors>
<author>
<id>244783</id>
<name>Maria Perry</name>
<link><![CDATA[https://www.goodreads.com/author/show/244783.Maria_Perry]]></link>
</author>
</authors>
</book>

          <book>
<id>381713</id>
<title><![CDATA[Elizabeth and Mary: Cousins, Rivals, Queens]]></title>
<title_without_series><![CDATA[Elizabeth and Mary: Cousins, Rivals, Queens]]></title_without_series>
<link><![CDATA[https://www.goodreads.com/book/show/381713.Elizabeth_and_Mary]]></link>
<small_image_url><![CDATA[https://s.gr-assets.com/assets/nophoto/book/50x75-a91bf249278a81aabab721ef782c4a74.png]]></small_image_url>
<image_url><![CDATA[https://s.gr-assets.com/assets/nophoto/book/111x148-bcc042a9c91a29c1d680899eff700a03.png]]></image_url>
<num_pages></num_pages>
<work>
<id>371491</id>
</work>
<isbn>0375708200</isbn>
<isbn13>9780375708206</isbn13>
<average_rating>4.04</average_rating>
<ratings_count>9215</ratings_count>
<publication_year></publication_year>
<publication_month></publication_month>
<publication_day></publication_day>
<authors>
<author>
<id>67300</id>
<name>Jane Dunn</name>
<link><![CDATA[https://www.goodreads.com/author/show/67300.Jane_Dunn]]></link>
</author>
</authors>
</book>

          <book>
<id>67732</id>
<title>The Life of Thomas More</title>
<title_without_series>The Life of Thomas More</title_without_series>
<link><![CDATA[https://www.goodreads.com/book/show/67732.The_Life_of_Thomas_More]]></link>
<small_image_url><![CDATA[https://images.gr-assets.com/books/1320425684s/67732.jpg]]></small_image_url>
<image_url><![CDATA[https://images.gr-assets.com/books/1320425684m/67732.jpg]]></image_url>
<num_pages>480</num_pages>
<work>
<id>65686</id>
</work>
<isbn>0385496931</isbn>
<isbn13>9780385496933</isbn13>
<average_rating>3.98</average_rating>
<ratings_count>762</ratings_count>
<publication_year>1999</publication_year>
<publication_month>11</publication_month>
<publication_day>9</publication_day>
<authors>
<author>
<id>16881</id>
<name>Peter Ackroyd</name>
<link><![CDATA[https://www.goodreads.com/author/show/16881.Peter_Ackroyd]]></link>
</author>
</authors>
</book>

          <book>
<id>846377</id>
<title><![CDATA[Elizabeth & Leicester: Power, Passion, Politics]]></title>
<title_without_series><![CDATA[Elizabeth & Leicester: Power, Passion, Politics]]></title_without_series>
<link><![CDATA[https://www.goodreads.com/book/show/846377.Elizabeth_Leicester]]></link>
<small_image_url><![CDATA[https://s.gr-assets.com/assets/nophoto/book/50x75-a91bf249278a81aabab721ef782c4a74.png]]></small_image_url>
<image_url><![CDATA[https://s.gr-assets.com/assets/nophoto/book/111x148-bcc042a9c91a29c1d680899eff700a03.png]]></image_url>
<num_pages>407</num_pages>
<work>
<id>831897</id>
</work>
<isbn>0670018287</isbn>
<isbn13>9780670018284</isbn13>
<average_rating>3.97</average_rating>
<ratings_count>1679</ratings_count>
<publication_year>2007</publication_year>
<publication_month>11</publication_month>
<publication_day>1</publication_day>
<authors>
<author>
<id>369207</id>
<name>Sarah Gristwood</name>
<link><![CDATA[https://www.goodreads.com/author/show/369207.Sarah_Gristwood]]></link>
</author>
</authors>
</book>

          <book>
<id>16179</id>
<title><![CDATA[Sex with the Queen: 900 Years of Vile Kings, Virile Lovers, and Passionate Politics ]]></title>
<title_without_series><![CDATA[Sex with the Queen: 900 Years of Vile Kings, Virile Lovers, and Passionate Politics]]></title_without_series>
<link><![CDATA[https://www.goodreads.com/book/show/16179.Sex_with_the_Queen]]></link>
<small_image_url><![CDATA[https://images.gr-assets.com/books/1166719842s/16179.jpg]]></small_image_url>
<image_url><![CDATA[https://images.gr-assets.com/books/1166719842m/16179.jpg]]></image_url>
<num_pages></num_pages>
<work>
<id>641167</id>
</work>
<isbn>0060846739</isbn>
<isbn13>9780060846732</isbn13>
<average_rating>3.91</average_rating>
<ratings_count>3732</ratings_count>
<publication_year></publication_year>
<publication_month></publication_month>
<publication_day></publication_day>
<authors>
<author>
<id>9990</id>
<name>Eleanor Herman</name>
<link><![CDATA[https://www.goodreads.com/author/show/9990.Eleanor_Herman]]></link>
</author>
</authors>
</book>

          <book>
<id>543013</id>
<title>Catherine of Aragon</title>
<title_without_series>Catherine of Aragon</title_without_series>
<link><![CDATA[https://www.goodreads.com/book/show/543013.Catherine_of_Aragon]]></link>
<small_image_url><![CDATA[https://s.gr-assets.com/assets/nophoto/book/50x75-a91bf249278a81aabab721ef782c4a74.png]]></small_image_url>
<image_url><![CDATA[https://s.gr-assets.com/assets/nophoto/book/111x148-bcc042a9c91a29c1d680899eff700a03.png]]></image_url>
<num_pages>470</num_pages>
<work>
<id>530331</id>
</work>
<isbn>0404201695</isbn>
<isbn13>9780404201692</isbn13>
<average_rating>4.11</average_rating>
<ratings_count>1090</ratings_count>
<publication_year>1960</publication_year>
<publication_month>1</publication_month>
<publication_day>1</publication_day>
<authors>
<author>
<id>184329</id>
<name>Garrett Mattingly</name>
<link><![CDATA[https://www.goodreads.com/author/show/184329.Garrett_Mattingly]]></link>
</author>
</authors>
</book>

          <book>
<id>11848081</id>
<title><![CDATA[Sister Queens: The Noble, Tragic Lives of Katherine of Aragon and Juana, Queen of Castile]]></title>
<title_without_series><![CDATA[Sister Queens: The Noble, Tragic Lives of Katherine of Aragon and Juana, Queen of Castile]]></title_without_series>
<link><![CDATA[https://www.goodreads.com/book/show/11848081-sister-queens]]></link>
<small_image_url><![CDATA[https://images.gr-assets.com/books/1320501010s/11848081.jpg]]></small_image_url>
<image_url><![CDATA[https://images.gr-assets.com/books/1320501010m/11848081.jpg]]></image_url>
<num_pages>370</num_pages>
<work>
<id>6908384</id>
</work>
<isbn>0345516044</isbn>
<isbn13>9780345516046</isbn13>
<average_rating>3.75</average_rating>
<ratings_count>2322</ratings_count>
<publication_year>2012</publication_year>
<publication_month>1</publication_month>
<publication_day>31</publication_day>
<authors>
<author>
<id>518990</id>
<name>Julia Fox</name>
<link><![CDATA[https://www.goodreads.com/author/show/518990.Julia_Fox]]></link>
</author>
</authors>
</book>

          <book>
<id>6043469</id>
<title>Henry VIII: Man and Monarch</title>
<title_without_series>Henry VIII: Man and Monarch</title_without_series>
<link><![CDATA[https://www.goodreads.com/book/show/6043469-henry-viii]]></link>
<small_image_url><![CDATA[https://images.gr-assets.com/books/1318389490s/6043469.jpg]]></small_image_url>
<image_url><![CDATA[https://images.gr-assets.com/books/1318389490m/6043469.jpg]]></image_url>
<num_pages>288</num_pages>
<work>
<id>6219042</id>
</work>
<isbn>071235025X</isbn>
<isbn13>9780712350259</isbn13>
<average_rating>4.27</average_rating>
<ratings_count>581</ratings_count>
<publication_year>2009</publication_year>
<publication_month>6</publication_month>
<publication_day>15</publication_day>
<authors>
<author>
<id>254228</id>
<name>Susan Doran</name>
<link><![CDATA[https://www.goodreads.com/author/show/254228.Susan_Doran]]></link>
</author>
</authors>
</book>

  </similar_books>
</book>

</GoodreadsResponse>