<?xml version="1.0" encoding="UTF-8"?>
<GoodreadsResponse>
  <Request>
    <authentication>true</authentication>
      <key><![CDATA[all_men_must_serve]]></key>
    <method><![CDATA[book_show]]></method>
  </Request>
  <book>
  <id>10111087</id>
  <title><![CDATA[Turn Right at Machu Picchu: Rediscovering the Lost City One Step at a Time]]></title>
  <isbn><![CDATA[0525952241]]></isbn>
  <isbn13><![CDATA[9780525952244]]></isbn13>
  <asin><![CDATA[]]></asin>
  <kindle_asin><![CDATA[B004XFYIDS]]></kindle_asin>
  <marketplace_id><![CDATA[A1F83G8C2ARO7P]]></marketplace_id>
  <country_code><![CDATA[GB]]></country_code>
  <image_url>https://images.gr-assets.com/books/1311704972m/10111087.jpg</image_url>
  <small_image_url>https://images.gr-assets.com/books/1311704972s/10111087.jpg</small_image_url>
  <publication_year></publication_year>
  <publication_month></publication_month>
  <publication_day></publication_day>
  <publisher></publisher>
  <language_code>en-US</language_code>
  <is_ebook>false</is_ebook>
  <description></description>
  <work>
  <id type="integer">15008549</id>
  <books_count type="integer">23</books_count>
  <best_book_id type="integer">10111087</best_book_id>
  <reviews_count type="integer">29497</reviews_count>
  <ratings_sum type="integer">38930</ratings_sum>
  <ratings_count type="integer">10235</ratings_count>
  <text_reviews_count type="integer">1235</text_reviews_count>
  <original_publication_year type="integer">2011</original_publication_year>
  <original_publication_month type="integer">1</original_publication_month>
  <original_publication_day type="integer">1</original_publication_day>
  <original_title></original_title>
  <original_language_id type="integer" nil="true"/>
  <media_type>book</media_type>
  <rating_dist>5:2348|4:4404|3:2778|2:535|1:170|total:10235</rating_dist>
  <desc_user_id type="integer">-110</desc_user_id>
  <default_chaptering_book_id type="integer" nil="true"/>
  <default_description_language_code nil="true"/>
</work>
  <average_rating>3.80</average_rating>
  <num_pages><![CDATA[333]]></num_pages>
  <format><![CDATA[]]></format>
  <edition_information><![CDATA[]]></edition_information>
  <ratings_count><![CDATA[8654]]></ratings_count>
  <text_reviews_count><![CDATA[1058]]></text_reviews_count>
  <url><![CDATA[https://www.goodreads.com/book/show/10111087-turn-right-at-machu-picchu]]></url>
  <link><![CDATA[https://www.goodreads.com/book/show/10111087-turn-right-at-machu-picchu]]></link>
  <authors>
<author>
<id>13833459</id>
<name>Mark    Adams</name>
<role></role>
<image_url nophoto='true'>
<![CDATA[https://s.gr-assets.com/assets/nophoto/user/m_200x266-d279b33f8eec0f27b7272477f09806be.png]]>
</image_url>
<small_image_url nophoto='true'>
<![CDATA[https://s.gr-assets.com/assets/nophoto/user/m_50x66-82093808bca726cb3249a493fbd3bd0f.png]]>
</small_image_url>
<link><![CDATA[https://www.goodreads.com/author/show/13833459.Mark_Adams]]></link>
<average_rating>3.79</average_rating>
<ratings_count>11201</ratings_count>
<text_reviews_count>1404</text_reviews_count>
</author>
</authors>

    <reviews_widget>
      <![CDATA[
        <style>
  #goodreads-widget {
    font-family: georgia, serif;
    padding: 18px 0;
    width:565px;
  }
  #goodreads-widget h1 {
    font-weight:normal;
    font-size: 16px;
    border-bottom: 1px solid #BBB596;
    margin-bottom: 0;
  }
  #goodreads-widget a {
    text-decoration: none;
    color:#660;
  }
  iframe{
    background-color: #fff;
  }
  #goodreads-widget a:hover { text-decoration: underline; }
  #goodreads-widget a:active {
    color:#660;
  }
  #gr_footer {
    width: 100%;
    border-top: 1px solid #BBB596;
    text-align: right;
  }
  #goodreads-widget .gr_branding{
    color: #382110;
    font-size: 11px;
    text-decoration: none;
    font-family: "Helvetica Neue", Helvetica, Arial, sans-serif;
  }
</style>
<div id="goodreads-widget">
  <div id="gr_header"><h1><a rel="nofollow" href="https://www.goodreads.com/book/show/10111087-turn-right-at-machu-picchu">Turn Right at Machu Picchu Reviews</a></h1></div>
  <iframe id="the_iframe" src="https://www.goodreads.com/api/reviews_widget_iframe?did=DEVELOPER_ID&amp;format=html&amp;isbn=0525952241&amp;links=660&amp;min_rating=&amp;review_back=fff&amp;stars=000&amp;text=000" width="565" height="400" frameborder="0"></iframe>
  <div id="gr_footer">
    <a class="gr_branding" target="_blank" rel="nofollow" href="https://www.goodreads.com/book/show/10111087-turn-right-at-machu-picchu?utm_medium=api&amp;utm_source=reviews_widget">Reviews from Goodreads.com</a>
  </div>
</div>

      ]]>
    </reviews_widget>
  <popular_shelves>
      <shelf name="to-read" count="13370"/>
      <shelf name="currently-reading" count="555"/>
      <shelf name="travel" count="432"/>
      <shelf name="non-fiction" count="350"/>
      <shelf name="history" count="203"/>
      <shelf name="nonfiction" count="157"/>
      <shelf name="adventure" count="79"/>
      <shelf name="peru" count="57"/>
      <shelf name="memoir" count="53"/>
      <shelf name="south-america" count="36"/>
      <shelf name="biography" count="33"/>
      <shelf name="favorites" count="32"/>
      <shelf name="latin-america" count="27"/>
      <shelf name="book-club" count="24"/>
      <shelf name="library" count="21"/>
      <shelf name="travel-writing" count="18"/>
      <shelf name="kindle" count="18"/>
      <shelf name="travelogue" count="18"/>
      <shelf name="owned" count="15"/>
      <shelf name="archaeology" count="15"/>
      <shelf name="historical" count="15"/>
      <shelf name="travel-adventure" count="14"/>
      <shelf name="exploration" count="13"/>
      <shelf name="wanderlust" count="12"/>
      <shelf name="memoirs" count="12"/>
      <shelf name="to-read-non-fiction" count="12"/>
      <shelf name="books-i-own" count="11"/>
      <shelf name="biography-memoir" count="11"/>
      <shelf name="abandoned" count="11"/>
      <shelf name="adventure-travel" count="11"/>
      <shelf name="to-buy" count="11"/>
      <shelf name="wish-list" count="10"/>
      <shelf name="audio" count="9"/>
      <shelf name="default" count="9"/>
      <shelf name="stopped-reading" count="9"/>
      <shelf name="around-the-world" count="9"/>
      <shelf name="adult" count="9"/>
      <shelf name="audible" count="8"/>
      <shelf name="humor" count="8"/>
      <shelf name="ebooks" count="8"/>
      <shelf name="read-in-2015" count="7"/>
      <shelf name="read-in-2013" count="7"/>
      <shelf name="ebook" count="7"/>
      <shelf name="travel-books" count="7"/>
      <shelf name="couldn-t-finish" count="7"/>
      <shelf name="cultural" count="7"/>
      <shelf name="culture" count="7"/>
      <shelf name="2017-reading-challenge" count="6"/>
      <shelf name="machu-picchu" count="6"/>
      <shelf name="non-fiction-travel" count="6"/>
      <shelf name="2013-reads" count="6"/>
      <shelf name="unfinished" count="6"/>
      <shelf name="travel-lit" count="6"/>
      <shelf name="adult-non-fiction" count="6"/>
      <shelf name="to-read-own" count="5"/>
      <shelf name="my-books" count="5"/>
      <shelf name="audiobooks" count="5"/>
      <shelf name="book-group" count="5"/>
      <shelf name="inca" count="5"/>
      <shelf name="anthropology" count="5"/>
      <shelf name="to-read-travel" count="5"/>
      <shelf name="non-fic" count="5"/>
      <shelf name="traveling" count="4"/>
      <shelf name="read-2015" count="4"/>
      <shelf name="library-book" count="4"/>
      <shelf name="maybe" count="4"/>
      <shelf name="audio-book" count="4"/>
      <shelf name="biographies" count="4"/>
      <shelf name="on-kindle" count="4"/>
      <shelf name="bookclub" count="4"/>
      <shelf name="adult-nonfiction" count="4"/>
      <shelf name="i-own" count="4"/>
      <shelf name="memoir-biography" count="4"/>
      <shelf name="2012-reads" count="4"/>
      <shelf name="bio-memoir" count="4"/>
      <shelf name="did-not-finish" count="4"/>
      <shelf name="read-2011" count="4"/>
      <shelf name="nonfiction-to-read" count="4"/>
      <shelf name="archeology" count="4"/>
      <shelf name="non-fiction-history" count="4"/>
      <shelf name="e-books" count="4"/>
      <shelf name="looks-interesting" count="4"/>
      <shelf name="read-in-2017" count="3"/>
      <shelf name="read-in-2016" count="3"/>
      <shelf name="audible-books" count="3"/>
      <shelf name="on-deck" count="3"/>
      <shelf name="scanned" count="3"/>
      <shelf name="2015-books" count="3"/>
      <shelf name="2015-read" count="3"/>
      <shelf name="americas" count="3"/>
      <shelf name="calibre" count="3"/>
      <shelf name="read-nonfiction" count="3"/>
      <shelf name="read-in-2014" count="3"/>
      <shelf name="travel-memoir" count="3"/>
      <shelf name="explorers" count="3"/>
      <shelf name="home-library" count="3"/>
      <shelf name="historical-non-fiction" count="3"/>
      <shelf name="owned-books" count="3"/>
      <shelf name="never-finished" count="3"/>
      <shelf name="book-club-books" count="3"/>
  </popular_shelves>
  <book_links>
    <book_link>
  <id>8</id>
  <name>Libraries</name>
  <link>https://www.goodreads.com/book_link/follow/8</link>
</book_link>

  </book_links>
  <buy_links>
    <buy_link>
<id>1</id>
<name>Amazon</name>
<link>https://www.goodreads.com/book_link/follow/1</link>
</buy_link>
<buy_link>
<id>10</id>
<name>Audible</name>
<link>https://www.goodreads.com/book_link/follow/10</link>
</buy_link>
<buy_link>
<id>3</id>
<name>Barnes &amp; Noble</name>
<link>https://www.goodreads.com/book_link/follow/3</link>
</buy_link>
<buy_link>
<id>1027</id>
<name>Kobo</name>
<link>https://www.goodreads.com/book_link/follow/1027</link>
</buy_link>
<buy_link>
<id>2102</id>
<name>Apple iBooks</name>
<link>https://www.goodreads.com/book_link/follow/2102</link>
</buy_link>
<buy_link>
<id>8036</id>
<name>Google Play</name>
<link>https://www.goodreads.com/book_link/follow/8036</link>
</buy_link>
<buy_link>
<id>4</id>
<name>Abebooks</name>
<link>https://www.goodreads.com/book_link/follow/4</link>
</buy_link>
<buy_link>
<id>882</id>
<name>Book Depository</name>
<link>https://www.goodreads.com/book_link/follow/882</link>
</buy_link>
<buy_link>
<id>9</id>
<name>Indigo</name>
<link>https://www.goodreads.com/book_link/follow/9</link>
</buy_link>
<buy_link>
<id>2</id>
<name>Half.com</name>
<link>https://www.goodreads.com/book_link/follow/2</link>
</buy_link>
<buy_link>
<id>5</id>
<name>Alibris</name>
<link>https://www.goodreads.com/book_link/follow/5</link>
</buy_link>
<buy_link>
<id>107</id>
<name>Better World Books</name>
<link>https://www.goodreads.com/book_link/follow/107</link>
</buy_link>
<buy_link>
<id>7</id>
<name>IndieBound</name>
<link>https://www.goodreads.com/book_link/follow/7</link>
</buy_link>

  </buy_links>
  <series_works>
    
  </series_works>
  <similar_books>
          <book>
<id>708612</id>
<title>The White Rock</title>
<title_without_series>The White Rock</title_without_series>
<link><![CDATA[https://www.goodreads.com/book/show/708612.The_White_Rock]]></link>
<small_image_url><![CDATA[https://images.gr-assets.com/books/1408928675s/708612.jpg]]></small_image_url>
<image_url><![CDATA[https://images.gr-assets.com/books/1408928675m/708612.jpg]]></image_url>
<num_pages>390</num_pages>
<work>
<id>694886</id>
</work>
<isbn>0753813580</isbn>
<isbn13>9780753813584</isbn13>
<average_rating>3.88</average_rating>
<ratings_count>429</ratings_count>
<publication_year>2006</publication_year>
<publication_month>10</publication_month>
<publication_day>5</publication_day>
<authors>
<author>
<id>64127</id>
<name>Hugh Thomson</name>
<link><![CDATA[https://www.goodreads.com/author/show/64127.Hugh_Thomson]]></link>
</author>
</authors>
</book>

          <book>
<id>7063867</id>
<title><![CDATA[Cradle of Gold: The Story of Hiram Bingham, a Real-Life Indiana Jones, and the Search for Machu Picchu]]></title>
<title_without_series><![CDATA[Cradle of Gold: The Story of Hiram Bingham, a Real-Life Indiana Jones, and the Search for Machu Picchu]]></title_without_series>
<link><![CDATA[https://www.goodreads.com/book/show/7063867-cradle-of-gold]]></link>
<small_image_url><![CDATA[https://images.gr-assets.com/books/1312071307s/7063867.jpg]]></small_image_url>
<image_url><![CDATA[https://images.gr-assets.com/books/1312071307m/7063867.jpg]]></image_url>
<num_pages>304</num_pages>
<work>
<id>7316211</id>
</work>
<isbn>0230611699</isbn>
<isbn13>9780230611696</isbn13>
<average_rating>3.65</average_rating>
<ratings_count>272</ratings_count>
<publication_year>2010</publication_year>
<publication_month>4</publication_month>
<publication_day>13</publication_day>
<authors>
<author>
<id>3143819</id>
<name>Christopher Heaney</name>
<link><![CDATA[https://www.goodreads.com/author/show/3143819.Christopher_Heaney]]></link>
</author>
</authors>
</book>

          <book>
<id>181257</id>
<title><![CDATA[Trail of Feathers: In Search of the Birdmen of Peru]]></title>
<title_without_series><![CDATA[Trail of Feathers: In Search of the Birdmen of Peru]]></title_without_series>
<link><![CDATA[https://www.goodreads.com/book/show/181257.Trail_of_Feathers]]></link>
<small_image_url><![CDATA[https://s.gr-assets.com/assets/nophoto/book/50x75-a91bf249278a81aabab721ef782c4a74.png]]></small_image_url>
<image_url><![CDATA[https://s.gr-assets.com/assets/nophoto/book/111x148-bcc042a9c91a29c1d680899eff700a03.png]]></image_url>
<num_pages>288</num_pages>
<work>
<id>4192</id>
</work>
<isbn>1559706775</isbn>
<isbn13>9781559706773</isbn13>
<average_rating>3.96</average_rating>
<ratings_count>356</ratings_count>
<publication_year>2003</publication_year>
<publication_month>6</publication_month>
<publication_day>16</publication_day>
<authors>
<author>
<id>7102</id>
<name>Tahir Shah</name>
<link><![CDATA[https://www.goodreads.com/author/show/7102.Tahir_Shah]]></link>
</author>
</authors>
</book>

          <book>
<id>10782759</id>
<title><![CDATA[The Unconquered: In Search of the Amazon's Last Uncontacted Tribes]]></title>
<title_without_series><![CDATA[The Unconquered: In Search of the Amazon's Last Uncontacted Tribes]]></title_without_series>
<link><![CDATA[https://www.goodreads.com/book/show/10782759-the-unconquered]]></link>
<small_image_url><![CDATA[https://s.gr-assets.com/assets/nophoto/book/50x75-a91bf249278a81aabab721ef782c4a74.png]]></small_image_url>
<image_url><![CDATA[https://s.gr-assets.com/assets/nophoto/book/111x148-bcc042a9c91a29c1d680899eff700a03.png]]></image_url>
<num_pages>494</num_pages>
<work>
<id>15694855</id>
</work>
<isbn>030746296X</isbn>
<isbn13>9780307462961</isbn13>
<average_rating>3.94</average_rating>
<ratings_count>1180</ratings_count>
<publication_year>2011</publication_year>
<publication_month>10</publication_month>
<publication_day>18</publication_day>
<authors>
<author>
<id>5112593</id>
<name>Scott  Wallace</name>
<link><![CDATA[https://www.goodreads.com/author/show/5112593.Scott_Wallace]]></link>
</author>
</authors>
</book>

          <book>
<id>54143</id>
<title>Lost City of the Incas</title>
<title_without_series>Lost City of the Incas</title_without_series>
<link><![CDATA[https://www.goodreads.com/book/show/54143.Lost_City_of_the_Incas]]></link>
<small_image_url><![CDATA[https://s.gr-assets.com/assets/nophoto/book/50x75-a91bf249278a81aabab721ef782c4a74.png]]></small_image_url>
<image_url><![CDATA[https://s.gr-assets.com/assets/nophoto/book/111x148-bcc042a9c91a29c1d680899eff700a03.png]]></image_url>
<num_pages>224</num_pages>
<work>
<id>52788</id>
</work>
<isbn>1842125850</isbn>
<isbn13>9781842125854</isbn13>
<average_rating>3.47</average_rating>
<ratings_count>570</ratings_count>
<publication_year>2003</publication_year>
<publication_month>4</publication_month>
<publication_day>3</publication_day>
<authors>
<author>
<id>30594</id>
<name>Hiram Bingham</name>
<link><![CDATA[https://www.goodreads.com/author/show/30594.Hiram_Bingham]]></link>
</author>
</authors>
</book>

          <book>
<id>6915507</id>
<title><![CDATA[The Lunatic Express: Discovering the World... via Its Most Dangerous Buses, Boats, Trains, and Planes]]></title>
<title_without_series><![CDATA[The Lunatic Express: Discovering the World... via Its Most Dangerous Buses, Boats, Trains, and Planes]]></title_without_series>
<link><![CDATA[https://www.goodreads.com/book/show/6915507-the-lunatic-express]]></link>
<small_image_url><![CDATA[https://images.gr-assets.com/books/1320414381s/6915507.jpg]]></small_image_url>
<image_url><![CDATA[https://images.gr-assets.com/books/1320414381m/6915507.jpg]]></image_url>
<num_pages>304</num_pages>
<work>
<id>7142027</id>
</work>
<isbn>0767929802</isbn>
<isbn13>9780767929806</isbn13>
<average_rating>3.69</average_rating>
<ratings_count>1505</ratings_count>
<publication_year>2010</publication_year>
<publication_month>3</publication_month>
<publication_day>16</publication_day>
<authors>
<author>
<id>516702</id>
<name>Carl Hoffman</name>
<link><![CDATA[https://www.goodreads.com/author/show/516702.Carl_Hoffman]]></link>
</author>
</authors>
</book>

          <book>
<id>11094626</id>
<title><![CDATA[Crazy River: Exploration and Folly in East Africa]]></title>
<title_without_series><![CDATA[Crazy River: Exploration and Folly in East Africa]]></title_without_series>
<link><![CDATA[https://www.goodreads.com/book/show/11094626-crazy-river]]></link>
<small_image_url><![CDATA[https://images.gr-assets.com/books/1314287498s/11094626.jpg]]></small_image_url>
<image_url><![CDATA[https://images.gr-assets.com/books/1314287498m/11094626.jpg]]></image_url>
<num_pages>323</num_pages>
<work>
<id>16016577</id>
</work>
<isbn>1439154147</isbn>
<isbn13>9781439154144</isbn13>
<average_rating>4.02</average_rating>
<ratings_count>461</ratings_count>
<publication_year></publication_year>
<publication_month></publication_month>
<publication_day></publication_day>
<authors>
<author>
<id>74343</id>
<name>Richard Grant</name>
<link><![CDATA[https://www.goodreads.com/author/show/74343.Richard_Grant]]></link>
</author>
</authors>
</book>

          <book>
<id>10274127</id>
<title><![CDATA[Wild Coast: Travels on South America's Untamed Edge]]></title>
<title_without_series><![CDATA[Wild Coast: Travels on South America's Untamed Edge]]></title_without_series>
<link><![CDATA[https://www.goodreads.com/book/show/10274127-wild-coast]]></link>
<small_image_url><![CDATA[https://images.gr-assets.com/books/1320454860s/10274127.jpg]]></small_image_url>
<image_url><![CDATA[https://images.gr-assets.com/books/1320454860m/10274127.jpg]]></image_url>
<num_pages>368</num_pages>
<work>
<id>15174675</id>
</work>
<isbn>0307272532</isbn>
<isbn13>9780307272539</isbn13>
<average_rating>3.87</average_rating>
<ratings_count>386</ratings_count>
<publication_year>2011</publication_year>
<publication_month>6</publication_month>
<publication_day>21</publication_day>
<authors>
<author>
<id>6242386</id>
<name>John Gimlette</name>
<link><![CDATA[https://www.goodreads.com/author/show/6242386.John_Gimlette]]></link>
</author>
</authors>
</book>

          <book>
<id>108845</id>
<title><![CDATA[In Trouble Again: A Journey Between the Orinoco and the Amazon]]></title>
<title_without_series><![CDATA[In Trouble Again: A Journey Between the Orinoco and the Amazon]]></title_without_series>
<link><![CDATA[https://www.goodreads.com/book/show/108845.In_Trouble_Again]]></link>
<small_image_url><![CDATA[https://images.gr-assets.com/books/1320496204s/108845.jpg]]></small_image_url>
<image_url><![CDATA[https://images.gr-assets.com/books/1320496204m/108845.jpg]]></image_url>
<num_pages>288</num_pages>
<work>
<id>104898</id>
</work>
<isbn>0679727140</isbn>
<isbn13>9780679727149</isbn13>
<average_rating>3.97</average_rating>
<ratings_count>1158</ratings_count>
<publication_year>1990</publication_year>
<publication_month>4</publication_month>
<publication_day>14</publication_day>
<authors>
<author>
<id>63021</id>
<name>Redmond O&apos;Hanlon</name>
<link><![CDATA[https://www.goodreads.com/author/show/63021.Redmond_O_Hanlon]]></link>
</author>
</authors>
</book>

          <book>
<id>9152282</id>
<title><![CDATA[River of Darkness: Francisco Orellana's Legendary Voyage of Death and Discovery Down the Amazon]]></title>
<title_without_series><![CDATA[River of Darkness: Francisco Orellana's Legendary Voyage of Death and Discovery Down the Amazon]]></title_without_series>
<link><![CDATA[https://www.goodreads.com/book/show/9152282-river-of-darkness]]></link>
<small_image_url><![CDATA[https://images.gr-assets.com/books/1320390342s/9152282.jpg]]></small_image_url>
<image_url><![CDATA[https://images.gr-assets.com/books/1320390342m/9152282.jpg]]></image_url>
<num_pages>324</num_pages>
<work>
<id>14031215</id>
</work>
<isbn>0553807501</isbn>
<isbn13>9780553807509</isbn13>
<average_rating>4.08</average_rating>
<ratings_count>1088</ratings_count>
<publication_year>2011</publication_year>
<publication_month>2</publication_month>
<publication_day>22</publication_day>
<authors>
<author>
<id>147673</id>
<name>Buddy Levy</name>
<link><![CDATA[https://www.goodreads.com/author/show/147673.Buddy_Levy]]></link>
</author>
</authors>
</book>

          <book>
<id>11549534</id>
<title><![CDATA[Walking the Amazon: 860 Days. The Impossible Task. The Incredible Journey]]></title>
<title_without_series><![CDATA[Walking the Amazon: 860 Days. The Impossible Task. The Incredible Journey]]></title_without_series>
<link><![CDATA[https://www.goodreads.com/book/show/11549534-walking-the-amazon]]></link>
<small_image_url><![CDATA[https://images.gr-assets.com/books/1329693319s/11549534.jpg]]></small_image_url>
<image_url><![CDATA[https://images.gr-assets.com/books/1329693319m/11549534.jpg]]></image_url>
<num_pages>320</num_pages>
<work>
<id>16489384</id>
</work>
<isbn>1905264569</isbn>
<isbn13>9781905264568</isbn13>
<average_rating>3.72</average_rating>
<ratings_count>1403</ratings_count>
<publication_year>2011</publication_year>
<publication_month>6</publication_month>
<publication_day>9</publication_day>
<authors>
<author>
<id>4904178</id>
<name>Ed Stafford</name>
<link><![CDATA[https://www.goodreads.com/author/show/4904178.Ed_Stafford]]></link>
</author>
</authors>
</book>

          <book>
<id>6516703</id>
<title><![CDATA[To Hellholes and Back: Bribes, Lies, and the Art of Extreme Tourism]]></title>
<title_without_series><![CDATA[To Hellholes and Back: Bribes, Lies, and the Art of Extreme Tourism]]></title_without_series>
<link><![CDATA[https://www.goodreads.com/book/show/6516703-to-hellholes-and-back]]></link>
<small_image_url><![CDATA[https://images.gr-assets.com/books/1315597038s/6516703.jpg]]></small_image_url>
<image_url><![CDATA[https://images.gr-assets.com/books/1315597038m/6516703.jpg]]></image_url>
<num_pages>336</num_pages>
<work>
<id>6708532</id>
</work>
<isbn>0805087885</isbn>
<isbn13>9780805087888</isbn13>
<average_rating>3.67</average_rating>
<ratings_count>717</ratings_count>
<publication_year>2009</publication_year>
<publication_month>12</publication_month>
<publication_day>8</publication_day>
<authors>
<author>
<id>573872</id>
<name>Chuck Thompson</name>
<link><![CDATA[https://www.goodreads.com/author/show/573872.Chuck_Thompson]]></link>
</author>
</authors>
</book>

          <book>
<id>9931</id>
<title><![CDATA[Cruelest Journey: Six Hundred Miles To Timbuktu]]></title>
<title_without_series><![CDATA[Cruelest Journey: Six Hundred Miles To Timbuktu]]></title_without_series>
<link><![CDATA[https://www.goodreads.com/book/show/9931.Cruelest_Journey]]></link>
<small_image_url><![CDATA[https://s.gr-assets.com/assets/nophoto/book/50x75-a91bf249278a81aabab721ef782c4a74.png]]></small_image_url>
<image_url><![CDATA[https://s.gr-assets.com/assets/nophoto/book/111x148-bcc042a9c91a29c1d680899eff700a03.png]]></image_url>
<num_pages></num_pages>
<work>
<id>1014553</id>
</work>
<isbn>0792274571</isbn>
<isbn13>9780792274575</isbn13>
<average_rating>3.91</average_rating>
<ratings_count>509</ratings_count>
<publication_year>2004</publication_year>
<publication_month>11</publication_month>
<publication_day>1</publication_day>
<authors>
<author>
<id>6481</id>
<name>Kira Salak</name>
<link><![CDATA[https://www.goodreads.com/author/show/6481.Kira_Salak]]></link>
</author>
</authors>
</book>

          <book>
<id>9917074</id>
<title><![CDATA[Paris to the Past: Traveling through French History by Train]]></title>
<title_without_series><![CDATA[Paris to the Past: Traveling through French History by Train]]></title_without_series>
<link><![CDATA[https://www.goodreads.com/book/show/9917074-paris-to-the-past]]></link>
<small_image_url><![CDATA[https://s.gr-assets.com/assets/nophoto/book/50x75-a91bf249278a81aabab721ef782c4a74.png]]></small_image_url>
<image_url><![CDATA[https://s.gr-assets.com/assets/nophoto/book/111x148-bcc042a9c91a29c1d680899eff700a03.png]]></image_url>
<num_pages>381</num_pages>
<work>
<id>14809735</id>
</work>
<isbn>0393078949</isbn>
<isbn13>9780393078947</isbn13>
<average_rating>3.79</average_rating>
<ratings_count>651</ratings_count>
<publication_year>2011</publication_year>
<publication_month>6</publication_month>
<publication_day>27</publication_day>
<authors>
<author>
<id>49556</id>
<name>Ina Caro</name>
<link><![CDATA[https://www.goodreads.com/author/show/49556.Ina_Caro]]></link>
</author>
</authors>
</book>

          <book>
<id>354038</id>
<title>The Last Days of the Incas</title>
<title_without_series>The Last Days of the Incas</title_without_series>
<link><![CDATA[https://www.goodreads.com/book/show/354038.The_Last_Days_of_the_Incas]]></link>
<small_image_url><![CDATA[https://s.gr-assets.com/assets/nophoto/book/50x75-a91bf249278a81aabab721ef782c4a74.png]]></small_image_url>
<image_url><![CDATA[https://s.gr-assets.com/assets/nophoto/book/111x148-bcc042a9c91a29c1d680899eff700a03.png]]></image_url>
<num_pages>522</num_pages>
<work>
<id>1613348</id>
</work>
<isbn>074326049X</isbn>
<isbn13>9780743260497</isbn13>
<average_rating>4.12</average_rating>
<ratings_count>3155</ratings_count>
<publication_year>2007</publication_year>
<publication_month>5</publication_month>
<publication_day>29</publication_day>
<authors>
<author>
<id>203013</id>
<name>Kim MacQuarrie</name>
<link><![CDATA[https://www.goodreads.com/author/show/203013.Kim_MacQuarrie]]></link>
</author>
</authors>
</book>

          <book>
<id>7966160</id>
<title>Travels in Siberia</title>
<title_without_series>Travels in Siberia</title_without_series>
<link><![CDATA[https://www.goodreads.com/book/show/7966160-travels-in-siberia]]></link>
<small_image_url><![CDATA[https://images.gr-assets.com/books/1312001406s/7966160.jpg]]></small_image_url>
<image_url><![CDATA[https://images.gr-assets.com/books/1312001406m/7966160.jpg]]></image_url>
<num_pages>529</num_pages>
<work>
<id>11954726</id>
</work>
<isbn>0374278725</isbn>
<isbn13>9780374278724</isbn13>
<average_rating>3.88</average_rating>
<ratings_count>3357</ratings_count>
<publication_year></publication_year>
<publication_month></publication_month>
<publication_day></publication_day>
<authors>
<author>
<id>25281</id>
<name>Ian Frazier</name>
<link><![CDATA[https://www.goodreads.com/author/show/25281.Ian_Frazier]]></link>
</author>
</authors>
</book>

          <book>
<id>836023</id>
<title><![CDATA[To Timbuktu: A Journey Down the Niger]]></title>
<title_without_series><![CDATA[To Timbuktu: A Journey Down the Niger]]></title_without_series>
<link><![CDATA[https://www.goodreads.com/book/show/836023.To_Timbuktu]]></link>
<small_image_url><![CDATA[https://s.gr-assets.com/assets/nophoto/book/50x75-a91bf249278a81aabab721ef782c4a74.png]]></small_image_url>
<image_url><![CDATA[https://s.gr-assets.com/assets/nophoto/book/111x148-bcc042a9c91a29c1d680899eff700a03.png]]></image_url>
<num_pages>224</num_pages>
<work>
<id>2828138</id>
</work>
<isbn>0688115853</isbn>
<isbn13>9780688115852</isbn13>
<average_rating>3.85</average_rating>
<ratings_count>197</ratings_count>
<publication_year>1997</publication_year>
<publication_month>6</publication_month>
<publication_day>30</publication_day>
<authors>
<author>
<id>6484</id>
<name>Mark Jenkins</name>
<link><![CDATA[https://www.goodreads.com/author/show/6484.Mark_Jenkins]]></link>
</author>
</authors>
</book>

          <book>
<id>9869499</id>
<title><![CDATA[The Ledge: An Adventure Story of Friendship and Survival on Mount Rainier]]></title>
<title_without_series><![CDATA[The Ledge: An Adventure Story of Friendship and Survival on Mount Rainier]]></title_without_series>
<link><![CDATA[https://www.goodreads.com/book/show/9869499-the-ledge]]></link>
<small_image_url><![CDATA[https://images.gr-assets.com/books/1320543960s/9869499.jpg]]></small_image_url>
<image_url><![CDATA[https://images.gr-assets.com/books/1320543960m/9869499.jpg]]></image_url>
<num_pages>288</num_pages>
<work>
<id>14761097</id>
</work>
<isbn>0345523199</isbn>
<isbn13>9780345523198</isbn13>
<average_rating>3.82</average_rating>
<ratings_count>1108</ratings_count>
<publication_year>2011</publication_year>
<publication_month>7</publication_month>
<publication_day>26</publication_day>
<authors>
<author>
<id>295168</id>
<name>Jim Davidson</name>
<link><![CDATA[https://www.goodreads.com/author/show/295168.Jim_Davidson]]></link>
</author>
</authors>
</book>

  </similar_books>
</book>

</GoodreadsResponse>