<?xml version="1.0" encoding="UTF-8"?>
<GoodreadsResponse>
  <Request>
    <authentication>true</authentication>
      <key><![CDATA[all_men_must_serve]]></key>
    <method><![CDATA[book_show]]></method>
  </Request>
  <book>
  <id>10115852</id>
  <title><![CDATA[Love Wins: A Book About Heaven, Hell, and the Fate of Every Person Who Ever Lived]]></title>
  <isbn><![CDATA[006204964X]]></isbn>
  <isbn13><![CDATA[9780062049643]]></isbn13>
  <asin><![CDATA[]]></asin>
  <kindle_asin><![CDATA[]]></kindle_asin>
  <marketplace_id><![CDATA[]]></marketplace_id>
  <country_code><![CDATA[GB]]></country_code>
  <image_url>https://images.gr-assets.com/books/1327878550m/10115852.jpg</image_url>
  <small_image_url>https://images.gr-assets.com/books/1327878550s/10115852.jpg</small_image_url>
  <publication_year>2011</publication_year>
  <publication_month>3</publication_month>
  <publication_day>15</publication_day>
  <publisher>HarperOne</publisher>
  <language_code>eng</language_code>
  <is_ebook>false</is_ebook>
  <description><![CDATA[Millions of Christians have struggled with how to reconcile God's love and God's judgment: Has God created billions of people over thousands of years only to select a few to go to heaven and everyone else to suffer forever in hell? Is this acceptable to God? How is this "good news"?<br /><br />Troubling questions—so troubling that many have lost their faith because of them. Others only whisper the questions to themselves, fearing or being taught that they might lose their faith and their church if they ask them out loud.<br /><br />But what if these questions trouble us for good reason? What if the story of heaven and hell we have been taught is not, in fact, what the Bible teaches? What if what Jesus meant by heaven, hell, and salvation are very different from how we have come to understand them?<br /><br />What if it is God who wants us to face these questions?<br /><br />Author, pastor, and innovative teacher Rob Bell presents a deeply biblical vision for rediscovering a richer, grander, truer, and more spiritually satisfying way of understanding heaven, hell, God, Jesus, salvation, and repentance. The result is the discovery that the "good news" is much, much better than we ever imagined.<br /><br />Love wins.]]></description>
  <work>
  <id type="integer">15013397</id>
  <books_count type="integer">24</books_count>
  <best_book_id type="integer">10115852</best_book_id>
  <reviews_count type="integer">35215</reviews_count>
  <ratings_sum type="integer">67573</ratings_sum>
  <ratings_count type="integer">19110</ratings_count>
  <text_reviews_count type="integer">1981</text_reviews_count>
  <original_publication_year type="integer">2011</original_publication_year>
  <original_publication_month type="integer">1</original_publication_month>
  <original_publication_day type="integer">1</original_publication_day>
  <original_title>Love wins</original_title>
  <original_language_id type="integer" nil="true"/>
  <media_type>book</media_type>
  <rating_dist>5:5287|4:5810|3:4056|2:1773|1:2184|total:19110</rating_dist>
  <desc_user_id type="integer">-47</desc_user_id>
  <default_chaptering_book_id type="integer" nil="true"/>
  <default_description_language_code nil="true"/>
</work>
  <average_rating>3.54</average_rating>
  <num_pages><![CDATA[202]]></num_pages>
  <format><![CDATA[Hardcover]]></format>
  <edition_information><![CDATA[]]></edition_information>
  <ratings_count><![CDATA[17681]]></ratings_count>
  <text_reviews_count><![CDATA[1860]]></text_reviews_count>
  <url><![CDATA[https://www.goodreads.com/book/show/10115852-love-wins]]></url>
  <link><![CDATA[https://www.goodreads.com/book/show/10115852-love-wins]]></link>
  <authors>
<author>
<id>5344</id>
<name>Rob Bell</name>
<role></role>
<image_url nophoto='false'>
<![CDATA[https://images.gr-assets.com/authors/1457639137p5/5344.jpg]]>
</image_url>
<small_image_url nophoto='false'>
<![CDATA[https://images.gr-assets.com/authors/1457639137p2/5344.jpg]]>
</small_image_url>
<link><![CDATA[https://www.goodreads.com/author/show/5344.Rob_Bell]]></link>
<average_rating>3.75</average_rating>
<ratings_count>66494</ratings_count>
<text_reviews_count>5450</text_reviews_count>
</author>
</authors>

    <reviews_widget>
      <![CDATA[
        <style>
  #goodreads-widget {
    font-family: georgia, serif;
    padding: 18px 0;
    width:565px;
  }
  #goodreads-widget h1 {
    font-weight:normal;
    font-size: 16px;
    border-bottom: 1px solid #BBB596;
    margin-bottom: 0;
  }
  #goodreads-widget a {
    text-decoration: none;
    color:#660;
  }
  iframe{
    background-color: #fff;
  }
  #goodreads-widget a:hover { text-decoration: underline; }
  #goodreads-widget a:active {
    color:#660;
  }
  #gr_footer {
    width: 100%;
    border-top: 1px solid #BBB596;
    text-align: right;
  }
  #goodreads-widget .gr_branding{
    color: #382110;
    font-size: 11px;
    text-decoration: none;
    font-family: "Helvetica Neue", Helvetica, Arial, sans-serif;
  }
</style>
<div id="goodreads-widget">
  <div id="gr_header"><h1><a rel="nofollow" href="https://www.goodreads.com/book/show/10115852-love-wins">Love Wins Reviews</a></h1></div>
  <iframe id="the_iframe" src="https://www.goodreads.com/api/reviews_widget_iframe?did=DEVELOPER_ID&amp;format=html&amp;isbn=006204964X&amp;links=660&amp;min_rating=&amp;review_back=fff&amp;stars=000&amp;text=000" width="565" height="400" frameborder="0"></iframe>
  <div id="gr_footer">
    <a class="gr_branding" target="_blank" rel="nofollow" href="https://www.goodreads.com/book/show/10115852-love-wins?utm_medium=api&amp;utm_source=reviews_widget">Reviews from Goodreads.com</a>
  </div>
</div>

      ]]>
    </reviews_widget>
  <popular_shelves>
      <shelf name="to-read" count="13462"/>
      <shelf name="currently-reading" count="680"/>
      <shelf name="non-fiction" count="296"/>
      <shelf name="theology" count="259"/>
      <shelf name="religion" count="219"/>
      <shelf name="christian" count="191"/>
      <shelf name="christianity" count="153"/>
      <shelf name="nonfiction" count="127"/>
      <shelf name="spirituality" count="109"/>
      <shelf name="faith" count="99"/>
      <shelf name="favorites" count="75"/>
      <shelf name="spiritual" count="73"/>
      <shelf name="religious" count="46"/>
      <shelf name="owned" count="43"/>
      <shelf name="christian-living" count="27"/>
      <shelf name="hell" count="26"/>
      <shelf name="kindle" count="26"/>
      <shelf name="heaven" count="23"/>
      <shelf name="read-in-2011" count="22"/>
      <shelf name="philosophy" count="20"/>
      <shelf name="inspirational" count="19"/>
      <shelf name="rob-bell" count="17"/>
      <shelf name="christian-non-fiction" count="16"/>
      <shelf name="audiobooks" count="16"/>
      <shelf name="books-i-own" count="16"/>
      <shelf name="library" count="16"/>
      <shelf name="religion-spirituality" count="15"/>
      <shelf name="adult" count="15"/>
      <shelf name="eschatology" count="14"/>
      <shelf name="audiobook" count="13"/>
      <shelf name="owned-books" count="11"/>
      <shelf name="jesus" count="11"/>
      <shelf name="church" count="11"/>
      <shelf name="my-library" count="10"/>
      <shelf name="book-club" count="10"/>
      <shelf name="abandoned" count="10"/>
      <shelf name="audio" count="10"/>
      <shelf name="god" count="10"/>
      <shelf name="ebook" count="9"/>
      <shelf name="christian-nonfiction" count="9"/>
      <shelf name="christian-books" count="9"/>
      <shelf name="ministry" count="9"/>
      <shelf name="shelfari-favorites" count="8"/>
      <shelf name="read-in-2014" count="8"/>
      <shelf name="default" count="8"/>
      <shelf name="read-in-2012" count="8"/>
      <shelf name="biblical-studies" count="8"/>
      <shelf name="religion-theology" count="8"/>
      <shelf name="christian-spirituality" count="8"/>
      <shelf name="own-it" count="8"/>
      <shelf name="read-2011" count="8"/>
      <shelf name="2011-books" count="8"/>
      <shelf name="christian-life" count="7"/>
      <shelf name="didn-t-finish" count="7"/>
      <shelf name="emergent" count="7"/>
      <shelf name="adult-non-fiction" count="7"/>
      <shelf name="borrowed" count="7"/>
      <shelf name="religion-and-spirituality" count="7"/>
      <shelf name="spirituality-religion" count="7"/>
      <shelf name="self-help" count="7"/>
      <shelf name="library-book" count="7"/>
      <shelf name="christian-theology" count="6"/>
      <shelf name="read-2012" count="6"/>
      <shelf name="to-read-christian" count="6"/>
      <shelf name="universalism" count="6"/>
      <shelf name="emergent-church" count="6"/>
      <shelf name="spiritual-formation" count="6"/>
      <shelf name="love" count="6"/>
      <shelf name="read-in-2016" count="5"/>
      <shelf name="christian-literature" count="5"/>
      <shelf name="male-authors" count="5"/>
      <shelf name="read-2013" count="5"/>
      <shelf name="non-fiction-read" count="5"/>
      <shelf name="recommended" count="5"/>
      <shelf name="philosophy-religion" count="5"/>
      <shelf name="adult-nonfiction" count="5"/>
      <shelf name="non-fic" count="5"/>
      <shelf name="couldn-t-finish" count="5"/>
      <shelf name="e-books" count="5"/>
      <shelf name="to-buy" count="5"/>
      <shelf name="christian-inspiration" count="5"/>
      <shelf name="religion-christianity" count="5"/>
      <shelf name="21st-century" count="5"/>
      <shelf name="audible" count="5"/>
      <shelf name="evangelism" count="5"/>
      <shelf name="faith-spirituality" count="5"/>
      <shelf name="to-read-non-fiction" count="5"/>
      <shelf name="read-2016" count="4"/>
      <shelf name="calibre" count="4"/>
      <shelf name="christian-to-read" count="4"/>
      <shelf name="books-we-own" count="4"/>
      <shelf name="5-stars" count="4"/>
      <shelf name="all-time-favorites" count="4"/>
      <shelf name="on-my-shelf" count="4"/>
      <shelf name="christian-lit" count="4"/>
      <shelf name="read-nonfiction" count="4"/>
      <shelf name="amazon" count="4"/>
      <shelf name="dnf" count="4"/>
      <shelf name="2012-books" count="4"/>
      <shelf name="philosophy-theology" count="4"/>
  </popular_shelves>
  <book_links>
    <book_link>
  <id>8</id>
  <name>Libraries</name>
  <link>https://www.goodreads.com/book_link/follow/8</link>
</book_link>

  </book_links>
  <buy_links>
    <buy_link>
<id>1</id>
<name>Amazon</name>
<link>https://www.goodreads.com/book_link/follow/1</link>
</buy_link>
<buy_link>
<id>10</id>
<name>Audible</name>
<link>https://www.goodreads.com/book_link/follow/10</link>
</buy_link>
<buy_link>
<id>3</id>
<name>Barnes &amp; Noble</name>
<link>https://www.goodreads.com/book_link/follow/3</link>
</buy_link>
<buy_link>
<id>1027</id>
<name>Kobo</name>
<link>https://www.goodreads.com/book_link/follow/1027</link>
</buy_link>
<buy_link>
<id>2102</id>
<name>Apple iBooks</name>
<link>https://www.goodreads.com/book_link/follow/2102</link>
</buy_link>
<buy_link>
<id>8036</id>
<name>Google Play</name>
<link>https://www.goodreads.com/book_link/follow/8036</link>
</buy_link>
<buy_link>
<id>4</id>
<name>Abebooks</name>
<link>https://www.goodreads.com/book_link/follow/4</link>
</buy_link>
<buy_link>
<id>882</id>
<name>Book Depository</name>
<link>https://www.goodreads.com/book_link/follow/882</link>
</buy_link>
<buy_link>
<id>9</id>
<name>Indigo</name>
<link>https://www.goodreads.com/book_link/follow/9</link>
</buy_link>
<buy_link>
<id>2</id>
<name>Half.com</name>
<link>https://www.goodreads.com/book_link/follow/2</link>
</buy_link>
<buy_link>
<id>5</id>
<name>Alibris</name>
<link>https://www.goodreads.com/book_link/follow/5</link>
</buy_link>
<buy_link>
<id>107</id>
<name>Better World Books</name>
<link>https://www.goodreads.com/book_link/follow/107</link>
</buy_link>
<buy_link>
<id>7</id>
<name>IndieBound</name>
<link>https://www.goodreads.com/book_link/follow/7</link>
</buy_link>

  </buy_links>
  <series_works>
    
  </series_works>
  <similar_books>
          <book>
<id>6712499</id>
<title><![CDATA[A New Kind of Christianity: Ten Questions That Are Transforming the Faith]]></title>
<title_without_series><![CDATA[A New Kind of Christianity: Ten Questions That Are Transforming the Faith]]></title_without_series>
<link><![CDATA[https://www.goodreads.com/book/show/6712499-a-new-kind-of-christianity]]></link>
<small_image_url><![CDATA[https://s.gr-assets.com/assets/nophoto/book/50x75-a91bf249278a81aabab721ef782c4a74.png]]></small_image_url>
<image_url><![CDATA[https://s.gr-assets.com/assets/nophoto/book/111x148-bcc042a9c91a29c1d680899eff700a03.png]]></image_url>
<num_pages></num_pages>
<work>
<id>6908366</id>
</work>
<isbn>0061853984</isbn>
<isbn13>9780061853982</isbn13>
<average_rating>3.94</average_rating>
<ratings_count>2472</ratings_count>
<publication_year></publication_year>
<publication_month></publication_month>
<publication_day></publication_day>
<authors>
<author>
<id>21333</id>
<name>Brian D. McLaren</name>
<link><![CDATA[https://www.goodreads.com/author/show/21333.Brian_D_McLaren]]></link>
</author>
</authors>
</book>

          <book>
<id>4956232</id>
<title><![CDATA[The Orthodox Heretic And Other Impossible Tales]]></title>
<title_without_series><![CDATA[The Orthodox Heretic And Other Impossible Tales]]></title_without_series>
<link><![CDATA[https://www.goodreads.com/book/show/4956232-the-orthodox-heretic-and-other-impossible-tales]]></link>
<small_image_url><![CDATA[https://images.gr-assets.com/books/1328757128s/4956232.jpg]]></small_image_url>
<image_url><![CDATA[https://images.gr-assets.com/books/1328757128m/4956232.jpg]]></image_url>
<num_pages>184</num_pages>
<work>
<id>5022032</id>
</work>
<isbn>1557256349</isbn>
<isbn13>9781557256348</isbn13>
<average_rating>4.17</average_rating>
<ratings_count>963</ratings_count>
<publication_year>2009</publication_year>
<publication_month>4</publication_month>
<publication_day>1</publication_day>
<authors>
<author>
<id>99140</id>
<name>Peter Rollins</name>
<link><![CDATA[https://www.goodreads.com/author/show/99140.Peter_Rollins]]></link>
</author>
</authors>
</book>

          <book>
<id>1109255</id>
<title><![CDATA[Jesus for President: Politics for Ordinary Radicals]]></title>
<title_without_series><![CDATA[Jesus for President: Politics for Ordinary Radicals]]></title_without_series>
<link><![CDATA[https://www.goodreads.com/book/show/1109255.Jesus_for_President]]></link>
<small_image_url><![CDATA[https://images.gr-assets.com/books/1395613683s/1109255.jpg]]></small_image_url>
<image_url><![CDATA[https://images.gr-assets.com/books/1395613683m/1109255.jpg]]></image_url>
<num_pages>368</num_pages>
<work>
<id>1096213</id>
</work>
<isbn>0310278422</isbn>
<isbn13>9780310278429</isbn13>
<average_rating>4.02</average_rating>
<ratings_count>4882</ratings_count>
<publication_year></publication_year>
<publication_month></publication_month>
<publication_day></publication_day>
<authors>
<author>
<id>36103</id>
<name>Shane Claiborne</name>
<link><![CDATA[https://www.goodreads.com/author/show/36103.Shane_Claiborne]]></link>
</author>
</authors>
</book>

          <book>
<id>869972</id>
<title>The Evangelical Universalist</title>
<title_without_series>The Evangelical Universalist</title_without_series>
<link><![CDATA[https://www.goodreads.com/book/show/869972.The_Evangelical_Universalist]]></link>
<small_image_url><![CDATA[https://s.gr-assets.com/assets/nophoto/book/50x75-a91bf249278a81aabab721ef782c4a74.png]]></small_image_url>
<image_url><![CDATA[https://s.gr-assets.com/assets/nophoto/book/111x148-bcc042a9c91a29c1d680899eff700a03.png]]></image_url>
<num_pages></num_pages>
<work>
<id>855346</id>
</work>
<isbn>1597523658</isbn>
<isbn13>9781597523653</isbn13>
<average_rating>4.13</average_rating>
<ratings_count>164</ratings_count>
<publication_year>2006</publication_year>
<publication_month>5</publication_month>
<publication_day>1</publication_day>
<authors>
<author>
<id>448796</id>
<name>Gregory MacDonald</name>
<link><![CDATA[https://www.goodreads.com/author/show/448796.Gregory_MacDonald]]></link>
</author>
</authors>
</book>

          <book>
<id>13529091</id>
<title><![CDATA[Torn: Rescuing the Gospel from the Gays-vs.-Christians Debate]]></title>
<title_without_series><![CDATA[Torn: Rescuing the Gospel from the Gays-vs.-Christians Debate]]></title_without_series>
<link><![CDATA[https://www.goodreads.com/book/show/13529091-torn]]></link>
<small_image_url><![CDATA[https://images.gr-assets.com/books/1340228841s/13529091.jpg]]></small_image_url>
<image_url><![CDATA[https://images.gr-assets.com/books/1340228841m/13529091.jpg]]></image_url>
<num_pages>272</num_pages>
<work>
<id>19086701</id>
</work>
<isbn>1455514314</isbn>
<isbn13>9781455514311</isbn13>
<average_rating>4.30</average_rating>
<ratings_count>2250</ratings_count>
<publication_year>2012</publication_year>
<publication_month>11</publication_month>
<publication_day>13</publication_day>
<authors>
<author>
<id>6426906</id>
<name>Justin Lee</name>
<link><![CDATA[https://www.goodreads.com/author/show/6426906.Justin_Lee]]></link>
</author>
</authors>
</book>

          <book>
<id>7251402</id>
<title><![CDATA[Evolving in Monkey Town: How a Girl Who Knew All the Answers Learned to Ask the Questions]]></title>
<title_without_series><![CDATA[Evolving in Monkey Town: How a Girl Who Knew All the Answers Learned to Ask the Questions]]></title_without_series>
<link><![CDATA[https://www.goodreads.com/book/show/7251402-evolving-in-monkey-town]]></link>
<small_image_url><![CDATA[https://s.gr-assets.com/assets/nophoto/book/50x75-a91bf249278a81aabab721ef782c4a74.png]]></small_image_url>
<image_url><![CDATA[https://s.gr-assets.com/assets/nophoto/book/111x148-bcc042a9c91a29c1d680899eff700a03.png]]></image_url>
<num_pages>232</num_pages>
<work>
<id>8277628</id>
</work>
<isbn>0310293995</isbn>
<isbn13>9780310293996</isbn13>
<average_rating>4.14</average_rating>
<ratings_count>4125</ratings_count>
<publication_year></publication_year>
<publication_month></publication_month>
<publication_day></publication_day>
<authors>
<author>
<id>3207795</id>
<name>Rachel Held Evans</name>
<link><![CDATA[https://www.goodreads.com/author/show/3207795.Rachel_Held_Evans]]></link>
</author>
</authors>
</book>

          <book>
<id>1047322</id>
<title><![CDATA[Living in Sin?: A Bishop Rethinks Human Sexuality]]></title>
<title_without_series><![CDATA[Living in Sin?: A Bishop Rethinks Human Sexuality]]></title_without_series>
<link><![CDATA[https://www.goodreads.com/book/show/1047322.Living_in_Sin_]]></link>
<small_image_url><![CDATA[https://images.gr-assets.com/books/1270317832s/1047322.jpg]]></small_image_url>
<image_url><![CDATA[https://images.gr-assets.com/books/1270317832m/1047322.jpg]]></image_url>
<num_pages>256</num_pages>
<work>
<id>1033755</id>
</work>
<isbn>0060675071</isbn>
<isbn13>9780060675073</isbn13>
<average_rating>3.95</average_rating>
<ratings_count>298</ratings_count>
<publication_year>1990</publication_year>
<publication_month>2</publication_month>
<publication_day>2</publication_day>
<authors>
<author>
<id>45659</id>
<name>John Shelby Spong</name>
<link><![CDATA[https://www.goodreads.com/author/show/45659.John_Shelby_Spong]]></link>
</author>
</authors>
</book>

          <book>
<id>4024780</id>
<title><![CDATA[The Great Emergence: How Christianity is Changing and Why]]></title>
<title_without_series><![CDATA[The Great Emergence: How Christianity is Changing and Why]]></title_without_series>
<link><![CDATA[https://www.goodreads.com/book/show/4024780-the-great-emergence]]></link>
<small_image_url><![CDATA[https://s.gr-assets.com/assets/nophoto/book/50x75-a91bf249278a81aabab721ef782c4a74.png]]></small_image_url>
<image_url><![CDATA[https://s.gr-assets.com/assets/nophoto/book/111x148-bcc042a9c91a29c1d680899eff700a03.png]]></image_url>
<num_pages>0</num_pages>
<work>
<id>4071299</id>
</work>
<isbn>1596445750</isbn>
<isbn13>9781596445758</isbn13>
<average_rating>3.95</average_rating>
<ratings_count>1908</ratings_count>
<publication_year>2008</publication_year>
<publication_month>10</publication_month>
<publication_day>1</publication_day>
<authors>
<author>
<id>1434</id>
<name>Phyllis A. Tickle</name>
<link><![CDATA[https://www.goodreads.com/author/show/1434.Phyllis_A_Tickle]]></link>
</author>
</authors>
</book>

          <book>
<id>2074642</id>
<title><![CDATA[The New Christians: Dispatches from the Emergent Frontier]]></title>
<title_without_series><![CDATA[The New Christians: Dispatches from the Emergent Frontier]]></title_without_series>
<link><![CDATA[https://www.goodreads.com/book/show/2074642.The_New_Christians]]></link>
<small_image_url><![CDATA[https://s.gr-assets.com/assets/nophoto/book/50x75-a91bf249278a81aabab721ef782c4a74.png]]></small_image_url>
<image_url><![CDATA[https://s.gr-assets.com/assets/nophoto/book/111x148-bcc042a9c91a29c1d680899eff700a03.png]]></image_url>
<num_pages>264</num_pages>
<work>
<id>2079890</id>
</work>
<isbn>0787994715</isbn>
<isbn13>9780787994716</isbn13>
<average_rating>3.57</average_rating>
<ratings_count>315</ratings_count>
<publication_year>2008</publication_year>
<publication_month>3</publication_month>
<publication_day>1</publication_day>
<authors>
<author>
<id>173340</id>
<name>Tony Jones</name>
<link><![CDATA[https://www.goodreads.com/author/show/173340.Tony_Jones]]></link>
</author>
</authors>
</book>

          <book>
<id>77832</id>
<title><![CDATA[The Myth of a Christian Nation: How the Quest for Political Power Is Destroying the Church]]></title>
<title_without_series><![CDATA[The Myth of a Christian Nation: How the Quest for Political Power Is Destroying the Church]]></title_without_series>
<link><![CDATA[https://www.goodreads.com/book/show/77832.The_Myth_of_a_Christian_Nation]]></link>
<small_image_url><![CDATA[https://s.gr-assets.com/assets/nophoto/book/50x75-a91bf249278a81aabab721ef782c4a74.png]]></small_image_url>
<image_url><![CDATA[https://s.gr-assets.com/assets/nophoto/book/111x148-bcc042a9c91a29c1d680899eff700a03.png]]></image_url>
<num_pages>219</num_pages>
<work>
<id>75164</id>
</work>
<isbn>0310267315</isbn>
<isbn13>9780310267317</isbn13>
<average_rating>4.17</average_rating>
<ratings_count>2095</ratings_count>
<publication_year>2007</publication_year>
<publication_month>4</publication_month>
<publication_day>29</publication_day>
<authors>
<author>
<id>18170</id>
<name>Gregory A. Boyd</name>
<link><![CDATA[https://www.goodreads.com/author/show/18170.Gregory_A_Boyd]]></link>
</author>
</authors>
</book>

          <book>
<id>4837182</id>
<title><![CDATA[The Sacredness of Questioning Everything]]></title>
<title_without_series><![CDATA[The Sacredness of Questioning Everything]]></title_without_series>
<link><![CDATA[https://www.goodreads.com/book/show/4837182-the-sacredness-of-questioning-everything]]></link>
<small_image_url><![CDATA[https://s.gr-assets.com/assets/nophoto/book/50x75-a91bf249278a81aabab721ef782c4a74.png]]></small_image_url>
<image_url><![CDATA[https://s.gr-assets.com/assets/nophoto/book/111x148-bcc042a9c91a29c1d680899eff700a03.png]]></image_url>
<num_pages>264</num_pages>
<work>
<id>4902427</id>
</work>
<isbn>0310286182</isbn>
<isbn13>9780310286189</isbn13>
<average_rating>3.99</average_rating>
<ratings_count>395</ratings_count>
<publication_year>2009</publication_year>
<publication_month>3</publication_month>
<publication_day>29</publication_day>
<authors>
<author>
<id>161099</id>
<name>David Dark</name>
<link><![CDATA[https://www.goodreads.com/author/show/161099.David_Dark]]></link>
</author>
</authors>
</book>

          <book>
<id>4572233</id>
<title><![CDATA[Flickering Pixels: How Technology Shapes Your Faith]]></title>
<title_without_series><![CDATA[Flickering Pixels: How Technology Shapes Your Faith]]></title_without_series>
<link><![CDATA[https://www.goodreads.com/book/show/4572233-flickering-pixels]]></link>
<small_image_url><![CDATA[https://s.gr-assets.com/assets/nophoto/book/50x75-a91bf249278a81aabab721ef782c4a74.png]]></small_image_url>
<image_url><![CDATA[https://s.gr-assets.com/assets/nophoto/book/111x148-bcc042a9c91a29c1d680899eff700a03.png]]></image_url>
<num_pages>208</num_pages>
<work>
<id>4621606</id>
</work>
<isbn>0310293219</isbn>
<isbn13>9780310293217</isbn13>
<average_rating>3.83</average_rating>
<ratings_count>494</ratings_count>
<publication_year>2009</publication_year>
<publication_month>2</publication_month>
<publication_day>3</publication_day>
<authors>
<author>
<id>24970</id>
<name>Shane Hipps</name>
<link><![CDATA[https://www.goodreads.com/author/show/24970.Shane_Hipps]]></link>
</author>
</authors>
</book>

          <book>
<id>9892361</id>
<title><![CDATA[Scripture and the Authority of God: How to Read the Bible Today]]></title>
<title_without_series><![CDATA[Scripture and the Authority of God: How to Read the Bible Today]]></title_without_series>
<link><![CDATA[https://www.goodreads.com/book/show/9892361-scripture-and-the-authority-of-god]]></link>
<small_image_url><![CDATA[https://s.gr-assets.com/assets/nophoto/book/50x75-a91bf249278a81aabab721ef782c4a74.png]]></small_image_url>
<image_url><![CDATA[https://s.gr-assets.com/assets/nophoto/book/111x148-bcc042a9c91a29c1d680899eff700a03.png]]></image_url>
<num_pages>224</num_pages>
<work>
<id>14784434</id>
</work>
<isbn>0062011952</isbn>
<isbn13>9780062011954</isbn13>
<average_rating>4.11</average_rating>
<ratings_count>1246</ratings_count>
<publication_year>2011</publication_year>
<publication_month>3</publication_month>
<publication_day>1</publication_day>
<authors>
<author>
<id>38932</id>
<name>N.T. Wright</name>
<link><![CDATA[https://www.goodreads.com/author/show/38932.N_T_Wright]]></link>
</author>
</authors>
</book>

  </similar_books>
</book>

</GoodreadsResponse>