<?xml version="1.0" encoding="UTF-8"?>
<GoodreadsResponse>
  <Request>
    <authentication>true</authentication>
      <key><![CDATA[all_men_must_serve]]></key>
    <method><![CDATA[book_show]]></method>
  </Request>
  <book>
  <id>1011632</id>
  <title>Mister B. Gone</title>
  <isbn><![CDATA[0060182989]]></isbn>
  <isbn13><![CDATA[9780060182984]]></isbn13>
  <asin><![CDATA[]]></asin>
  <kindle_asin><![CDATA[B002RI9F7W]]></kindle_asin>
  <marketplace_id><![CDATA[A1F83G8C2ARO7P]]></marketplace_id>
  <country_code><![CDATA[GB]]></country_code>
  <image_url>https://images.gr-assets.com/books/1429998358m/1011632.jpg</image_url>
  <small_image_url>https://images.gr-assets.com/books/1429998358s/1011632.jpg</small_image_url>
  <publication_year>2007</publication_year>
  <publication_month>10</publication_month>
  <publication_day>30</publication_day>
  <publisher>HarperCollins Publishers</publisher>
  <language_code>eng</language_code>
  <is_ebook>false</is_ebook>
  <description><![CDATA[The Mister B. of the title is Jakabob Botch, a demon whose ghastly past could make even the most merciless sociopath whimper in sympathy. Born in the deepest regions of hell, the spawn of an abusive drunkard and his whorish wife, Jakabob escapes to the world above after suffering fiendish torture. Once topside, he lands conveniently in 15th-century Mainz, the home of printing inventor Johannes Gutenberg. However, Mister B. isn't interested in merely observing history; like any other self-respecting diabolical being, he's just searching for a new demonic angle. A ghoulishly good fright fest.]]></description>
  <work>
  <id type="integer">2851045</id>
  <books_count type="integer">34</books_count>
  <best_book_id type="integer">1011632</best_book_id>
  <reviews_count type="integer">16590</reviews_count>
  <ratings_sum type="integer">34934</ratings_sum>
  <ratings_count type="integer">10529</ratings_count>
  <text_reviews_count type="integer">932</text_reviews_count>
  <original_publication_year type="integer">2007</original_publication_year>
  <original_publication_month type="integer">10</original_publication_month>
  <original_publication_day type="integer">30</original_publication_day>
  <original_title>Mister B. Gone</original_title>
  <original_language_id type="integer" nil="true"/>
  <media_type>book</media_type>
  <rating_dist>5:1976|4:2692|3:3379|2:1667|1:815|total:10529</rating_dist>
  <desc_user_id type="integer">30523872</desc_user_id>
  <default_chaptering_book_id type="integer" nil="true"/>
  <default_description_language_code nil="true"/>
</work>
  <average_rating>3.32</average_rating>
  <num_pages><![CDATA[248]]></num_pages>
  <format><![CDATA[Hardcover]]></format>
  <edition_information><![CDATA[First Edition]]></edition_information>
  <ratings_count><![CDATA[9536]]></ratings_count>
  <text_reviews_count><![CDATA[737]]></text_reviews_count>
  <url><![CDATA[https://www.goodreads.com/book/show/1011632.Mister_B_Gone]]></url>
  <link><![CDATA[https://www.goodreads.com/book/show/1011632.Mister_B_Gone]]></link>
  <authors>
<author>
<id>10366</id>
<name>Clive Barker</name>
<role></role>
<image_url nophoto='false'>
<![CDATA[https://images.gr-assets.com/authors/1430330407p5/10366.jpg]]>
</image_url>
<small_image_url nophoto='false'>
<![CDATA[https://images.gr-assets.com/authors/1430330407p2/10366.jpg]]>
</small_image_url>
<link><![CDATA[https://www.goodreads.com/author/show/10366.Clive_Barker]]></link>
<average_rating>4.09</average_rating>
<ratings_count>429258</ratings_count>
<text_reviews_count>15366</text_reviews_count>
</author>
</authors>

    <reviews_widget>
      <![CDATA[
        <style>
  #goodreads-widget {
    font-family: georgia, serif;
    padding: 18px 0;
    width:565px;
  }
  #goodreads-widget h1 {
    font-weight:normal;
    font-size: 16px;
    border-bottom: 1px solid #BBB596;
    margin-bottom: 0;
  }
  #goodreads-widget a {
    text-decoration: none;
    color:#660;
  }
  iframe{
    background-color: #fff;
  }
  #goodreads-widget a:hover { text-decoration: underline; }
  #goodreads-widget a:active {
    color:#660;
  }
  #gr_footer {
    width: 100%;
    border-top: 1px solid #BBB596;
    text-align: right;
  }
  #goodreads-widget .gr_branding{
    color: #382110;
    font-size: 11px;
    text-decoration: none;
    font-family: "Helvetica Neue", Helvetica, Arial, sans-serif;
  }
</style>
<div id="goodreads-widget">
  <div id="gr_header"><h1><a rel="nofollow" href="https://www.goodreads.com/book/show/1011632.Mister_B_Gone">Mister B. Gone Reviews</a></h1></div>
  <iframe id="the_iframe" src="https://www.goodreads.com/api/reviews_widget_iframe?did=DEVELOPER_ID&amp;format=html&amp;isbn=0060182989&amp;links=660&amp;min_rating=&amp;review_back=fff&amp;stars=000&amp;text=000" width="565" height="400" frameborder="0"></iframe>
  <div id="gr_footer">
    <a class="gr_branding" target="_blank" rel="nofollow" href="https://www.goodreads.com/book/show/1011632.Mister_B_Gone?utm_medium=api&amp;utm_source=reviews_widget">Reviews from Goodreads.com</a>
  </div>
</div>

      ]]>
    </reviews_widget>
  <popular_shelves>
      <shelf name="to-read" count="714"/>
      <shelf name="horror" count="568"/>
      <shelf name="fantasy" count="175"/>
      <shelf name="fiction" count="156"/>
      <shelf name="clive-barker" count="88"/>
      <shelf name="favorites" count="60"/>
      <shelf name="owned" count="51"/>
      <shelf name="books-i-own" count="40"/>
      <shelf name="demons" count="29"/>
      <shelf name="currently-reading" count="25"/>
      <shelf name="default" count="25"/>
      <shelf name="owned-books" count="20"/>
      <shelf name="historical-fiction" count="19"/>
      <shelf name="library" count="19"/>
      <shelf name="dark-fantasy" count="18"/>
      <shelf name="novels" count="16"/>
      <shelf name="paranormal" count="15"/>
      <shelf name="terror" count="14"/>
      <shelf name="supernatural" count="12"/>
      <shelf name="wish-list" count="12"/>
      <shelf name="audiobook" count="11"/>
      <shelf name="audio" count="11"/>
      <shelf name="my-library" count="10"/>
      <shelf name="abandoned" count="10"/>
      <shelf name="sci-fi-fantasy" count="10"/>
      <shelf name="humor" count="10"/>
      <shelf name="books" count="9"/>
      <shelf name="horror-thriller" count="9"/>
      <shelf name="barker" count="9"/>
      <shelf name="adult" count="9"/>
      <shelf name="hardcover" count="8"/>
      <shelf name="audio-books" count="8"/>
      <shelf name="my-books" count="7"/>
      <shelf name="ebook" count="7"/>
      <shelf name="unfinished" count="7"/>
      <shelf name="audiobooks" count="7"/>
      <shelf name="to-buy" count="7"/>
      <shelf name="read-in-2008" count="7"/>
      <shelf name="read-in-2015" count="6"/>
      <shelf name="angels" count="6"/>
      <shelf name="own-it" count="6"/>
      <shelf name="1" count="6"/>
      <shelf name="adult-fiction" count="6"/>
      <shelf name="metafiction" count="6"/>
      <shelf name="kindle" count="6"/>
      <shelf name="religion" count="6"/>
      <shelf name="general-fiction" count="6"/>
      <shelf name="dark" count="6"/>
      <shelf name="young-adult" count="6"/>
      <shelf name="scifi-fantasy" count="6"/>
      <shelf name="historical" count="6"/>
      <shelf name="shelfari-wishlist" count="5"/>
      <shelf name="read-in-2012" count="5"/>
      <shelf name="did-not-finish" count="5"/>
      <shelf name="fantasy-horror" count="5"/>
      <shelf name="comedy" count="5"/>
      <shelf name="read-2014" count="4"/>
      <shelf name="owned-to-read" count="4"/>
      <shelf name="british" count="4"/>
      <shelf name="adventure" count="4"/>
      <shelf name="i-own" count="4"/>
      <shelf name="horror-fantasy" count="4"/>
      <shelf name="home-library" count="4"/>
      <shelf name="fiction-horror" count="4"/>
      <shelf name="read-in-2011" count="4"/>
      <shelf name="ebooks" count="4"/>
      <shelf name="glbt" count="4"/>
      <shelf name="fantastique" count="4"/>
      <shelf name="novel" count="4"/>
      <shelf name="borrowed" count="4"/>
      <shelf name="personal-library" count="4"/>
      <shelf name="horror-fiction" count="4"/>
      <shelf name="could-not-finish" count="4"/>
      <shelf name="read-in-2009" count="4"/>
      <shelf name="currently-own" count="4"/>
      <shelf name="fantasy-sci-fi" count="4"/>
      <shelf name="signed" count="4"/>
      <shelf name="thriller" count="4"/>
      <shelf name="b" count="3"/>
      <shelf name="read-in-2016" count="3"/>
      <shelf name="hell" count="3"/>
      <shelf name="dark-humor" count="3"/>
      <shelf name="stand-alone" count="3"/>
      <shelf name="mine" count="3"/>
      <shelf name="read-in-2013" count="3"/>
      <shelf name="literature" count="3"/>
      <shelf name="meh" count="3"/>
      <shelf name="paranormal-supernatural" count="3"/>
      <shelf name="tbr" count="3"/>
      <shelf name="favourites" count="3"/>
      <shelf name="read-2011" count="3"/>
      <shelf name="favorite-books" count="3"/>
      <shelf name="weird-fiction" count="3"/>
      <shelf name="demon" count="3"/>
      <shelf name="english" count="3"/>
      <shelf name="splatterpunk" count="3"/>
      <shelf name="audio-book" count="3"/>
      <shelf name="reviewed" count="3"/>
      <shelf name="couldn-t-finish" count="3"/>
      <shelf name="maybe" count="3"/>
  </popular_shelves>
  <book_links>
    <book_link>
  <id>8</id>
  <name>Libraries</name>
  <link>https://www.goodreads.com/book_link/follow/8</link>
</book_link>

  </book_links>
  <buy_links>
    <buy_link>
<id>1</id>
<name>Amazon</name>
<link>https://www.goodreads.com/book_link/follow/1</link>
</buy_link>
<buy_link>
<id>10</id>
<name>Audible</name>
<link>https://www.goodreads.com/book_link/follow/10</link>
</buy_link>
<buy_link>
<id>3</id>
<name>Barnes &amp; Noble</name>
<link>https://www.goodreads.com/book_link/follow/3</link>
</buy_link>
<buy_link>
<id>1027</id>
<name>Kobo</name>
<link>https://www.goodreads.com/book_link/follow/1027</link>
</buy_link>
<buy_link>
<id>2102</id>
<name>Apple iBooks</name>
<link>https://www.goodreads.com/book_link/follow/2102</link>
</buy_link>
<buy_link>
<id>8036</id>
<name>Google Play</name>
<link>https://www.goodreads.com/book_link/follow/8036</link>
</buy_link>
<buy_link>
<id>4</id>
<name>Abebooks</name>
<link>https://www.goodreads.com/book_link/follow/4</link>
</buy_link>
<buy_link>
<id>882</id>
<name>Book Depository</name>
<link>https://www.goodreads.com/book_link/follow/882</link>
</buy_link>
<buy_link>
<id>9</id>
<name>Indigo</name>
<link>https://www.goodreads.com/book_link/follow/9</link>
</buy_link>
<buy_link>
<id>2</id>
<name>Half.com</name>
<link>https://www.goodreads.com/book_link/follow/2</link>
</buy_link>
<buy_link>
<id>5</id>
<name>Alibris</name>
<link>https://www.goodreads.com/book_link/follow/5</link>
</buy_link>
<buy_link>
<id>107</id>
<name>Better World Books</name>
<link>https://www.goodreads.com/book_link/follow/107</link>
</buy_link>
<buy_link>
<id>7</id>
<name>IndieBound</name>
<link>https://www.goodreads.com/book_link/follow/7</link>
</buy_link>

  </buy_links>
  <series_works>
    
  </series_works>
  <similar_books>
          <book>
<id>52636</id>
<title><![CDATA[Clive Barker's A - Z of Horror]]></title>
<title_without_series><![CDATA[Clive Barker's A - Z of Horror]]></title_without_series>
<link><![CDATA[https://www.goodreads.com/book/show/52636.Clive_Barker_s_A_Z_of_Horror]]></link>
<small_image_url><![CDATA[https://s.gr-assets.com/assets/nophoto/book/50x75-a91bf249278a81aabab721ef782c4a74.png]]></small_image_url>
<image_url><![CDATA[https://s.gr-assets.com/assets/nophoto/book/111x148-bcc042a9c91a29c1d680899eff700a03.png]]></image_url>
<num_pages>256</num_pages>
<work>
<id>826913</id>
</work>
<isbn>0061053678</isbn>
<isbn13>9780061053672</isbn13>
<average_rating>4.01</average_rating>
<ratings_count>1537</ratings_count>
<publication_year>1998</publication_year>
<publication_month>8</publication_month>
<publication_day>26</publication_day>
<authors>
<author>
<id>6943</id>
<name>Stephen Jones</name>
<link><![CDATA[https://www.goodreads.com/author/show/6943.Stephen_Jones]]></link>
</author>
</authors>
</book>

          <book>
<id>543154</id>
<title><![CDATA[Clive Barker's Night Breed: Genesis]]></title>
<title_without_series><![CDATA[Clive Barker's Night Breed: Genesis]]></title_without_series>
<link><![CDATA[https://www.goodreads.com/book/show/543154.Clive_Barker_s_Night_Breed]]></link>
<small_image_url><![CDATA[https://images.gr-assets.com/books/1333461890s/543154.jpg]]></small_image_url>
<image_url><![CDATA[https://images.gr-assets.com/books/1333461890m/543154.jpg]]></image_url>
<num_pages>127</num_pages>
<work>
<id>530468</id>
</work>
<isbn>0871357674</isbn>
<isbn13>9780871357670</isbn13>
<average_rating>4.15</average_rating>
<ratings_count>3155</ratings_count>
<publication_year>1992</publication_year>
<publication_month>1</publication_month>
<publication_day>1</publication_day>
<authors>
<author>
<id>28712</id>
<name>Alan Grant</name>
<link><![CDATA[https://www.goodreads.com/author/show/28712.Alan_Grant]]></link>
</author>
</authors>
</book>

          <book>
<id>1109756</id>
<title>The Yattering and Jack</title>
<title_without_series>The Yattering and Jack</title_without_series>
<link><![CDATA[https://www.goodreads.com/book/show/1109756.The_Yattering_and_Jack]]></link>
<small_image_url><![CDATA[https://s.gr-assets.com/assets/nophoto/book/50x75-a91bf249278a81aabab721ef782c4a74.png]]></small_image_url>
<image_url><![CDATA[https://s.gr-assets.com/assets/nophoto/book/111x148-bcc042a9c91a29c1d680899eff700a03.png]]></image_url>
<num_pages>60</num_pages>
<work>
<id>1259255</id>
</work>
<isbn>1560601485</isbn>
<isbn13></isbn13>
<average_rating>4.22</average_rating>
<ratings_count>551</ratings_count>
<publication_year>1991</publication_year>
<publication_month></publication_month>
<publication_day></publication_day>
<authors>
<author>
<id>58947</id>
<name>Steve Niles</name>
<link><![CDATA[https://www.goodreads.com/author/show/58947.Steve_Niles]]></link>
</author>
</authors>
</book>

          <book>
<id>34872</id>
<title><![CDATA[Clive Barker's The Great And Secret Show, Volume 2]]></title>
<title_without_series><![CDATA[Clive Barker's The Great And Secret Show, Volume 2]]></title_without_series>
<link><![CDATA[https://www.goodreads.com/book/show/34872.Clive_Barker_s_The_Great_And_Secret_Show_Volume_2]]></link>
<small_image_url><![CDATA[https://images.gr-assets.com/books/1318073059s/34872.jpg]]></small_image_url>
<image_url><![CDATA[https://images.gr-assets.com/books/1318073059m/34872.jpg]]></image_url>
<num_pages></num_pages>
<work>
<id>34836</id>
</work>
<isbn>1600100910</isbn>
<isbn13>9781600100918</isbn13>
<average_rating>4.37</average_rating>
<ratings_count>2326</ratings_count>
<publication_year>2007</publication_year>
<publication_month>8</publication_month>
<publication_day>21</publication_day>
<authors>
<author>
<id>19710</id>
<name>Chris Ryall</name>
<link><![CDATA[https://www.goodreads.com/author/show/19710.Chris_Ryall]]></link>
</author>
</authors>
</book>

          <book>
<id>90577</id>
<title><![CDATA[City of the Dead (The Rising #2)]]></title>
<title_without_series>City of the Dead</title_without_series>
<link><![CDATA[https://www.goodreads.com/book/show/90577.City_of_the_Dead]]></link>
<small_image_url><![CDATA[https://s.gr-assets.com/assets/nophoto/book/50x75-a91bf249278a81aabab721ef782c4a74.png]]></small_image_url>
<image_url><![CDATA[https://s.gr-assets.com/assets/nophoto/book/111x148-bcc042a9c91a29c1d680899eff700a03.png]]></image_url>
<num_pages>357</num_pages>
<work>
<id>87417</id>
</work>
<isbn>0843954159</isbn>
<isbn13>9780843954159</isbn13>
<average_rating>3.86</average_rating>
<ratings_count>4876</ratings_count>
<publication_year>2005</publication_year>
<publication_month>6</publication_month>
<publication_day></publication_day>
<authors>
<author>
<id>52050</id>
<name>Brian Keene</name>
<link><![CDATA[https://www.goodreads.com/author/show/52050.Brian_Keene]]></link>
</author>
</authors>
</book>

          <book>
<id>264029</id>
<title>Clive Barker : Illustrator</title>
<title_without_series>Clive Barker : Illustrator</title_without_series>
<link><![CDATA[https://www.goodreads.com/book/show/264029.Clive_Barker_]]></link>
<small_image_url><![CDATA[https://images.gr-assets.com/books/1301177750s/264029.jpg]]></small_image_url>
<image_url><![CDATA[https://images.gr-assets.com/books/1301177750m/264029.jpg]]></image_url>
<num_pages>124</num_pages>
<work>
<id>255954</id>
</work>
<isbn>1560600284</isbn>
<isbn13>9781560600282</isbn13>
<average_rating>4.33</average_rating>
<ratings_count>198</ratings_count>
<publication_year>1991</publication_year>
<publication_month>1</publication_month>
<publication_day></publication_day>
<authors>
<author>
<id>154159</id>
<name>Fred Burke</name>
<link><![CDATA[https://www.goodreads.com/author/show/154159.Fred_Burke]]></link>
</author>
</authors>
</book>

          <book>
<id>216253</id>
<title><![CDATA[Infernal Angel (City Infernal, #2)]]></title>
<title_without_series>Infernal Angel</title_without_series>
<link><![CDATA[https://www.goodreads.com/book/show/216253.Infernal_Angel]]></link>
<small_image_url><![CDATA[https://s.gr-assets.com/assets/nophoto/book/50x75-a91bf249278a81aabab721ef782c4a74.png]]></small_image_url>
<image_url><![CDATA[https://s.gr-assets.com/assets/nophoto/book/111x148-bcc042a9c91a29c1d680899eff700a03.png]]></image_url>
<num_pages></num_pages>
<work>
<id>2395465</id>
</work>
<isbn>0843952032</isbn>
<isbn13>9780843952032</isbn13>
<average_rating>3.97</average_rating>
<ratings_count>1188</ratings_count>
<publication_year></publication_year>
<publication_month></publication_month>
<publication_day></publication_day>
<authors>
<author>
<id>58997</id>
<name>Edward Lee</name>
<link><![CDATA[https://www.goodreads.com/author/show/58997.Edward_Lee]]></link>
</author>
</authors>
</book>

          <book>
<id>6348584</id>
<title>Hellbound Hearts</title>
<title_without_series>Hellbound Hearts</title_without_series>
<link><![CDATA[https://www.goodreads.com/book/show/6348584-hellbound-hearts]]></link>
<small_image_url><![CDATA[https://s.gr-assets.com/assets/nophoto/book/50x75-a91bf249278a81aabab721ef782c4a74.png]]></small_image_url>
<image_url><![CDATA[https://s.gr-assets.com/assets/nophoto/book/111x148-bcc042a9c91a29c1d680899eff700a03.png]]></image_url>
<num_pages></num_pages>
<work>
<id>6535109</id>
</work>
<isbn>1439140901</isbn>
<isbn13>9781439140901</isbn13>
<average_rating>4.12</average_rating>
<ratings_count>1056</ratings_count>
<publication_year></publication_year>
<publication_month></publication_month>
<publication_day></publication_day>
<authors>
<author>
<id>112802</id>
<name>Paul Kane</name>
<link><![CDATA[https://www.goodreads.com/author/show/112802.Paul_Kane]]></link>
</author>
</authors>
</book>

          <book>
<id>81064</id>
<title>Murder of Angels (Silk, #2)</title>
<title_without_series>Murder of Angels</title_without_series>
<link><![CDATA[https://www.goodreads.com/book/show/81064.Murder_of_Angels]]></link>
<small_image_url><![CDATA[https://s.gr-assets.com/assets/nophoto/book/50x75-a91bf249278a81aabab721ef782c4a74.png]]></small_image_url>
<image_url><![CDATA[https://s.gr-assets.com/assets/nophoto/book/111x148-bcc042a9c91a29c1d680899eff700a03.png]]></image_url>
<num_pages></num_pages>
<work>
<id>78266</id>
</work>
<isbn>0451459962</isbn>
<isbn13>9780451459961</isbn13>
<average_rating>3.89</average_rating>
<ratings_count>622</ratings_count>
<publication_year></publication_year>
<publication_month></publication_month>
<publication_day></publication_day>
<authors>
<author>
<id>4798562</id>
<name>Caitlín R. Kiernan</name>
<link><![CDATA[https://www.goodreads.com/author/show/4798562.Caitl_n_R_Kiernan]]></link>
</author>
</authors>
</book>

          <book>
<id>826251</id>
<title><![CDATA[Clive Barker: The Dark Fantastic: The Authorized Biography]]></title>
<title_without_series><![CDATA[Clive Barker: The Dark Fantastic: The Authorized Biography]]></title_without_series>
<link><![CDATA[https://www.goodreads.com/book/show/826251.Clive_Barker]]></link>
<small_image_url><![CDATA[https://s.gr-assets.com/assets/nophoto/book/50x75-a91bf249278a81aabab721ef782c4a74.png]]></small_image_url>
<image_url><![CDATA[https://s.gr-assets.com/assets/nophoto/book/111x148-bcc042a9c91a29c1d680899eff700a03.png]]></image_url>
<num_pages>688</num_pages>
<work>
<id>1992940</id>
</work>
<isbn>0066213924</isbn>
<isbn13>9780066213927</isbn13>
<average_rating>4.02</average_rating>
<ratings_count>188</ratings_count>
<publication_year>2002</publication_year>
<publication_month>7</publication_month>
<publication_day>23</publication_day>
<authors>
<author>
<id>18351</id>
<name>Douglas E. Winter</name>
<link><![CDATA[https://www.goodreads.com/author/show/18351.Douglas_E_Winter]]></link>
</author>
</authors>
</book>

          <book>
<id>508666</id>
<title>The Museum of Horrors</title>
<title_without_series>The Museum of Horrors</title_without_series>
<link><![CDATA[https://www.goodreads.com/book/show/508666.The_Museum_of_Horrors]]></link>
<small_image_url><![CDATA[https://s.gr-assets.com/assets/nophoto/book/50x75-a91bf249278a81aabab721ef782c4a74.png]]></small_image_url>
<image_url><![CDATA[https://s.gr-assets.com/assets/nophoto/book/111x148-bcc042a9c91a29c1d680899eff700a03.png]]></image_url>
<num_pages>369</num_pages>
<work>
<id>776740</id>
</work>
<isbn>0843950773</isbn>
<isbn13>9780843950779</isbn13>
<average_rating>3.64</average_rating>
<ratings_count>206</ratings_count>
<publication_year></publication_year>
<publication_month></publication_month>
<publication_day></publication_day>
<authors>
<author>
<id>44806</id>
<name>Dennis Etchison</name>
<link><![CDATA[https://www.goodreads.com/author/show/44806.Dennis_Etchison]]></link>
</author>
</authors>
</book>

          <book>
<id>268473</id>
<title><![CDATA[Dark Delicacies (Dark Delicacies, #1)]]></title>
<title_without_series>Dark Delicacies</title_without_series>
<link><![CDATA[https://www.goodreads.com/book/show/268473.Dark_Delicacies]]></link>
<small_image_url><![CDATA[https://s.gr-assets.com/assets/nophoto/book/50x75-a91bf249278a81aabab721ef782c4a74.png]]></small_image_url>
<image_url><![CDATA[https://s.gr-assets.com/assets/nophoto/book/111x148-bcc042a9c91a29c1d680899eff700a03.png]]></image_url>
<num_pages>272</num_pages>
<work>
<id>132796</id>
</work>
<isbn>0786715863</isbn>
<isbn13>9780786715862</isbn13>
<average_rating>3.74</average_rating>
<ratings_count>814</ratings_count>
<publication_year>2005</publication_year>
<publication_month>9</publication_month>
<publication_day>21</publication_day>
<authors>
<author>
<id>584190</id>
<name>Del Howison</name>
<link><![CDATA[https://www.goodreads.com/author/show/584190.Del_Howison]]></link>
</author>
</authors>
</book>

          <book>
<id>4955479</id>
<title>The Reach</title>
<title_without_series>The Reach</title_without_series>
<link><![CDATA[https://www.goodreads.com/book/show/4955479-the-reach]]></link>
<small_image_url><![CDATA[https://s.gr-assets.com/assets/nophoto/book/50x75-a91bf249278a81aabab721ef782c4a74.png]]></small_image_url>
<image_url><![CDATA[https://s.gr-assets.com/assets/nophoto/book/111x148-bcc042a9c91a29c1d680899eff700a03.png]]></image_url>
<num_pages>276</num_pages>
<work>
<id>5021272</id>
</work>
<isbn>0843960213</isbn>
<isbn13>9780843960211</isbn13>
<average_rating>3.66</average_rating>
<ratings_count>847</ratings_count>
<publication_year>2008</publication_year>
<publication_month>12</publication_month>
<publication_day>1</publication_day>
<authors>
<author>
<id>380770</id>
<name>Nate Kenyon</name>
<link><![CDATA[https://www.goodreads.com/author/show/380770.Nate_Kenyon]]></link>
</author>
</authors>
</book>

          <book>
<id>103029</id>
<title>Hellraiser: Collected Best II</title>
<title_without_series>Hellraiser: Collected Best II</title_without_series>
<link><![CDATA[https://www.goodreads.com/book/show/103029.Hellraiser]]></link>
<small_image_url><![CDATA[https://s.gr-assets.com/assets/nophoto/book/50x75-a91bf249278a81aabab721ef782c4a74.png]]></small_image_url>
<image_url><![CDATA[https://s.gr-assets.com/assets/nophoto/book/111x148-bcc042a9c91a29c1d680899eff700a03.png]]></image_url>
<num_pages>196</num_pages>
<work>
<id>99332</id>
</work>
<isbn>0971024979</isbn>
<isbn13>9780971024977</isbn13>
<average_rating>4.35</average_rating>
<ratings_count>1777</ratings_count>
<publication_year>2003</publication_year>
<publication_month>7</publication_month>
<publication_day>1</publication_day>
<authors>
<author>
<id>15087</id>
<name>John Bolton</name>
<link><![CDATA[https://www.goodreads.com/author/show/15087.John_Bolton]]></link>
</author>
</authors>
</book>

          <book>
<id>8878844</id>
<title><![CDATA[Johnny Halloween: Tales of the Dark Season]]></title>
<title_without_series><![CDATA[Johnny Halloween: Tales of the Dark Season]]></title_without_series>
<link><![CDATA[https://www.goodreads.com/book/show/8878844-johnny-halloween]]></link>
<small_image_url><![CDATA[https://s.gr-assets.com/assets/nophoto/book/50x75-a91bf249278a81aabab721ef782c4a74.png]]></small_image_url>
<image_url><![CDATA[https://s.gr-assets.com/assets/nophoto/book/111x148-bcc042a9c91a29c1d680899eff700a03.png]]></image_url>
<num_pages>125</num_pages>
<work>
<id>13754614</id>
</work>
<isbn>1587672235</isbn>
<isbn13>9781587672231</isbn13>
<average_rating>3.63</average_rating>
<ratings_count>201</ratings_count>
<publication_year>2010</publication_year>
<publication_month>10</publication_month>
<publication_day>15</publication_day>
<authors>
<author>
<id>56162</id>
<name>Norman Partridge</name>
<link><![CDATA[https://www.goodreads.com/author/show/56162.Norman_Partridge]]></link>
</author>
</authors>
</book>

          <book>
<id>2808929</id>
<title><![CDATA[Poe's Children: The New Horror]]></title>
<title_without_series><![CDATA[Poe's Children: The New Horror]]></title_without_series>
<link><![CDATA[https://www.goodreads.com/book/show/2808929-poe-s-children]]></link>
<small_image_url><![CDATA[https://s.gr-assets.com/assets/nophoto/book/50x75-a91bf249278a81aabab721ef782c4a74.png]]></small_image_url>
<image_url><![CDATA[https://s.gr-assets.com/assets/nophoto/book/111x148-bcc042a9c91a29c1d680899eff700a03.png]]></image_url>
<num_pages></num_pages>
<work>
<id>2834828</id>
</work>
<isbn>0385522835</isbn>
<isbn13>9780385522830</isbn13>
<average_rating>3.44</average_rating>
<ratings_count>1574</ratings_count>
<publication_year></publication_year>
<publication_month></publication_month>
<publication_day></publication_day>
<authors>
<author>
<id>6941</id>
<name>Peter Straub</name>
<link><![CDATA[https://www.goodreads.com/author/show/6941.Peter_Straub]]></link>
</author>
</authors>
</book>

          <book>
<id>399477</id>
<title><![CDATA[Clive Barker's Hellraiser: Collected Best Volume 1]]></title>
<title_without_series><![CDATA[Clive Barker's Hellraiser: Collected Best Volume 1]]></title_without_series>
<link><![CDATA[https://www.goodreads.com/book/show/399477.Clive_Barker_s_Hellraiser]]></link>
<small_image_url><![CDATA[https://s.gr-assets.com/assets/nophoto/book/50x75-a91bf249278a81aabab721ef782c4a74.png]]></small_image_url>
<image_url><![CDATA[https://s.gr-assets.com/assets/nophoto/book/111x148-bcc042a9c91a29c1d680899eff700a03.png]]></image_url>
<num_pages></num_pages>
<work>
<id>6076115</id>
</work>
<isbn>0971024928</isbn>
<isbn13>9780971024922</isbn13>
<average_rating>4.20</average_rating>
<ratings_count>7866</ratings_count>
<publication_year>2005</publication_year>
<publication_month>4</publication_month>
<publication_day>8</publication_day>
<authors>
<author>
<id>13265</id>
<name>Alex Ross</name>
<link><![CDATA[https://www.goodreads.com/author/show/13265.Alex_Ross]]></link>
</author>
</authors>
</book>

          <book>
<id>179734</id>
<title>Off Season (Dead River, #1)</title>
<title_without_series>Off Season</title_without_series>
<link><![CDATA[https://www.goodreads.com/book/show/179734.Off_Season]]></link>
<small_image_url><![CDATA[https://images.gr-assets.com/books/1463733942s/179734.jpg]]></small_image_url>
<image_url><![CDATA[https://images.gr-assets.com/books/1463733942m/179734.jpg]]></image_url>
<num_pages>308</num_pages>
<work>
<id>584847</id>
</work>
<isbn>0843956968</isbn>
<isbn13>9780843956962</isbn13>
<average_rating>3.82</average_rating>
<ratings_count>7309</ratings_count>
<publication_year>2006</publication_year>
<publication_month>6</publication_month>
<publication_day></publication_day>
<authors>
<author>
<id>90070</id>
<name>Jack Ketchum</name>
<link><![CDATA[https://www.goodreads.com/author/show/90070.Jack_Ketchum]]></link>
</author>
</authors>
</book>

  </similar_books>
</book>

</GoodreadsResponse>