<?xml version="1.0" encoding="UTF-8"?>
<GoodreadsResponse>
  <Request>
    <authentication>true</authentication>
      <key><![CDATA[all_men_must_serve]]></key>
    <method><![CDATA[book_show]]></method>
  </Request>
  <book>
  <id>10128428</id>
  <title>Wonderstruck</title>
  <isbn><![CDATA[0545027896]]></isbn>
  <isbn13><![CDATA[9780545027892]]></isbn13>
  <asin><![CDATA[]]></asin>
  <kindle_asin><![CDATA[B014947II4]]></kindle_asin>
  <marketplace_id><![CDATA[A1F83G8C2ARO7P]]></marketplace_id>
  <country_code><![CDATA[GB]]></country_code>
  <image_url>https://images.gr-assets.com/books/1327885739m/10128428.jpg</image_url>
  <small_image_url>https://images.gr-assets.com/books/1327885739s/10128428.jpg</small_image_url>
  <publication_year>2011</publication_year>
  <publication_month>9</publication_month>
  <publication_day>13</publication_day>
  <publisher>Scholastic Press</publisher>
  <language_code>eng</language_code>
  <is_ebook>false</is_ebook>
  <description><![CDATA[Ben and Rose secretly wish for better lives. Ben longs for his unknown father. Rose scrapbooks a famous silent actress. When Ben finds clues and Rose reads enticing news, the children independently run to New York for what they are missing. Ben's story in words, Rose's in pictures, come together in deafness.]]></description>
  <work>
  <id type="integer">14826219</id>
  <books_count type="integer">26</books_count>
  <best_book_id type="integer">10128428</best_book_id>
  <reviews_count type="integer">92079</reviews_count>
  <ratings_sum type="integer">181956</ratings_sum>
  <ratings_count type="integer">43759</ratings_count>
  <text_reviews_count type="integer">5622</text_reviews_count>
  <original_publication_year type="integer">2011</original_publication_year>
  <original_publication_month type="integer">1</original_publication_month>
  <original_publication_day type="integer">1</original_publication_day>
  <original_title>Wonderstruck</original_title>
  <original_language_id type="integer" nil="true"/>
  <media_type>book</media_type>
  <rating_dist>5:19989|4:14511|3:6526|2:1656|1:1077|total:43759</rating_dist>
  <desc_user_id type="integer">4863716</desc_user_id>
  <default_chaptering_book_id type="integer" nil="true"/>
  <default_description_language_code nil="true"/>
</work>
  <average_rating>4.16</average_rating>
  <num_pages><![CDATA[640]]></num_pages>
  <format><![CDATA[Hardcover]]></format>
  <edition_information><![CDATA[]]></edition_information>
  <ratings_count><![CDATA[42550]]></ratings_count>
  <text_reviews_count><![CDATA[5391]]></text_reviews_count>
  <url><![CDATA[https://www.goodreads.com/book/show/10128428-wonderstruck]]></url>
  <link><![CDATA[https://www.goodreads.com/book/show/10128428-wonderstruck]]></link>
  <authors>
<author>
<id>38120</id>
<name>Brian Selznick</name>
<role></role>
<image_url nophoto='false'>
<![CDATA[https://images.gr-assets.com/authors/1201028714p5/38120.jpg]]>
</image_url>
<small_image_url nophoto='false'>
<![CDATA[https://images.gr-assets.com/authors/1201028714p2/38120.jpg]]>
</small_image_url>
<link><![CDATA[https://www.goodreads.com/author/show/38120.Brian_Selznick]]></link>
<average_rating>4.05</average_rating>
<ratings_count>352854</ratings_count>
<text_reviews_count>30193</text_reviews_count>
</author>
</authors>

    <reviews_widget>
      <![CDATA[
        <style>
  #goodreads-widget {
    font-family: georgia, serif;
    padding: 18px 0;
    width:565px;
  }
  #goodreads-widget h1 {
    font-weight:normal;
    font-size: 16px;
    border-bottom: 1px solid #BBB596;
    margin-bottom: 0;
  }
  #goodreads-widget a {
    text-decoration: none;
    color:#660;
  }
  iframe{
    background-color: #fff;
  }
  #goodreads-widget a:hover { text-decoration: underline; }
  #goodreads-widget a:active {
    color:#660;
  }
  #gr_footer {
    width: 100%;
    border-top: 1px solid #BBB596;
    text-align: right;
  }
  #goodreads-widget .gr_branding{
    color: #382110;
    font-size: 11px;
    text-decoration: none;
    font-family: "Helvetica Neue", Helvetica, Arial, sans-serif;
  }
</style>
<div id="goodreads-widget">
  <div id="gr_header"><h1><a rel="nofollow" href="https://www.goodreads.com/book/show/10128428-wonderstruck">Wonderstruck Reviews</a></h1></div>
  <iframe id="the_iframe" src="https://www.goodreads.com/api/reviews_widget_iframe?did=DEVELOPER_ID&amp;format=html&amp;isbn=0545027896&amp;links=660&amp;min_rating=&amp;review_back=fff&amp;stars=000&amp;text=000" width="565" height="400" frameborder="0"></iframe>
  <div id="gr_footer">
    <a class="gr_branding" target="_blank" rel="nofollow" href="https://www.goodreads.com/book/show/10128428-wonderstruck?utm_medium=api&amp;utm_source=reviews_widget">Reviews from Goodreads.com</a>
  </div>
</div>

      ]]>
    </reviews_widget>
  <popular_shelves>
      <shelf name="to-read" count="541"/>
      <shelf name="historical-fiction" count="514"/>
      <shelf name="fiction" count="465"/>
      <shelf name="young-adult" count="446"/>
      <shelf name="childrens" count="358"/>
      <shelf name="graphic-novels" count="355"/>
      <shelf name="middle-grade" count="331"/>
      <shelf name="graphic-novel" count="307"/>
      <shelf name="children" count="219"/>
      <shelf name="ya" count="194"/>
      <shelf name="children-s" count="191"/>
      <shelf name="mystery" count="179"/>
      <shelf name="realistic-fiction" count="176"/>
      <shelf name="kids" count="152"/>
      <shelf name="adventure" count="146"/>
      <shelf name="historical" count="142"/>
      <shelf name="juvenile" count="135"/>
      <shelf name="children-s-books" count="125"/>
      <shelf name="books-i-own" count="121"/>
      <shelf name="juvenile-fiction" count="109"/>
      <shelf name="library" count="86"/>
      <shelf name="picture-books" count="85"/>
      <shelf name="fantasy" count="78"/>
      <shelf name="owned" count="73"/>
      <shelf name="kids-books" count="71"/>
      <shelf name="to-buy" count="67"/>
      <shelf name="family" count="64"/>
      <shelf name="museums" count="62"/>
      <shelf name="childrens-books" count="61"/>
      <shelf name="children-s-literature" count="60"/>
      <shelf name="illustrated" count="57"/>
      <shelf name="middle-school" count="55"/>
      <shelf name="children-s-lit" count="54"/>
      <shelf name="friendship" count="54"/>
      <shelf name="read-in-2012" count="51"/>
      <shelf name="new-york" count="51"/>
      <shelf name="wish-list" count="50"/>
      <shelf name="deaf-culture" count="49"/>
      <shelf name="picture-book" count="49"/>
      <shelf name="graphic" count="48"/>
      <shelf name="read-in-2011" count="48"/>
      <shelf name="disabilities" count="45"/>
      <shelf name="middle-grades" count="45"/>
      <shelf name="art" count="45"/>
      <shelf name="brian-selznick" count="43"/>
      <shelf name="favourites" count="42"/>
      <shelf name="book-club" count="39"/>
      <shelf name="children-s-fiction" count="39"/>
      <shelf name="childrens-lit" count="38"/>
      <shelf name="arc" count="38"/>
      <shelf name="realistic" count="35"/>
      <shelf name="j-fiction" count="35"/>
      <shelf name="deaf" count="33"/>
      <shelf name="dual-plots" count="32"/>
      <shelf name="disability" count="32"/>
      <shelf name="kid-lit" count="32"/>
      <shelf name="read-in-2014" count="30"/>
      <shelf name="youth" count="30"/>
      <shelf name="novel" count="29"/>
      <shelf name="chapter-books" count="29"/>
      <shelf name="childrens-fiction" count="29"/>
      <shelf name="junior-fiction" count="28"/>
      <shelf name="runaways" count="28"/>
      <shelf name="grade-8-semester-2" count="27"/>
      <shelf name="childrens-literature" count="27"/>
      <shelf name="comics" count="27"/>
      <shelf name="shelfari-favorites" count="26"/>
      <shelf name="read-in-2015" count="26"/>
      <shelf name="contemporary" count="26"/>
      <shelf name="deafness" count="26"/>
      <shelf name="death" count="26"/>
      <shelf name="novels" count="26"/>
      <shelf name="read-2012" count="25"/>
      <shelf name="school" count="25"/>
      <shelf name="tween" count="25"/>
      <shelf name="read-in-2013" count="24"/>
      <shelf name="elementary" count="24"/>
      <shelf name="ya-lit" count="24"/>
      <shelf name="new-york-city" count="24"/>
      <shelf name="graphic-novels-comics" count="23"/>
      <shelf name="books" count="23"/>
      <shelf name="orphans" count="23"/>
      <shelf name="middle-grade-fiction" count="23"/>
      <shelf name="young-adult-fiction" count="22"/>
      <shelf name="coming-of-age" count="22"/>
      <shelf name="currently-reading" count="21"/>
      <shelf name="2012-reads" count="21"/>
      <shelf name="library-books" count="20"/>
      <shelf name="stand-alone" count="19"/>
      <shelf name="owned-books" count="19"/>
      <shelf name="ya-fiction" count="19"/>
      <shelf name="borrowed" count="19"/>
      <shelf name="mg" count="19"/>
      <shelf name="read-in-8th-grade" count="18"/>
      <shelf name="comics-graphic-novels" count="18"/>
      <shelf name="favorite-books" count="18"/>
      <shelf name="history" count="18"/>
      <shelf name="juv" count="18"/>
      <shelf name="family-relationships" count="17"/>
      <shelf name="middle-reader" count="17"/>
  </popular_shelves>
  <book_links>
    <book_link>
  <id>8</id>
  <name>Libraries</name>
  <link>https://www.goodreads.com/book_link/follow/8</link>
</book_link>

  </book_links>
  <buy_links>
    <buy_link>
<id>1</id>
<name>Amazon</name>
<link>https://www.goodreads.com/book_link/follow/1</link>
</buy_link>
<buy_link>
<id>10</id>
<name>Audible</name>
<link>https://www.goodreads.com/book_link/follow/10</link>
</buy_link>
<buy_link>
<id>3</id>
<name>Barnes &amp; Noble</name>
<link>https://www.goodreads.com/book_link/follow/3</link>
</buy_link>
<buy_link>
<id>1027</id>
<name>Kobo</name>
<link>https://www.goodreads.com/book_link/follow/1027</link>
</buy_link>
<buy_link>
<id>2102</id>
<name>Apple iBooks</name>
<link>https://www.goodreads.com/book_link/follow/2102</link>
</buy_link>
<buy_link>
<id>8036</id>
<name>Google Play</name>
<link>https://www.goodreads.com/book_link/follow/8036</link>
</buy_link>
<buy_link>
<id>4</id>
<name>Abebooks</name>
<link>https://www.goodreads.com/book_link/follow/4</link>
</buy_link>
<buy_link>
<id>882</id>
<name>Book Depository</name>
<link>https://www.goodreads.com/book_link/follow/882</link>
</buy_link>
<buy_link>
<id>9</id>
<name>Indigo</name>
<link>https://www.goodreads.com/book_link/follow/9</link>
</buy_link>
<buy_link>
<id>2</id>
<name>Half.com</name>
<link>https://www.goodreads.com/book_link/follow/2</link>
</buy_link>
<buy_link>
<id>5</id>
<name>Alibris</name>
<link>https://www.goodreads.com/book_link/follow/5</link>
</buy_link>
<buy_link>
<id>107</id>
<name>Better World Books</name>
<link>https://www.goodreads.com/book_link/follow/107</link>
</buy_link>
<buy_link>
<id>7</id>
<name>IndieBound</name>
<link>https://www.goodreads.com/book_link/follow/7</link>
</buy_link>

  </buy_links>
  <series_works>
    
  </series_works>
  <similar_books>
          <book>
<id>10844367</id>
<title>The Unforgotten Coat</title>
<title_without_series>The Unforgotten Coat</title_without_series>
<link><![CDATA[https://www.goodreads.com/book/show/10844367-the-unforgotten-coat]]></link>
<small_image_url><![CDATA[https://images.gr-assets.com/books/1329442269s/10844367.jpg]]></small_image_url>
<image_url><![CDATA[https://images.gr-assets.com/books/1329442269m/10844367.jpg]]></image_url>
<num_pages>112</num_pages>
<work>
<id>15758809</id>
</work>
<isbn>1406333859</isbn>
<isbn13>9781406333855</isbn13>
<average_rating>3.83</average_rating>
<ratings_count>1155</ratings_count>
<publication_year>2011</publication_year>
<publication_month>9</publication_month>
<publication_day>1</publication_day>
<authors>
<author>
<id>128040</id>
<name>Frank Cottrell Boyce</name>
<link><![CDATA[https://www.goodreads.com/author/show/128040.Frank_Cottrell_Boyce]]></link>
</author>
</authors>
</book>

          <book>
<id>8566075</id>
<title><![CDATA[The Trouble with May Amelia (May Amelia, #2)]]></title>
<title_without_series>The Trouble with May Amelia</title_without_series>
<link><![CDATA[https://www.goodreads.com/book/show/8566075-the-trouble-with-may-amelia]]></link>
<small_image_url><![CDATA[https://images.gr-assets.com/books/1279905051s/8566075.jpg]]></small_image_url>
<image_url><![CDATA[https://images.gr-assets.com/books/1279905051m/8566075.jpg]]></image_url>
<num_pages>199</num_pages>
<work>
<id>13434630</id>
</work>
<isbn>1416913734</isbn>
<isbn13>9781416913733</isbn13>
<average_rating>3.94</average_rating>
<ratings_count>2264</ratings_count>
<publication_year>2011</publication_year>
<publication_month>4</publication_month>
<publication_day>5</publication_day>
<authors>
<author>
<id>137561</id>
<name>Jennifer L. Holm</name>
<link><![CDATA[https://www.goodreads.com/author/show/137561.Jennifer_L_Holm]]></link>
</author>
</authors>
</book>

          <book>
<id>16240734</id>
<title><![CDATA[P.S. Be Eleven (Gaither Sisters, #2)]]></title>
<title_without_series>P.S. Be Eleven</title_without_series>
<link><![CDATA[https://www.goodreads.com/book/show/16240734-p-s-be-eleven]]></link>
<small_image_url><![CDATA[https://s.gr-assets.com/assets/nophoto/book/50x75-a91bf249278a81aabab721ef782c4a74.png]]></small_image_url>
<image_url><![CDATA[https://s.gr-assets.com/assets/nophoto/book/111x148-bcc042a9c91a29c1d680899eff700a03.png]]></image_url>
<num_pages>272</num_pages>
<work>
<id>21856221</id>
</work>
<isbn>0061938629</isbn>
<isbn13>9780061938627</isbn13>
<average_rating>3.99</average_rating>
<ratings_count>4901</ratings_count>
<publication_year>2013</publication_year>
<publication_month>5</publication_month>
<publication_day>21</publication_day>
<authors>
<author>
<id>123330</id>
<name>Rita Williams-Garcia</name>
<link><![CDATA[https://www.goodreads.com/author/show/123330.Rita_Williams_Garcia]]></link>
</author>
</authors>
</book>

          <book>
<id>10545071</id>
<title><![CDATA[The Cheshire Cheese Cat: A Dickens of a Tale]]></title>
<title_without_series><![CDATA[The Cheshire Cheese Cat: A Dickens of a Tale]]></title_without_series>
<link><![CDATA[https://www.goodreads.com/book/show/10545071-the-cheshire-cheese-cat]]></link>
<small_image_url><![CDATA[https://s.gr-assets.com/assets/nophoto/book/50x75-a91bf249278a81aabab721ef782c4a74.png]]></small_image_url>
<image_url><![CDATA[https://s.gr-assets.com/assets/nophoto/book/111x148-bcc042a9c91a29c1d680899eff700a03.png]]></image_url>
<num_pages>228</num_pages>
<work>
<id>15451519</id>
</work>
<isbn>1561455954</isbn>
<isbn13>9781561455959</isbn13>
<average_rating>3.87</average_rating>
<ratings_count>2809</ratings_count>
<publication_year>2011</publication_year>
<publication_month>10</publication_month>
<publication_day></publication_day>
<authors>
<author>
<id>41557</id>
<name>Carmen Agra Deedy</name>
<link><![CDATA[https://www.goodreads.com/author/show/41557.Carmen_Agra_Deedy]]></link>
</author>
</authors>
</book>

          <book>
<id>11595220</id>
<title><![CDATA[Cold Cereal (The Cold Cereal Saga, #1)]]></title>
<title_without_series>Cold Cereal</title_without_series>
<link><![CDATA[https://www.goodreads.com/book/show/11595220-cold-cereal]]></link>
<small_image_url><![CDATA[https://images.gr-assets.com/books/1321973206s/11595220.jpg]]></small_image_url>
<image_url><![CDATA[https://images.gr-assets.com/books/1321973206m/11595220.jpg]]></image_url>
<num_pages></num_pages>
<work>
<id>16537151</id>
</work>
<isbn>0062060023</isbn>
<isbn13>9780062060020</isbn13>
<average_rating>3.68</average_rating>
<ratings_count>1778</ratings_count>
<publication_year></publication_year>
<publication_month></publication_month>
<publication_day></publication_day>
<authors>
<author>
<id>11137</id>
<name>Adam Rex</name>
<link><![CDATA[https://www.goodreads.com/author/show/11137.Adam_Rex]]></link>
</author>
</authors>
</book>

          <book>
<id>9464736</id>
<title><![CDATA[Marty McGuire  (Marty McGuire #1)]]></title>
<title_without_series>Marty McGuire</title_without_series>
<link><![CDATA[https://www.goodreads.com/book/show/9464736-marty-mcguire]]></link>
<small_image_url><![CDATA[https://images.gr-assets.com/books/1298647941s/9464736.jpg]]></small_image_url>
<image_url><![CDATA[https://images.gr-assets.com/books/1298647941m/9464736.jpg]]></image_url>
<num_pages>160</num_pages>
<work>
<id>14349723</id>
</work>
<isbn>054514244X</isbn>
<isbn13>9780545142441</isbn13>
<average_rating>4.02</average_rating>
<ratings_count>2172</ratings_count>
<publication_year>2011</publication_year>
<publication_month>5</publication_month>
<publication_day>1</publication_day>
<authors>
<author>
<id>1010796</id>
<name>Kate Messner</name>
<link><![CDATA[https://www.goodreads.com/author/show/1010796.Kate_Messner]]></link>
</author>
</authors>
</book>

          <book>
<id>11892327</id>
<title>Postcards from Camp</title>
<title_without_series>Postcards from Camp</title_without_series>
<link><![CDATA[https://www.goodreads.com/book/show/11892327-postcards-from-camp]]></link>
<small_image_url><![CDATA[https://s.gr-assets.com/assets/nophoto/book/50x75-a91bf249278a81aabab721ef782c4a74.png]]></small_image_url>
<image_url><![CDATA[https://s.gr-assets.com/assets/nophoto/book/111x148-bcc042a9c91a29c1d680899eff700a03.png]]></image_url>
<num_pages>40</num_pages>
<work>
<id>16851403</id>
</work>
<isbn>0399239731</isbn>
<isbn13>9780399239731</isbn13>
<average_rating>3.89</average_rating>
<ratings_count>287</ratings_count>
<publication_year>2011</publication_year>
<publication_month>6</publication_month>
<publication_day>30</publication_day>
<authors>
<author>
<id>90091</id>
<name>Simms Taback</name>
<link><![CDATA[https://www.goodreads.com/author/show/90091.Simms_Taback]]></link>
</author>
</authors>
</book>

          <book>
<id>8719913</id>
<title><![CDATA[Amelia Lost: The Life and Disappearance of Amelia Earhart]]></title>
<title_without_series><![CDATA[Amelia Lost: The Life and Disappearance of Amelia Earhart]]></title_without_series>
<link><![CDATA[https://www.goodreads.com/book/show/8719913-amelia-lost]]></link>
<small_image_url><![CDATA[https://images.gr-assets.com/books/1327898869s/8719913.jpg]]></small_image_url>
<image_url><![CDATA[https://images.gr-assets.com/books/1327898869m/8719913.jpg]]></image_url>
<num_pages>118</num_pages>
<work>
<id>13592828</id>
</work>
<isbn>0375841989</isbn>
<isbn13>9780375841989</isbn13>
<average_rating>3.91</average_rating>
<ratings_count>4541</ratings_count>
<publication_year>2011</publication_year>
<publication_month>2</publication_month>
<publication_day>8</publication_day>
<authors>
<author>
<id>46273</id>
<name>Candace Fleming</name>
<link><![CDATA[https://www.goodreads.com/author/show/46273.Candace_Fleming]]></link>
</author>
</authors>
</book>

          <book>
<id>10637959</id>
<title>Breadcrumbs</title>
<title_without_series>Breadcrumbs</title_without_series>
<link><![CDATA[https://www.goodreads.com/book/show/10637959-breadcrumbs]]></link>
<small_image_url><![CDATA[https://images.gr-assets.com/books/1300592738s/10637959.jpg]]></small_image_url>
<image_url><![CDATA[https://images.gr-assets.com/books/1300592738m/10637959.jpg]]></image_url>
<num_pages>312</num_pages>
<work>
<id>15546655</id>
</work>
<isbn>0062015052</isbn>
<isbn13>9780062015051</isbn13>
<average_rating>3.75</average_rating>
<ratings_count>9973</ratings_count>
<publication_year>2011</publication_year>
<publication_month>9</publication_month>
<publication_day>27</publication_day>
<authors>
<author>
<id>122302</id>
<name>Anne Ursu</name>
<link><![CDATA[https://www.goodreads.com/author/show/122302.Anne_Ursu]]></link>
</author>
</authors>
</book>

          <book>
<id>8730566</id>
<title>Sparrow Road</title>
<title_without_series>Sparrow Road</title_without_series>
<link><![CDATA[https://www.goodreads.com/book/show/8730566-sparrow-road]]></link>
<small_image_url><![CDATA[https://s.gr-assets.com/assets/nophoto/book/50x75-a91bf249278a81aabab721ef782c4a74.png]]></small_image_url>
<image_url><![CDATA[https://s.gr-assets.com/assets/nophoto/book/111x148-bcc042a9c91a29c1d680899eff700a03.png]]></image_url>
<num_pages>256</num_pages>
<work>
<id>13603591</id>
</work>
<isbn>0399254587</isbn>
<isbn13>9780399254581</isbn13>
<average_rating>3.90</average_rating>
<ratings_count>2075</ratings_count>
<publication_year>2011</publication_year>
<publication_month>5</publication_month>
<publication_day>12</publication_day>
<authors>
<author>
<id>135811</id>
<name>Sheila O&apos;Connor</name>
<link><![CDATA[https://www.goodreads.com/author/show/135811.Sheila_O_Connor]]></link>
</author>
</authors>
</book>

          <book>
<id>10284324</id>
<title>Pie</title>
<title_without_series>Pie</title_without_series>
<link><![CDATA[https://www.goodreads.com/book/show/10284324-pie]]></link>
<small_image_url><![CDATA[https://images.gr-assets.com/books/1313891740s/10284324.jpg]]></small_image_url>
<image_url><![CDATA[https://images.gr-assets.com/books/1313891740m/10284324.jpg]]></image_url>
<num_pages>183</num_pages>
<work>
<id>15185732</id>
</work>
<isbn>0545270111</isbn>
<isbn13>9780545270113</isbn13>
<average_rating>4.02</average_rating>
<ratings_count>8423</ratings_count>
<publication_year>2011</publication_year>
<publication_month>10</publication_month>
<publication_day>1</publication_day>
<authors>
<author>
<id>64028</id>
<name>Sarah Weeks</name>
<link><![CDATA[https://www.goodreads.com/author/show/64028.Sarah_Weeks]]></link>
</author>
</authors>
</book>

          <book>
<id>10047243</id>
<title>Hound Dog True</title>
<title_without_series>Hound Dog True</title_without_series>
<link><![CDATA[https://www.goodreads.com/book/show/10047243-hound-dog-true]]></link>
<small_image_url><![CDATA[https://images.gr-assets.com/books/1328836828s/10047243.jpg]]></small_image_url>
<image_url><![CDATA[https://images.gr-assets.com/books/1328836828m/10047243.jpg]]></image_url>
<num_pages></num_pages>
<work>
<id>14943153</id>
</work>
<isbn>0547558694</isbn>
<isbn13>9780547558691</isbn13>
<average_rating>3.80</average_rating>
<ratings_count>3593</ratings_count>
<publication_year>2011</publication_year>
<publication_month>9</publication_month>
<publication_day>20</publication_day>
<authors>
<author>
<id>715443</id>
<name>Linda Urban</name>
<link><![CDATA[https://www.goodreads.com/author/show/715443.Linda_Urban]]></link>
</author>
</authors>
</book>

          <book>
<id>8887365</id>
<title>The Friendship Doll</title>
<title_without_series>The Friendship Doll</title_without_series>
<link><![CDATA[https://www.goodreads.com/book/show/8887365-the-friendship-doll]]></link>
<small_image_url><![CDATA[https://images.gr-assets.com/books/1320553715s/8887365.jpg]]></small_image_url>
<image_url><![CDATA[https://images.gr-assets.com/books/1320553715m/8887365.jpg]]></image_url>
<num_pages>208</num_pages>
<work>
<id>13763396</id>
</work>
<isbn>0385737459</isbn>
<isbn13>9780385737456</isbn13>
<average_rating>3.88</average_rating>
<ratings_count>1248</ratings_count>
<publication_year>2011</publication_year>
<publication_month>5</publication_month>
<publication_day>10</publication_day>
<authors>
<author>
<id>121579</id>
<name>Kirby Larson</name>
<link><![CDATA[https://www.goodreads.com/author/show/121579.Kirby_Larson]]></link>
</author>
</authors>
</book>

          <book>
<id>6493836</id>
<title>The Storm in the Barn</title>
<title_without_series>The Storm in the Barn</title_without_series>
<link><![CDATA[https://www.goodreads.com/book/show/6493836-the-storm-in-the-barn]]></link>
<small_image_url><![CDATA[https://images.gr-assets.com/books/1320418672s/6493836.jpg]]></small_image_url>
<image_url><![CDATA[https://images.gr-assets.com/books/1320418672m/6493836.jpg]]></image_url>
<num_pages>208</num_pages>
<work>
<id>6685277</id>
</work>
<isbn>0763636185</isbn>
<isbn13>9780763636180</isbn13>
<average_rating>3.71</average_rating>
<ratings_count>3062</ratings_count>
<publication_year>2009</publication_year>
<publication_month>9</publication_month>
<publication_day>8</publication_day>
<authors>
<author>
<id>387985</id>
<name>Matt Phelan</name>
<link><![CDATA[https://www.goodreads.com/author/show/387985.Matt_Phelan]]></link>
</author>
</authors>
</book>

          <book>
<id>11043410</id>
<title><![CDATA[Heart and Soul: The Story of America and African Americans]]></title>
<title_without_series><![CDATA[Heart and Soul: The Story of America and African Americans]]></title_without_series>
<link><![CDATA[https://www.goodreads.com/book/show/11043410-heart-and-soul]]></link>
<small_image_url><![CDATA[https://s.gr-assets.com/assets/nophoto/book/50x75-a91bf249278a81aabab721ef782c4a74.png]]></small_image_url>
<image_url><![CDATA[https://s.gr-assets.com/assets/nophoto/book/111x148-bcc042a9c91a29c1d680899eff700a03.png]]></image_url>
<num_pages>108</num_pages>
<work>
<id>15964016</id>
</work>
<isbn>0061730742</isbn>
<isbn13>9780061730740</isbn13>
<average_rating>4.03</average_rating>
<ratings_count>4016</ratings_count>
<publication_year>2011</publication_year>
<publication_month>9</publication_month>
<publication_day>27</publication_day>
<authors>
<author>
<id>21345</id>
<name>Kadir Nelson</name>
<link><![CDATA[https://www.goodreads.com/author/show/21345.Kadir_Nelson]]></link>
</author>
</authors>
</book>

          <book>
<id>10693803</id>
<title>Breaking Stalin&apos;s Nose</title>
<title_without_series>Breaking Stalin&apos;s Nose</title_without_series>
<link><![CDATA[https://www.goodreads.com/book/show/10693803-breaking-stalin-s-nose]]></link>
<small_image_url><![CDATA[https://images.gr-assets.com/books/1361640194s/10693803.jpg]]></small_image_url>
<image_url><![CDATA[https://images.gr-assets.com/books/1361640194m/10693803.jpg]]></image_url>
<num_pages>160</num_pages>
<work>
<id>15603820</id>
</work>
<isbn>0805092161</isbn>
<isbn13>9780805092165</isbn13>
<average_rating>3.80</average_rating>
<ratings_count>6992</ratings_count>
<publication_year>2011</publication_year>
<publication_month>9</publication_month>
<publication_day>27</publication_day>
<authors>
<author>
<id>1119381</id>
<name>Eugene Yelchin</name>
<link><![CDATA[https://www.goodreads.com/author/show/1119381.Eugene_Yelchin]]></link>
</author>
</authors>
</book>

          <book>
<id>9211991</id>
<title>Queen of the Falls</title>
<title_without_series>Queen of the Falls</title_without_series>
<link><![CDATA[https://www.goodreads.com/book/show/9211991-queen-of-the-falls]]></link>
<small_image_url><![CDATA[https://s.gr-assets.com/assets/nophoto/book/50x75-a91bf249278a81aabab721ef782c4a74.png]]></small_image_url>
<image_url><![CDATA[https://s.gr-assets.com/assets/nophoto/book/111x148-bcc042a9c91a29c1d680899eff700a03.png]]></image_url>
<num_pages>38</num_pages>
<work>
<id>14091733</id>
</work>
<isbn>0547315813</isbn>
<isbn13>9780547315812</isbn13>
<average_rating>3.86</average_rating>
<ratings_count>3196</ratings_count>
<publication_year>2011</publication_year>
<publication_month>4</publication_month>
<publication_day>4</publication_day>
<authors>
<author>
<id>9685</id>
<name>Chris Van Allsburg</name>
<link><![CDATA[https://www.goodreads.com/author/show/9685.Chris_Van_Allsburg]]></link>
</author>
</authors>
</book>

          <book>
<id>11527309</id>
<title>May B.</title>
<title_without_series>May B.</title_without_series>
<link><![CDATA[https://www.goodreads.com/book/show/11527309-may-b]]></link>
<small_image_url><![CDATA[https://images.gr-assets.com/books/1345645748s/11527309.jpg]]></small_image_url>
<image_url><![CDATA[https://images.gr-assets.com/books/1345645748m/11527309.jpg]]></image_url>
<num_pages>240</num_pages>
<work>
<id>13086734</id>
</work>
<isbn>158246393X</isbn>
<isbn13>9781582463933</isbn13>
<average_rating>3.81</average_rating>
<ratings_count>4630</ratings_count>
<publication_year>2012</publication_year>
<publication_month>1</publication_month>
<publication_day>10</publication_day>
<authors>
<author>
<id>4019810</id>
<name>Caroline Starr Rose</name>
<link><![CDATA[https://www.goodreads.com/author/show/4019810.Caroline_Starr_Rose]]></link>
</author>
</authors>
</book>

  </similar_books>
</book>

</GoodreadsResponse>