<?xml version="1.0" encoding="UTF-8"?>
<GoodreadsResponse>
  <Request>
    <authentication>true</authentication>
      <key><![CDATA[all_men_must_serve]]></key>
    <method><![CDATA[book_show]]></method>
  </Request>
  <book>
  <id>10131648</id>
  <title><![CDATA[The Greater Journey: Americans in Paris]]></title>
  <isbn><![CDATA[1416571760]]></isbn>
  <isbn13><![CDATA[9781416571766]]></isbn13>
  <asin><![CDATA[]]></asin>
  <kindle_asin><![CDATA[B0050N3AUY]]></kindle_asin>
  <marketplace_id><![CDATA[A1F83G8C2ARO7P]]></marketplace_id>
  <country_code><![CDATA[GB]]></country_code>
  <image_url>https://s.gr-assets.com/assets/nophoto/book/111x148-bcc042a9c91a29c1d680899eff700a03.png</image_url>
  <small_image_url>https://s.gr-assets.com/assets/nophoto/book/50x75-a91bf249278a81aabab721ef782c4a74.png</small_image_url>
  <publication_year>2011</publication_year>
  <publication_month>5</publication_month>
  <publication_day>24</publication_day>
  <publisher>Simon &amp; Schuster Adult Publishing Group</publisher>
  <language_code>eng</language_code>
  <is_ebook>false</is_ebook>
  <description><![CDATA[<b>
  <i>The Greater Journey</i>
</b> is the enthralling, inspiring —and until now, untold — story of the adventurous American artists, writers, doctors, politicians, architects, and others of high aspiration who set off for Paris in the years between 1830 and 1900, ambitious to excel in their work. After risking the hazardous journey across the Atlantic, these Americans embarked on a greater journey in the City of Light. Most had never left home, never experienced a different culture. None had any guarantee of success. That they achieved so much for themselves and their country profoundly altered American history. As David McCullough writes, “Not all pioneers went west.” Elizabeth Blackwell, the first female doctor in America, was one of this intrepid band. Another was Charles Sumner, who enrolled at the Sorbonne because of a burning desire to know more about everything. There he saw black students with the same ambition he had, and when he returned home, he would become the most powerful, unyielding voice for abolition in the U.S. Senate, almost at the cost of his life.<br /><br />Two staunch friends, James Fenimore Cooper and Samuel F. B. Morse, worked unrelentingly every day in Paris, Cooper writing and Morse painting what would be his masterpiece. From something he saw in France, Morse would also bring home his momentous idea for the telegraph.<br /><br />Pianist Louis Moreau Gottschalk from New Orleans launched his spectacular career performing in Paris at age 15. George P. A. Healy, who had almost no money and little education, took the gamble of a lifetime and with no prospects whatsoever in Paris became one of the most celebrated portrait painters of the day. His subjects included Abraham Lincoln.<br /><br />Medical student Oliver Wendell Holmes wrote home of his toil and the exhilaration in “being at the center of things” in what was then the medical capital of the world. From all they learned in Paris, Holmes and his fellow “medicals” were to exert lasting influence on the profession of medicine in the United States.<br /><br />Writers Ralph Waldo Emerson, Nathaniel Hawthorne, Mark Twain, and Henry James were all “discovering” Paris, marveling at the treasures in the Louvre, or out with the Sunday throngs strolling the city’s boulevards and gardens. “At last I have come into a dreamland,” wrote Harriet Beecher Stowe, seeking escape from the notoriety <i>Uncle Tom’s Cabin </i>had brought her. Almost forgotten today, the heroic American ambassador Elihu Washburne bravely remained at his post through the Franco-Prussian War, the long Siege of Paris and even more atrocious nightmare of the Commune. His vivid account in his diary of the starvation and suffering endured by the people of Paris (drawn on here for the first time) is one readers will never forget. The genius of sculptor Augustus Saint-Gaudens, the son of an immigrant shoemaker, and of painters Mary Cassatt and John Singer Sargent, three of the greatest American artists ever, would flourish in Paris, inspired by the examples of brilliant French masters, and by Paris itself.<br /><br />Nearly all of these Americans, whatever their troubles learning French, their spells of homesickness, and their suffering in the raw cold winters by the Seine, spent many of the happiest days and nights of their lives in Paris. McCullough tells this sweeping, fascinating story with power and intimacy, bringing us into the lives of remarkable men and women who, in Saint-Gaudens’s phrase, longed “to soar into the blue.” <i>The Greater Journey </i>is itself a masterpiece.]]></description>
  <work>
  <id type="integer">15029543</id>
  <books_count type="integer">17</books_count>
  <best_book_id type="integer">10131648</best_book_id>
  <reviews_count type="integer">40703</reviews_count>
  <ratings_sum type="integer">59552</ratings_sum>
  <ratings_count type="integer">15284</ratings_count>
  <text_reviews_count type="integer">1887</text_reviews_count>
  <original_publication_year type="integer">2011</original_publication_year>
  <original_publication_month type="integer">1</original_publication_month>
  <original_publication_day type="integer">1</original_publication_day>
  <original_title>The Greater Journey: Americans In Paris</original_title>
  <original_language_id type="integer" nil="true"/>
  <media_type>book</media_type>
  <rating_dist>5:4808|4:5793|3:3375|2:907|1:401|total:15284</rating_dist>
  <desc_user_id type="integer">7598874</desc_user_id>
  <default_chaptering_book_id type="integer" nil="true"/>
  <default_description_language_code nil="true"/>
</work>
  <average_rating>3.90</average_rating>
  <num_pages><![CDATA[558]]></num_pages>
  <format><![CDATA[Hardcover]]></format>
  <edition_information><![CDATA[]]></edition_information>
  <ratings_count><![CDATA[14006]]></ratings_count>
  <text_reviews_count><![CDATA[1739]]></text_reviews_count>
  <url><![CDATA[https://www.goodreads.com/book/show/10131648-the-greater-journey]]></url>
  <link><![CDATA[https://www.goodreads.com/book/show/10131648-the-greater-journey]]></link>
  <authors>
<author>
<id>6281688</id>
<name>David McCullough</name>
<role></role>
<image_url nophoto='false'>
<![CDATA[https://images.gr-assets.com/authors/1429921568p5/6281688.jpg]]>
</image_url>
<small_image_url nophoto='false'>
<![CDATA[https://images.gr-assets.com/authors/1429921568p2/6281688.jpg]]>
</small_image_url>
<link><![CDATA[https://www.goodreads.com/author/show/6281688.David_McCullough]]></link>
<average_rating>4.08</average_rating>
<ratings_count>529320</ratings_count>
<text_reviews_count>24946</text_reviews_count>
</author>
</authors>

    <reviews_widget>
      <![CDATA[
        <style>
  #goodreads-widget {
    font-family: georgia, serif;
    padding: 18px 0;
    width:565px;
  }
  #goodreads-widget h1 {
    font-weight:normal;
    font-size: 16px;
    border-bottom: 1px solid #BBB596;
    margin-bottom: 0;
  }
  #goodreads-widget a {
    text-decoration: none;
    color:#660;
  }
  iframe{
    background-color: #fff;
  }
  #goodreads-widget a:hover { text-decoration: underline; }
  #goodreads-widget a:active {
    color:#660;
  }
  #gr_footer {
    width: 100%;
    border-top: 1px solid #BBB596;
    text-align: right;
  }
  #goodreads-widget .gr_branding{
    color: #382110;
    font-size: 11px;
    text-decoration: none;
    font-family: "Helvetica Neue", Helvetica, Arial, sans-serif;
  }
</style>
<div id="goodreads-widget">
  <div id="gr_header"><h1><a rel="nofollow" href="https://www.goodreads.com/book/show/10131648-the-greater-journey">The Greater Journey Reviews</a></h1></div>
  <iframe id="the_iframe" src="https://www.goodreads.com/api/reviews_widget_iframe?did=DEVELOPER_ID&amp;format=html&amp;isbn=1416571760&amp;links=660&amp;min_rating=&amp;review_back=fff&amp;stars=000&amp;text=000" width="565" height="400" frameborder="0"></iframe>
  <div id="gr_footer">
    <a class="gr_branding" target="_blank" rel="nofollow" href="https://www.goodreads.com/book/show/10131648-the-greater-journey?utm_medium=api&amp;utm_source=reviews_widget">Reviews from Goodreads.com</a>
  </div>
</div>

      ]]>
    </reviews_widget>
  <popular_shelves>
      <shelf name="to-read" count="23090"/>
      <shelf name="currently-reading" count="1114"/>
      <shelf name="history" count="785"/>
      <shelf name="non-fiction" count="451"/>
      <shelf name="nonfiction" count="208"/>
      <shelf name="france" count="118"/>
      <shelf name="paris" count="84"/>
      <shelf name="biography" count="84"/>
      <shelf name="american-history" count="80"/>
      <shelf name="audio" count="60"/>
      <shelf name="travel" count="60"/>
      <shelf name="art" count="56"/>
      <shelf name="historical" count="48"/>
      <shelf name="favorites" count="47"/>
      <shelf name="owned" count="41"/>
      <shelf name="book-club" count="40"/>
      <shelf name="audiobook" count="38"/>
      <shelf name="19th-century" count="35"/>
      <shelf name="audiobooks" count="32"/>
      <shelf name="audible" count="30"/>
      <shelf name="library" count="27"/>
      <shelf name="history-american" count="23"/>
      <shelf name="owned-books" count="22"/>
      <shelf name="kindle" count="22"/>
      <shelf name="books-i-own" count="22"/>
      <shelf name="europe" count="20"/>
      <shelf name="european-history" count="18"/>
      <shelf name="abandoned" count="16"/>
      <shelf name="audio-books" count="16"/>
      <shelf name="us-history" count="15"/>
      <shelf name="historical-fiction" count="15"/>
      <shelf name="american" count="15"/>
      <shelf name="david-mccullough" count="15"/>
      <shelf name="biographies" count="14"/>
      <shelf name="art-history" count="14"/>
      <shelf name="audio-book" count="14"/>
      <shelf name="non-fiction-history" count="14"/>
      <shelf name="french" count="14"/>
      <shelf name="wish-list" count="14"/>
      <shelf name="mccullough" count="13"/>
      <shelf name="to-buy" count="13"/>
      <shelf name="ebook" count="12"/>
      <shelf name="world-history" count="11"/>
      <shelf name="ebooks" count="11"/>
      <shelf name="fiction" count="11"/>
      <shelf name="read-in-2011" count="11"/>
      <shelf name="adult" count="11"/>
      <shelf name="default" count="10"/>
      <shelf name="to-read-non-fiction" count="10"/>
      <shelf name="my-library" count="9"/>
      <shelf name="unfinished" count="9"/>
      <shelf name="history-biography" count="9"/>
      <shelf name="19th-century-americans-in-paris" count="8"/>
      <shelf name="my-books" count="8"/>
      <shelf name="book-group" count="8"/>
      <shelf name="artists" count="8"/>
      <shelf name="to-read-history" count="8"/>
      <shelf name="did-not-finish" count="8"/>
      <shelf name="adult-nonfiction" count="8"/>
      <shelf name="biography-memoir" count="8"/>
      <shelf name="historical-non-fiction" count="8"/>
      <shelf name="american-artists" count="7"/>
      <shelf name="shelfari-wishlist" count="7"/>
      <shelf name="to-read-nonfiction" count="7"/>
      <shelf name="french-history" count="7"/>
      <shelf name="gave-up-on" count="7"/>
      <shelf name="didn-t-finish" count="7"/>
      <shelf name="listened-to" count="7"/>
      <shelf name="gave-up" count="7"/>
      <shelf name="nonfiction-history" count="7"/>
      <shelf name="usa" count="6"/>
      <shelf name="history-general" count="6"/>
      <shelf name="own-to-read" count="6"/>
      <shelf name="americans" count="6"/>
      <shelf name="favorite-authors" count="6"/>
      <shelf name="unread" count="6"/>
      <shelf name="historical-nonfiction" count="6"/>
      <shelf name="history-non-fiction" count="6"/>
      <shelf name="history-books" count="6"/>
      <shelf name="non-fiction-to-read" count="6"/>
      <shelf name="stopped-reading" count="5"/>
      <shelf name="on-hold" count="5"/>
      <shelf name="own-it" count="5"/>
      <shelf name="century" count="5"/>
      <shelf name="half-read" count="5"/>
      <shelf name="european" count="5"/>
      <shelf name="cultural" count="5"/>
      <shelf name="read-in-2012" count="5"/>
      <shelf name="19th" count="5"/>
      <shelf name="calibre" count="5"/>
      <shelf name="recommended" count="5"/>
      <shelf name="adult-non-fiction" count="5"/>
      <shelf name="america" count="5"/>
      <shelf name="reviewed" count="5"/>
      <shelf name="bookclub" count="5"/>
      <shelf name="biography-autobiography" count="5"/>
      <shelf name="library-book" count="5"/>
      <shelf name="nonfiction-to-read" count="5"/>
      <shelf name="read-in-2016" count="4"/>
      <shelf name="general-history" count="4"/>
  </popular_shelves>
  <book_links>
    <book_link>
  <id>8</id>
  <name>Libraries</name>
  <link>https://www.goodreads.com/book_link/follow/8</link>
</book_link>

  </book_links>
  <buy_links>
    <buy_link>
<id>1</id>
<name>Amazon</name>
<link>https://www.goodreads.com/book_link/follow/1</link>
</buy_link>
<buy_link>
<id>10</id>
<name>Audible</name>
<link>https://www.goodreads.com/book_link/follow/10</link>
</buy_link>
<buy_link>
<id>3</id>
<name>Barnes &amp; Noble</name>
<link>https://www.goodreads.com/book_link/follow/3</link>
</buy_link>
<buy_link>
<id>1027</id>
<name>Kobo</name>
<link>https://www.goodreads.com/book_link/follow/1027</link>
</buy_link>
<buy_link>
<id>2102</id>
<name>Apple iBooks</name>
<link>https://www.goodreads.com/book_link/follow/2102</link>
</buy_link>
<buy_link>
<id>8036</id>
<name>Google Play</name>
<link>https://www.goodreads.com/book_link/follow/8036</link>
</buy_link>
<buy_link>
<id>4</id>
<name>Abebooks</name>
<link>https://www.goodreads.com/book_link/follow/4</link>
</buy_link>
<buy_link>
<id>882</id>
<name>Book Depository</name>
<link>https://www.goodreads.com/book_link/follow/882</link>
</buy_link>
<buy_link>
<id>9</id>
<name>Indigo</name>
<link>https://www.goodreads.com/book_link/follow/9</link>
</buy_link>
<buy_link>
<id>2</id>
<name>Half.com</name>
<link>https://www.goodreads.com/book_link/follow/2</link>
</buy_link>
<buy_link>
<id>5</id>
<name>Alibris</name>
<link>https://www.goodreads.com/book_link/follow/5</link>
</buy_link>
<buy_link>
<id>107</id>
<name>Better World Books</name>
<link>https://www.goodreads.com/book_link/follow/107</link>
</buy_link>
<buy_link>
<id>7</id>
<name>IndieBound</name>
<link>https://www.goodreads.com/book_link/follow/7</link>
</buy_link>

  </buy_links>
  <series_works>
    
  </series_works>
  <similar_books>
          <book>
<id>7346882</id>
<title><![CDATA[Parisians: An Adventure History of Paris]]></title>
<title_without_series><![CDATA[Parisians: An Adventure History of Paris]]></title_without_series>
<link><![CDATA[https://www.goodreads.com/book/show/7346882-parisians]]></link>
<small_image_url><![CDATA[https://s.gr-assets.com/assets/nophoto/book/50x75-a91bf249278a81aabab721ef782c4a74.png]]></small_image_url>
<image_url><![CDATA[https://s.gr-assets.com/assets/nophoto/book/111x148-bcc042a9c91a29c1d680899eff700a03.png]]></image_url>
<num_pages>496</num_pages>
<work>
<id>9088436</id>
</work>
<isbn>0393067246</isbn>
<isbn13>9780393067248</isbn13>
<average_rating>3.67</average_rating>
<ratings_count>1780</ratings_count>
<publication_year>2010</publication_year>
<publication_month>4</publication_month>
<publication_day>26</publication_day>
<authors>
<author>
<id>35444</id>
<name>Graham Robb</name>
<link><![CDATA[https://www.goodreads.com/author/show/35444.Graham_Robb]]></link>
</author>
</authors>
</book>

          <book>
<id>137981</id>
<title>Seven Ages of Paris</title>
<title_without_series>Seven Ages of Paris</title_without_series>
<link><![CDATA[https://www.goodreads.com/book/show/137981.Seven_Ages_of_Paris]]></link>
<small_image_url><![CDATA[https://images.gr-assets.com/books/1320557142s/137981.jpg]]></small_image_url>
<image_url><![CDATA[https://images.gr-assets.com/books/1320557142m/137981.jpg]]></image_url>
<num_pages>476</num_pages>
<work>
<id>133001</id>
</work>
<isbn>1400034469</isbn>
<isbn13>9781400034468</isbn13>
<average_rating>3.91</average_rating>
<ratings_count>1537</ratings_count>
<publication_year>2004</publication_year>
<publication_month>4</publication_month>
<publication_day>13</publication_day>
<authors>
<author>
<id>11016</id>
<name>Alistair Horne</name>
<link><![CDATA[https://www.goodreads.com/author/show/11016.Alistair_Horne]]></link>
</author>
</authors>
</book>

          <book>
<id>6101388</id>
<title><![CDATA[Eiffel's Tower: And the World's Fair Where Buffalo Bill Beguiled Paris, the Artists Quarreled, and Thomas Edison Became a Count]]></title>
<title_without_series><![CDATA[Eiffel's Tower: And the World's Fair Where Buffalo Bill Beguiled Paris, the Artists Quarreled, and Thomas Edison Became a Count]]></title_without_series>
<link><![CDATA[https://www.goodreads.com/book/show/6101388-eiffel-s-tower]]></link>
<small_image_url><![CDATA[https://s.gr-assets.com/assets/nophoto/book/50x75-a91bf249278a81aabab721ef782c4a74.png]]></small_image_url>
<image_url><![CDATA[https://s.gr-assets.com/assets/nophoto/book/111x148-bcc042a9c91a29c1d680899eff700a03.png]]></image_url>
<num_pages></num_pages>
<work>
<id>6278608</id>
</work>
<isbn>0670020605</isbn>
<isbn13>9780670020607</isbn13>
<average_rating>3.76</average_rating>
<ratings_count>2419</ratings_count>
<publication_year></publication_year>
<publication_month></publication_month>
<publication_day></publication_day>
<authors>
<author>
<id>282828</id>
<name>Jill Jonnes</name>
<link><![CDATA[https://www.goodreads.com/author/show/282828.Jill_Jonnes]]></link>
</author>
</authors>
</book>

          <book>
<id>29043</id>
<title>Paris: The Secret History</title>
<title_without_series>Paris: The Secret History</title_without_series>
<link><![CDATA[https://www.goodreads.com/book/show/29043.Paris]]></link>
<small_image_url><![CDATA[https://s.gr-assets.com/assets/nophoto/book/50x75-a91bf249278a81aabab721ef782c4a74.png]]></small_image_url>
<image_url><![CDATA[https://s.gr-assets.com/assets/nophoto/book/111x148-bcc042a9c91a29c1d680899eff700a03.png]]></image_url>
<num_pages>485</num_pages>
<work>
<id>801601</id>
</work>
<isbn>1596913231</isbn>
<isbn13>9781596913233</isbn13>
<average_rating>3.82</average_rating>
<ratings_count>683</ratings_count>
<publication_year>2006</publication_year>
<publication_month>11</publication_month>
<publication_day>28</publication_day>
<authors>
<author>
<id>16331</id>
<name>Andrew Hussey</name>
<link><![CDATA[https://www.goodreads.com/author/show/16331.Andrew_Hussey]]></link>
</author>
</authors>
</book>

          <book>
<id>6446593</id>
<title><![CDATA[Americans in Paris: Life and Death under Nazi Occupation 1940-1944]]></title>
<title_without_series><![CDATA[Americans in Paris: Life and Death under Nazi Occupation 1940-1944]]></title_without_series>
<link><![CDATA[https://www.goodreads.com/book/show/6446593-americans-in-paris]]></link>
<small_image_url><![CDATA[https://images.gr-assets.com/books/1327344356s/6446593.jpg]]></small_image_url>
<image_url><![CDATA[https://images.gr-assets.com/books/1327344356m/6446593.jpg]]></image_url>
<num_pages>524</num_pages>
<work>
<id>6636675</id>
</work>
<isbn>0007228538</isbn>
<isbn13>9780007228539</isbn13>
<average_rating>3.72</average_rating>
<ratings_count>1073</ratings_count>
<publication_year>2009</publication_year>
<publication_month></publication_month>
<publication_day></publication_day>
<authors>
<author>
<id>24397</id>
<name>Charles Glass</name>
<link><![CDATA[https://www.goodreads.com/author/show/24397.Charles_Glass]]></link>
</author>
</authors>
</book>

          <book>
<id>9917074</id>
<title><![CDATA[Paris to the Past: Traveling through French History by Train]]></title>
<title_without_series><![CDATA[Paris to the Past: Traveling through French History by Train]]></title_without_series>
<link><![CDATA[https://www.goodreads.com/book/show/9917074-paris-to-the-past]]></link>
<small_image_url><![CDATA[https://s.gr-assets.com/assets/nophoto/book/50x75-a91bf249278a81aabab721ef782c4a74.png]]></small_image_url>
<image_url><![CDATA[https://s.gr-assets.com/assets/nophoto/book/111x148-bcc042a9c91a29c1d680899eff700a03.png]]></image_url>
<num_pages>381</num_pages>
<work>
<id>14809735</id>
</work>
<isbn>0393078949</isbn>
<isbn13>9780393078947</isbn13>
<average_rating>3.79</average_rating>
<ratings_count>651</ratings_count>
<publication_year>2011</publication_year>
<publication_month>6</publication_month>
<publication_day>27</publication_day>
<authors>
<author>
<id>49556</id>
<name>Ina Caro</name>
<link><![CDATA[https://www.goodreads.com/author/show/49556.Ina_Caro]]></link>
</author>
</authors>
</book>

          <book>
<id>19571</id>
<title><![CDATA[Paris Was Yesterday, 1925-1939]]></title>
<title_without_series><![CDATA[Paris Was Yesterday, 1925-1939]]></title_without_series>
<link><![CDATA[https://www.goodreads.com/book/show/19571.Paris_Was_Yesterday_1925_1939]]></link>
<small_image_url><![CDATA[https://s.gr-assets.com/assets/nophoto/book/50x75-a91bf249278a81aabab721ef782c4a74.png]]></small_image_url>
<image_url><![CDATA[https://s.gr-assets.com/assets/nophoto/book/111x148-bcc042a9c91a29c1d680899eff700a03.png]]></image_url>
<num_pages>264</num_pages>
<work>
<id>244542</id>
</work>
<isbn>0156709902</isbn>
<isbn13>9780156709903</isbn13>
<average_rating>3.88</average_rating>
<ratings_count>253</ratings_count>
<publication_year>1988</publication_year>
<publication_month>4</publication_month>
<publication_day>18</publication_day>
<authors>
<author>
<id>11726</id>
<name>Janet Flanner</name>
<link><![CDATA[https://www.goodreads.com/author/show/11726.Janet_Flanner]]></link>
</author>
</authors>
</book>

          <book>
<id>17978088</id>
<title><![CDATA[How Paris Became Paris: The Invention of the Modern City]]></title>
<title_without_series><![CDATA[How Paris Became Paris: The Invention of the Modern City]]></title_without_series>
<link><![CDATA[https://www.goodreads.com/book/show/17978088-how-paris-became-paris]]></link>
<small_image_url><![CDATA[https://images.gr-assets.com/books/1381541683s/17978088.jpg]]></small_image_url>
<image_url><![CDATA[https://images.gr-assets.com/books/1381541683m/17978088.jpg]]></image_url>
<num_pages>307</num_pages>
<work>
<id>25206591</id>
</work>
<isbn>1608195910</isbn>
<isbn13>9781608195916</isbn13>
<average_rating>3.72</average_rating>
<ratings_count>631</ratings_count>
<publication_year>2014</publication_year>
<publication_month>3</publication_month>
<publication_day>4</publication_day>
<authors>
<author>
<id>24272</id>
<name>Joan DeJean</name>
<link><![CDATA[https://www.goodreads.com/author/show/24272.Joan_DeJean]]></link>
</author>
</authors>
</book>

          <book>
<id>2301649</id>
<title>Venice: Pure City</title>
<title_without_series>Venice: Pure City</title_without_series>
<link><![CDATA[https://www.goodreads.com/book/show/2301649.Venice]]></link>
<small_image_url><![CDATA[https://images.gr-assets.com/books/1320486979s/2301649.jpg]]></small_image_url>
<image_url><![CDATA[https://images.gr-assets.com/books/1320486979m/2301649.jpg]]></image_url>
<num_pages>403</num_pages>
<work>
<id>2308055</id>
</work>
<isbn>0701172851</isbn>
<isbn13>9780701172855</isbn13>
<average_rating>3.57</average_rating>
<ratings_count>795</ratings_count>
<publication_year>2009</publication_year>
<publication_month>9</publication_month>
<publication_day>3</publication_day>
<authors>
<author>
<id>16881</id>
<name>Peter Ackroyd</name>
<link><![CDATA[https://www.goodreads.com/author/show/16881.Peter_Ackroyd]]></link>
</author>
</authors>
</book>

          <book>
<id>9468195</id>
<title><![CDATA[The Forgotten Founding Father: Noah Webster's Obsession and the Creation of an American Culture]]></title>
<title_without_series><![CDATA[The Forgotten Founding Father: Noah Webster's Obsession and the Creation of an American Culture]]></title_without_series>
<link><![CDATA[https://www.goodreads.com/book/show/9468195-the-forgotten-founding-father]]></link>
<small_image_url><![CDATA[https://images.gr-assets.com/books/1311702753s/9468195.jpg]]></small_image_url>
<image_url><![CDATA[https://images.gr-assets.com/books/1311702753m/9468195.jpg]]></image_url>
<num_pages>355</num_pages>
<work>
<id>14353262</id>
</work>
<isbn>0399156992</isbn>
<isbn13>9780399156991</isbn13>
<average_rating>3.47</average_rating>
<ratings_count>421</ratings_count>
<publication_year>2011</publication_year>
<publication_month>4</publication_month>
<publication_day>14</publication_day>
<authors>
<author>
<id>917218</id>
<name>Joshua Kendall</name>
<link><![CDATA[https://www.goodreads.com/author/show/917218.Joshua_Kendall]]></link>
</author>
</authors>
</book>

          <book>
<id>8096025</id>
<title><![CDATA[And the Show Went On: Cultural Life in Nazi-Occupied Paris]]></title>
<title_without_series><![CDATA[And the Show Went On: Cultural Life in Nazi-Occupied Paris]]></title_without_series>
<link><![CDATA[https://www.goodreads.com/book/show/8096025-and-the-show-went-on]]></link>
<small_image_url><![CDATA[https://images.gr-assets.com/books/1320518394s/8096025.jpg]]></small_image_url>
<image_url><![CDATA[https://images.gr-assets.com/books/1320518394m/8096025.jpg]]></image_url>
<num_pages></num_pages>
<work>
<id>12855044</id>
</work>
<isbn>0307268977</isbn>
<isbn13>9780307268976</isbn13>
<average_rating>3.69</average_rating>
<ratings_count>424</ratings_count>
<publication_year></publication_year>
<publication_month></publication_month>
<publication_day></publication_day>
<authors>
<author>
<id>23647</id>
<name>Alan Riding</name>
<link><![CDATA[https://www.goodreads.com/author/show/23647.Alan_Riding]]></link>
</author>
</authors>
</book>

          <book>
<id>10359559</id>
<title><![CDATA[Dawn of the Belle Epoque: The Paris of Monet, Zola, Bernhardt, Eiffel, Debussy, Clemenceau, and Their Friends]]></title>
<title_without_series><![CDATA[Dawn of the Belle Epoque: The Paris of Monet, Zola, Bernhardt, Eiffel, Debussy, Clemenceau, and Their Friends]]></title_without_series>
<link><![CDATA[https://www.goodreads.com/book/show/10359559-dawn-of-the-belle-epoque]]></link>
<small_image_url><![CDATA[https://s.gr-assets.com/assets/nophoto/book/50x75-a91bf249278a81aabab721ef782c4a74.png]]></small_image_url>
<image_url><![CDATA[https://s.gr-assets.com/assets/nophoto/book/111x148-bcc042a9c91a29c1d680899eff700a03.png]]></image_url>
<num_pages>387</num_pages>
<work>
<id>15262561</id>
</work>
<isbn>1442209275</isbn>
<isbn13>9781442209275</isbn13>
<average_rating>3.93</average_rating>
<ratings_count>297</ratings_count>
<publication_year>2011</publication_year>
<publication_month>6</publication_month>
<publication_day>16</publication_day>
<authors>
<author>
<id>372558</id>
<name>Mary McAuliffe</name>
<link><![CDATA[https://www.goodreads.com/author/show/372558.Mary_McAuliffe]]></link>
</author>
</authors>
</book>

          <book>
<id>7341501</id>
<title><![CDATA[Henry Clay: The Essential American]]></title>
<title_without_series><![CDATA[Henry Clay: The Essential American]]></title_without_series>
<link><![CDATA[https://www.goodreads.com/book/show/7341501-henry-clay]]></link>
<small_image_url><![CDATA[https://images.gr-assets.com/books/1320454194s/7341501.jpg]]></small_image_url>
<image_url><![CDATA[https://images.gr-assets.com/books/1320454194m/7341501.jpg]]></image_url>
<num_pages>595</num_pages>
<work>
<id>9059622</id>
</work>
<isbn>140006726X</isbn>
<isbn13>9781400067268</isbn13>
<average_rating>3.94</average_rating>
<ratings_count>2284</ratings_count>
<publication_year>2010</publication_year>
<publication_month>5</publication_month>
<publication_day>4</publication_day>
<authors>
<author>
<id>1212060</id>
<name>David S. Heidler</name>
<link><![CDATA[https://www.goodreads.com/author/show/1212060.David_S_Heidler]]></link>
</author>
</authors>
</book>

          <book>
<id>9780582</id>
<title><![CDATA[Paris, Paris: Journey into the City of Light]]></title>
<title_without_series><![CDATA[Paris, Paris: Journey into the City of Light]]></title_without_series>
<link><![CDATA[https://www.goodreads.com/book/show/9780582-paris-paris]]></link>
<small_image_url><![CDATA[https://images.gr-assets.com/books/1320520431s/9780582.jpg]]></small_image_url>
<image_url><![CDATA[https://images.gr-assets.com/books/1320520431m/9780582.jpg]]></image_url>
<num_pages>303</num_pages>
<work>
<id>14670339</id>
</work>
<isbn>0307886085</isbn>
<isbn13>9780307886088</isbn13>
<average_rating>3.88</average_rating>
<ratings_count>1000</ratings_count>
<publication_year>2011</publication_year>
<publication_month>4</publication_month>
<publication_day>5</publication_day>
<authors>
<author>
<id>190256</id>
<name>David Downie</name>
<link><![CDATA[https://www.goodreads.com/author/show/190256.David_Downie]]></link>
</author>
</authors>
</book>

          <book>
<id>7058535</id>
<title><![CDATA[For the Soul of France: Culture Wars in the Age of Dreyfus]]></title>
<title_without_series><![CDATA[For the Soul of France: Culture Wars in the Age of Dreyfus]]></title_without_series>
<link><![CDATA[https://www.goodreads.com/book/show/7058535-for-the-soul-of-france]]></link>
<small_image_url><![CDATA[https://images.gr-assets.com/books/1320478589s/7058535.jpg]]></small_image_url>
<image_url><![CDATA[https://images.gr-assets.com/books/1320478589m/7058535.jpg]]></image_url>
<num_pages>304</num_pages>
<work>
<id>7310234</id>
</work>
<isbn>0307266311</isbn>
<isbn13>9780307266316</isbn13>
<average_rating>3.86</average_rating>
<ratings_count>169</ratings_count>
<publication_year></publication_year>
<publication_month></publication_month>
<publication_day></publication_day>
<authors>
<author>
<id>1459</id>
<name>Frederick Brown</name>
<link><![CDATA[https://www.goodreads.com/author/show/1459.Frederick_Brown]]></link>
</author>
</authors>
</book>

          <book>
<id>9578336</id>
<title>1861: The Civil War Awakening</title>
<title_without_series>1861: The Civil War Awakening</title_without_series>
<link><![CDATA[https://www.goodreads.com/book/show/9578336-1861]]></link>
<small_image_url><![CDATA[https://s.gr-assets.com/assets/nophoto/book/50x75-a91bf249278a81aabab721ef782c4a74.png]]></small_image_url>
<image_url><![CDATA[https://s.gr-assets.com/assets/nophoto/book/111x148-bcc042a9c91a29c1d680899eff700a03.png]]></image_url>
<num_pages>481</num_pages>
<work>
<id>14465222</id>
</work>
<isbn>1400040159</isbn>
<isbn13>9781400040155</isbn13>
<average_rating>4.03</average_rating>
<ratings_count>4691</ratings_count>
<publication_year>2011</publication_year>
<publication_month>4</publication_month>
<publication_day>5</publication_day>
<authors>
<author>
<id>4426297</id>
<name>Adam Goodheart</name>
<link><![CDATA[https://www.goodreads.com/author/show/4426297.Adam_Goodheart]]></link>
</author>
</authors>
</book>

          <book>
<id>8796854</id>
<title><![CDATA[A World on Fire: Britain's Crucial Role in the American Civil War]]></title>
<title_without_series><![CDATA[A World on Fire: Britain's Crucial Role in the American Civil War]]></title_without_series>
<link><![CDATA[https://www.goodreads.com/book/show/8796854-a-world-on-fire]]></link>
<small_image_url><![CDATA[https://images.gr-assets.com/books/1333577814s/8796854.jpg]]></small_image_url>
<image_url><![CDATA[https://images.gr-assets.com/books/1333577814m/8796854.jpg]]></image_url>
<num_pages>988</num_pages>
<work>
<id>13670896</id>
</work>
<isbn>037550494X</isbn>
<isbn13>9780375504945</isbn13>
<average_rating>3.96</average_rating>
<ratings_count>1714</ratings_count>
<publication_year>2011</publication_year>
<publication_month>6</publication_month>
<publication_day>28</publication_day>
<authors>
<author>
<id>183491</id>
<name>Amanda Foreman</name>
<link><![CDATA[https://www.goodreads.com/author/show/183491.Amanda_Foreman]]></link>
</author>
</authors>
</book>

          <book>
<id>6625152</id>
<title><![CDATA[Paris Under Water: How the City of Light Survived the Great Flood of 1910]]></title>
<title_without_series><![CDATA[Paris Under Water: How the City of Light Survived the Great Flood of 1910]]></title_without_series>
<link><![CDATA[https://www.goodreads.com/book/show/6625152-paris-under-water]]></link>
<small_image_url><![CDATA[https://images.gr-assets.com/books/1312070863s/6625152.jpg]]></small_image_url>
<image_url><![CDATA[https://images.gr-assets.com/books/1312070863m/6625152.jpg]]></image_url>
<num_pages>272</num_pages>
<work>
<id>6819394</id>
</work>
<isbn>0230617069</isbn>
<isbn13>9780230617063</isbn13>
<average_rating>3.70</average_rating>
<ratings_count>179</ratings_count>
<publication_year>2010</publication_year>
<publication_month>1</publication_month>
<publication_day>5</publication_day>
<authors>
<author>
<id>128504</id>
<name>Jeffrey H. Jackson</name>
<link><![CDATA[https://www.goodreads.com/author/show/128504.Jeffrey_H_Jackson]]></link>
</author>
</authors>
</book>

  </similar_books>
</book>

</GoodreadsResponse>