<?xml version="1.0" encoding="UTF-8"?>
<GoodreadsResponse>
  <Request>
    <authentication>true</authentication>
      <key><![CDATA[all_men_must_serve]]></key>
    <method><![CDATA[book_show]]></method>
  </Request>
  <book>
  <id>10138607</id>
  <title>Habibi</title>
  <isbn><![CDATA[0375424148]]></isbn>
  <isbn13><![CDATA[9780375424144]]></isbn13>
  <asin><![CDATA[]]></asin>
  <kindle_asin><![CDATA[]]></kindle_asin>
  <marketplace_id><![CDATA[]]></marketplace_id>
  <country_code><![CDATA[GB]]></country_code>
  <image_url>https://images.gr-assets.com/books/1327899014m/10138607.jpg</image_url>
  <small_image_url>https://images.gr-assets.com/books/1327899014s/10138607.jpg</small_image_url>
  <publication_year>2011</publication_year>
  <publication_month>9</publication_month>
  <publication_day>20</publication_day>
  <publisher>Pantheon</publisher>
  <language_code>eng</language_code>
  <is_ebook>false</is_ebook>
  <description><![CDATA[<b>From the internationally acclaimed author of <i>Blankets </i>(“A triumph for the genre.”</b><i>—</i><b><i>Library Journal</i>), a highly anticipated new graphic novel.</b><br /><b> </b><br />Sprawling across an epic landscape of deserts, harems, and modern industrial clutter, <i>Habibi</i> tells the tale of Dodola and Zam, refugee child slaves bound to each other by chance, by circumstance, and by the love that grows between them. We follow them as their lives unfold together and apart; as they struggle to make a place for themselves in a world (not unlike our own) fueled by fear, lust, and greed; and as they discover the extraordinary depth—and frailty—of their connection.<br /> <br />At once contemporary and timeless, <i>Habibi </i>gives us a love story of astounding resonance: a parable about our relationship to the natural world, the cultural divide between the first and third worlds, the common heritage of Christianity and Islam, and, most potently, the magic of storytelling.]]></description>
  <work>
  <id type="integer">15036678</id>
  <books_count type="integer">19</books_count>
  <best_book_id type="integer">10138607</best_book_id>
  <reviews_count type="integer">64848</reviews_count>
  <ratings_sum type="integer">114903</ratings_sum>
  <ratings_count type="integer">28444</ratings_count>
  <text_reviews_count type="integer">2803</text_reviews_count>
  <original_publication_year type="integer">2011</original_publication_year>
  <original_publication_month type="integer">9</original_publication_month>
  <original_publication_day type="integer" nil="true"/>
  <original_title>Habibi</original_title>
  <original_language_id type="integer" nil="true"/>
  <media_type>book</media_type>
  <rating_dist>5:12113|4:8840|3:4931|2:1625|1:935|total:28444</rating_dist>
  <desc_user_id type="integer">-30</desc_user_id>
  <default_chaptering_book_id type="integer" nil="true"/>
  <default_description_language_code nil="true"/>
</work>
  <average_rating>4.04</average_rating>
  <num_pages><![CDATA[655]]></num_pages>
  <format><![CDATA[Hardcover]]></format>
  <edition_information><![CDATA[]]></edition_information>
  <ratings_count><![CDATA[27698]]></ratings_count>
  <text_reviews_count><![CDATA[2680]]></text_reviews_count>
  <url><![CDATA[https://www.goodreads.com/book/show/10138607-habibi]]></url>
  <link><![CDATA[https://www.goodreads.com/book/show/10138607-habibi]]></link>
  <authors>
<author>
<id>14151</id>
<name>Craig Thompson</name>
<role></role>
<image_url nophoto='false'>
<![CDATA[https://images.gr-assets.com/authors/1312311495p5/14151.jpg]]>
</image_url>
<small_image_url nophoto='false'>
<![CDATA[https://images.gr-assets.com/authors/1312311495p2/14151.jpg]]>
</small_image_url>
<link><![CDATA[https://www.goodreads.com/author/show/14151.Craig_Thompson]]></link>
<average_rating>4.06</average_rating>
<ratings_count>137804</ratings_count>
<text_reviews_count>11314</text_reviews_count>
</author>
</authors>

    <reviews_widget>
      <![CDATA[
        <style>
  #goodreads-widget {
    font-family: georgia, serif;
    padding: 18px 0;
    width:565px;
  }
  #goodreads-widget h1 {
    font-weight:normal;
    font-size: 16px;
    border-bottom: 1px solid #BBB596;
    margin-bottom: 0;
  }
  #goodreads-widget a {
    text-decoration: none;
    color:#660;
  }
  iframe{
    background-color: #fff;
  }
  #goodreads-widget a:hover { text-decoration: underline; }
  #goodreads-widget a:active {
    color:#660;
  }
  #gr_footer {
    width: 100%;
    border-top: 1px solid #BBB596;
    text-align: right;
  }
  #goodreads-widget .gr_branding{
    color: #382110;
    font-size: 11px;
    text-decoration: none;
    font-family: "Helvetica Neue", Helvetica, Arial, sans-serif;
  }
</style>
<div id="goodreads-widget">
  <div id="gr_header"><h1><a rel="nofollow" href="https://www.goodreads.com/book/show/10138607-habibi">Habibi Reviews</a></h1></div>
  <iframe id="the_iframe" src="https://www.goodreads.com/api/reviews_widget_iframe?did=DEVELOPER_ID&amp;format=html&amp;isbn=0375424148&amp;links=660&amp;min_rating=&amp;review_back=fff&amp;stars=000&amp;text=000" width="565" height="400" frameborder="0"></iframe>
  <div id="gr_footer">
    <a class="gr_branding" target="_blank" rel="nofollow" href="https://www.goodreads.com/book/show/10138607-habibi?utm_medium=api&amp;utm_source=reviews_widget">Reviews from Goodreads.com</a>
  </div>
</div>

      ]]>
    </reviews_widget>
  <popular_shelves>
      <shelf name="to-read" count="34029"/>
      <shelf name="graphic-novels" count="1855"/>
      <shelf name="graphic-novel" count="822"/>
      <shelf name="currently-reading" count="506"/>
      <shelf name="comics" count="428"/>
      <shelf name="cómics" count="427"/>
      <shelf name="favorites" count="417"/>
      <shelf name="fiction" count="351"/>
      <shelf name="comics-graphic-novels" count="122"/>
      <shelf name="graphic" count="120"/>
      <shelf name="fantasy" count="110"/>
      <shelf name="religion" count="105"/>
      <shelf name="graphic-novels-comics" count="102"/>
      <shelf name="comic" count="93"/>
      <shelf name="romance" count="79"/>
      <shelf name="adult" count="78"/>
      <shelf name="middle-east" count="78"/>
      <shelf name="library" count="70"/>
      <shelf name="owned" count="69"/>
      <shelf name="comics-and-graphic-novels" count="66"/>
      <shelf name="books-i-own" count="56"/>
      <shelf name="to-buy" count="56"/>
      <shelf name="graphic-novels-and-comics" count="55"/>
      <shelf name="historical-fiction" count="52"/>
      <shelf name="comic-books" count="50"/>
      <shelf name="islam" count="37"/>
      <shelf name="wish-list" count="36"/>
      <shelf name="bd" count="35"/>
      <shelf name="read-in-2012" count="34"/>
      <shelf name="favourites" count="31"/>
      <shelf name="graphicnovels" count="30"/>
      <shelf name="book-club" count="28"/>
      <shelf name="art" count="27"/>
      <shelf name="adult-fiction" count="27"/>
      <shelf name="read-in-2014" count="25"/>
      <shelf name="historical" count="25"/>
      <shelf name="sequential-art" count="25"/>
      <shelf name="read-in-2016" count="21"/>
      <shelf name="english" count="21"/>
      <shelf name="owned-books" count="21"/>
      <shelf name="comix" count="21"/>
      <shelf name="library-books" count="20"/>
      <shelf name="read-in-2015" count="19"/>
      <shelf name="borrowed" count="19"/>
      <shelf name="comic-graphic-novel" count="19"/>
      <shelf name="my-library" count="18"/>
      <shelf name="read-in-2011" count="18"/>
      <shelf name="graphic-novels-to-read" count="17"/>
      <shelf name="ebook" count="17"/>
      <shelf name="default" count="16"/>
      <shelf name="graphic-novels-manga" count="16"/>
      <shelf name="to-read-comics" count="16"/>
      <shelf name="sarjakuvat" count="15"/>
      <shelf name="read-in-2013" count="15"/>
      <shelf name="comics-manga" count="15"/>
      <shelf name="read-2012" count="15"/>
      <shelf name="love" count="15"/>
      <shelf name="fumetti" count="15"/>
      <shelf name="multicultural" count="15"/>
      <shelf name="hq" count="14"/>
      <shelf name="graphic_novel" count="14"/>
      <shelf name="american" count="14"/>
      <shelf name="library-book" count="13"/>
      <shelf name="maybe" count="13"/>
      <shelf name="coming-of-age" count="13"/>
      <shelf name="adventure" count="13"/>
      <shelf name="illustrated" count="13"/>
      <shelf name="slavery" count="13"/>
      <shelf name="favorite" count="12"/>
      <shelf name="want-to-read" count="12"/>
      <shelf name="spirituality" count="12"/>
      <shelf name="banned-books" count="11"/>
      <shelf name="read-in-english" count="11"/>
      <shelf name="contemporary" count="11"/>
      <shelf name="reviewed" count="11"/>
      <shelf name="drama" count="11"/>
      <shelf name="gn" count="11"/>
      <shelf name="graphic-novels-and-manga" count="11"/>
      <shelf name="to-read-graphic-novels" count="11"/>
      <shelf name="realistic-fiction" count="11"/>
      <shelf name="novel" count="11"/>
      <shelf name="abandoned" count="11"/>
      <shelf name="graphics" count="11"/>
      <shelf name="philosophy" count="11"/>
      <shelf name="graphic_novels" count="11"/>
      <shelf name="usa" count="10"/>
      <shelf name="read-2013" count="10"/>
      <shelf name="favorite-books" count="10"/>
      <shelf name="quadrinhos" count="10"/>
      <shelf name="comics-to-read" count="10"/>
      <shelf name="read-graphic-novels" count="10"/>
      <shelf name="graphic-fiction" count="10"/>
      <shelf name="family" count="10"/>
      <shelf name="dystopia" count="10"/>
      <shelf name="unfinished" count="10"/>
      <shelf name="religious" count="10"/>
      <shelf name="read-2015" count="9"/>
      <shelf name="graphic-novels-comic-books" count="9"/>
      <shelf name="2010s" count="9"/>
      <shelf name="sex" count="9"/>
  </popular_shelves>
  <book_links>
    <book_link>
  <id>8</id>
  <name>Libraries</name>
  <link>https://www.goodreads.com/book_link/follow/8</link>
</book_link>

  </book_links>
  <buy_links>
    <buy_link>
<id>1</id>
<name>Amazon</name>
<link>https://www.goodreads.com/book_link/follow/1</link>
</buy_link>
<buy_link>
<id>10</id>
<name>Audible</name>
<link>https://www.goodreads.com/book_link/follow/10</link>
</buy_link>
<buy_link>
<id>3</id>
<name>Barnes &amp; Noble</name>
<link>https://www.goodreads.com/book_link/follow/3</link>
</buy_link>
<buy_link>
<id>1027</id>
<name>Kobo</name>
<link>https://www.goodreads.com/book_link/follow/1027</link>
</buy_link>
<buy_link>
<id>2102</id>
<name>Apple iBooks</name>
<link>https://www.goodreads.com/book_link/follow/2102</link>
</buy_link>
<buy_link>
<id>8036</id>
<name>Google Play</name>
<link>https://www.goodreads.com/book_link/follow/8036</link>
</buy_link>
<buy_link>
<id>4</id>
<name>Abebooks</name>
<link>https://www.goodreads.com/book_link/follow/4</link>
</buy_link>
<buy_link>
<id>882</id>
<name>Book Depository</name>
<link>https://www.goodreads.com/book_link/follow/882</link>
</buy_link>
<buy_link>
<id>9</id>
<name>Indigo</name>
<link>https://www.goodreads.com/book_link/follow/9</link>
</buy_link>
<buy_link>
<id>2</id>
<name>Half.com</name>
<link>https://www.goodreads.com/book_link/follow/2</link>
</buy_link>
<buy_link>
<id>5</id>
<name>Alibris</name>
<link>https://www.goodreads.com/book_link/follow/5</link>
</buy_link>
<buy_link>
<id>107</id>
<name>Better World Books</name>
<link>https://www.goodreads.com/book_link/follow/107</link>
</buy_link>
<buy_link>
<id>7</id>
<name>IndieBound</name>
<link>https://www.goodreads.com/book_link/follow/7</link>
</buy_link>

  </buy_links>
  <series_works>
    
  </series_works>
  <similar_books>
          <book>
<id>9970421</id>
<title>Big Questions</title>
<title_without_series>Big Questions</title_without_series>
<link><![CDATA[https://www.goodreads.com/book/show/9970421-big-questions]]></link>
<small_image_url><![CDATA[https://s.gr-assets.com/assets/nophoto/book/50x75-a91bf249278a81aabab721ef782c4a74.png]]></small_image_url>
<image_url><![CDATA[https://s.gr-assets.com/assets/nophoto/book/111x148-bcc042a9c91a29c1d680899eff700a03.png]]></image_url>
<num_pages>592</num_pages>
<work>
<id>14864623</id>
</work>
<isbn>1770460470</isbn>
<isbn13>9781770460478</isbn13>
<average_rating>4.12</average_rating>
<ratings_count>2472</ratings_count>
<publication_year>2011</publication_year>
<publication_month>8</publication_month>
<publication_day>16</publication_day>
<authors>
<author>
<id>94673</id>
<name>Anders Nilsen</name>
<link><![CDATA[https://www.goodreads.com/author/show/94673.Anders_Nilsen]]></link>
</author>
</authors>
</book>

          <book>
<id>4070095</id>
<title>Asterios Polyp</title>
<title_without_series>Asterios Polyp</title_without_series>
<link><![CDATA[https://www.goodreads.com/book/show/4070095-asterios-polyp]]></link>
<small_image_url><![CDATA[https://images.gr-assets.com/books/1327877671s/4070095.jpg]]></small_image_url>
<image_url><![CDATA[https://images.gr-assets.com/books/1327877671m/4070095.jpg]]></image_url>
<num_pages>344</num_pages>
<work>
<id>4117200</id>
</work>
<isbn>0307377326</isbn>
<isbn13>9780307377326</isbn13>
<average_rating>4.19</average_rating>
<ratings_count>19931</ratings_count>
<publication_year>2009</publication_year>
<publication_month>7</publication_month>
<publication_day>7</publication_day>
<authors>
<author>
<id>28995</id>
<name>David Mazzucchelli</name>
<link><![CDATA[https://www.goodreads.com/author/show/28995.David_Mazzucchelli]]></link>
</author>
</authors>
</book>

          <book>
<id>10261761</id>
<title>Zahra&apos;s Paradise</title>
<title_without_series>Zahra&apos;s Paradise</title_without_series>
<link><![CDATA[https://www.goodreads.com/book/show/10261761-zahra-s-paradise]]></link>
<small_image_url><![CDATA[https://images.gr-assets.com/books/1316730659s/10261761.jpg]]></small_image_url>
<image_url><![CDATA[https://images.gr-assets.com/books/1316730659m/10261761.jpg]]></image_url>
<num_pages>272</num_pages>
<work>
<id>15162118</id>
</work>
<isbn>1596436425</isbn>
<isbn13>9781596436428</isbn13>
<average_rating>3.99</average_rating>
<ratings_count>2015</ratings_count>
<publication_year>2011</publication_year>
<publication_month>9</publication_month>
<publication_day>13</publication_day>
<authors>
<author>
<id>3299781</id>
<name>Amir</name>
<link><![CDATA[https://www.goodreads.com/author/show/3299781.Amir]]></link>
</author>
</authors>
</book>

          <book>
<id>1823114</id>
<title>Three Shadows</title>
<title_without_series>Three Shadows</title_without_series>
<link><![CDATA[https://www.goodreads.com/book/show/1823114.Three_Shadows]]></link>
<small_image_url><![CDATA[https://images.gr-assets.com/books/1312036554s/1823114.jpg]]></small_image_url>
<image_url><![CDATA[https://images.gr-assets.com/books/1312036554m/1823114.jpg]]></image_url>
<num_pages>268</num_pages>
<work>
<id>1822791</id>
</work>
<isbn>159643239X</isbn>
<isbn13>9781596432390</isbn13>
<average_rating>4.06</average_rating>
<ratings_count>3848</ratings_count>
<publication_year></publication_year>
<publication_month></publication_month>
<publication_day></publication_day>
<authors>
<author>
<id>208436</id>
<name>Cyril Pedrosa</name>
<link><![CDATA[https://www.goodreads.com/author/show/208436.Cyril_Pedrosa]]></link>
</author>
</authors>
</book>

          <book>
<id>8499509</id>
<title><![CDATA[Duncan the Wonder Dog: Show One]]></title>
<title_without_series><![CDATA[Duncan the Wonder Dog: Show One]]></title_without_series>
<link><![CDATA[https://www.goodreads.com/book/show/8499509-duncan-the-wonder-dog]]></link>
<small_image_url><![CDATA[https://s.gr-assets.com/assets/nophoto/book/50x75-a91bf249278a81aabab721ef782c4a74.png]]></small_image_url>
<image_url><![CDATA[https://s.gr-assets.com/assets/nophoto/book/111x148-bcc042a9c91a29c1d680899eff700a03.png]]></image_url>
<num_pages>392</num_pages>
<work>
<id>13365343</id>
</work>
<isbn>0977030490</isbn>
<isbn13>9780977030491</isbn13>
<average_rating>4.00</average_rating>
<ratings_count>611</ratings_count>
<publication_year>2010</publication_year>
<publication_month>11</publication_month>
<publication_day>9</publication_day>
<authors>
<author>
<id>4096446</id>
<name>Adam Hines</name>
<link><![CDATA[https://www.goodreads.com/author/show/4096446.Adam_Hines]]></link>
</author>
</authors>
</book>

          <book>
<id>3409425</id>
<title>Local</title>
<title_without_series>Local</title_without_series>
<link><![CDATA[https://www.goodreads.com/book/show/3409425-local]]></link>
<small_image_url><![CDATA[https://images.gr-assets.com/books/1270338777s/3409425.jpg]]></small_image_url>
<image_url><![CDATA[https://images.gr-assets.com/books/1270338777m/3409425.jpg]]></image_url>
<num_pages>376</num_pages>
<work>
<id>3449672</id>
</work>
<isbn>193496400X</isbn>
<isbn13>9781934964002</isbn13>
<average_rating>4.01</average_rating>
<ratings_count>3562</ratings_count>
<publication_year>2013</publication_year>
<publication_month>9</publication_month>
<publication_day>10</publication_day>
<authors>
<author>
<id>20493</id>
<name>Brian Wood</name>
<link><![CDATA[https://www.goodreads.com/author/show/20493.Brian_Wood]]></link>
</author>
</authors>
</book>

          <book>
<id>6867998</id>
<title>Life With Mr. Dangerous</title>
<title_without_series>Life With Mr. Dangerous</title_without_series>
<link><![CDATA[https://www.goodreads.com/book/show/6867998-life-with-mr-dangerous]]></link>
<small_image_url><![CDATA[https://images.gr-assets.com/books/1320550727s/6867998.jpg]]></small_image_url>
<image_url><![CDATA[https://images.gr-assets.com/books/1320550727m/6867998.jpg]]></image_url>
<num_pages>160</num_pages>
<work>
<id>7083477</id>
</work>
<isbn>0345494415</isbn>
<isbn13>9780345494412</isbn13>
<average_rating>3.53</average_rating>
<ratings_count>1070</ratings_count>
<publication_year>2011</publication_year>
<publication_month>5</publication_month>
<publication_day>24</publication_day>
<authors>
<author>
<id>64255</id>
<name>Paul Hornschemeier</name>
<link><![CDATA[https://www.goodreads.com/author/show/64255.Paul_Hornschemeier]]></link>
</author>
</authors>
</book>

          <book>
<id>6796708</id>
<title>Footnotes in Gaza</title>
<title_without_series>Footnotes in Gaza</title_without_series>
<link><![CDATA[https://www.goodreads.com/book/show/6796708-footnotes-in-gaza]]></link>
<small_image_url><![CDATA[https://images.gr-assets.com/books/1327888249s/6796708.jpg]]></small_image_url>
<image_url><![CDATA[https://images.gr-assets.com/books/1327888249m/6796708.jpg]]></image_url>
<num_pages>432</num_pages>
<work>
<id>7002029</id>
</work>
<isbn>0805073477</isbn>
<isbn13>9780805073478</isbn13>
<average_rating>4.27</average_rating>
<ratings_count>3561</ratings_count>
<publication_year>2009</publication_year>
<publication_month>12</publication_month>
<publication_day>22</publication_day>
<authors>
<author>
<id>32468</id>
<name>Joe Sacco</name>
<link><![CDATA[https://www.goodreads.com/author/show/32468.Joe_Sacco]]></link>
</author>
</authors>
</book>

          <book>
<id>6096829</id>
<title>Essex County</title>
<title_without_series>Essex County</title_without_series>
<link><![CDATA[https://www.goodreads.com/book/show/6096829-essex-county]]></link>
<small_image_url><![CDATA[https://s.gr-assets.com/assets/nophoto/book/50x75-a91bf249278a81aabab721ef782c4a74.png]]></small_image_url>
<image_url><![CDATA[https://s.gr-assets.com/assets/nophoto/book/111x148-bcc042a9c91a29c1d680899eff700a03.png]]></image_url>
<num_pages>512</num_pages>
<work>
<id>6273933</id>
</work>
<isbn>160309038X</isbn>
<isbn13>9781603090384</isbn13>
<average_rating>4.30</average_rating>
<ratings_count>6843</ratings_count>
<publication_year>2009</publication_year>
<publication_month>8</publication_month>
<publication_day>1</publication_day>
<authors>
<author>
<id>543719</id>
<name>Jeff Lemire</name>
<link><![CDATA[https://www.goodreads.com/author/show/543719.Jeff_Lemire]]></link>
</author>
</authors>
</book>

          <book>
<id>5967064</id>
<title>The Photographer</title>
<title_without_series>The Photographer</title_without_series>
<link><![CDATA[https://www.goodreads.com/book/show/5967064-the-photographer]]></link>
<small_image_url><![CDATA[https://s.gr-assets.com/assets/nophoto/book/50x75-a91bf249278a81aabab721ef782c4a74.png]]></small_image_url>
<image_url><![CDATA[https://s.gr-assets.com/assets/nophoto/book/111x148-bcc042a9c91a29c1d680899eff700a03.png]]></image_url>
<num_pages></num_pages>
<work>
<id>6139997</id>
</work>
<isbn>1596433752</isbn>
<isbn13>9781596433755</isbn13>
<average_rating>4.22</average_rating>
<ratings_count>2617</ratings_count>
<publication_year></publication_year>
<publication_month></publication_month>
<publication_day></publication_day>
<authors>
<author>
<id>297922</id>
<name>Emmanuel Guibert</name>
<link><![CDATA[https://www.goodreads.com/author/show/297922.Emmanuel_Guibert]]></link>
</author>
</authors>
</book>

          <book>
<id>13594590</id>
<title>The Nao of Brown</title>
<title_without_series>The Nao of Brown</title_without_series>
<link><![CDATA[https://www.goodreads.com/book/show/13594590-the-nao-of-brown]]></link>
<small_image_url><![CDATA[https://images.gr-assets.com/books/1344720163s/13594590.jpg]]></small_image_url>
<image_url><![CDATA[https://images.gr-assets.com/books/1344720163m/13594590.jpg]]></image_url>
<num_pages>204</num_pages>
<work>
<id>19182847</id>
</work>
<isbn>1906838429</isbn>
<isbn13>9781906838423</isbn13>
<average_rating>4.02</average_rating>
<ratings_count>2465</ratings_count>
<publication_year></publication_year>
<publication_month></publication_month>
<publication_day></publication_day>
<authors>
<author>
<id>2896686</id>
<name>Glyn Dillon</name>
<link><![CDATA[https://www.goodreads.com/author/show/2896686.Glyn_Dillon]]></link>
</author>
</authors>
</book>

          <book>
<id>2998756</id>
<title>Berlin, Vol. 2: City of Smoke</title>
<title_without_series>Berlin, Vol. 2: City of Smoke</title_without_series>
<link><![CDATA[https://www.goodreads.com/book/show/2998756-berlin-vol-2]]></link>
<small_image_url><![CDATA[https://s.gr-assets.com/assets/nophoto/book/50x75-a91bf249278a81aabab721ef782c4a74.png]]></small_image_url>
<image_url><![CDATA[https://s.gr-assets.com/assets/nophoto/book/111x148-bcc042a9c91a29c1d680899eff700a03.png]]></image_url>
<num_pages>210</num_pages>
<work>
<id>426930</id>
</work>
<isbn>1897299532</isbn>
<isbn13>9781897299531</isbn13>
<average_rating>4.07</average_rating>
<ratings_count>1679</ratings_count>
<publication_year></publication_year>
<publication_month></publication_month>
<publication_day></publication_day>
<authors>
<author>
<id>85213</id>
<name>Jason Lutes</name>
<link><![CDATA[https://www.goodreads.com/author/show/85213.Jason_Lutes]]></link>
</author>
</authors>
</book>

          <book>
<id>33472</id>
<title><![CDATA[The Contract With God Trilogy: Life on Dropsie Avenue (The Contract With God Trilogy, #1-3)]]></title>
<title_without_series><![CDATA[The Contract With God Trilogy: Life on Dropsie Avenue]]></title_without_series>
<link><![CDATA[https://www.goodreads.com/book/show/33472.The_Contract_With_God_Trilogy]]></link>
<small_image_url><![CDATA[https://images.gr-assets.com/books/1324242014s/33472.jpg]]></small_image_url>
<image_url><![CDATA[https://images.gr-assets.com/books/1324242014m/33472.jpg]]></image_url>
<num_pages>498</num_pages>
<work>
<id>48199417</id>
</work>
<isbn>0393061051</isbn>
<isbn13>9780393061055</isbn13>
<average_rating>4.24</average_rating>
<ratings_count>2787</ratings_count>
<publication_year>2005</publication_year>
<publication_month>12</publication_month>
<publication_day>17</publication_day>
<authors>
<author>
<id>1642</id>
<name>Will Eisner</name>
<link><![CDATA[https://www.goodreads.com/author/show/1642.Will_Eisner]]></link>
</author>
</authors>
</book>

          <book>
<id>8477057</id>
<title>Daytripper</title>
<title_without_series>Daytripper</title_without_series>
<link><![CDATA[https://www.goodreads.com/book/show/8477057-daytripper]]></link>
<small_image_url><![CDATA[https://images.gr-assets.com/books/1327876816s/8477057.jpg]]></small_image_url>
<image_url><![CDATA[https://images.gr-assets.com/books/1327876816m/8477057.jpg]]></image_url>
<num_pages>256</num_pages>
<work>
<id>13341979</id>
</work>
<isbn>1401229697</isbn>
<isbn13>9781401229696</isbn13>
<average_rating>4.31</average_rating>
<ratings_count>18599</ratings_count>
<publication_year>2011</publication_year>
<publication_month>2</publication_month>
<publication_day>8</publication_day>
<authors>
<author>
<id>454774</id>
<name>Fábio Moon</name>
<link><![CDATA[https://www.goodreads.com/author/show/454774.F_bio_Moon]]></link>
</author>
</authors>
</book>

          <book>
<id>8793349</id>
<title><![CDATA[Mister Wonderful: A Love Story]]></title>
<title_without_series><![CDATA[Mister Wonderful: A Love Story]]></title_without_series>
<link><![CDATA[https://www.goodreads.com/book/show/8793349-mister-wonderful]]></link>
<small_image_url><![CDATA[https://images.gr-assets.com/books/1327878205s/8793349.jpg]]></small_image_url>
<image_url><![CDATA[https://images.gr-assets.com/books/1327878205m/8793349.jpg]]></image_url>
<num_pages>80</num_pages>
<work>
<id>13667335</id>
</work>
<isbn>0307378136</isbn>
<isbn13>9780307378132</isbn13>
<average_rating>3.75</average_rating>
<ratings_count>3291</ratings_count>
<publication_year>2011</publication_year>
<publication_month>4</publication_month>
<publication_day>12</publication_day>
<authors>
<author>
<id>5129</id>
<name>Daniel Clowes</name>
<link><![CDATA[https://www.goodreads.com/author/show/5129.Daniel_Clowes]]></link>
</author>
</authors>
</book>

          <book>
<id>12918119</id>
<title><![CDATA[Unterzakhn (Pantheon Graphic Novels)]]></title>
<title_without_series>Unterzakhn</title_without_series>
<link><![CDATA[https://www.goodreads.com/book/show/12918119-unterzakhn]]></link>
<small_image_url><![CDATA[https://images.gr-assets.com/books/1326121292s/12918119.jpg]]></small_image_url>
<image_url><![CDATA[https://images.gr-assets.com/books/1326121292m/12918119.jpg]]></image_url>
<num_pages></num_pages>
<work>
<id>18073218</id>
</work>
<isbn>0805242597</isbn>
<isbn13>9780805242591</isbn13>
<average_rating>3.73</average_rating>
<ratings_count>1650</ratings_count>
<publication_year></publication_year>
<publication_month></publication_month>
<publication_day></publication_day>
<authors>
<author>
<id>147756</id>
<name>Leela Corman</name>
<link><![CDATA[https://www.goodreads.com/author/show/147756.Leela_Corman]]></link>
</author>
</authors>
</book>

          <book>
<id>7885217</id>
<title>Koko Be Good</title>
<title_without_series>Koko Be Good</title_without_series>
<link><![CDATA[https://www.goodreads.com/book/show/7885217-koko-be-good]]></link>
<small_image_url><![CDATA[https://images.gr-assets.com/books/1317792678s/7885217.jpg]]></small_image_url>
<image_url><![CDATA[https://images.gr-assets.com/books/1317792678m/7885217.jpg]]></image_url>
<num_pages>300</num_pages>
<work>
<id>11098689</id>
</work>
<isbn>1596435550</isbn>
<isbn13>9781596435551</isbn13>
<average_rating>3.58</average_rating>
<ratings_count>1720</ratings_count>
<publication_year>2010</publication_year>
<publication_month>9</publication_month>
<publication_day>14</publication_day>
<authors>
<author>
<id>1557381</id>
<name>Jen Wang</name>
<link><![CDATA[https://www.goodreads.com/author/show/1557381.Jen_Wang]]></link>
</author>
</authors>
</book>

          <book>
<id>6407014</id>
<title>Stitches</title>
<title_without_series>Stitches</title_without_series>
<link><![CDATA[https://www.goodreads.com/book/show/6407014-stitches]]></link>
<small_image_url><![CDATA[https://images.gr-assets.com/books/1327728261s/6407014.jpg]]></small_image_url>
<image_url><![CDATA[https://images.gr-assets.com/books/1327728261m/6407014.jpg]]></image_url>
<num_pages>329</num_pages>
<work>
<id>6595917</id>
</work>
<isbn>0393068579</isbn>
<isbn13>9780393068573</isbn13>
<average_rating>4.03</average_rating>
<ratings_count>18786</ratings_count>
<publication_year>2009</publication_year>
<publication_month>9</publication_month>
<publication_day>8</publication_day>
<authors>
<author>
<id>104017</id>
<name>David Small</name>
<link><![CDATA[https://www.goodreads.com/author/show/104017.David_Small]]></link>
</author>
</authors>
</book>

  </similar_books>
</book>

</GoodreadsResponse>