<?xml version="1.0" encoding="UTF-8"?>
<GoodreadsResponse>
  <Request>
    <authentication>true</authentication>
      <key><![CDATA[all_men_must_serve]]></key>
    <method><![CDATA[book_show]]></method>
  </Request>
  <book>
  <id>10140661</id>
  <title><![CDATA[Gabriel's Inferno (Gabriel's Inferno, #1)]]></title>
  <isbn><![CDATA[1936305623]]></isbn>
  <isbn13><![CDATA[9781936305629]]></isbn13>
  <asin><![CDATA[]]></asin>
  <kindle_asin><![CDATA[]]></kindle_asin>
  <marketplace_id><![CDATA[]]></marketplace_id>
  <country_code><![CDATA[GB]]></country_code>
  <image_url>https://images.gr-assets.com/books/1301789770m/10140661.jpg</image_url>
  <small_image_url>https://images.gr-assets.com/books/1301789770s/10140661.jpg</small_image_url>
  <publication_year>2011</publication_year>
  <publication_month>4</publication_month>
  <publication_day>4</publication_day>
  <publisher>Omnific Publishing</publisher>
  <language_code>eng</language_code>
  <is_ebook>false</is_ebook>
  <description><![CDATA[Enigmatic and sexy, Professor Gabriel Emerson is a well respected Dante specialist by day, but by night he devotes himself to an uninhibited life of pleasure. He uses his notorious good looks and sophisticated charm to gratify his every whim, but is secretly tortured by his dark past and consumed by the profound belief that he is beyond all hope of redemption.<br /><br />When the sweet and innocent Julia Mitchell enrolls as his graduate student, his attraction and mysterious connection to her not only jeopardizes his career, but sends him on a journey in which his past and his present collide.<br /><br />An intriguing and sinful exploration of seduction, forbidden love and redemption, "Gabriel's Inferno" is a captivating and wildly passionate tale of one man's escape from his own personal hell as he tries to earn the impossible...forgiveness and love.]]></description>
  <work>
  <id type="integer">15038778</id>
  <books_count type="integer">50</books_count>
  <best_book_id type="integer">10140661</best_book_id>
  <reviews_count type="integer">213044</reviews_count>
  <ratings_sum type="integer">513991</ratings_sum>
  <ratings_count type="integer">127937</ratings_count>
  <text_reviews_count type="integer">7196</text_reviews_count>
  <original_publication_year type="integer">2011</original_publication_year>
  <original_publication_month type="integer">4</original_publication_month>
  <original_publication_day type="integer">1</original_publication_day>
  <original_title>Gabriel's Inferno</original_title>
  <original_language_id type="integer" nil="true"/>
  <media_type>book</media_type>
  <rating_dist>5:56825|4:35913|3:21267|2:8481|1:5451|total:127937</rating_dist>
  <desc_user_id type="integer">3071767</desc_user_id>
  <default_chaptering_book_id type="integer" nil="true"/>
  <default_description_language_code nil="true"/>
</work>
  <average_rating>4.02</average_rating>
  <num_pages><![CDATA[506]]></num_pages>
  <format><![CDATA[Paperback]]></format>
  <edition_information><![CDATA[]]></edition_information>
  <ratings_count><![CDATA[119678]]></ratings_count>
  <text_reviews_count><![CDATA[6153]]></text_reviews_count>
  <url><![CDATA[https://www.goodreads.com/book/show/10140661-gabriel-s-inferno]]></url>
  <link><![CDATA[https://www.goodreads.com/book/show/10140661-gabriel-s-inferno]]></link>
  <authors>
<author>
<id>4562483</id>
<name>Sylvain Reynard</name>
<role></role>
<image_url nophoto='false'>
<![CDATA[https://images.gr-assets.com/authors/1492015203p5/4562483.jpg]]>
</image_url>
<small_image_url nophoto='false'>
<![CDATA[https://images.gr-assets.com/authors/1492015203p2/4562483.jpg]]>
</small_image_url>
<link><![CDATA[https://www.goodreads.com/author/show/4562483.Sylvain_Reynard]]></link>
<average_rating>4.12</average_rating>
<ratings_count>269858</ratings_count>
<text_reviews_count>15208</text_reviews_count>
</author>
</authors>

    <reviews_widget>
      <![CDATA[
        <style>
  #goodreads-widget {
    font-family: georgia, serif;
    padding: 18px 0;
    width:565px;
  }
  #goodreads-widget h1 {
    font-weight:normal;
    font-size: 16px;
    border-bottom: 1px solid #BBB596;
    margin-bottom: 0;
  }
  #goodreads-widget a {
    text-decoration: none;
    color:#660;
  }
  iframe{
    background-color: #fff;
  }
  #goodreads-widget a:hover { text-decoration: underline; }
  #goodreads-widget a:active {
    color:#660;
  }
  #gr_footer {
    width: 100%;
    border-top: 1px solid #BBB596;
    text-align: right;
  }
  #goodreads-widget .gr_branding{
    color: #382110;
    font-size: 11px;
    text-decoration: none;
    font-family: "Helvetica Neue", Helvetica, Arial, sans-serif;
  }
</style>
<div id="goodreads-widget">
  <div id="gr_header"><h1><a rel="nofollow" href="https://www.goodreads.com/book/show/10140661-gabriel-s-inferno">Gabriel&#39;s Inferno Reviews</a></h1></div>
  <iframe id="the_iframe" src="https://www.goodreads.com/api/reviews_widget_iframe?did=DEVELOPER_ID&amp;format=html&amp;isbn=1936305623&amp;links=660&amp;min_rating=&amp;review_back=fff&amp;stars=000&amp;text=000" width="565" height="400" frameborder="0"></iframe>
  <div id="gr_footer">
    <a class="gr_branding" target="_blank" rel="nofollow" href="https://www.goodreads.com/book/show/10140661-gabriel-s-inferno?utm_medium=api&amp;utm_source=reviews_widget">Reviews from Goodreads.com</a>
  </div>
</div>

      ]]>
    </reviews_widget>
  <popular_shelves>
      <shelf name="to-read" count="7103"/>
      <shelf name="favorites" count="2054"/>
      <shelf name="romance" count="1913"/>
      <shelf name="contemporary-romance" count="470"/>
      <shelf name="erotica" count="444"/>
      <shelf name="contemporary" count="428"/>
      <shelf name="series" count="374"/>
      <shelf name="adult" count="312"/>
      <shelf name="currently-reading" count="310"/>
      <shelf name="new-adult" count="279"/>
      <shelf name="dnf" count="232"/>
      <shelf name="alpha-male" count="178"/>
      <shelf name="kindle" count="178"/>
      <shelf name="teacher-student" count="144"/>
      <shelf name="erotic-romance" count="139"/>
      <shelf name="fiction" count="127"/>
      <shelf name="favorite" count="126"/>
      <shelf name="college" count="123"/>
      <shelf name="books-i-own" count="122"/>
      <shelf name="sylvain-reynard" count="121"/>
      <shelf name="erotic" count="119"/>
      <shelf name="favourites" count="114"/>
      <shelf name="ebook" count="114"/>
      <shelf name="chick-lit" count="112"/>
      <shelf name="read-in-2012" count="102"/>
      <shelf name="forbidden-love" count="100"/>
      <shelf name="student-teacher" count="96"/>
      <shelf name="owned" count="90"/>
      <shelf name="5-stars" count="90"/>
      <shelf name="adult-romance" count="87"/>
      <shelf name="ebooks" count="82"/>
      <shelf name="did-not-finish" count="80"/>
      <shelf name="college-romance" count="72"/>
      <shelf name="read-in-2013" count="71"/>
      <shelf name="bdsm" count="65"/>
      <shelf name="adult-fiction" count="58"/>
      <shelf name="all-time-favorites" count="56"/>
      <shelf name="maybe" count="56"/>
      <shelf name="book-boyfriends" count="55"/>
      <shelf name="love" count="55"/>
      <shelf name="owned-books" count="54"/>
      <shelf name="read-2012" count="54"/>
      <shelf name="e-book" count="54"/>
      <shelf name="drama" count="52"/>
      <shelf name="steamy" count="52"/>
      <shelf name="book-boyfriend" count="51"/>
      <shelf name="virgin-heroine" count="51"/>
      <shelf name="favorite-books" count="51"/>
      <shelf name="abandoned" count="50"/>
      <shelf name="library" count="50"/>
      <shelf name="to-buy" count="49"/>
      <shelf name="4-stars" count="47"/>
      <shelf name="read-in-2014" count="45"/>
      <shelf name="my-favorites" count="45"/>
      <shelf name="gabriel-s-inferno" count="45"/>
      <shelf name="re-read" count="44"/>
      <shelf name="romance-contemporary" count="44"/>
      <shelf name="read-2013" count="42"/>
      <shelf name="sexy" count="42"/>
      <shelf name="angst" count="42"/>
      <shelf name="favs" count="42"/>
      <shelf name="part-of-a-series" count="39"/>
      <shelf name="loved" count="39"/>
      <shelf name="nook" count="38"/>
      <shelf name="audiobook" count="37"/>
      <shelf name="alpha-males" count="37"/>
      <shelf name="alpha" count="37"/>
      <shelf name="bad-boys" count="36"/>
      <shelf name="wish-list" count="36"/>
      <shelf name="favorite-series" count="35"/>
      <shelf name="finished" count="35"/>
      <shelf name="paperback" count="34"/>
      <shelf name="virgin" count="34"/>
      <shelf name="5-star" count="34"/>
      <shelf name="couldn-t-finish" count="34"/>
      <shelf name="read-2014" count="33"/>
      <shelf name="faves" count="33"/>
      <shelf name="guilty-pleasures" count="32"/>
      <shelf name="smut" count="32"/>
      <shelf name="e-books" count="32"/>
      <shelf name="first-in-series" count="31"/>
      <shelf name="kindle-books" count="31"/>
      <shelf name="must-read" count="30"/>
      <shelf name="forbidden" count="29"/>
      <shelf name="angsty" count="29"/>
      <shelf name="2012-reads" count="29"/>
      <shelf name="forbidden-romance" count="28"/>
      <shelf name="hot" count="28"/>
      <shelf name="hot-for-teacher" count="27"/>
      <shelf name="default" count="26"/>
      <shelf name="2013-reads" count="26"/>
      <shelf name="not-interested" count="26"/>
      <shelf name="unfinished" count="26"/>
      <shelf name="gave-up-on" count="26"/>
      <shelf name="m-f" count="26"/>
      <shelf name="my-books" count="25"/>
      <shelf name="student-teacher-romance" count="25"/>
      <shelf name="young-adult" count="25"/>
      <shelf name="realistic-fiction" count="25"/>
      <shelf name="bad-boy" count="25"/>
  </popular_shelves>
  <book_links>
    <book_link>
  <id>8</id>
  <name>Libraries</name>
  <link>https://www.goodreads.com/book_link/follow/8</link>
</book_link>

  </book_links>
  <buy_links>
    <buy_link>
<id>1</id>
<name>Amazon</name>
<link>https://www.goodreads.com/book_link/follow/1</link>
</buy_link>
<buy_link>
<id>10</id>
<name>Audible</name>
<link>https://www.goodreads.com/book_link/follow/10</link>
</buy_link>
<buy_link>
<id>3</id>
<name>Barnes &amp; Noble</name>
<link>https://www.goodreads.com/book_link/follow/3</link>
</buy_link>
<buy_link>
<id>1027</id>
<name>Kobo</name>
<link>https://www.goodreads.com/book_link/follow/1027</link>
</buy_link>
<buy_link>
<id>2102</id>
<name>Apple iBooks</name>
<link>https://www.goodreads.com/book_link/follow/2102</link>
</buy_link>
<buy_link>
<id>8036</id>
<name>Google Play</name>
<link>https://www.goodreads.com/book_link/follow/8036</link>
</buy_link>
<buy_link>
<id>4</id>
<name>Abebooks</name>
<link>https://www.goodreads.com/book_link/follow/4</link>
</buy_link>
<buy_link>
<id>882</id>
<name>Book Depository</name>
<link>https://www.goodreads.com/book_link/follow/882</link>
</buy_link>
<buy_link>
<id>9</id>
<name>Indigo</name>
<link>https://www.goodreads.com/book_link/follow/9</link>
</buy_link>
<buy_link>
<id>2</id>
<name>Half.com</name>
<link>https://www.goodreads.com/book_link/follow/2</link>
</buy_link>
<buy_link>
<id>5</id>
<name>Alibris</name>
<link>https://www.goodreads.com/book_link/follow/5</link>
</buy_link>
<buy_link>
<id>107</id>
<name>Better World Books</name>
<link>https://www.goodreads.com/book_link/follow/107</link>
</buy_link>
<buy_link>
<id>7</id>
<name>IndieBound</name>
<link>https://www.goodreads.com/book_link/follow/7</link>
</buy_link>

  </buy_links>
  <series_works>
    <series_work>
<id>382349</id>
<user_position>1</user_position>
<series>
<id>80574</id>
<title>
<![CDATA[
    Gabriel's Inferno
]]>
</title>
<description>
<![CDATA[
]]>
</description>
<note>
<![CDATA[
]]>
</note>
<series_works_count>4</series_works_count>
<primary_work_count>3</primary_work_count>
<numbered>true</numbered>
</series>

</series_work>

  </series_works>
  <similar_books>
          <book>
<id>13612739</id>
<title><![CDATA[Seduced in the Dark (The Dark Duet, #2)]]></title>
<title_without_series>Seduced in the Dark</title_without_series>
<link><![CDATA[https://www.goodreads.com/book/show/13612739-seduced-in-the-dark]]></link>
<small_image_url><![CDATA[https://images.gr-assets.com/books/1335114363s/13612739.jpg]]></small_image_url>
<image_url><![CDATA[https://images.gr-assets.com/books/1335114363m/13612739.jpg]]></image_url>
<num_pages>505</num_pages>
<work>
<id>19212100</id>
</work>
<isbn></isbn>
<isbn13></isbn13>
<average_rating>4.32</average_rating>
<ratings_count>46356</ratings_count>
<publication_year>2012</publication_year>
<publication_month>8</publication_month>
<publication_day>30</publication_day>
<authors>
<author>
<id>5174152</id>
<name>C.J. Roberts</name>
<link><![CDATA[https://www.goodreads.com/author/show/5174152.C_J_Roberts]]></link>
</author>
</authors>
</book>

          <book>
<id>12647642</id>
<title>Love Unrehearsed (Love, #2)</title>
<title_without_series>Love Unrehearsed</title_without_series>
<link><![CDATA[https://www.goodreads.com/book/show/12647642-love-unrehearsed]]></link>
<small_image_url><![CDATA[https://images.gr-assets.com/books/1347242126s/12647642.jpg]]></small_image_url>
<image_url><![CDATA[https://images.gr-assets.com/books/1347242126m/12647642.jpg]]></image_url>
<num_pages>448</num_pages>
<work>
<id>17760917</id>
</work>
<isbn></isbn>
<isbn13></isbn13>
<average_rating>4.26</average_rating>
<ratings_count>42826</ratings_count>
<publication_year>2012</publication_year>
<publication_month>9</publication_month>
<publication_day>14</publication_day>
<authors>
<author>
<id>3980637</id>
<name>Tina Reber</name>
<link><![CDATA[https://www.goodreads.com/author/show/3980637.Tina_Reber]]></link>
</author>
</authors>
</book>

          <book>
<id>13560262</id>
<title><![CDATA[Avoiding Responsibility (Avoiding, #2)]]></title>
<title_without_series>Avoiding Responsibility</title_without_series>
<link><![CDATA[https://www.goodreads.com/book/show/13560262-avoiding-responsibility]]></link>
<small_image_url><![CDATA[https://images.gr-assets.com/books/1351018683s/13560262.jpg]]></small_image_url>
<image_url><![CDATA[https://images.gr-assets.com/books/1351018683m/13560262.jpg]]></image_url>
<num_pages>350</num_pages>
<work>
<id>19134343</id>
</work>
<isbn>1481060953</isbn>
<isbn13>9781481060953</isbn13>
<average_rating>4.07</average_rating>
<ratings_count>22707</ratings_count>
<publication_year>2012</publication_year>
<publication_month>12</publication_month>
<publication_day>1</publication_day>
<authors>
<author>
<id>5421050</id>
<name>K.A. Linde</name>
<link><![CDATA[https://www.goodreads.com/author/show/5421050.K_A_Linde]]></link>
</author>
</authors>
</book>

          <book>
<id>8599748</id>
<title>Trust in Advertising</title>
<title_without_series>Trust in Advertising</title_without_series>
<link><![CDATA[https://www.goodreads.com/book/show/8599748-trust-in-advertising]]></link>
<small_image_url><![CDATA[https://images.gr-assets.com/books/1356207477s/8599748.jpg]]></small_image_url>
<image_url><![CDATA[https://images.gr-assets.com/books/1356207477m/8599748.jpg]]></image_url>
<num_pages>452</num_pages>
<work>
<id>13469601</id>
</work>
<isbn>1936305291</isbn>
<isbn13>9781936305292</isbn13>
<average_rating>3.89</average_rating>
<ratings_count>11714</ratings_count>
<publication_year>2010</publication_year>
<publication_month>7</publication_month>
<publication_day>27</publication_day>
<authors>
<author>
<id>534097</id>
<name>Victoria Michaels</name>
<link><![CDATA[https://www.goodreads.com/author/show/534097.Victoria_Michaels]]></link>
</author>
</authors>
</book>

          <book>
<id>33864410</id>
<title>Honor Thy Teacher (Honor, #2)</title>
<title_without_series>Honor Thy Teacher</title_without_series>
<link><![CDATA[https://www.goodreads.com/book/show/33864410-honor-thy-teacher]]></link>
<small_image_url><![CDATA[https://images.gr-assets.com/books/1484512141s/33864410.jpg]]></small_image_url>
<image_url><![CDATA[https://images.gr-assets.com/books/1484512141m/33864410.jpg]]></image_url>
<num_pages></num_pages>
<work>
<id>19341157</id>
</work>
<isbn></isbn>
<isbn13></isbn13>
<average_rating>3.63</average_rating>
<ratings_count>10330</ratings_count>
<publication_year></publication_year>
<publication_month></publication_month>
<publication_day></publication_day>
<authors>
<author>
<id>5214793</id>
<name>Teresa Mummert</name>
<link><![CDATA[https://www.goodreads.com/author/show/5214793.Teresa_Mummert]]></link>
</author>
</authors>
</book>

          <book>
<id>15739921</id>
<title><![CDATA[The Reluctant Dom (Suncoast Society, #4)]]></title>
<title_without_series>The Reluctant Dom</title_without_series>
<link><![CDATA[https://www.goodreads.com/book/show/15739921-the-reluctant-dom]]></link>
<small_image_url><![CDATA[https://images.gr-assets.com/books/1341647100s/15739921.jpg]]></small_image_url>
<image_url><![CDATA[https://images.gr-assets.com/books/1341647100m/15739921.jpg]]></image_url>
<num_pages>318</num_pages>
<work>
<id>6265175</id>
</work>
<isbn></isbn>
<isbn13></isbn13>
<average_rating>4.16</average_rating>
<ratings_count>8701</ratings_count>
<publication_year>2012</publication_year>
<publication_month>7</publication_month>
<publication_day>3</publication_day>
<authors>
<author>
<id>2704714</id>
<name>Tymber Dalton</name>
<link><![CDATA[https://www.goodreads.com/author/show/2704714.Tymber_Dalton]]></link>
</author>
</authors>
</book>

          <book>
<id>17229636</id>
<title><![CDATA[The Education of Caroline (The Education of..., #2)]]></title>
<title_without_series>The Education of Caroline</title_without_series>
<link><![CDATA[https://www.goodreads.com/book/show/17229636-the-education-of-caroline]]></link>
<small_image_url><![CDATA[https://images.gr-assets.com/books/1357874562s/17229636.jpg]]></small_image_url>
<image_url><![CDATA[https://images.gr-assets.com/books/1357874562m/17229636.jpg]]></image_url>
<num_pages>375</num_pages>
<work>
<id>23744006</id>
</work>
<isbn></isbn>
<isbn13></isbn13>
<average_rating>4.17</average_rating>
<ratings_count>4608</ratings_count>
<publication_year>2013</publication_year>
<publication_month>2</publication_month>
<publication_day>7</publication_day>
<authors>
<author>
<id>6458246</id>
<name>Jane Harvey-Berrick</name>
<link><![CDATA[https://www.goodreads.com/author/show/6458246.Jane_Harvey_Berrick]]></link>
</author>
</authors>
</book>

          <book>
<id>15842441</id>
<title>Effortless (Thoughtless, #2)</title>
<title_without_series>Effortless</title_without_series>
<link><![CDATA[https://www.goodreads.com/book/show/15842441-effortless]]></link>
<small_image_url><![CDATA[https://images.gr-assets.com/books/1364805648s/15842441.jpg]]></small_image_url>
<image_url><![CDATA[https://images.gr-assets.com/books/1364805648m/15842441.jpg]]></image_url>
<num_pages>487</num_pages>
<work>
<id>16657003</id>
</work>
<isbn>1476717486</isbn>
<isbn13>9781476717487</isbn13>
<average_rating>4.37</average_rating>
<ratings_count>106335</ratings_count>
<publication_year>2013</publication_year>
<publication_month>1</publication_month>
<publication_day>8</publication_day>
<authors>
<author>
<id>4372391</id>
<name>S.C. Stephens</name>
<link><![CDATA[https://www.goodreads.com/author/show/4372391.S_C_Stephens]]></link>
</author>
</authors>
</book>

          <book>
<id>17255265</id>
<title><![CDATA[This Man Confessed (This Man, #3)]]></title>
<title_without_series>This Man Confessed</title_without_series>
<link><![CDATA[https://www.goodreads.com/book/show/17255265-this-man-confessed]]></link>
<small_image_url><![CDATA[https://images.gr-assets.com/books/1368274129s/17255265.jpg]]></small_image_url>
<image_url><![CDATA[https://images.gr-assets.com/books/1368274129m/17255265.jpg]]></image_url>
<num_pages>501</num_pages>
<work>
<id>23847880</id>
</work>
<isbn></isbn>
<isbn13></isbn13>
<average_rating>4.43</average_rating>
<ratings_count>64607</ratings_count>
<publication_year>2013</publication_year>
<publication_month>7</publication_month>
<publication_day>2</publication_day>
<authors>
<author>
<id>6576110</id>
<name>Jodi Ellen Malpas</name>
<link><![CDATA[https://www.goodreads.com/author/show/6576110.Jodi_Ellen_Malpas]]></link>
</author>
</authors>
</book>

          <book>
<id>9399336</id>
<title><![CDATA[The Redhead Revealed (Redhead, #2)]]></title>
<title_without_series>The Redhead Revealed</title_without_series>
<link><![CDATA[https://www.goodreads.com/book/show/9399336-the-redhead-revealed]]></link>
<small_image_url><![CDATA[https://images.gr-assets.com/books/1285470017s/9399336.jpg]]></small_image_url>
<image_url><![CDATA[https://images.gr-assets.com/books/1285470017m/9399336.jpg]]></image_url>
<num_pages>228</num_pages>
<work>
<id>14283194</id>
</work>
<isbn>1936305380</isbn>
<isbn13>9781936305384</isbn13>
<average_rating>4.20</average_rating>
<ratings_count>17366</ratings_count>
<publication_year>2010</publication_year>
<publication_month>9</publication_month>
<publication_day>28</publication_day>
<authors>
<author>
<id>3379564</id>
<name>Alice Clayton</name>
<link><![CDATA[https://www.goodreads.com/author/show/3379564.Alice_Clayton]]></link>
</author>
</authors>
</book>

          <book>
<id>16146206</id>
<title><![CDATA[Color of Forgiveness (Color, #2)]]></title>
<title_without_series>Color of Forgiveness</title_without_series>
<link><![CDATA[https://www.goodreads.com/book/show/16146206-color-of-forgiveness]]></link>
<small_image_url><![CDATA[https://images.gr-assets.com/books/1352743788s/16146206.jpg]]></small_image_url>
<image_url><![CDATA[https://images.gr-assets.com/books/1352743788m/16146206.jpg]]></image_url>
<num_pages>492</num_pages>
<work>
<id>21979594</id>
</work>
<isbn></isbn>
<isbn13>9781301600816</isbn13>
<average_rating>4.11</average_rating>
<ratings_count>1308</ratings_count>
<publication_year>2013</publication_year>
<publication_month>3</publication_month>
<publication_day>16</publication_day>
<authors>
<author>
<id>6538176</id>
<name>Madeleine Beckett</name>
<link><![CDATA[https://www.goodreads.com/author/show/6538176.Madeleine_Beckett]]></link>
</author>
</authors>
</book>

          <book>
<id>13413762</id>
<title>Play It Safe</title>
<title_without_series>Play It Safe</title_without_series>
<link><![CDATA[https://www.goodreads.com/book/show/13413762-play-it-safe]]></link>
<small_image_url><![CDATA[https://images.gr-assets.com/books/1326638842s/13413762.jpg]]></small_image_url>
<image_url><![CDATA[https://images.gr-assets.com/books/1326638842m/13413762.jpg]]></image_url>
<num_pages>487</num_pages>
<work>
<id>18699235</id>
</work>
<isbn></isbn>
<isbn13></isbn13>
<average_rating>4.27</average_rating>
<ratings_count>15573</ratings_count>
<publication_year>2012</publication_year>
<publication_month>1</publication_month>
<publication_day></publication_day>
<authors>
<author>
<id>2958084</id>
<name>Kristen Ashley</name>
<link><![CDATA[https://www.goodreads.com/author/show/2958084.Kristen_Ashley]]></link>
</author>
</authors>
</book>

          <book>
<id>12710035</id>
<title><![CDATA[Hot Ticket (Sinners on Tour, #3)]]></title>
<title_without_series>Hot Ticket</title_without_series>
<link><![CDATA[https://www.goodreads.com/book/show/12710035-hot-ticket]]></link>
<small_image_url><![CDATA[https://images.gr-assets.com/books/1348005153s/12710035.jpg]]></small_image_url>
<image_url><![CDATA[https://images.gr-assets.com/books/1348005153m/12710035.jpg]]></image_url>
<num_pages>365</num_pages>
<work>
<id>17843529</id>
</work>
<isbn>1402245858</isbn>
<isbn13>9781402245855</isbn13>
<average_rating>4.28</average_rating>
<ratings_count>22204</ratings_count>
<publication_year>2013</publication_year>
<publication_month>2</publication_month>
<publication_day>5</publication_day>
<authors>
<author>
<id>4062698</id>
<name>Olivia Cunning</name>
<link><![CDATA[https://www.goodreads.com/author/show/4062698.Olivia_Cunning]]></link>
</author>
</authors>
</book>

          <book>
<id>31315123</id>
<title>Need (Finding Anna #2)</title>
<title_without_series>Need</title_without_series>
<link><![CDATA[https://www.goodreads.com/book/show/31315123-need]]></link>
<small_image_url><![CDATA[https://images.gr-assets.com/books/1470109409s/31315123.jpg]]></small_image_url>
<image_url><![CDATA[https://images.gr-assets.com/books/1470109409m/31315123.jpg]]></image_url>
<num_pages>228</num_pages>
<work>
<id>19200254</id>
</work>
<isbn></isbn>
<isbn13></isbn13>
<average_rating>4.09</average_rating>
<ratings_count>3231</ratings_count>
<publication_year>2016</publication_year>
<publication_month>8</publication_month>
<publication_day>1</publication_day>
<authors>
<author>
<id>4496779</id>
<name>Sherri Hayes</name>
<link><![CDATA[https://www.goodreads.com/author/show/4496779.Sherri_Hayes]]></link>
</author>
</authors>
</book>

          <book>
<id>18338465</id>
<title>Sempre (Sempre, #1)</title>
<title_without_series>Sempre</title_without_series>
<link><![CDATA[https://www.goodreads.com/book/show/18338465-sempre]]></link>
<small_image_url><![CDATA[https://images.gr-assets.com/books/1416444195s/18338465.jpg]]></small_image_url>
<image_url><![CDATA[https://images.gr-assets.com/books/1416444195m/18338465.jpg]]></image_url>
<num_pages>528</num_pages>
<work>
<id>18285292</id>
</work>
<isbn>1476760756</isbn>
<isbn13>9781476760759</isbn13>
<average_rating>4.21</average_rating>
<ratings_count>23534</ratings_count>
<publication_year>2014</publication_year>
<publication_month>2</publication_month>
<publication_day>25</publication_day>
<authors>
<author>
<id>5351355</id>
<name>J.M. Darhower</name>
<link><![CDATA[https://www.goodreads.com/author/show/5351355.J_M_Darhower]]></link>
</author>
</authors>
</book>

          <book>
<id>17158596</id>
<title>Collide (Collide, #1)</title>
<title_without_series>Collide</title_without_series>
<link><![CDATA[https://www.goodreads.com/book/show/17158596-collide]]></link>
<small_image_url><![CDATA[https://images.gr-assets.com/books/1359831056s/17158596.jpg]]></small_image_url>
<image_url><![CDATA[https://images.gr-assets.com/books/1359831056m/17158596.jpg]]></image_url>
<num_pages>395</num_pages>
<work>
<id>23582083</id>
</work>
<isbn></isbn>
<isbn13></isbn13>
<average_rating>4.24</average_rating>
<ratings_count>58703</ratings_count>
<publication_year>2013</publication_year>
<publication_month>1</publication_month>
<publication_day>18</publication_day>
<authors>
<author>
<id>6860574</id>
<name>Gail McHugh</name>
<link><![CDATA[https://www.goodreads.com/author/show/6860574.Gail_McHugh]]></link>
</author>
</authors>
</book>

          <book>
<id>13548075</id>
<title><![CDATA[The Angel (The Original Sinners, #2)]]></title>
<title_without_series>The Angel</title_without_series>
<link><![CDATA[https://www.goodreads.com/book/show/13548075-the-angel]]></link>
<small_image_url><![CDATA[https://images.gr-assets.com/books/1337044736s/13548075.jpg]]></small_image_url>
<image_url><![CDATA[https://images.gr-assets.com/books/1337044736m/13548075.jpg]]></image_url>
<num_pages>410</num_pages>
<work>
<id>19113247</id>
</work>
<isbn>0778313999</isbn>
<isbn13>9780778313991</isbn13>
<average_rating>4.47</average_rating>
<ratings_count>12674</ratings_count>
<publication_year>2012</publication_year>
<publication_month>9</publication_month>
<publication_day>25</publication_day>
<authors>
<author>
<id>4480131</id>
<name>Tiffany Reisz</name>
<link><![CDATA[https://www.goodreads.com/author/show/4480131.Tiffany_Reisz]]></link>
</author>
</authors>
</book>

          <book>
<id>16122643</id>
<title><![CDATA[Eyes Wide Open (The Blackstone Affair, #3)]]></title>
<title_without_series>Eyes Wide Open</title_without_series>
<link><![CDATA[https://www.goodreads.com/book/show/16122643-eyes-wide-open]]></link>
<small_image_url><![CDATA[https://images.gr-assets.com/books/1360846127s/16122643.jpg]]></small_image_url>
<image_url><![CDATA[https://images.gr-assets.com/books/1360846127m/16122643.jpg]]></image_url>
<num_pages>353</num_pages>
<work>
<id>21943963</id>
</work>
<isbn></isbn>
<isbn13></isbn13>
<average_rating>4.14</average_rating>
<ratings_count>36794</ratings_count>
<publication_year>2013</publication_year>
<publication_month>5</publication_month>
<publication_day>14</publication_day>
<authors>
<author>
<id>4930653</id>
<name>Raine Miller</name>
<link><![CDATA[https://www.goodreads.com/author/show/4930653.Raine_Miller]]></link>
</author>
</authors>
</book>

  </similar_books>
</book>

</GoodreadsResponse>