<?xml version="1.0" encoding="UTF-8"?>
<GoodreadsResponse>
  <Request>
    <authentication>true</authentication>
      <key><![CDATA[all_men_must_serve]]></key>
    <method><![CDATA[book_show]]></method>
  </Request>
  <book>
  <id>10161216</id>
  <title><![CDATA[Mr. Churchill's Secretary (Maggie Hope Mystery, #1)]]></title>
  <isbn><![CDATA[0553593617]]></isbn>
  <isbn13><![CDATA[9780553593617]]></isbn13>
  <asin><![CDATA[]]></asin>
  <kindle_asin><![CDATA[B00LSGMTXQ]]></kindle_asin>
  <marketplace_id><![CDATA[A1F83G8C2ARO7P]]></marketplace_id>
  <country_code><![CDATA[GB]]></country_code>
  <image_url>https://images.gr-assets.com/books/1333578794m/10161216.jpg</image_url>
  <small_image_url>https://images.gr-assets.com/books/1333578794s/10161216.jpg</small_image_url>
  <publication_year>2012</publication_year>
  <publication_month>4</publication_month>
  <publication_day>3</publication_day>
  <publisher>Bantam</publisher>
  <language_code>eng</language_code>
  <is_ebook>false</is_ebook>
  <description><![CDATA[<b><b><b>For fans of Jacqueline Winspear, Laurie R. King, and Anne Perry</b></b>, <i>Mr. Churchill’s Secretary</i> captures the drama of an era of unprecedented challenge—and the greatness that rose to meet it.</b><br /><br />London, 1940. Winston Churchill has just been sworn in, war rages across the Channel, and the threat of a Blitz looms larger by the day. But none of this deters Maggie Hope. She graduated at the top of her college class and possesses all the skills of the finest minds in British intelligence, but her gender qualifies her only to be the newest typist at No. 10 Downing Street. Her indefatigable spirit and remarkable gifts for codebreaking, though, rival those of even the highest men in government, and Maggie finds that working for the prime minister affords her a level of clearance she could never have imagined—and opportunities she will not let pass. In troubled, deadly times, with air-raid sirens sending multitudes underground, access to the War Rooms also exposes Maggie to the machinations of a menacing faction determined to do whatever it takes to change the course of history.<br /><br />Ensnared in a web of spies, murder, and intrigue, Maggie must work quickly to balance her duty to King and Country with her chances for survival. And when she unravels a mystery that points toward her own family’s hidden secrets, she’ll discover that her quick wits are all that stand between an assassin’s murderous plan and Churchill himself.<br /><br />In this daring debut, Susan Elia MacNeal blends meticulous research on the era, psychological insight into Winston Churchill, and the creation of a riveting main character,  Maggie Hope, into a spectacularly crafted novel.]]></description>
  <work>
  <id type="integer">15059759</id>
  <books_count type="integer">16</books_count>
  <best_book_id type="integer">10161216</best_book_id>
  <reviews_count type="integer">29525</reviews_count>
  <ratings_sum type="integer">53183</ratings_sum>
  <ratings_count type="integer">14527</ratings_count>
  <text_reviews_count type="integer">2252</text_reviews_count>
  <original_publication_year type="integer">2012</original_publication_year>
  <original_publication_month type="integer">1</original_publication_month>
  <original_publication_day type="integer">1</original_publication_day>
  <original_title></original_title>
  <original_language_id type="integer" nil="true"/>
  <media_type>book</media_type>
  <rating_dist>5:2677|4:6018|3:4384|2:1126|1:322|total:14527</rating_dist>
  <desc_user_id type="integer">267792</desc_user_id>
  <default_chaptering_book_id type="integer" nil="true"/>
  <default_description_language_code nil="true"/>
</work>
  <average_rating>3.66</average_rating>
  <num_pages><![CDATA[358]]></num_pages>
  <format><![CDATA[Paperback]]></format>
  <edition_information><![CDATA[]]></edition_information>
  <ratings_count><![CDATA[12651]]></ratings_count>
  <text_reviews_count><![CDATA[2088]]></text_reviews_count>
  <url><![CDATA[https://www.goodreads.com/book/show/10161216-mr-churchill-s-secretary]]></url>
  <link><![CDATA[https://www.goodreads.com/book/show/10161216-mr-churchill-s-secretary]]></link>
  <authors>
<author>
<id>517286</id>
<name>Susan Elia MacNeal</name>
<role></role>
<image_url nophoto='false'>
<![CDATA[https://images.gr-assets.com/authors/1490897731p5/517286.jpg]]>
</image_url>
<small_image_url nophoto='false'>
<![CDATA[https://images.gr-assets.com/authors/1490897731p2/517286.jpg]]>
</small_image_url>
<link><![CDATA[https://www.goodreads.com/author/show/517286.Susan_Elia_MacNeal]]></link>
<average_rating>3.81</average_rating>
<ratings_count>41090</ratings_count>
<text_reviews_count>5480</text_reviews_count>
</author>
</authors>

    <reviews_widget>
      <![CDATA[
        <style>
  #goodreads-widget {
    font-family: georgia, serif;
    padding: 18px 0;
    width:565px;
  }
  #goodreads-widget h1 {
    font-weight:normal;
    font-size: 16px;
    border-bottom: 1px solid #BBB596;
    margin-bottom: 0;
  }
  #goodreads-widget a {
    text-decoration: none;
    color:#660;
  }
  iframe{
    background-color: #fff;
  }
  #goodreads-widget a:hover { text-decoration: underline; }
  #goodreads-widget a:active {
    color:#660;
  }
  #gr_footer {
    width: 100%;
    border-top: 1px solid #BBB596;
    text-align: right;
  }
  #goodreads-widget .gr_branding{
    color: #382110;
    font-size: 11px;
    text-decoration: none;
    font-family: "Helvetica Neue", Helvetica, Arial, sans-serif;
  }
</style>
<div id="goodreads-widget">
  <div id="gr_header"><h1><a rel="nofollow" href="https://www.goodreads.com/book/show/10161216-mr-churchill-s-secretary">Mr. Churchill&#39;s Secretary Reviews</a></h1></div>
  <iframe id="the_iframe" src="https://www.goodreads.com/api/reviews_widget_iframe?did=DEVELOPER_ID&amp;format=html&amp;isbn=0553593617&amp;links=660&amp;min_rating=&amp;review_back=fff&amp;stars=000&amp;text=000" width="565" height="400" frameborder="0"></iframe>
  <div id="gr_footer">
    <a class="gr_branding" target="_blank" rel="nofollow" href="https://www.goodreads.com/book/show/10161216-mr-churchill-s-secretary?utm_medium=api&amp;utm_source=reviews_widget">Reviews from Goodreads.com</a>
  </div>
</div>

      ]]>
    </reviews_widget>
  <popular_shelves>
      <shelf name="to-read" count="4258"/>
      <shelf name="mystery" count="369"/>
      <shelf name="historical-fiction" count="333"/>
      <shelf name="currently-reading" count="321"/>
      <shelf name="fiction" count="246"/>
      <shelf name="mysteries" count="145"/>
      <shelf name="historical" count="85"/>
      <shelf name="series" count="74"/>
      <shelf name="library" count="58"/>
      <shelf name="england" count="57"/>
      <shelf name="wwii" count="54"/>
      <shelf name="world-war-ii" count="49"/>
      <shelf name="book-club" count="48"/>
      <shelf name="espionage" count="47"/>
      <shelf name="historical-mystery" count="45"/>
      <shelf name="audiobook" count="42"/>
      <shelf name="kindle" count="42"/>
      <shelf name="audio" count="40"/>
      <shelf name="favorites" count="40"/>
      <shelf name="ebook" count="36"/>
      <shelf name="mystery-thriller" count="34"/>
      <shelf name="adult-fiction" count="32"/>
      <shelf name="ww2" count="32"/>
      <shelf name="audiobooks" count="31"/>
      <shelf name="adult" count="31"/>
      <shelf name="books-i-own" count="29"/>
      <shelf name="mystery-suspense" count="26"/>
      <shelf name="war" count="24"/>
      <shelf name="history" count="24"/>
      <shelf name="british" count="24"/>
      <shelf name="owned" count="21"/>
      <shelf name="mystery-historical" count="20"/>
      <shelf name="spy" count="20"/>
      <shelf name="abandoned" count="20"/>
      <shelf name="thriller" count="19"/>
      <shelf name="london" count="18"/>
      <shelf name="overdrive" count="18"/>
      <shelf name="ebooks" count="17"/>
      <shelf name="first-in-series" count="17"/>
      <shelf name="first-reads" count="17"/>
      <shelf name="adventure" count="16"/>
      <shelf name="read-in-2014" count="15"/>
      <shelf name="mystery-series" count="15"/>
      <shelf name="did-not-finish" count="15"/>
      <shelf name="library-book" count="15"/>
      <shelf name="susan-elia-macneal" count="14"/>
      <shelf name="borrowed" count="14"/>
      <shelf name="read-in-2015" count="13"/>
      <shelf name="audio-book" count="13"/>
      <shelf name="historical-mysteries" count="13"/>
      <shelf name="europe" count="13"/>
      <shelf name="wish-list" count="13"/>
      <shelf name="fiction-historical" count="12"/>
      <shelf name="dnf" count="12"/>
      <shelf name="e-book" count="12"/>
      <shelf name="read-in-2012" count="12"/>
      <shelf name="2017-books" count="11"/>
      <shelf name="read-in-2016" count="11"/>
      <shelf name="spies" count="11"/>
      <shelf name="audio-books" count="11"/>
      <shelf name="suspense" count="11"/>
      <shelf name="crime" count="11"/>
      <shelf name="maggie-hope-series" count="11"/>
      <shelf name="cozy-mysteries" count="11"/>
      <shelf name="britain" count="11"/>
      <shelf name="cryptography" count="10"/>
      <shelf name="world-war-2" count="10"/>
      <shelf name="audible" count="10"/>
      <shelf name="novels" count="10"/>
      <shelf name="library-books" count="10"/>
      <shelf name="british-mystery" count="10"/>
      <shelf name="read-2014" count="9"/>
      <shelf name="2013-books" count="9"/>
      <shelf name="owned-books" count="9"/>
      <shelf name="cozy-mystery" count="9"/>
      <shelf name="nook" count="9"/>
      <shelf name="to-buy" count="9"/>
      <shelf name="historic-fiction" count="9"/>
      <shelf name="20th-century" count="9"/>
      <shelf name="read-in-2017" count="8"/>
      <shelf name="mystery-suspense-thriller" count="8"/>
      <shelf name="murder" count="8"/>
      <shelf name="default" count="8"/>
      <shelf name="novel" count="8"/>
      <shelf name="2013-reads" count="8"/>
      <shelf name="strong-women" count="8"/>
      <shelf name="read-2012" count="8"/>
      <shelf name="ww-ii" count="8"/>
      <shelf name="read-2016" count="7"/>
      <shelf name="winston-churchill" count="7"/>
      <shelf name="2014-reads" count="7"/>
      <shelf name="2014-books" count="7"/>
      <shelf name="to-read-mystery" count="7"/>
      <shelf name="wwii-fiction" count="7"/>
      <shelf name="churchill" count="7"/>
      <shelf name="2012-books" count="7"/>
      <shelf name="e-books" count="7"/>
      <shelf name="read-2017" count="6"/>
      <shelf name="2017-reading-challenge" count="6"/>
      <shelf name="world-war-ll" count="6"/>
  </popular_shelves>
  <book_links>
    <book_link>
  <id>8</id>
  <name>Libraries</name>
  <link>https://www.goodreads.com/book_link/follow/8</link>
</book_link>

  </book_links>
  <buy_links>
    <buy_link>
<id>1</id>
<name>Amazon</name>
<link>https://www.goodreads.com/book_link/follow/1</link>
</buy_link>
<buy_link>
<id>10</id>
<name>Audible</name>
<link>https://www.goodreads.com/book_link/follow/10</link>
</buy_link>
<buy_link>
<id>3</id>
<name>Barnes &amp; Noble</name>
<link>https://www.goodreads.com/book_link/follow/3</link>
</buy_link>
<buy_link>
<id>1027</id>
<name>Kobo</name>
<link>https://www.goodreads.com/book_link/follow/1027</link>
</buy_link>
<buy_link>
<id>2102</id>
<name>Apple iBooks</name>
<link>https://www.goodreads.com/book_link/follow/2102</link>
</buy_link>
<buy_link>
<id>8036</id>
<name>Google Play</name>
<link>https://www.goodreads.com/book_link/follow/8036</link>
</buy_link>
<buy_link>
<id>4</id>
<name>Abebooks</name>
<link>https://www.goodreads.com/book_link/follow/4</link>
</buy_link>
<buy_link>
<id>882</id>
<name>Book Depository</name>
<link>https://www.goodreads.com/book_link/follow/882</link>
</buy_link>
<buy_link>
<id>9</id>
<name>Indigo</name>
<link>https://www.goodreads.com/book_link/follow/9</link>
</buy_link>
<buy_link>
<id>2</id>
<name>Half.com</name>
<link>https://www.goodreads.com/book_link/follow/2</link>
</buy_link>
<buy_link>
<id>5</id>
<name>Alibris</name>
<link>https://www.goodreads.com/book_link/follow/5</link>
</buy_link>
<buy_link>
<id>107</id>
<name>Better World Books</name>
<link>https://www.goodreads.com/book_link/follow/107</link>
</buy_link>
<buy_link>
<id>7</id>
<name>IndieBound</name>
<link>https://www.goodreads.com/book_link/follow/7</link>
</buy_link>

  </buy_links>
  <series_works>
    <series_work>
<id>383439</id>
<user_position>1</user_position>
<series>
<id>80741</id>
<title>
<![CDATA[
    Maggie Hope Mystery
]]>
</title>
<description>
<![CDATA[
    Maggie Hope: An American-born math whiz living in London works as a codebreaker and spy during WWII, aiding Britain in the war against the Nazis.
]]>
</description>
<note>
<![CDATA[
]]>
</note>
<series_works_count>9</series_works_count>
<primary_work_count>7</primary_work_count>
<numbered>true</numbered>
</series>

</series_work>

  </series_works>
  <similar_books>
          <book>
<id>15808340</id>
<title><![CDATA[Heirs and Graces (Her Royal Spyness Mysteries, #7)]]></title>
<title_without_series>Heirs and Graces</title_without_series>
<link><![CDATA[https://www.goodreads.com/book/show/15808340-heirs-and-graces]]></link>
<small_image_url><![CDATA[https://images.gr-assets.com/books/1373999724s/15808340.jpg]]></small_image_url>
<image_url><![CDATA[https://images.gr-assets.com/books/1373999724m/15808340.jpg]]></image_url>
<num_pages>295</num_pages>
<work>
<id>21532979</id>
</work>
<isbn>042526002X</isbn>
<isbn13>9780425260029</isbn13>
<average_rating>3.91</average_rating>
<ratings_count>6178</ratings_count>
<publication_year>2013</publication_year>
<publication_month>8</publication_month>
<publication_day>6</publication_day>
<authors>
<author>
<id>202867</id>
<name>Rhys Bowen</name>
<link><![CDATA[https://www.goodreads.com/author/show/202867.Rhys_Bowen]]></link>
</author>
</authors>
</book>

          <book>
<id>345007</id>
<title><![CDATA[Billy Boyle (Billy Boyle World War II, #1)]]></title>
<title_without_series>Billy Boyle</title_without_series>
<link><![CDATA[https://www.goodreads.com/book/show/345007.Billy_Boyle]]></link>
<small_image_url><![CDATA[https://s.gr-assets.com/assets/nophoto/book/50x75-a91bf249278a81aabab721ef782c4a74.png]]></small_image_url>
<image_url><![CDATA[https://s.gr-assets.com/assets/nophoto/book/111x148-bcc042a9c91a29c1d680899eff700a03.png]]></image_url>
<num_pages>294</num_pages>
<work>
<id>335333</id>
</work>
<isbn>1569474338</isbn>
<isbn13>9781569474334</isbn13>
<average_rating>3.70</average_rating>
<ratings_count>2209</ratings_count>
<publication_year></publication_year>
<publication_month></publication_month>
<publication_day></publication_day>
<authors>
<author>
<id>197933</id>
<name>James R. Benn</name>
<link><![CDATA[https://www.goodreads.com/author/show/197933.James_R_Benn]]></link>
</author>
</authors>
</book>

          <book>
<id>12340713</id>
<title><![CDATA[Elegy for Eddie (Maisie Dobbs, #9)]]></title>
<title_without_series>Elegy for Eddie</title_without_series>
<link><![CDATA[https://www.goodreads.com/book/show/12340713-elegy-for-eddie]]></link>
<small_image_url><![CDATA[https://s.gr-assets.com/assets/nophoto/book/50x75-a91bf249278a81aabab721ef782c4a74.png]]></small_image_url>
<image_url><![CDATA[https://s.gr-assets.com/assets/nophoto/book/111x148-bcc042a9c91a29c1d680899eff700a03.png]]></image_url>
<num_pages>335</num_pages>
<work>
<id>17319966</id>
</work>
<isbn>0062049577</isbn>
<isbn13>9780062049575</isbn13>
<average_rating>4.00</average_rating>
<ratings_count>11512</ratings_count>
<publication_year></publication_year>
<publication_month></publication_month>
<publication_day></publication_day>
<authors>
<author>
<id>5023</id>
<name>Jacqueline Winspear</name>
<link><![CDATA[https://www.goodreads.com/author/show/5023.Jacqueline_Winspear]]></link>
</author>
</authors>
</book>

          <book>
<id>8475589</id>
<title><![CDATA[Miss Dimple Disappears (Miss Dimple Kilpatrick #1)]]></title>
<title_without_series>Miss Dimple Disappears</title_without_series>
<link><![CDATA[https://www.goodreads.com/book/show/8475589-miss-dimple-disappears]]></link>
<small_image_url><![CDATA[https://images.gr-assets.com/books/1317063690s/8475589.jpg]]></small_image_url>
<image_url><![CDATA[https://images.gr-assets.com/books/1317063690m/8475589.jpg]]></image_url>
<num_pages></num_pages>
<work>
<id>13340419</id>
</work>
<isbn>0312614748</isbn>
<isbn13>9780312614744</isbn13>
<average_rating>3.56</average_rating>
<ratings_count>537</ratings_count>
<publication_year></publication_year>
<publication_month></publication_month>
<publication_day></publication_day>
<authors>
<author>
<id>39607</id>
<name>Mignon F. Ballard</name>
<link><![CDATA[https://www.goodreads.com/author/show/39607.Mignon_F_Ballard]]></link>
</author>
</authors>
</book>

          <book>
<id>12913059</id>
<title><![CDATA[A Dissection of Murder (Dr Dody McCleland, #1)]]></title>
<title_without_series>A Dissection of Murder</title_without_series>
<link><![CDATA[https://www.goodreads.com/book/show/12913059-a-dissection-of-murder]]></link>
<small_image_url><![CDATA[https://images.gr-assets.com/books/1319958323s/12913059.jpg]]></small_image_url>
<image_url><![CDATA[https://images.gr-assets.com/books/1319958323m/12913059.jpg]]></image_url>
<num_pages>288</num_pages>
<work>
<id>18067943</id>
</work>
<isbn>0732293685</isbn>
<isbn13>9780732293680</isbn13>
<average_rating>3.65</average_rating>
<ratings_count>610</ratings_count>
<publication_year>2012</publication_year>
<publication_month>3</publication_month>
<publication_day>1</publication_day>
<authors>
<author>
<id>511220</id>
<name>Felicity Young</name>
<link><![CDATA[https://www.goodreads.com/author/show/511220.Felicity_Young]]></link>
</author>
</authors>
</book>

          <book>
<id>6093438</id>
<title><![CDATA[A Duty To The Dead (Bess Crawford, #1)]]></title>
<title_without_series>A Duty To The Dead</title_without_series>
<link><![CDATA[https://www.goodreads.com/book/show/6093438-a-duty-to-the-dead]]></link>
<small_image_url><![CDATA[https://s.gr-assets.com/assets/nophoto/book/50x75-a91bf249278a81aabab721ef782c4a74.png]]></small_image_url>
<image_url><![CDATA[https://s.gr-assets.com/assets/nophoto/book/111x148-bcc042a9c91a29c1d680899eff700a03.png]]></image_url>
<num_pages></num_pages>
<work>
<id>6270452</id>
</work>
<isbn>0061791768</isbn>
<isbn13>9780061791765</isbn13>
<average_rating>3.90</average_rating>
<ratings_count>10811</ratings_count>
<publication_year></publication_year>
<publication_month></publication_month>
<publication_day></publication_day>
<authors>
<author>
<id>131</id>
<name>Charles Todd</name>
<link><![CDATA[https://www.goodreads.com/author/show/131.Charles_Todd]]></link>
</author>
</authors>
</book>

          <book>
<id>10962267</id>
<title><![CDATA[Louise's War (Louise Pearlie, #1)]]></title>
<title_without_series>Louise&apos;s War</title_without_series>
<link><![CDATA[https://www.goodreads.com/book/show/10962267-louise-s-war]]></link>
<small_image_url><![CDATA[https://images.gr-assets.com/books/1328829965s/10962267.jpg]]></small_image_url>
<image_url><![CDATA[https://images.gr-assets.com/books/1328829965m/10962267.jpg]]></image_url>
<num_pages>208</num_pages>
<work>
<id>16040832</id>
</work>
<isbn>0727880403</isbn>
<isbn13>9780727880406</isbn13>
<average_rating>3.67</average_rating>
<ratings_count>523</ratings_count>
<publication_year>2011</publication_year>
<publication_month>8</publication_month>
<publication_day>1</publication_day>
<authors>
<author>
<id>264424</id>
<name>Sarah R. Shaber</name>
<link><![CDATA[https://www.goodreads.com/author/show/264424.Sarah_R_Shaber]]></link>
</author>
</authors>
</book>

          <book>
<id>7015533</id>
<title><![CDATA[Bellfield Hall (A Dido Kent Mystery #1)]]></title>
<title_without_series>Bellfield Hall</title_without_series>
<link><![CDATA[https://www.goodreads.com/book/show/7015533-bellfield-hall]]></link>
<small_image_url><![CDATA[https://images.gr-assets.com/books/1316738779s/7015533.jpg]]></small_image_url>
<image_url><![CDATA[https://images.gr-assets.com/books/1316738779m/7015533.jpg]]></image_url>
<num_pages></num_pages>
<work>
<id>7261423</id>
</work>
<isbn>0312562942</isbn>
<isbn13>9780312562946</isbn13>
<average_rating>3.62</average_rating>
<ratings_count>2031</ratings_count>
<publication_year></publication_year>
<publication_month></publication_month>
<publication_day></publication_day>
<authors>
<author>
<id>907496</id>
<name>Anna Dean</name>
<link><![CDATA[https://www.goodreads.com/author/show/907496.Anna_Dean]]></link>
</author>
</authors>
</book>

          <book>
<id>6940151</id>
<title><![CDATA[Dying In the Wool (Kate Shackleton, #1)]]></title>
<title_without_series>Dying In the Wool</title_without_series>
<link><![CDATA[https://www.goodreads.com/book/show/6940151-dying-in-the-wool]]></link>
<small_image_url><![CDATA[https://s.gr-assets.com/assets/nophoto/book/50x75-a91bf249278a81aabab721ef782c4a74.png]]></small_image_url>
<image_url><![CDATA[https://s.gr-assets.com/assets/nophoto/book/111x148-bcc042a9c91a29c1d680899eff700a03.png]]></image_url>
<num_pages>357</num_pages>
<work>
<id>7172818</id>
</work>
<isbn>0749941871</isbn>
<isbn13>9780749941871</isbn13>
<average_rating>3.53</average_rating>
<ratings_count>2119</ratings_count>
<publication_year>2009</publication_year>
<publication_month>10</publication_month>
<publication_day>1</publication_day>
<authors>
<author>
<id>3102629</id>
<name>Frances Brody</name>
<link><![CDATA[https://www.goodreads.com/author/show/3102629.Frances_Brody]]></link>
</author>
</authors>
</book>

  </similar_books>
</book>

</GoodreadsResponse>