<?xml version="1.0" encoding="UTF-8"?>
<GoodreadsResponse>
  <Request>
    <authentication>true</authentication>
      <key><![CDATA[all_men_must_serve]]></key>
    <method><![CDATA[book_show]]></method>
  </Request>
  <book>
  <id>10169662</id>
  <title>Never Knowing</title>
  <isbn><![CDATA[]]></isbn>
  <isbn13><![CDATA[9780312595685]]></isbn13>
  <asin><![CDATA[]]></asin>
  <kindle_asin><![CDATA[B005LWR7L2]]></kindle_asin>
  <marketplace_id><![CDATA[A1F83G8C2ARO7P]]></marketplace_id>
  <country_code><![CDATA[GB]]></country_code>
  <image_url>https://images.gr-assets.com/books/1294615110m/10169662.jpg</image_url>
  <small_image_url>https://images.gr-assets.com/books/1294615110s/10169662.jpg</small_image_url>
  <publication_year>2011</publication_year>
  <publication_month>7</publication_month>
  <publication_day>5</publication_day>
  <publisher>St Martins Press</publisher>
  <language_code>eng</language_code>
  <is_ebook>false</is_ebook>
  <description><![CDATA[The second novel by Chevy Stevens, author of bestseller STILL MISSING.<br /><br />At thirty-three Sara Gallagher is finally happy. Her antique furniture restoration business is taking off and she’s engaged to a wonderful man. But there’s one big question that still haunts her — who are her birth parents? Sara is finally ready to find out. <br /><br />Sara’s birth mother rejects her—again. Then she discovers her biological father is an infamous killer who’s been hunting women every summer for almost forty years. Sara tries to come to terms with her horrifying parentage — and her fears that she’s inherited more than his looks — with her therapist, Nadine, who we first met in "Still Missing." But soon Sara realizes the only thing worse than finding out your father is a killer is him finding out about you. <br /><br />Some questions are better left unanswered. <br /><br />"Never knowing" is a complex and compelling portrayal of one woman’s quest to understand where she comes from. That is, if she can survive…]]></description>
  <work>
  <id type="integer">13723008</id>
  <books_count type="integer">56</books_count>
  <best_book_id type="integer">10169662</best_book_id>
  <reviews_count type="integer">40650</reviews_count>
  <ratings_sum type="integer">69929</ratings_sum>
  <ratings_count type="integer">18184</ratings_count>
  <text_reviews_count type="integer">2491</text_reviews_count>
  <original_publication_year type="integer">2011</original_publication_year>
  <original_publication_month type="integer" nil="true"/>
  <original_publication_day type="integer" nil="true"/>
  <original_title>Never Knowing</original_title>
  <original_language_id type="integer" nil="true"/>
  <media_type>book</media_type>
  <rating_dist>5:5081|4:7118|3:4456|2:1155|1:374|total:18184</rating_dist>
  <desc_user_id type="integer">1356784</desc_user_id>
  <default_chaptering_book_id type="integer" nil="true"/>
  <default_description_language_code nil="true"/>
</work>
  <average_rating>3.85</average_rating>
  <num_pages><![CDATA[410]]></num_pages>
  <format><![CDATA[Hardcover]]></format>
  <edition_information><![CDATA[]]></edition_information>
  <ratings_count><![CDATA[16186]]></ratings_count>
  <text_reviews_count><![CDATA[2226]]></text_reviews_count>
  <url><![CDATA[https://www.goodreads.com/book/show/10169662-never-knowing]]></url>
  <link><![CDATA[https://www.goodreads.com/book/show/10169662-never-knowing]]></link>
  <authors>
<author>
<id>3163298</id>
<name>Chevy Stevens</name>
<role></role>
<image_url nophoto='false'>
<![CDATA[https://images.gr-assets.com/authors/1379458276p5/3163298.jpg]]>
</image_url>
<small_image_url nophoto='false'>
<![CDATA[https://images.gr-assets.com/authors/1379458276p2/3163298.jpg]]>
</small_image_url>
<link><![CDATA[https://www.goodreads.com/author/show/3163298.Chevy_Stevens]]></link>
<average_rating>3.90</average_rating>
<ratings_count>109899</ratings_count>
<text_reviews_count>14622</text_reviews_count>
</author>
</authors>

    <reviews_widget>
      <![CDATA[
        <style>
  #goodreads-widget {
    font-family: georgia, serif;
    padding: 18px 0;
    width:565px;
  }
  #goodreads-widget h1 {
    font-weight:normal;
    font-size: 16px;
    border-bottom: 1px solid #BBB596;
    margin-bottom: 0;
  }
  #goodreads-widget a {
    text-decoration: none;
    color:#660;
  }
  iframe{
    background-color: #fff;
  }
  #goodreads-widget a:hover { text-decoration: underline; }
  #goodreads-widget a:active {
    color:#660;
  }
  #gr_footer {
    width: 100%;
    border-top: 1px solid #BBB596;
    text-align: right;
  }
  #goodreads-widget .gr_branding{
    color: #382110;
    font-size: 11px;
    text-decoration: none;
    font-family: "Helvetica Neue", Helvetica, Arial, sans-serif;
  }
</style>
<div id="goodreads-widget">
  <div id="gr_header"><h1><a rel="nofollow" href="https://www.goodreads.com/book/show/10169662-never-knowing">Never Knowing Reviews</a></h1></div>
  <iframe id="the_iframe" src="https://www.goodreads.com/api/reviews_widget_iframe?did=DEVELOPER_ID&amp;format=html&amp;isbn=9780312595685&amp;links=660&amp;min_rating=&amp;review_back=fff&amp;stars=000&amp;text=000" width="565" height="400" frameborder="0"></iframe>
  <div id="gr_footer">
    <a class="gr_branding" target="_blank" rel="nofollow" href="https://www.goodreads.com/book/show/10169662-never-knowing?utm_medium=api&amp;utm_source=reviews_widget">Reviews from Goodreads.com</a>
  </div>
</div>

      ]]>
    </reviews_widget>
  <popular_shelves>
      <shelf name="to-read" count="319"/>
      <shelf name="mystery" count="248"/>
      <shelf name="thriller" count="206"/>
      <shelf name="currently-reading" count="186"/>
      <shelf name="first-reads" count="144"/>
      <shelf name="suspense" count="107"/>
      <shelf name="favorites" count="83"/>
      <shelf name="mystery-thriller" count="61"/>
      <shelf name="books-i-own" count="60"/>
      <shelf name="crime" count="53"/>
      <shelf name="fiction" count="50"/>
      <shelf name="chevy-stevens" count="49"/>
      <shelf name="read-in-2011" count="46"/>
      <shelf name="library" count="43"/>
      <shelf name="my-ebooks" count="41"/>
      <shelf name="mystery-suspense" count="39"/>
      <shelf name="adult-fiction" count="36"/>
      <shelf name="owned" count="34"/>
      <shelf name="read-in-2012" count="32"/>
      <shelf name="kindle" count="25"/>
      <shelf name="thrillers" count="25"/>
      <shelf name="default" count="24"/>
      <shelf name="arc" count="23"/>
      <shelf name="adult" count="22"/>
      <shelf name="owned-books" count="22"/>
      <shelf name="psychological-thriller" count="21"/>
      <shelf name="ebooks" count="21"/>
      <shelf name="ebook" count="21"/>
      <shelf name="suspense-thriller" count="21"/>
      <shelf name="read-in-2013" count="20"/>
      <shelf name="wish-list" count="20"/>
      <shelf name="contemporary" count="19"/>
      <shelf name="book-club" count="19"/>
      <shelf name="adoption" count="19"/>
      <shelf name="mysteries" count="18"/>
      <shelf name="canadian" count="18"/>
      <shelf name="to-buy" count="18"/>
      <shelf name="audio" count="17"/>
      <shelf name="read-2011" count="17"/>
      <shelf name="family" count="15"/>
      <shelf name="2011-reads" count="15"/>
      <shelf name="canada" count="15"/>
      <shelf name="thriller-suspense" count="14"/>
      <shelf name="i-own" count="14"/>
      <shelf name="sub" count="13"/>
      <shelf name="read-in-2014" count="12"/>
      <shelf name="audiobook" count="12"/>
      <shelf name="read-in-2015" count="11"/>
      <shelf name="library-book" count="11"/>
      <shelf name="books-read-in-2011" count="11"/>
      <shelf name="drama" count="10"/>
      <shelf name="my-books" count="10"/>
      <shelf name="crime-fiction" count="10"/>
      <shelf name="audiobooks" count="10"/>
      <shelf name="crime-mystery" count="10"/>
      <shelf name="read-in-2016" count="9"/>
      <shelf name="books-i-have" count="9"/>
      <shelf name="read-2012" count="9"/>
      <shelf name="serial-killer" count="9"/>
      <shelf name="thriller-mystery" count="9"/>
      <shelf name="have" count="9"/>
      <shelf name="novels" count="9"/>
      <shelf name="mystery-thriller-suspense" count="9"/>
      <shelf name="borrowed" count="9"/>
      <shelf name="own-it" count="9"/>
      <shelf name="crime-thriller" count="8"/>
      <shelf name="own-to-read" count="7"/>
      <shelf name="on-kindle" count="7"/>
      <shelf name="canadian-author" count="7"/>
      <shelf name="favorite" count="7"/>
      <shelf name="e-books" count="7"/>
      <shelf name="serial-killers" count="7"/>
      <shelf name="library-books" count="7"/>
      <shelf name="audio-books" count="7"/>
      <shelf name="did-not-finish" count="7"/>
      <shelf name="recommended" count="7"/>
      <shelf name="murder" count="7"/>
      <shelf name="giveaways" count="7"/>
      <shelf name="mystery-thrillers" count="7"/>
      <shelf name="2011-books" count="7"/>
      <shelf name="favorite-authors" count="7"/>
      <shelf name="read-2017" count="6"/>
      <shelf name="psychological-thrillers" count="6"/>
      <shelf name="bookshelf" count="6"/>
      <shelf name="read-2013" count="6"/>
      <shelf name="e-book" count="6"/>
      <shelf name="reviewed" count="6"/>
      <shelf name="home-library" count="6"/>
      <shelf name="mystery-crime" count="6"/>
      <shelf name="kindle-books" count="6"/>
      <shelf name="abandoned" count="6"/>
      <shelf name="read-2015" count="5"/>
      <shelf name="2015-reads" count="5"/>
      <shelf name="read-2014" count="5"/>
      <shelf name="canadian-authors" count="5"/>
      <shelf name="available-at-library" count="5"/>
      <shelf name="2012-books" count="5"/>
      <shelf name="book-club-suggestions" count="5"/>
      <shelf name="general-fiction" count="5"/>
      <shelf name="my-favorites" count="5"/>
  </popular_shelves>
  <book_links>
    <book_link>
  <id>8</id>
  <name>Libraries</name>
  <link>https://www.goodreads.com/book_link/follow/8</link>
</book_link>

  </book_links>
  <buy_links>
    <buy_link>
<id>1</id>
<name>Amazon</name>
<link>https://www.goodreads.com/book_link/follow/1</link>
</buy_link>
<buy_link>
<id>10</id>
<name>Audible</name>
<link>https://www.goodreads.com/book_link/follow/10</link>
</buy_link>
<buy_link>
<id>3</id>
<name>Barnes &amp; Noble</name>
<link>https://www.goodreads.com/book_link/follow/3</link>
</buy_link>
<buy_link>
<id>1027</id>
<name>Kobo</name>
<link>https://www.goodreads.com/book_link/follow/1027</link>
</buy_link>
<buy_link>
<id>2102</id>
<name>Apple iBooks</name>
<link>https://www.goodreads.com/book_link/follow/2102</link>
</buy_link>
<buy_link>
<id>8036</id>
<name>Google Play</name>
<link>https://www.goodreads.com/book_link/follow/8036</link>
</buy_link>
<buy_link>
<id>4</id>
<name>Abebooks</name>
<link>https://www.goodreads.com/book_link/follow/4</link>
</buy_link>
<buy_link>
<id>882</id>
<name>Book Depository</name>
<link>https://www.goodreads.com/book_link/follow/882</link>
</buy_link>
<buy_link>
<id>9</id>
<name>Indigo</name>
<link>https://www.goodreads.com/book_link/follow/9</link>
</buy_link>
<buy_link>
<id>2</id>
<name>Half.com</name>
<link>https://www.goodreads.com/book_link/follow/2</link>
</buy_link>
<buy_link>
<id>5</id>
<name>Alibris</name>
<link>https://www.goodreads.com/book_link/follow/5</link>
</buy_link>
<buy_link>
<id>107</id>
<name>Better World Books</name>
<link>https://www.goodreads.com/book_link/follow/107</link>
</buy_link>
<buy_link>
<id>7</id>
<name>IndieBound</name>
<link>https://www.goodreads.com/book_link/follow/7</link>
</buy_link>

  </buy_links>
  <series_works>
    
  </series_works>
  <similar_books>
          <book>
<id>10024937</id>
<title>Iron House</title>
<title_without_series>Iron House</title_without_series>
<link><![CDATA[https://www.goodreads.com/book/show/10024937-iron-house]]></link>
<small_image_url><![CDATA[https://s.gr-assets.com/assets/nophoto/book/50x75-a91bf249278a81aabab721ef782c4a74.png]]></small_image_url>
<image_url><![CDATA[https://s.gr-assets.com/assets/nophoto/book/111x148-bcc042a9c91a29c1d680899eff700a03.png]]></image_url>
<num_pages>421</num_pages>
<work>
<id>14920408</id>
</work>
<isbn>0312380348</isbn>
<isbn13>9780312380342</isbn13>
<average_rating>4.07</average_rating>
<ratings_count>10826</ratings_count>
<publication_year></publication_year>
<publication_month></publication_month>
<publication_day></publication_day>
<authors>
<author>
<id>47072</id>
<name>John Hart</name>
<link><![CDATA[https://www.goodreads.com/author/show/47072.John_Hart]]></link>
</author>
</authors>
</book>

          <book>
<id>34858374</id>
<title>The Insider</title>
<title_without_series>The Insider</title_without_series>
<link><![CDATA[https://www.goodreads.com/book/show/34858374-the-insider]]></link>
<small_image_url><![CDATA[https://images.gr-assets.com/books/1492201027s/34858374.jpg]]></small_image_url>
<image_url><![CDATA[https://images.gr-assets.com/books/1492201027m/34858374.jpg]]></image_url>
<num_pages></num_pages>
<work>
<id>9256905</id>
</work>
<isbn></isbn>
<isbn13></isbn13>
<average_rating>3.91</average_rating>
<ratings_count>1167</ratings_count>
<publication_year>2010</publication_year>
<publication_month>5</publication_month>
<publication_day>4</publication_day>
<authors>
<author>
<id>3256547</id>
<name>Reece Hirsch</name>
<link><![CDATA[https://www.goodreads.com/author/show/3256547.Reece_Hirsch]]></link>
</author>
</authors>
</book>

          <book>
<id>10148340</id>
<title>You&apos;re Next</title>
<title_without_series>You&apos;re Next</title_without_series>
<link><![CDATA[https://www.goodreads.com/book/show/10148340-you-re-next]]></link>
<small_image_url><![CDATA[https://images.gr-assets.com/books/1393104022s/10148340.jpg]]></small_image_url>
<image_url><![CDATA[https://images.gr-assets.com/books/1393104022m/10148340.jpg]]></image_url>
<num_pages>436</num_pages>
<work>
<id>15046649</id>
</work>
<isbn>0751542113</isbn>
<isbn13>9780751542110</isbn13>
<average_rating>3.90</average_rating>
<ratings_count>6897</ratings_count>
<publication_year>2011</publication_year>
<publication_month>7</publication_month>
<publication_day>5</publication_day>
<authors>
<author>
<id>82570</id>
<name>Gregg Hurwitz</name>
<link><![CDATA[https://www.goodreads.com/author/show/82570.Gregg_Hurwitz]]></link>
</author>
</authors>
</book>

          <book>
<id>9166559</id>
<title>These Things Hidden</title>
<title_without_series>These Things Hidden</title_without_series>
<link><![CDATA[https://www.goodreads.com/book/show/9166559-these-things-hidden]]></link>
<small_image_url><![CDATA[https://images.gr-assets.com/books/1296001564s/9166559.jpg]]></small_image_url>
<image_url><![CDATA[https://images.gr-assets.com/books/1296001564m/9166559.jpg]]></image_url>
<num_pages>337</num_pages>
<work>
<id>14045698</id>
</work>
<isbn>0778328791</isbn>
<isbn13>9780778328797</isbn13>
<average_rating>3.85</average_rating>
<ratings_count>28979</ratings_count>
<publication_year>2011</publication_year>
<publication_month>1</publication_month>
<publication_day>18</publication_day>
<authors>
<author>
<id>2875124</id>
<name>Heather Gudenkauf</name>
<link><![CDATA[https://www.goodreads.com/author/show/2875124.Heather_Gudenkauf]]></link>
</author>
</authors>
</book>

          <book>
<id>7935274</id>
<title>You Are Next</title>
<title_without_series>You Are Next</title_without_series>
<link><![CDATA[https://www.goodreads.com/book/show/7935274-you-are-next]]></link>
<small_image_url><![CDATA[https://images.gr-assets.com/books/1279327611s/7935274.jpg]]></small_image_url>
<image_url><![CDATA[https://images.gr-assets.com/books/1279327611m/7935274.jpg]]></image_url>
<num_pages></num_pages>
<work>
<id>11334939</id>
</work>
<isbn>0061809020</isbn>
<isbn13>9780061809026</isbn13>
<average_rating>3.79</average_rating>
<ratings_count>820</ratings_count>
<publication_year>2010</publication_year>
<publication_month>10</publication_month>
<publication_day>1</publication_day>
<authors>
<author>
<id>3447335</id>
<name>Katia Lief</name>
<link><![CDATA[https://www.goodreads.com/author/show/3447335.Katia_Lief]]></link>
</author>
</authors>
</book>

          <book>
<id>9986977</id>
<title>Fragile</title>
<title_without_series>Fragile</title_without_series>
<link><![CDATA[https://www.goodreads.com/book/show/9986977-fragile]]></link>
<small_image_url><![CDATA[https://s.gr-assets.com/assets/nophoto/book/50x75-a91bf249278a81aabab721ef782c4a74.png]]></small_image_url>
<image_url><![CDATA[https://s.gr-assets.com/assets/nophoto/book/111x148-bcc042a9c91a29c1d680899eff700a03.png]]></image_url>
<num_pages>496</num_pages>
<work>
<id>7339031</id>
</work>
<isbn>0307745260</isbn>
<isbn13>9780307745262</isbn13>
<average_rating>3.62</average_rating>
<ratings_count>10788</ratings_count>
<publication_year>2011</publication_year>
<publication_month>7</publication_month>
<publication_day>26</publication_day>
<authors>
<author>
<id>18445</id>
<name>Lisa Unger</name>
<link><![CDATA[https://www.goodreads.com/author/show/18445.Lisa_Unger]]></link>
</author>
</authors>
</book>

          <book>
<id>6674372</id>
<title>The Murderer&apos;s Daughters</title>
<title_without_series>The Murderer&apos;s Daughters</title_without_series>
<link><![CDATA[https://www.goodreads.com/book/show/6674372-the-murderer-s-daughters]]></link>
<small_image_url><![CDATA[https://s.gr-assets.com/assets/nophoto/book/50x75-a91bf249278a81aabab721ef782c4a74.png]]></small_image_url>
<image_url><![CDATA[https://s.gr-assets.com/assets/nophoto/book/111x148-bcc042a9c91a29c1d680899eff700a03.png]]></image_url>
<num_pages>310</num_pages>
<work>
<id>6869461</id>
</work>
<isbn>0312576986</isbn>
<isbn13>9780312576981</isbn13>
<average_rating>3.68</average_rating>
<ratings_count>12413</ratings_count>
<publication_year></publication_year>
<publication_month></publication_month>
<publication_day></publication_day>
<authors>
<author>
<id>3006839</id>
<name>Randy Susan Meyers</name>
<link><![CDATA[https://www.goodreads.com/author/show/3006839.Randy_Susan_Meyers]]></link>
</author>
</authors>
</book>

          <book>
<id>10286085</id>
<title>A Young Wife</title>
<title_without_series>A Young Wife</title_without_series>
<link><![CDATA[https://www.goodreads.com/book/show/10286085-a-young-wife]]></link>
<small_image_url><![CDATA[https://s.gr-assets.com/assets/nophoto/book/50x75-a91bf249278a81aabab721ef782c4a74.png]]></small_image_url>
<image_url><![CDATA[https://s.gr-assets.com/assets/nophoto/book/111x148-bcc042a9c91a29c1d680899eff700a03.png]]></image_url>
<num_pages>289</num_pages>
<work>
<id>15130258</id>
</work>
<isbn>1451612729</isbn>
<isbn13>9781451612721</isbn13>
<average_rating>3.57</average_rating>
<ratings_count>826</ratings_count>
<publication_year></publication_year>
<publication_month></publication_month>
<publication_day></publication_day>
<authors>
<author>
<id>45876</id>
<name>Pam Lewis</name>
<link><![CDATA[https://www.goodreads.com/author/show/45876.Pam_Lewis]]></link>
</author>
</authors>
</book>

          <book>
<id>9843996</id>
<title>Dominance</title>
<title_without_series>Dominance</title_without_series>
<link><![CDATA[https://www.goodreads.com/book/show/9843996-dominance]]></link>
<small_image_url><![CDATA[https://images.gr-assets.com/books/1305218473s/9843996.jpg]]></small_image_url>
<image_url><![CDATA[https://images.gr-assets.com/books/1305218473m/9843996.jpg]]></image_url>
<num_pages>368</num_pages>
<work>
<id>14734819</id>
</work>
<isbn>1451617291</isbn>
<isbn13>9781451617290</isbn13>
<average_rating>3.43</average_rating>
<ratings_count>973</ratings_count>
<publication_year>2011</publication_year>
<publication_month>7</publication_month>
<publication_day>5</publication_day>
<authors>
<author>
<id>674790</id>
<name>Will Lavender</name>
<link><![CDATA[https://www.goodreads.com/author/show/674790.Will_Lavender]]></link>
</author>
</authors>
</book>

          <book>
<id>9581507</id>
<title>Don&apos;t Breathe a Word</title>
<title_without_series>Don&apos;t Breathe a Word</title_without_series>
<link><![CDATA[https://www.goodreads.com/book/show/9581507-don-t-breathe-a-word]]></link>
<small_image_url><![CDATA[https://s.gr-assets.com/assets/nophoto/book/50x75-a91bf249278a81aabab721ef782c4a74.png]]></small_image_url>
<image_url><![CDATA[https://s.gr-assets.com/assets/nophoto/book/111x148-bcc042a9c91a29c1d680899eff700a03.png]]></image_url>
<num_pages>447</num_pages>
<work>
<id>14468425</id>
</work>
<isbn>0061689378</isbn>
<isbn13>9780061689376</isbn13>
<average_rating>3.58</average_rating>
<ratings_count>12671</ratings_count>
<publication_year>2011</publication_year>
<publication_month>5</publication_month>
<publication_day>17</publication_day>
<authors>
<author>
<id>29471</id>
<name>Jennifer McMahon</name>
<link><![CDATA[https://www.goodreads.com/author/show/29471.Jennifer_McMahon]]></link>
</author>
</authors>
</book>

          <book>
<id>10700016</id>
<title>Cemetery Girl</title>
<title_without_series>Cemetery Girl</title_without_series>
<link><![CDATA[https://www.goodreads.com/book/show/10700016-cemetery-girl]]></link>
<small_image_url><![CDATA[https://images.gr-assets.com/books/1317251246s/10700016.jpg]]></small_image_url>
<image_url><![CDATA[https://images.gr-assets.com/books/1317251246m/10700016.jpg]]></image_url>
<num_pages>389</num_pages>
<work>
<id>15610204</id>
</work>
<isbn>0451234677</isbn>
<isbn13>9780451234674</isbn13>
<average_rating>3.33</average_rating>
<ratings_count>6548</ratings_count>
<publication_year>2011</publication_year>
<publication_month>10</publication_month>
<publication_day>4</publication_day>
<authors>
<author>
<id>800195</id>
<name>David      Bell</name>
<link><![CDATA[https://www.goodreads.com/author/show/800195.David_Bell]]></link>
</author>
</authors>
</book>

          <book>
<id>10088219</id>
<title>Creep (Creep #1)</title>
<title_without_series>Creep</title_without_series>
<link><![CDATA[https://www.goodreads.com/book/show/10088219-creep]]></link>
<small_image_url><![CDATA[https://s.gr-assets.com/assets/nophoto/book/50x75-a91bf249278a81aabab721ef782c4a74.png]]></small_image_url>
<image_url><![CDATA[https://s.gr-assets.com/assets/nophoto/book/111x148-bcc042a9c91a29c1d680899eff700a03.png]]></image_url>
<num_pages>357</num_pages>
<work>
<id>14916104</id>
</work>
<isbn>1451625847</isbn>
<isbn13>9781451625844</isbn13>
<average_rating>3.72</average_rating>
<ratings_count>6008</ratings_count>
<publication_year>2011</publication_year>
<publication_month>7</publication_month>
<publication_day>5</publication_day>
<authors>
<author>
<id>4534486</id>
<name>Jennifer Hillier</name>
<link><![CDATA[https://www.goodreads.com/author/show/4534486.Jennifer_Hillier]]></link>
</author>
</authors>
</book>

          <book>
<id>9999576</id>
<title>Long Gone</title>
<title_without_series>Long Gone</title_without_series>
<link><![CDATA[https://www.goodreads.com/book/show/9999576-long-gone]]></link>
<small_image_url><![CDATA[https://s.gr-assets.com/assets/nophoto/book/50x75-a91bf249278a81aabab721ef782c4a74.png]]></small_image_url>
<image_url><![CDATA[https://s.gr-assets.com/assets/nophoto/book/111x148-bcc042a9c91a29c1d680899eff700a03.png]]></image_url>
<num_pages></num_pages>
<work>
<id>14894535</id>
</work>
<isbn>0061999180</isbn>
<isbn13>9780061999185</isbn13>
<average_rating>3.67</average_rating>
<ratings_count>4714</ratings_count>
<publication_year></publication_year>
<publication_month></publication_month>
<publication_day></publication_day>
<authors>
<author>
<id>108774</id>
<name>Alafair Burke</name>
<link><![CDATA[https://www.goodreads.com/author/show/108774.Alafair_Burke]]></link>
</author>
</authors>
</book>

          <book>
<id>8978978</id>
<title>Prayers and Lies</title>
<title_without_series>Prayers and Lies</title_without_series>
<link><![CDATA[https://www.goodreads.com/book/show/8978978-prayers-and-lies]]></link>
<small_image_url><![CDATA[https://s.gr-assets.com/assets/nophoto/book/50x75-a91bf249278a81aabab721ef782c4a74.png]]></small_image_url>
<image_url><![CDATA[https://s.gr-assets.com/assets/nophoto/book/111x148-bcc042a9c91a29c1d680899eff700a03.png]]></image_url>
<num_pages>312</num_pages>
<work>
<id>13856049</id>
</work>
<isbn>0758253249</isbn>
<isbn13>9780758253248</isbn13>
<average_rating>3.93</average_rating>
<ratings_count>2477</ratings_count>
<publication_year>2013</publication_year>
<publication_month>3</publication_month>
<publication_day>26</publication_day>
<authors>
<author>
<id>4235092</id>
<name>Sherri Wood Emmons</name>
<link><![CDATA[https://www.goodreads.com/author/show/4235092.Sherri_Wood_Emmons]]></link>
</author>
</authors>
</book>

          <book>
<id>8698295</id>
<title><![CDATA[The Night Season (Archie Sheridan & Gretchen Lowell, #4)]]></title>
<title_without_series>The Night Season</title_without_series>
<link><![CDATA[https://www.goodreads.com/book/show/8698295-the-night-season]]></link>
<small_image_url><![CDATA[https://s.gr-assets.com/assets/nophoto/book/50x75-a91bf249278a81aabab721ef782c4a74.png]]></small_image_url>
<image_url><![CDATA[https://s.gr-assets.com/assets/nophoto/book/111x148-bcc042a9c91a29c1d680899eff700a03.png]]></image_url>
<num_pages>322</num_pages>
<work>
<id>13570988</id>
</work>
<isbn>0312619766</isbn>
<isbn13>9780312619763</isbn13>
<average_rating>3.87</average_rating>
<ratings_count>9205</ratings_count>
<publication_year></publication_year>
<publication_month></publication_month>
<publication_day></publication_day>
<authors>
<author>
<id>48557</id>
<name>Chelsea Cain</name>
<link><![CDATA[https://www.goodreads.com/author/show/48557.Chelsea_Cain]]></link>
</author>
</authors>
</book>

          <book>
<id>6406146</id>
<title>The 13th Hour</title>
<title_without_series>The 13th Hour</title_without_series>
<link><![CDATA[https://www.goodreads.com/book/show/6406146-the-13th-hour]]></link>
<small_image_url><![CDATA[https://s.gr-assets.com/assets/nophoto/book/50x75-a91bf249278a81aabab721ef782c4a74.png]]></small_image_url>
<image_url><![CDATA[https://s.gr-assets.com/assets/nophoto/book/111x148-bcc042a9c91a29c1d680899eff700a03.png]]></image_url>
<num_pages></num_pages>
<work>
<id>6595031</id>
</work>
<isbn>1439147914</isbn>
<isbn13>9781439147917</isbn13>
<average_rating>3.83</average_rating>
<ratings_count>2413</ratings_count>
<publication_year></publication_year>
<publication_month></publication_month>
<publication_day></publication_day>
<authors>
<author>
<id>136944</id>
<name>Richard Doetsch</name>
<link><![CDATA[https://www.goodreads.com/author/show/136944.Richard_Doetsch]]></link>
</author>
</authors>
</book>

          <book>
<id>13130847</id>
<title><![CDATA[Gone Missing (Kate Burkholder, #4)]]></title>
<title_without_series>Gone Missing</title_without_series>
<link><![CDATA[https://www.goodreads.com/book/show/13130847-gone-missing]]></link>
<small_image_url><![CDATA[https://images.gr-assets.com/books/1334069120s/13130847.jpg]]></small_image_url>
<image_url><![CDATA[https://images.gr-assets.com/books/1334069120m/13130847.jpg]]></image_url>
<num_pages>276</num_pages>
<work>
<id>18307062</id>
</work>
<isbn>0312658567</isbn>
<isbn13>9780312658564</isbn13>
<average_rating>4.11</average_rating>
<ratings_count>9323</ratings_count>
<publication_year></publication_year>
<publication_month></publication_month>
<publication_day></publication_day>
<authors>
<author>
<id>54958</id>
<name>Linda Castillo</name>
<link><![CDATA[https://www.goodreads.com/author/show/54958.Linda_Castillo]]></link>
</author>
</authors>
</book>

          <book>
<id>10790369</id>
<title>An African Affair</title>
<title_without_series>An African Affair</title_without_series>
<link><![CDATA[https://www.goodreads.com/book/show/10790369-an-african-affair]]></link>
<small_image_url><![CDATA[https://images.gr-assets.com/books/1311281849s/10790369.jpg]]></small_image_url>
<image_url><![CDATA[https://images.gr-assets.com/books/1311281849m/10790369.jpg]]></image_url>
<num_pages></num_pages>
<work>
<id>15702652</id>
</work>
<isbn>0670022888</isbn>
<isbn13>9780670022885</isbn13>
<average_rating>3.16</average_rating>
<ratings_count>135</ratings_count>
<publication_year></publication_year>
<publication_month></publication_month>
<publication_day></publication_day>
<authors>
<author>
<id>4717278</id>
<name>Nina Darnton</name>
<link><![CDATA[https://www.goodreads.com/author/show/4717278.Nina_Darnton]]></link>
</author>
</authors>
</book>

  </similar_books>
</book>

</GoodreadsResponse>