<?xml version="1.0" encoding="UTF-8"?>
<GoodreadsResponse>
  <Request>
    <authentication>true</authentication>
      <key><![CDATA[all_men_must_serve]]></key>
    <method><![CDATA[book_show]]></method>
  </Request>
  <book>
  <id>101869</id>
  <title><![CDATA[The Atrocity Archives (Laundry Files, #1)]]></title>
  <isbn><![CDATA[0441013651]]></isbn>
  <isbn13><![CDATA[9780441013654]]></isbn13>
  <asin><![CDATA[]]></asin>
  <kindle_asin><![CDATA[B00486U23M]]></kindle_asin>
  <marketplace_id><![CDATA[A1F83G8C2ARO7P]]></marketplace_id>
  <country_code><![CDATA[GB]]></country_code>
  <image_url>https://s.gr-assets.com/assets/nophoto/book/111x148-bcc042a9c91a29c1d680899eff700a03.png</image_url>
  <small_image_url>https://s.gr-assets.com/assets/nophoto/book/50x75-a91bf249278a81aabab721ef782c4a74.png</small_image_url>
  <publication_year>2006</publication_year>
  <publication_month>1</publication_month>
  <publication_day></publication_day>
  <publisher>Ace</publisher>
  <language_code>en-US</language_code>
  <is_ebook>false</is_ebook>
  <description><![CDATA[Bob Howard is a low-level techie working for The Laundry, a super-secret government agency. While his colleagues are out saving the world, Bob's under a desk restoring lost data. None of them receive any thanks for the jobs they do, but at least a techie doesn't risk getting shot or eaten in the line of duty. Bob's world is dull but safe, and that's the way it should have stayed; but then he went and got Noticed.<br /><br />Now, Bob Howard is up to his neck in spycraft, alternative universes, dimension-hopping nazis, Middle Eastern terrorists, damsels in distress, ancient Lovecraftian horror and the end of the world.<br /><br />Only one thing is certain: it will take more than control-alt-delete to sort this mess out...]]></description>
  <work>
  <id type="integer">322252</id>
  <books_count type="integer">28</books_count>
  <best_book_id type="integer">101869</best_book_id>
  <reviews_count type="integer">28284</reviews_count>
  <ratings_sum type="integer">62471</ratings_sum>
  <ratings_count type="integer">15807</ratings_count>
  <text_reviews_count type="integer">1292</text_reviews_count>
  <original_publication_year type="integer">2004</original_publication_year>
  <original_publication_month type="integer">1</original_publication_month>
  <original_publication_day type="integer" nil="true"/>
  <original_title>The Atrocity Archives</original_title>
  <original_language_id type="integer" nil="true"/>
  <media_type>book</media_type>
  <rating_dist>5:4817|4:6612|3:3417|2:726|1:235|total:15807</rating_dist>
  <desc_user_id type="integer">2764643</desc_user_id>
  <default_chaptering_book_id type="integer" nil="true"/>
  <default_description_language_code nil="true"/>
</work>
  <average_rating>3.95</average_rating>
  <num_pages><![CDATA[345]]></num_pages>
  <format><![CDATA[Paperback]]></format>
  <edition_information><![CDATA[]]></edition_information>
  <ratings_count><![CDATA[12608]]></ratings_count>
  <text_reviews_count><![CDATA[1018]]></text_reviews_count>
  <url><![CDATA[https://www.goodreads.com/book/show/101869.The_Atrocity_Archives]]></url>
  <link><![CDATA[https://www.goodreads.com/book/show/101869.The_Atrocity_Archives]]></link>
  <authors>
<author>
<id>8794</id>
<name>Charles Stross</name>
<role></role>
<image_url nophoto='false'>
<![CDATA[https://images.gr-assets.com/authors/1355510574p5/8794.jpg]]>
</image_url>
<small_image_url nophoto='false'>
<![CDATA[https://images.gr-assets.com/authors/1355510574p2/8794.jpg]]>
</small_image_url>
<link><![CDATA[https://www.goodreads.com/author/show/8794.Charles_Stross]]></link>
<average_rating>3.88</average_rating>
<ratings_count>179107</ratings_count>
<text_reviews_count>11933</text_reviews_count>
</author>
</authors>

    <reviews_widget>
      <![CDATA[
        <style>
  #goodreads-widget {
    font-family: georgia, serif;
    padding: 18px 0;
    width:565px;
  }
  #goodreads-widget h1 {
    font-weight:normal;
    font-size: 16px;
    border-bottom: 1px solid #BBB596;
    margin-bottom: 0;
  }
  #goodreads-widget a {
    text-decoration: none;
    color:#660;
  }
  iframe{
    background-color: #fff;
  }
  #goodreads-widget a:hover { text-decoration: underline; }
  #goodreads-widget a:active {
    color:#660;
  }
  #gr_footer {
    width: 100%;
    border-top: 1px solid #BBB596;
    text-align: right;
  }
  #goodreads-widget .gr_branding{
    color: #382110;
    font-size: 11px;
    text-decoration: none;
    font-family: "Helvetica Neue", Helvetica, Arial, sans-serif;
  }
</style>
<div id="goodreads-widget">
  <div id="gr_header"><h1><a rel="nofollow" href="https://www.goodreads.com/book/show/101869.The_Atrocity_Archives">The Atrocity Archives Reviews</a></h1></div>
  <iframe id="the_iframe" src="https://www.goodreads.com/api/reviews_widget_iframe?did=DEVELOPER_ID&amp;format=html&amp;isbn=0441013651&amp;links=660&amp;min_rating=&amp;review_back=fff&amp;stars=000&amp;text=000" width="565" height="400" frameborder="0"></iframe>
  <div id="gr_footer">
    <a class="gr_branding" target="_blank" rel="nofollow" href="https://www.goodreads.com/book/show/101869.The_Atrocity_Archives?utm_medium=api&amp;utm_source=reviews_widget">Reviews from Goodreads.com</a>
  </div>
</div>

      ]]>
    </reviews_widget>
  <popular_shelves>
      <shelf name="to-read" count="9838"/>
      <shelf name="science-fiction" count="511"/>
      <shelf name="fantasy" count="416"/>
      <shelf name="currently-reading" count="375"/>
      <shelf name="horror" count="353"/>
      <shelf name="fiction" count="277"/>
      <shelf name="urban-fantasy" count="257"/>
      <shelf name="sci-fi" count="198"/>
      <shelf name="scifi" count="144"/>
      <shelf name="sf" count="98"/>
      <shelf name="favorites" count="95"/>
      <shelf name="owned" count="85"/>
      <shelf name="humor" count="81"/>
      <shelf name="kindle" count="70"/>
      <shelf name="series" count="63"/>
      <shelf name="lovecraftian" count="57"/>
      <shelf name="ebook" count="53"/>
      <shelf name="thriller" count="52"/>
      <shelf name="sci-fi-fantasy" count="42"/>
      <shelf name="audiobook" count="36"/>
      <shelf name="paranormal" count="36"/>
      <shelf name="to-buy" count="35"/>
      <shelf name="default" count="34"/>
      <shelf name="humour" count="34"/>
      <shelf name="library" count="33"/>
      <shelf name="mystery" count="32"/>
      <shelf name="espionage" count="30"/>
      <shelf name="alternate-history" count="30"/>
      <shelf name="audible" count="27"/>
      <shelf name="audio" count="26"/>
      <shelf name="audiobooks" count="26"/>
      <shelf name="speculative-fiction" count="24"/>
      <shelf name="supernatural" count="23"/>
      <shelf name="spy" count="22"/>
      <shelf name="cthulhu" count="19"/>
      <shelf name="cyberpunk" count="19"/>
      <shelf name="scifi-fantasy" count="19"/>
      <shelf name="ebooks" count="18"/>
      <shelf name="science" count="18"/>
      <shelf name="sci-fi-and-fantasy" count="17"/>
      <shelf name="weird-fiction" count="16"/>
      <shelf name="science-fiction-fantasy" count="16"/>
      <shelf name="magic" count="15"/>
      <shelf name="abandoned" count="15"/>
      <shelf name="cthulhu-mythos" count="15"/>
      <shelf name="wish-list" count="15"/>
      <shelf name="charles-stross" count="14"/>
      <shelf name="comedy" count="14"/>
      <shelf name="to-read-fiction" count="13"/>
      <shelf name="did-not-finish" count="13"/>
      <shelf name="first-in-series" count="13"/>
      <shelf name="sf-f" count="13"/>
      <shelf name="read-in-2015" count="12"/>
      <shelf name="fantasy-urban" count="12"/>
      <shelf name="urban" count="12"/>
      <shelf name="lovecraft" count="12"/>
      <shelf name="sf-fantasy" count="12"/>
      <shelf name="novel" count="12"/>
      <shelf name="crime" count="12"/>
      <shelf name="fantasy-sci-fi" count="11"/>
      <shelf name="sff" count="11"/>
      <shelf name="read-in-2016" count="10"/>
      <shelf name="laundry-files" count="10"/>
      <shelf name="have" count="10"/>
      <shelf name="books-i-own" count="10"/>
      <shelf name="e-books" count="10"/>
      <shelf name="recommended" count="10"/>
      <shelf name="adventure" count="10"/>
      <shelf name="weird" count="10"/>
      <shelf name="re-read" count="10"/>
      <shelf name="novels" count="10"/>
      <shelf name="didn-t-finish" count="9"/>
      <shelf name="owned-books" count="9"/>
      <shelf name="calibre" count="9"/>
      <shelf name="laundry" count="9"/>
      <shelf name="modern-fantasy" count="9"/>
      <shelf name="spies" count="9"/>
      <shelf name="modern" count="9"/>
      <shelf name="maybe" count="8"/>
      <shelf name="funny" count="8"/>
      <shelf name="zombies" count="8"/>
      <shelf name="british" count="8"/>
      <shelf name="action" count="8"/>
      <shelf name="reviewed" count="8"/>
      <shelf name="contemporary" count="8"/>
      <shelf name="dnf" count="7"/>
      <shelf name="read-in-2014" count="7"/>
      <shelf name="read-2013" count="7"/>
      <shelf name="reread" count="7"/>
      <shelf name="english" count="7"/>
      <shelf name="england" count="7"/>
      <shelf name="on-hold" count="7"/>
      <shelf name="my-library" count="7"/>
      <shelf name="fun" count="7"/>
      <shelf name="aliens" count="7"/>
      <shelf name="occult" count="7"/>
      <shelf name="book-club" count="7"/>
      <shelf name="short-stories" count="7"/>
      <shelf name="read-2017" count="6"/>
      <shelf name="read-2014" count="6"/>
  </popular_shelves>
  <book_links>
    <book_link>
  <id>8</id>
  <name>Libraries</name>
  <link>https://www.goodreads.com/book_link/follow/8</link>
</book_link>

  </book_links>
  <buy_links>
    <buy_link>
<id>1</id>
<name>Amazon</name>
<link>https://www.goodreads.com/book_link/follow/1</link>
</buy_link>
<buy_link>
<id>10</id>
<name>Audible</name>
<link>https://www.goodreads.com/book_link/follow/10</link>
</buy_link>
<buy_link>
<id>3</id>
<name>Barnes &amp; Noble</name>
<link>https://www.goodreads.com/book_link/follow/3</link>
</buy_link>
<buy_link>
<id>1027</id>
<name>Kobo</name>
<link>https://www.goodreads.com/book_link/follow/1027</link>
</buy_link>
<buy_link>
<id>2102</id>
<name>Apple iBooks</name>
<link>https://www.goodreads.com/book_link/follow/2102</link>
</buy_link>
<buy_link>
<id>8036</id>
<name>Google Play</name>
<link>https://www.goodreads.com/book_link/follow/8036</link>
</buy_link>
<buy_link>
<id>4</id>
<name>Abebooks</name>
<link>https://www.goodreads.com/book_link/follow/4</link>
</buy_link>
<buy_link>
<id>882</id>
<name>Book Depository</name>
<link>https://www.goodreads.com/book_link/follow/882</link>
</buy_link>
<buy_link>
<id>9</id>
<name>Indigo</name>
<link>https://www.goodreads.com/book_link/follow/9</link>
</buy_link>
<buy_link>
<id>2</id>
<name>Half.com</name>
<link>https://www.goodreads.com/book_link/follow/2</link>
</buy_link>
<buy_link>
<id>5</id>
<name>Alibris</name>
<link>https://www.goodreads.com/book_link/follow/5</link>
</buy_link>
<buy_link>
<id>107</id>
<name>Better World Books</name>
<link>https://www.goodreads.com/book_link/follow/107</link>
</buy_link>
<buy_link>
<id>7</id>
<name>IndieBound</name>
<link>https://www.goodreads.com/book_link/follow/7</link>
</buy_link>

  </buy_links>
  <series_works>
    <series_work>
<id>191332</id>
<user_position>1</user_position>
<series>
<id>50764</id>
<title>
<![CDATA[
    Laundry Files
]]>
</title>
<description>
<![CDATA[
]]>
</description>
<note>
<![CDATA[
]]>
</note>
<series_works_count>13</series_works_count>
<primary_work_count>8</primary_work_count>
<numbered>true</numbered>
</series>

</series_work>

  </series_works>
  <similar_books>
          <book>
<id>6582496</id>
<title>Finch (Ambergris, #3)</title>
<title_without_series>Finch</title_without_series>
<link><![CDATA[https://www.goodreads.com/book/show/6582496-finch]]></link>
<small_image_url><![CDATA[https://s.gr-assets.com/assets/nophoto/book/50x75-a91bf249278a81aabab721ef782c4a74.png]]></small_image_url>
<image_url><![CDATA[https://s.gr-assets.com/assets/nophoto/book/111x148-bcc042a9c91a29c1d680899eff700a03.png]]></image_url>
<num_pages>320</num_pages>
<work>
<id>6775967</id>
</work>
<isbn>0980226015</isbn>
<isbn13>9780980226010</isbn13>
<average_rating>3.96</average_rating>
<ratings_count>2275</ratings_count>
<publication_year>2009</publication_year>
<publication_month>11</publication_month>
<publication_day>3</publication_day>
<authors>
<author>
<id>33919</id>
<name>Jeff VanderMeer</name>
<link><![CDATA[https://www.goodreads.com/author/show/33919.Jeff_VanderMeer]]></link>
</author>
</authors>
</book>

          <book>
<id>190554</id>
<title>Declare</title>
<title_without_series>Declare</title_without_series>
<link><![CDATA[https://www.goodreads.com/book/show/190554.Declare]]></link>
<small_image_url><![CDATA[https://s.gr-assets.com/assets/nophoto/book/50x75-a91bf249278a81aabab721ef782c4a74.png]]></small_image_url>
<image_url><![CDATA[https://s.gr-assets.com/assets/nophoto/book/111x148-bcc042a9c91a29c1d680899eff700a03.png]]></image_url>
<num_pages>608</num_pages>
<work>
<id>937379</id>
</work>
<isbn>0380798360</isbn>
<isbn13>9780380798360</isbn13>
<average_rating>4.03</average_rating>
<ratings_count>4162</ratings_count>
<publication_year>2002</publication_year>
<publication_month>6</publication_month>
<publication_day>4</publication_day>
<authors>
<author>
<id>8835</id>
<name>Tim Powers</name>
<link><![CDATA[https://www.goodreads.com/author/show/8835.Tim_Powers]]></link>
</author>
</authors>
</book>

          <book>
<id>6462796</id>
<title>Orbus (Spatterjay, #3)</title>
<title_without_series>Orbus</title_without_series>
<link><![CDATA[https://www.goodreads.com/book/show/6462796-orbus]]></link>
<small_image_url><![CDATA[https://images.gr-assets.com/books/1330300693s/6462796.jpg]]></small_image_url>
<image_url><![CDATA[https://images.gr-assets.com/books/1330300693m/6462796.jpg]]></image_url>
<num_pages>352</num_pages>
<work>
<id>6653238</id>
</work>
<isbn>0230708722</isbn>
<isbn13>9780230708723</isbn13>
<average_rating>4.16</average_rating>
<ratings_count>1927</ratings_count>
<publication_year>2009</publication_year>
<publication_month>10</publication_month>
<publication_day></publication_day>
<authors>
<author>
<id>56353</id>
<name>Neal Asher</name>
<link><![CDATA[https://www.goodreads.com/author/show/56353.Neal_Asher]]></link>
</author>
</authors>
</book>

          <book>
<id>185829</id>
<title>The Execution Channel</title>
<title_without_series>The Execution Channel</title_without_series>
<link><![CDATA[https://www.goodreads.com/book/show/185829.The_Execution_Channel]]></link>
<small_image_url><![CDATA[https://images.gr-assets.com/books/1312035402s/185829.jpg]]></small_image_url>
<image_url><![CDATA[https://images.gr-assets.com/books/1312035402m/185829.jpg]]></image_url>
<num_pages>288</num_pages>
<work>
<id>2974564</id>
</work>
<isbn>0765313324</isbn>
<isbn13>9780765313324</isbn13>
<average_rating>3.44</average_rating>
<ratings_count>886</ratings_count>
<publication_year>2007</publication_year>
<publication_month>6</publication_month>
<publication_day>12</publication_day>
<authors>
<author>
<id>108281</id>
<name>Ken MacLeod</name>
<link><![CDATA[https://www.goodreads.com/author/show/108281.Ken_MacLeod]]></link>
</author>
</authors>
</book>

          <book>
<id>12017</id>
<title>Inversions (Culture, #6)</title>
<title_without_series>Inversions</title_without_series>
<link><![CDATA[https://www.goodreads.com/book/show/12017.Inversions]]></link>
<small_image_url><![CDATA[https://images.gr-assets.com/books/1288930844s/12017.jpg]]></small_image_url>
<image_url><![CDATA[https://images.gr-assets.com/books/1288930844m/12017.jpg]]></image_url>
<num_pages>343</num_pages>
<work>
<id>21864462</id>
</work>
<isbn>074341196X</isbn>
<isbn13>9780743411967</isbn13>
<average_rating>3.90</average_rating>
<ratings_count>10810</ratings_count>
<publication_year>2001</publication_year>
<publication_month>5</publication_month>
<publication_day>1</publication_day>
<authors>
<author>
<id>5807106</id>
<name>Iain M. Banks</name>
<link><![CDATA[https://www.goodreads.com/author/show/5807106.Iain_M_Banks]]></link>
</author>
</authors>
</book>

          <book>
<id>89195</id>
<title><![CDATA[The Prefect (Prefect Dreyfus Emergency, #1)]]></title>
<title_without_series>The Prefect</title_without_series>
<link><![CDATA[https://www.goodreads.com/book/show/89195.The_Prefect]]></link>
<small_image_url><![CDATA[https://images.gr-assets.com/books/1327988786s/89195.jpg]]></small_image_url>
<image_url><![CDATA[https://images.gr-assets.com/books/1327988786m/89195.jpg]]></image_url>
<num_pages>410</num_pages>
<work>
<id>3102565</id>
</work>
<isbn>0575077166</isbn>
<isbn13>9780575077164</isbn13>
<average_rating>4.15</average_rating>
<ratings_count>11124</ratings_count>
<publication_year>2007</publication_year>
<publication_month>4</publication_month>
<publication_day>12</publication_day>
<authors>
<author>
<id>51204</id>
<name>Alastair Reynolds</name>
<link><![CDATA[https://www.goodreads.com/author/show/51204.Alastair_Reynolds]]></link>
</author>
</authors>
</book>

          <book>
<id>187176</id>
<title>Pashazade (Arabesk, #1)</title>
<title_without_series>Pashazade</title_without_series>
<link><![CDATA[https://www.goodreads.com/book/show/187176.Pashazade]]></link>
<small_image_url><![CDATA[https://images.gr-assets.com/books/1320427417s/187176.jpg]]></small_image_url>
<image_url><![CDATA[https://images.gr-assets.com/books/1320427417m/187176.jpg]]></image_url>
<num_pages>384</num_pages>
<work>
<id>1105485</id>
</work>
<isbn>0553587439</isbn>
<isbn13>9780553587432</isbn13>
<average_rating>3.85</average_rating>
<ratings_count>1082</ratings_count>
<publication_year>2005</publication_year>
<publication_month>3</publication_month>
<publication_day>1</publication_day>
<authors>
<author>
<id>109005</id>
<name>Jon Courtenay Grimwood</name>
<link><![CDATA[https://www.goodreads.com/author/show/109005.Jon_Courtenay_Grimwood]]></link>
</author>
</authors>
</book>

          <book>
<id>10511586</id>
<title>Degrees of Freedom</title>
<title_without_series>Degrees of Freedom</title_without_series>
<link><![CDATA[https://www.goodreads.com/book/show/10511586-degrees-of-freedom]]></link>
<small_image_url><![CDATA[https://images.gr-assets.com/books/1302188409s/10511586.jpg]]></small_image_url>
<image_url><![CDATA[https://images.gr-assets.com/books/1302188409m/10511586.jpg]]></image_url>
<num_pages></num_pages>
<work>
<id>15417528</id>
</work>
<isbn>0316125172</isbn>
<isbn13>9780316125178</isbn13>
<average_rating>4.11</average_rating>
<ratings_count>1014</ratings_count>
<publication_year></publication_year>
<publication_month></publication_month>
<publication_day></publication_day>
<authors>
<author>
<id>1067243</id>
<name>Simon Morden</name>
<link><![CDATA[https://www.goodreads.com/author/show/1067243.Simon_Morden]]></link>
</author>
</authors>
</book>

          <book>
<id>7562764</id>
<title><![CDATA[The Quantum Thief (Jean le Flambeur, #1)]]></title>
<title_without_series>The Quantum Thief</title_without_series>
<link><![CDATA[https://www.goodreads.com/book/show/7562764-the-quantum-thief]]></link>
<small_image_url><![CDATA[https://images.gr-assets.com/books/1327950631s/7562764.jpg]]></small_image_url>
<image_url><![CDATA[https://images.gr-assets.com/books/1327950631m/7562764.jpg]]></image_url>
<num_pages>336</num_pages>
<work>
<id>9886333</id>
</work>
<isbn>0575088877</isbn>
<isbn13>9780575088870</isbn13>
<average_rating>3.83</average_rating>
<ratings_count>14453</ratings_count>
<publication_year>2010</publication_year>
<publication_month>9</publication_month>
<publication_day>1</publication_day>
<authors>
<author>
<id>2768002</id>
<name>Hannu Rajaniemi</name>
<link><![CDATA[https://www.goodreads.com/author/show/2768002.Hannu_Rajaniemi]]></link>
</author>
</authors>
</book>

          <book>
<id>279561</id>
<title><![CDATA[Broken Angels (Takeshi Kovacs, #2)]]></title>
<title_without_series>Broken Angels</title_without_series>
<link><![CDATA[https://www.goodreads.com/book/show/279561.Broken_Angels]]></link>
<small_image_url><![CDATA[https://s.gr-assets.com/assets/nophoto/book/50x75-a91bf249278a81aabab721ef782c4a74.png]]></small_image_url>
<image_url><![CDATA[https://s.gr-assets.com/assets/nophoto/book/111x148-bcc042a9c91a29c1d680899eff700a03.png]]></image_url>
<num_pages>366</num_pages>
<work>
<id>1775843</id>
</work>
<isbn>0345457714</isbn>
<isbn13>9780345457714</isbn13>
<average_rating>4.00</average_rating>
<ratings_count>17595</ratings_count>
<publication_year>2004</publication_year>
<publication_month>3</publication_month>
<publication_day>2</publication_day>
<authors>
<author>
<id>16496</id>
<name>Richard K. Morgan</name>
<link><![CDATA[https://www.goodreads.com/author/show/16496.Richard_K_Morgan]]></link>
</author>
</authors>
</book>

          <book>
<id>6993091</id>
<title>The Dervish House</title>
<title_without_series>The Dervish House</title_without_series>
<link><![CDATA[https://www.goodreads.com/book/show/6993091-the-dervish-house]]></link>
<small_image_url><![CDATA[https://images.gr-assets.com/books/1257600283s/6993091.jpg]]></small_image_url>
<image_url><![CDATA[https://images.gr-assets.com/books/1257600283m/6993091.jpg]]></image_url>
<num_pages>358</num_pages>
<work>
<id>7235789</id>
</work>
<isbn>1616142049</isbn>
<isbn13>9781616142049</isbn13>
<average_rating>3.84</average_rating>
<ratings_count>3869</ratings_count>
<publication_year>2010</publication_year>
<publication_month>7</publication_month>
<publication_day>27</publication_day>
<authors>
<author>
<id>25376</id>
<name>Ian McDonald</name>
<link><![CDATA[https://www.goodreads.com/author/show/25376.Ian_McDonald]]></link>
</author>
</authors>
</book>

          <book>
<id>1507830</id>
<title><![CDATA[Delta Green (Call of Cthulhu RPG)]]></title>
<title_without_series>Delta Green</title_without_series>
<link><![CDATA[https://www.goodreads.com/book/show/1507830.Delta_Green]]></link>
<small_image_url><![CDATA[https://s.gr-assets.com/assets/nophoto/book/50x75-a91bf249278a81aabab721ef782c4a74.png]]></small_image_url>
<image_url><![CDATA[https://s.gr-assets.com/assets/nophoto/book/111x148-bcc042a9c91a29c1d680899eff700a03.png]]></image_url>
<num_pages>298</num_pages>
<work>
<id>1499383</id>
</work>
<isbn>1887797084</isbn>
<isbn13>9781887797085</isbn13>
<average_rating>4.44</average_rating>
<ratings_count>360</ratings_count>
<publication_year>1997</publication_year>
<publication_month>2</publication_month>
<publication_day></publication_day>
<authors>
<author>
<id>158895</id>
<name>Dennis Detwiller</name>
<link><![CDATA[https://www.goodreads.com/author/show/158895.Dennis_Detwiller]]></link>
</author>
</authors>
</book>

          <book>
<id>7268509</id>
<title><![CDATA[Game of Cages (Twenty Palaces, #2)]]></title>
<title_without_series>Game of Cages</title_without_series>
<link><![CDATA[https://www.goodreads.com/book/show/7268509-game-of-cages]]></link>
<small_image_url><![CDATA[https://s.gr-assets.com/assets/nophoto/book/50x75-a91bf249278a81aabab721ef782c4a74.png]]></small_image_url>
<image_url><![CDATA[https://s.gr-assets.com/assets/nophoto/book/111x148-bcc042a9c91a29c1d680899eff700a03.png]]></image_url>
<num_pages>344</num_pages>
<work>
<id>8385900</id>
</work>
<isbn>0345508904</isbn>
<isbn13>9780345508904</isbn13>
<average_rating>3.89</average_rating>
<ratings_count>3348</ratings_count>
<publication_year>2010</publication_year>
<publication_month>8</publication_month>
<publication_day>31</publication_day>
<authors>
<author>
<id>89973</id>
<name>Harry Connolly</name>
<link><![CDATA[https://www.goodreads.com/author/show/89973.Harry_Connolly]]></link>
</author>
</authors>
</book>

  </similar_books>
</book>

</GoodreadsResponse>