<?xml version="1.0" encoding="UTF-8"?>
<GoodreadsResponse>
  <Request>
    <authentication>true</authentication>
      <key><![CDATA[all_men_must_serve]]></key>
    <method><![CDATA[book_show]]></method>
  </Request>
  <book>
  <id>101911</id>
  <title>Vinegar Hill</title>
  <isbn><![CDATA[0060897848]]></isbn>
  <isbn13><![CDATA[9780060897840]]></isbn13>
  <asin><![CDATA[]]></asin>
  <kindle_asin><![CDATA[]]></kindle_asin>
  <marketplace_id><![CDATA[]]></marketplace_id>
  <country_code><![CDATA[GB]]></country_code>
  <image_url>https://s.gr-assets.com/assets/nophoto/book/111x148-bcc042a9c91a29c1d680899eff700a03.png</image_url>
  <small_image_url>https://s.gr-assets.com/assets/nophoto/book/50x75-a91bf249278a81aabab721ef782c4a74.png</small_image_url>
  <publication_year></publication_year>
  <publication_month></publication_month>
  <publication_day></publication_day>
  <publisher></publisher>
  <language_code>en-US</language_code>
  <is_ebook>false</is_ebook>
  <description></description>
  <work>
  <id type="integer">99634</id>
  <books_count type="integer">33</books_count>
  <best_book_id type="integer">101911</best_book_id>
  <reviews_count type="integer">35626</reviews_count>
  <ratings_sum type="integer">83357</ratings_sum>
  <ratings_count type="integer">24809</ratings_count>
  <text_reviews_count type="integer">901</text_reviews_count>
  <original_publication_year type="integer">1994</original_publication_year>
  <original_publication_month type="integer">9</original_publication_month>
  <original_publication_day type="integer">12</original_publication_day>
  <original_title>Vinegar Hill (P.S.)</original_title>
  <original_language_id type="integer" nil="true"/>
  <media_type>book</media_type>
  <rating_dist>5:3524|4:7415|3:9388|2:3431|1:1051|total:24809</rating_dist>
  <desc_user_id type="integer" nil="true"/>
  <default_chaptering_book_id type="integer" nil="true"/>
  <default_description_language_code nil="true"/>
</work>
  <average_rating>3.36</average_rating>
  <num_pages><![CDATA[]]></num_pages>
  <format><![CDATA[]]></format>
  <edition_information><![CDATA[]]></edition_information>
  <ratings_count><![CDATA[23972]]></ratings_count>
  <text_reviews_count><![CDATA[807]]></text_reviews_count>
  <url><![CDATA[https://www.goodreads.com/book/show/101911.Vinegar_Hill]]></url>
  <link><![CDATA[https://www.goodreads.com/book/show/101911.Vinegar_Hill]]></link>
  <authors>
<author>
<id>58843</id>
<name>A. Manette Ansay</name>
<role></role>
<image_url nophoto='true'>
<![CDATA[https://s.gr-assets.com/assets/nophoto/user/f_200x266-3061b784cc8e7f021c6430c9aba94587.png]]>
</image_url>
<small_image_url nophoto='true'>
<![CDATA[https://s.gr-assets.com/assets/nophoto/user/f_50x66-6a03a5c12233c941481992b82eea8d23.png]]>
</small_image_url>
<link><![CDATA[https://www.goodreads.com/author/show/58843.A_Manette_Ansay]]></link>
<average_rating>3.37</average_rating>
<ratings_count>29546</ratings_count>
<text_reviews_count>1483</text_reviews_count>
</author>
</authors>

    <reviews_widget>
      <![CDATA[
        <style>
  #goodreads-widget {
    font-family: georgia, serif;
    padding: 18px 0;
    width:565px;
  }
  #goodreads-widget h1 {
    font-weight:normal;
    font-size: 16px;
    border-bottom: 1px solid #BBB596;
    margin-bottom: 0;
  }
  #goodreads-widget a {
    text-decoration: none;
    color:#660;
  }
  iframe{
    background-color: #fff;
  }
  #goodreads-widget a:hover { text-decoration: underline; }
  #goodreads-widget a:active {
    color:#660;
  }
  #gr_footer {
    width: 100%;
    border-top: 1px solid #BBB596;
    text-align: right;
  }
  #goodreads-widget .gr_branding{
    color: #382110;
    font-size: 11px;
    text-decoration: none;
    font-family: "Helvetica Neue", Helvetica, Arial, sans-serif;
  }
</style>
<div id="goodreads-widget">
  <div id="gr_header"><h1><a rel="nofollow" href="https://www.goodreads.com/book/show/101911.Vinegar_Hill">Vinegar Hill Reviews</a></h1></div>
  <iframe id="the_iframe" src="https://www.goodreads.com/api/reviews_widget_iframe?did=DEVELOPER_ID&amp;format=html&amp;isbn=0060897848&amp;links=660&amp;min_rating=&amp;review_back=fff&amp;stars=000&amp;text=000" width="565" height="400" frameborder="0"></iframe>
  <div id="gr_footer">
    <a class="gr_branding" target="_blank" rel="nofollow" href="https://www.goodreads.com/book/show/101911.Vinegar_Hill?utm_medium=api&amp;utm_source=reviews_widget">Reviews from Goodreads.com</a>
  </div>
</div>

      ]]>
    </reviews_widget>
  <popular_shelves>
      <shelf name="to-read" count="8509"/>
      <shelf name="fiction" count="312"/>
      <shelf name="currently-reading" count="94"/>
      <shelf name="oprah" count="77"/>
      <shelf name="oprah-s-book-club" count="72"/>
      <shelf name="books-i-own" count="60"/>
      <shelf name="owned" count="44"/>
      <shelf name="oprah-book-club" count="40"/>
      <shelf name="contemporary-fiction" count="36"/>
      <shelf name="book-club" count="36"/>
      <shelf name="oprahs-book-club" count="34"/>
      <shelf name="contemporary" count="20"/>
      <shelf name="adult-fiction" count="17"/>
      <shelf name="2000" count="17"/>
      <shelf name="historical-fiction" count="15"/>
      <shelf name="favorites" count="15"/>
      <shelf name="library" count="15"/>
      <shelf name="default" count="13"/>
      <shelf name="family" count="13"/>
      <shelf name="own-it" count="13"/>
      <shelf name="oprah-books" count="13"/>
      <shelf name="novel" count="13"/>
      <shelf name="my-books" count="12"/>
      <shelf name="chick-lit" count="11"/>
      <shelf name="literary-fiction" count="10"/>
      <shelf name="general-fiction" count="10"/>
      <shelf name="drama" count="10"/>
      <shelf name="novels" count="10"/>
      <shelf name="a-manette-ansay" count="9"/>
      <shelf name="relationships" count="9"/>
      <shelf name="dysfunctional-families" count="9"/>
      <shelf name="i-own" count="9"/>
      <shelf name="did-not-finish" count="8"/>
      <shelf name="owned-books" count="8"/>
      <shelf name="in-my-library" count="7"/>
      <shelf name="own-to-read" count="7"/>
      <shelf name="obc" count="7"/>
      <shelf name="wisconsin" count="7"/>
      <shelf name="bookclub" count="7"/>
      <shelf name="marriage" count="6"/>
      <shelf name="to-read-own" count="6"/>
      <shelf name="my-library" count="6"/>
      <shelf name="contemporary-lit" count="6"/>
      <shelf name="adult" count="6"/>
      <shelf name="paperback" count="5"/>
      <shelf name="read-in-2013" count="5"/>
      <shelf name="home-library" count="5"/>
      <shelf name="family-drama" count="5"/>
      <shelf name="to-buy" count="5"/>
      <shelf name="families" count="5"/>
      <shelf name="i-own-it" count="5"/>
      <shelf name="abuse" count="5"/>
      <shelf name="womens-fiction" count="5"/>
      <shelf name="oprah-s-bookclub" count="5"/>
      <shelf name="borrowed" count="5"/>
      <shelf name="personal-library" count="5"/>
      <shelf name="families-in-crisis" count="4"/>
      <shelf name="book-club-book" count="4"/>
      <shelf name="historical" count="4"/>
      <shelf name="books" count="4"/>
      <shelf name="have" count="4"/>
      <shelf name="read-in-2012" count="4"/>
      <shelf name="oprah-s" count="4"/>
      <shelf name="family-relationships" count="4"/>
      <shelf name="modern" count="4"/>
      <shelf name="2006" count="4"/>
      <shelf name="literature" count="4"/>
      <shelf name="finished" count="4"/>
      <shelf name="2004" count="4"/>
      <shelf name="american" count="4"/>
      <shelf name="summer-2015" count="3"/>
      <shelf name="mine" count="3"/>
      <shelf name="good" count="3"/>
      <shelf name="read-in-2014" count="3"/>
      <shelf name="read-fiction" count="3"/>
      <shelf name="1990s" count="3"/>
      <shelf name="usa" count="3"/>
      <shelf name="favorite-books" count="3"/>
      <shelf name="on-my-bookshelf" count="3"/>
      <shelf name="america" count="3"/>
      <shelf name="wish-list" count="3"/>
      <shelf name="midwest" count="3"/>
      <shelf name="book-club-selections" count="3"/>
      <shelf name="to-get" count="3"/>
      <shelf name="already-read" count="3"/>
      <shelf name="women-writers" count="3"/>
      <shelf name="unread" count="3"/>
      <shelf name="oprahs-picks" count="3"/>
      <shelf name="oprahbookclub" count="3"/>
      <shelf name="oprah-bookclub" count="3"/>
      <shelf name="modern-fiction" count="3"/>
      <shelf name="literary" count="3"/>
      <shelf name="book-clubs" count="3"/>
      <shelf name="bookcrossing" count="3"/>
      <shelf name="oprahs-bookclub" count="3"/>
      <shelf name="2005" count="3"/>
      <shelf name="religion" count="3"/>
      <shelf name="own-a-copy" count="3"/>
      <shelf name="books-i-have" count="3"/>
      <shelf name="women" count="3"/>
  </popular_shelves>
  <book_links>
    <book_link>
  <id>8</id>
  <name>Libraries</name>
  <link>https://www.goodreads.com/book_link/follow/8</link>
</book_link>

  </book_links>
  <buy_links>
    <buy_link>
<id>1</id>
<name>Amazon</name>
<link>https://www.goodreads.com/book_link/follow/1</link>
</buy_link>
<buy_link>
<id>10</id>
<name>Audible</name>
<link>https://www.goodreads.com/book_link/follow/10</link>
</buy_link>
<buy_link>
<id>3</id>
<name>Barnes &amp; Noble</name>
<link>https://www.goodreads.com/book_link/follow/3</link>
</buy_link>
<buy_link>
<id>1027</id>
<name>Kobo</name>
<link>https://www.goodreads.com/book_link/follow/1027</link>
</buy_link>
<buy_link>
<id>2102</id>
<name>Apple iBooks</name>
<link>https://www.goodreads.com/book_link/follow/2102</link>
</buy_link>
<buy_link>
<id>8036</id>
<name>Google Play</name>
<link>https://www.goodreads.com/book_link/follow/8036</link>
</buy_link>
<buy_link>
<id>4</id>
<name>Abebooks</name>
<link>https://www.goodreads.com/book_link/follow/4</link>
</buy_link>
<buy_link>
<id>882</id>
<name>Book Depository</name>
<link>https://www.goodreads.com/book_link/follow/882</link>
</buy_link>
<buy_link>
<id>9</id>
<name>Indigo</name>
<link>https://www.goodreads.com/book_link/follow/9</link>
</buy_link>
<buy_link>
<id>2</id>
<name>Half.com</name>
<link>https://www.goodreads.com/book_link/follow/2</link>
</buy_link>
<buy_link>
<id>5</id>
<name>Alibris</name>
<link>https://www.goodreads.com/book_link/follow/5</link>
</buy_link>
<buy_link>
<id>107</id>
<name>Better World Books</name>
<link>https://www.goodreads.com/book_link/follow/107</link>
</buy_link>
<buy_link>
<id>7</id>
<name>IndieBound</name>
<link>https://www.goodreads.com/book_link/follow/7</link>
</buy_link>

  </buy_links>
  <series_works>
    
  </series_works>
  <similar_books>
          <book>
<id>5202</id>
<title><![CDATA[The Treasure Hunt: A Little Bill Book]]></title>
<title_without_series><![CDATA[The Treasure Hunt: A Little Bill Book]]></title_without_series>
<link><![CDATA[https://www.goodreads.com/book/show/5202.The_Treasure_Hunt]]></link>
<small_image_url><![CDATA[https://s.gr-assets.com/assets/nophoto/book/50x75-a91bf249278a81aabab721ef782c4a74.png]]></small_image_url>
<image_url><![CDATA[https://s.gr-assets.com/assets/nophoto/book/111x148-bcc042a9c91a29c1d680899eff700a03.png]]></image_url>
<num_pages>40</num_pages>
<work>
<id>2237829</id>
</work>
<isbn>0590956183</isbn>
<isbn13>9780590956185</isbn13>
<average_rating>3.33</average_rating>
<ratings_count>314</ratings_count>
<publication_year>1997</publication_year>
<publication_month>9</publication_month>
<publication_day>1</publication_day>
<authors>
<author>
<id>3537</id>
<name>Bill Cosby</name>
<link><![CDATA[https://www.goodreads.com/author/show/3537.Bill_Cosby]]></link>
</author>
</authors>
</book>

          <book>
<id>166101</id>
<title>River, Cross My Heart</title>
<title_without_series>River, Cross My Heart</title_without_series>
<link><![CDATA[https://www.goodreads.com/book/show/166101.River_Cross_My_Heart]]></link>
<small_image_url><![CDATA[https://images.gr-assets.com/books/1344268600s/166101.jpg]]></small_image_url>
<image_url><![CDATA[https://images.gr-assets.com/books/1344268600m/166101.jpg]]></image_url>
<num_pages>245</num_pages>
<work>
<id>2174991</id>
</work>
<isbn>0316899984</isbn>
<isbn13>9780316899987</isbn13>
<average_rating>3.47</average_rating>
<ratings_count>11882</ratings_count>
<publication_year>1999</publication_year>
<publication_month>10</publication_month>
<publication_day>1</publication_day>
<authors>
<author>
<id>96531</id>
<name>Breena Clarke</name>
<link><![CDATA[https://www.goodreads.com/author/show/96531.Breena_Clarke]]></link>
</author>
</authors>
</book>

          <book>
<id>5179</id>
<title>Mother of Pearl</title>
<title_without_series>Mother of Pearl</title_without_series>
<link><![CDATA[https://www.goodreads.com/book/show/5179.Mother_of_Pearl]]></link>
<small_image_url><![CDATA[https://s.gr-assets.com/assets/nophoto/book/50x75-a91bf249278a81aabab721ef782c4a74.png]]></small_image_url>
<image_url><![CDATA[https://s.gr-assets.com/assets/nophoto/book/111x148-bcc042a9c91a29c1d680899eff700a03.png]]></image_url>
<num_pages>465</num_pages>
<work>
<id>1527857</id>
</work>
<isbn>0671774670</isbn>
<isbn13>9780671774677</isbn13>
<average_rating>3.67</average_rating>
<ratings_count>17643</ratings_count>
<publication_year></publication_year>
<publication_month></publication_month>
<publication_day></publication_day>
<authors>
<author>
<id>3519</id>
<name>Melinda Haynes</name>
<link><![CDATA[https://www.goodreads.com/author/show/3519.Melinda_Haynes]]></link>
</author>
</authors>
</book>

          <book>
<id>5158</id>
<title>A Virtuous Woman</title>
<title_without_series>A Virtuous Woman</title_without_series>
<link><![CDATA[https://www.goodreads.com/book/show/5158.A_Virtuous_Woman]]></link>
<small_image_url><![CDATA[https://s.gr-assets.com/assets/nophoto/book/50x75-a91bf249278a81aabab721ef782c4a74.png]]></small_image_url>
<image_url><![CDATA[https://s.gr-assets.com/assets/nophoto/book/111x148-bcc042a9c91a29c1d680899eff700a03.png]]></image_url>
<num_pages>165</num_pages>
<work>
<id>3166</id>
</work>
<isbn>0375703063</isbn>
<isbn13>9780375703065</isbn13>
<average_rating>3.67</average_rating>
<ratings_count>21654</ratings_count>
<publication_year>1997</publication_year>
<publication_month>11</publication_month>
<publication_day>5</publication_day>
<authors>
<author>
<id>3501</id>
<name>Kaye Gibbons</name>
<link><![CDATA[https://www.goodreads.com/author/show/3501.Kaye_Gibbons]]></link>
</author>
</authors>
</book>

          <book>
<id>5182</id>
<title>Songs in Ordinary Time</title>
<title_without_series>Songs in Ordinary Time</title_without_series>
<link><![CDATA[https://www.goodreads.com/book/show/5182.Songs_in_Ordinary_Time]]></link>
<small_image_url><![CDATA[https://s.gr-assets.com/assets/nophoto/book/50x75-a91bf249278a81aabab721ef782c4a74.png]]></small_image_url>
<image_url><![CDATA[https://s.gr-assets.com/assets/nophoto/book/111x148-bcc042a9c91a29c1d680899eff700a03.png]]></image_url>
<num_pages>740</num_pages>
<work>
<id>846655</id>
</work>
<isbn>0140244824</isbn>
<isbn13>9780140244823</isbn13>
<average_rating>3.68</average_rating>
<ratings_count>27338</ratings_count>
<publication_year></publication_year>
<publication_month></publication_month>
<publication_day></publication_day>
<authors>
<author>
<id>3522</id>
<name>Mary McGarry Morris</name>
<link><![CDATA[https://www.goodreads.com/author/show/3522.Mary_McGarry_Morris]]></link>
</author>
</authors>
</book>

          <book>
<id>3476</id>
<title>Icy Sparks</title>
<title_without_series>Icy Sparks</title_without_series>
<link><![CDATA[https://www.goodreads.com/book/show/3476.Icy_Sparks]]></link>
<small_image_url><![CDATA[https://s.gr-assets.com/assets/nophoto/book/50x75-a91bf249278a81aabab721ef782c4a74.png]]></small_image_url>
<image_url><![CDATA[https://s.gr-assets.com/assets/nophoto/book/111x148-bcc042a9c91a29c1d680899eff700a03.png]]></image_url>
<num_pages>320</num_pages>
<work>
<id>1004778</id>
</work>
<isbn>0142000205</isbn>
<isbn13>9780142000205</isbn13>
<average_rating>3.68</average_rating>
<ratings_count>34959</ratings_count>
<publication_year></publication_year>
<publication_month></publication_month>
<publication_day></publication_day>
<authors>
<author>
<id>2350</id>
<name>Gwyn Hyman Rubio</name>
<link><![CDATA[https://www.goodreads.com/author/show/2350.Gwyn_Hyman_Rubio]]></link>
</author>
</authors>
</book>

          <book>
<id>174403</id>
<title>Back Roads</title>
<title_without_series>Back Roads</title_without_series>
<link><![CDATA[https://www.goodreads.com/book/show/174403.Back_Roads]]></link>
<small_image_url><![CDATA[https://s.gr-assets.com/assets/nophoto/book/50x75-a91bf249278a81aabab721ef782c4a74.png]]></small_image_url>
<image_url><![CDATA[https://s.gr-assets.com/assets/nophoto/book/111x148-bcc042a9c91a29c1d680899eff700a03.png]]></image_url>
<num_pages></num_pages>
<work>
<id>178518</id>
</work>
<isbn>0451212452</isbn>
<isbn13>9780451212450</isbn13>
<average_rating>3.72</average_rating>
<ratings_count>22018</ratings_count>
<publication_year></publication_year>
<publication_month></publication_month>
<publication_day></publication_day>
<authors>
<author>
<id>3514</id>
<name>Tawni O&apos;Dell</name>
<link><![CDATA[https://www.goodreads.com/author/show/3514.Tawni_O_Dell]]></link>
</author>
</authors>
</book>

          <book>
<id>5181</id>
<title>Jewel</title>
<title_without_series>Jewel</title_without_series>
<link><![CDATA[https://www.goodreads.com/book/show/5181.Jewel]]></link>
<small_image_url><![CDATA[https://s.gr-assets.com/assets/nophoto/book/50x75-a91bf249278a81aabab721ef782c4a74.png]]></small_image_url>
<image_url><![CDATA[https://s.gr-assets.com/assets/nophoto/book/111x148-bcc042a9c91a29c1d680899eff700a03.png]]></image_url>
<num_pages>535</num_pages>
<work>
<id>2471173</id>
</work>
<isbn>0671042572</isbn>
<isbn13>9780671042578</isbn13>
<average_rating>3.64</average_rating>
<ratings_count>32743</ratings_count>
<publication_year>1999</publication_year>
<publication_month>12</publication_month>
<publication_day>1</publication_day>
<authors>
<author>
<id>3521</id>
<name>Bret Lott</name>
<link><![CDATA[https://www.goodreads.com/author/show/3521.Bret_Lott]]></link>
</author>
</authors>
</book>

          <book>
<id>77398</id>
<title>Gap Creek</title>
<title_without_series>Gap Creek</title_without_series>
<link><![CDATA[https://www.goodreads.com/book/show/77398.Gap_Creek]]></link>
<small_image_url><![CDATA[https://s.gr-assets.com/assets/nophoto/book/50x75-a91bf249278a81aabab721ef782c4a74.png]]></small_image_url>
<image_url><![CDATA[https://s.gr-assets.com/assets/nophoto/book/111x148-bcc042a9c91a29c1d680899eff700a03.png]]></image_url>
<num_pages></num_pages>
<work>
<id>879027</id>
</work>
<isbn>0743203631</isbn>
<isbn13>9780743203630</isbn13>
<average_rating>3.71</average_rating>
<ratings_count>43644</ratings_count>
<publication_year></publication_year>
<publication_month></publication_month>
<publication_day></publication_day>
<authors>
<author>
<id>702</id>
<name>Robert Morgan</name>
<link><![CDATA[https://www.goodreads.com/author/show/702.Robert_Morgan]]></link>
</author>
</authors>
</book>

          <book>
<id>5175</id>
<title><![CDATA[What Looks Like Crazy on an Ordinary Day (Idlewild, #1)]]></title>
<title_without_series><![CDATA[What Looks Like Crazy on an Ordinary Day]]></title_without_series>
<link><![CDATA[https://www.goodreads.com/book/show/5175.What_Looks_Like_Crazy_on_an_Ordinary_Day]]></link>
<small_image_url><![CDATA[https://s.gr-assets.com/assets/nophoto/book/50x75-a91bf249278a81aabab721ef782c4a74.png]]></small_image_url>
<image_url><![CDATA[https://s.gr-assets.com/assets/nophoto/book/111x148-bcc042a9c91a29c1d680899eff700a03.png]]></image_url>
<num_pages>244</num_pages>
<work>
<id>3266662</id>
</work>
<isbn>038079487X</isbn>
<isbn13>9780380794874</isbn13>
<average_rating>3.70</average_rating>
<ratings_count>18447</ratings_count>
<publication_year></publication_year>
<publication_month></publication_month>
<publication_day></publication_day>
<authors>
<author>
<id>3516</id>
<name>Pearl Cleage</name>
<link><![CDATA[https://www.goodreads.com/author/show/3516.Pearl_Cleage]]></link>
</author>
</authors>
</book>

          <book>
<id>5180</id>
<title>The Rapture of Canaan</title>
<title_without_series>The Rapture of Canaan</title_without_series>
<link><![CDATA[https://www.goodreads.com/book/show/5180.The_Rapture_of_Canaan]]></link>
<small_image_url><![CDATA[https://s.gr-assets.com/assets/nophoto/book/50x75-a91bf249278a81aabab721ef782c4a74.png]]></small_image_url>
<image_url><![CDATA[https://s.gr-assets.com/assets/nophoto/book/111x148-bcc042a9c91a29c1d680899eff700a03.png]]></image_url>
<num_pages>320</num_pages>
<work>
<id>1959357</id>
</work>
<isbn>0425162443</isbn>
<isbn13>9780425162446</isbn13>
<average_rating>3.80</average_rating>
<ratings_count>30654</ratings_count>
<publication_year></publication_year>
<publication_month></publication_month>
<publication_day></publication_day>
<authors>
<author>
<id>3520</id>
<name>Sheri Reynolds</name>
<link><![CDATA[https://www.goodreads.com/author/show/3520.Sheri_Reynolds]]></link>
</author>
</authors>
</book>

          <book>
<id>5187</id>
<title>The Book of Ruth</title>
<title_without_series>The Book of Ruth</title_without_series>
<link><![CDATA[https://www.goodreads.com/book/show/5187.The_Book_of_Ruth]]></link>
<small_image_url><![CDATA[https://s.gr-assets.com/assets/nophoto/book/50x75-a91bf249278a81aabab721ef782c4a74.png]]></small_image_url>
<image_url><![CDATA[https://s.gr-assets.com/assets/nophoto/book/111x148-bcc042a9c91a29c1d680899eff700a03.png]]></image_url>
<num_pages>328</num_pages>
<work>
<id>3234420</id>
</work>
<isbn>0385265700</isbn>
<isbn13>9780385265706</isbn13>
<average_rating>3.82</average_rating>
<ratings_count>57259</ratings_count>
<publication_year>1989</publication_year>
<publication_month>12</publication_month>
<publication_day>1</publication_day>
<authors>
<author>
<id>3526</id>
<name>Jane Hamilton</name>
<link><![CDATA[https://www.goodreads.com/author/show/3526.Jane_Hamilton]]></link>
</author>
</authors>
</book>

          <book>
<id>91563</id>
<title><![CDATA[The Measure of a Man: A Spiritual Autobiography]]></title>
<title_without_series><![CDATA[The Measure of a Man: A Spiritual Autobiography]]></title_without_series>
<link><![CDATA[https://www.goodreads.com/book/show/91563.The_Measure_of_a_Man]]></link>
<small_image_url><![CDATA[https://s.gr-assets.com/assets/nophoto/book/50x75-a91bf249278a81aabab721ef782c4a74.png]]></small_image_url>
<image_url><![CDATA[https://s.gr-assets.com/assets/nophoto/book/111x148-bcc042a9c91a29c1d680899eff700a03.png]]></image_url>
<num_pages>243</num_pages>
<work>
<id>1659143</id>
</work>
<isbn>0061357901</isbn>
<isbn13>9780061357909</isbn13>
<average_rating>3.69</average_rating>
<ratings_count>8646</ratings_count>
<publication_year></publication_year>
<publication_month></publication_month>
<publication_day></publication_day>
<authors>
<author>
<id>45141</id>
<name>Sidney Poitier</name>
<link><![CDATA[https://www.goodreads.com/author/show/45141.Sidney_Poitier]]></link>
</author>
</authors>
</book>

          <book>
<id>5190</id>
<title>Open House</title>
<title_without_series>Open House</title_without_series>
<link><![CDATA[https://www.goodreads.com/book/show/5190.Open_House]]></link>
<small_image_url><![CDATA[https://s.gr-assets.com/assets/nophoto/book/50x75-a91bf249278a81aabab721ef782c4a74.png]]></small_image_url>
<image_url><![CDATA[https://s.gr-assets.com/assets/nophoto/book/111x148-bcc042a9c91a29c1d680899eff700a03.png]]></image_url>
<num_pages>272</num_pages>
<work>
<id>1070015</id>
</work>
<isbn>0345435168</isbn>
<isbn13>9780345435163</isbn13>
<average_rating>3.68</average_rating>
<ratings_count>49348</ratings_count>
<publication_year>2001</publication_year>
<publication_month>5</publication_month>
<publication_day>1</publication_day>
<authors>
<author>
<id>3529</id>
<name>Elizabeth Berg</name>
<link><![CDATA[https://www.goodreads.com/author/show/3529.Elizabeth_Berg]]></link>
</author>
</authors>
</book>

          <book>
<id>5176</id>
<title>While I Was Gone</title>
<title_without_series>While I Was Gone</title_without_series>
<link><![CDATA[https://www.goodreads.com/book/show/5176.While_I_Was_Gone]]></link>
<small_image_url><![CDATA[https://images.gr-assets.com/books/1495632082s/5176.jpg]]></small_image_url>
<image_url><![CDATA[https://images.gr-assets.com/books/1495632082m/5176.jpg]]></image_url>
<num_pages></num_pages>
<work>
<id>1461856</id>
</work>
<isbn>0345443284</isbn>
<isbn13>9780345443281</isbn13>
<average_rating>3.67</average_rating>
<ratings_count>52958</ratings_count>
<publication_year></publication_year>
<publication_month></publication_month>
<publication_day></publication_day>
<authors>
<author>
<id>3517</id>
<name>Sue Miller</name>
<link><![CDATA[https://www.goodreads.com/author/show/3517.Sue_Miller]]></link>
</author>
</authors>
</book>

          <book>
<id>5159</id>
<title>Here on Earth</title>
<title_without_series>Here on Earth</title_without_series>
<link><![CDATA[https://www.goodreads.com/book/show/5159.Here_on_Earth]]></link>
<small_image_url><![CDATA[https://images.gr-assets.com/books/1388299278s/5159.jpg]]></small_image_url>
<image_url><![CDATA[https://images.gr-assets.com/books/1388299278m/5159.jpg]]></image_url>
<num_pages>336</num_pages>
<work>
<id>2606620</id>
</work>
<isbn>0425169693</isbn>
<isbn13>9780425169698</isbn13>
<average_rating>3.68</average_rating>
<ratings_count>39954</ratings_count>
<publication_year>1999</publication_year>
<publication_month>7</publication_month>
<publication_day>1</publication_day>
<authors>
<author>
<id>3502</id>
<name>Alice Hoffman</name>
<link><![CDATA[https://www.goodreads.com/author/show/3502.Alice_Hoffman]]></link>
</author>
</authors>
</book>

          <book>
<id>5186</id>
<title>Breath, Eyes, Memory</title>
<title_without_series>Breath, Eyes, Memory</title_without_series>
<link><![CDATA[https://www.goodreads.com/book/show/5186.Breath_Eyes_Memory]]></link>
<small_image_url><![CDATA[https://s.gr-assets.com/assets/nophoto/book/50x75-a91bf249278a81aabab721ef782c4a74.png]]></small_image_url>
<image_url><![CDATA[https://s.gr-assets.com/assets/nophoto/book/111x148-bcc042a9c91a29c1d680899eff700a03.png]]></image_url>
<num_pages>234</num_pages>
<work>
<id>459447</id>
</work>
<isbn>037570504X</isbn>
<isbn13>9780375705045</isbn13>
<average_rating>3.86</average_rating>
<ratings_count>22862</ratings_count>
<publication_year>1998</publication_year>
<publication_month>5</publication_month>
<publication_day>18</publication_day>
<authors>
<author>
<id>3525</id>
<name>Edwidge Danticat</name>
<link><![CDATA[https://www.goodreads.com/author/show/3525.Edwidge_Danticat]]></link>
</author>
</authors>
</book>

          <book>
<id>5160</id>
<title>The Heart of a Woman</title>
<title_without_series>The Heart of a Woman</title_without_series>
<link><![CDATA[https://www.goodreads.com/book/show/5160.The_Heart_of_a_Woman]]></link>
<small_image_url><![CDATA[https://images.gr-assets.com/books/1417404078s/5160.jpg]]></small_image_url>
<image_url><![CDATA[https://images.gr-assets.com/books/1417404078m/5160.jpg]]></image_url>
<num_pages>288</num_pages>
<work>
<id>2775653</id>
</work>
<isbn>0375500723</isbn>
<isbn13>9780375500725</isbn13>
<average_rating>4.19</average_rating>
<ratings_count>16863</ratings_count>
<publication_year>1997</publication_year>
<publication_month>5</publication_month>
<publication_day>17</publication_day>
<authors>
<author>
<id>3503</id>
<name>Maya Angelou</name>
<link><![CDATA[https://www.goodreads.com/author/show/3503.Maya_Angelou]]></link>
</author>
</authors>
</book>

  </similar_books>
</book>

</GoodreadsResponse>