<?xml version="1.0" encoding="UTF-8"?>
<GoodreadsResponse>
  <Request>
    <authentication>true</authentication>
      <key><![CDATA[all_men_must_serve]]></key>
    <method><![CDATA[book_show]]></method>
  </Request>
  <book>
  <id>10193062</id>
  <title>Outpost (Razorland, #2)</title>
  <isbn><![CDATA[0312650094]]></isbn>
  <isbn13><![CDATA[9780312650094]]></isbn13>
  <asin><![CDATA[]]></asin>
  <kindle_asin><![CDATA[B008BHAM6G]]></kindle_asin>
  <marketplace_id><![CDATA[A1F83G8C2ARO7P]]></marketplace_id>
  <country_code><![CDATA[GB]]></country_code>
  <image_url>https://images.gr-assets.com/books/1343084394m/10193062.jpg</image_url>
  <small_image_url>https://images.gr-assets.com/books/1343084394s/10193062.jpg</small_image_url>
  <publication_year>2012</publication_year>
  <publication_month>9</publication_month>
  <publication_day>4</publication_day>
  <publisher>Feiwel &amp; Friends</publisher>
  <language_code>en-US</language_code>
  <is_ebook>false</is_ebook>
  <description><![CDATA[<i>Deuce’s whole world has changed.</i><br /><br />Down below, she was considered an adult. Now, topside in a town called Salvation, she’s a brat in need of training in the eyes of the townsfolk. She doesn't fit in with the other girls: Deuce only knows how to fight.<br /><br />To make matters worse, her Hunter partner, Fade, keeps Deuce at a distance. Her feelings for Fade haven’t changed, but he seems not to want her around anymore. Confused and lonely, she starts looking for a way out.<br /><br />Deuce signs up to serve in the summer patrols—those who make sure the planters can work the fields without danger. It should be routine, but things have been changing on the surface, just as they did below ground. The Freaks have grown smarter. They’re watching. Waiting. Planning. The monsters don’t intend to let Salvation survive, and it may take a girl like Deuce to turn back the tide.]]></description>
  <work>
  <id type="integer">15092213</id>
  <books_count type="integer">23</books_count>
  <best_book_id type="integer">10193062</best_book_id>
  <reviews_count type="integer">48759</reviews_count>
  <ratings_sum type="integer">113214</ratings_sum>
  <ratings_count type="integer">27508</ratings_count>
  <text_reviews_count type="integer">2004</text_reviews_count>
  <original_publication_year type="integer">2012</original_publication_year>
  <original_publication_month type="integer">9</original_publication_month>
  <original_publication_day type="integer">4</original_publication_day>
  <original_title>Outpost</original_title>
  <original_language_id type="integer" nil="true"/>
  <media_type>book</media_type>
  <rating_dist>5:10946|4:10427|3:4841|2:959|1:335|total:27508</rating_dist>
  <desc_user_id type="integer">12372314</desc_user_id>
  <default_chaptering_book_id type="integer" nil="true"/>
  <default_description_language_code nil="true"/>
</work>
  <average_rating>4.12</average_rating>
  <num_pages><![CDATA[317]]></num_pages>
  <format><![CDATA[Hardcover]]></format>
  <edition_information><![CDATA[]]></edition_information>
  <ratings_count><![CDATA[25675]]></ratings_count>
  <text_reviews_count><![CDATA[1829]]></text_reviews_count>
  <url><![CDATA[https://www.goodreads.com/book/show/10193062-outpost]]></url>
  <link><![CDATA[https://www.goodreads.com/book/show/10193062-outpost]]></link>
  <authors>
<author>
<id>835348</id>
<name>Ann Aguirre</name>
<role></role>
<image_url nophoto='false'>
<![CDATA[https://images.gr-assets.com/authors/1275442049p5/835348.jpg]]>
</image_url>
<small_image_url nophoto='false'>
<![CDATA[https://images.gr-assets.com/authors/1275442049p2/835348.jpg]]>
</small_image_url>
<link><![CDATA[https://www.goodreads.com/author/show/835348.Ann_Aguirre]]></link>
<average_rating>3.95</average_rating>
<ratings_count>177193</ratings_count>
<text_reviews_count>16790</text_reviews_count>
</author>
</authors>

    <reviews_widget>
      <![CDATA[
        <style>
  #goodreads-widget {
    font-family: georgia, serif;
    padding: 18px 0;
    width:565px;
  }
  #goodreads-widget h1 {
    font-weight:normal;
    font-size: 16px;
    border-bottom: 1px solid #BBB596;
    margin-bottom: 0;
  }
  #goodreads-widget a {
    text-decoration: none;
    color:#660;
  }
  iframe{
    background-color: #fff;
  }
  #goodreads-widget a:hover { text-decoration: underline; }
  #goodreads-widget a:active {
    color:#660;
  }
  #gr_footer {
    width: 100%;
    border-top: 1px solid #BBB596;
    text-align: right;
  }
  #goodreads-widget .gr_branding{
    color: #382110;
    font-size: 11px;
    text-decoration: none;
    font-family: "Helvetica Neue", Helvetica, Arial, sans-serif;
  }
</style>
<div id="goodreads-widget">
  <div id="gr_header"><h1><a rel="nofollow" href="https://www.goodreads.com/book/show/10193062-outpost">Outpost Reviews</a></h1></div>
  <iframe id="the_iframe" src="https://www.goodreads.com/api/reviews_widget_iframe?did=DEVELOPER_ID&amp;format=html&amp;isbn=0312650094&amp;links=660&amp;min_rating=&amp;review_back=fff&amp;stars=000&amp;text=000" width="565" height="400" frameborder="0"></iframe>
  <div id="gr_footer">
    <a class="gr_branding" target="_blank" rel="nofollow" href="https://www.goodreads.com/book/show/10193062-outpost?utm_medium=api&amp;utm_source=reviews_widget">Reviews from Goodreads.com</a>
  </div>
</div>

      ]]>
    </reviews_widget>
  <popular_shelves>
      <shelf name="to-read" count="3526"/>
      <shelf name="dystopian" count="670"/>
      <shelf name="young-adult" count="612"/>
      <shelf name="favorites" count="533"/>
      <shelf name="dystopia" count="481"/>
      <shelf name="ya" count="379"/>
      <shelf name="currently-reading" count="350"/>
      <shelf name="zombies" count="321"/>
      <shelf name="post-apocalyptic" count="215"/>
      <shelf name="series" count="203"/>
      <shelf name="science-fiction" count="177"/>
      <shelf name="romance" count="143"/>
      <shelf name="sci-fi" count="142"/>
      <shelf name="fantasy" count="140"/>
      <shelf name="books-i-own" count="114"/>
      <shelf name="fiction" count="104"/>
      <shelf name="horror" count="95"/>
      <shelf name="zombie" count="78"/>
      <shelf name="owned" count="70"/>
      <shelf name="library" count="65"/>
      <shelf name="adventure" count="63"/>
      <shelf name="to-buy" count="54"/>
      <shelf name="survival" count="48"/>
      <shelf name="teen" count="47"/>
      <shelf name="apocalyptic" count="46"/>
      <shelf name="action" count="44"/>
      <shelf name="read-in-2012" count="39"/>
      <shelf name="ya-dystopian" count="38"/>
      <shelf name="kindle" count="37"/>
      <shelf name="paranormal" count="37"/>
      <shelf name="apocalypse" count="37"/>
      <shelf name="read-in-2013" count="35"/>
      <shelf name="audiobook" count="34"/>
      <shelf name="owned-books" count="33"/>
      <shelf name="favourites" count="33"/>
      <shelf name="read-in-2014" count="32"/>
      <shelf name="razorland" count="32"/>
      <shelf name="dystopian-post-apocalyptic" count="32"/>
      <shelf name="ann-aguirre" count="30"/>
      <shelf name="wish-list" count="30"/>
      <shelf name="ebook" count="29"/>
      <shelf name="audiobooks" count="28"/>
      <shelf name="love-triangle" count="27"/>
      <shelf name="kick-ass-heroine" count="25"/>
      <shelf name="4-stars" count="25"/>
      <shelf name="read-2014" count="24"/>
      <shelf name="post-apocalypse" count="24"/>
      <shelf name="scifi" count="24"/>
      <shelf name="ya-fiction" count="24"/>
      <shelf name="read-2012" count="23"/>
      <shelf name="distopia" count="23"/>
      <shelf name="futuristic" count="22"/>
      <shelf name="read-in-2015" count="21"/>
      <shelf name="audio" count="21"/>
      <shelf name="reviewed" count="21"/>
      <shelf name="arc" count="21"/>
      <shelf name="ya-dystopia" count="21"/>
      <shelf name="dystopias" count="20"/>
      <shelf name="future" count="20"/>
      <shelf name="thriller" count="20"/>
      <shelf name="read-2015" count="19"/>
      <shelf name="ebooks" count="19"/>
      <shelf name="action-adventure" count="18"/>
      <shelf name="distopian" count="18"/>
      <shelf name="part-of-a-series" count="18"/>
      <shelf name="series-to-finish" count="18"/>
      <shelf name="ya-books" count="17"/>
      <shelf name="end-of-the-world" count="17"/>
      <shelf name="i-own" count="17"/>
      <shelf name="trilogy" count="17"/>
      <shelf name="favorite-books" count="16"/>
      <shelf name="favorite" count="16"/>
      <shelf name="e-books" count="16"/>
      <shelf name="dystopia-post-apocalyptic" count="16"/>
      <shelf name="young-adult-fiction" count="16"/>
      <shelf name="must-read" count="16"/>
      <shelf name="dystopian-fiction" count="16"/>
      <shelf name="2012-releases" count="16"/>
      <shelf name="favorite-series" count="15"/>
      <shelf name="my-books" count="15"/>
      <shelf name="sequels" count="15"/>
      <shelf name="2014-reads" count="14"/>
      <shelf name="need-to-buy" count="14"/>
      <shelf name="2012-release" count="14"/>
      <shelf name="loved" count="13"/>
      <shelf name="all-time-favorites" count="13"/>
      <shelf name="re-read" count="13"/>
      <shelf name="love" count="13"/>
      <shelf name="have" count="13"/>
      <shelf name="dystopia-utopia" count="13"/>
      <shelf name="teen-fiction" count="13"/>
      <shelf name="ya-fantasy" count="13"/>
      <shelf name="finished-series" count="12"/>
      <shelf name="audio-books" count="12"/>
      <shelf name="read-2013" count="12"/>
      <shelf name="2013-reads" count="12"/>
      <shelf name="faves" count="12"/>
      <shelf name="dystopic" count="12"/>
      <shelf name="own-it" count="12"/>
      <shelf name="trilogies" count="12"/>
  </popular_shelves>
  <book_links>
    <book_link>
  <id>8</id>
  <name>Libraries</name>
  <link>https://www.goodreads.com/book_link/follow/8</link>
</book_link>

  </book_links>
  <buy_links>
    <buy_link>
<id>1</id>
<name>Amazon</name>
<link>https://www.goodreads.com/book_link/follow/1</link>
</buy_link>
<buy_link>
<id>10</id>
<name>Audible</name>
<link>https://www.goodreads.com/book_link/follow/10</link>
</buy_link>
<buy_link>
<id>3</id>
<name>Barnes &amp; Noble</name>
<link>https://www.goodreads.com/book_link/follow/3</link>
</buy_link>
<buy_link>
<id>1027</id>
<name>Kobo</name>
<link>https://www.goodreads.com/book_link/follow/1027</link>
</buy_link>
<buy_link>
<id>2102</id>
<name>Apple iBooks</name>
<link>https://www.goodreads.com/book_link/follow/2102</link>
</buy_link>
<buy_link>
<id>8036</id>
<name>Google Play</name>
<link>https://www.goodreads.com/book_link/follow/8036</link>
</buy_link>
<buy_link>
<id>4</id>
<name>Abebooks</name>
<link>https://www.goodreads.com/book_link/follow/4</link>
</buy_link>
<buy_link>
<id>882</id>
<name>Book Depository</name>
<link>https://www.goodreads.com/book_link/follow/882</link>
</buy_link>
<buy_link>
<id>9</id>
<name>Indigo</name>
<link>https://www.goodreads.com/book_link/follow/9</link>
</buy_link>
<buy_link>
<id>2</id>
<name>Half.com</name>
<link>https://www.goodreads.com/book_link/follow/2</link>
</buy_link>
<buy_link>
<id>5</id>
<name>Alibris</name>
<link>https://www.goodreads.com/book_link/follow/5</link>
</buy_link>
<buy_link>
<id>107</id>
<name>Better World Books</name>
<link>https://www.goodreads.com/book_link/follow/107</link>
</buy_link>
<buy_link>
<id>7</id>
<name>IndieBound</name>
<link>https://www.goodreads.com/book_link/follow/7</link>
</buy_link>

  </buy_links>
  <series_works>
    <series_work>
<id>223378</id>
<user_position>2</user_position>
<series>
<id>53296</id>
<title>
<![CDATA[
    Razorland
]]>
</title>
<description>
<![CDATA[
]]>
</description>
<note>
<![CDATA[
]]>
</note>
<series_works_count>8</series_works_count>
<primary_work_count>4</primary_work_count>
<numbered>true</numbered>
</series>

</series_work>

  </series_works>
  <similar_books>
          <book>
<id>11320138</id>
<title>Shadows (Ashes Trilogy, #2)</title>
<title_without_series>Shadows</title_without_series>
<link><![CDATA[https://www.goodreads.com/book/show/11320138-shadows]]></link>
<small_image_url><![CDATA[https://images.gr-assets.com/books/1343058490s/11320138.jpg]]></small_image_url>
<image_url><![CDATA[https://images.gr-assets.com/books/1343058490m/11320138.jpg]]></image_url>
<num_pages>518</num_pages>
<work>
<id>16248238</id>
</work>
<isbn>1606841769</isbn>
<isbn13>9781606841761</isbn13>
<average_rating>3.77</average_rating>
<ratings_count>8918</ratings_count>
<publication_year>2012</publication_year>
<publication_month>9</publication_month>
<publication_day>25</publication_day>
<authors>
<author>
<id>143691</id>
<name>Ilsa J. Bick</name>
<link><![CDATA[https://www.goodreads.com/author/show/143691.Ilsa_J_Bick]]></link>
</author>
</authors>
</book>

          <book>
<id>13013051</id>
<title>Tortured (Birthmarked, #1.5)</title>
<title_without_series>Tortured</title_without_series>
<link><![CDATA[https://www.goodreads.com/book/show/13013051-tortured]]></link>
<small_image_url><![CDATA[https://images.gr-assets.com/books/1320587447s/13013051.jpg]]></small_image_url>
<image_url><![CDATA[https://images.gr-assets.com/books/1320587447m/13013051.jpg]]></image_url>
<num_pages>32</num_pages>
<work>
<id>18174907</id>
</work>
<isbn></isbn>
<isbn13></isbn13>
<average_rating>3.83</average_rating>
<ratings_count>4439</ratings_count>
<publication_year>2011</publication_year>
<publication_month>12</publication_month>
<publication_day>6</publication_day>
<authors>
<author>
<id>3036304</id>
<name>Caragh M. O&apos;Brien</name>
<link><![CDATA[https://www.goodreads.com/author/show/3036304.Caragh_M_O_Brien]]></link>
</author>
</authors>
</book>

          <book>
<id>13042154</id>
<title>Rebel Heart (Dust Lands, #2)</title>
<title_without_series>Rebel Heart</title_without_series>
<link><![CDATA[https://www.goodreads.com/book/show/13042154-rebel-heart]]></link>
<small_image_url><![CDATA[https://images.gr-assets.com/books/1326311073s/13042154.jpg]]></small_image_url>
<image_url><![CDATA[https://images.gr-assets.com/books/1326311073m/13042154.jpg]]></image_url>
<num_pages>424</num_pages>
<work>
<id>18206269</id>
</work>
<isbn>1442430001</isbn>
<isbn13>9781442430006</isbn13>
<average_rating>3.89</average_rating>
<ratings_count>17547</ratings_count>
<publication_year>2012</publication_year>
<publication_month>10</publication_month>
<publication_day>30</publication_day>
<authors>
<author>
<id>4487674</id>
<name>Moira Young</name>
<link><![CDATA[https://www.goodreads.com/author/show/4487674.Moira_Young]]></link>
</author>
</authors>
</book>

          <book>
<id>13185168</id>
<title>Rage Within (Dark Inside, #2)</title>
<title_without_series>Rage Within</title_without_series>
<link><![CDATA[https://www.goodreads.com/book/show/13185168-rage-within]]></link>
<small_image_url><![CDATA[https://images.gr-assets.com/books/1324762057s/13185168.jpg]]></small_image_url>
<image_url><![CDATA[https://images.gr-assets.com/books/1324762057m/13185168.jpg]]></image_url>
<num_pages>368</num_pages>
<work>
<id>18365828</id>
</work>
<isbn>1442423544</isbn>
<isbn13>9781442423541</isbn13>
<average_rating>4.11</average_rating>
<ratings_count>3476</ratings_count>
<publication_year>2012</publication_year>
<publication_month>9</publication_month>
<publication_day>4</publication_day>
<authors>
<author>
<id>4292165</id>
<name>Jeyn Roberts</name>
<link><![CDATA[https://www.goodreads.com/author/show/4292165.Jeyn_Roberts]]></link>
</author>
</authors>
</book>

          <book>
<id>12882328</id>
<title>Spark (Sky Chasers, #2)</title>
<title_without_series>Spark</title_without_series>
<link><![CDATA[https://www.goodreads.com/book/show/12882328-spark]]></link>
<small_image_url><![CDATA[https://images.gr-assets.com/books/1335804294s/12882328.jpg]]></small_image_url>
<image_url><![CDATA[https://images.gr-assets.com/books/1335804294m/12882328.jpg]]></image_url>
<num_pages>309</num_pages>
<work>
<id>18035545</id>
</work>
<isbn>0312621353</isbn>
<isbn13>9780312621353</isbn13>
<average_rating>3.93</average_rating>
<ratings_count>3628</ratings_count>
<publication_year>2012</publication_year>
<publication_month>7</publication_month>
<publication_day>17</publication_day>
<authors>
<author>
<id>504627</id>
<name>Amy Kathleen Ryan</name>
<link><![CDATA[https://www.goodreads.com/author/show/504627.Amy_Kathleen_Ryan]]></link>
</author>
</authors>
</book>

          <book>
<id>13253276</id>
<title><![CDATA[Through the Ever Night (Under the Never Sky, #2)]]></title>
<title_without_series>Through the Ever Night</title_without_series>
<link><![CDATA[https://www.goodreads.com/book/show/13253276-through-the-ever-night]]></link>
<small_image_url><![CDATA[https://images.gr-assets.com/books/1340892848s/13253276.jpg]]></small_image_url>
<image_url><![CDATA[https://images.gr-assets.com/books/1340892848m/13253276.jpg]]></image_url>
<num_pages>341</num_pages>
<work>
<id>18454415</id>
</work>
<isbn>0062072064</isbn>
<isbn13>9780062072061</isbn13>
<average_rating>4.17</average_rating>
<ratings_count>58862</ratings_count>
<publication_year>2013</publication_year>
<publication_month>1</publication_month>
<publication_day>8</publication_day>
<authors>
<author>
<id>4637369</id>
<name>Veronica Rossi</name>
<link><![CDATA[https://www.goodreads.com/author/show/4637369.Veronica_Rossi]]></link>
</author>
</authors>
</book>

          <book>
<id>13188615</id>
<title><![CDATA[Breaking Point (Article 5, #2)]]></title>
<title_without_series>Breaking Point</title_without_series>
<link><![CDATA[https://www.goodreads.com/book/show/13188615-breaking-point]]></link>
<small_image_url><![CDATA[https://images.gr-assets.com/books/1344443228s/13188615.jpg]]></small_image_url>
<image_url><![CDATA[https://images.gr-assets.com/books/1344443228m/13188615.jpg]]></image_url>
<num_pages>400</num_pages>
<work>
<id>18369642</id>
</work>
<isbn>076532959X</isbn>
<isbn13>9780765329592</isbn13>
<average_rating>4.00</average_rating>
<ratings_count>9118</ratings_count>
<publication_year>2013</publication_year>
<publication_month>2</publication_month>
<publication_day>12</publication_day>
<authors>
<author>
<id>4692856</id>
<name>Kristen Simmons</name>
<link><![CDATA[https://www.goodreads.com/author/show/4692856.Kristen_Simmons]]></link>
</author>
</authors>
</book>

          <book>
<id>12988102</id>
<title>Surrender (Possession #2)</title>
<title_without_series>Surrender</title_without_series>
<link><![CDATA[https://www.goodreads.com/book/show/12988102-surrender]]></link>
<small_image_url><![CDATA[https://images.gr-assets.com/books/1327590002s/12988102.jpg]]></small_image_url>
<image_url><![CDATA[https://images.gr-assets.com/books/1327590002m/12988102.jpg]]></image_url>
<num_pages>480</num_pages>
<work>
<id>16647223</id>
</work>
<isbn>1442445688</isbn>
<isbn13>9781442445680</isbn13>
<average_rating>3.91</average_rating>
<ratings_count>2426</ratings_count>
<publication_year>2012</publication_year>
<publication_month>6</publication_month>
<publication_day>5</publication_day>
<authors>
<author>
<id>4044383</id>
<name>Elana Johnson</name>
<link><![CDATA[https://www.goodreads.com/author/show/4044383.Elana_Johnson]]></link>
</author>
</authors>
</book>

          <book>
<id>14290448</id>
<title><![CDATA[Controlling the Dead (The Famished Trilogy, #2)]]></title>
<title_without_series>Controlling the Dead</title_without_series>
<link><![CDATA[https://www.goodreads.com/book/show/14290448-controlling-the-dead]]></link>
<small_image_url><![CDATA[https://images.gr-assets.com/books/1360936917s/14290448.jpg]]></small_image_url>
<image_url><![CDATA[https://images.gr-assets.com/books/1360936917m/14290448.jpg]]></image_url>
<num_pages></num_pages>
<work>
<id>19931652</id>
</work>
<isbn></isbn>
<isbn13></isbn13>
<average_rating>4.16</average_rating>
<ratings_count>1129</ratings_count>
<publication_year>2013</publication_year>
<publication_month>10</publication_month>
<publication_day>27</publication_day>
<authors>
<author>
<id>5777960</id>
<name>Annie Walls</name>
<link><![CDATA[https://www.goodreads.com/author/show/5777960.Annie_Walls]]></link>
</author>
</authors>
</book>

          <book>
<id>9867814</id>
<title>Ashen Winter (Ashfall, #2)</title>
<title_without_series>Ashen Winter</title_without_series>
<link><![CDATA[https://www.goodreads.com/book/show/9867814-ashen-winter]]></link>
<small_image_url><![CDATA[https://images.gr-assets.com/books/1332342080s/9867814.jpg]]></small_image_url>
<image_url><![CDATA[https://images.gr-assets.com/books/1332342080m/9867814.jpg]]></image_url>
<num_pages>594</num_pages>
<work>
<id>14759379</id>
</work>
<isbn>1933718757</isbn>
<isbn13>9781933718750</isbn13>
<average_rating>4.06</average_rating>
<ratings_count>8617</ratings_count>
<publication_year>2012</publication_year>
<publication_month>10</publication_month>
<publication_day>16</publication_day>
<authors>
<author>
<id>4445700</id>
<name>Mike Mullin</name>
<link><![CDATA[https://www.goodreads.com/author/show/4445700.Mike_Mullin]]></link>
</author>
</authors>
</book>

          <book>
<id>10322436</id>
<title>Rebirth (Aftertime, #2)</title>
<title_without_series>Rebirth</title_without_series>
<link><![CDATA[https://www.goodreads.com/book/show/10322436-rebirth]]></link>
<small_image_url><![CDATA[https://images.gr-assets.com/books/1305390308s/10322436.jpg]]></small_image_url>
<image_url><![CDATA[https://images.gr-assets.com/books/1305390308m/10322436.jpg]]></image_url>
<num_pages>384</num_pages>
<work>
<id>15224837</id>
</work>
<isbn>0373803397</isbn>
<isbn13>9780373803392</isbn13>
<average_rating>3.83</average_rating>
<ratings_count>1154</ratings_count>
<publication_year>2011</publication_year>
<publication_month>7</publication_month>
<publication_day>19</publication_day>
<authors>
<author>
<id>2949152</id>
<name>Sophie Littlefield</name>
<link><![CDATA[https://www.goodreads.com/author/show/2949152.Sophie_Littlefield]]></link>
</author>
</authors>
</book>

          <book>
<id>16047633</id>
<title><![CDATA[The Sun Dwellers (The Dwellers, #3)]]></title>
<title_without_series>The Sun Dwellers</title_without_series>
<link><![CDATA[https://www.goodreads.com/book/show/16047633-the-sun-dwellers]]></link>
<small_image_url><![CDATA[https://images.gr-assets.com/books/1353650142s/16047633.jpg]]></small_image_url>
<image_url><![CDATA[https://images.gr-assets.com/books/1353650142m/16047633.jpg]]></image_url>
<num_pages>370</num_pages>
<work>
<id>21827601</id>
</work>
<isbn></isbn>
<isbn13></isbn13>
<average_rating>4.19</average_rating>
<ratings_count>1524</ratings_count>
<publication_year>2012</publication_year>
<publication_month>11</publication_month>
<publication_day>27</publication_day>
<authors>
<author>
<id>3167424</id>
<name>David Estes</name>
<link><![CDATA[https://www.goodreads.com/author/show/3167424.David_Estes]]></link>
</author>
</authors>
</book>

          <book>
<id>13568903</id>
<title><![CDATA[Thorns (The Frost Chronicles, #2)]]></title>
<title_without_series>Thorns</title_without_series>
<link><![CDATA[https://www.goodreads.com/book/show/13568903-thorns]]></link>
<small_image_url><![CDATA[https://images.gr-assets.com/books/1344566541s/13568903.jpg]]></small_image_url>
<image_url><![CDATA[https://images.gr-assets.com/books/1344566541m/13568903.jpg]]></image_url>
<num_pages>266</num_pages>
<work>
<id>19147716</id>
</work>
<isbn>1479246360</isbn>
<isbn13>9781479246366</isbn13>
<average_rating>3.93</average_rating>
<ratings_count>1952</ratings_count>
<publication_year>2012</publication_year>
<publication_month>9</publication_month>
<publication_day>6</publication_day>
<authors>
<author>
<id>4863270</id>
<name>Kate Avery Ellison</name>
<link><![CDATA[https://www.goodreads.com/author/show/4863270.Kate_Avery_Ellison]]></link>
</author>
</authors>
</book>

          <book>
<id>13170596</id>
<title><![CDATA[Fragments (Partials Sequence, #2)]]></title>
<title_without_series>Fragments</title_without_series>
<link><![CDATA[https://www.goodreads.com/book/show/13170596-fragments]]></link>
<small_image_url><![CDATA[https://images.gr-assets.com/books/1352943797s/13170596.jpg]]></small_image_url>
<image_url><![CDATA[https://images.gr-assets.com/books/1352943797m/13170596.jpg]]></image_url>
<num_pages>576</num_pages>
<work>
<id>18349959</id>
</work>
<isbn>0062071076</isbn>
<isbn13>9780062071071</isbn13>
<average_rating>4.12</average_rating>
<ratings_count>20501</ratings_count>
<publication_year>2013</publication_year>
<publication_month>2</publication_month>
<publication_day>26</publication_day>
<authors>
<author>
<id>2740668</id>
<name>Dan Wells</name>
<link><![CDATA[https://www.goodreads.com/author/show/2740668.Dan_Wells]]></link>
</author>
</authors>
</book>

          <book>
<id>13147460</id>
<title>Flesh &amp; Bone (Rot &amp; Ruin, #3)</title>
<title_without_series>Flesh &amp; Bone</title_without_series>
<link><![CDATA[https://www.goodreads.com/book/show/13147460-flesh-bone]]></link>
<small_image_url><![CDATA[https://images.gr-assets.com/books/1326316057s/13147460.jpg]]></small_image_url>
<image_url><![CDATA[https://images.gr-assets.com/books/1326316057m/13147460.jpg]]></image_url>
<num_pages>469</num_pages>
<work>
<id>18325065</id>
</work>
<isbn>1442439890</isbn>
<isbn13>9781442439894</isbn13>
<average_rating>4.21</average_rating>
<ratings_count>9536</ratings_count>
<publication_year>2012</publication_year>
<publication_month>9</publication_month>
<publication_day>11</publication_day>
<authors>
<author>
<id>72451</id>
<name>Jonathan Maberry</name>
<link><![CDATA[https://www.goodreads.com/author/show/72451.Jonathan_Maberry]]></link>
</author>
</authors>
</book>

          <book>
<id>6350211</id>
<title><![CDATA[Fighting to Survive  (As The World Dies, #2)]]></title>
<title_without_series>Fighting to Survive</title_without_series>
<link><![CDATA[https://www.goodreads.com/book/show/6350211-fighting-to-survive]]></link>
<small_image_url><![CDATA[https://images.gr-assets.com/books/1327164202s/6350211.jpg]]></small_image_url>
<image_url><![CDATA[https://images.gr-assets.com/books/1327164202m/6350211.jpg]]></image_url>
<num_pages>307</num_pages>
<work>
<id>6536772</id>
</work>
<isbn>1440424764</isbn>
<isbn13>9781440424762</isbn13>
<average_rating>4.11</average_rating>
<ratings_count>4888</ratings_count>
<publication_year>2009</publication_year>
<publication_month>3</publication_month>
<publication_day>9</publication_day>
<authors>
<author>
<id>2310121</id>
<name>Rhiannon Frater</name>
<link><![CDATA[https://www.goodreads.com/author/show/2310121.Rhiannon_Frater]]></link>
</author>
</authors>
</book>

          <book>
<id>11706625</id>
<title>Truth (XVI, #2)</title>
<title_without_series>Truth</title_without_series>
<link><![CDATA[https://www.goodreads.com/book/show/11706625-truth]]></link>
<small_image_url><![CDATA[https://images.gr-assets.com/books/1327954411s/11706625.jpg]]></small_image_url>
<image_url><![CDATA[https://images.gr-assets.com/books/1327954411m/11706625.jpg]]></image_url>
<num_pages>299</num_pages>
<work>
<id>15751878</id>
</work>
<isbn>0142417726</isbn>
<isbn13>9780142417720</isbn13>
<average_rating>3.72</average_rating>
<ratings_count>1587</ratings_count>
<publication_year>2012</publication_year>
<publication_month>1</publication_month>
<publication_day>19</publication_day>
<authors>
<author>
<id>3100203</id>
<name>Julia Karr</name>
<link><![CDATA[https://www.goodreads.com/author/show/3100203.Julia_Karr]]></link>
</author>
</authors>
</book>

          <book>
<id>7732360</id>
<title>Away (The Line, #2)</title>
<title_without_series>Away</title_without_series>
<link><![CDATA[https://www.goodreads.com/book/show/7732360-away]]></link>
<small_image_url><![CDATA[https://images.gr-assets.com/books/1311705255s/7732360.jpg]]></small_image_url>
<image_url><![CDATA[https://images.gr-assets.com/books/1311705255m/7732360.jpg]]></image_url>
<num_pages>234</num_pages>
<work>
<id>10515363</id>
</work>
<isbn>0803735022</isbn>
<isbn13>9780803735026</isbn13>
<average_rating>3.70</average_rating>
<ratings_count>1824</ratings_count>
<publication_year>2011</publication_year>
<publication_month>9</publication_month>
<publication_day>15</publication_day>
<authors>
<author>
<id>2941254</id>
<name>Teri Hall</name>
<link><![CDATA[https://www.goodreads.com/author/show/2941254.Teri_Hall]]></link>
</author>
</authors>
</book>

  </similar_books>
</book>

</GoodreadsResponse>