<?xml version="1.0" encoding="UTF-8"?>
<GoodreadsResponse>
  <Request>
    <authentication>true</authentication>
      <key><![CDATA[all_men_must_serve]]></key>
    <method><![CDATA[book_show]]></method>
  </Request>
  <book>
  <id>10211494</id>
  <title><![CDATA[Stories I Only Tell My Friends]]></title>
  <isbn><![CDATA[080509329X]]></isbn>
  <isbn13><![CDATA[9780805093292]]></isbn13>
  <asin><![CDATA[]]></asin>
  <kindle_asin><![CDATA[B0052Z0LXO]]></kindle_asin>
  <marketplace_id><![CDATA[A1F83G8C2ARO7P]]></marketplace_id>
  <country_code><![CDATA[GB]]></country_code>
  <image_url>https://s.gr-assets.com/assets/nophoto/book/111x148-bcc042a9c91a29c1d680899eff700a03.png</image_url>
  <small_image_url>https://s.gr-assets.com/assets/nophoto/book/50x75-a91bf249278a81aabab721ef782c4a74.png</small_image_url>
  <publication_year>2011</publication_year>
  <publication_month>4</publication_month>
  <publication_day>26</publication_day>
  <publisher>Henry Holt and Co.</publisher>
  <language_code>en-US</language_code>
  <is_ebook>false</is_ebook>
  <description><![CDATA[<b>A wryly funny and surprisingly moving account of an extraordinary life lived almost entirely in the public eye</b><br /><br />A teen idol at fifteen, an international icon and founder of the Brat Pack at twenty, and one of Hollywood's top stars to this day, Rob Lowe chronicles his experiences as a painfully misunderstood child actor in Ohio uprooted to the wild counterculture of mid-seventies Malibu, where he embarked on his unrelenting pursuit of a career in Hollywood.<br /><br /><i>The Outsiders</i> placed Lowe at the birth of the modern youth movement in the entertainment industry. During his time on <i>The West Wing</i>, he witnessed the surreal nexus of show business and politics both on the set and in the actual White House. And in between are deft and humorous stories of the wild excesses that marked the eighties, leading to his quest for family and sobriety.<br /><br />Never mean-spirited or salacious, Lowe delivers unexpected glimpses into his successes, disappointments, relationships, and one-of-a-kind encounters with people who shaped our world over the last twenty-five years. These stories are as entertaining as they are unforgettable.]]></description>
  <work>
  <id type="integer">15110962</id>
  <books_count type="integer">15</books_count>
  <best_book_id type="integer">10211494</best_book_id>
  <reviews_count type="integer">100673</reviews_count>
  <ratings_sum type="integer">190522</ratings_sum>
  <ratings_count type="integer">50498</ratings_count>
  <text_reviews_count type="integer">4441</text_reviews_count>
  <original_publication_year type="integer">2011</original_publication_year>
  <original_publication_month type="integer">4</original_publication_month>
  <original_publication_day type="integer">15</original_publication_day>
  <original_title></original_title>
  <original_language_id type="integer" nil="true"/>
  <media_type>book</media_type>
  <rating_dist>5:12720|4:19977|3:12969|2:3275|1:1557|total:50498</rating_dist>
  <desc_user_id type="integer">2210353</desc_user_id>
  <default_chaptering_book_id type="integer" nil="true"/>
  <default_description_language_code nil="true"/>
</work>
  <average_rating>3.77</average_rating>
  <num_pages><![CDATA[320]]></num_pages>
  <format><![CDATA[Hardcover]]></format>
  <edition_information><![CDATA[]]></edition_information>
  <ratings_count><![CDATA[47357]]></ratings_count>
  <text_reviews_count><![CDATA[4018]]></text_reviews_count>
  <url><![CDATA[https://www.goodreads.com/book/show/10211494-stories-i-only-tell-my-friends]]></url>
  <link><![CDATA[https://www.goodreads.com/book/show/10211494-stories-i-only-tell-my-friends]]></link>
  <authors>
<author>
<id>438483</id>
<name>Rob Lowe</name>
<role></role>
<image_url nophoto='false'>
<![CDATA[https://images.gr-assets.com/authors/1303304006p5/438483.jpg]]>
</image_url>
<small_image_url nophoto='false'>
<![CDATA[https://images.gr-assets.com/authors/1303304006p2/438483.jpg]]>
</small_image_url>
<link><![CDATA[https://www.goodreads.com/author/show/438483.Rob_Lowe]]></link>
<average_rating>3.75</average_rating>
<ratings_count>59038</ratings_count>
<text_reviews_count>5528</text_reviews_count>
</author>
</authors>

    <reviews_widget>
      <![CDATA[
        <style>
  #goodreads-widget {
    font-family: georgia, serif;
    padding: 18px 0;
    width:565px;
  }
  #goodreads-widget h1 {
    font-weight:normal;
    font-size: 16px;
    border-bottom: 1px solid #BBB596;
    margin-bottom: 0;
  }
  #goodreads-widget a {
    text-decoration: none;
    color:#660;
  }
  iframe{
    background-color: #fff;
  }
  #goodreads-widget a:hover { text-decoration: underline; }
  #goodreads-widget a:active {
    color:#660;
  }
  #gr_footer {
    width: 100%;
    border-top: 1px solid #BBB596;
    text-align: right;
  }
  #goodreads-widget .gr_branding{
    color: #382110;
    font-size: 11px;
    text-decoration: none;
    font-family: "Helvetica Neue", Helvetica, Arial, sans-serif;
  }
</style>
<div id="goodreads-widget">
  <div id="gr_header"><h1><a rel="nofollow" href="https://www.goodreads.com/book/show/10211494-stories-i-only-tell-my-friends">Stories I Only Tell My Friends Reviews</a></h1></div>
  <iframe id="the_iframe" src="https://www.goodreads.com/api/reviews_widget_iframe?did=DEVELOPER_ID&amp;format=html&amp;isbn=080509329X&amp;links=660&amp;min_rating=&amp;review_back=fff&amp;stars=000&amp;text=000" width="565" height="400" frameborder="0"></iframe>
  <div id="gr_footer">
    <a class="gr_branding" target="_blank" rel="nofollow" href="https://www.goodreads.com/book/show/10211494-stories-i-only-tell-my-friends?utm_medium=api&amp;utm_source=reviews_widget">Reviews from Goodreads.com</a>
  </div>
</div>

      ]]>
    </reviews_widget>
  <popular_shelves>
      <shelf name="to-read" count="46756"/>
      <shelf name="currently-reading" count="608"/>
      <shelf name="non-fiction" count="570"/>
      <shelf name="memoir" count="430"/>
      <shelf name="biography" count="425"/>
      <shelf name="audiobook" count="232"/>
      <shelf name="nonfiction" count="227"/>
      <shelf name="memoirs" count="184"/>
      <shelf name="audiobooks" count="166"/>
      <shelf name="autobiography" count="164"/>
      <shelf name="audio" count="161"/>
      <shelf name="biographies" count="127"/>
      <shelf name="favorites" count="121"/>
      <shelf name="biography-memoir" count="75"/>
      <shelf name="book-club" count="74"/>
      <shelf name="audible" count="74"/>
      <shelf name="audio-books" count="73"/>
      <shelf name="audio-book" count="62"/>
      <shelf name="library" count="53"/>
      <shelf name="kindle" count="44"/>
      <shelf name="bios" count="43"/>
      <shelf name="bio" count="39"/>
      <shelf name="read-in-2011" count="39"/>
      <shelf name="adult" count="33"/>
      <shelf name="books-i-own" count="32"/>
      <shelf name="biography-autobiography" count="31"/>
      <shelf name="read-in-2012" count="30"/>
      <shelf name="humor" count="29"/>
      <shelf name="memoir-biography" count="29"/>
      <shelf name="owned" count="26"/>
      <shelf name="hollywood" count="26"/>
      <shelf name="autobiographies" count="26"/>
      <shelf name="bio-memoir" count="26"/>
      <shelf name="listened-to" count="25"/>
      <shelf name="ebook" count="24"/>
      <shelf name="read-2012" count="22"/>
      <shelf name="read-in-2015" count="21"/>
      <shelf name="autobiography-memoir" count="21"/>
      <shelf name="celebrity" count="21"/>
      <shelf name="read-2011" count="20"/>
      <shelf name="read-in-2013" count="18"/>
      <shelf name="biographies-memoirs" count="17"/>
      <shelf name="read-in-2016" count="16"/>
      <shelf name="read-in-2014" count="15"/>
      <shelf name="listened" count="15"/>
      <shelf name="pop-culture" count="15"/>
      <shelf name="auto-biography" count="15"/>
      <shelf name="wish-list" count="15"/>
      <shelf name="read-2015" count="14"/>
      <shelf name="read-2013" count="14"/>
      <shelf name="memoirs-biographies" count="14"/>
      <shelf name="to-buy" count="14"/>
      <shelf name="did-not-finish" count="13"/>
      <shelf name="bios-memoirs" count="13"/>
      <shelf name="memoir-bio" count="13"/>
      <shelf name="owned-books" count="13"/>
      <shelf name="2012-reads" count="12"/>
      <shelf name="biographies-and-memoirs" count="12"/>
      <shelf name="nook" count="12"/>
      <shelf name="ebooks" count="12"/>
      <shelf name="acting" count="11"/>
      <shelf name="calibre" count="11"/>
      <shelf name="film" count="11"/>
      <shelf name="biographical" count="11"/>
      <shelf name="2011-reads" count="11"/>
      <shelf name="rob-lowe" count="10"/>
      <shelf name="want-to-read" count="10"/>
      <shelf name="memoir-autobiography" count="10"/>
      <shelf name="2011-books" count="10"/>
      <shelf name="entertainment" count="10"/>
      <shelf name="2012-books" count="9"/>
      <shelf name="adult-non-fiction" count="9"/>
      <shelf name="2012-read" count="9"/>
      <shelf name="gave-up-on" count="9"/>
      <shelf name="finished" count="9"/>
      <shelf name="movies" count="9"/>
      <shelf name="celebrities" count="9"/>
      <shelf name="library-books" count="9"/>
      <shelf name="e-books" count="9"/>
      <shelf name="default" count="8"/>
      <shelf name="comedy" count="8"/>
      <shelf name="didn-t-finish" count="8"/>
      <shelf name="biography-autobiography-memoir" count="8"/>
      <shelf name="funny" count="8"/>
      <shelf name="abandoned" count="8"/>
      <shelf name="adult-nonfiction" count="8"/>
      <shelf name="e-book" count="8"/>
      <shelf name="recommended" count="8"/>
      <shelf name="to-read-non-fiction" count="8"/>
      <shelf name="adult-books" count="8"/>
      <shelf name="library-book" count="8"/>
      <shelf name="biography-memoirs" count="8"/>
      <shelf name="bookclub" count="8"/>
      <shelf name="maybe" count="8"/>
      <shelf name="read-2014" count="7"/>
      <shelf name="my-books" count="7"/>
      <shelf name="my-ebooks" count="7"/>
      <shelf name="bio-autobio" count="7"/>
      <shelf name="my-library" count="7"/>
      <shelf name="autobiography-biography" count="7"/>
  </popular_shelves>
  <book_links>
    <book_link>
  <id>8</id>
  <name>Libraries</name>
  <link>https://www.goodreads.com/book_link/follow/8</link>
</book_link>

  </book_links>
  <buy_links>
    <buy_link>
<id>1</id>
<name>Amazon</name>
<link>https://www.goodreads.com/book_link/follow/1</link>
</buy_link>
<buy_link>
<id>10</id>
<name>Audible</name>
<link>https://www.goodreads.com/book_link/follow/10</link>
</buy_link>
<buy_link>
<id>3</id>
<name>Barnes &amp; Noble</name>
<link>https://www.goodreads.com/book_link/follow/3</link>
</buy_link>
<buy_link>
<id>1027</id>
<name>Kobo</name>
<link>https://www.goodreads.com/book_link/follow/1027</link>
</buy_link>
<buy_link>
<id>2102</id>
<name>Apple iBooks</name>
<link>https://www.goodreads.com/book_link/follow/2102</link>
</buy_link>
<buy_link>
<id>8036</id>
<name>Google Play</name>
<link>https://www.goodreads.com/book_link/follow/8036</link>
</buy_link>
<buy_link>
<id>4</id>
<name>Abebooks</name>
<link>https://www.goodreads.com/book_link/follow/4</link>
</buy_link>
<buy_link>
<id>882</id>
<name>Book Depository</name>
<link>https://www.goodreads.com/book_link/follow/882</link>
</buy_link>
<buy_link>
<id>9</id>
<name>Indigo</name>
<link>https://www.goodreads.com/book_link/follow/9</link>
</buy_link>
<buy_link>
<id>2</id>
<name>Half.com</name>
<link>https://www.goodreads.com/book_link/follow/2</link>
</buy_link>
<buy_link>
<id>5</id>
<name>Alibris</name>
<link>https://www.goodreads.com/book_link/follow/5</link>
</buy_link>
<buy_link>
<id>107</id>
<name>Better World Books</name>
<link>https://www.goodreads.com/book_link/follow/107</link>
</buy_link>
<buy_link>
<id>7</id>
<name>IndieBound</name>
<link>https://www.goodreads.com/book_link/follow/7</link>
</buy_link>

  </buy_links>
  <series_works>
    
  </series_works>
  <similar_books>
          <book>
<id>6681627</id>
<title>The Time of My Life</title>
<title_without_series>The Time of My Life</title_without_series>
<link><![CDATA[https://www.goodreads.com/book/show/6681627-the-time-of-my-life]]></link>
<small_image_url><![CDATA[https://s.gr-assets.com/assets/nophoto/book/50x75-a91bf249278a81aabab721ef782c4a74.png]]></small_image_url>
<image_url><![CDATA[https://s.gr-assets.com/assets/nophoto/book/111x148-bcc042a9c91a29c1d680899eff700a03.png]]></image_url>
<num_pages>244</num_pages>
<work>
<id>6876890</id>
</work>
<isbn>1439158584</isbn>
<isbn13>9781439158586</isbn13>
<average_rating>4.02</average_rating>
<ratings_count>5538</ratings_count>
<publication_year></publication_year>
<publication_month></publication_month>
<publication_day></publication_day>
<authors>
<author>
<id>3009635</id>
<name>Patrick Swayze</name>
<link><![CDATA[https://www.goodreads.com/author/show/3009635.Patrick_Swayze]]></link>
</author>
</authors>
</book>

          <book>
<id>12640989</id>
<title><![CDATA[Along the Way: The Journey of a Father and Son]]></title>
<title_without_series><![CDATA[Along the Way: The Journey of a Father and Son]]></title_without_series>
<link><![CDATA[https://www.goodreads.com/book/show/12640989-along-the-way]]></link>
<small_image_url><![CDATA[https://images.gr-assets.com/books/1336165694s/12640989.jpg]]></small_image_url>
<image_url><![CDATA[https://images.gr-assets.com/books/1336165694m/12640989.jpg]]></image_url>
<num_pages>432</num_pages>
<work>
<id>17752167</id>
</work>
<isbn>1451643683</isbn>
<isbn13>9781451643688</isbn13>
<average_rating>3.99</average_rating>
<ratings_count>1183</ratings_count>
<publication_year>2012</publication_year>
<publication_month>5</publication_month>
<publication_day>8</publication_day>
<authors>
<author>
<id>439031</id>
<name>Martin Sheen</name>
<link><![CDATA[https://www.goodreads.com/author/show/439031.Martin_Sheen]]></link>
</author>
</authors>
</book>

          <book>
<id>10352159</id>
<title>From This Moment On</title>
<title_without_series>From This Moment On</title_without_series>
<link><![CDATA[https://www.goodreads.com/book/show/10352159-from-this-moment-on]]></link>
<small_image_url><![CDATA[https://s.gr-assets.com/assets/nophoto/book/50x75-a91bf249278a81aabab721ef782c4a74.png]]></small_image_url>
<image_url><![CDATA[https://s.gr-assets.com/assets/nophoto/book/111x148-bcc042a9c91a29c1d680899eff700a03.png]]></image_url>
<num_pages></num_pages>
<work>
<id>15255059</id>
</work>
<isbn>1451620748</isbn>
<isbn13>9781451620740</isbn13>
<average_rating>3.79</average_rating>
<ratings_count>3834</ratings_count>
<publication_year></publication_year>
<publication_month></publication_month>
<publication_day></publication_day>
<authors>
<author>
<id>1212867</id>
<name>Shania Twain</name>
<link><![CDATA[https://www.goodreads.com/author/show/1212867.Shania_Twain]]></link>
</author>
</authors>
</book>

          <book>
<id>7521400</id>
<title><![CDATA[This Time Together: Laughter and Reflection]]></title>
<title_without_series><![CDATA[This Time Together: Laughter and Reflection]]></title_without_series>
<link><![CDATA[https://www.goodreads.com/book/show/7521400-this-time-together]]></link>
<small_image_url><![CDATA[https://images.gr-assets.com/books/1320390701s/7521400.jpg]]></small_image_url>
<image_url><![CDATA[https://images.gr-assets.com/books/1320390701m/7521400.jpg]]></image_url>
<num_pages>266</num_pages>
<work>
<id>9742847</id>
</work>
<isbn>0307461181</isbn>
<isbn13>9780307461186</isbn13>
<average_rating>4.05</average_rating>
<ratings_count>12342</ratings_count>
<publication_year>2010</publication_year>
<publication_month>4</publication_month>
<publication_day>6</publication_day>
<authors>
<author>
<id>351613</id>
<name>Carol Burnett</name>
<link><![CDATA[https://www.goodreads.com/author/show/351613.Carol_Burnett]]></link>
</author>
</authors>
</book>

          <book>
<id>9972053</id>
<title><![CDATA[If You Ask Me (And of Course You Won't)]]></title>
<title_without_series>If You Ask Me</title_without_series>
<link><![CDATA[https://www.goodreads.com/book/show/9972053-if-you-ask-me]]></link>
<small_image_url><![CDATA[https://s.gr-assets.com/assets/nophoto/book/50x75-a91bf249278a81aabab721ef782c4a74.png]]></small_image_url>
<image_url><![CDATA[https://s.gr-assets.com/assets/nophoto/book/111x148-bcc042a9c91a29c1d680899eff700a03.png]]></image_url>
<num_pages>258</num_pages>
<work>
<id>14866301</id>
</work>
<isbn>0399157530</isbn>
<isbn13>9780399157530</isbn13>
<average_rating>3.65</average_rating>
<ratings_count>23439</ratings_count>
<publication_year>2011</publication_year>
<publication_month>5</publication_month>
<publication_day>3</publication_day>
<authors>
<author>
<id>424652</id>
<name>Betty White</name>
<link><![CDATA[https://www.goodreads.com/author/show/424652.Betty_White]]></link>
</author>
</authors>
</book>

          <book>
<id>2323794</id>
<title><![CDATA[Losing It: And Gaining My Life Back One Pound at a Time]]></title>
<title_without_series><![CDATA[Losing It: And Gaining My Life Back One Pound at a Time]]></title_without_series>
<link><![CDATA[https://www.goodreads.com/book/show/2323794.Losing_It]]></link>
<small_image_url><![CDATA[https://s.gr-assets.com/assets/nophoto/book/50x75-a91bf249278a81aabab721ef782c4a74.png]]></small_image_url>
<image_url><![CDATA[https://s.gr-assets.com/assets/nophoto/book/111x148-bcc042a9c91a29c1d680899eff700a03.png]]></image_url>
<num_pages></num_pages>
<work>
<id>2330318</id>
</work>
<isbn>1416568182</isbn>
<isbn13>9781416568186</isbn13>
<average_rating>3.58</average_rating>
<ratings_count>4665</ratings_count>
<publication_year></publication_year>
<publication_month></publication_month>
<publication_day></publication_day>
<authors>
<author>
<id>1044193</id>
<name>Valerie Bertinelli</name>
<link><![CDATA[https://www.goodreads.com/author/show/1044193.Valerie_Bertinelli]]></link>
</author>
</authors>
</book>

          <book>
<id>3240483</id>
<title><![CDATA[Always Looking Up: The Adventures of an Incurable Optimist]]></title>
<title_without_series><![CDATA[Always Looking Up: The Adventures of an Incurable Optimist]]></title_without_series>
<link><![CDATA[https://www.goodreads.com/book/show/3240483-always-looking-up]]></link>
<small_image_url><![CDATA[https://s.gr-assets.com/assets/nophoto/book/50x75-a91bf249278a81aabab721ef782c4a74.png]]></small_image_url>
<image_url><![CDATA[https://s.gr-assets.com/assets/nophoto/book/111x148-bcc042a9c91a29c1d680899eff700a03.png]]></image_url>
<num_pages>276</num_pages>
<work>
<id>3275171</id>
</work>
<isbn>1401303382</isbn>
<isbn13>9781401303389</isbn13>
<average_rating>3.82</average_rating>
<ratings_count>18011</ratings_count>
<publication_year></publication_year>
<publication_month></publication_month>
<publication_day></publication_day>
<authors>
<author>
<id>77162</id>
<name>Michael J. Fox</name>
<link><![CDATA[https://www.goodreads.com/author/show/77162.Michael_J_Fox]]></link>
</author>
</authors>
</book>

          <book>
<id>6408579</id>
<title>Prairie Tale: A Memoir</title>
<title_without_series>Prairie Tale: A Memoir</title_without_series>
<link><![CDATA[https://www.goodreads.com/book/show/6408579-prairie-tale]]></link>
<small_image_url><![CDATA[https://s.gr-assets.com/assets/nophoto/book/50x75-a91bf249278a81aabab721ef782c4a74.png]]></small_image_url>
<image_url><![CDATA[https://s.gr-assets.com/assets/nophoto/book/111x148-bcc042a9c91a29c1d680899eff700a03.png]]></image_url>
<num_pages>367</num_pages>
<work>
<id>6597493</id>
</work>
<isbn>1416599142</isbn>
<isbn13>9781416599142</isbn13>
<average_rating>3.52</average_rating>
<ratings_count>5791</ratings_count>
<publication_year></publication_year>
<publication_month></publication_month>
<publication_day></publication_day>
<authors>
<author>
<id>605902</id>
<name>Melissa Gilbert</name>
<link><![CDATA[https://www.goodreads.com/author/show/605902.Melissa_Gilbert]]></link>
</author>
</authors>
</book>

          <book>
<id>7284508</id>
<title><![CDATA[Confessions of a Prairie Bitch: How I Survived Nellie Oleson and Learned to Love Being Hated]]></title>
<title_without_series><![CDATA[Confessions of a Prairie Bitch: How I Survived Nellie Oleson and Learned to Love Being Hated]]></title_without_series>
<link><![CDATA[https://www.goodreads.com/book/show/7284508-confessions-of-a-prairie-bitch]]></link>
<small_image_url><![CDATA[https://images.gr-assets.com/books/1280695574s/7284508.jpg]]></small_image_url>
<image_url><![CDATA[https://images.gr-assets.com/books/1280695574m/7284508.jpg]]></image_url>
<num_pages>302</num_pages>
<work>
<id>8507071</id>
</work>
<isbn>0061962147</isbn>
<isbn13>9780061962141</isbn13>
<average_rating>3.99</average_rating>
<ratings_count>9804</ratings_count>
<publication_year></publication_year>
<publication_month></publication_month>
<publication_day></publication_day>
<authors>
<author>
<id>3219726</id>
<name>Alison Arngrim</name>
<link><![CDATA[https://www.goodreads.com/author/show/3219726.Alison_Arngrim]]></link>
</author>
</authors>
</book>

          <book>
<id>8892431</id>
<title>The Elephant to Hollywood</title>
<title_without_series>The Elephant to Hollywood</title_without_series>
<link><![CDATA[https://www.goodreads.com/book/show/8892431-the-elephant-to-hollywood]]></link>
<small_image_url><![CDATA[https://s.gr-assets.com/assets/nophoto/book/50x75-a91bf249278a81aabab721ef782c4a74.png]]></small_image_url>
<image_url><![CDATA[https://s.gr-assets.com/assets/nophoto/book/111x148-bcc042a9c91a29c1d680899eff700a03.png]]></image_url>
<num_pages></num_pages>
<work>
<id>13768594</id>
</work>
<isbn>0805093907</isbn>
<isbn13>9780805093902</isbn13>
<average_rating>3.77</average_rating>
<ratings_count>2298</ratings_count>
<publication_year></publication_year>
<publication_month></publication_month>
<publication_day></publication_day>
<authors>
<author>
<id>36215</id>
<name>Michael Caine</name>
<link><![CDATA[https://www.goodreads.com/author/show/36215.Michael_Caine]]></link>
</author>
</authors>
</book>

          <book>
<id>148355</id>
<title>My Life So Far</title>
<title_without_series>My Life So Far</title_without_series>
<link><![CDATA[https://www.goodreads.com/book/show/148355.My_Life_So_Far]]></link>
<small_image_url><![CDATA[https://images.gr-assets.com/books/1320549077s/148355.jpg]]></small_image_url>
<image_url><![CDATA[https://images.gr-assets.com/books/1320549077m/148355.jpg]]></image_url>
<num_pages>624</num_pages>
<work>
<id>3976309</id>
</work>
<isbn>0812975766</isbn>
<isbn13>9780812975765</isbn13>
<average_rating>3.88</average_rating>
<ratings_count>3805</ratings_count>
<publication_year>2006</publication_year>
<publication_month>4</publication_month>
<publication_day>4</publication_day>
<authors>
<author>
<id>11191</id>
<name>Jane Fonda</name>
<link><![CDATA[https://www.goodreads.com/author/show/11191.Jane_Fonda]]></link>
</author>
</authors>
</book>

          <book>
<id>11265118</id>
<title>Then Again</title>
<title_without_series>Then Again</title_without_series>
<link><![CDATA[https://www.goodreads.com/book/show/11265118-then-again]]></link>
<small_image_url><![CDATA[https://images.gr-assets.com/books/1328208157s/11265118.jpg]]></small_image_url>
<image_url><![CDATA[https://images.gr-assets.com/books/1328208157m/11265118.jpg]]></image_url>
<num_pages>338</num_pages>
<work>
<id>16191978</id>
</work>
<isbn></isbn>
<isbn13></isbn13>
<average_rating>3.39</average_rating>
<ratings_count>8560</ratings_count>
<publication_year></publication_year>
<publication_month></publication_month>
<publication_day></publication_day>
<authors>
<author>
<id>46554</id>
<name>Diane Keaton</name>
<link><![CDATA[https://www.goodreads.com/author/show/46554.Diane_Keaton]]></link>
</author>
</authors>
</book>

          <book>
<id>8468297</id>
<title><![CDATA[Once Upon a Secret: My Affair with President John F. Kennedy and Its Aftermath]]></title>
<title_without_series><![CDATA[Once Upon a Secret: My Affair with President John F. Kennedy and Its Aftermath]]></title_without_series>
<link><![CDATA[https://www.goodreads.com/book/show/8468297-once-upon-a-secret]]></link>
<small_image_url><![CDATA[https://images.gr-assets.com/books/1333579858s/8468297.jpg]]></small_image_url>
<image_url><![CDATA[https://images.gr-assets.com/books/1333579858m/8468297.jpg]]></image_url>
<num_pages>198</num_pages>
<work>
<id>13332877</id>
</work>
<isbn>1400069106</isbn>
<isbn13>9781400069101</isbn13>
<average_rating>3.49</average_rating>
<ratings_count>7713</ratings_count>
<publication_year></publication_year>
<publication_month></publication_month>
<publication_day></publication_day>
<authors>
<author>
<id>4087831</id>
<name>Mimi Alford</name>
<link><![CDATA[https://www.goodreads.com/author/show/4087831.Mimi_Alford]]></link>
</author>
</authors>
</book>

          <book>
<id>10604115</id>
<title>Happy Accidents: A Memoir</title>
<title_without_series>Happy Accidents: A Memoir</title_without_series>
<link><![CDATA[https://www.goodreads.com/book/show/10604115-happy-accidents]]></link>
<small_image_url><![CDATA[https://s.gr-assets.com/assets/nophoto/book/50x75-a91bf249278a81aabab721ef782c4a74.png]]></small_image_url>
<image_url><![CDATA[https://s.gr-assets.com/assets/nophoto/book/111x148-bcc042a9c91a29c1d680899eff700a03.png]]></image_url>
<num_pages>304</num_pages>
<work>
<id>16463829</id>
</work>
<isbn>1401341764</isbn>
<isbn13>9781401341763</isbn13>
<average_rating>3.69</average_rating>
<ratings_count>11417</ratings_count>
<publication_year></publication_year>
<publication_month></publication_month>
<publication_day></publication_day>
<authors>
<author>
<id>2316952</id>
<name>Jane Lynch</name>
<link><![CDATA[https://www.goodreads.com/author/show/2316952.Jane_Lynch]]></link>
</author>
</authors>
</book>

          <book>
<id>11101760</id>
<title>Drama: An Actor&apos;s Education</title>
<title_without_series>Drama: An Actor&apos;s Education</title_without_series>
<link><![CDATA[https://www.goodreads.com/book/show/11101760-drama]]></link>
<small_image_url><![CDATA[https://s.gr-assets.com/assets/nophoto/book/50x75-a91bf249278a81aabab721ef782c4a74.png]]></small_image_url>
<image_url><![CDATA[https://s.gr-assets.com/assets/nophoto/book/111x148-bcc042a9c91a29c1d680899eff700a03.png]]></image_url>
<num_pages>336</num_pages>
<work>
<id>16023878</id>
</work>
<isbn>0061734977</isbn>
<isbn13>9780061734977</isbn13>
<average_rating>3.88</average_rating>
<ratings_count>1541</ratings_count>
<publication_year>2011</publication_year>
<publication_month>9</publication_month>
<publication_day>27</publication_day>
<authors>
<author>
<id>106523</id>
<name>John Lithgow</name>
<link><![CDATA[https://www.goodreads.com/author/show/106523.John_Lithgow]]></link>
</author>
</authors>
</book>

          <book>
<id>2316748</id>
<title>Up Till Now</title>
<title_without_series>Up Till Now</title_without_series>
<link><![CDATA[https://www.goodreads.com/book/show/2316748.Up_Till_Now]]></link>
<small_image_url><![CDATA[https://s.gr-assets.com/assets/nophoto/book/50x75-a91bf249278a81aabab721ef782c4a74.png]]></small_image_url>
<image_url><![CDATA[https://s.gr-assets.com/assets/nophoto/book/111x148-bcc042a9c91a29c1d680899eff700a03.png]]></image_url>
<num_pages>358</num_pages>
<work>
<id>2323266</id>
</work>
<isbn>0312372655</isbn>
<isbn13>9780312372651</isbn13>
<average_rating>3.82</average_rating>
<ratings_count>2422</ratings_count>
<publication_year></publication_year>
<publication_month></publication_month>
<publication_day></publication_day>
<authors>
<author>
<id>43972</id>
<name>William Shatner</name>
<link><![CDATA[https://www.goodreads.com/author/show/43972.William_Shatner]]></link>
</author>
</authors>
</book>

          <book>
<id>9428981</id>
<title>Here Comes Trouble</title>
<title_without_series>Here Comes Trouble</title_without_series>
<link><![CDATA[https://www.goodreads.com/book/show/9428981-here-comes-trouble]]></link>
<small_image_url><![CDATA[https://images.gr-assets.com/books/1327895854s/9428981.jpg]]></small_image_url>
<image_url><![CDATA[https://images.gr-assets.com/books/1327895854m/9428981.jpg]]></image_url>
<num_pages>429</num_pages>
<work>
<id>14313457</id>
</work>
<isbn>044653224X</isbn>
<isbn13>9780446532242</isbn13>
<average_rating>4.00</average_rating>
<ratings_count>2865</ratings_count>
<publication_year>2011</publication_year>
<publication_month>9</publication_month>
<publication_day>13</publication_day>
<authors>
<author>
<id>3154596</id>
<name>Michael Moore</name>
<link><![CDATA[https://www.goodreads.com/author/show/3154596.Michael_Moore]]></link>
</author>
</authors>
</book>

          <book>
<id>12856327</id>
<title><![CDATA[Tales from the Pantry: Random Rants & Musings of a Stay-At-Home Mom]]></title>
<title_without_series><![CDATA[Tales from the Pantry: Random Rants & Musings of a Stay-At-Home Mom]]></title_without_series>
<link><![CDATA[https://www.goodreads.com/book/show/12856327-tales-from-the-pantry]]></link>
<small_image_url><![CDATA[https://images.gr-assets.com/books/1319741133s/12856327.jpg]]></small_image_url>
<image_url><![CDATA[https://images.gr-assets.com/books/1319741133m/12856327.jpg]]></image_url>
<num_pages></num_pages>
<work>
<id>16890111</id>
</work>
<isbn>0615515622</isbn>
<isbn13>9780615515625</isbn13>
<average_rating>3.56</average_rating>
<ratings_count>154</ratings_count>
<publication_year></publication_year>
<publication_month></publication_month>
<publication_day></publication_day>
<authors>
<author>
<id>5009479</id>
<name>Shari Owen Brown</name>
<link><![CDATA[https://www.goodreads.com/author/show/5009479.Shari_Owen_Brown]]></link>
</author>
</authors>
</book>

  </similar_books>
</book>

</GoodreadsResponse>