<?xml version="1.0" encoding="UTF-8"?>
<GoodreadsResponse>
  <Request>
    <authentication>true</authentication>
      <key><![CDATA[all_men_must_serve]]></key>
    <method><![CDATA[book_show]]></method>
  </Request>
  <book>
  <id>10222</id>
  <title>The Far Pavilions</title>
  <isbn><![CDATA[031215125X]]></isbn>
  <isbn13><![CDATA[9780312151256]]></isbn13>
  <asin><![CDATA[]]></asin>
  <kindle_asin><![CDATA[B002RI9YK0]]></kindle_asin>
  <marketplace_id><![CDATA[A1F83G8C2ARO7P]]></marketplace_id>
  <country_code><![CDATA[GB]]></country_code>
  <image_url>https://s.gr-assets.com/assets/nophoto/book/111x148-bcc042a9c91a29c1d680899eff700a03.png</image_url>
  <small_image_url>https://s.gr-assets.com/assets/nophoto/book/50x75-a91bf249278a81aabab721ef782c4a74.png</small_image_url>
  <publication_year></publication_year>
  <publication_month></publication_month>
  <publication_day></publication_day>
  <publisher></publisher>
  <language_code>en-US</language_code>
  <is_ebook>false</is_ebook>
  <description><![CDATA[A magnificent romantic/historical/adventure novel set in India at the time of mutiny. The Far Pavilions is a story of 19th Century India, when the thin patina of English rule held down dangerously turbulent undercurrents. It is a story about and English man - Ashton Pelham-Martyn - brought up as a Hindu and his passionate, but dangerous love for an Indian princess. It's a story of divided loyalties, of tender camaraderie, of greedy imperialism and of the clash between east and west. To the burning plains and snow-capped mountains of this great, humming continent, M.M. Kaye brings her quite exceptional gift of immediacy and meticulous historical accuracy, plus her insight into the human heart.]]></description>
  <work>
  <id type="integer">114</id>
  <books_count type="integer">59</books_count>
  <best_book_id type="integer">10222</best_book_id>
  <reviews_count type="integer">50670</reviews_count>
  <ratings_sum type="integer">145226</ratings_sum>
  <ratings_count type="integer">34545</ratings_count>
  <text_reviews_count type="integer">1048</text_reviews_count>
  <original_publication_year type="integer">1978</original_publication_year>
  <original_publication_month type="integer" nil="true"/>
  <original_publication_day type="integer" nil="true"/>
  <original_title>The Far Pavilions</original_title>
  <original_language_id type="integer" nil="true"/>
  <media_type>book</media_type>
  <rating_dist>5:15763|4:11741|3:5668|2:1070|1:303|total:34545</rating_dist>
  <desc_user_id type="integer">1052941</desc_user_id>
  <default_chaptering_book_id type="integer" nil="true"/>
  <default_description_language_code nil="true"/>
</work>
  <average_rating>4.20</average_rating>
  <num_pages><![CDATA[958]]></num_pages>
  <format><![CDATA[]]></format>
  <edition_information><![CDATA[]]></edition_information>
  <ratings_count><![CDATA[33368]]></ratings_count>
  <text_reviews_count><![CDATA[876]]></text_reviews_count>
  <url><![CDATA[https://www.goodreads.com/book/show/10222.The_Far_Pavilions]]></url>
  <link><![CDATA[https://www.goodreads.com/book/show/10222.The_Far_Pavilions]]></link>
  <authors>
<author>
<id>1040250</id>
<name>M.M. Kaye</name>
<role></role>
<image_url nophoto='false'>
<![CDATA[https://images.gr-assets.com/authors/1237692960p5/1040250.jpg]]>
</image_url>
<small_image_url nophoto='false'>
<![CDATA[https://images.gr-assets.com/authors/1237692960p2/1040250.jpg]]>
</small_image_url>
<link><![CDATA[https://www.goodreads.com/author/show/1040250.M_M_Kaye]]></link>
<average_rating>4.16</average_rating>
<ratings_count>58217</ratings_count>
<text_reviews_count>3157</text_reviews_count>
</author>
</authors>

    <reviews_widget>
      <![CDATA[
        <style>
  #goodreads-widget {
    font-family: georgia, serif;
    padding: 18px 0;
    width:565px;
  }
  #goodreads-widget h1 {
    font-weight:normal;
    font-size: 16px;
    border-bottom: 1px solid #BBB596;
    margin-bottom: 0;
  }
  #goodreads-widget a {
    text-decoration: none;
    color:#660;
  }
  iframe{
    background-color: #fff;
  }
  #goodreads-widget a:hover { text-decoration: underline; }
  #goodreads-widget a:active {
    color:#660;
  }
  #gr_footer {
    width: 100%;
    border-top: 1px solid #BBB596;
    text-align: right;
  }
  #goodreads-widget .gr_branding{
    color: #382110;
    font-size: 11px;
    text-decoration: none;
    font-family: "Helvetica Neue", Helvetica, Arial, sans-serif;
  }
</style>
<div id="goodreads-widget">
  <div id="gr_header"><h1><a rel="nofollow" href="https://www.goodreads.com/book/show/10222.The_Far_Pavilions">The Far Pavilions Reviews</a></h1></div>
  <iframe id="the_iframe" src="https://www.goodreads.com/api/reviews_widget_iframe?did=DEVELOPER_ID&amp;format=html&amp;isbn=031215125X&amp;links=660&amp;min_rating=&amp;review_back=fff&amp;stars=000&amp;text=000" width="565" height="400" frameborder="0"></iframe>
  <div id="gr_footer">
    <a class="gr_branding" target="_blank" rel="nofollow" href="https://www.goodreads.com/book/show/10222.The_Far_Pavilions?utm_medium=api&amp;utm_source=reviews_widget">Reviews from Goodreads.com</a>
  </div>
</div>

      ]]>
    </reviews_widget>
  <popular_shelves>
      <shelf name="to-read" count="940"/>
      <shelf name="historical-fiction" count="622"/>
      <shelf name="currently-reading" count="395"/>
      <shelf name="fiction" count="347"/>
      <shelf name="favorites" count="246"/>
      <shelf name="india" count="207"/>
      <shelf name="romance" count="179"/>
      <shelf name="historical" count="139"/>
      <shelf name="classics" count="58"/>
      <shelf name="adventure" count="44"/>
      <shelf name="owned" count="41"/>
      <shelf name="asia" count="35"/>
      <shelf name="historical-romance" count="33"/>
      <shelf name="books-i-own" count="29"/>
      <shelf name="19th-century" count="25"/>
      <shelf name="bbc-big-read" count="24"/>
      <shelf name="history" count="23"/>
      <shelf name="adult-fiction" count="21"/>
      <shelf name="novels" count="21"/>
      <shelf name="wish-list" count="20"/>
      <shelf name="favourites" count="20"/>
      <shelf name="epic" count="19"/>
      <shelf name="classic" count="19"/>
      <shelf name="book-club" count="18"/>
      <shelf name="owned-books" count="17"/>
      <shelf name="default" count="16"/>
      <shelf name="afghanistan" count="16"/>
      <shelf name="audio" count="15"/>
      <shelf name="library" count="14"/>
      <shelf name="fiction-historical" count="13"/>
      <shelf name="fantasy" count="13"/>
      <shelf name="indian" count="12"/>
      <shelf name="novel" count="12"/>
      <shelf name="all-time-favorites" count="12"/>
      <shelf name="cultural" count="11"/>
      <shelf name="did-not-finish" count="11"/>
      <shelf name="british" count="11"/>
      <shelf name="to-buy" count="11"/>
      <shelf name="literature" count="11"/>
      <shelf name="kindle" count="10"/>
      <shelf name="re-read" count="10"/>
      <shelf name="war" count="10"/>
      <shelf name="historic-fiction" count="10"/>
      <shelf name="drama" count="10"/>
      <shelf name="adult" count="10"/>
      <shelf name="own-it" count="10"/>
      <shelf name="historical-novel" count="10"/>
      <shelf name="audible" count="9"/>
      <shelf name="recommended" count="9"/>
      <shelf name="general-fiction" count="9"/>
      <shelf name="m-m-kaye" count="9"/>
      <shelf name="shelfari-favorites" count="8"/>
      <shelf name="audiobooks" count="8"/>
      <shelf name="i-own" count="8"/>
      <shelf name="maybe" count="8"/>
      <shelf name="to-read-fiction" count="8"/>
      <shelf name="abandoned" count="8"/>
      <shelf name="bbc-200" count="8"/>
      <shelf name="travel" count="8"/>
      <shelf name="literary-fiction" count="8"/>
      <shelf name="20th-century" count="8"/>
      <shelf name="fiction-general" count="8"/>
      <shelf name="unfinished" count="8"/>
      <shelf name="saga" count="7"/>
      <shelf name="love" count="7"/>
      <shelf name="on-hold" count="7"/>
      <shelf name="dnf" count="7"/>
      <shelf name="keepers" count="7"/>
      <shelf name="historicalfiction" count="7"/>
      <shelf name="audiobook" count="6"/>
      <shelf name="favorite" count="6"/>
      <shelf name="england" count="6"/>
      <shelf name="my-library" count="6"/>
      <shelf name="asian" count="6"/>
      <shelf name="1970s" count="6"/>
      <shelf name="the-big-read" count="6"/>
      <shelf name="south-asia" count="6"/>
      <shelf name="my-favorites" count="6"/>
      <shelf name="favorite-books" count="6"/>
      <shelf name="to-read-longlist" count="5"/>
      <shelf name="to-read-historical-fiction" count="5"/>
      <shelf name="guardian-1000" count="5"/>
      <shelf name="didn-t-finish" count="5"/>
      <shelf name="1" count="5"/>
      <shelf name="ebook" count="5"/>
      <shelf name="action-adventure" count="5"/>
      <shelf name="setting-india" count="5"/>
      <shelf name="popular-fiction" count="5"/>
      <shelf name="victorian" count="5"/>
      <shelf name="to-read-own" count="5"/>
      <shelf name="historical-novels" count="5"/>
      <shelf name="five-stars" count="5"/>
      <shelf name="action" count="5"/>
      <shelf name="new" count="4"/>
      <shelf name="maybe-read" count="4"/>
      <shelf name="re-reads" count="4"/>
      <shelf name="e-book" count="4"/>
      <shelf name="looking-for" count="4"/>
      <shelf name="all-time-faves" count="4"/>
      <shelf name="epics" count="4"/>
  </popular_shelves>
  <book_links>
    <book_link>
  <id>8</id>
  <name>Libraries</name>
  <link>https://www.goodreads.com/book_link/follow/8</link>
</book_link>

  </book_links>
  <buy_links>
    <buy_link>
<id>1</id>
<name>Amazon</name>
<link>https://www.goodreads.com/book_link/follow/1</link>
</buy_link>
<buy_link>
<id>10</id>
<name>Audible</name>
<link>https://www.goodreads.com/book_link/follow/10</link>
</buy_link>
<buy_link>
<id>3</id>
<name>Barnes &amp; Noble</name>
<link>https://www.goodreads.com/book_link/follow/3</link>
</buy_link>
<buy_link>
<id>1027</id>
<name>Kobo</name>
<link>https://www.goodreads.com/book_link/follow/1027</link>
</buy_link>
<buy_link>
<id>2102</id>
<name>Apple iBooks</name>
<link>https://www.goodreads.com/book_link/follow/2102</link>
</buy_link>
<buy_link>
<id>8036</id>
<name>Google Play</name>
<link>https://www.goodreads.com/book_link/follow/8036</link>
</buy_link>
<buy_link>
<id>4</id>
<name>Abebooks</name>
<link>https://www.goodreads.com/book_link/follow/4</link>
</buy_link>
<buy_link>
<id>882</id>
<name>Book Depository</name>
<link>https://www.goodreads.com/book_link/follow/882</link>
</buy_link>
<buy_link>
<id>9</id>
<name>Indigo</name>
<link>https://www.goodreads.com/book_link/follow/9</link>
</buy_link>
<buy_link>
<id>2</id>
<name>Half.com</name>
<link>https://www.goodreads.com/book_link/follow/2</link>
</buy_link>
<buy_link>
<id>5</id>
<name>Alibris</name>
<link>https://www.goodreads.com/book_link/follow/5</link>
</buy_link>
<buy_link>
<id>107</id>
<name>Better World Books</name>
<link>https://www.goodreads.com/book_link/follow/107</link>
</buy_link>
<buy_link>
<id>7</id>
<name>IndieBound</name>
<link>https://www.goodreads.com/book_link/follow/7</link>
</buy_link>

  </buy_links>
  <series_works>
    
  </series_works>
  <similar_books>
          <book>
<id>578190</id>
<title>Zemindar</title>
<title_without_series>Zemindar</title_without_series>
<link><![CDATA[https://www.goodreads.com/book/show/578190.Zemindar]]></link>
<small_image_url><![CDATA[https://images.gr-assets.com/books/1299288794s/578190.jpg]]></small_image_url>
<image_url><![CDATA[https://images.gr-assets.com/books/1299288794m/578190.jpg]]></image_url>
<num_pages>799</num_pages>
<work>
<id>565128</id>
</work>
<isbn>0552118095</isbn>
<isbn13>9780552118095</isbn13>
<average_rating>4.13</average_rating>
<ratings_count>1191</ratings_count>
<publication_year>1981</publication_year>
<publication_month></publication_month>
<publication_day></publication_day>
<authors>
<author>
<id>3221509</id>
<name>Valerie Fitzgerald</name>
<link><![CDATA[https://www.goodreads.com/author/show/3221509.Valerie_Fitzgerald]]></link>
</author>
</authors>
</book>

          <book>
<id>673216</id>
<title><![CDATA[Olivia And Jai (Olivia and Jai, #1)]]></title>
<title_without_series>Olivia And Jai</title_without_series>
<link><![CDATA[https://www.goodreads.com/book/show/673216.Olivia_And_Jai]]></link>
<small_image_url><![CDATA[https://s.gr-assets.com/assets/nophoto/book/50x75-a91bf249278a81aabab721ef782c4a74.png]]></small_image_url>
<image_url><![CDATA[https://s.gr-assets.com/assets/nophoto/book/111x148-bcc042a9c91a29c1d680899eff700a03.png]]></image_url>
<num_pages>644</num_pages>
<work>
<id>1305731</id>
</work>
<isbn>0749306718</isbn>
<isbn13>9780749306717</isbn13>
<average_rating>4.12</average_rating>
<ratings_count>946</ratings_count>
<publication_year>1993</publication_year>
<publication_month>4</publication_month>
<publication_day>29</publication_day>
<authors>
<author>
<id>274735</id>
<name>Rebecca Ryman</name>
<link><![CDATA[https://www.goodreads.com/author/show/274735.Rebecca_Ryman]]></link>
</author>
</authors>
</book>

          <book>
<id>146746</id>
<title><![CDATA[The Jewel in the Crown (The Raj Quartet, #1)]]></title>
<title_without_series>The Jewel in the Crown</title_without_series>
<link><![CDATA[https://www.goodreads.com/book/show/146746.The_Jewel_in_the_Crown]]></link>
<small_image_url><![CDATA[https://images.gr-assets.com/books/1328872722s/146746.jpg]]></small_image_url>
<image_url><![CDATA[https://images.gr-assets.com/books/1328872722m/146746.jpg]]></image_url>
<num_pages>472</num_pages>
<work>
<id>2103139</id>
</work>
<isbn>0226743403</isbn>
<isbn13>9780226743400</isbn13>
<average_rating>4.15</average_rating>
<ratings_count>4165</ratings_count>
<publication_year>1998</publication_year>
<publication_month>5</publication_month>
<publication_day>22</publication_day>
<authors>
<author>
<id>3119</id>
<name>Paul Scott</name>
<link><![CDATA[https://www.goodreads.com/author/show/3119.Paul_Scott]]></link>
</author>
</authors>
</book>

          <book>
<id>369110</id>
<title>Captains and the Kings</title>
<title_without_series>Captains and the Kings</title_without_series>
<link><![CDATA[https://www.goodreads.com/book/show/369110.Captains_and_the_Kings]]></link>
<small_image_url><![CDATA[https://s.gr-assets.com/assets/nophoto/book/50x75-a91bf249278a81aabab721ef782c4a74.png]]></small_image_url>
<image_url><![CDATA[https://s.gr-assets.com/assets/nophoto/book/111x148-bcc042a9c91a29c1d680899eff700a03.png]]></image_url>
<num_pages>816</num_pages>
<work>
<id>1799308</id>
</work>
<isbn>0449205622</isbn>
<isbn13>9780449205624</isbn13>
<average_rating>4.11</average_rating>
<ratings_count>15454</ratings_count>
<publication_year>1983</publication_year>
<publication_month>12</publication_month>
<publication_day>12</publication_day>
<authors>
<author>
<id>33384</id>
<name>Taylor Caldwell</name>
<link><![CDATA[https://www.goodreads.com/author/show/33384.Taylor_Caldwell]]></link>
</author>
</authors>
</book>

          <book>
<id>112080</id>
<title><![CDATA[Queens' Play (The Lymond Chronicles, #2)]]></title>
<title_without_series>Queens&apos; Play</title_without_series>
<link><![CDATA[https://www.goodreads.com/book/show/112080.Queens_Play]]></link>
<small_image_url><![CDATA[https://images.gr-assets.com/books/1399601538s/112080.jpg]]></small_image_url>
<image_url><![CDATA[https://images.gr-assets.com/books/1399601538m/112080.jpg]]></image_url>
<num_pages>432</num_pages>
<work>
<id>5879135</id>
</work>
<isbn>067977744X</isbn>
<isbn13>9780679777441</isbn13>
<average_rating>4.46</average_rating>
<ratings_count>3332</ratings_count>
<publication_year>1997</publication_year>
<publication_month>4</publication_month>
<publication_day>29</publication_day>
<authors>
<author>
<id>8361</id>
<name>Dorothy Dunnett</name>
<link><![CDATA[https://www.goodreads.com/author/show/8361.Dorothy_Dunnett]]></link>
</author>
</authors>
</book>

          <book>
<id>1203812</id>
<title><![CDATA[Sunset Song (A Scots Quair, #1)]]></title>
<title_without_series>Sunset Song</title_without_series>
<link><![CDATA[https://www.goodreads.com/book/show/1203812.Sunset_Song]]></link>
<small_image_url><![CDATA[https://images.gr-assets.com/books/1359617860s/1203812.jpg]]></small_image_url>
<image_url><![CDATA[https://images.gr-assets.com/books/1359617860m/1203812.jpg]]></image_url>
<num_pages>272</num_pages>
<work>
<id>2555083</id>
</work>
<isbn>0862411793</isbn>
<isbn13>9780862411794</isbn13>
<average_rating>3.91</average_rating>
<ratings_count>2496</ratings_count>
<publication_year>1988</publication_year>
<publication_month>11</publication_month>
<publication_day>1</publication_day>
<authors>
<author>
<id>53665</id>
<name>Lewis Grassic Gibbon</name>
<link><![CDATA[https://www.goodreads.com/author/show/53665.Lewis_Grassic_Gibbon]]></link>
</author>
</authors>
</book>

          <book>
<id>321544</id>
<title>The Heaven Tree Trilogy</title>
<title_without_series>The Heaven Tree Trilogy</title_without_series>
<link><![CDATA[https://www.goodreads.com/book/show/321544.The_Heaven_Tree_Trilogy]]></link>
<small_image_url><![CDATA[https://images.gr-assets.com/books/1298506500s/321544.jpg]]></small_image_url>
<image_url><![CDATA[https://images.gr-assets.com/books/1298506500m/321544.jpg]]></image_url>
<num_pages>899</num_pages>
<work>
<id>2292020</id>
</work>
<isbn>0446517089</isbn>
<isbn13>9780446517089</isbn13>
<average_rating>4.29</average_rating>
<ratings_count>852</ratings_count>
<publication_year>1993</publication_year>
<publication_month>10</publication_month>
<publication_day>1</publication_day>
<authors>
<author>
<id>99473</id>
<name>Edith Pargeter</name>
<link><![CDATA[https://www.goodreads.com/author/show/99473.Edith_Pargeter]]></link>
</author>
</authors>
</book>

          <book>
<id>236709</id>
<title>Cashelmara</title>
<title_without_series>Cashelmara</title_without_series>
<link><![CDATA[https://www.goodreads.com/book/show/236709.Cashelmara]]></link>
<small_image_url><![CDATA[https://s.gr-assets.com/assets/nophoto/book/50x75-a91bf249278a81aabab721ef782c4a74.png]]></small_image_url>
<image_url><![CDATA[https://s.gr-assets.com/assets/nophoto/book/111x148-bcc042a9c91a29c1d680899eff700a03.png]]></image_url>
<num_pages>720</num_pages>
<work>
<id>2054130</id>
</work>
<isbn>0751535354</isbn>
<isbn13>9780751535358</isbn13>
<average_rating>4.08</average_rating>
<ratings_count>6256</ratings_count>
<publication_year>2004</publication_year>
<publication_month></publication_month>
<publication_day></publication_day>
<authors>
<author>
<id>7294</id>
<name>Susan Howatch</name>
<link><![CDATA[https://www.goodreads.com/author/show/7294.Susan_Howatch]]></link>
</author>
</authors>
</book>

          <book>
<id>33609</id>
<title>Katherine</title>
<title_without_series>Katherine</title_without_series>
<link><![CDATA[https://www.goodreads.com/book/show/33609.Katherine]]></link>
<small_image_url><![CDATA[https://s.gr-assets.com/assets/nophoto/book/50x75-a91bf249278a81aabab721ef782c4a74.png]]></small_image_url>
<image_url><![CDATA[https://s.gr-assets.com/assets/nophoto/book/111x148-bcc042a9c91a29c1d680899eff700a03.png]]></image_url>
<num_pages>500</num_pages>
<work>
<id>2372397</id>
</work>
<isbn>155652532X</isbn>
<isbn13>9781556525322</isbn13>
<average_rating>4.18</average_rating>
<ratings_count>24153</ratings_count>
<publication_year></publication_year>
<publication_month></publication_month>
<publication_day></publication_day>
<authors>
<author>
<id>18930</id>
<name>Anya Seton</name>
<link><![CDATA[https://www.goodreads.com/author/show/18930.Anya_Seton]]></link>
</author>
</authors>
</book>

          <book>
<id>372852</id>
<title><![CDATA[God Is an Englishman (Swann Saga, #1)]]></title>
<title_without_series>God Is an Englishman</title_without_series>
<link><![CDATA[https://www.goodreads.com/book/show/372852.God_Is_an_Englishman]]></link>
<small_image_url><![CDATA[https://s.gr-assets.com/assets/nophoto/book/50x75-a91bf249278a81aabab721ef782c4a74.png]]></small_image_url>
<image_url><![CDATA[https://s.gr-assets.com/assets/nophoto/book/111x148-bcc042a9c91a29c1d680899eff700a03.png]]></image_url>
<num_pages>695</num_pages>
<work>
<id>362797</id>
</work>
<isbn>0786717505</isbn>
<isbn13>9780786717507</isbn13>
<average_rating>4.08</average_rating>
<ratings_count>2338</ratings_count>
<publication_year>2006</publication_year>
<publication_month>1</publication_month>
<publication_day>9</publication_day>
<authors>
<author>
<id>3108215</id>
<name>R.F. Delderfield</name>
<link><![CDATA[https://www.goodreads.com/author/show/3108215.R_F_Delderfield]]></link>
</author>
</authors>
</book>

          <book>
<id>183586</id>
<title>The Cruel Sea</title>
<title_without_series>The Cruel Sea</title_without_series>
<link><![CDATA[https://www.goodreads.com/book/show/183586.The_Cruel_Sea]]></link>
<small_image_url><![CDATA[https://s.gr-assets.com/assets/nophoto/book/50x75-a91bf249278a81aabab721ef782c4a74.png]]></small_image_url>
<image_url><![CDATA[https://s.gr-assets.com/assets/nophoto/book/111x148-bcc042a9c91a29c1d680899eff700a03.png]]></image_url>
<num_pages>520</num_pages>
<work>
<id>1104357</id>
</work>
<isbn>1580800467</isbn>
<isbn13>9781580800464</isbn13>
<average_rating>4.18</average_rating>
<ratings_count>4593</ratings_count>
<publication_year>2000</publication_year>
<publication_month>3</publication_month>
<publication_day>14</publication_day>
<authors>
<author>
<id>47118</id>
<name>Nicholas Monsarrat</name>
<link><![CDATA[https://www.goodreads.com/author/show/47118.Nicholas_Monsarrat]]></link>
</author>
</authors>
</book>

          <book>
<id>311226</id>
<title><![CDATA[An Infamous Army (Alastair, #4)]]></title>
<title_without_series>An Infamous Army</title_without_series>
<link><![CDATA[https://www.goodreads.com/book/show/311226.An_Infamous_Army]]></link>
<small_image_url><![CDATA[https://images.gr-assets.com/books/1320463470s/311226.jpg]]></small_image_url>
<image_url><![CDATA[https://images.gr-assets.com/books/1320463470m/311226.jpg]]></image_url>
<num_pages>448</num_pages>
<work>
<id>1913091</id>
</work>
<isbn>0099465760</isbn>
<isbn13>9780099465768</isbn13>
<average_rating>3.59</average_rating>
<ratings_count>2969</ratings_count>
<publication_year>2004</publication_year>
<publication_month>1</publication_month>
<publication_day>15</publication_day>
<authors>
<author>
<id>18067</id>
<name>Georgette Heyer</name>
<link><![CDATA[https://www.goodreads.com/author/show/18067.Georgette_Heyer]]></link>
</author>
</authors>
</book>

          <book>
<id>264778</id>
<title><![CDATA[Sacajawea (Lewis & Clark Expedition)]]></title>
<title_without_series>Sacajawea</title_without_series>
<link><![CDATA[https://www.goodreads.com/book/show/264778.Sacajawea]]></link>
<small_image_url><![CDATA[https://images.gr-assets.com/books/1315509057s/264778.jpg]]></small_image_url>
<image_url><![CDATA[https://images.gr-assets.com/books/1315509057m/264778.jpg]]></image_url>
<num_pages></num_pages>
<work>
<id>1220213</id>
</work>
<isbn>0380842939</isbn>
<isbn13>9780380842933</isbn13>
<average_rating>4.23</average_rating>
<ratings_count>13783</ratings_count>
<publication_year></publication_year>
<publication_month></publication_month>
<publication_day></publication_day>
<authors>
<author>
<id>274225</id>
<name>Anna Lee Waldo</name>
<link><![CDATA[https://www.goodreads.com/author/show/274225.Anna_Lee_Waldo]]></link>
</author>
</authors>
</book>

          <book>
<id>576666</id>
<title>And Ladies of the Club</title>
<title_without_series>And Ladies of the Club</title_without_series>
<link><![CDATA[https://www.goodreads.com/book/show/576666.And_Ladies_of_the_Club]]></link>
<small_image_url><![CDATA[https://s.gr-assets.com/assets/nophoto/book/50x75-a91bf249278a81aabab721ef782c4a74.png]]></small_image_url>
<image_url><![CDATA[https://s.gr-assets.com/assets/nophoto/book/111x148-bcc042a9c91a29c1d680899eff700a03.png]]></image_url>
<num_pages>1184</num_pages>
<work>
<id>1480967</id>
</work>
<isbn>0425174409</isbn>
<isbn13>9780425174401</isbn13>
<average_rating>4.12</average_rating>
<ratings_count>10809</ratings_count>
<publication_year>2000</publication_year>
<publication_month>4</publication_month>
<publication_day>1</publication_day>
<authors>
<author>
<id>92881</id>
<name>Helen Hooven Santmyer</name>
<link><![CDATA[https://www.goodreads.com/author/show/92881.Helen_Hooven_Santmyer]]></link>
</author>
</authors>
</book>

          <book>
<id>12663</id>
<title>The Covenant</title>
<title_without_series>The Covenant</title_without_series>
<link><![CDATA[https://www.goodreads.com/book/show/12663.The_Covenant]]></link>
<small_image_url><![CDATA[https://images.gr-assets.com/books/1310975573s/12663.jpg]]></small_image_url>
<image_url><![CDATA[https://images.gr-assets.com/books/1310975573m/12663.jpg]]></image_url>
<num_pages>1240</num_pages>
<work>
<id>1017593</id>
</work>
<isbn>0749311614</isbn>
<isbn13>9780749311612</isbn13>
<average_rating>4.17</average_rating>
<ratings_count>16540</ratings_count>
<publication_year></publication_year>
<publication_month></publication_month>
<publication_day></publication_day>
<authors>
<author>
<id>7995</id>
<name>James A. Michener</name>
<link><![CDATA[https://www.goodreads.com/author/show/7995.James_A_Michener]]></link>
</author>
</authors>
</book>

  </similar_books>
</book>

</GoodreadsResponse>