<?xml version="1.0" encoding="UTF-8"?>
<GoodreadsResponse>
  <Request>
    <authentication>true</authentication>
      <key><![CDATA[all_men_must_serve]]></key>
    <method><![CDATA[book_show]]></method>
  </Request>
  <book>
  <id>10238</id>
  <title><![CDATA[The Tao of Physics: An Exploration of the Parallels between Modern Physics and Eastern Mysticism]]></title>
  <isbn><![CDATA[1570625190]]></isbn>
  <isbn13><![CDATA[9781570625190]]></isbn13>
  <asin><![CDATA[]]></asin>
  <kindle_asin><![CDATA[]]></kindle_asin>
  <marketplace_id><![CDATA[]]></marketplace_id>
  <country_code><![CDATA[GB]]></country_code>
  <image_url>https://images.gr-assets.com/books/1327908532m/10238.jpg</image_url>
  <small_image_url>https://images.gr-assets.com/books/1327908532s/10238.jpg</small_image_url>
  <publication_year>2000</publication_year>
  <publication_month>1</publication_month>
  <publication_day>4</publication_day>
  <publisher>Shambhala</publisher>
  <language_code>eng</language_code>
  <is_ebook>false</is_ebook>
  <description><![CDATA[After a quarter of a century in print, Capra's groundbreaking work still challenges and inspires. This updated edition of <i>The Tao of Physics </i> includes a new preface and afterword in which the author reviews the developments of the twenty-five years since the book's first publication, discusses criticisms the book has received, and examines future possibilities for a new scientific world.]]></description>
  <work>
  <id type="integer">1637223</id>
  <books_count type="integer">63</books_count>
  <best_book_id type="integer">10238</best_book_id>
  <reviews_count type="integer">27521</reviews_count>
  <ratings_sum type="integer">54566</ratings_sum>
  <ratings_count type="integer">13767</ratings_count>
  <text_reviews_count type="integer">426</text_reviews_count>
  <original_publication_year type="integer">1975</original_publication_year>
  <original_publication_month type="integer">1</original_publication_month>
  <original_publication_day type="integer">1</original_publication_day>
  <original_title>The Tao of Physics: An Exploration of the Parallels Between Modern Physics and Eastern Mysticism</original_title>
  <original_language_id type="integer" nil="true"/>
  <media_type>book</media_type>
  <rating_dist>5:4928|4:4797|3:2973|2:750|1:319|total:13767</rating_dist>
  <desc_user_id type="integer">2013080</desc_user_id>
  <default_chaptering_book_id type="integer" nil="true"/>
  <default_description_language_code nil="true"/>
</work>
  <average_rating>3.96</average_rating>
  <num_pages><![CDATA[366]]></num_pages>
  <format><![CDATA[Paperback]]></format>
  <edition_information><![CDATA[25th Anniversary Edition]]></edition_information>
  <ratings_count><![CDATA[12581]]></ratings_count>
  <text_reviews_count><![CDATA[336]]></text_reviews_count>
  <url><![CDATA[https://www.goodreads.com/book/show/10238.The_Tao_of_Physics]]></url>
  <link><![CDATA[https://www.goodreads.com/book/show/10238.The_Tao_of_Physics]]></link>
  <authors>
<author>
<id>6685</id>
<name>Fritjof Capra</name>
<role></role>
<image_url nophoto='false'>
<![CDATA[https://images.gr-assets.com/authors/1413752999p5/6685.jpg]]>
</image_url>
<small_image_url nophoto='false'>
<![CDATA[https://images.gr-assets.com/authors/1413752999p2/6685.jpg]]>
</small_image_url>
<link><![CDATA[https://www.goodreads.com/author/show/6685.Fritjof_Capra]]></link>
<average_rating>3.99</average_rating>
<ratings_count>18300</ratings_count>
<text_reviews_count>779</text_reviews_count>
</author>
</authors>

    <reviews_widget>
      <![CDATA[
        <style>
  #goodreads-widget {
    font-family: georgia, serif;
    padding: 18px 0;
    width:565px;
  }
  #goodreads-widget h1 {
    font-weight:normal;
    font-size: 16px;
    border-bottom: 1px solid #BBB596;
    margin-bottom: 0;
  }
  #goodreads-widget a {
    text-decoration: none;
    color:#660;
  }
  iframe{
    background-color: #fff;
  }
  #goodreads-widget a:hover { text-decoration: underline; }
  #goodreads-widget a:active {
    color:#660;
  }
  #gr_footer {
    width: 100%;
    border-top: 1px solid #BBB596;
    text-align: right;
  }
  #goodreads-widget .gr_branding{
    color: #382110;
    font-size: 11px;
    text-decoration: none;
    font-family: "Helvetica Neue", Helvetica, Arial, sans-serif;
  }
</style>
<div id="goodreads-widget">
  <div id="gr_header"><h1><a rel="nofollow" href="https://www.goodreads.com/book/show/10238.The_Tao_of_Physics">The Tao of Physics Reviews</a></h1></div>
  <iframe id="the_iframe" src="https://www.goodreads.com/api/reviews_widget_iframe?did=DEVELOPER_ID&amp;format=html&amp;isbn=1570625190&amp;links=660&amp;min_rating=&amp;review_back=fff&amp;stars=000&amp;text=000" width="565" height="400" frameborder="0"></iframe>
  <div id="gr_footer">
    <a class="gr_branding" target="_blank" rel="nofollow" href="https://www.goodreads.com/book/show/10238.The_Tao_of_Physics?utm_medium=api&amp;utm_source=reviews_widget">Reviews from Goodreads.com</a>
  </div>
</div>

      ]]>
    </reviews_widget>
  <popular_shelves>
      <shelf name="to-read" count="5450"/>
      <shelf name="currently-reading" count="677"/>
      <shelf name="science" count="451"/>
      <shelf name="non-fiction" count="237"/>
      <shelf name="philosophy" count="167"/>
      <shelf name="spirituality" count="88"/>
      <shelf name="favorites" count="66"/>
      <shelf name="religion" count="64"/>
      <shelf name="nonfiction" count="63"/>
      <shelf name="physics" count="55"/>
      <shelf name="default" count="47"/>
      <shelf name="spiritual" count="41"/>
      <shelf name="owned" count="39"/>
      <shelf name="taoism" count="21"/>
      <shelf name="metaphysics" count="17"/>
      <shelf name="mysticism" count="16"/>
      <shelf name="buddhism" count="16"/>
      <shelf name="my-library" count="14"/>
      <shelf name="to-buy" count="13"/>
      <shelf name="owned-books" count="12"/>
      <shelf name="classics" count="12"/>
      <shelf name="books-i-own" count="10"/>
      <shelf name="saggistica" count="10"/>
      <shelf name="religion-spirituality" count="10"/>
      <shelf name="popular-science" count="10"/>
      <shelf name="quantum-physics" count="9"/>
      <shelf name="scienza" count="9"/>
      <shelf name="unfinished" count="9"/>
      <shelf name="eastern-philosophy" count="9"/>
      <shelf name="psychology" count="8"/>
      <shelf name="science-physics" count="8"/>
      <shelf name="zen" count="8"/>
      <shelf name="eastern" count="8"/>
      <shelf name="reference" count="8"/>
      <shelf name="philosophy-of-science" count="8"/>
      <shelf name="library" count="7"/>
      <shelf name="new-age" count="7"/>
      <shelf name="history" count="6"/>
      <shelf name="saggio" count="6"/>
      <shelf name="science-math" count="6"/>
      <shelf name="filosofia" count="6"/>
      <shelf name="science-nature" count="6"/>
      <shelf name="partially-read" count="6"/>
      <shelf name="sciences" count="6"/>
      <shelf name="my-books" count="5"/>
      <shelf name="to-read-non-fiction" count="5"/>
      <shelf name="cosmology" count="5"/>
      <shelf name="quantum" count="5"/>
      <shelf name="spirit" count="5"/>
      <shelf name="mind" count="5"/>
      <shelf name="finished" count="5"/>
      <shelf name="theory" count="5"/>
      <shelf name="tao" count="5"/>
      <shelf name="other-non-fiction" count="4"/>
      <shelf name="stem" count="4"/>
      <shelf name="classic" count="4"/>
      <shelf name="non-fiction-to-read" count="4"/>
      <shelf name="tjed" count="4"/>
      <shelf name="saggi" count="4"/>
      <shelf name="abandoned" count="4"/>
      <shelf name="math" count="4"/>
      <shelf name="fisica" count="4"/>
      <shelf name="own-it" count="4"/>
      <shelf name="capra" count="4"/>
      <shelf name="scientific" count="4"/>
      <shelf name="theology" count="4"/>
      <shelf name="religious-studies" count="4"/>
      <shelf name="philosophical" count="4"/>
      <shelf name="on-hold" count="4"/>
      <shelf name="metaphysical" count="4"/>
      <shelf name="eastern-thought" count="4"/>
      <shelf name="religion-philosophy" count="3"/>
      <shelf name="shelfari-favorites" count="3"/>
      <shelf name="books" count="3"/>
      <shelf name="unread" count="3"/>
      <shelf name="shelfie-app-books" count="3"/>
      <shelf name="to-read-philosophy" count="3"/>
      <shelf name="philosophy-spirituality" count="3"/>
      <shelf name="misc" count="3"/>
      <shelf name="miscellaneous" count="3"/>
      <shelf name="purchased" count="3"/>
      <shelf name="fritjof-capra" count="3"/>
      <shelf name="dead-tree" count="3"/>
      <shelf name="philosphy" count="3"/>
      <shelf name="essays" count="3"/>
      <shelf name="favorite" count="3"/>
      <shelf name="self-help" count="3"/>
      <shelf name="have" count="3"/>
      <shelf name="science-and-math" count="3"/>
      <shelf name="oriente" count="3"/>
      <shelf name="dharma" count="3"/>
      <shelf name="inspirational" count="3"/>
      <shelf name="audiobooks" count="3"/>
      <shelf name="religious" count="3"/>
      <shelf name="esoteric" count="3"/>
      <shelf name="culture" count="3"/>
      <shelf name="divulgazione" count="3"/>
      <shelf name="complexity" count="3"/>
      <shelf name="enlightenment" count="3"/>
      <shelf name="thought" count="3"/>
  </popular_shelves>
  <book_links>
    <book_link>
  <id>8</id>
  <name>Libraries</name>
  <link>https://www.goodreads.com/book_link/follow/8</link>
</book_link>

  </book_links>
  <buy_links>
    <buy_link>
<id>1</id>
<name>Amazon</name>
<link>https://www.goodreads.com/book_link/follow/1</link>
</buy_link>
<buy_link>
<id>10</id>
<name>Audible</name>
<link>https://www.goodreads.com/book_link/follow/10</link>
</buy_link>
<buy_link>
<id>3</id>
<name>Barnes &amp; Noble</name>
<link>https://www.goodreads.com/book_link/follow/3</link>
</buy_link>
<buy_link>
<id>1027</id>
<name>Kobo</name>
<link>https://www.goodreads.com/book_link/follow/1027</link>
</buy_link>
<buy_link>
<id>2102</id>
<name>Apple iBooks</name>
<link>https://www.goodreads.com/book_link/follow/2102</link>
</buy_link>
<buy_link>
<id>8036</id>
<name>Google Play</name>
<link>https://www.goodreads.com/book_link/follow/8036</link>
</buy_link>
<buy_link>
<id>4</id>
<name>Abebooks</name>
<link>https://www.goodreads.com/book_link/follow/4</link>
</buy_link>
<buy_link>
<id>882</id>
<name>Book Depository</name>
<link>https://www.goodreads.com/book_link/follow/882</link>
</buy_link>
<buy_link>
<id>9</id>
<name>Indigo</name>
<link>https://www.goodreads.com/book_link/follow/9</link>
</buy_link>
<buy_link>
<id>2</id>
<name>Half.com</name>
<link>https://www.goodreads.com/book_link/follow/2</link>
</buy_link>
<buy_link>
<id>5</id>
<name>Alibris</name>
<link>https://www.goodreads.com/book_link/follow/5</link>
</buy_link>
<buy_link>
<id>107</id>
<name>Better World Books</name>
<link>https://www.goodreads.com/book_link/follow/107</link>
</buy_link>
<buy_link>
<id>7</id>
<name>IndieBound</name>
<link>https://www.goodreads.com/book_link/follow/7</link>
</buy_link>

  </buy_links>
  <series_works>
    
  </series_works>
  <similar_books>
          <book>
<id>64794</id>
<title><![CDATA[Dancing Wu Li Masters: An Overview of the New Physics (Perennial Classics)]]></title>
<title_without_series><![CDATA[Dancing Wu Li Masters: An Overview of the New Physics]]></title_without_series>
<link><![CDATA[https://www.goodreads.com/book/show/64794.Dancing_Wu_Li_Masters]]></link>
<small_image_url><![CDATA[https://images.gr-assets.com/books/1410138626s/64794.jpg]]></small_image_url>
<image_url><![CDATA[https://images.gr-assets.com/books/1410138626m/64794.jpg]]></image_url>
<num_pages></num_pages>
<work>
<id>1237369</id>
</work>
<isbn>0060959681</isbn>
<isbn13>9780060959685</isbn13>
<average_rating>4.02</average_rating>
<ratings_count>8403</ratings_count>
<publication_year>2001</publication_year>
<publication_month>8</publication_month>
<publication_day>1</publication_day>
<authors>
<author>
<id>26975</id>
<name>Gary Zukav</name>
<link><![CDATA[https://www.goodreads.com/author/show/26975.Gary_Zukav]]></link>
</author>
</authors>
</book>

          <book>
<id>204523</id>
<title><![CDATA[Wholeness and the Implicate Order]]></title>
<title_without_series><![CDATA[Wholeness and the Implicate Order]]></title_without_series>
<link><![CDATA[https://www.goodreads.com/book/show/204523.Wholeness_and_the_Implicate_Order]]></link>
<small_image_url><![CDATA[https://s.gr-assets.com/assets/nophoto/book/50x75-a91bf249278a81aabab721ef782c4a74.png]]></small_image_url>
<image_url><![CDATA[https://s.gr-assets.com/assets/nophoto/book/111x148-bcc042a9c91a29c1d680899eff700a03.png]]></image_url>
<num_pages>304</num_pages>
<work>
<id>2568077</id>
</work>
<isbn>0415289793</isbn>
<isbn13>9780415289795</isbn13>
<average_rating>4.27</average_rating>
<ratings_count>874</ratings_count>
<publication_year>2002</publication_year>
<publication_month>7</publication_month>
<publication_day>4</publication_day>
<authors>
<author>
<id>9809</id>
<name>David Bohm</name>
<link><![CDATA[https://www.goodreads.com/author/show/9809.David_Bohm]]></link>
</author>
</authors>
</book>

          <book>
<id>177176</id>
<title><![CDATA[Quantum Questions: Mystical Writings of the World's Great Physicists]]></title>
<title_without_series><![CDATA[Quantum Questions: Mystical Writings of the World's Great Physicists]]></title_without_series>
<link><![CDATA[https://www.goodreads.com/book/show/177176.Quantum_Questions]]></link>
<small_image_url><![CDATA[https://images.gr-assets.com/books/1344369867s/177176.jpg]]></small_image_url>
<image_url><![CDATA[https://images.gr-assets.com/books/1344369867m/177176.jpg]]></image_url>
<num_pages>224</num_pages>
<work>
<id>171167</id>
</work>
<isbn>1570627681</isbn>
<isbn13>9781570627682</isbn13>
<average_rating>3.94</average_rating>
<ratings_count>414</ratings_count>
<publication_year>2001</publication_year>
<publication_month>4</publication_month>
<publication_day>10</publication_day>
<authors>
<author>
<id>22075</id>
<name>Ken Wilber</name>
<link><![CDATA[https://www.goodreads.com/author/show/22075.Ken_Wilber]]></link>
</author>
</authors>
</book>

          <book>
<id>376895</id>
<title><![CDATA[Stalking the Wild Pendulum: On the Mechanics of Consciousness]]></title>
<title_without_series><![CDATA[Stalking the Wild Pendulum: On the Mechanics of Consciousness]]></title_without_series>
<link><![CDATA[https://www.goodreads.com/book/show/376895.Stalking_the_Wild_Pendulum]]></link>
<small_image_url><![CDATA[https://images.gr-assets.com/books/1405259997s/376895.jpg]]></small_image_url>
<image_url><![CDATA[https://images.gr-assets.com/books/1405259997m/376895.jpg]]></image_url>
<num_pages>208</num_pages>
<work>
<id>366739</id>
</work>
<isbn>0892812028</isbn>
<isbn13>9780892812028</isbn13>
<average_rating>4.25</average_rating>
<ratings_count>305</ratings_count>
<publication_year>1988</publication_year>
<publication_month>2</publication_month>
<publication_day>1</publication_day>
<authors>
<author>
<id>214052</id>
<name>Itzhak Bentov</name>
<link><![CDATA[https://www.goodreads.com/author/show/214052.Itzhak_Bentov]]></link>
</author>
</authors>
</book>

          <book>
<id>222652</id>
<title><![CDATA[The Quantum and the Lotus: A Journey to the Frontiers Where Science and Buddhism Meet]]></title>
<title_without_series><![CDATA[The Quantum and the Lotus: A Journey to the Frontiers Where Science and Buddhism Meet]]></title_without_series>
<link><![CDATA[https://www.goodreads.com/book/show/222652.The_Quantum_and_the_Lotus]]></link>
<small_image_url><![CDATA[https://s.gr-assets.com/assets/nophoto/book/50x75-a91bf249278a81aabab721ef782c4a74.png]]></small_image_url>
<image_url><![CDATA[https://s.gr-assets.com/assets/nophoto/book/111x148-bcc042a9c91a29c1d680899eff700a03.png]]></image_url>
<num_pages>320</num_pages>
<work>
<id>215628</id>
</work>
<isbn>1400080797</isbn>
<isbn13>9781400080793</isbn13>
<average_rating>4.14</average_rating>
<ratings_count>1129</ratings_count>
<publication_year>2004</publication_year>
<publication_month>10</publication_month>
<publication_day>26</publication_day>
<authors>
<author>
<id>55728</id>
<name>Matthieu Ricard</name>
<link><![CDATA[https://www.goodreads.com/author/show/55728.Matthieu_Ricard]]></link>
</author>
</authors>
</book>

          <book>
<id>319014</id>
<title>The Holographic Universe</title>
<title_without_series>The Holographic Universe</title_without_series>
<link><![CDATA[https://www.goodreads.com/book/show/319014.The_Holographic_Universe]]></link>
<small_image_url><![CDATA[https://s.gr-assets.com/assets/nophoto/book/50x75-a91bf249278a81aabab721ef782c4a74.png]]></small_image_url>
<image_url><![CDATA[https://s.gr-assets.com/assets/nophoto/book/111x148-bcc042a9c91a29c1d680899eff700a03.png]]></image_url>
<num_pages>352</num_pages>
<work>
<id>1842572</id>
</work>
<isbn>0060922583</isbn>
<isbn13>9780060922580</isbn13>
<average_rating>4.17</average_rating>
<ratings_count>6529</ratings_count>
<publication_year>1992</publication_year>
<publication_month>5</publication_month>
<publication_day>6</publication_day>
<authors>
<author>
<id>112838</id>
<name>Michael Talbot</name>
<link><![CDATA[https://www.goodreads.com/author/show/112838.Michael_Talbot]]></link>
</author>
</authors>
</book>

          <book>
<id>263006</id>
<title>God and the New Physics</title>
<title_without_series>God and the New Physics</title_without_series>
<link><![CDATA[https://www.goodreads.com/book/show/263006.God_and_the_New_Physics]]></link>
<small_image_url><![CDATA[https://images.gr-assets.com/books/1416788515s/263006.jpg]]></small_image_url>
<image_url><![CDATA[https://images.gr-assets.com/books/1416788515m/263006.jpg]]></image_url>
<num_pages>272</num_pages>
<work>
<id>1864708</id>
</work>
<isbn>0671528068</isbn>
<isbn13>9780671528065</isbn13>
<average_rating>3.93</average_rating>
<ratings_count>842</ratings_count>
<publication_year>1984</publication_year>
<publication_month>10</publication_month>
<publication_day>16</publication_day>
<authors>
<author>
<id>1876666</id>
<name>Paul Davies</name>
<link><![CDATA[https://www.goodreads.com/author/show/1876666.Paul_Davies]]></link>
</author>
</authors>
</book>

          <book>
<id>179504</id>
<title>The ABC of Relativity</title>
<title_without_series>The ABC of Relativity</title_without_series>
<link><![CDATA[https://www.goodreads.com/book/show/179504.The_ABC_of_Relativity]]></link>
<small_image_url><![CDATA[https://images.gr-assets.com/books/1356130106s/179504.jpg]]></small_image_url>
<image_url><![CDATA[https://images.gr-assets.com/books/1356130106m/179504.jpg]]></image_url>
<num_pages>155</num_pages>
<work>
<id>1200871</id>
</work>
<isbn>0415154294</isbn>
<isbn13>9780415154291</isbn13>
<average_rating>3.92</average_rating>
<ratings_count>735</ratings_count>
<publication_year>2001</publication_year>
<publication_month>9</publication_month>
<publication_day>21</publication_day>
<authors>
<author>
<id>17854</id>
<name>Bertrand Russell</name>
<link><![CDATA[https://www.goodreads.com/author/show/17854.Bertrand_Russell]]></link>
</author>
</authors>
</book>

          <book>
<id>320132</id>
<title><![CDATA[The Field: The Quest for the Secret Force of the Universe]]></title>
<title_without_series><![CDATA[The Field: The Quest for the Secret Force of the Universe]]></title_without_series>
<link><![CDATA[https://www.goodreads.com/book/show/320132.The_Field]]></link>
<small_image_url><![CDATA[https://images.gr-assets.com/books/1420954041s/320132.jpg]]></small_image_url>
<image_url><![CDATA[https://images.gr-assets.com/books/1420954041m/320132.jpg]]></image_url>
<num_pages>268</num_pages>
<work>
<id>310890</id>
</work>
<isbn>0060931175</isbn>
<isbn13>9780060931179</isbn13>
<average_rating>4.14</average_rating>
<ratings_count>4107</ratings_count>
<publication_year>2003</publication_year>
<publication_month>8</publication_month>
<publication_day>5</publication_day>
<authors>
<author>
<id>183930</id>
<name>Lynne McTaggart</name>
<link><![CDATA[https://www.goodreads.com/author/show/183930.Lynne_McTaggart]]></link>
</author>
</authors>
</book>

          <book>
<id>556302</id>
<title><![CDATA[Intelligence in Nature: An Inquiry Into Knowledge]]></title>
<title_without_series><![CDATA[Intelligence in Nature: An Inquiry Into Knowledge]]></title_without_series>
<link><![CDATA[https://www.goodreads.com/book/show/556302.Intelligence_in_Nature]]></link>
<small_image_url><![CDATA[https://images.gr-assets.com/books/1309199641s/556302.jpg]]></small_image_url>
<image_url><![CDATA[https://images.gr-assets.com/books/1309199641m/556302.jpg]]></image_url>
<num_pages></num_pages>
<work>
<id>543505</id>
</work>
<isbn>1585424617</isbn>
<isbn13>9781585424610</isbn13>
<average_rating>3.86</average_rating>
<ratings_count>465</ratings_count>
<publication_year></publication_year>
<publication_month></publication_month>
<publication_day></publication_day>
<authors>
<author>
<id>121059</id>
<name>Jeremy Narby</name>
<link><![CDATA[https://www.goodreads.com/author/show/121059.Jeremy_Narby]]></link>
</author>
</authors>
</book>

          <book>
<id>111185</id>
<title><![CDATA[Physics and Philosophy: The Revolution in Modern Science]]></title>
<title_without_series><![CDATA[Physics and Philosophy: The Revolution in Modern Science]]></title_without_series>
<link><![CDATA[https://www.goodreads.com/book/show/111185.Physics_and_Philosophy]]></link>
<small_image_url><![CDATA[https://images.gr-assets.com/books/1380948980s/111185.jpg]]></small_image_url>
<image_url><![CDATA[https://images.gr-assets.com/books/1380948980m/111185.jpg]]></image_url>
<num_pages>176</num_pages>
<work>
<id>107096</id>
</work>
<isbn>0141182156</isbn>
<isbn13>9780141182155</isbn13>
<average_rating>4.02</average_rating>
<ratings_count>1677</ratings_count>
<publication_year>2000</publication_year>
<publication_month>8</publication_month>
<publication_day>3</publication_day>
<authors>
<author>
<id>64309</id>
<name>Werner Heisenberg</name>
<link><![CDATA[https://www.goodreads.com/author/show/64309.Werner_Heisenberg]]></link>
</author>
</authors>
</book>

          <book>
<id>181821</id>
<title><![CDATA[Science and the Akashic Field: An Integral Theory of Everything]]></title>
<title_without_series><![CDATA[Science and the Akashic Field: An Integral Theory of Everything]]></title_without_series>
<link><![CDATA[https://www.goodreads.com/book/show/181821.Science_and_the_Akashic_Field]]></link>
<small_image_url><![CDATA[https://images.gr-assets.com/books/1347530358s/181821.jpg]]></small_image_url>
<image_url><![CDATA[https://images.gr-assets.com/books/1347530358m/181821.jpg]]></image_url>
<num_pages>194</num_pages>
<work>
<id>175693</id>
</work>
<isbn>1594770425</isbn>
<isbn13>9781594770425</isbn13>
<average_rating>3.94</average_rating>
<ratings_count>528</ratings_count>
<publication_year>2004</publication_year>
<publication_month>9</publication_month>
<publication_day>23</publication_day>
<authors>
<author>
<id>56314</id>
<name>Ervin Laszlo</name>
<link><![CDATA[https://www.goodreads.com/author/show/56314.Ervin_Laszlo]]></link>
</author>
</authors>
</book>

          <book>
<id>2109</id>
<title><![CDATA[The World Treasury of Physics, Astronomy & Mathematics from Albert Einstein to Stephen W. Hawking & from Annie Dillard to John Updike]]></title>
<title_without_series><![CDATA[The World Treasury of Physics, Astronomy & Mathematics from Albert Einstein to Stephen W. Hawking & from Annie Dillard to John Updike]]></title_without_series>
<link><![CDATA[https://www.goodreads.com/book/show/2109.The_World_Treasury_of_Physics_Astronomy_Mathematics_from_Albert_Einstein_to_Stephen_W_Hawking_from_Annie_Dillard_to_John_Updike]]></link>
<small_image_url><![CDATA[https://s.gr-assets.com/assets/nophoto/book/50x75-a91bf249278a81aabab721ef782c4a74.png]]></small_image_url>
<image_url><![CDATA[https://s.gr-assets.com/assets/nophoto/book/111x148-bcc042a9c91a29c1d680899eff700a03.png]]></image_url>
<num_pages>859</num_pages>
<work>
<id>425793</id>
</work>
<isbn>0316281336</isbn>
<isbn13>9780316281331</isbn13>
<average_rating>4.08</average_rating>
<ratings_count>387</ratings_count>
<publication_year>1993</publication_year>
<publication_month>6</publication_month>
<publication_day>30</publication_day>
<authors>
<author>
<id>4220886</id>
<name>Timothy Ferris</name>
<link><![CDATA[https://www.goodreads.com/author/show/4220886.Timothy_Ferris]]></link>
</author>
</authors>
</book>

          <book>
<id>783285</id>
<title><![CDATA[Order Out of Chaos: Man's New Dialogue with Nature]]></title>
<title_without_series><![CDATA[Order Out of Chaos: Man's New Dialogue with Nature]]></title_without_series>
<link><![CDATA[https://www.goodreads.com/book/show/783285.Order_Out_of_Chaos]]></link>
<small_image_url><![CDATA[https://images.gr-assets.com/books/1353074531s/783285.jpg]]></small_image_url>
<image_url><![CDATA[https://images.gr-assets.com/books/1353074531m/783285.jpg]]></image_url>
<num_pages>349</num_pages>
<work>
<id>862420</id>
</work>
<isbn>0553340824</isbn>
<isbn13>9780553340822</isbn13>
<average_rating>3.99</average_rating>
<ratings_count>301</ratings_count>
<publication_year>1984</publication_year>
<publication_month>4</publication_month>
<publication_day></publication_day>
<authors>
<author>
<id>178375</id>
<name>Ilya Prigogine</name>
<link><![CDATA[https://www.goodreads.com/author/show/178375.Ilya_Prigogine]]></link>
</author>
</authors>
</book>

          <book>
<id>6254807</id>
<title><![CDATA[Deciphering the Cosmic Number: The Strange Friendship of Wolfgang Pauli and Carl Jung]]></title>
<title_without_series><![CDATA[Deciphering the Cosmic Number: The Strange Friendship of Wolfgang Pauli and Carl Jung]]></title_without_series>
<link><![CDATA[https://www.goodreads.com/book/show/6254807-deciphering-the-cosmic-number]]></link>
<small_image_url><![CDATA[https://s.gr-assets.com/assets/nophoto/book/50x75-a91bf249278a81aabab721ef782c4a74.png]]></small_image_url>
<image_url><![CDATA[https://s.gr-assets.com/assets/nophoto/book/111x148-bcc042a9c91a29c1d680899eff700a03.png]]></image_url>
<num_pages>368</num_pages>
<work>
<id>6437870</id>
</work>
<isbn>0393065324</isbn>
<isbn13>9780393065329</isbn13>
<average_rating>3.80</average_rating>
<ratings_count>166</ratings_count>
<publication_year>2009</publication_year>
<publication_month>4</publication_month>
<publication_day>27</publication_day>
<authors>
<author>
<id>57947</id>
<name>Arthur I. Miller</name>
<link><![CDATA[https://www.goodreads.com/author/show/57947.Arthur_I_Miller]]></link>
</author>
</authors>
</book>

          <book>
<id>530451</id>
<title>The Spirit of Zen</title>
<title_without_series>The Spirit of Zen</title_without_series>
<link><![CDATA[https://www.goodreads.com/book/show/530451.The_Spirit_of_Zen]]></link>
<small_image_url><![CDATA[https://s.gr-assets.com/assets/nophoto/book/50x75-a91bf249278a81aabab721ef782c4a74.png]]></small_image_url>
<image_url><![CDATA[https://s.gr-assets.com/assets/nophoto/book/111x148-bcc042a9c91a29c1d680899eff700a03.png]]></image_url>
<num_pages>144</num_pages>
<work>
<id>235999</id>
</work>
<isbn>0802130569</isbn>
<isbn13>9780802130563</isbn13>
<average_rating>3.95</average_rating>
<ratings_count>404</ratings_count>
<publication_year>1994</publication_year>
<publication_month>1</publication_month>
<publication_day>14</publication_day>
<authors>
<author>
<id>1501668</id>
<name>Alan W. Watts</name>
<link><![CDATA[https://www.goodreads.com/author/show/1501668.Alan_W_Watts]]></link>
</author>
</authors>
</book>

          <book>
<id>64555</id>
<title><![CDATA[Taking the Quantum Leap: The New Physics for Nonscientists]]></title>
<title_without_series><![CDATA[Taking the Quantum Leap: The New Physics for Nonscientists]]></title_without_series>
<link><![CDATA[https://www.goodreads.com/book/show/64555.Taking_the_Quantum_Leap]]></link>
<small_image_url><![CDATA[https://s.gr-assets.com/assets/nophoto/book/50x75-a91bf249278a81aabab721ef782c4a74.png]]></small_image_url>
<image_url><![CDATA[https://s.gr-assets.com/assets/nophoto/book/111x148-bcc042a9c91a29c1d680899eff700a03.png]]></image_url>
<num_pages>304</num_pages>
<work>
<id>62665</id>
</work>
<isbn>0060963107</isbn>
<isbn13>9780060963101</isbn13>
<average_rating>4.09</average_rating>
<ratings_count>363</ratings_count>
<publication_year>1989</publication_year>
<publication_month>1</publication_month>
<publication_day>25</publication_day>
<authors>
<author>
<id>6210862</id>
<name>Fred Alan Wolf</name>
<link><![CDATA[https://www.goodreads.com/author/show/6210862.Fred_Alan_Wolf]]></link>
</author>
</authors>
</book>

          <book>
<id>100027</id>
<title><![CDATA[Quantum Enigma: Physics Encounters Consciousness]]></title>
<title_without_series><![CDATA[Quantum Enigma: Physics Encounters Consciousness]]></title_without_series>
<link><![CDATA[https://www.goodreads.com/book/show/100027.Quantum_Enigma]]></link>
<small_image_url><![CDATA[https://s.gr-assets.com/assets/nophoto/book/50x75-a91bf249278a81aabab721ef782c4a74.png]]></small_image_url>
<image_url><![CDATA[https://s.gr-assets.com/assets/nophoto/book/111x148-bcc042a9c91a29c1d680899eff700a03.png]]></image_url>
<num_pages>211</num_pages>
<work>
<id>96440</id>
</work>
<isbn>019517559X</isbn>
<isbn13>9780195175592</isbn13>
<average_rating>4.08</average_rating>
<ratings_count>1520</ratings_count>
<publication_year>2006</publication_year>
<publication_month>6</publication_month>
<publication_day>1</publication_day>
<authors>
<author>
<id>57686</id>
<name>Bruce Rosenblum</name>
<link><![CDATA[https://www.goodreads.com/author/show/57686.Bruce_Rosenblum]]></link>
</author>
</authors>
</book>

  </similar_books>
</book>

</GoodreadsResponse>