<?xml version="1.0" encoding="UTF-8"?>
<GoodreadsResponse>
  <Request>
    <authentication>true</authentication>
      <key><![CDATA[all_men_must_serve]]></key>
    <method><![CDATA[book_show]]></method>
  </Request>
  <book>
  <id>102439</id>
  <title>Rainbows End</title>
  <isbn><![CDATA[0812536363]]></isbn>
  <isbn13><![CDATA[9780812536362]]></isbn13>
  <asin><![CDATA[]]></asin>
  <kindle_asin><![CDATA[B006L7RAPO]]></kindle_asin>
  <marketplace_id><![CDATA[A1F83G8C2ARO7P]]></marketplace_id>
  <country_code><![CDATA[GB]]></country_code>
  <image_url>https://images.gr-assets.com/books/1316729149m/102439.jpg</image_url>
  <small_image_url>https://images.gr-assets.com/books/1316729149s/102439.jpg</small_image_url>
  <publication_year>2007</publication_year>
  <publication_month>4</publication_month>
  <publication_day>3</publication_day>
  <publisher>Tor Science Fiction</publisher>
  <language_code>eng</language_code>
  <is_ebook>false</is_ebook>
  <description><![CDATA[Robert Gu is a recovering Alzheimer's patient. The world that he remembers was much as we know it today. Now, as he regains his faculties through a cure developed during the years of his near-fatal decline, he discovers that the world has changed and so has his place in it. He was a world-renowned poet. Now he is seventy-five years old, though by a medical miracle he looks much younger, and he’s starting over, for the first time unsure of his poetic gifts. Living with his son’s family, he has no choice but to learn how to cope with a new information age in which the virtual and the real are a seamless continuum, layers of reality built on digital views seen by a single person or millions, depending on your choice. But the consensus reality of the digital world is available only if, like his thirteen-year-old granddaughter Miri, you know how to wear your wireless access—through nodes designed into smart clothes—and to see the digital context—through smart contact lenses. <br /><br />With knowledge comes risk. When Robert begins to re-train at Fairmont High, learning with other older people what is second nature to Miri and other teens at school, he unwittingly becomes part of a wide-ranging conspiracy to use technology as a tool for world domination. <br /><br />In a world where every computer chip has Homeland Security built-in, this conspiracy is something that baffles even the most sophisticated security analysts, including Robert’s son and daughter-in law, two top people in the U.S. military. And even Miri, in her attempts to protect her grandfather, may be entangled in the plot. <br /><br />As Robert becomes more deeply involved in conspiracy, he is shocked to learn of a radical change planned for the UCSD Geisel Library; all the books there, and worldwide, would cease to physically exist. He and his fellow re-trainees feel compelled to join protests against the change. With forces around the world converging on San Diego, both the conspiracy and the protest climax in a spectacular moment as unique and satisfying as it is unexpected.]]></description>
  <work>
  <id type="integer">3101132</id>
  <books_count type="integer">28</books_count>
  <best_book_id type="integer">102439</best_book_id>
  <reviews_count type="integer">23113</reviews_count>
  <ratings_sum type="integer">49919</ratings_sum>
  <ratings_count type="integer">13280</ratings_count>
  <text_reviews_count type="integer">805</text_reviews_count>
  <original_publication_year type="integer">2006</original_publication_year>
  <original_publication_month type="integer" nil="true"/>
  <original_publication_day type="integer" nil="true"/>
  <original_title>Rainbows End</original_title>
  <original_language_id type="integer" nil="true"/>
  <media_type>book</media_type>
  <rating_dist>5:3387|4:4956|3:3592|2:1039|1:306|total:13280</rating_dist>
  <desc_user_id type="integer">-30</desc_user_id>
  <default_chaptering_book_id type="integer" nil="true"/>
  <default_description_language_code nil="true"/>
</work>
  <average_rating>3.76</average_rating>
  <num_pages><![CDATA[381]]></num_pages>
  <format><![CDATA[Paperback]]></format>
  <edition_information><![CDATA[]]></edition_information>
  <ratings_count><![CDATA[12321]]></ratings_count>
  <text_reviews_count><![CDATA[717]]></text_reviews_count>
  <url><![CDATA[https://www.goodreads.com/book/show/102439.Rainbows_End]]></url>
  <link><![CDATA[https://www.goodreads.com/book/show/102439.Rainbows_End]]></link>
  <authors>
<author>
<id>44037</id>
<name>Vernor Vinge</name>
<role></role>
<image_url nophoto='false'>
<![CDATA[https://images.gr-assets.com/authors/1215099239p5/44037.jpg]]>
</image_url>
<small_image_url nophoto='false'>
<![CDATA[https://images.gr-assets.com/authors/1215099239p2/44037.jpg]]>
</small_image_url>
<link><![CDATA[https://www.goodreads.com/author/show/44037.Vernor_Vinge]]></link>
<average_rating>4.07</average_rating>
<ratings_count>100628</ratings_count>
<text_reviews_count>4638</text_reviews_count>
</author>
</authors>

    <reviews_widget>
      <![CDATA[
        <style>
  #goodreads-widget {
    font-family: georgia, serif;
    padding: 18px 0;
    width:565px;
  }
  #goodreads-widget h1 {
    font-weight:normal;
    font-size: 16px;
    border-bottom: 1px solid #BBB596;
    margin-bottom: 0;
  }
  #goodreads-widget a {
    text-decoration: none;
    color:#660;
  }
  iframe{
    background-color: #fff;
  }
  #goodreads-widget a:hover { text-decoration: underline; }
  #goodreads-widget a:active {
    color:#660;
  }
  #gr_footer {
    width: 100%;
    border-top: 1px solid #BBB596;
    text-align: right;
  }
  #goodreads-widget .gr_branding{
    color: #382110;
    font-size: 11px;
    text-decoration: none;
    font-family: "Helvetica Neue", Helvetica, Arial, sans-serif;
  }
</style>
<div id="goodreads-widget">
  <div id="gr_header"><h1><a rel="nofollow" href="https://www.goodreads.com/book/show/102439.Rainbows_End">Rainbows End Reviews</a></h1></div>
  <iframe id="the_iframe" src="https://www.goodreads.com/api/reviews_widget_iframe?did=DEVELOPER_ID&amp;format=html&amp;isbn=0812536363&amp;links=660&amp;min_rating=&amp;review_back=fff&amp;stars=000&amp;text=000" width="565" height="400" frameborder="0"></iframe>
  <div id="gr_footer">
    <a class="gr_branding" target="_blank" rel="nofollow" href="https://www.goodreads.com/book/show/102439.Rainbows_End?utm_medium=api&amp;utm_source=reviews_widget">Reviews from Goodreads.com</a>
  </div>
</div>

      ]]>
    </reviews_widget>
  <popular_shelves>
      <shelf name="to-read" count="4915"/>
      <shelf name="science-fiction" count="615"/>
      <shelf name="sci-fi" count="390"/>
      <shelf name="currently-reading" count="312"/>
      <shelf name="fiction" count="220"/>
      <shelf name="scifi" count="158"/>
      <shelf name="sf" count="116"/>
      <shelf name="hugo" count="70"/>
      <shelf name="cyberpunk" count="68"/>
      <shelf name="hugo-winners" count="66"/>
      <shelf name="owned" count="52"/>
      <shelf name="favorites" count="45"/>
      <shelf name="hugo-award" count="39"/>
      <shelf name="hugo-award-winners" count="35"/>
      <shelf name="sci-fi-fantasy" count="35"/>
      <shelf name="default" count="30"/>
      <shelf name="speculative-fiction" count="26"/>
      <shelf name="abandoned" count="25"/>
      <shelf name="hugo-winner" count="22"/>
      <shelf name="library" count="21"/>
      <shelf name="scifi-fantasy" count="20"/>
      <shelf name="ebook" count="19"/>
      <shelf name="fantasy" count="17"/>
      <shelf name="kindle" count="16"/>
      <shelf name="science" count="16"/>
      <shelf name="near-future" count="14"/>
      <shelf name="to-buy" count="14"/>
      <shelf name="book-club" count="14"/>
      <shelf name="hugo-awards" count="13"/>
      <shelf name="audiobook" count="13"/>
      <shelf name="ebooks" count="13"/>
      <shelf name="novels" count="12"/>
      <shelf name="science-fiction-fantasy" count="12"/>
      <shelf name="unfinished" count="12"/>
      <shelf name="sff" count="12"/>
      <shelf name="owned-books" count="11"/>
      <shelf name="ciencia-ficcion" count="11"/>
      <shelf name="singularity" count="11"/>
      <shelf name="sf-fantasy" count="10"/>
      <shelf name="locus-sci-fi" count="10"/>
      <shelf name="to-read-sci-fi" count="10"/>
      <shelf name="locus" count="10"/>
      <shelf name="hugos" count="10"/>
      <shelf name="audible" count="10"/>
      <shelf name="books-i-own" count="10"/>
      <shelf name="hard-science-fiction" count="9"/>
      <shelf name="gave-up" count="9"/>
      <shelf name="hugo-nebula" count="9"/>
      <shelf name="hard-sci-fi" count="8"/>
      <shelf name="future" count="8"/>
      <shelf name="speculative" count="8"/>
      <shelf name="hard-sf" count="8"/>
      <shelf name="audiobooks" count="8"/>
      <shelf name="locus-award" count="8"/>
      <shelf name="novel" count="8"/>
      <shelf name="wish-list" count="8"/>
      <shelf name="dnf" count="7"/>
      <shelf name="to-read-scifi" count="7"/>
      <shelf name="hugo-award-winner" count="7"/>
      <shelf name="hugo-nominee" count="7"/>
      <shelf name="own-it" count="7"/>
      <shelf name="dystopia" count="7"/>
      <shelf name="to-read-fiction" count="6"/>
      <shelf name="calibre" count="6"/>
      <shelf name="sci-fi-to-read" count="6"/>
      <shelf name="locus-winners" count="6"/>
      <shelf name="books" count="6"/>
      <shelf name="fantasy-scifi" count="6"/>
      <shelf name="virtual-reality" count="6"/>
      <shelf name="literature" count="6"/>
      <shelf name="sciencefiction" count="6"/>
      <shelf name="award-winner" count="6"/>
      <shelf name="fun-reads" count="5"/>
      <shelf name="hugo-best-novel" count="5"/>
      <shelf name="reviewed" count="5"/>
      <shelf name="dystopian" count="5"/>
      <shelf name="american" count="5"/>
      <shelf name="want" count="5"/>
      <shelf name="spec-fic" count="5"/>
      <shelf name="futurism" count="5"/>
      <shelf name="2000s" count="5"/>
      <shelf name="sci-fi-and-fantasy" count="5"/>
      <shelf name="2006" count="5"/>
      <shelf name="sf-f" count="5"/>
      <shelf name="internet" count="5"/>
      <shelf name="gave-up-on" count="5"/>
      <shelf name="dropped" count="4"/>
      <shelf name="locus-sf" count="4"/>
      <shelf name="grt-scifi" count="4"/>
      <shelf name="to-read-sf" count="4"/>
      <shelf name="scify-geniuses" count="4"/>
      <shelf name="asmartread" count="4"/>
      <shelf name="someday" count="4"/>
      <shelf name="to-purchase" count="4"/>
      <shelf name="great-ideas2" count="4"/>
      <shelf name="read-soon" count="4"/>
      <shelf name="great-ideas" count="4"/>
      <shelf name="myfavorites" count="4"/>
      <shelf name="favorite-suthors" count="4"/>
      <shelf name="physical" count="4"/>
  </popular_shelves>
  <book_links>
    <book_link>
  <id>8</id>
  <name>Libraries</name>
  <link>https://www.goodreads.com/book_link/follow/8</link>
</book_link>

  </book_links>
  <buy_links>
    <buy_link>
<id>1</id>
<name>Amazon</name>
<link>https://www.goodreads.com/book_link/follow/1</link>
</buy_link>
<buy_link>
<id>10</id>
<name>Audible</name>
<link>https://www.goodreads.com/book_link/follow/10</link>
</buy_link>
<buy_link>
<id>3</id>
<name>Barnes &amp; Noble</name>
<link>https://www.goodreads.com/book_link/follow/3</link>
</buy_link>
<buy_link>
<id>1027</id>
<name>Kobo</name>
<link>https://www.goodreads.com/book_link/follow/1027</link>
</buy_link>
<buy_link>
<id>2102</id>
<name>Apple iBooks</name>
<link>https://www.goodreads.com/book_link/follow/2102</link>
</buy_link>
<buy_link>
<id>8036</id>
<name>Google Play</name>
<link>https://www.goodreads.com/book_link/follow/8036</link>
</buy_link>
<buy_link>
<id>4</id>
<name>Abebooks</name>
<link>https://www.goodreads.com/book_link/follow/4</link>
</buy_link>
<buy_link>
<id>882</id>
<name>Book Depository</name>
<link>https://www.goodreads.com/book_link/follow/882</link>
</buy_link>
<buy_link>
<id>9</id>
<name>Indigo</name>
<link>https://www.goodreads.com/book_link/follow/9</link>
</buy_link>
<buy_link>
<id>2</id>
<name>Half.com</name>
<link>https://www.goodreads.com/book_link/follow/2</link>
</buy_link>
<buy_link>
<id>5</id>
<name>Alibris</name>
<link>https://www.goodreads.com/book_link/follow/5</link>
</buy_link>
<buy_link>
<id>107</id>
<name>Better World Books</name>
<link>https://www.goodreads.com/book_link/follow/107</link>
</buy_link>
<buy_link>
<id>7</id>
<name>IndieBound</name>
<link>https://www.goodreads.com/book_link/follow/7</link>
</buy_link>

  </buy_links>
  <series_works>
    
  </series_works>
  <similar_books>
          <book>
<id>754001</id>
<title>They&apos;d Rather Be Right </title>
<title_without_series>They&apos;d Rather Be Right</title_without_series>
<link><![CDATA[https://www.goodreads.com/book/show/754001.They_d_Rather_Be_Right]]></link>
<small_image_url><![CDATA[https://images.gr-assets.com/books/1325043314s/754001.jpg]]></small_image_url>
<image_url><![CDATA[https://images.gr-assets.com/books/1325043314m/754001.jpg]]></image_url>
<num_pages>173</num_pages>
<work>
<id>740120</id>
</work>
<isbn>0898651654</isbn>
<isbn13>9780898651652</isbn13>
<average_rating>3.10</average_rating>
<ratings_count>760</ratings_count>
<publication_year>1981</publication_year>
<publication_month></publication_month>
<publication_day></publication_day>
<authors>
<author>
<id>86217</id>
<name>Mark Clifton</name>
<link><![CDATA[https://www.goodreads.com/author/show/86217.Mark_Clifton]]></link>
</author>
</authors>
</book>

          <book>
<id>218709</id>
<title>The Wanderer</title>
<title_without_series>The Wanderer</title_without_series>
<link><![CDATA[https://www.goodreads.com/book/show/218709.The_Wanderer]]></link>
<small_image_url><![CDATA[https://s.gr-assets.com/assets/nophoto/book/50x75-a91bf249278a81aabab721ef782c4a74.png]]></small_image_url>
<image_url><![CDATA[https://s.gr-assets.com/assets/nophoto/book/111x148-bcc042a9c91a29c1d680899eff700a03.png]]></image_url>
<num_pages>348</num_pages>
<work>
<id>830806</id>
</work>
<isbn>0575071125</isbn>
<isbn13>9780575071124</isbn13>
<average_rating>3.47</average_rating>
<ratings_count>2303</ratings_count>
<publication_year>2001</publication_year>
<publication_month>12</publication_month>
<publication_day>31</publication_day>
<authors>
<author>
<id>23001</id>
<name>Fritz Leiber</name>
<link><![CDATA[https://www.goodreads.com/author/show/23001.Fritz_Leiber]]></link>
</author>
</authors>
</book>

          <book>
<id>123673</id>
<title><![CDATA[A Case of Conscience (After Such Knowledge, #4)]]></title>
<title_without_series>A Case of Conscience</title_without_series>
<link><![CDATA[https://www.goodreads.com/book/show/123673.A_Case_of_Conscience]]></link>
<small_image_url><![CDATA[https://s.gr-assets.com/assets/nophoto/book/50x75-a91bf249278a81aabab721ef782c4a74.png]]></small_image_url>
<image_url><![CDATA[https://s.gr-assets.com/assets/nophoto/book/111x148-bcc042a9c91a29c1d680899eff700a03.png]]></image_url>
<num_pages>256</num_pages>
<work>
<id>743090</id>
</work>
<isbn>0345438353</isbn>
<isbn13>9780345438355</isbn13>
<average_rating>3.66</average_rating>
<ratings_count>4281</ratings_count>
<publication_year>2000</publication_year>
<publication_month>9</publication_month>
<publication_day>5</publication_day>
<authors>
<author>
<id>43625</id>
<name>James Blish</name>
<link><![CDATA[https://www.goodreads.com/author/show/43625.James_Blish]]></link>
</author>
</authors>
</book>

          <book>
<id>139986</id>
<title><![CDATA[The Snow Queen (The Snow Queen Cycle, #1)]]></title>
<title_without_series>The Snow Queen</title_without_series>
<link><![CDATA[https://www.goodreads.com/book/show/139986.The_Snow_Queen]]></link>
<small_image_url><![CDATA[https://s.gr-assets.com/assets/nophoto/book/50x75-a91bf249278a81aabab721ef782c4a74.png]]></small_image_url>
<image_url><![CDATA[https://s.gr-assets.com/assets/nophoto/book/111x148-bcc042a9c91a29c1d680899eff700a03.png]]></image_url>
<num_pages></num_pages>
<work>
<id>522872</id>
</work>
<isbn>0446676640</isbn>
<isbn13>9780446676649</isbn13>
<average_rating>3.95</average_rating>
<ratings_count>10099</ratings_count>
<publication_year></publication_year>
<publication_month></publication_month>
<publication_day></publication_day>
<authors>
<author>
<id>32279</id>
<name>Joan D. Vinge</name>
<link><![CDATA[https://www.goodreads.com/author/show/32279.Joan_D_Vinge]]></link>
</author>
</authors>
</book>

          <book>
<id>17866</id>
<title>Glasshouse</title>
<title_without_series>Glasshouse</title_without_series>
<link><![CDATA[https://www.goodreads.com/book/show/17866.Glasshouse]]></link>
<small_image_url><![CDATA[https://s.gr-assets.com/assets/nophoto/book/50x75-a91bf249278a81aabab721ef782c4a74.png]]></small_image_url>
<image_url><![CDATA[https://s.gr-assets.com/assets/nophoto/book/111x148-bcc042a9c91a29c1d680899eff700a03.png]]></image_url>
<num_pages>335</num_pages>
<work>
<id>930588</id>
</work>
<isbn>0441014038</isbn>
<isbn13>9780441014033</isbn13>
<average_rating>3.87</average_rating>
<ratings_count>9261</ratings_count>
<publication_year></publication_year>
<publication_month></publication_month>
<publication_day></publication_day>
<authors>
<author>
<id>8794</id>
<name>Charles Stross</name>
<link><![CDATA[https://www.goodreads.com/author/show/8794.Charles_Stross]]></link>
</author>
</authors>
</book>

          <book>
<id>264946</id>
<title><![CDATA[Hominids (Neanderthal Parallax, #1)]]></title>
<title_without_series>Hominids</title_without_series>
<link><![CDATA[https://www.goodreads.com/book/show/264946.Hominids]]></link>
<small_image_url><![CDATA[https://s.gr-assets.com/assets/nophoto/book/50x75-a91bf249278a81aabab721ef782c4a74.png]]></small_image_url>
<image_url><![CDATA[https://s.gr-assets.com/assets/nophoto/book/111x148-bcc042a9c91a29c1d680899eff700a03.png]]></image_url>
<num_pages>444</num_pages>
<work>
<id>1500323</id>
</work>
<isbn>0765345005</isbn>
<isbn13>9780765345004</isbn13>
<average_rating>3.77</average_rating>
<ratings_count>9792</ratings_count>
<publication_year>2003</publication_year>
<publication_month>2</publication_month>
<publication_day>17</publication_day>
<authors>
<author>
<id>25883</id>
<name>Robert J. Sawyer</name>
<link><![CDATA[https://www.goodreads.com/author/show/25883.Robert_J_Sawyer]]></link>
</author>
</authors>
</book>

          <book>
<id>968827</id>
<title><![CDATA[Where Late the Sweet Birds Sang]]></title>
<title_without_series><![CDATA[Where Late the Sweet Birds Sang]]></title_without_series>
<link><![CDATA[https://www.goodreads.com/book/show/968827.Where_Late_the_Sweet_Birds_Sang]]></link>
<small_image_url><![CDATA[https://images.gr-assets.com/books/1460999710s/968827.jpg]]></small_image_url>
<image_url><![CDATA[https://images.gr-assets.com/books/1460999710m/968827.jpg]]></image_url>
<num_pages>251</num_pages>
<work>
<id>953721</id>
</work>
<isbn>0060146540</isbn>
<isbn13>9780060146542</isbn13>
<average_rating>3.87</average_rating>
<ratings_count>7046</ratings_count>
<publication_year>1977</publication_year>
<publication_month>12</publication_month>
<publication_day>1</publication_day>
<authors>
<author>
<id>48885</id>
<name>Kate Wilhelm</name>
<link><![CDATA[https://www.goodreads.com/author/show/48885.Kate_Wilhelm]]></link>
</author>
</authors>
</book>

          <book>
<id>834518</id>
<title>Cyteen (Cyteen, #1-3)</title>
<title_without_series>Cyteen</title_without_series>
<link><![CDATA[https://www.goodreads.com/book/show/834518.Cyteen]]></link>
<small_image_url><![CDATA[https://images.gr-assets.com/books/1316469389s/834518.jpg]]></small_image_url>
<image_url><![CDATA[https://images.gr-assets.com/books/1316469389m/834518.jpg]]></image_url>
<num_pages>680</num_pages>
<work>
<id>820134</id>
</work>
<isbn>0446671274</isbn>
<isbn13>9780446671279</isbn13>
<average_rating>3.99</average_rating>
<ratings_count>8424</ratings_count>
<publication_year>1995</publication_year>
<publication_month>9</publication_month>
<publication_day>1</publication_day>
<authors>
<author>
<id>989968</id>
<name>C.J. Cherryh</name>
<link><![CDATA[https://www.goodreads.com/author/show/989968.C_J_Cherryh]]></link>
</author>
</authors>
</book>

          <book>
<id>185829</id>
<title>The Execution Channel</title>
<title_without_series>The Execution Channel</title_without_series>
<link><![CDATA[https://www.goodreads.com/book/show/185829.The_Execution_Channel]]></link>
<small_image_url><![CDATA[https://images.gr-assets.com/books/1312035402s/185829.jpg]]></small_image_url>
<image_url><![CDATA[https://images.gr-assets.com/books/1312035402m/185829.jpg]]></image_url>
<num_pages>288</num_pages>
<work>
<id>2974564</id>
</work>
<isbn>0765313324</isbn>
<isbn13>9780765313324</isbn13>
<average_rating>3.44</average_rating>
<ratings_count>886</ratings_count>
<publication_year>2007</publication_year>
<publication_month>6</publication_month>
<publication_day>12</publication_day>
<authors>
<author>
<id>108281</id>
<name>Ken MacLeod</name>
<link><![CDATA[https://www.goodreads.com/author/show/108281.Ken_MacLeod]]></link>
</author>
</authors>
</book>

          <book>
<id>545004</id>
<title><![CDATA[The Mule: From Foundation And Empire]]></title>
<title_without_series><![CDATA[The Mule: From Foundation And Empire]]></title_without_series>
<link><![CDATA[https://www.goodreads.com/book/show/545004.The_Mule]]></link>
<small_image_url><![CDATA[https://s.gr-assets.com/assets/nophoto/book/50x75-a91bf249278a81aabab721ef782c4a74.png]]></small_image_url>
<image_url><![CDATA[https://s.gr-assets.com/assets/nophoto/book/111x148-bcc042a9c91a29c1d680899eff700a03.png]]></image_url>
<num_pages></num_pages>
<work>
<id>532289</id>
</work>
<isbn>089845154X</isbn>
<isbn13>9780898451542</isbn13>
<average_rating>4.28</average_rating>
<ratings_count>453</ratings_count>
<publication_year></publication_year>
<publication_month></publication_month>
<publication_day></publication_day>
<authors>
<author>
<id>16667</id>
<name>Isaac Asimov</name>
<link><![CDATA[https://www.goodreads.com/author/show/16667.Isaac_Asimov]]></link>
</author>
</authors>
</book>

          <book>
<id>263021</id>
<title>Dreamsnake</title>
<title_without_series>Dreamsnake</title_without_series>
<link><![CDATA[https://www.goodreads.com/book/show/263021.Dreamsnake]]></link>
<small_image_url><![CDATA[https://images.gr-assets.com/books/1440756641s/263021.jpg]]></small_image_url>
<image_url><![CDATA[https://images.gr-assets.com/books/1440756641m/263021.jpg]]></image_url>
<num_pages>312</num_pages>
<work>
<id>254960</id>
</work>
<isbn>0553296590</isbn>
<isbn13>9780553296594</isbn13>
<average_rating>3.85</average_rating>
<ratings_count>7126</ratings_count>
<publication_year>1994</publication_year>
<publication_month>9</publication_month>
<publication_day>1</publication_day>
<authors>
<author>
<id>23503</id>
<name>Vonda N. McIntyre</name>
<link><![CDATA[https://www.goodreads.com/author/show/23503.Vonda_N_McIntyre]]></link>
</author>
</authors>
</book>

          <book>
<id>243859</id>
<title>Stations of the Tide</title>
<title_without_series>Stations of the Tide</title_without_series>
<link><![CDATA[https://www.goodreads.com/book/show/243859.Stations_of_the_Tide]]></link>
<small_image_url><![CDATA[https://s.gr-assets.com/assets/nophoto/book/50x75-a91bf249278a81aabab721ef782c4a74.png]]></small_image_url>
<image_url><![CDATA[https://s.gr-assets.com/assets/nophoto/book/111x148-bcc042a9c91a29c1d680899eff700a03.png]]></image_url>
<num_pages>256</num_pages>
<work>
<id>236257</id>
</work>
<isbn>0380817616</isbn>
<isbn13>9780380817610</isbn13>
<average_rating>3.73</average_rating>
<ratings_count>1875</ratings_count>
<publication_year>2001</publication_year>
<publication_month>3</publication_month>
<publication_day>1</publication_day>
<authors>
<author>
<id>14454</id>
<name>Michael Swanwick</name>
<link><![CDATA[https://www.goodreads.com/author/show/14454.Michael_Swanwick]]></link>
</author>
</authors>
</book>

          <book>
<id>13827</id>
<title>This Immortal</title>
<title_without_series>This Immortal</title_without_series>
<link><![CDATA[https://www.goodreads.com/book/show/13827.This_Immortal]]></link>
<small_image_url><![CDATA[https://images.gr-assets.com/books/1304429213s/13827.jpg]]></small_image_url>
<image_url><![CDATA[https://images.gr-assets.com/books/1304429213m/13827.jpg]]></image_url>
<num_pages>216</num_pages>
<work>
<id>1174485</id>
</work>
<isbn>0671698486</isbn>
<isbn13>9780671698485</isbn13>
<average_rating>3.94</average_rating>
<ratings_count>8179</ratings_count>
<publication_year>1989</publication_year>
<publication_month></publication_month>
<publication_day></publication_day>
<authors>
<author>
<id>3619</id>
<name>Roger Zelazny</name>
<link><![CDATA[https://www.goodreads.com/author/show/3619.Roger_Zelazny]]></link>
</author>
</authors>
</book>

          <book>
<id>6506307</id>
<title>Blackout (All Clear, #1)</title>
<title_without_series>Blackout</title_without_series>
<link><![CDATA[https://www.goodreads.com/book/show/6506307-blackout]]></link>
<small_image_url><![CDATA[https://s.gr-assets.com/assets/nophoto/book/50x75-a91bf249278a81aabab721ef782c4a74.png]]></small_image_url>
<image_url><![CDATA[https://s.gr-assets.com/assets/nophoto/book/111x148-bcc042a9c91a29c1d680899eff700a03.png]]></image_url>
<num_pages>610</num_pages>
<work>
<id>6697901</id>
</work>
<isbn>0553803190</isbn>
<isbn13>9780553803198</isbn13>
<average_rating>3.83</average_rating>
<ratings_count>16717</ratings_count>
<publication_year>2010</publication_year>
<publication_month>2</publication_month>
<publication_day>11</publication_day>
<authors>
<author>
<id>14032</id>
<name>Connie Willis</name>
<link><![CDATA[https://www.goodreads.com/author/show/14032.Connie_Willis]]></link>
</author>
</authors>
</book>

          <book>
<id>2425528</id>
<title>Incandescence</title>
<title_without_series>Incandescence</title_without_series>
<link><![CDATA[https://www.goodreads.com/book/show/2425528.Incandescence]]></link>
<small_image_url><![CDATA[https://images.gr-assets.com/books/1329556545s/2425528.jpg]]></small_image_url>
<image_url><![CDATA[https://images.gr-assets.com/books/1329556545m/2425528.jpg]]></image_url>
<num_pages>300</num_pages>
<work>
<id>2432715</id>
</work>
<isbn>0575081627</isbn>
<isbn13>9780575081628</isbn13>
<average_rating>3.59</average_rating>
<ratings_count>1506</ratings_count>
<publication_year>2008</publication_year>
<publication_month>5</publication_month>
<publication_day>15</publication_day>
<authors>
<author>
<id>32699</id>
<name>Greg Egan</name>
<link><![CDATA[https://www.goodreads.com/author/show/32699.Greg_Egan]]></link>
</author>
</authors>
</book>

          <book>
<id>21607</id>
<title>Camouflage</title>
<title_without_series>Camouflage</title_without_series>
<link><![CDATA[https://www.goodreads.com/book/show/21607.Camouflage]]></link>
<small_image_url><![CDATA[https://s.gr-assets.com/assets/nophoto/book/50x75-a91bf249278a81aabab721ef782c4a74.png]]></small_image_url>
<image_url><![CDATA[https://s.gr-assets.com/assets/nophoto/book/111x148-bcc042a9c91a29c1d680899eff700a03.png]]></image_url>
<num_pages>289</num_pages>
<work>
<id>22742</id>
</work>
<isbn>0441012523</isbn>
<isbn13>9780441012527</isbn13>
<average_rating>3.61</average_rating>
<ratings_count>4827</ratings_count>
<publication_year>2005</publication_year>
<publication_month>8</publication_month>
<publication_day></publication_day>
<authors>
<author>
<id>12476</id>
<name>Joe Haldeman</name>
<link><![CDATA[https://www.goodreads.com/author/show/12476.Joe_Haldeman]]></link>
</author>
</authors>
</book>

          <book>
<id>637400</id>
<title>No Enemy But Time</title>
<title_without_series>No Enemy But Time</title_without_series>
<link><![CDATA[https://www.goodreads.com/book/show/637400.No_Enemy_But_Time]]></link>
<small_image_url><![CDATA[https://images.gr-assets.com/books/1501707563s/637400.jpg]]></small_image_url>
<image_url><![CDATA[https://images.gr-assets.com/books/1501707563m/637400.jpg]]></image_url>
<num_pages>397</num_pages>
<work>
<id>909468</id>
</work>
<isbn>057507096X</isbn>
<isbn13>9780575070967</isbn13>
<average_rating>3.51</average_rating>
<ratings_count>1005</ratings_count>
<publication_year>2000</publication_year>
<publication_month>4</publication_month>
<publication_day></publication_day>
<authors>
<author>
<id>2844917</id>
<name>Michael  Bishop</name>
<link><![CDATA[https://www.goodreads.com/author/show/2844917.Michael_Bishop]]></link>
</author>
</authors>
</book>

          <book>
<id>910863</id>
<title>Spin (Spin, #1)</title>
<title_without_series>Spin</title_without_series>
<link><![CDATA[https://www.goodreads.com/book/show/910863.Spin]]></link>
<small_image_url><![CDATA[https://images.gr-assets.com/books/1406383726s/910863.jpg]]></small_image_url>
<image_url><![CDATA[https://images.gr-assets.com/books/1406383726m/910863.jpg]]></image_url>
<num_pages>458</num_pages>
<work>
<id>47562</id>
</work>
<isbn>076534825X</isbn>
<isbn13>9780765348258</isbn13>
<average_rating>4.01</average_rating>
<ratings_count>28108</ratings_count>
<publication_year>2006</publication_year>
<publication_month>2</publication_month>
<publication_day>7</publication_day>
<authors>
<author>
<id>27276</id>
<name>Robert Charles Wilson</name>
<link><![CDATA[https://www.goodreads.com/author/show/27276.Robert_Charles_Wilson]]></link>
</author>
</authors>
</book>

  </similar_books>
</book>

</GoodreadsResponse>