<?xml version="1.0" encoding="UTF-8"?>
<GoodreadsResponse>
  <Request>
    <authentication>true</authentication>
      <key><![CDATA[all_men_must_serve]]></key>
    <method><![CDATA[book_show]]></method>
  </Request>
  <book>
  <id>10256723</id>
  <title><![CDATA[Ghost in the Wires: My Adventures as the World's Most Wanted Hacker]]></title>
  <isbn><![CDATA[0316037702]]></isbn>
  <isbn13><![CDATA[9780316037709]]></isbn13>
  <asin><![CDATA[]]></asin>
  <kindle_asin><![CDATA[B00FOQS8D6]]></kindle_asin>
  <marketplace_id><![CDATA[A1F83G8C2ARO7P]]></marketplace_id>
  <country_code><![CDATA[GB]]></country_code>
  <image_url>https://images.gr-assets.com/books/1344265017m/10256723.jpg</image_url>
  <small_image_url>https://images.gr-assets.com/books/1344265017s/10256723.jpg</small_image_url>
  <publication_year></publication_year>
  <publication_month></publication_month>
  <publication_day></publication_day>
  <publisher></publisher>
  <language_code>en-US</language_code>
  <is_ebook>false</is_ebook>
  <description><![CDATA[Kevin Mitnick was the most elusive computer break-in artist in history. He accessed computers and networks at the world's biggest companies, and however fast the authorities were, Mitnick was faster, sprinting through phone switches, computer systems, and cellular networks. He spent years skipping through cyberspace, always three steps ahead and labeled unstoppable. For Mitnick, hacking wasn't just about technological feats; it was an old-fashioned confidence game that required guile and deception to trick the unwitting out of valuable information.<br /><br />Driven by a powerful urge to accomplish the impossible, Mitnick bypassed security systems and blazed into major organizations including Motorola, Sun Microsystems, and Pacific Bell. As the FBI's net began to tighten, Mitnick went on the run, engaging in an increasingly sophisticated cat-and-mouse game that led through false identities, a host of cities, plenty of close shaves, and an ultimate showdown with the Feds, who would stop at nothing to bring him down. <br /><br /><i>Ghost in the Wires</i> is a thrilling true story of intrigue, suspense, and unbelievable escape, and a portrait of a visionary whose creativity, skills, and persistence forced the authorities to rethink the way they pursued him, inspiring ripples that brought permanent changes in the way people and companies protect their most sensitive information.]]></description>
  <work>
  <id type="integer">15156997</id>
  <books_count type="integer">27</books_count>
  <best_book_id type="integer">10256723</best_book_id>
  <reviews_count type="integer">30212</reviews_count>
  <ratings_sum type="integer">59221</ratings_sum>
  <ratings_count type="integer">15002</ratings_count>
  <text_reviews_count type="integer">1287</text_reviews_count>
  <original_publication_year type="integer">2011</original_publication_year>
  <original_publication_month type="integer">8</original_publication_month>
  <original_publication_day type="integer">15</original_publication_day>
  <original_title>Ghost in the Wires: My Adventures as the World's Most Wanted Hacker</original_title>
  <original_language_id type="integer" nil="true"/>
  <media_type>book</media_type>
  <rating_dist>5:4954|4:5863|3:3022|2:770|1:393|total:15002</rating_dist>
  <desc_user_id type="integer">4865677</desc_user_id>
  <default_chaptering_book_id type="integer" nil="true"/>
  <default_description_language_code nil="true"/>
</work>
  <average_rating>3.95</average_rating>
  <num_pages><![CDATA[393]]></num_pages>
  <format><![CDATA[]]></format>
  <edition_information><![CDATA[First Edition]]></edition_information>
  <ratings_count><![CDATA[12836]]></ratings_count>
  <text_reviews_count><![CDATA[1121]]></text_reviews_count>
  <url><![CDATA[https://www.goodreads.com/book/show/10256723-ghost-in-the-wires]]></url>
  <link><![CDATA[https://www.goodreads.com/book/show/10256723-ghost-in-the-wires]]></link>
  <authors>
<author>
<id>10953</id>
<name>Kevin D. Mitnick</name>
<role></role>
<image_url nophoto='false'>
<![CDATA[https://images.gr-assets.com/authors/1311855926p5/10953.jpg]]>
</image_url>
<small_image_url nophoto='false'>
<![CDATA[https://images.gr-assets.com/authors/1311855926p2/10953.jpg]]>
</small_image_url>
<link><![CDATA[https://www.goodreads.com/author/show/10953.Kevin_D_Mitnick]]></link>
<average_rating>3.90</average_rating>
<ratings_count>24216</ratings_count>
<text_reviews_count>1879</text_reviews_count>
</author>
<author>
<id>10952</id>
<name>William L. Simon</name>
<role></role>
<image_url nophoto='true'>
<![CDATA[https://s.gr-assets.com/assets/nophoto/user/u_200x266-e183445fd1a1b5cc7075bb1cf7043306.png]]>
</image_url>
<small_image_url nophoto='true'>
<![CDATA[https://s.gr-assets.com/assets/nophoto/user/u_50x66-632230dc9882b4352d753eedf9396530.png]]>
</small_image_url>
<link><![CDATA[https://www.goodreads.com/author/show/10952.William_L_Simon]]></link>
<average_rating>3.90</average_rating>
<ratings_count>32666</ratings_count>
<text_reviews_count>2135</text_reviews_count>
</author>
<author>
<id>3767</id>
<name>Steve Wozniak</name>
<role></role>
<image_url nophoto='false'>
<![CDATA[https://images.gr-assets.com/authors/1376585301p5/3767.jpg]]>
</image_url>
<small_image_url nophoto='false'>
<![CDATA[https://images.gr-assets.com/authors/1376585301p2/3767.jpg]]>
</small_image_url>
<link><![CDATA[https://www.goodreads.com/author/show/3767.Steve_Wozniak]]></link>
<average_rating>3.89</average_rating>
<ratings_count>30245</ratings_count>
<text_reviews_count>2199</text_reviews_count>
</author>
</authors>

    <reviews_widget>
      <![CDATA[
        <style>
  #goodreads-widget {
    font-family: georgia, serif;
    padding: 18px 0;
    width:565px;
  }
  #goodreads-widget h1 {
    font-weight:normal;
    font-size: 16px;
    border-bottom: 1px solid #BBB596;
    margin-bottom: 0;
  }
  #goodreads-widget a {
    text-decoration: none;
    color:#660;
  }
  iframe{
    background-color: #fff;
  }
  #goodreads-widget a:hover { text-decoration: underline; }
  #goodreads-widget a:active {
    color:#660;
  }
  #gr_footer {
    width: 100%;
    border-top: 1px solid #BBB596;
    text-align: right;
  }
  #goodreads-widget .gr_branding{
    color: #382110;
    font-size: 11px;
    text-decoration: none;
    font-family: "Helvetica Neue", Helvetica, Arial, sans-serif;
  }
</style>
<div id="goodreads-widget">
  <div id="gr_header"><h1><a rel="nofollow" href="https://www.goodreads.com/book/show/10256723-ghost-in-the-wires">Ghost in the Wires Reviews</a></h1></div>
  <iframe id="the_iframe" src="https://www.goodreads.com/api/reviews_widget_iframe?did=DEVELOPER_ID&amp;format=html&amp;isbn=0316037702&amp;links=660&amp;min_rating=&amp;review_back=fff&amp;stars=000&amp;text=000" width="565" height="400" frameborder="0"></iframe>
  <div id="gr_footer">
    <a class="gr_branding" target="_blank" rel="nofollow" href="https://www.goodreads.com/book/show/10256723-ghost-in-the-wires?utm_medium=api&amp;utm_source=reviews_widget">Reviews from Goodreads.com</a>
  </div>
</div>

      ]]>
    </reviews_widget>
  <popular_shelves>
      <shelf name="to-read" count="9751"/>
      <shelf name="currently-reading" count="559"/>
      <shelf name="non-fiction" count="461"/>
      <shelf name="biography" count="261"/>
      <shelf name="nonfiction" count="154"/>
      <shelf name="technology" count="132"/>
      <shelf name="memoir" count="113"/>
      <shelf name="audiobook" count="79"/>
      <shelf name="favorites" count="73"/>
      <shelf name="audible" count="64"/>
      <shelf name="computers" count="63"/>
      <shelf name="audiobooks" count="56"/>
      <shelf name="tech" count="56"/>
      <shelf name="autobiography" count="52"/>
      <shelf name="science" count="47"/>
      <shelf name="crime" count="46"/>
      <shelf name="biographies" count="45"/>
      <shelf name="owned" count="44"/>
      <shelf name="hacking" count="40"/>
      <shelf name="history" count="39"/>
      <shelf name="security" count="38"/>
      <shelf name="true-crime" count="34"/>
      <shelf name="ebook" count="33"/>
      <shelf name="audio" count="31"/>
      <shelf name="to-buy" count="31"/>
      <shelf name="computer-science" count="28"/>
      <shelf name="computer" count="26"/>
      <shelf name="kindle" count="24"/>
      <shelf name="memoirs" count="23"/>
      <shelf name="it" count="21"/>
      <shelf name="abandoned" count="21"/>
      <shelf name="library" count="20"/>
      <shelf name="biography-memoir" count="18"/>
      <shelf name="programming" count="16"/>
      <shelf name="bio" count="15"/>
      <shelf name="audio-book" count="14"/>
      <shelf name="books-i-own" count="13"/>
      <shelf name="audio-books" count="13"/>
      <shelf name="computer-security" count="12"/>
      <shelf name="to-read-nonfiction" count="12"/>
      <shelf name="non-fic" count="11"/>
      <shelf name="hacker" count="11"/>
      <shelf name="infosec" count="11"/>
      <shelf name="ebooks" count="11"/>
      <shelf name="cyber" count="10"/>
      <shelf name="default" count="10"/>
      <shelf name="business" count="10"/>
      <shelf name="social-engineering" count="10"/>
      <shelf name="hackers" count="10"/>
      <shelf name="computing" count="10"/>
      <shelf name="biographical" count="10"/>
      <shelf name="unfinished" count="9"/>
      <shelf name="to-read-non-fiction" count="9"/>
      <shelf name="wish-list" count="9"/>
      <shelf name="cybersecurity" count="8"/>
      <shelf name="auto-biography" count="8"/>
      <shelf name="autobiography-memoir" count="8"/>
      <shelf name="did-not-finish" count="8"/>
      <shelf name="e-books" count="8"/>
      <shelf name="technical" count="8"/>
      <shelf name="bio015000" count="8"/>
      <shelf name="bios" count="8"/>
      <shelf name="read-in-2011" count="8"/>
      <shelf name="read-in-2016" count="7"/>
      <shelf name="science-technology" count="7"/>
      <shelf name="english" count="7"/>
      <shelf name="my-library" count="7"/>
      <shelf name="listened-to" count="7"/>
      <shelf name="internet" count="7"/>
      <shelf name="read-in-2015" count="6"/>
      <shelf name="reviewed" count="6"/>
      <shelf name="books" count="6"/>
      <shelf name="read-in-2013" count="6"/>
      <shelf name="social" count="6"/>
      <shelf name="engineering" count="6"/>
      <shelf name="cs" count="6"/>
      <shelf name="bio-memoir" count="6"/>
      <shelf name="mystery" count="6"/>
      <shelf name="listened" count="6"/>
      <shelf name="memoir-biography" count="6"/>
      <shelf name="read-2012" count="6"/>
      <shelf name="fiction" count="6"/>
      <shelf name="adult" count="6"/>
      <shelf name="american" count="5"/>
      <shelf name="gave-up-on" count="5"/>
      <shelf name="library-books" count="5"/>
      <shelf name="on-hold" count="5"/>
      <shelf name="book-club" count="5"/>
      <shelf name="read-2013" count="5"/>
      <shelf name="maybe" count="5"/>
      <shelf name="adventure" count="5"/>
      <shelf name="autobiographies" count="5"/>
      <shelf name="read-in-2012" count="5"/>
      <shelf name="computer-related" count="5"/>
      <shelf name="nonfic" count="5"/>
      <shelf name="my-books" count="5"/>
      <shelf name="finished" count="5"/>
      <shelf name="read-2016" count="4"/>
      <shelf name="overdrive" count="4"/>
      <shelf name="memoir-autobiography" count="4"/>
  </popular_shelves>
  <book_links>
    <book_link>
  <id>8</id>
  <name>Libraries</name>
  <link>https://www.goodreads.com/book_link/follow/8</link>
</book_link>

  </book_links>
  <buy_links>
    <buy_link>
<id>1</id>
<name>Amazon</name>
<link>https://www.goodreads.com/book_link/follow/1</link>
</buy_link>
<buy_link>
<id>10</id>
<name>Audible</name>
<link>https://www.goodreads.com/book_link/follow/10</link>
</buy_link>
<buy_link>
<id>3</id>
<name>Barnes &amp; Noble</name>
<link>https://www.goodreads.com/book_link/follow/3</link>
</buy_link>
<buy_link>
<id>1027</id>
<name>Kobo</name>
<link>https://www.goodreads.com/book_link/follow/1027</link>
</buy_link>
<buy_link>
<id>2102</id>
<name>Apple iBooks</name>
<link>https://www.goodreads.com/book_link/follow/2102</link>
</buy_link>
<buy_link>
<id>8036</id>
<name>Google Play</name>
<link>https://www.goodreads.com/book_link/follow/8036</link>
</buy_link>
<buy_link>
<id>4</id>
<name>Abebooks</name>
<link>https://www.goodreads.com/book_link/follow/4</link>
</buy_link>
<buy_link>
<id>882</id>
<name>Book Depository</name>
<link>https://www.goodreads.com/book_link/follow/882</link>
</buy_link>
<buy_link>
<id>9</id>
<name>Indigo</name>
<link>https://www.goodreads.com/book_link/follow/9</link>
</buy_link>
<buy_link>
<id>2</id>
<name>Half.com</name>
<link>https://www.goodreads.com/book_link/follow/2</link>
</buy_link>
<buy_link>
<id>5</id>
<name>Alibris</name>
<link>https://www.goodreads.com/book_link/follow/5</link>
</buy_link>
<buy_link>
<id>107</id>
<name>Better World Books</name>
<link>https://www.goodreads.com/book_link/follow/107</link>
</buy_link>
<buy_link>
<id>7</id>
<name>IndieBound</name>
<link>https://www.goodreads.com/book_link/follow/7</link>
</buy_link>

  </buy_links>
  <series_works>
    
  </series_works>
  <similar_books>
          <book>
<id>9319468</id>
<title><![CDATA[Kingpin: How One Hacker Took Over the Billion-Dollar Cybercrime Underground]]></title>
<title_without_series><![CDATA[Kingpin: How One Hacker Took Over the Billion-Dollar Cybercrime Underground]]></title_without_series>
<link><![CDATA[https://www.goodreads.com/book/show/9319468-kingpin]]></link>
<small_image_url><![CDATA[https://images.gr-assets.com/books/1320477825s/9319468.jpg]]></small_image_url>
<image_url><![CDATA[https://images.gr-assets.com/books/1320477825m/9319468.jpg]]></image_url>
<num_pages>288</num_pages>
<work>
<id>14202643</id>
</work>
<isbn>0307588688</isbn>
<isbn13>9780307588685</isbn13>
<average_rating>3.96</average_rating>
<ratings_count>4932</ratings_count>
<publication_year>2011</publication_year>
<publication_month>2</publication_month>
<publication_day>22</publication_day>
<authors>
<author>
<id>4353912</id>
<name>Kevin Poulsen</name>
<link><![CDATA[https://www.goodreads.com/author/show/4353912.Kevin_Poulsen]]></link>
</author>
</authors>
</book>

          <book>
<id>281818</id>
<title><![CDATA[Where Wizards Stay Up Late: The Origins of the Internet]]></title>
<title_without_series><![CDATA[Where Wizards Stay Up Late: The Origins of the Internet]]></title_without_series>
<link><![CDATA[https://www.goodreads.com/book/show/281818.Where_Wizards_Stay_Up_Late]]></link>
<small_image_url><![CDATA[https://images.gr-assets.com/books/1405259838s/281818.jpg]]></small_image_url>
<image_url><![CDATA[https://images.gr-assets.com/books/1405259838m/281818.jpg]]></image_url>
<num_pages></num_pages>
<work>
<id>1290875</id>
</work>
<isbn>0684832674</isbn>
<isbn13>9780684832678</isbn13>
<average_rating>3.90</average_rating>
<ratings_count>2609</ratings_count>
<publication_year></publication_year>
<publication_month></publication_month>
<publication_day></publication_day>
<authors>
<author>
<id>6938812</id>
<name>Katie  Hafner</name>
<link><![CDATA[https://www.goodreads.com/author/show/6938812.Katie_Hafner]]></link>
</author>
</authors>
</book>

          <book>
<id>615952</id>
<title><![CDATA[Underground: Tales of Hacking, Madness, and Obsession on the Electronic Frontier]]></title>
<title_without_series><![CDATA[Underground: Tales of Hacking, Madness, and Obsession on the Electronic Frontier]]></title_without_series>
<link><![CDATA[https://www.goodreads.com/book/show/615952.Underground]]></link>
<small_image_url><![CDATA[https://s.gr-assets.com/assets/nophoto/book/50x75-a91bf249278a81aabab721ef782c4a74.png]]></small_image_url>
<image_url><![CDATA[https://s.gr-assets.com/assets/nophoto/book/111x148-bcc042a9c91a29c1d680899eff700a03.png]]></image_url>
<num_pages></num_pages>
<work>
<id>602387</id>
</work>
<isbn>1863305955</isbn>
<isbn13>9781863305952</isbn13>
<average_rating>4.16</average_rating>
<ratings_count>459</ratings_count>
<publication_year></publication_year>
<publication_month></publication_month>
<publication_day></publication_day>
<authors>
<author>
<id>333252</id>
<name>Suelette Dreyfus</name>
<link><![CDATA[https://www.goodreads.com/author/show/333252.Suelette_Dreyfus]]></link>
</author>
</authors>
</book>

          <book>
<id>56829</id>
<title><![CDATA[Hackers: Heroes of the Computer Revolution]]></title>
<title_without_series><![CDATA[Hackers: Heroes of the Computer Revolution]]></title_without_series>
<link><![CDATA[https://www.goodreads.com/book/show/56829.Hackers]]></link>
<small_image_url><![CDATA[https://s.gr-assets.com/assets/nophoto/book/50x75-a91bf249278a81aabab721ef782c4a74.png]]></small_image_url>
<image_url><![CDATA[https://s.gr-assets.com/assets/nophoto/book/111x148-bcc042a9c91a29c1d680899eff700a03.png]]></image_url>
<num_pages>464</num_pages>
<work>
<id>1407224</id>
</work>
<isbn>0141000511</isbn>
<isbn13>9780141000510</isbn13>
<average_rating>4.15</average_rating>
<ratings_count>5347</ratings_count>
<publication_year>2001</publication_year>
<publication_month>1</publication_month>
<publication_day>1</publication_day>
<authors>
<author>
<id>32131</id>
<name>Steven Levy</name>
<link><![CDATA[https://www.goodreads.com/author/show/32131.Steven_Levy]]></link>
</author>
</authors>
</book>

          <book>
<id>13528420</id>
<title><![CDATA[We Are Anonymous: Inside the Hacker World of LulzSec, Anonymous, and the Global Cyber Insurgency]]></title>
<title_without_series><![CDATA[We Are Anonymous: Inside the Hacker World of LulzSec, Anonymous, and the Global Cyber Insurgency]]></title_without_series>
<link><![CDATA[https://www.goodreads.com/book/show/13528420-we-are-anonymous]]></link>
<small_image_url><![CDATA[https://images.gr-assets.com/books/1336065338s/13528420.jpg]]></small_image_url>
<image_url><![CDATA[https://images.gr-assets.com/books/1336065338m/13528420.jpg]]></image_url>
<num_pages>512</num_pages>
<work>
<id>19089141</id>
</work>
<isbn>0316213543</isbn>
<isbn13>9780316213547</isbn13>
<average_rating>3.94</average_rating>
<ratings_count>2497</ratings_count>
<publication_year>2012</publication_year>
<publication_month>6</publication_month>
<publication_day>5</publication_day>
<authors>
<author>
<id>5770119</id>
<name>Parmy Olson</name>
<link><![CDATA[https://www.goodreads.com/author/show/5770119.Parmy_Olson]]></link>
</author>
</authors>
</book>

          <book>
<id>18154</id>
<title><![CDATA[The Cuckoo's Egg: Tracking a Spy Through the Maze of Computer Espionage]]></title>
<title_without_series><![CDATA[The Cuckoo's Egg: Tracking a Spy Through the Maze of Computer Espionage]]></title_without_series>
<link><![CDATA[https://www.goodreads.com/book/show/18154.The_Cuckoo_s_Egg]]></link>
<small_image_url><![CDATA[https://s.gr-assets.com/assets/nophoto/book/50x75-a91bf249278a81aabab721ef782c4a74.png]]></small_image_url>
<image_url><![CDATA[https://s.gr-assets.com/assets/nophoto/book/111x148-bcc042a9c91a29c1d680899eff700a03.png]]></image_url>
<num_pages>399</num_pages>
<work>
<id>19611</id>
</work>
<isbn>1416507787</isbn>
<isbn13>9781416507789</isbn13>
<average_rating>4.20</average_rating>
<ratings_count>7009</ratings_count>
<publication_year></publication_year>
<publication_month></publication_month>
<publication_day></publication_day>
<authors>
<author>
<id>30891</id>
<name>Clifford Stoll</name>
<link><![CDATA[https://www.goodreads.com/author/show/30891.Clifford_Stoll]]></link>
</author>
</authors>
</book>

          <book>
<id>11396195</id>
<title><![CDATA[Worm: The First Digital World War]]></title>
<title_without_series><![CDATA[Worm: The First Digital World War]]></title_without_series>
<link><![CDATA[https://www.goodreads.com/book/show/11396195-worm]]></link>
<small_image_url><![CDATA[https://images.gr-assets.com/books/1314808724s/11396195.jpg]]></small_image_url>
<image_url><![CDATA[https://images.gr-assets.com/books/1314808724m/11396195.jpg]]></image_url>
<num_pages>233</num_pages>
<work>
<id>16328570</id>
</work>
<isbn>0802119832</isbn>
<isbn13>9780802119834</isbn13>
<average_rating>3.52</average_rating>
<ratings_count>1684</ratings_count>
<publication_year></publication_year>
<publication_month></publication_month>
<publication_day></publication_day>
<authors>
<author>
<id>3098</id>
<name>Mark Bowden</name>
<link><![CDATA[https://www.goodreads.com/author/show/3098.Mark_Bowden]]></link>
</author>
</authors>
</book>

          <book>
<id>7638558</id>
<title><![CDATA[Fatal System Error: The Hunt for the New Crime Lords Who are Bringing Down the Internet]]></title>
<title_without_series><![CDATA[Fatal System Error: The Hunt for the New Crime Lords Who are Bringing Down the Internet]]></title_without_series>
<link><![CDATA[https://www.goodreads.com/book/show/7638558-fatal-system-error]]></link>
<small_image_url><![CDATA[https://s.gr-assets.com/assets/nophoto/book/50x75-a91bf249278a81aabab721ef782c4a74.png]]></small_image_url>
<image_url><![CDATA[https://s.gr-assets.com/assets/nophoto/book/111x148-bcc042a9c91a29c1d680899eff700a03.png]]></image_url>
<num_pages>249</num_pages>
<work>
<id>10163114</id>
</work>
<isbn>1586487485</isbn>
<isbn13>9781586487485</isbn13>
<average_rating>3.67</average_rating>
<ratings_count>868</ratings_count>
<publication_year>2010</publication_year>
<publication_month>1</publication_month>
<publication_day>26</publication_day>
<authors>
<author>
<id>374050</id>
<name>Joseph Menn</name>
<link><![CDATA[https://www.goodreads.com/author/show/374050.Joseph_Menn]]></link>
</author>
</authors>
</book>

          <book>
<id>624274</id>
<title><![CDATA[Stealing the Network: How to Own a Continent]]></title>
<title_without_series><![CDATA[Stealing the Network: How to Own a Continent]]></title_without_series>
<link><![CDATA[https://www.goodreads.com/book/show/624274.Stealing_the_Network]]></link>
<small_image_url><![CDATA[https://s.gr-assets.com/assets/nophoto/book/50x75-a91bf249278a81aabab721ef782c4a74.png]]></small_image_url>
<image_url><![CDATA[https://s.gr-assets.com/assets/nophoto/book/111x148-bcc042a9c91a29c1d680899eff700a03.png]]></image_url>
<num_pages>402</num_pages>
<work>
<id>610635</id>
</work>
<isbn>1931836051</isbn>
<isbn13>9781931836050</isbn13>
<average_rating>3.99</average_rating>
<ratings_count>214</ratings_count>
<publication_year>2004</publication_year>
<publication_month>6</publication_month>
<publication_day>23</publication_day>
<authors>
<author>
<id>10957</id>
<name>Ryan Russell</name>
<link><![CDATA[https://www.goodreads.com/author/show/10957.Ryan_Russell]]></link>
</author>
</authors>
</book>

          <book>
<id>1427580</id>
<title><![CDATA[Fire in the Valley: The Making of the Personal Computer]]></title>
<title_without_series><![CDATA[Fire in the Valley: The Making of the Personal Computer]]></title_without_series>
<link><![CDATA[https://www.goodreads.com/book/show/1427580.Fire_in_the_Valley]]></link>
<small_image_url><![CDATA[https://s.gr-assets.com/assets/nophoto/book/50x75-a91bf249278a81aabab721ef782c4a74.png]]></small_image_url>
<image_url><![CDATA[https://s.gr-assets.com/assets/nophoto/book/111x148-bcc042a9c91a29c1d680899eff700a03.png]]></image_url>
<num_pages>463</num_pages>
<work>
<id>1418070</id>
</work>
<isbn>0071358927</isbn>
<isbn13>9780071358927</isbn13>
<average_rating>4.12</average_rating>
<ratings_count>697</ratings_count>
<publication_year>1999</publication_year>
<publication_month>11</publication_month>
<publication_day>29</publication_day>
<authors>
<author>
<id>671953</id>
<name>Paul Freiberger</name>
<link><![CDATA[https://www.goodreads.com/author/show/671953.Paul_Freiberger]]></link>
</author>
</authors>
</book>

          <book>
<id>18162</id>
<title><![CDATA[The Fugitive Game: Online with Kevin Mitnick]]></title>
<title_without_series><![CDATA[The Fugitive Game: Online with Kevin Mitnick]]></title_without_series>
<link><![CDATA[https://www.goodreads.com/book/show/18162.The_Fugitive_Game]]></link>
<small_image_url><![CDATA[https://s.gr-assets.com/assets/nophoto/book/50x75-a91bf249278a81aabab721ef782c4a74.png]]></small_image_url>
<image_url><![CDATA[https://s.gr-assets.com/assets/nophoto/book/111x148-bcc042a9c91a29c1d680899eff700a03.png]]></image_url>
<num_pages>416</num_pages>
<work>
<id>19619</id>
</work>
<isbn>0316528692</isbn>
<isbn13>9780316528696</isbn13>
<average_rating>3.80</average_rating>
<ratings_count>347</ratings_count>
<publication_year>1997</publication_year>
<publication_month>1</publication_month>
<publication_day>1</publication_day>
<authors>
<author>
<id>10955</id>
<name>Jonathan Littman</name>
<link><![CDATA[https://www.goodreads.com/author/show/10955.Jonathan_Littman]]></link>
</author>
</authors>
</book>

          <book>
<id>160171</id>
<title><![CDATA[Just for Fun: The Story of an Accidental Revolutionary]]></title>
<title_without_series><![CDATA[Just for Fun: The Story of an Accidental Revolutionary]]></title_without_series>
<link><![CDATA[https://www.goodreads.com/book/show/160171.Just_for_Fun]]></link>
<small_image_url><![CDATA[https://s.gr-assets.com/assets/nophoto/book/50x75-a91bf249278a81aabab721ef782c4a74.png]]></small_image_url>
<image_url><![CDATA[https://s.gr-assets.com/assets/nophoto/book/111x148-bcc042a9c91a29c1d680899eff700a03.png]]></image_url>
<num_pages></num_pages>
<work>
<id>2300585</id>
</work>
<isbn>0066620732</isbn>
<isbn13>9780066620732</isbn13>
<average_rating>3.90</average_rating>
<ratings_count>2739</ratings_count>
<publication_year></publication_year>
<publication_month></publication_month>
<publication_day></publication_day>
<authors>
<author>
<id>92867</id>
<name>Linus Torvalds</name>
<link><![CDATA[https://www.goodreads.com/author/show/92867.Linus_Torvalds]]></link>
</author>
</authors>
</book>

          <book>
<id>82994</id>
<title><![CDATA[Silence on the Wire: A Field Guide to Passive Reconnaissance and Indirect Attacks]]></title>
<title_without_series><![CDATA[Silence on the Wire: A Field Guide to Passive Reconnaissance and Indirect Attacks]]></title_without_series>
<link><![CDATA[https://www.goodreads.com/book/show/82994.Silence_on_the_Wire]]></link>
<small_image_url><![CDATA[https://images.gr-assets.com/books/1344728810s/82994.jpg]]></small_image_url>
<image_url><![CDATA[https://images.gr-assets.com/books/1344728810m/82994.jpg]]></image_url>
<num_pages>312</num_pages>
<work>
<id>80128</id>
</work>
<isbn>1593270461</isbn>
<isbn13>9781593270469</isbn13>
<average_rating>4.22</average_rating>
<ratings_count>268</ratings_count>
<publication_year>2005</publication_year>
<publication_month>4</publication_month>
<publication_day>22</publication_day>
<authors>
<author>
<id>47402</id>
<name>Michal Zalewski</name>
<link><![CDATA[https://www.goodreads.com/author/show/47402.Michal_Zalewski]]></link>
</author>
</authors>
</book>

          <book>
<id>1101290</id>
<title><![CDATA[Dealers of Lightning: Xerox PARC and the Dawn of the Computer Age]]></title>
<title_without_series><![CDATA[Dealers of Lightning: Xerox PARC and the Dawn of the Computer Age]]></title_without_series>
<link><![CDATA[https://www.goodreads.com/book/show/1101290.Dealers_of_Lightning]]></link>
<small_image_url><![CDATA[https://s.gr-assets.com/assets/nophoto/book/50x75-a91bf249278a81aabab721ef782c4a74.png]]></small_image_url>
<image_url><![CDATA[https://s.gr-assets.com/assets/nophoto/book/111x148-bcc042a9c91a29c1d680899eff700a03.png]]></image_url>
<num_pages>480</num_pages>
<work>
<id>1088176</id>
</work>
<isbn>0887309895</isbn>
<isbn13>9780887309892</isbn13>
<average_rating>4.13</average_rating>
<ratings_count>1202</ratings_count>
<publication_year>2000</publication_year>
<publication_month>4</publication_month>
<publication_day>5</publication_day>
<authors>
<author>
<id>206718</id>
<name>Michael A. Hiltzik</name>
<link><![CDATA[https://www.goodreads.com/author/show/206718.Michael_A_Hiltzik]]></link>
</author>
</authors>
</book>

          <book>
<id>27652</id>
<title>Accidental Empires</title>
<title_without_series>Accidental Empires</title_without_series>
<link><![CDATA[https://www.goodreads.com/book/show/27652.Accidental_Empires]]></link>
<small_image_url><![CDATA[https://s.gr-assets.com/assets/nophoto/book/50x75-a91bf249278a81aabab721ef782c4a74.png]]></small_image_url>
<image_url><![CDATA[https://s.gr-assets.com/assets/nophoto/book/111x148-bcc042a9c91a29c1d680899eff700a03.png]]></image_url>
<num_pages>384</num_pages>
<work>
<id>28257</id>
</work>
<isbn>0887308554</isbn>
<isbn13>9780887308550</isbn13>
<average_rating>4.01</average_rating>
<ratings_count>1162</ratings_count>
<publication_year>1996</publication_year>
<publication_month>9</publication_month>
<publication_day>13</publication_day>
<authors>
<author>
<id>15566</id>
<name>Robert X. Cringely</name>
<link><![CDATA[https://www.goodreads.com/author/show/15566.Robert_X_Cringely]]></link>
</author>
</authors>
</book>

          <book>
<id>32475</id>
<title><![CDATA[Dreaming in Code: Two Dozen Programmers, Three Years, 4,732 Bugs, and One Quest for Transcendent Software]]></title>
<title_without_series><![CDATA[Dreaming in Code: Two Dozen Programmers, Three Years, 4,732 Bugs, and One Quest for Transcendent Software]]></title_without_series>
<link><![CDATA[https://www.goodreads.com/book/show/32475.Dreaming_in_Code]]></link>
<small_image_url><![CDATA[https://s.gr-assets.com/assets/nophoto/book/50x75-a91bf249278a81aabab721ef782c4a74.png]]></small_image_url>
<image_url><![CDATA[https://s.gr-assets.com/assets/nophoto/book/111x148-bcc042a9c91a29c1d680899eff700a03.png]]></image_url>
<num_pages></num_pages>
<work>
<id>1217032</id>
</work>
<isbn>1400082463</isbn>
<isbn13>9781400082469</isbn13>
<average_rating>3.69</average_rating>
<ratings_count>2188</ratings_count>
<publication_year></publication_year>
<publication_month></publication_month>
<publication_day></publication_day>
<authors>
<author>
<id>18257</id>
<name>Scott Rosenberg</name>
<link><![CDATA[https://www.goodreads.com/author/show/18257.Scott_Rosenberg]]></link>
</author>
</authors>
</book>

          <book>
<id>134825</id>
<title><![CDATA[The Cathedral & the Bazaar: Musings on Linux and Open Source by an Accidental Revolutionary]]></title>
<title_without_series><![CDATA[The Cathedral & the Bazaar: Musings on Linux and Open Source by an Accidental Revolutionary]]></title_without_series>
<link><![CDATA[https://www.goodreads.com/book/show/134825.The_Cathedral_the_Bazaar]]></link>
<small_image_url><![CDATA[https://images.gr-assets.com/books/1328835964s/134825.jpg]]></small_image_url>
<image_url><![CDATA[https://images.gr-assets.com/books/1328835964m/134825.jpg]]></image_url>
<num_pages>258</num_pages>
<work>
<id>100993</id>
</work>
<isbn>0596001088</isbn>
<isbn13>9780596001087</isbn13>
<average_rating>3.84</average_rating>
<ratings_count>2856</ratings_count>
<publication_year>2001</publication_year>
<publication_month>2</publication_month>
<publication_day>8</publication_day>
<authors>
<author>
<id>18542</id>
<name>Eric S. Raymond</name>
<link><![CDATA[https://www.goodreads.com/author/show/18542.Eric_S_Raymond]]></link>
</author>
</authors>
</book>

          <book>
<id>984598</id>
<title><![CDATA[Masters of Deception: The Gang That Ruled Cyberspace]]></title>
<title_without_series><![CDATA[Masters of Deception: The Gang That Ruled Cyberspace]]></title_without_series>
<link><![CDATA[https://www.goodreads.com/book/show/984598.Masters_of_Deception]]></link>
<small_image_url><![CDATA[https://s.gr-assets.com/assets/nophoto/book/50x75-a91bf249278a81aabab721ef782c4a74.png]]></small_image_url>
<image_url><![CDATA[https://s.gr-assets.com/assets/nophoto/book/111x148-bcc042a9c91a29c1d680899eff700a03.png]]></image_url>
<num_pages></num_pages>
<work>
<id>970097</id>
</work>
<isbn>0060926945</isbn>
<isbn13>9780060926946</isbn13>
<average_rating>3.87</average_rating>
<ratings_count>757</ratings_count>
<publication_year></publication_year>
<publication_month></publication_month>
<publication_day></publication_day>
<authors>
<author>
<id>319926</id>
<name>Michelle Slatalla</name>
<link><![CDATA[https://www.goodreads.com/author/show/319926.Michelle_Slatalla]]></link>
</author>
</authors>
</book>

  </similar_books>
</book>

</GoodreadsResponse>