<?xml version="1.0" encoding="UTF-8"?>
<GoodreadsResponse>
  <Request>
    <authentication>true</authentication>
      <key><![CDATA[all_men_must_serve]]></key>
    <method><![CDATA[book_show]]></method>
  </Request>
  <book>
  <id>10252302</id>
  <title>Blue Nights</title>
  <isbn><![CDATA[0307267679]]></isbn>
  <isbn13><![CDATA[9780307267672]]></isbn13>
  <asin><![CDATA[]]></asin>
  <kindle_asin><![CDATA[B005E8AQA2]]></kindle_asin>
  <marketplace_id><![CDATA[A1F83G8C2ARO7P]]></marketplace_id>
  <country_code><![CDATA[GB]]></country_code>
  <image_url>https://images.gr-assets.com/books/1319148558m/10252302.jpg</image_url>
  <small_image_url>https://images.gr-assets.com/books/1319148558s/10252302.jpg</small_image_url>
  <publication_year>2011</publication_year>
  <publication_month>11</publication_month>
  <publication_day>1</publication_day>
  <publisher>Knopf</publisher>
  <language_code>eng</language_code>
  <is_ebook>false</is_ebook>
  <description><![CDATA[From one of our most powerful writers, a work of stunning frankness about losing a daughter. Richly textured with bits of her own childhood and married life with her husband, John Gregory Dunne, and daughter, Quintana Roo, this new book by Joan Didion examines her thoughts, fears, and doubts regarding having children, illness, and growing old.<br />  <br /><i>Blue Nights</i> opens on July 26, 2010, as Didion thinks back to Quintana’s wedding in New York seven years before. <i>Today would be her wedding anniversary.</i> This fact triggers vivid snapshots of Quintana’s childhood—in Malibu, in Brentwood, at school in Holmby Hills. Reflecting on her daughter but also on her role as a parent, Didion asks the candid questions any parent might about how she feels she failed either because cues were not taken or perhaps displaced. “How could I have missed what was clearly there to be seen?” Finally, perhaps we all remain unknown to each other. Seamlessly woven in are incidents Didion sees as underscoring her own age, something she finds hard to acknowledge, much less accept.<br />  <br /><i>Blue Nights</i>—the long, light evening hours that signal the summer solstice, “the opposite of the dying of the brightness, but also its warning”—like <i>The Year of Magical Thinking</i> before it, is an iconic book of incisive and electric honesty, haunting and profoundly moving.]]></description>
  <work>
  <id type="integer">15152485</id>
  <books_count type="integer">40</books_count>
  <best_book_id type="integer">10252302</best_book_id>
  <reviews_count type="integer">35013</reviews_count>
  <ratings_sum type="integer">64219</ratings_sum>
  <ratings_count type="integer">17105</ratings_count>
  <text_reviews_count type="integer">1943</text_reviews_count>
  <original_publication_year type="integer">2011</original_publication_year>
  <original_publication_month type="integer">11</original_publication_month>
  <original_publication_day type="integer" nil="true"/>
  <original_title>Blue Nights</original_title>
  <original_language_id type="integer" nil="true"/>
  <media_type>book</media_type>
  <rating_dist>5:4317|4:6339|3:4729|2:1371|1:349|total:17105</rating_dist>
  <desc_user_id type="integer">1336770</desc_user_id>
  <default_chaptering_book_id type="integer" nil="true"/>
  <default_description_language_code nil="true"/>
</work>
  <average_rating>3.75</average_rating>
  <num_pages><![CDATA[208]]></num_pages>
  <format><![CDATA[Hardcover]]></format>
  <edition_information><![CDATA[]]></edition_information>
  <ratings_count><![CDATA[15861]]></ratings_count>
  <text_reviews_count><![CDATA[1795]]></text_reviews_count>
  <url><![CDATA[https://www.goodreads.com/book/show/10252302-blue-nights]]></url>
  <link><![CDATA[https://www.goodreads.com/book/show/10252302-blue-nights]]></link>
  <authors>
<author>
<id>238</id>
<name>Joan Didion</name>
<role></role>
<image_url nophoto='false'>
<![CDATA[https://images.gr-assets.com/authors/1335450818p5/238.jpg]]>
</image_url>
<small_image_url nophoto='false'>
<![CDATA[https://images.gr-assets.com/authors/1335450818p2/238.jpg]]>
</small_image_url>
<link><![CDATA[https://www.goodreads.com/author/show/238.Joan_Didion]]></link>
<average_rating>3.91</average_rating>
<ratings_count>185317</ratings_count>
<text_reviews_count>15329</text_reviews_count>
</author>
</authors>

    <reviews_widget>
      <![CDATA[
        <style>
  #goodreads-widget {
    font-family: georgia, serif;
    padding: 18px 0;
    width:565px;
  }
  #goodreads-widget h1 {
    font-weight:normal;
    font-size: 16px;
    border-bottom: 1px solid #BBB596;
    margin-bottom: 0;
  }
  #goodreads-widget a {
    text-decoration: none;
    color:#660;
  }
  iframe{
    background-color: #fff;
  }
  #goodreads-widget a:hover { text-decoration: underline; }
  #goodreads-widget a:active {
    color:#660;
  }
  #gr_footer {
    width: 100%;
    border-top: 1px solid #BBB596;
    text-align: right;
  }
  #goodreads-widget .gr_branding{
    color: #382110;
    font-size: 11px;
    text-decoration: none;
    font-family: "Helvetica Neue", Helvetica, Arial, sans-serif;
  }
</style>
<div id="goodreads-widget">
  <div id="gr_header"><h1><a rel="nofollow" href="https://www.goodreads.com/book/show/10252302-blue-nights">Blue Nights Reviews</a></h1></div>
  <iframe id="the_iframe" src="https://www.goodreads.com/api/reviews_widget_iframe?did=DEVELOPER_ID&amp;format=html&amp;isbn=0307267679&amp;links=660&amp;min_rating=&amp;review_back=fff&amp;stars=000&amp;text=000" width="565" height="400" frameborder="0"></iframe>
  <div id="gr_footer">
    <a class="gr_branding" target="_blank" rel="nofollow" href="https://www.goodreads.com/book/show/10252302-blue-nights?utm_medium=api&amp;utm_source=reviews_widget">Reviews from Goodreads.com</a>
  </div>
</div>

      ]]>
    </reviews_widget>
  <popular_shelves>
      <shelf name="to-read" count="15460"/>
      <shelf name="memoir" count="487"/>
      <shelf name="non-fiction" count="407"/>
      <shelf name="currently-reading" count="343"/>
      <shelf name="nonfiction" count="212"/>
      <shelf name="memoirs" count="112"/>
      <shelf name="biography" count="81"/>
      <shelf name="favorites" count="69"/>
      <shelf name="biography-memoir" count="55"/>
      <shelf name="library" count="45"/>
      <shelf name="grief" count="45"/>
      <shelf name="death" count="41"/>
      <shelf name="autobiography" count="37"/>
      <shelf name="kindle" count="36"/>
      <shelf name="read-in-2012" count="33"/>
      <shelf name="books-i-own" count="31"/>
      <shelf name="audiobooks" count="30"/>
      <shelf name="owned" count="29"/>
      <shelf name="audio" count="29"/>
      <shelf name="audiobook" count="28"/>
      <shelf name="essays" count="27"/>
      <shelf name="fiction" count="27"/>
      <shelf name="american" count="24"/>
      <shelf name="memoir-biography" count="23"/>
      <shelf name="ebook" count="19"/>
      <shelf name="read-2012" count="17"/>
      <shelf name="wish-list" count="16"/>
      <shelf name="read-in-2011" count="15"/>
      <shelf name="bio-memoir" count="15"/>
      <shelf name="contemporary" count="14"/>
      <shelf name="book-club" count="14"/>
      <shelf name="ebooks" count="14"/>
      <shelf name="audio-books" count="13"/>
      <shelf name="death-and-dying" count="13"/>
      <shelf name="female-authors" count="12"/>
      <shelf name="parenting" count="12"/>
      <shelf name="memoir-autobiography" count="12"/>
      <shelf name="joan-didion" count="12"/>
      <shelf name="read-in-2014" count="11"/>
      <shelf name="read-in-2013" count="11"/>
      <shelf name="adult-non-fiction" count="11"/>
      <shelf name="memoir-bio" count="11"/>
      <shelf name="read-in-2015" count="10"/>
      <shelf name="aging" count="10"/>
      <shelf name="owned-books" count="10"/>
      <shelf name="biography-and-memoir" count="10"/>
      <shelf name="bereavement" count="10"/>
      <shelf name="borrowed" count="10"/>
      <shelf name="family" count="10"/>
      <shelf name="adult" count="10"/>
      <shelf name="to-buy" count="10"/>
      <shelf name="biographies" count="9"/>
      <shelf name="death-dying" count="9"/>
      <shelf name="literature" count="9"/>
      <shelf name="women" count="9"/>
      <shelf name="to-read-non-fiction" count="9"/>
      <shelf name="psychology" count="9"/>
      <shelf name="read-in-2016" count="8"/>
      <shelf name="read-2016" count="8"/>
      <shelf name="favourites" count="8"/>
      <shelf name="audio-book" count="8"/>
      <shelf name="non-fic" count="8"/>
      <shelf name="autobiography-memoir" count="8"/>
      <shelf name="did-not-finish" count="8"/>
      <shelf name="2010s" count="8"/>
      <shelf name="female-author" count="8"/>
      <shelf name="read-2011" count="8"/>
      <shelf name="home-library" count="8"/>
      <shelf name="favorite-authors" count="8"/>
      <shelf name="women-authors" count="8"/>
      <shelf name="2014-books" count="7"/>
      <shelf name="women-writers" count="7"/>
      <shelf name="bio" count="7"/>
      <shelf name="biographies-memoirs" count="7"/>
      <shelf name="recommended" count="7"/>
      <shelf name="daughter-s-death" count="6"/>
      <shelf name="read-2014" count="6"/>
      <shelf name="adoption" count="6"/>
      <shelf name="memoirs-biographies" count="6"/>
      <shelf name="my-library" count="6"/>
      <shelf name="read-2013" count="6"/>
      <shelf name="classics" count="6"/>
      <shelf name="e-books" count="6"/>
      <shelf name="love" count="6"/>
      <shelf name="autobiographical" count="6"/>
      <shelf name="novels" count="6"/>
      <shelf name="abandoned" count="6"/>
      <shelf name="audible" count="6"/>
      <shelf name="2012-books" count="6"/>
      <shelf name="nonfiction-memoir" count="6"/>
      <shelf name="writing" count="6"/>
      <shelf name="21st-century" count="6"/>
      <shelf name="to-read-nonfiction" count="5"/>
      <shelf name="didn-t-finish" count="5"/>
      <shelf name="memoirs-and-biographies" count="5"/>
      <shelf name="nonfic" count="5"/>
      <shelf name="biography-autobiography" count="5"/>
      <shelf name="loss" count="5"/>
      <shelf name="grieving" count="5"/>
      <shelf name="creative-nonfiction" count="5"/>
  </popular_shelves>
  <book_links>
    <book_link>
  <id>8</id>
  <name>Libraries</name>
  <link>https://www.goodreads.com/book_link/follow/8</link>
</book_link>

  </book_links>
  <buy_links>
    <buy_link>
<id>1</id>
<name>Amazon</name>
<link>https://www.goodreads.com/book_link/follow/1</link>
</buy_link>
<buy_link>
<id>10</id>
<name>Audible</name>
<link>https://www.goodreads.com/book_link/follow/10</link>
</buy_link>
<buy_link>
<id>3</id>
<name>Barnes &amp; Noble</name>
<link>https://www.goodreads.com/book_link/follow/3</link>
</buy_link>
<buy_link>
<id>1027</id>
<name>Kobo</name>
<link>https://www.goodreads.com/book_link/follow/1027</link>
</buy_link>
<buy_link>
<id>2102</id>
<name>Apple iBooks</name>
<link>https://www.goodreads.com/book_link/follow/2102</link>
</buy_link>
<buy_link>
<id>8036</id>
<name>Google Play</name>
<link>https://www.goodreads.com/book_link/follow/8036</link>
</buy_link>
<buy_link>
<id>4</id>
<name>Abebooks</name>
<link>https://www.goodreads.com/book_link/follow/4</link>
</buy_link>
<buy_link>
<id>882</id>
<name>Book Depository</name>
<link>https://www.goodreads.com/book_link/follow/882</link>
</buy_link>
<buy_link>
<id>9</id>
<name>Indigo</name>
<link>https://www.goodreads.com/book_link/follow/9</link>
</buy_link>
<buy_link>
<id>2</id>
<name>Half.com</name>
<link>https://www.goodreads.com/book_link/follow/2</link>
</buy_link>
<buy_link>
<id>5</id>
<name>Alibris</name>
<link>https://www.goodreads.com/book_link/follow/5</link>
</buy_link>
<buy_link>
<id>107</id>
<name>Better World Books</name>
<link>https://www.goodreads.com/book_link/follow/107</link>
</buy_link>
<buy_link>
<id>7</id>
<name>IndieBound</name>
<link>https://www.goodreads.com/book_link/follow/7</link>
</buy_link>

  </buy_links>
  <series_works>
    
  </series_works>
  <similar_books>
          <book>
<id>12510874</id>
<title><![CDATA[The Guardians: An Elegy for a Friend]]></title>
<title_without_series><![CDATA[The Guardians: An Elegy for a Friend]]></title_without_series>
<link><![CDATA[https://www.goodreads.com/book/show/12510874-the-guardians]]></link>
<small_image_url><![CDATA[https://images.gr-assets.com/books/1325644785s/12510874.jpg]]></small_image_url>
<image_url><![CDATA[https://images.gr-assets.com/books/1325644785m/12510874.jpg]]></image_url>
<num_pages>111</num_pages>
<work>
<id>17496617</id>
</work>
<isbn>0374167249</isbn>
<isbn13>9780374167240</isbn13>
<average_rating>3.89</average_rating>
<ratings_count>515</ratings_count>
<publication_year></publication_year>
<publication_month></publication_month>
<publication_day></publication_day>
<authors>
<author>
<id>52289</id>
<name>Sarah Manguso</name>
<link><![CDATA[https://www.goodreads.com/author/show/52289.Sarah_Manguso]]></link>
</author>
</authors>
</book>

          <book>
<id>9499320</id>
<title>The Long Goodbye</title>
<title_without_series>The Long Goodbye</title_without_series>
<link><![CDATA[https://www.goodreads.com/book/show/9499320-the-long-goodbye]]></link>
<small_image_url><![CDATA[https://s.gr-assets.com/assets/nophoto/book/50x75-a91bf249278a81aabab721ef782c4a74.png]]></small_image_url>
<image_url><![CDATA[https://s.gr-assets.com/assets/nophoto/book/111x148-bcc042a9c91a29c1d680899eff700a03.png]]></image_url>
<num_pages>306</num_pages>
<work>
<id>14384851</id>
</work>
<isbn>1594487987</isbn>
<isbn13>9781594487989</isbn13>
<average_rating>3.90</average_rating>
<ratings_count>2478</ratings_count>
<publication_year>2011</publication_year>
<publication_month>4</publication_month>
<publication_day>14</publication_day>
<authors>
<author>
<id>57343</id>
<name>Meghan O&apos;Rourke</name>
<link><![CDATA[https://www.goodreads.com/author/show/57343.Meghan_O_Rourke]]></link>
</author>
</authors>
</book>

          <book>
<id>8703772</id>
<title>A Widow&apos;s Story</title>
<title_without_series>A Widow&apos;s Story</title_without_series>
<link><![CDATA[https://www.goodreads.com/book/show/8703772-a-widow-s-story]]></link>
<small_image_url><![CDATA[https://images.gr-assets.com/books/1288782203s/8703772.jpg]]></small_image_url>
<image_url><![CDATA[https://images.gr-assets.com/books/1288782203m/8703772.jpg]]></image_url>
<num_pages></num_pages>
<work>
<id>9989353</id>
</work>
<isbn>0062015532</isbn>
<isbn13>9780062015532</isbn13>
<average_rating>3.68</average_rating>
<ratings_count>2926</ratings_count>
<publication_year>2011</publication_year>
<publication_month>2</publication_month>
<publication_day>1</publication_day>
<authors>
<author>
<id>3524</id>
<name>Joyce Carol Oates</name>
<link><![CDATA[https://www.goodreads.com/author/show/3524.Joyce_Carol_Oates]]></link>
</author>
</authors>
</book>

          <book>
<id>197854</id>
<title><![CDATA[The Best Day the Worst Day: Life with Jane Kenyon]]></title>
<title_without_series><![CDATA[The Best Day the Worst Day: Life with Jane Kenyon]]></title_without_series>
<link><![CDATA[https://www.goodreads.com/book/show/197854.The_Best_Day_the_Worst_Day]]></link>
<small_image_url><![CDATA[https://s.gr-assets.com/assets/nophoto/book/50x75-a91bf249278a81aabab721ef782c4a74.png]]></small_image_url>
<image_url><![CDATA[https://s.gr-assets.com/assets/nophoto/book/111x148-bcc042a9c91a29c1d680899eff700a03.png]]></image_url>
<num_pages></num_pages>
<work>
<id>759196</id>
</work>
<isbn>0618773622</isbn>
<isbn13>9780618773626</isbn13>
<average_rating>4.15</average_rating>
<ratings_count>495</ratings_count>
<publication_year></publication_year>
<publication_month></publication_month>
<publication_day></publication_day>
<authors>
<author>
<id>73432</id>
<name>Donald Hall</name>
<link><![CDATA[https://www.goodreads.com/author/show/73432.Donald_Hall]]></link>
</author>
</authors>
</book>

          <book>
<id>12979437</id>
<title>Joan</title>
<title_without_series>Joan</title_without_series>
<link><![CDATA[https://www.goodreads.com/book/show/12979437-joan]]></link>
<small_image_url><![CDATA[https://images.gr-assets.com/books/1319951388s/12979437.jpg]]></small_image_url>
<image_url><![CDATA[https://images.gr-assets.com/books/1319951388m/12979437.jpg]]></image_url>
<num_pages>45</num_pages>
<work>
<id>18138416</id>
</work>
<isbn></isbn>
<isbn13></isbn13>
<average_rating>3.80</average_rating>
<ratings_count>205</ratings_count>
<publication_year>2011</publication_year>
<publication_month>10</publication_month>
<publication_day>21</publication_day>
<authors>
<author>
<id>82539</id>
<name>Sara Davidson</name>
<link><![CDATA[https://www.goodreads.com/author/show/82539.Sara_Davidson]]></link>
</author>
</authors>
</book>

          <book>
<id>3291844</id>
<title><![CDATA[An Exact Replica of a Figment of My Imagination]]></title>
<title_without_series><![CDATA[An Exact Replica of a Figment of My Imagination]]></title_without_series>
<link><![CDATA[https://www.goodreads.com/book/show/3291844-an-exact-replica-of-a-figment-of-my-imagination]]></link>
<small_image_url><![CDATA[https://s.gr-assets.com/assets/nophoto/book/50x75-a91bf249278a81aabab721ef782c4a74.png]]></small_image_url>
<image_url><![CDATA[https://s.gr-assets.com/assets/nophoto/book/111x148-bcc042a9c91a29c1d680899eff700a03.png]]></image_url>
<num_pages>186</num_pages>
<work>
<id>3328337</id>
</work>
<isbn>0316027677</isbn>
<isbn13>9780316027670</isbn13>
<average_rating>4.11</average_rating>
<ratings_count>4510</ratings_count>
<publication_year></publication_year>
<publication_month></publication_month>
<publication_day></publication_day>
<authors>
<author>
<id>73450</id>
<name>Elizabeth McCracken</name>
<link><![CDATA[https://www.goodreads.com/author/show/73450.Elizabeth_McCracken]]></link>
</author>
</authors>
</book>

          <book>
<id>9520847</id>
<title><![CDATA[Sempre Susan: A Memoir of Susan Sontag]]></title>
<title_without_series><![CDATA[Sempre Susan: A Memoir of Susan Sontag]]></title_without_series>
<link><![CDATA[https://www.goodreads.com/book/show/9520847-sempre-susan]]></link>
<small_image_url><![CDATA[https://images.gr-assets.com/books/1327979120s/9520847.jpg]]></small_image_url>
<image_url><![CDATA[https://images.gr-assets.com/books/1327979120m/9520847.jpg]]></image_url>
<num_pages>140</num_pages>
<work>
<id>14406805</id>
</work>
<isbn>1935633228</isbn>
<isbn13>9781935633228</isbn13>
<average_rating>3.76</average_rating>
<ratings_count>455</ratings_count>
<publication_year>2011</publication_year>
<publication_month>3</publication_month>
<publication_day>30</publication_day>
<authors>
<author>
<id>6633</id>
<name>Sigrid Nunez</name>
<link><![CDATA[https://www.goodreads.com/author/show/6633.Sigrid_Nunez]]></link>
</author>
</authors>
</book>

          <book>
<id>2483355</id>
<title><![CDATA[The Suicide Index: Putting My Father's Death in Order]]></title>
<title_without_series><![CDATA[The Suicide Index: Putting My Father's Death in Order]]></title_without_series>
<link><![CDATA[https://www.goodreads.com/book/show/2483355.The_Suicide_Index]]></link>
<small_image_url><![CDATA[https://s.gr-assets.com/assets/nophoto/book/50x75-a91bf249278a81aabab721ef782c4a74.png]]></small_image_url>
<image_url><![CDATA[https://s.gr-assets.com/assets/nophoto/book/111x148-bcc042a9c91a29c1d680899eff700a03.png]]></image_url>
<num_pages></num_pages>
<work>
<id>2490557</id>
</work>
<isbn>0151014906</isbn>
<isbn13>9780151014903</isbn13>
<average_rating>3.94</average_rating>
<ratings_count>911</ratings_count>
<publication_year></publication_year>
<publication_month></publication_month>
<publication_day></publication_day>
<authors>
<author>
<id>799093</id>
<name>Joan Wickersham</name>
<link><![CDATA[https://www.goodreads.com/author/show/799093.Joan_Wickersham]]></link>
</author>
</authors>
</book>

          <book>
<id>13585762</id>
<title>Swimming Studies</title>
<title_without_series>Swimming Studies</title_without_series>
<link><![CDATA[https://www.goodreads.com/book/show/13585762-swimming-studies]]></link>
<small_image_url><![CDATA[https://images.gr-assets.com/books/1340306516s/13585762.jpg]]></small_image_url>
<image_url><![CDATA[https://images.gr-assets.com/books/1340306516m/13585762.jpg]]></image_url>
<num_pages>336</num_pages>
<work>
<id>19173004</id>
</work>
<isbn>0399158170</isbn>
<isbn13>9780399158179</isbn13>
<average_rating>3.91</average_rating>
<ratings_count>1200</ratings_count>
<publication_year>2012</publication_year>
<publication_month>7</publication_month>
<publication_day>5</publication_day>
<authors>
<author>
<id>93972</id>
<name>Leanne Shapton</name>
<link><![CDATA[https://www.goodreads.com/author/show/93972.Leanne_Shapton]]></link>
</author>
</authors>
</book>

          <book>
<id>6450416</id>
<title><![CDATA[Comfort: A Journey Through Grief]]></title>
<title_without_series><![CDATA[Comfort: A Journey Through Grief]]></title_without_series>
<link><![CDATA[https://www.goodreads.com/book/show/6450416-comfort]]></link>
<small_image_url><![CDATA[https://images.gr-assets.com/books/1358751857s/6450416.jpg]]></small_image_url>
<image_url><![CDATA[https://images.gr-assets.com/books/1358751857m/6450416.jpg]]></image_url>
<num_pages></num_pages>
<work>
<id>2288399</id>
</work>
<isbn>039333659X</isbn>
<isbn13>9780393336597</isbn13>
<average_rating>4.15</average_rating>
<ratings_count>1402</ratings_count>
<publication_year>2009</publication_year>
<publication_month>5</publication_month>
<publication_day>4</publication_day>
<authors>
<author>
<id>24558</id>
<name>Ann Hood</name>
<link><![CDATA[https://www.goodreads.com/author/show/24558.Ann_Hood]]></link>
</author>
</authors>
</book>

          <book>
<id>603986</id>
<title>Plant Dreaming Deep</title>
<title_without_series>Plant Dreaming Deep</title_without_series>
<link><![CDATA[https://www.goodreads.com/book/show/603986.Plant_Dreaming_Deep]]></link>
<small_image_url><![CDATA[https://images.gr-assets.com/books/1432385052s/603986.jpg]]></small_image_url>
<image_url><![CDATA[https://images.gr-assets.com/books/1432385052m/603986.jpg]]></image_url>
<num_pages></num_pages>
<work>
<id>2938783</id>
</work>
<isbn>070434467X</isbn>
<isbn13>9780704344679</isbn13>
<average_rating>4.22</average_rating>
<ratings_count>583</ratings_count>
<publication_year>2002</publication_year>
<publication_month>7</publication_month>
<publication_day>1</publication_day>
<authors>
<author>
<id>13166</id>
<name>May Sarton</name>
<link><![CDATA[https://www.goodreads.com/author/show/13166.May_Sarton]]></link>
</author>
</authors>
</book>

          <book>
<id>6566887</id>
<title><![CDATA[The Ticking Is the Bomb: A Memoir]]></title>
<title_without_series><![CDATA[The Ticking Is the Bomb: A Memoir]]></title_without_series>
<link><![CDATA[https://www.goodreads.com/book/show/6566887-the-ticking-is-the-bomb]]></link>
<small_image_url><![CDATA[https://s.gr-assets.com/assets/nophoto/book/50x75-a91bf249278a81aabab721ef782c4a74.png]]></small_image_url>
<image_url><![CDATA[https://s.gr-assets.com/assets/nophoto/book/111x148-bcc042a9c91a29c1d680899eff700a03.png]]></image_url>
<num_pages>283</num_pages>
<work>
<id>6759835</id>
</work>
<isbn>0393068161</isbn>
<isbn13>9780393068160</isbn13>
<average_rating>3.90</average_rating>
<ratings_count>1132</ratings_count>
<publication_year>2010</publication_year>
<publication_month>1</publication_month>
<publication_day>18</publication_day>
<authors>
<author>
<id>220</id>
<name>Nick Flynn</name>
<link><![CDATA[https://www.goodreads.com/author/show/220.Nick_Flynn]]></link>
</author>
</authors>
</book>

          <book>
<id>9759723</id>
<title>Reading My Father</title>
<title_without_series>Reading My Father</title_without_series>
<link><![CDATA[https://www.goodreads.com/book/show/9759723-reading-my-father]]></link>
<small_image_url><![CDATA[https://images.gr-assets.com/books/1301345802s/9759723.jpg]]></small_image_url>
<image_url><![CDATA[https://images.gr-assets.com/books/1301345802m/9759723.jpg]]></image_url>
<num_pages></num_pages>
<work>
<id>14649049</id>
</work>
<isbn>1416591796</isbn>
<isbn13>9781416591795</isbn13>
<average_rating>3.69</average_rating>
<ratings_count>760</ratings_count>
<publication_year></publication_year>
<publication_month></publication_month>
<publication_day></publication_day>
<authors>
<author>
<id>101827</id>
<name>Alexandra Styron</name>
<link><![CDATA[https://www.goodreads.com/author/show/101827.Alexandra_Styron]]></link>
</author>
</authors>
</book>

          <book>
<id>76536</id>
<title>Atlas of the Human Heart</title>
<title_without_series>Atlas of the Human Heart</title_without_series>
<link><![CDATA[https://www.goodreads.com/book/show/76536.Atlas_of_the_Human_Heart]]></link>
<small_image_url><![CDATA[https://images.gr-assets.com/books/1270078040s/76536.jpg]]></small_image_url>
<image_url><![CDATA[https://images.gr-assets.com/books/1270078040m/76536.jpg]]></image_url>
<num_pages>333</num_pages>
<work>
<id>74047</id>
</work>
<isbn>1580050883</isbn>
<isbn13>9781580050883</isbn13>
<average_rating>4.05</average_rating>
<ratings_count>537</ratings_count>
<publication_year>2003</publication_year>
<publication_month>4</publication_month>
<publication_day>29</publication_day>
<authors>
<author>
<id>17569</id>
<name>Ariel Gore</name>
<link><![CDATA[https://www.goodreads.com/author/show/17569.Ariel_Gore]]></link>
</author>
</authors>
</book>

          <book>
<id>13147829</id>
<title>The Cost of Hope: A Memoir</title>
<title_without_series>The Cost of Hope: A Memoir</title_without_series>
<link><![CDATA[https://www.goodreads.com/book/show/13147829-the-cost-of-hope]]></link>
<small_image_url><![CDATA[https://images.gr-assets.com/books/1333579867s/13147829.jpg]]></small_image_url>
<image_url><![CDATA[https://images.gr-assets.com/books/1333579867m/13147829.jpg]]></image_url>
<num_pages>240</num_pages>
<work>
<id>18325474</id>
</work>
<isbn>140006984X</isbn>
<isbn13>9781400069842</isbn13>
<average_rating>3.90</average_rating>
<ratings_count>532</ratings_count>
<publication_year>2012</publication_year>
<publication_month>6</publication_month>
<publication_day>5</publication_day>
<authors>
<author>
<id>6424961</id>
<name>Amanda   Bennett</name>
<link><![CDATA[https://www.goodreads.com/author/show/6424961.Amanda_Bennett]]></link>
</author>
</authors>
</book>

          <book>
<id>6772094</id>
<title>Devotion: A Memoir</title>
<title_without_series>Devotion: A Memoir</title_without_series>
<link><![CDATA[https://www.goodreads.com/book/show/6772094-devotion]]></link>
<small_image_url><![CDATA[https://s.gr-assets.com/assets/nophoto/book/50x75-a91bf249278a81aabab721ef782c4a74.png]]></small_image_url>
<image_url><![CDATA[https://s.gr-assets.com/assets/nophoto/book/111x148-bcc042a9c91a29c1d680899eff700a03.png]]></image_url>
<num_pages>256</num_pages>
<work>
<id>6971670</id>
</work>
<isbn>0061628344</isbn>
<isbn13>9780061628344</isbn13>
<average_rating>3.77</average_rating>
<ratings_count>1951</ratings_count>
<publication_year>2010</publication_year>
<publication_month>1</publication_month>
<publication_day>26</publication_day>
<authors>
<author>
<id>13932</id>
<name>Dani Shapiro</name>
<link><![CDATA[https://www.goodreads.com/author/show/13932.Dani_Shapiro]]></link>
</author>
</authors>
</book>

          <book>
<id>16045026</id>
<title>In the Body of the World</title>
<title_without_series>In the Body of the World</title_without_series>
<link><![CDATA[https://www.goodreads.com/book/show/16045026-in-the-body-of-the-world]]></link>
<small_image_url><![CDATA[https://images.gr-assets.com/books/1391349061s/16045026.jpg]]></small_image_url>
<image_url><![CDATA[https://images.gr-assets.com/books/1391349061m/16045026.jpg]]></image_url>
<num_pages>240</num_pages>
<work>
<id>21951117</id>
</work>
<isbn>0805095187</isbn>
<isbn13>9780805095180</isbn13>
<average_rating>4.23</average_rating>
<ratings_count>1405</ratings_count>
<publication_year>2013</publication_year>
<publication_month>4</publication_month>
<publication_day>30</publication_day>
<authors>
<author>
<id>60609</id>
<name>Eve Ensler</name>
<link><![CDATA[https://www.goodreads.com/author/show/60609.Eve_Ensler]]></link>
</author>
</authors>
</book>

          <book>
<id>174628</id>
<title><![CDATA[Burning the Days: Recollection]]></title>
<title_without_series><![CDATA[Burning the Days: Recollection]]></title_without_series>
<link><![CDATA[https://www.goodreads.com/book/show/174628.Burning_the_Days]]></link>
<small_image_url><![CDATA[https://images.gr-assets.com/books/1320499886s/174628.jpg]]></small_image_url>
<image_url><![CDATA[https://images.gr-assets.com/books/1320499886m/174628.jpg]]></image_url>
<num_pages>400</num_pages>
<work>
<id>168687</id>
</work>
<isbn>0394759486</isbn>
<isbn13>9780394759487</isbn13>
<average_rating>4.08</average_rating>
<ratings_count>637</ratings_count>
<publication_year>1998</publication_year>
<publication_month>9</publication_month>
<publication_day>29</publication_day>
<authors>
<author>
<id>11298</id>
<name>James Salter</name>
<link><![CDATA[https://www.goodreads.com/author/show/11298.James_Salter]]></link>
</author>
</authors>
</book>

  </similar_books>
</book>

</GoodreadsResponse>