<?xml version="1.0" encoding="UTF-8"?>
<GoodreadsResponse>
  <Request>
    <authentication>true</authentication>
      <key><![CDATA[all_men_must_serve]]></key>
    <method><![CDATA[book_show]]></method>
  </Request>
  <book>
  <id>1027760</id>
  <title>Madeline and the Bad Hat</title>
  <isbn><![CDATA[0670446149]]></isbn>
  <isbn13><![CDATA[9780670446148]]></isbn13>
  <asin><![CDATA[]]></asin>
  <kindle_asin><![CDATA[]]></kindle_asin>
  <marketplace_id><![CDATA[]]></marketplace_id>
  <country_code><![CDATA[GB]]></country_code>
  <image_url>https://images.gr-assets.com/books/1355497395m/1027760.jpg</image_url>
  <small_image_url>https://images.gr-assets.com/books/1355497395s/1027760.jpg</small_image_url>
  <publication_year>1957</publication_year>
  <publication_month></publication_month>
  <publication_day></publication_day>
  <publisher>The Viking Press</publisher>
  <language_code>en-US</language_code>
  <is_ebook>false</is_ebook>
  <description></description>
  <work>
  <id type="integer">1092326</id>
  <books_count type="integer">23</books_count>
  <best_book_id type="integer">1027760</best_book_id>
  <reviews_count type="integer">18169</reviews_count>
  <ratings_sum type="integer">69623</ratings_sum>
  <ratings_count type="integer">16303</ratings_count>
  <text_reviews_count type="integer">118</text_reviews_count>
  <original_publication_year type="integer">1956</original_publication_year>
  <original_publication_month type="integer" nil="true"/>
  <original_publication_day type="integer" nil="true"/>
  <original_title>Madeline and the Bad Hat</original_title>
  <original_language_id type="integer" nil="true"/>
  <media_type>book</media_type>
  <rating_dist>5:8661|4:4190|3:2813|2:480|1:159|total:16303</rating_dist>
  <desc_user_id type="integer" nil="true"/>
  <default_chaptering_book_id type="integer" nil="true"/>
  <default_description_language_code nil="true"/>
</work>
  <average_rating>4.27</average_rating>
  <num_pages><![CDATA[54]]></num_pages>
  <format><![CDATA[Hardcover]]></format>
  <edition_information><![CDATA[]]></edition_information>
  <ratings_count><![CDATA[16188]]></ratings_count>
  <text_reviews_count><![CDATA[106]]></text_reviews_count>
  <url><![CDATA[https://www.goodreads.com/book/show/1027760.Madeline_and_the_Bad_Hat]]></url>
  <link><![CDATA[https://www.goodreads.com/book/show/1027760.Madeline_and_the_Bad_Hat]]></link>
  <authors>
<author>
<id>64280</id>
<name>Ludwig Bemelmans</name>
<role></role>
<image_url nophoto='false'>
<![CDATA[https://images.gr-assets.com/authors/1212084745p5/64280.jpg]]>
</image_url>
<small_image_url nophoto='false'>
<![CDATA[https://images.gr-assets.com/authors/1212084745p2/64280.jpg]]>
</small_image_url>
<link><![CDATA[https://www.goodreads.com/author/show/64280.Ludwig_Bemelmans]]></link>
<average_rating>4.22</average_rating>
<ratings_count>215078</ratings_count>
<text_reviews_count>2572</text_reviews_count>
</author>
</authors>

    <reviews_widget>
      <![CDATA[
        <style>
  #goodreads-widget {
    font-family: georgia, serif;
    padding: 18px 0;
    width:565px;
  }
  #goodreads-widget h1 {
    font-weight:normal;
    font-size: 16px;
    border-bottom: 1px solid #BBB596;
    margin-bottom: 0;
  }
  #goodreads-widget a {
    text-decoration: none;
    color:#660;
  }
  iframe{
    background-color: #fff;
  }
  #goodreads-widget a:hover { text-decoration: underline; }
  #goodreads-widget a:active {
    color:#660;
  }
  #gr_footer {
    width: 100%;
    border-top: 1px solid #BBB596;
    text-align: right;
  }
  #goodreads-widget .gr_branding{
    color: #382110;
    font-size: 11px;
    text-decoration: none;
    font-family: "Helvetica Neue", Helvetica, Arial, sans-serif;
  }
</style>
<div id="goodreads-widget">
  <div id="gr_header"><h1><a rel="nofollow" href="https://www.goodreads.com/book/show/1027760.Madeline_and_the_Bad_Hat">Madeline and the Bad Hat Reviews</a></h1></div>
  <iframe id="the_iframe" src="https://www.goodreads.com/api/reviews_widget_iframe?did=DEVELOPER_ID&amp;format=html&amp;isbn=0670446149&amp;links=660&amp;min_rating=&amp;review_back=fff&amp;stars=000&amp;text=000" width="565" height="400" frameborder="0"></iframe>
  <div id="gr_footer">
    <a class="gr_branding" target="_blank" rel="nofollow" href="https://www.goodreads.com/book/show/1027760.Madeline_and_the_Bad_Hat?utm_medium=api&amp;utm_source=reviews_widget">Reviews from Goodreads.com</a>
  </div>
</div>

      ]]>
    </reviews_widget>
  <popular_shelves>
      <shelf name="to-read" count="1290"/>
      <shelf name="picture-books" count="160"/>
      <shelf name="childrens" count="110"/>
      <shelf name="children-s-books" count="84"/>
      <shelf name="children-s" count="82"/>
      <shelf name="children" count="79"/>
      <shelf name="kids" count="43"/>
      <shelf name="fiction" count="42"/>
      <shelf name="picture-book" count="32"/>
      <shelf name="childrens-books" count="31"/>
      <shelf name="kids-books" count="29"/>
      <shelf name="childhood" count="25"/>
      <shelf name="children-s-literature" count="23"/>
      <shelf name="classics" count="19"/>
      <shelf name="favorites" count="19"/>
      <shelf name="france" count="18"/>
      <shelf name="owned" count="16"/>
      <shelf name="series" count="14"/>
      <shelf name="madeline" count="13"/>
      <shelf name="french" count="12"/>
      <shelf name="books-i-own" count="10"/>
      <shelf name="childhood-books" count="10"/>
      <shelf name="rhyming" count="9"/>
      <shelf name="classic" count="9"/>
      <shelf name="children-s-picture-books" count="9"/>
      <shelf name="childhood-favorites" count="9"/>
      <shelf name="currently-reading" count="7"/>
      <shelf name="children-s-lit" count="7"/>
      <shelf name="picture" count="7"/>
      <shelf name="childrens-lit" count="7"/>
      <shelf name="default" count="6"/>
      <shelf name="paris" count="6"/>
      <shelf name="library-books" count="6"/>
      <shelf name="children-books" count="6"/>
      <shelf name="illustrated" count="6"/>
      <shelf name="europe" count="5"/>
      <shelf name="i-own" count="5"/>
      <shelf name="youth" count="5"/>
      <shelf name="from-my-childhood" count="5"/>
      <shelf name="read-aloud" count="5"/>
      <shelf name="kid-books" count="5"/>
      <shelf name="1000-books-before-kindergarten" count="4"/>
      <shelf name="ludwig-bemelmans" count="4"/>
      <shelf name="poetry" count="4"/>
      <shelf name="kiddos" count="4"/>
      <shelf name="adventure" count="4"/>
      <shelf name="children-picture" count="4"/>
      <shelf name="favorite-children-s-books" count="4"/>
      <shelf name="books-i-read-as-a-child" count="4"/>
      <shelf name="children-s-classics" count="4"/>
      <shelf name="to-buy" count="4"/>
      <shelf name="read-picture-books" count="4"/>
      <shelf name="childhood-memories" count="4"/>
      <shelf name="friendship" count="4"/>
      <shelf name="children-s-book" count="4"/>
      <shelf name="childhood-favourites" count="4"/>
      <shelf name="young-children" count="4"/>
      <shelf name="kid-s-books" count="4"/>
      <shelf name="childrens-picture-books" count="4"/>
      <shelf name="children-ya" count="4"/>
      <shelf name="orphans" count="4"/>
      <shelf name="owned-books" count="3"/>
      <shelf name="home" count="3"/>
      <shelf name="children-read" count="3"/>
      <shelf name="children-s-fiction" count="3"/>
      <shelf name="read-alouds" count="3"/>
      <shelf name="books-from-my-childhood" count="3"/>
      <shelf name="kids-picture-books" count="3"/>
      <shelf name="kid-lit" count="3"/>
      <shelf name="for-the-kiddos" count="3"/>
      <shelf name="children-fiction" count="3"/>
      <shelf name="kindergarten" count="3"/>
      <shelf name="madeline-series" count="3"/>
      <shelf name="kids-picture" count="3"/>
      <shelf name="my-library" count="3"/>
      <shelf name="read-childrens" count="3"/>
      <shelf name="my-childhood" count="3"/>
      <shelf name="elementary-school" count="3"/>
      <shelf name="borrowed" count="3"/>
      <shelf name="friends" count="3"/>
      <shelf name="picturebooks" count="3"/>
      <shelf name="kidlit" count="3"/>
      <shelf name="kid-stuff" count="3"/>
      <shelf name="books-for-children" count="3"/>
      <shelf name="micahs-books" count="2"/>
      <shelf name="children-s-picture" count="2"/>
      <shelf name="books-we-read-to-kairi" count="2"/>
      <shelf name="kids-shelf" count="2"/>
      <shelf name="other" count="2"/>
      <shelf name="ex-1more" count="2"/>
      <shelf name="behavior" count="2"/>
      <shelf name="boarding-school" count="2"/>
      <shelf name="children-classics" count="2"/>
      <shelf name="female-protagonist" count="2"/>
      <shelf name="read-for-the-heart" count="2"/>
      <shelf name="want-to-own" count="2"/>
      <shelf name="kids-picture-book" count="2"/>
      <shelf name="childrens-to-read" count="2"/>
      <shelf name="paperback" count="2"/>
      <shelf name="history" count="2"/>
  </popular_shelves>
  <book_links>
    <book_link>
  <id>8</id>
  <name>Libraries</name>
  <link>https://www.goodreads.com/book_link/follow/8</link>
</book_link>

  </book_links>
  <buy_links>
    <buy_link>
<id>1</id>
<name>Amazon</name>
<link>https://www.goodreads.com/book_link/follow/1</link>
</buy_link>
<buy_link>
<id>10</id>
<name>Audible</name>
<link>https://www.goodreads.com/book_link/follow/10</link>
</buy_link>
<buy_link>
<id>3</id>
<name>Barnes &amp; Noble</name>
<link>https://www.goodreads.com/book_link/follow/3</link>
</buy_link>
<buy_link>
<id>1027</id>
<name>Kobo</name>
<link>https://www.goodreads.com/book_link/follow/1027</link>
</buy_link>
<buy_link>
<id>2102</id>
<name>Apple iBooks</name>
<link>https://www.goodreads.com/book_link/follow/2102</link>
</buy_link>
<buy_link>
<id>8036</id>
<name>Google Play</name>
<link>https://www.goodreads.com/book_link/follow/8036</link>
</buy_link>
<buy_link>
<id>4</id>
<name>Abebooks</name>
<link>https://www.goodreads.com/book_link/follow/4</link>
</buy_link>
<buy_link>
<id>882</id>
<name>Book Depository</name>
<link>https://www.goodreads.com/book_link/follow/882</link>
</buy_link>
<buy_link>
<id>9</id>
<name>Indigo</name>
<link>https://www.goodreads.com/book_link/follow/9</link>
</buy_link>
<buy_link>
<id>2</id>
<name>Half.com</name>
<link>https://www.goodreads.com/book_link/follow/2</link>
</buy_link>
<buy_link>
<id>5</id>
<name>Alibris</name>
<link>https://www.goodreads.com/book_link/follow/5</link>
</buy_link>
<buy_link>
<id>107</id>
<name>Better World Books</name>
<link>https://www.goodreads.com/book_link/follow/107</link>
</buy_link>
<buy_link>
<id>7</id>
<name>IndieBound</name>
<link>https://www.goodreads.com/book_link/follow/7</link>
</buy_link>

  </buy_links>
  <series_works>
    <series_work>
<id>184167</id>
<user_position>3</user_position>
<series>
<id>49719</id>
<title>
<![CDATA[
    Madeline
]]>
</title>
<description>
<![CDATA[
]]>
</description>
<note>
<![CDATA[
]]>
</note>
<series_works_count>20</series_works_count>
<primary_work_count>15</primary_work_count>
<numbered>false</numbered>
</series>

</series_work>

  </series_works>
  <similar_books>
          <book>
<id>42407</id>
<title>Babar the King</title>
<title_without_series>Babar the King</title_without_series>
<link><![CDATA[https://www.goodreads.com/book/show/42407.Babar_the_King]]></link>
<small_image_url><![CDATA[https://s.gr-assets.com/assets/nophoto/book/50x75-a91bf249278a81aabab721ef782c4a74.png]]></small_image_url>
<image_url><![CDATA[https://s.gr-assets.com/assets/nophoto/book/111x148-bcc042a9c91a29c1d680899eff700a03.png]]></image_url>
<num_pages>52</num_pages>
<work>
<id>2094984</id>
</work>
<isbn>1405204664</isbn>
<isbn13>9781405204668</isbn13>
<average_rating>4.18</average_rating>
<ratings_count>14390</ratings_count>
<publication_year>2002</publication_year>
<publication_month></publication_month>
<publication_day></publication_day>
<authors>
<author>
<id>4788791</id>
<name>Jean de Brunhoff</name>
<link><![CDATA[https://www.goodreads.com/author/show/4788791.Jean_de_Brunhoff]]></link>
</author>
</authors>
</book>

          <book>
<id>201145</id>
<title><![CDATA[A Kiss for Little Bear (An I Can Read Book) by Minarik, Else Holmelund [1984]]]></title>
<title_without_series><![CDATA[A Kiss for Little Bear (An I Can Read Book) by Minarik, Else Holmelund [1984]]]></title_without_series>
<link><![CDATA[https://www.goodreads.com/book/show/201145.A_Kiss_for_Little_Bear_An_I_Can_Read_Book_by_Minarik_Else_Holmelund_1984_]]></link>
<small_image_url><![CDATA[https://s.gr-assets.com/assets/nophoto/book/50x75-a91bf249278a81aabab721ef782c4a74.png]]></small_image_url>
<image_url><![CDATA[https://s.gr-assets.com/assets/nophoto/book/111x148-bcc042a9c91a29c1d680899eff700a03.png]]></image_url>
<num_pages></num_pages>
<work>
<id>2563528</id>
</work>
<isbn>0064440508</isbn>
<isbn13>9780064440509</isbn13>
<average_rating>4.31</average_rating>
<ratings_count>11609</ratings_count>
<publication_year></publication_year>
<publication_month></publication_month>
<publication_day></publication_day>
<authors>
<author>
<id>8722</id>
<name>Else Holmelund Minarik</name>
<link><![CDATA[https://www.goodreads.com/author/show/8722.Else_Holmelund_Minarik]]></link>
</author>
</authors>
</book>

          <book>
<id>155106</id>
<title><![CDATA[Amelia Bedelia and the Surprise Shower]]></title>
<title_without_series><![CDATA[Amelia Bedelia and the Surprise Shower]]></title_without_series>
<link><![CDATA[https://www.goodreads.com/book/show/155106.Amelia_Bedelia_and_the_Surprise_Shower]]></link>
<small_image_url><![CDATA[https://s.gr-assets.com/assets/nophoto/book/50x75-a91bf249278a81aabab721ef782c4a74.png]]></small_image_url>
<image_url><![CDATA[https://s.gr-assets.com/assets/nophoto/book/111x148-bcc042a9c91a29c1d680899eff700a03.png]]></image_url>
<num_pages>64</num_pages>
<work>
<id>1096604</id>
</work>
<isbn>0064440192</isbn>
<isbn13>9780064440196</isbn13>
<average_rating>4.27</average_rating>
<ratings_count>14514</ratings_count>
<publication_year>1994</publication_year>
<publication_month>10</publication_month>
<publication_day>7</publication_day>
<authors>
<author>
<id>9002</id>
<name>Peggy Parish</name>
<link><![CDATA[https://www.goodreads.com/author/show/9002.Peggy_Parish]]></link>
</author>
</authors>
</book>

          <book>
<id>756712</id>
<title>The Tale of Benjamin Bunny</title>
<title_without_series>The Tale of Benjamin Bunny</title_without_series>
<link><![CDATA[https://www.goodreads.com/book/show/756712.The_Tale_of_Benjamin_Bunny]]></link>
<small_image_url><![CDATA[https://s.gr-assets.com/assets/nophoto/book/50x75-a91bf249278a81aabab721ef782c4a74.png]]></small_image_url>
<image_url><![CDATA[https://s.gr-assets.com/assets/nophoto/book/111x148-bcc042a9c91a29c1d680899eff700a03.png]]></image_url>
<num_pages>58</num_pages>
<work>
<id>742825</id>
</work>
<isbn>0723247730</isbn>
<isbn13>9780723247739</isbn13>
<average_rating>4.27</average_rating>
<ratings_count>12415</ratings_count>
<publication_year>2002</publication_year>
<publication_month>3</publication_month>
<publication_day>7</publication_day>
<authors>
<author>
<id>11593</id>
<name>Beatrix Potter</name>
<link><![CDATA[https://www.goodreads.com/author/show/11593.Beatrix_Potter]]></link>
</author>
</authors>
</book>

          <book>
<id>291364</id>
<title>Curious George Rides a Bike</title>
<title_without_series>Curious George Rides a Bike</title_without_series>
<link><![CDATA[https://www.goodreads.com/book/show/291364.Curious_George_Rides_a_Bike]]></link>
<small_image_url><![CDATA[https://s.gr-assets.com/assets/nophoto/book/50x75-a91bf249278a81aabab721ef782c4a74.png]]></small_image_url>
<image_url><![CDATA[https://s.gr-assets.com/assets/nophoto/book/111x148-bcc042a9c91a29c1d680899eff700a03.png]]></image_url>
<num_pages>48</num_pages>
<work>
<id>561807</id>
</work>
<isbn>1844285073</isbn>
<isbn13>9781844285075</isbn13>
<average_rating>4.24</average_rating>
<ratings_count>15682</ratings_count>
<publication_year>2004</publication_year>
<publication_month>5</publication_month>
<publication_day>3</publication_day>
<authors>
<author>
<id>967839</id>
<name>H.A. Rey</name>
<link><![CDATA[https://www.goodreads.com/author/show/967839.H_A_Rey]]></link>
</author>
</authors>
</book>

          <book>
<id>908940</id>
<title>No Roses for Harry!</title>
<title_without_series>No Roses for Harry!</title_without_series>
<link><![CDATA[https://www.goodreads.com/book/show/908940.No_Roses_for_Harry_]]></link>
<small_image_url><![CDATA[https://s.gr-assets.com/assets/nophoto/book/50x75-a91bf249278a81aabab721ef782c4a74.png]]></small_image_url>
<image_url><![CDATA[https://s.gr-assets.com/assets/nophoto/book/111x148-bcc042a9c91a29c1d680899eff700a03.png]]></image_url>
<num_pages>32</num_pages>
<work>
<id>3011279</id>
</work>
<isbn>0064430111</isbn>
<isbn13>9780064430111</isbn13>
<average_rating>4.24</average_rating>
<ratings_count>8392</ratings_count>
<publication_year>1976</publication_year>
<publication_month>10</publication_month>
<publication_day>26</publication_day>
<authors>
<author>
<id>6577</id>
<name>Gene Zion</name>
<link><![CDATA[https://www.goodreads.com/author/show/6577.Gene_Zion]]></link>
</author>
</authors>
</book>

          <book>
<id>394683</id>
<title>A Bargain for Frances</title>
<title_without_series>A Bargain for Frances</title_without_series>
<link><![CDATA[https://www.goodreads.com/book/show/394683.A_Bargain_for_Frances]]></link>
<small_image_url><![CDATA[https://s.gr-assets.com/assets/nophoto/book/50x75-a91bf249278a81aabab721ef782c4a74.png]]></small_image_url>
<image_url><![CDATA[https://s.gr-assets.com/assets/nophoto/book/111x148-bcc042a9c91a29c1d680899eff700a03.png]]></image_url>
<num_pages>64</num_pages>
<work>
<id>1672323</id>
</work>
<isbn>006444001X</isbn>
<isbn13>9780064440011</isbn13>
<average_rating>4.25</average_rating>
<ratings_count>13327</ratings_count>
<publication_year>2003</publication_year>
<publication_month>2</publication_month>
<publication_day>18</publication_day>
<authors>
<author>
<id>12076</id>
<name>Russell Hoban</name>
<link><![CDATA[https://www.goodreads.com/author/show/12076.Russell_Hoban]]></link>
</author>
</authors>
</book>

          <book>
<id>141935</id>
<title><![CDATA[Curious George Visits the Library]]></title>
<title_without_series><![CDATA[Curious George Visits the Library]]></title_without_series>
<link><![CDATA[https://www.goodreads.com/book/show/141935.Curious_George_Visits_the_Library]]></link>
<small_image_url><![CDATA[https://s.gr-assets.com/assets/nophoto/book/50x75-a91bf249278a81aabab721ef782c4a74.png]]></small_image_url>
<image_url><![CDATA[https://s.gr-assets.com/assets/nophoto/book/111x148-bcc042a9c91a29c1d680899eff700a03.png]]></image_url>
<num_pages></num_pages>
<work>
<id>136898</id>
</work>
<isbn>0618065687</isbn>
<isbn13>9780618065684</isbn13>
<average_rating>4.25</average_rating>
<ratings_count>10633</ratings_count>
<publication_year></publication_year>
<publication_month></publication_month>
<publication_day></publication_day>
<authors>
<author>
<id>6608</id>
<name>Margret Rey</name>
<link><![CDATA[https://www.goodreads.com/author/show/6608.Margret_Rey]]></link>
</author>
</authors>
</book>

          <book>
<id>14480</id>
<title>Calling Doctor Amelia Bedelia</title>
<title_without_series>Calling Doctor Amelia Bedelia</title_without_series>
<link><![CDATA[https://www.goodreads.com/book/show/14480.Calling_Doctor_Amelia_Bedelia]]></link>
<small_image_url><![CDATA[https://s.gr-assets.com/assets/nophoto/book/50x75-a91bf249278a81aabab721ef782c4a74.png]]></small_image_url>
<image_url><![CDATA[https://s.gr-assets.com/assets/nophoto/book/111x148-bcc042a9c91a29c1d680899eff700a03.png]]></image_url>
<num_pages>64</num_pages>
<work>
<id>888928</id>
</work>
<isbn>0060087803</isbn>
<isbn13>9780060087807</isbn13>
<average_rating>4.29</average_rating>
<ratings_count>12456</ratings_count>
<publication_year>2004</publication_year>
<publication_month>9</publication_month>
<publication_day>7</publication_day>
<authors>
<author>
<id>9004</id>
<name>Herman Parish</name>
<link><![CDATA[https://www.goodreads.com/author/show/9004.Herman_Parish]]></link>
</author>
</authors>
</book>

          <book>
<id>263599</id>
<title><![CDATA[The Berenstain Bears' Moving Day ]]></title>
<title_without_series><![CDATA[The Berenstain Bears' Moving Day]]></title_without_series>
<link><![CDATA[https://www.goodreads.com/book/show/263599.The_Berenstain_Bears_Moving_Day]]></link>
<small_image_url><![CDATA[https://s.gr-assets.com/assets/nophoto/book/50x75-a91bf249278a81aabab721ef782c4a74.png]]></small_image_url>
<image_url><![CDATA[https://s.gr-assets.com/assets/nophoto/book/111x148-bcc042a9c91a29c1d680899eff700a03.png]]></image_url>
<num_pages>32</num_pages>
<work>
<id>2900050</id>
</work>
<isbn>0394848381</isbn>
<isbn13>9780394848389</isbn13>
<average_rating>4.14</average_rating>
<ratings_count>10337</ratings_count>
<publication_year>1981</publication_year>
<publication_month>10</publication_month>
<publication_day>12</publication_day>
<authors>
<author>
<id>26886</id>
<name>Stan Berenstain</name>
<link><![CDATA[https://www.goodreads.com/author/show/26886.Stan_Berenstain]]></link>
</author>
</authors>
</book>

          <book>
<id>532752</id>
<title><![CDATA[The Country Bunny and the Little Gold Shoes]]></title>
<title_without_series><![CDATA[The Country Bunny and the Little Gold Shoes]]></title_without_series>
<link><![CDATA[https://www.goodreads.com/book/show/532752.The_Country_Bunny_and_the_Little_Gold_Shoes]]></link>
<small_image_url><![CDATA[https://s.gr-assets.com/assets/nophoto/book/50x75-a91bf249278a81aabab721ef782c4a74.png]]></small_image_url>
<image_url><![CDATA[https://s.gr-assets.com/assets/nophoto/book/111x148-bcc042a9c91a29c1d680899eff700a03.png]]></image_url>
<num_pages>46</num_pages>
<work>
<id>1434673</id>
</work>
<isbn>0395159903</isbn>
<isbn13>9780395159903</isbn13>
<average_rating>4.31</average_rating>
<ratings_count>8994</ratings_count>
<publication_year>1967</publication_year>
<publication_month></publication_month>
<publication_day></publication_day>
<authors>
<author>
<id>33278</id>
<name>DuBose Heyward</name>
<link><![CDATA[https://www.goodreads.com/author/show/33278.DuBose_Heyward]]></link>
</author>
</authors>
</book>

          <book>
<id>782854</id>
<title>Eloise </title>
<title_without_series>Eloise</title_without_series>
<link><![CDATA[https://www.goodreads.com/book/show/782854.Eloise]]></link>
<small_image_url><![CDATA[https://s.gr-assets.com/assets/nophoto/book/50x75-a91bf249278a81aabab721ef782c4a74.png]]></small_image_url>
<image_url><![CDATA[https://s.gr-assets.com/assets/nophoto/book/111x148-bcc042a9c91a29c1d680899eff700a03.png]]></image_url>
<num_pages>65</num_pages>
<work>
<id>768864</id>
</work>
<isbn>067122350X</isbn>
<isbn13>9780671223502</isbn13>
<average_rating>4.20</average_rating>
<ratings_count>20386</ratings_count>
<publication_year></publication_year>
<publication_month></publication_month>
<publication_day></publication_day>
<authors>
<author>
<id>73310</id>
<name>Kay Thompson</name>
<link><![CDATA[https://www.goodreads.com/author/show/73310.Kay_Thompson]]></link>
</author>
</authors>
</book>

          <book>
<id>239381</id>
<title>Just a Mess (Little Critter)</title>
<title_without_series>Just a Mess</title_without_series>
<link><![CDATA[https://www.goodreads.com/book/show/239381.Just_a_Mess]]></link>
<small_image_url><![CDATA[https://s.gr-assets.com/assets/nophoto/book/50x75-a91bf249278a81aabab721ef782c4a74.png]]></small_image_url>
<image_url><![CDATA[https://s.gr-assets.com/assets/nophoto/book/111x148-bcc042a9c91a29c1d680899eff700a03.png]]></image_url>
<num_pages>24</num_pages>
<work>
<id>231881</id>
</work>
<isbn>0307119483</isbn>
<isbn13>9780307119483</isbn13>
<average_rating>4.23</average_rating>
<ratings_count>10778</ratings_count>
<publication_year>2000</publication_year>
<publication_month>5</publication_month>
<publication_day>1</publication_day>
<authors>
<author>
<id>692</id>
<name>Mercer Mayer</name>
<link><![CDATA[https://www.goodreads.com/author/show/692.Mercer_Mayer]]></link>
</author>
</authors>
</book>

          <book>
<id>833549</id>
<title><![CDATA[Frog and Toad All Year (Frog and Toad, #3)]]></title>
<title_without_series>Frog and Toad All Year</title_without_series>
<link><![CDATA[https://www.goodreads.com/book/show/833549.Frog_and_Toad_All_Year]]></link>
<small_image_url><![CDATA[https://s.gr-assets.com/assets/nophoto/book/50x75-a91bf249278a81aabab721ef782c4a74.png]]></small_image_url>
<image_url><![CDATA[https://s.gr-assets.com/assets/nophoto/book/111x148-bcc042a9c91a29c1d680899eff700a03.png]]></image_url>
<num_pages></num_pages>
<work>
<id>1451198</id>
</work>
<isbn>0064440591</isbn>
<isbn13>9780064440592</isbn13>
<average_rating>4.34</average_rating>
<ratings_count>29471</ratings_count>
<publication_year></publication_year>
<publication_month></publication_month>
<publication_day></publication_day>
<authors>
<author>
<id>12447</id>
<name>Arnold Lobel</name>
<link><![CDATA[https://www.goodreads.com/author/show/12447.Arnold_Lobel]]></link>
</author>
</authors>
</book>

          <book>
<id>110963</id>
<title><![CDATA[The Magic School Bus Sees Stars: A Book About Stars]]></title>
<title_without_series><![CDATA[The Magic School Bus Sees Stars: A Book About Stars]]></title_without_series>
<link><![CDATA[https://www.goodreads.com/book/show/110963.The_Magic_School_Bus_Sees_Stars]]></link>
<small_image_url><![CDATA[https://images.gr-assets.com/books/1360057847s/110963.jpg]]></small_image_url>
<image_url><![CDATA[https://images.gr-assets.com/books/1360057847m/110963.jpg]]></image_url>
<num_pages>32</num_pages>
<work>
<id>106889</id>
</work>
<isbn>0590187325</isbn>
<isbn13>9780590187329</isbn13>
<average_rating>4.41</average_rating>
<ratings_count>3593</ratings_count>
<publication_year>1999</publication_year>
<publication_month>2</publication_month>
<publication_day>1</publication_day>
<authors>
<author>
<id>22504</id>
<name>Joanna Cole</name>
<link><![CDATA[https://www.goodreads.com/author/show/22504.Joanna_Cole]]></link>
</author>
</authors>
</book>

  </similar_books>
</book>

</GoodreadsResponse>