<?xml version="1.0" encoding="UTF-8"?>
<GoodreadsResponse>
  <Request>
    <authentication>true</authentication>
      <key><![CDATA[all_men_must_serve]]></key>
    <method><![CDATA[book_show]]></method>
  </Request>
  <book>
  <id>102920</id>
  <title><![CDATA[Understanding Comics: The Invisible Art]]></title>
  <isbn><![CDATA[006097625X]]></isbn>
  <isbn13><![CDATA[9780060976255]]></isbn13>
  <asin><![CDATA[]]></asin>
  <kindle_asin><![CDATA[]]></kindle_asin>
  <marketplace_id><![CDATA[]]></marketplace_id>
  <country_code><![CDATA[GB]]></country_code>
  <image_url>https://images.gr-assets.com/books/1328408101m/102920.jpg</image_url>
  <small_image_url>https://images.gr-assets.com/books/1328408101s/102920.jpg</small_image_url>
  <publication_year></publication_year>
  <publication_month></publication_month>
  <publication_day></publication_day>
  <publisher></publisher>
  <language_code>en-US</language_code>
  <is_ebook>false</is_ebook>
  <description><![CDATA[A comic book about comic books. McCloud, in an incredibly accessible style, explains the details of how comics work: how they're composed, read and understood. More than just a book about comics, this gets to the heart of how we deal with visual languages in general. "The potential of comics is limitless and exciting!" writes McCloud. This should be required reading for every school teacher. Pulitzer Prize-winner Art Spiegelman says, "The most intelligent comics I've seen in a long time."]]></description>
  <work>
  <id type="integer">2415847</id>
  <books_count type="integer">37</books_count>
  <best_book_id type="integer">102920</best_book_id>
  <reviews_count type="integer">147854</reviews_count>
  <ratings_sum type="integer">310813</ratings_sum>
  <ratings_count type="integer">78051</ratings_count>
  <text_reviews_count type="integer">1661</text_reviews_count>
  <original_publication_year type="integer">1993</original_publication_year>
  <original_publication_month type="integer" nil="true"/>
  <original_publication_day type="integer" nil="true"/>
  <original_title>Understanding Comics: The Invisible Art</original_title>
  <original_language_id type="integer" nil="true"/>
  <media_type>book</media_type>
  <rating_dist>5:34829|4:20963|3:12961|2:4635|1:4663|total:78051</rating_dist>
  <desc_user_id type="integer">30728977</desc_user_id>
  <default_chaptering_book_id type="integer" nil="true"/>
  <default_description_language_code nil="true"/>
</work>
  <average_rating>3.98</average_rating>
  <num_pages><![CDATA[215]]></num_pages>
  <format><![CDATA[]]></format>
  <edition_information><![CDATA[]]></edition_information>
  <ratings_count><![CDATA[77375]]></ratings_count>
  <text_reviews_count><![CDATA[1581]]></text_reviews_count>
  <url><![CDATA[https://www.goodreads.com/book/show/102920.Understanding_Comics]]></url>
  <link><![CDATA[https://www.goodreads.com/book/show/102920.Understanding_Comics]]></link>
  <authors>
<author>
<id>33907</id>
<name>Scott McCloud</name>
<role></role>
<image_url nophoto='false'>
<![CDATA[https://images.gr-assets.com/authors/1231113775p5/33907.jpg]]>
</image_url>
<small_image_url nophoto='false'>
<![CDATA[https://images.gr-assets.com/authors/1231113775p2/33907.jpg]]>
</small_image_url>
<link><![CDATA[https://www.goodreads.com/author/show/33907.Scott_McCloud]]></link>
<average_rating>4.00</average_rating>
<ratings_count>106198</ratings_count>
<text_reviews_count>4528</text_reviews_count>
</author>
</authors>

    <reviews_widget>
      <![CDATA[
        <style>
  #goodreads-widget {
    font-family: georgia, serif;
    padding: 18px 0;
    width:565px;
  }
  #goodreads-widget h1 {
    font-weight:normal;
    font-size: 16px;
    border-bottom: 1px solid #BBB596;
    margin-bottom: 0;
  }
  #goodreads-widget a {
    text-decoration: none;
    color:#660;
  }
  iframe{
    background-color: #fff;
  }
  #goodreads-widget a:hover { text-decoration: underline; }
  #goodreads-widget a:active {
    color:#660;
  }
  #gr_footer {
    width: 100%;
    border-top: 1px solid #BBB596;
    text-align: right;
  }
  #goodreads-widget .gr_branding{
    color: #382110;
    font-size: 11px;
    text-decoration: none;
    font-family: "Helvetica Neue", Helvetica, Arial, sans-serif;
  }
</style>
<div id="goodreads-widget">
  <div id="gr_header"><h1><a rel="nofollow" href="https://www.goodreads.com/book/show/102920.Understanding_Comics">Understanding Comics Reviews</a></h1></div>
  <iframe id="the_iframe" src="https://www.goodreads.com/api/reviews_widget_iframe?did=DEVELOPER_ID&amp;format=html&amp;isbn=006097625X&amp;links=660&amp;min_rating=&amp;review_back=fff&amp;stars=000&amp;text=000" width="565" height="400" frameborder="0"></iframe>
  <div id="gr_footer">
    <a class="gr_branding" target="_blank" rel="nofollow" href="https://www.goodreads.com/book/show/102920.Understanding_Comics?utm_medium=api&amp;utm_source=reviews_widget">Reviews from Goodreads.com</a>
  </div>
</div>

      ]]>
    </reviews_widget>
  <popular_shelves>
      <shelf name="to-read" count="71231"/>
      <shelf name="comics" count="946"/>
      <shelf name="graphic-novels" count="923"/>
      <shelf name="non-fiction" count="880"/>
      <shelf name="currently-reading" count="819"/>
      <shelf name="nonfiction" count="446"/>
      <shelf name="art" count="377"/>
      <shelf name="graphic-novel" count="364"/>
      <shelf name="cómics" count="358"/>
      <shelf name="favorites" count="355"/>
      <shelf name="design" count="130"/>
      <shelf name="owned" count="124"/>
      <shelf name="comics-graphic-novels" count="118"/>
      <shelf name="comic" count="102"/>
      <shelf name="reference" count="89"/>
      <shelf name="writing" count="78"/>
      <shelf name="graphic" count="76"/>
      <shelf name="comic-books" count="71"/>
      <shelf name="graphic-novels-comics" count="60"/>
      <shelf name="comics-and-graphic-novels" count="57"/>
      <shelf name="books-i-own" count="55"/>
      <shelf name="history" count="54"/>
      <shelf name="school" count="43"/>
      <shelf name="theory" count="40"/>
      <shelf name="comix" count="40"/>
      <shelf name="sequential-art" count="36"/>
      <shelf name="art-books" count="33"/>
      <shelf name="graphic-novels-and-comics" count="32"/>
      <shelf name="library" count="31"/>
      <shelf name="adult" count="30"/>
      <shelf name="creativity" count="29"/>
      <shelf name="philosophy" count="25"/>
      <shelf name="default" count="22"/>
      <shelf name="storytelling" count="20"/>
      <shelf name="bd" count="20"/>
      <shelf name="art-design" count="19"/>
      <shelf name="professional" count="19"/>
      <shelf name="education" count="18"/>
      <shelf name="read-for-school" count="18"/>
      <shelf name="my-library" count="18"/>
      <shelf name="comics-manga" count="18"/>
      <shelf name="graphicnovels" count="18"/>
      <shelf name="comic-graphic-novel" count="17"/>
      <shelf name="to-buy" count="16"/>
      <shelf name="criticism" count="16"/>
      <shelf name="research" count="15"/>
      <shelf name="1990s" count="15"/>
      <shelf name="abandoned" count="15"/>
      <shelf name="favourites" count="15"/>
      <shelf name="nonfic" count="15"/>
      <shelf name="for-school" count="15"/>
      <shelf name="english" count="14"/>
      <shelf name="read-in-english" count="14"/>
      <shelf name="drawing" count="14"/>
      <shelf name="books-about-books" count="14"/>
      <shelf name="owned-books" count="14"/>
      <shelf name="graphic-novel-comic" count="14"/>
      <shelf name="media" count="14"/>
      <shelf name="teaching" count="14"/>
      <shelf name="wish-list" count="14"/>
      <shelf name="literary-criticism" count="13"/>
      <shelf name="fiction" count="13"/>
      <shelf name="on-writing" count="13"/>
      <shelf name="american" count="13"/>
      <shelf name="essays" count="13"/>
      <shelf name="comics-read" count="13"/>
      <shelf name="other" count="13"/>
      <shelf name="graphic-novels-manga" count="12"/>
      <shelf name="visual" count="12"/>
      <shelf name="read-comics" count="12"/>
      <shelf name="university" count="11"/>
      <shelf name="school-books" count="11"/>
      <shelf name="classics" count="11"/>
      <shelf name="arts" count="11"/>
      <shelf name="work" count="11"/>
      <shelf name="college" count="11"/>
      <shelf name="language" count="11"/>
      <shelf name="textbooks" count="11"/>
      <shelf name="psychology" count="11"/>
      <shelf name="graphicnovel" count="11"/>
      <shelf name="art-and-design" count="11"/>
      <shelf name="non-fic" count="11"/>
      <shelf name="read-in-2016" count="10"/>
      <shelf name="ux" count="10"/>
      <shelf name="game-design" count="10"/>
      <shelf name="comics-and-manga" count="10"/>
      <shelf name="comic-book" count="10"/>
      <shelf name="educational" count="10"/>
      <shelf name="how-to" count="10"/>
      <shelf name="media-studies" count="10"/>
      <shelf name="ebook" count="10"/>
      <shelf name="20th-century" count="10"/>
      <shelf name="art-instruction" count="10"/>
      <shelf name="young-adult" count="10"/>
      <shelf name="pop-culture" count="10"/>
      <shelf name="manga" count="10"/>
      <shelf name="read-in-2015" count="9"/>
      <shelf name="read-in-2014" count="9"/>
      <shelf name="paper" count="9"/>
      <shelf name="graphic-novels-comic-books" count="9"/>
  </popular_shelves>
  <book_links>
    <book_link>
  <id>8</id>
  <name>Libraries</name>
  <link>https://www.goodreads.com/book_link/follow/8</link>
</book_link>

  </book_links>
  <buy_links>
    <buy_link>
<id>1</id>
<name>Amazon</name>
<link>https://www.goodreads.com/book_link/follow/1</link>
</buy_link>
<buy_link>
<id>10</id>
<name>Audible</name>
<link>https://www.goodreads.com/book_link/follow/10</link>
</buy_link>
<buy_link>
<id>3</id>
<name>Barnes &amp; Noble</name>
<link>https://www.goodreads.com/book_link/follow/3</link>
</buy_link>
<buy_link>
<id>1027</id>
<name>Kobo</name>
<link>https://www.goodreads.com/book_link/follow/1027</link>
</buy_link>
<buy_link>
<id>2102</id>
<name>Apple iBooks</name>
<link>https://www.goodreads.com/book_link/follow/2102</link>
</buy_link>
<buy_link>
<id>8036</id>
<name>Google Play</name>
<link>https://www.goodreads.com/book_link/follow/8036</link>
</buy_link>
<buy_link>
<id>4</id>
<name>Abebooks</name>
<link>https://www.goodreads.com/book_link/follow/4</link>
</buy_link>
<buy_link>
<id>882</id>
<name>Book Depository</name>
<link>https://www.goodreads.com/book_link/follow/882</link>
</buy_link>
<buy_link>
<id>9</id>
<name>Indigo</name>
<link>https://www.goodreads.com/book_link/follow/9</link>
</buy_link>
<buy_link>
<id>2</id>
<name>Half.com</name>
<link>https://www.goodreads.com/book_link/follow/2</link>
</buy_link>
<buy_link>
<id>5</id>
<name>Alibris</name>
<link>https://www.goodreads.com/book_link/follow/5</link>
</buy_link>
<buy_link>
<id>107</id>
<name>Better World Books</name>
<link>https://www.goodreads.com/book_link/follow/107</link>
</buy_link>
<buy_link>
<id>7</id>
<name>IndieBound</name>
<link>https://www.goodreads.com/book_link/follow/7</link>
</buy_link>

  </buy_links>
  <series_works>
    <series_work>
<id>412587</id>
<user_position>1</user_position>
<series>
<id>85790</id>
<title>
<![CDATA[
    The Comic Books
]]>
</title>
<description>
<![CDATA[
]]>
</description>
<note>
<![CDATA[
]]>
</note>
<series_works_count>3</series_works_count>
<primary_work_count>3</primary_work_count>
<numbered>true</numbered>
</series>

</series_work>

  </series_works>
  <similar_books>
          <book>
<id>33476</id>
<title>Comics and Sequential Art</title>
<title_without_series>Comics and Sequential Art</title_without_series>
<link><![CDATA[https://www.goodreads.com/book/show/33476.Comics_and_Sequential_Art]]></link>
<small_image_url><![CDATA[https://s.gr-assets.com/assets/nophoto/book/50x75-a91bf249278a81aabab721ef782c4a74.png]]></small_image_url>
<image_url><![CDATA[https://s.gr-assets.com/assets/nophoto/book/111x148-bcc042a9c91a29c1d680899eff700a03.png]]></image_url>
<num_pages>163</num_pages>
<work>
<id>33545</id>
</work>
<isbn>0961472812</isbn>
<isbn13>9780961472818</isbn13>
<average_rating>4.11</average_rating>
<ratings_count>4276</ratings_count>
<publication_year>2001</publication_year>
<publication_month>9</publication_month>
<publication_day>28</publication_day>
<authors>
<author>
<id>1642</id>
<name>Will Eisner</name>
<link><![CDATA[https://www.goodreads.com/author/show/1642.Will_Eisner]]></link>
</author>
</authors>
</book>

          <book>
<id>1093525</id>
<title><![CDATA[Drawing Words and Writing Pictures]]></title>
<title_without_series><![CDATA[Drawing Words and Writing Pictures]]></title_without_series>
<link><![CDATA[https://www.goodreads.com/book/show/1093525.Drawing_Words_and_Writing_Pictures]]></link>
<small_image_url><![CDATA[https://images.gr-assets.com/books/1317792146s/1093525.jpg]]></small_image_url>
<image_url><![CDATA[https://images.gr-assets.com/books/1317792146m/1093525.jpg]]></image_url>
<num_pages>304</num_pages>
<work>
<id>1080341</id>
</work>
<isbn>1596431318</isbn>
<isbn13>9781596431317</isbn13>
<average_rating>4.04</average_rating>
<ratings_count>1481</ratings_count>
<publication_year>2008</publication_year>
<publication_month>6</publication_month>
<publication_day>10</publication_day>
<authors>
<author>
<id>93963</id>
<name>Jessica Abel</name>
<link><![CDATA[https://www.goodreads.com/author/show/93963.Jessica_Abel]]></link>
</author>
</authors>
</book>

          <book>
<id>586106</id>
<title>Reading Comics</title>
<title_without_series>Reading Comics</title_without_series>
<link><![CDATA[https://www.goodreads.com/book/show/586106.Reading_Comics]]></link>
<small_image_url><![CDATA[https://s.gr-assets.com/assets/nophoto/book/50x75-a91bf249278a81aabab721ef782c4a74.png]]></small_image_url>
<image_url><![CDATA[https://s.gr-assets.com/assets/nophoto/book/111x148-bcc042a9c91a29c1d680899eff700a03.png]]></image_url>
<num_pages></num_pages>
<work>
<id>572948</id>
</work>
<isbn>0306815095</isbn>
<isbn13>9780306815096</isbn13>
<average_rating>3.70</average_rating>
<ratings_count>1058</ratings_count>
<publication_year></publication_year>
<publication_month></publication_month>
<publication_day></publication_day>
<authors>
<author>
<id>173991</id>
<name>Douglas Wolk</name>
<link><![CDATA[https://www.goodreads.com/author/show/173991.Douglas_Wolk]]></link>
</author>
</authors>
</book>

          <book>
<id>102616</id>
<title><![CDATA[An Anthology of Graphic Fiction, Cartoons, and True Stories]]></title>
<title_without_series><![CDATA[An Anthology of Graphic Fiction, Cartoons, and True Stories]]></title_without_series>
<link><![CDATA[https://www.goodreads.com/book/show/102616.An_Anthology_of_Graphic_Fiction_Cartoons_and_True_Stories]]></link>
<small_image_url><![CDATA[https://images.gr-assets.com/books/1328870064s/102616.jpg]]></small_image_url>
<image_url><![CDATA[https://images.gr-assets.com/books/1328870064m/102616.jpg]]></image_url>
<num_pages>400</num_pages>
<work>
<id>98937</id>
</work>
<isbn>0300111703</isbn>
<isbn13>9780300111705</isbn13>
<average_rating>3.96</average_rating>
<ratings_count>768</ratings_count>
<publication_year>2006</publication_year>
<publication_month>10</publication_month>
<publication_day>23</publication_day>
<authors>
<author>
<id>59248</id>
<name>Ivan Brunetti</name>
<link><![CDATA[https://www.goodreads.com/author/show/59248.Ivan_Brunetti]]></link>
</author>
</authors>
</book>

          <book>
<id>2864204</id>
<title><![CDATA[Breakdowns: Portrait of the Artist as a Young %@&*! (Pantheon Graphic Novels)]]></title>
<title_without_series><![CDATA[Breakdowns: Portrait of the Artist as a Young %@&*!]]></title_without_series>
<link><![CDATA[https://www.goodreads.com/book/show/2864204-breakdowns]]></link>
<small_image_url><![CDATA[https://s.gr-assets.com/assets/nophoto/book/50x75-a91bf249278a81aabab721ef782c4a74.png]]></small_image_url>
<image_url><![CDATA[https://s.gr-assets.com/assets/nophoto/book/111x148-bcc042a9c91a29c1d680899eff700a03.png]]></image_url>
<num_pages></num_pages>
<work>
<id>2890345</id>
</work>
<isbn>0375423958</isbn>
<isbn13>9780375423956</isbn13>
<average_rating>3.81</average_rating>
<ratings_count>1257</ratings_count>
<publication_year></publication_year>
<publication_month></publication_month>
<publication_day></publication_day>
<authors>
<author>
<id>5117</id>
<name>Art Spiegelman</name>
<link><![CDATA[https://www.goodreads.com/author/show/5117.Art_Spiegelman]]></link>
</author>
</authors>
</book>

          <book>
<id>7552</id>
<title><![CDATA[The Acme Novelty Library (Pantheon Graphic Novels)]]></title>
<title_without_series>The Acme Novelty Library</title_without_series>
<link><![CDATA[https://www.goodreads.com/book/show/7552.The_Acme_Novelty_Library]]></link>
<small_image_url><![CDATA[https://images.gr-assets.com/books/1415413456s/7552.jpg]]></small_image_url>
<image_url><![CDATA[https://images.gr-assets.com/books/1415413456m/7552.jpg]]></image_url>
<num_pages></num_pages>
<work>
<id>1398</id>
</work>
<isbn>0375422951</isbn>
<isbn13>9780375422959</isbn13>
<average_rating>4.35</average_rating>
<ratings_count>2219</ratings_count>
<publication_year></publication_year>
<publication_month></publication_month>
<publication_day></publication_day>
<authors>
<author>
<id>5112</id>
<name>Chris Ware</name>
<link><![CDATA[https://www.goodreads.com/author/show/5112.Chris_Ware]]></link>
</author>
</authors>
</book>

          <book>
<id>4070095</id>
<title>Asterios Polyp</title>
<title_without_series>Asterios Polyp</title_without_series>
<link><![CDATA[https://www.goodreads.com/book/show/4070095-asterios-polyp]]></link>
<small_image_url><![CDATA[https://images.gr-assets.com/books/1327877671s/4070095.jpg]]></small_image_url>
<image_url><![CDATA[https://images.gr-assets.com/books/1327877671m/4070095.jpg]]></image_url>
<num_pages>344</num_pages>
<work>
<id>4117200</id>
</work>
<isbn>0307377326</isbn>
<isbn13>9780307377326</isbn13>
<average_rating>4.19</average_rating>
<ratings_count>19931</ratings_count>
<publication_year>2009</publication_year>
<publication_month>7</publication_month>
<publication_day>7</publication_day>
<authors>
<author>
<id>28995</id>
<name>David Mazzucchelli</name>
<link><![CDATA[https://www.goodreads.com/author/show/28995.David_Mazzucchelli]]></link>
</author>
</authors>
</book>

          <book>
<id>2086132</id>
<title>What It Is</title>
<title_without_series>What It Is</title_without_series>
<link><![CDATA[https://www.goodreads.com/book/show/2086132.What_It_Is]]></link>
<small_image_url><![CDATA[https://images.gr-assets.com/books/1327941643s/2086132.jpg]]></small_image_url>
<image_url><![CDATA[https://images.gr-assets.com/books/1327941643m/2086132.jpg]]></image_url>
<num_pages>210</num_pages>
<work>
<id>2091418</id>
</work>
<isbn>1897299354</isbn>
<isbn13>9781897299357</isbn13>
<average_rating>4.08</average_rating>
<ratings_count>7508</ratings_count>
<publication_year>2008</publication_year>
<publication_month>5</publication_month>
<publication_day>13</publication_day>
<authors>
<author>
<id>11646</id>
<name>Lynda Barry</name>
<link><![CDATA[https://www.goodreads.com/author/show/11646.Lynda_Barry]]></link>
</author>
</authors>
</book>

          <book>
<id>17220622</id>
<title><![CDATA[Super Graphic: A Visual Guide to the Comic Book Universe]]></title>
<title_without_series><![CDATA[Super Graphic: A Visual Guide to the Comic Book Universe]]></title_without_series>
<link><![CDATA[https://www.goodreads.com/book/show/17220622-super-graphic]]></link>
<small_image_url><![CDATA[https://images.gr-assets.com/books/1368417864s/17220622.jpg]]></small_image_url>
<image_url><![CDATA[https://images.gr-assets.com/books/1368417864m/17220622.jpg]]></image_url>
<num_pages>196</num_pages>
<work>
<id>23717970</id>
</work>
<isbn>1452113882</isbn>
<isbn13>9781452113883</isbn13>
<average_rating>4.00</average_rating>
<ratings_count>1054</ratings_count>
<publication_year>2013</publication_year>
<publication_month>7</publication_month>
<publication_day>16</publication_day>
<authors>
<author>
<id>6882486</id>
<name>Tim Leong</name>
<link><![CDATA[https://www.goodreads.com/author/show/6882486.Tim_Leong]]></link>
</author>
</authors>
</book>

          <book>
<id>405630</id>
<title>The Frank Book</title>
<title_without_series>The Frank Book</title_without_series>
<link><![CDATA[https://www.goodreads.com/book/show/405630.The_Frank_Book]]></link>
<small_image_url><![CDATA[https://s.gr-assets.com/assets/nophoto/book/50x75-a91bf249278a81aabab721ef782c4a74.png]]></small_image_url>
<image_url><![CDATA[https://s.gr-assets.com/assets/nophoto/book/111x148-bcc042a9c91a29c1d680899eff700a03.png]]></image_url>
<num_pages>351</num_pages>
<work>
<id>394980</id>
</work>
<isbn>1560975342</isbn>
<isbn13>9781560975342</isbn13>
<average_rating>4.35</average_rating>
<ratings_count>1602</ratings_count>
<publication_year>2003</publication_year>
<publication_month>8</publication_month>
<publication_day>1</publication_day>
<authors>
<author>
<id>106115</id>
<name>Jim Woodring</name>
<link><![CDATA[https://www.goodreads.com/author/show/106115.Jim_Woodring]]></link>
</author>
</authors>
</book>

          <book>
<id>221238</id>
<title><![CDATA[Perspective! for Comic Book Artists: How to Achieve a Professional Look in your Artwork]]></title>
<title_without_series><![CDATA[Perspective! for Comic Book Artists: How to Achieve a Professional Look in your Artwork]]></title_without_series>
<link><![CDATA[https://www.goodreads.com/book/show/221238.Perspective_for_Comic_Book_Artists]]></link>
<small_image_url><![CDATA[https://s.gr-assets.com/assets/nophoto/book/50x75-a91bf249278a81aabab721ef782c4a74.png]]></small_image_url>
<image_url><![CDATA[https://s.gr-assets.com/assets/nophoto/book/111x148-bcc042a9c91a29c1d680899eff700a03.png]]></image_url>
<num_pages>176</num_pages>
<work>
<id>214233</id>
</work>
<isbn>0823005674</isbn>
<isbn13>9780823005673</isbn13>
<average_rating>3.99</average_rating>
<ratings_count>2729</ratings_count>
<publication_year>1997</publication_year>
<publication_month>10</publication_month>
<publication_day>1</publication_day>
<authors>
<author>
<id>129418</id>
<name>David Chelsea</name>
<link><![CDATA[https://www.goodreads.com/author/show/129418.David_Chelsea]]></link>
</author>
</authors>
</book>

          <book>
<id>1870771</id>
<title><![CDATA[The Ten-Cent Plague: The Great Comic-Book Scare and How it Changed America]]></title>
<title_without_series><![CDATA[The Ten-Cent Plague: The Great Comic-Book Scare and How it Changed America]]></title_without_series>
<link><![CDATA[https://www.goodreads.com/book/show/1870771.The_Ten_Cent_Plague]]></link>
<small_image_url><![CDATA[https://images.gr-assets.com/books/1311996409s/1870771.jpg]]></small_image_url>
<image_url><![CDATA[https://images.gr-assets.com/books/1311996409m/1870771.jpg]]></image_url>
<num_pages>434</num_pages>
<work>
<id>3271080</id>
</work>
<isbn>0374187673</isbn>
<isbn13>9780374187675</isbn13>
<average_rating>3.80</average_rating>
<ratings_count>2750</ratings_count>
<publication_year></publication_year>
<publication_month></publication_month>
<publication_day></publication_day>
<authors>
<author>
<id>12298</id>
<name>David Hajdu</name>
<link><![CDATA[https://www.goodreads.com/author/show/12298.David_Hajdu]]></link>
</author>
</authors>
</book>

          <book>
<id>10081832</id>
<title><![CDATA[Supergods: What Masked Vigilantes, Miraculous Mutants, and a Sun God from Smallville Can Teach Us About Being Human]]></title>
<title_without_series><![CDATA[Supergods: What Masked Vigilantes, Miraculous Mutants, and a Sun God from Smallville Can Teach Us About Being Human]]></title_without_series>
<link><![CDATA[https://www.goodreads.com/book/show/10081832-supergods]]></link>
<small_image_url><![CDATA[https://images.gr-assets.com/books/1327885368s/10081832.jpg]]></small_image_url>
<image_url><![CDATA[https://images.gr-assets.com/books/1327885368m/10081832.jpg]]></image_url>
<num_pages>444</num_pages>
<work>
<id>14978598</id>
</work>
<isbn>1400069122</isbn>
<isbn13>9781400069125</isbn13>
<average_rating>3.80</average_rating>
<ratings_count>5634</ratings_count>
<publication_year>2011</publication_year>
<publication_month>7</publication_month>
<publication_day>19</publication_day>
<authors>
<author>
<id>12732</id>
<name>Grant Morrison</name>
<link><![CDATA[https://www.goodreads.com/author/show/12732.Grant_Morrison]]></link>
</author>
</authors>
</book>

          <book>
<id>59704</id>
<title><![CDATA[Alan Moore's Writing for Comics]]></title>
<title_without_series><![CDATA[Alan Moore's Writing for Comics]]></title_without_series>
<link><![CDATA[https://www.goodreads.com/book/show/59704.Alan_Moore_s_Writing_for_Comics]]></link>
<small_image_url><![CDATA[https://images.gr-assets.com/books/1344390782s/59704.jpg]]></small_image_url>
<image_url><![CDATA[https://images.gr-assets.com/books/1344390782m/59704.jpg]]></image_url>
<num_pages>48</num_pages>
<work>
<id>58102</id>
</work>
<isbn>1592910122</isbn>
<isbn13>9781592910120</isbn13>
<average_rating>3.95</average_rating>
<ratings_count>1821</ratings_count>
<publication_year>2003</publication_year>
<publication_month>6</publication_month>
<publication_day>24</publication_day>
<authors>
<author>
<id>3961</id>
<name>Alan Moore</name>
<link><![CDATA[https://www.goodreads.com/author/show/3961.Alan_Moore]]></link>
</author>
</authors>
</book>

          <book>
<id>6371553</id>
<title>The Book of Genesis</title>
<title_without_series>The Book of Genesis</title_without_series>
<link><![CDATA[https://www.goodreads.com/book/show/6371553-the-book-of-genesis]]></link>
<small_image_url><![CDATA[https://images.gr-assets.com/books/1327880600s/6371553.jpg]]></small_image_url>
<image_url><![CDATA[https://images.gr-assets.com/books/1327880600m/6371553.jpg]]></image_url>
<num_pages>224</num_pages>
<work>
<id>6559148</id>
</work>
<isbn>0393061027</isbn>
<isbn13>9780393061024</isbn13>
<average_rating>4.02</average_rating>
<ratings_count>3431</ratings_count>
<publication_year>2009</publication_year>
<publication_month>10</publication_month>
<publication_day>19</publication_day>
<authors>
<author>
<id>5866191</id>
<name>Robert Crumb</name>
<link><![CDATA[https://www.goodreads.com/author/show/5866191.Robert_Crumb]]></link>
</author>
</authors>
</book>

          <book>
<id>144173</id>
<title><![CDATA[Maggie the Mechanic (Locas, #1)]]></title>
<title_without_series>Maggie the Mechanic</title_without_series>
<link><![CDATA[https://www.goodreads.com/book/show/144173.Maggie_the_Mechanic]]></link>
<small_image_url><![CDATA[https://images.gr-assets.com/books/1358751325s/144173.jpg]]></small_image_url>
<image_url><![CDATA[https://images.gr-assets.com/books/1358751325m/144173.jpg]]></image_url>
<num_pages>272</num_pages>
<work>
<id>139095</id>
</work>
<isbn>1560977841</isbn>
<isbn13>9781560977841</isbn13>
<average_rating>4.18</average_rating>
<ratings_count>1559</ratings_count>
<publication_year>2007</publication_year>
<publication_month>3</publication_month>
<publication_day>17</publication_day>
<authors>
<author>
<id>4766238</id>
<name>Jaime Hernández</name>
<link><![CDATA[https://www.goodreads.com/author/show/4766238.Jaime_Hern_ndez]]></link>
</author>
</authors>
</book>

  </similar_books>
</book>

</GoodreadsResponse>