<?xml version="1.0" encoding="UTF-8"?>
<GoodreadsResponse>
  <Request>
    <authentication>true</authentication>
      <key><![CDATA[all_men_must_serve]]></key>
    <method><![CDATA[book_show]]></method>
  </Request>
  <book>
  <id>102953</id>
  <title><![CDATA[Preacher, Volume 3: Proud Americans]]></title>
  <isbn><![CDATA[1563893274]]></isbn>
  <isbn13><![CDATA[9781563893278]]></isbn13>
  <asin><![CDATA[]]></asin>
  <kindle_asin><![CDATA[]]></kindle_asin>
  <marketplace_id><![CDATA[]]></marketplace_id>
  <country_code><![CDATA[GB]]></country_code>
  <image_url>https://images.gr-assets.com/books/1309915653m/102953.jpg</image_url>
  <small_image_url>https://images.gr-assets.com/books/1309915653s/102953.jpg</small_image_url>
  <publication_year>1997</publication_year>
  <publication_month>10</publication_month>
  <publication_day>1</publication_day>
  <publisher>Vertigo</publisher>
  <language_code>eng</language_code>
  <is_ebook>false</is_ebook>
  <description><![CDATA[The third amazing new edition in the PREACHER series, collecting issues #18-26.<br /><br />Jesse Custer heads for France to rescue Cassidy, the Irish vampire, from the clutches of religious fanatics. His search leads him into a no-holds-barred battle against the forces of the Grail. Also told here is the story of how Cassidy became a vampire in the first place.]]></description>
  <work>
  <id type="integer">1185977</id>
  <books_count type="integer">16</books_count>
  <best_book_id type="integer">102953</best_book_id>
  <reviews_count type="integer">24006</reviews_count>
  <ratings_sum type="integer">84520</ratings_sum>
  <ratings_count type="integer">19777</ratings_count>
  <text_reviews_count type="integer">273</text_reviews_count>
  <original_publication_year type="integer">1997</original_publication_year>
  <original_publication_month type="integer">1</original_publication_month>
  <original_publication_day type="integer">1</original_publication_day>
  <original_title>Preacher: Proud Americans</original_title>
  <original_language_id type="integer" nil="true"/>
  <media_type>periodical</media_type>
  <rating_dist>5:9913|4:6496|3:2531|2:541|1:296|total:19777</rating_dist>
  <desc_user_id type="integer">43878560</desc_user_id>
  <default_chaptering_book_id type="integer" nil="true"/>
  <default_description_language_code nil="true"/>
</work>
  <average_rating>4.27</average_rating>
  <num_pages><![CDATA[232]]></num_pages>
  <format><![CDATA[Paperback]]></format>
  <edition_information><![CDATA[]]></edition_information>
  <ratings_count><![CDATA[19466]]></ratings_count>
  <text_reviews_count><![CDATA[255]]></text_reviews_count>
  <url><![CDATA[https://www.goodreads.com/book/show/102953.Preacher_Volume_3]]></url>
  <link><![CDATA[https://www.goodreads.com/book/show/102953.Preacher_Volume_3]]></link>
  <authors>
<author>
<id>14965</id>
<name>Garth Ennis</name>
<role></role>
<image_url nophoto='false'>
<![CDATA[https://images.gr-assets.com/authors/1242438038p5/14965.jpg]]>
</image_url>
<small_image_url nophoto='false'>
<![CDATA[https://images.gr-assets.com/authors/1242438038p2/14965.jpg]]>
</small_image_url>
<link><![CDATA[https://www.goodreads.com/author/show/14965.Garth_Ennis]]></link>
<average_rating>4.19</average_rating>
<ratings_count>367652</ratings_count>
<text_reviews_count>10653</text_reviews_count>
</author>
<author>
<id>33532</id>
<name>Steve Dillon</name>
<role>Illustrator</role>
<image_url nophoto='false'>
<![CDATA[https://images.gr-assets.com/authors/1242438141p5/33532.jpg]]>
</image_url>
<small_image_url nophoto='false'>
<![CDATA[https://images.gr-assets.com/authors/1242438141p2/33532.jpg]]>
</small_image_url>
<link><![CDATA[https://www.goodreads.com/author/show/33532.Steve_Dillon]]></link>
<average_rating>4.23</average_rating>
<ratings_count>265893</ratings_count>
<text_reviews_count>6576</text_reviews_count>
</author>
<author>
<id>134143</id>
<name>Penn Jillette</name>
<role>Introduction</role>
<image_url nophoto='false'>
<![CDATA[https://images.gr-assets.com/authors/1222632562p5/134143.jpg]]>
</image_url>
<small_image_url nophoto='false'>
<![CDATA[https://images.gr-assets.com/authors/1222632562p2/134143.jpg]]>
</small_image_url>
<link><![CDATA[https://www.goodreads.com/author/show/134143.Penn_Jillette]]></link>
<average_rating>4.05</average_rating>
<ratings_count>46472</ratings_count>
<text_reviews_count>2055</text_reviews_count>
</author>
</authors>

    <reviews_widget>
      <![CDATA[
        <style>
  #goodreads-widget {
    font-family: georgia, serif;
    padding: 18px 0;
    width:565px;
  }
  #goodreads-widget h1 {
    font-weight:normal;
    font-size: 16px;
    border-bottom: 1px solid #BBB596;
    margin-bottom: 0;
  }
  #goodreads-widget a {
    text-decoration: none;
    color:#660;
  }
  iframe{
    background-color: #fff;
  }
  #goodreads-widget a:hover { text-decoration: underline; }
  #goodreads-widget a:active {
    color:#660;
  }
  #gr_footer {
    width: 100%;
    border-top: 1px solid #BBB596;
    text-align: right;
  }
  #goodreads-widget .gr_branding{
    color: #382110;
    font-size: 11px;
    text-decoration: none;
    font-family: "Helvetica Neue", Helvetica, Arial, sans-serif;
  }
</style>
<div id="goodreads-widget">
  <div id="gr_header"><h1><a rel="nofollow" href="https://www.goodreads.com/book/show/102953.Preacher_Volume_3">Preacher, Volume 3 Reviews</a></h1></div>
  <iframe id="the_iframe" src="https://www.goodreads.com/api/reviews_widget_iframe?did=DEVELOPER_ID&amp;format=html&amp;isbn=1563893274&amp;links=660&amp;min_rating=&amp;review_back=fff&amp;stars=000&amp;text=000" width="565" height="400" frameborder="0"></iframe>
  <div id="gr_footer">
    <a class="gr_branding" target="_blank" rel="nofollow" href="https://www.goodreads.com/book/show/102953.Preacher_Volume_3?utm_medium=api&amp;utm_source=reviews_widget">Reviews from Goodreads.com</a>
  </div>
</div>

      ]]>
    </reviews_widget>
  <popular_shelves>
      <shelf name="graphic-novel" count="204"/>
      <shelf name="graphic-novels" count="127"/>
      <shelf name="fiction" count="98"/>
      <shelf name="comics-graphic-novels" count="83"/>
      <shelf name="comic-books" count="77"/>
      <shelf name="horror" count="60"/>
      <shelf name="favorites" count="55"/>
      <shelf name="to-read" count="51"/>
      <shelf name="vertigo" count="48"/>
      <shelf name="owned" count="46"/>
      <shelf name="graphic-novels-comics" count="45"/>
      <shelf name="preacher" count="43"/>
      <shelf name="graphic" count="34"/>
      <shelf name="religion" count="31"/>
      <shelf name="comics" count="30"/>
      <shelf name="comics-and-graphic-novels" count="27"/>
      <shelf name="supernatural" count="19"/>
      <shelf name="comics-read" count="18"/>
      <shelf name="vampires" count="18"/>
      <shelf name="library" count="15"/>
      <shelf name="read-comics" count="15"/>
      <shelf name="series" count="14"/>
      <shelf name="graphic-novels-and-comics" count="14"/>
      <shelf name="default" count="13"/>
      <shelf name="western" count="13"/>
      <shelf name="books-i-own" count="13"/>
      <shelf name="humor" count="12"/>
      <shelf name="graphic-novels-read" count="12"/>
      <shelf name="1990s" count="10"/>
      <shelf name="read-in-2016" count="9"/>
      <shelf name="hq" count="9"/>
      <shelf name="adventure" count="9"/>
      <shelf name="borrowed" count="9"/>
      <shelf name="angels" count="9"/>
      <shelf name="re-read" count="8"/>
      <shelf name="crime" count="8"/>
      <shelf name="garth-ennis" count="8"/>
      <shelf name="dc-vertigo" count="8"/>
      <shelf name="demons" count="8"/>
      <shelf name="fantasy" count="7"/>
      <shelf name="dc-comics" count="7"/>
      <shelf name="dc" count="7"/>
      <shelf name="favourites" count="7"/>
      <shelf name="adult" count="7"/>
      <shelf name="action" count="7"/>
      <shelf name="urban-fantasy" count="7"/>
      <shelf name="graphic_novels" count="7"/>
      <shelf name="graphicnovels" count="7"/>
      <shelf name="comic" count="6"/>
      <shelf name="thriller" count="6"/>
      <shelf name="gn" count="6"/>
      <shelf name="paranormal" count="6"/>
      <shelf name="read-in-2011" count="6"/>
      <shelf name="vampire" count="6"/>
      <shelf name="sequential-art" count="6"/>
      <shelf name="comicbooks" count="6"/>
      <shelf name="graphic_novel" count="5"/>
      <shelf name="graphicnovel" count="5"/>
      <shelf name="bd" count="5"/>
      <shelf name="ebook" count="4"/>
      <shelf name="2016-reads" count="4"/>
      <shelf name="ireland" count="4"/>
      <shelf name="read-2015" count="4"/>
      <shelf name="read-in-2015" count="4"/>
      <shelf name="read-in-2014" count="4"/>
      <shelf name="to-read-graphic-novels" count="4"/>
      <shelf name="read-graphic-novels" count="4"/>
      <shelf name="usa" count="4"/>
      <shelf name="mythology" count="4"/>
      <shelf name="drama" count="4"/>
      <shelf name="comic-manga" count="4"/>
      <shelf name="american" count="4"/>
      <shelf name="comic-graphic-novel" count="4"/>
      <shelf name="picture-books" count="4"/>
      <shelf name="comic-books-graphic-novels" count="4"/>
      <shelf name="library-books" count="4"/>
      <shelf name="graphic-series" count="4"/>
      <shelf name="trade-paperbacks" count="4"/>
      <shelf name="i-own" count="4"/>
      <shelf name="komiksy" count="3"/>
      <shelf name="owned-books" count="3"/>
      <shelf name="comics-to-read" count="3"/>
      <shelf name="vertigo-comics" count="3"/>
      <shelf name="violent" count="3"/>
      <shelf name="action-adventure" count="3"/>
      <shelf name="hqs" count="3"/>
      <shelf name="comedy" count="3"/>
      <shelf name="books" count="3"/>
      <shelf name="favorite-graphic-novels" count="3"/>
      <shelf name="read-in-2013" count="3"/>
      <shelf name="graphic-novel-manga" count="3"/>
      <shelf name="comics-graphicnovels" count="3"/>
      <shelf name="graphic-fiction" count="3"/>
      <shelf name="contemporary" count="3"/>
      <shelf name="graphic-novel-series" count="3"/>
      <shelf name="americana" count="3"/>
      <shelf name="graphics" count="3"/>
      <shelf name="in-english" count="3"/>
      <shelf name="owned-comics" count="3"/>
      <shelf name="1990-1999" count="3"/>
  </popular_shelves>
  <book_links>
    <book_link>
  <id>8</id>
  <name>Libraries</name>
  <link>https://www.goodreads.com/book_link/follow/8</link>
</book_link>

  </book_links>
  <buy_links>
    <buy_link>
<id>1</id>
<name>Amazon</name>
<link>https://www.goodreads.com/book_link/follow/1</link>
</buy_link>
<buy_link>
<id>10</id>
<name>Audible</name>
<link>https://www.goodreads.com/book_link/follow/10</link>
</buy_link>
<buy_link>
<id>3</id>
<name>Barnes &amp; Noble</name>
<link>https://www.goodreads.com/book_link/follow/3</link>
</buy_link>
<buy_link>
<id>1027</id>
<name>Kobo</name>
<link>https://www.goodreads.com/book_link/follow/1027</link>
</buy_link>
<buy_link>
<id>2102</id>
<name>Apple iBooks</name>
<link>https://www.goodreads.com/book_link/follow/2102</link>
</buy_link>
<buy_link>
<id>8036</id>
<name>Google Play</name>
<link>https://www.goodreads.com/book_link/follow/8036</link>
</buy_link>
<buy_link>
<id>4</id>
<name>Abebooks</name>
<link>https://www.goodreads.com/book_link/follow/4</link>
</buy_link>
<buy_link>
<id>882</id>
<name>Book Depository</name>
<link>https://www.goodreads.com/book_link/follow/882</link>
</buy_link>
<buy_link>
<id>9</id>
<name>Indigo</name>
<link>https://www.goodreads.com/book_link/follow/9</link>
</buy_link>
<buy_link>
<id>2</id>
<name>Half.com</name>
<link>https://www.goodreads.com/book_link/follow/2</link>
</buy_link>
<buy_link>
<id>5</id>
<name>Alibris</name>
<link>https://www.goodreads.com/book_link/follow/5</link>
</buy_link>
<buy_link>
<id>107</id>
<name>Better World Books</name>
<link>https://www.goodreads.com/book_link/follow/107</link>
</buy_link>
<buy_link>
<id>7</id>
<name>IndieBound</name>
<link>https://www.goodreads.com/book_link/follow/7</link>
</buy_link>

  </buy_links>
  <series_works>
    <series_work>
<id>155570</id>
<user_position>3</user_position>
<series>
<id>41093</id>
<title>
<![CDATA[
    Preacher
]]>
</title>
<description>
<![CDATA[
    Also collected in <a href="http://www.goodreads.com/series/62992-preacher-deluxe">deluxe editions</a> and in three big volumes in the spanish edition <a href="http://www.goodreads.com/series/95328-predicador-integral">Predicador Integral</a>.
]]>
</description>
<note>
<![CDATA[
]]>
</note>
<series_works_count>9</series_works_count>
<primary_work_count>9</primary_work_count>
<numbered>true</numbered>
</series>

</series_work>
<series_work>
<id>825128</id>
<user_position>18-26</user_position>
<series>
<id>122178</id>
<title>
<![CDATA[
    Predicador (Norma Editorial, España)
]]>
</title>
<description>
<![CDATA[
    Predicador publicada por Norma Editorial en España a partir de 1997 en tomos de 2 o 3 números americanos.
]]>
</description>
<note>
<![CDATA[
]]>
</note>
<series_works_count>39</series_works_count>
<primary_work_count>36</primary_work_count>
<numbered>true</numbered>
</series>

</series_work>

  </series_works>
  <similar_books>
          <book>
<id>22418</id>
<title><![CDATA[Transmetropolitan, Vol. 3: Year of the Bastard (Transmetropolitan, #3)]]></title>
<title_without_series><![CDATA[Transmetropolitan, Vol. 3: Year of the Bastard]]></title_without_series>
<link><![CDATA[https://www.goodreads.com/book/show/22418.Transmetropolitan_Vol_3]]></link>
<small_image_url><![CDATA[https://images.gr-assets.com/books/1452027011s/22418.jpg]]></small_image_url>
<image_url><![CDATA[https://images.gr-assets.com/books/1452027011m/22418.jpg]]></image_url>
<num_pages>144</num_pages>
<work>
<id>978451</id>
</work>
<isbn>1563895684</isbn>
<isbn13>9781563895685</isbn13>
<average_rating>4.40</average_rating>
<ratings_count>13037</ratings_count>
<publication_year>1999</publication_year>
<publication_month>9</publication_month>
<publication_day>1</publication_day>
<authors>
<author>
<id>12772</id>
<name>Warren Ellis</name>
<link><![CDATA[https://www.goodreads.com/author/show/12772.Warren_Ellis]]></link>
</author>
</authors>
</book>

          <book>
<id>94517</id>
<title><![CDATA[100 Bullets, Vol. 4: A Foregone Tomorrow]]></title>
<title_without_series><![CDATA[100 Bullets, Vol. 4: A Foregone Tomorrow]]></title_without_series>
<link><![CDATA[https://www.goodreads.com/book/show/94517.100_Bullets_Vol_4]]></link>
<small_image_url><![CDATA[https://s.gr-assets.com/assets/nophoto/book/50x75-a91bf249278a81aabab721ef782c4a74.png]]></small_image_url>
<image_url><![CDATA[https://s.gr-assets.com/assets/nophoto/book/111x148-bcc042a9c91a29c1d680899eff700a03.png]]></image_url>
<num_pages>264</num_pages>
<work>
<id>1810485</id>
</work>
<isbn>1563898276</isbn>
<isbn13>9781563898273</isbn13>
<average_rating>4.11</average_rating>
<ratings_count>4012</ratings_count>
<publication_year>2002</publication_year>
<publication_month>7</publication_month>
<publication_day>1</publication_day>
<authors>
<author>
<id>17029</id>
<name>Brian Azzarello</name>
<link><![CDATA[https://www.goodreads.com/author/show/17029.Brian_Azzarello]]></link>
</author>
</authors>
</book>

          <book>
<id>296903</id>
<title><![CDATA[Ex Machina, Vol. 3: Fact v. Fiction  (Ex Machina, #3)]]></title>
<title_without_series><![CDATA[Ex Machina, Vol. 3: Fact v. Fiction]]></title_without_series>
<link><![CDATA[https://www.goodreads.com/book/show/296903.Ex_Machina_Vol_3]]></link>
<small_image_url><![CDATA[https://s.gr-assets.com/assets/nophoto/book/50x75-a91bf249278a81aabab721ef782c4a74.png]]></small_image_url>
<image_url><![CDATA[https://s.gr-assets.com/assets/nophoto/book/111x148-bcc042a9c91a29c1d680899eff700a03.png]]></image_url>
<num_pages>144</num_pages>
<work>
<id>288055</id>
</work>
<isbn>1401209882</isbn>
<isbn13>9781401209889</isbn13>
<average_rating>3.94</average_rating>
<ratings_count>4754</ratings_count>
<publication_year>2006</publication_year>
<publication_month>4</publication_month>
<publication_day>5</publication_day>
<authors>
<author>
<id>24514</id>
<name>Brian K. Vaughan</name>
<link><![CDATA[https://www.goodreads.com/author/show/24514.Brian_K_Vaughan]]></link>
</author>
</authors>
</book>

          <book>
<id>314573</id>
<title>Lucifer, Vol. 5: Inferno</title>
<title_without_series>Lucifer, Vol. 5: Inferno</title_without_series>
<link><![CDATA[https://www.goodreads.com/book/show/314573.Lucifer_Vol_5]]></link>
<small_image_url><![CDATA[https://images.gr-assets.com/books/1309578687s/314573.jpg]]></small_image_url>
<image_url><![CDATA[https://images.gr-assets.com/books/1309578687m/314573.jpg]]></image_url>
<num_pages>168</num_pages>
<work>
<id>305411</id>
</work>
<isbn>1401202101</isbn>
<isbn13>9781401202101</isbn13>
<average_rating>4.27</average_rating>
<ratings_count>3220</ratings_count>
<publication_year>2004</publication_year>
<publication_month>2</publication_month>
<publication_day>1</publication_day>
<authors>
<author>
<id>9018</id>
<name>Mike Carey</name>
<link><![CDATA[https://www.goodreads.com/author/show/9018.Mike_Carey]]></link>
</author>
</authors>
</book>

  </similar_books>
</book>

</GoodreadsResponse>