<?xml version="1.0" encoding="UTF-8"?>
<GoodreadsResponse>
  <Request>
    <authentication>true</authentication>
      <key><![CDATA[all_men_must_serve]]></key>
    <method><![CDATA[book_show]]></method>
  </Request>
  <book>
  <id>102956</id>
  <title><![CDATA[Preacher, Volume 5: Dixie Fried]]></title>
  <isbn><![CDATA[1563894289]]></isbn>
  <isbn13><![CDATA[9781563894282]]></isbn13>
  <asin><![CDATA[]]></asin>
  <kindle_asin><![CDATA[]]></kindle_asin>
  <marketplace_id><![CDATA[]]></marketplace_id>
  <country_code><![CDATA[GB]]></country_code>
  <image_url>https://images.gr-assets.com/books/1309916427m/102956.jpg</image_url>
  <small_image_url>https://images.gr-assets.com/books/1309916427s/102956.jpg</small_image_url>
  <publication_year></publication_year>
  <publication_month></publication_month>
  <publication_day></publication_day>
  <publisher></publisher>
  <language_code>eng</language_code>
  <is_ebook>false</is_ebook>
  <description></description>
  <work>
  <id type="integer">1940784</id>
  <books_count type="integer">14</books_count>
  <best_book_id type="integer">102956</best_book_id>
  <reviews_count type="integer">19636</reviews_count>
  <ratings_sum type="integer">69541</ratings_sum>
  <ratings_count type="integer">16198</ratings_count>
  <text_reviews_count type="integer">199</text_reviews_count>
  <original_publication_year type="integer">1998</original_publication_year>
  <original_publication_month type="integer">1</original_publication_month>
  <original_publication_day type="integer">1</original_publication_day>
  <original_title>Preacher: Dixie Fried</original_title>
  <original_language_id type="integer" nil="true"/>
  <media_type>book</media_type>
  <rating_dist>5:8270|4:5210|3:2099|2:435|1:184|total:16198</rating_dist>
  <desc_user_id type="integer">-30</desc_user_id>
  <default_chaptering_book_id type="integer" nil="true"/>
  <default_description_language_code nil="true"/>
</work>
  <average_rating>4.29</average_rating>
  <num_pages><![CDATA[]]></num_pages>
  <format><![CDATA[]]></format>
  <edition_information><![CDATA[]]></edition_information>
  <ratings_count><![CDATA[15966]]></ratings_count>
  <text_reviews_count><![CDATA[187]]></text_reviews_count>
  <url><![CDATA[https://www.goodreads.com/book/show/102956.Preacher_Volume_5]]></url>
  <link><![CDATA[https://www.goodreads.com/book/show/102956.Preacher_Volume_5]]></link>
  <authors>
<author>
<id>14965</id>
<name>Garth Ennis</name>
<role></role>
<image_url nophoto='false'>
<![CDATA[https://images.gr-assets.com/authors/1242438038p5/14965.jpg]]>
</image_url>
<small_image_url nophoto='false'>
<![CDATA[https://images.gr-assets.com/authors/1242438038p2/14965.jpg]]>
</small_image_url>
<link><![CDATA[https://www.goodreads.com/author/show/14965.Garth_Ennis]]></link>
<average_rating>4.19</average_rating>
<ratings_count>367655</ratings_count>
<text_reviews_count>10653</text_reviews_count>
</author>
<author>
<id>33532</id>
<name>Steve Dillon</name>
<role>Illustrator</role>
<image_url nophoto='false'>
<![CDATA[https://images.gr-assets.com/authors/1242438141p5/33532.jpg]]>
</image_url>
<small_image_url nophoto='false'>
<![CDATA[https://images.gr-assets.com/authors/1242438141p2/33532.jpg]]>
</small_image_url>
<link><![CDATA[https://www.goodreads.com/author/show/33532.Steve_Dillon]]></link>
<average_rating>4.23</average_rating>
<ratings_count>265896</ratings_count>
<text_reviews_count>6576</text_reviews_count>
</author>
</authors>

    <reviews_widget>
      <![CDATA[
        <style>
  #goodreads-widget {
    font-family: georgia, serif;
    padding: 18px 0;
    width:565px;
  }
  #goodreads-widget h1 {
    font-weight:normal;
    font-size: 16px;
    border-bottom: 1px solid #BBB596;
    margin-bottom: 0;
  }
  #goodreads-widget a {
    text-decoration: none;
    color:#660;
  }
  iframe{
    background-color: #fff;
  }
  #goodreads-widget a:hover { text-decoration: underline; }
  #goodreads-widget a:active {
    color:#660;
  }
  #gr_footer {
    width: 100%;
    border-top: 1px solid #BBB596;
    text-align: right;
  }
  #goodreads-widget .gr_branding{
    color: #382110;
    font-size: 11px;
    text-decoration: none;
    font-family: "Helvetica Neue", Helvetica, Arial, sans-serif;
  }
</style>
<div id="goodreads-widget">
  <div id="gr_header"><h1><a rel="nofollow" href="https://www.goodreads.com/book/show/102956.Preacher_Volume_5">Preacher, Volume 5 Reviews</a></h1></div>
  <iframe id="the_iframe" src="https://www.goodreads.com/api/reviews_widget_iframe?did=DEVELOPER_ID&amp;format=html&amp;isbn=1563894289&amp;links=660&amp;min_rating=&amp;review_back=fff&amp;stars=000&amp;text=000" width="565" height="400" frameborder="0"></iframe>
  <div id="gr_footer">
    <a class="gr_branding" target="_blank" rel="nofollow" href="https://www.goodreads.com/book/show/102956.Preacher_Volume_5?utm_medium=api&amp;utm_source=reviews_widget">Reviews from Goodreads.com</a>
  </div>
</div>

      ]]>
    </reviews_widget>
  <popular_shelves>
      <shelf name="to-read" count="1903"/>
      <shelf name="graphic-novels" count="617"/>
      <shelf name="comics" count="312"/>
      <shelf name="graphic-novel" count="162"/>
      <shelf name="fiction" count="83"/>
      <shelf name="comics-graphic-novels" count="73"/>
      <shelf name="comic" count="67"/>
      <shelf name="comic-books" count="67"/>
      <shelf name="horror" count="55"/>
      <shelf name="vertigo" count="48"/>
      <shelf name="favorites" count="44"/>
      <shelf name="owned" count="43"/>
      <shelf name="fantasy" count="40"/>
      <shelf name="graphic-novels-comics" count="38"/>
      <shelf name="preacher" count="38"/>
      <shelf name="currently-reading" count="35"/>
      <shelf name="graphic" count="30"/>
      <shelf name="comics-and-graphic-novels" count="25"/>
      <shelf name="religion" count="24"/>
      <shelf name="supernatural" count="16"/>
      <shelf name="comic-book" count="15"/>
      <shelf name="western" count="14"/>
      <shelf name="read-comics" count="14"/>
      <shelf name="library" count="13"/>
      <shelf name="comix" count="12"/>
      <shelf name="comics-read" count="11"/>
      <shelf name="series" count="11"/>
      <shelf name="humor" count="11"/>
      <shelf name="vampires" count="11"/>
      <shelf name="books-i-own" count="11"/>
      <shelf name="owned-books" count="10"/>
      <shelf name="default" count="10"/>
      <shelf name="graphic-novels-and-comics" count="9"/>
      <shelf name="adventure" count="9"/>
      <shelf name="graphic-novels-read" count="9"/>
      <shelf name="read-in-2016" count="8"/>
      <shelf name="1990s" count="8"/>
      <shelf name="dc" count="8"/>
      <shelf name="vertigo-comics" count="8"/>
      <shelf name="graphic_novels" count="8"/>
      <shelf name="borrowed" count="8"/>
      <shelf name="dc-vertigo" count="8"/>
      <shelf name="graphicnovels" count="7"/>
      <shelf name="re-read" count="6"/>
      <shelf name="favourites" count="6"/>
      <shelf name="read-in-2014" count="5"/>
      <shelf name="adult" count="5"/>
      <shelf name="hq" count="5"/>
      <shelf name="thriller" count="5"/>
      <shelf name="dc-comics" count="5"/>
      <shelf name="comic-graphic-novel" count="5"/>
      <shelf name="vampire" count="5"/>
      <shelf name="read-in-2011" count="5"/>
      <shelf name="action" count="5"/>
      <shelf name="sequential-art" count="5"/>
      <shelf name="graphic_novel" count="5"/>
      <shelf name="comics-manga" count="5"/>
      <shelf name="comicbooks" count="5"/>
      <shelf name="garth-ennis" count="5"/>
      <shelf name="graphicnovel" count="5"/>
      <shelf name="ebook" count="4"/>
      <shelf name="ireland" count="4"/>
      <shelf name="to-read-graphic-novels" count="4"/>
      <shelf name="read-graphic-novels" count="4"/>
      <shelf name="usa" count="4"/>
      <shelf name="comics-to-read" count="4"/>
      <shelf name="comic-books-graphic-novels" count="4"/>
      <shelf name="read-in-2012" count="4"/>
      <shelf name="gn" count="4"/>
      <shelf name="picture-books" count="4"/>
      <shelf name="action-adventure" count="4"/>
      <shelf name="dark-fantasy" count="4"/>
      <shelf name="library-books" count="4"/>
      <shelf name="graphic-series" count="4"/>
      <shelf name="novel" count="4"/>
      <shelf name="demons" count="4"/>
      <shelf name="angels" count="4"/>
      <shelf name="read-in-english" count="3"/>
      <shelf name="komiksy" count="3"/>
      <shelf name="read-2016" count="3"/>
      <shelf name="serier" count="3"/>
      <shelf name="drama" count="3"/>
      <shelf name="violent" count="3"/>
      <shelf name="hilarious" count="3"/>
      <shelf name="read-in-2015" count="3"/>
      <shelf name="crime" count="3"/>
      <shelf name="comic-books-and-graphic-novels" count="3"/>
      <shelf name="read-in-2013" count="3"/>
      <shelf name="books" count="3"/>
      <shelf name="from-the-library" count="3"/>
      <shelf name="comics-graphicnovels" count="3"/>
      <shelf name="comic-manga" count="3"/>
      <shelf name="graphics" count="3"/>
      <shelf name="graphic-novels-to-read" count="3"/>
      <shelf name="bd" count="3"/>
      <shelf name="owned-comics" count="3"/>
      <shelf name="1990-1999" count="3"/>
      <shelf name="books-read-in-2011" count="3"/>
      <shelf name="read-more-than-once" count="3"/>
      <shelf name="paranormal" count="3"/>
  </popular_shelves>
  <book_links>
    <book_link>
  <id>8</id>
  <name>Libraries</name>
  <link>https://www.goodreads.com/book_link/follow/8</link>
</book_link>

  </book_links>
  <buy_links>
    <buy_link>
<id>1</id>
<name>Amazon</name>
<link>https://www.goodreads.com/book_link/follow/1</link>
</buy_link>
<buy_link>
<id>10</id>
<name>Audible</name>
<link>https://www.goodreads.com/book_link/follow/10</link>
</buy_link>
<buy_link>
<id>3</id>
<name>Barnes &amp; Noble</name>
<link>https://www.goodreads.com/book_link/follow/3</link>
</buy_link>
<buy_link>
<id>1027</id>
<name>Kobo</name>
<link>https://www.goodreads.com/book_link/follow/1027</link>
</buy_link>
<buy_link>
<id>2102</id>
<name>Apple iBooks</name>
<link>https://www.goodreads.com/book_link/follow/2102</link>
</buy_link>
<buy_link>
<id>8036</id>
<name>Google Play</name>
<link>https://www.goodreads.com/book_link/follow/8036</link>
</buy_link>
<buy_link>
<id>4</id>
<name>Abebooks</name>
<link>https://www.goodreads.com/book_link/follow/4</link>
</buy_link>
<buy_link>
<id>882</id>
<name>Book Depository</name>
<link>https://www.goodreads.com/book_link/follow/882</link>
</buy_link>
<buy_link>
<id>9</id>
<name>Indigo</name>
<link>https://www.goodreads.com/book_link/follow/9</link>
</buy_link>
<buy_link>
<id>2</id>
<name>Half.com</name>
<link>https://www.goodreads.com/book_link/follow/2</link>
</buy_link>
<buy_link>
<id>5</id>
<name>Alibris</name>
<link>https://www.goodreads.com/book_link/follow/5</link>
</buy_link>
<buy_link>
<id>107</id>
<name>Better World Books</name>
<link>https://www.goodreads.com/book_link/follow/107</link>
</buy_link>
<buy_link>
<id>7</id>
<name>IndieBound</name>
<link>https://www.goodreads.com/book_link/follow/7</link>
</buy_link>

  </buy_links>
  <series_works>
    <series_work>
<id>159860</id>
<user_position>5</user_position>
<series>
<id>41093</id>
<title>
<![CDATA[
    Preacher
]]>
</title>
<description>
<![CDATA[
    Also collected in <a href="http://www.goodreads.com/series/62992-preacher-deluxe">deluxe editions</a> and in three big volumes in the spanish edition <a href="http://www.goodreads.com/series/95328-predicador-integral">Predicador Integral</a>.
]]>
</description>
<note>
<![CDATA[
]]>
</note>
<series_works_count>9</series_works_count>
<primary_work_count>9</primary_work_count>
<numbered>true</numbered>
</series>

</series_work>

  </series_works>
  <similar_books>
          <book>
<id>22422</id>
<title><![CDATA[Transmetropolitan, Vol. 6: Gouge Away (Transmetropolitan, #6)]]></title>
<title_without_series><![CDATA[Transmetropolitan, Vol. 6: Gouge Away]]></title_without_series>
<link><![CDATA[https://www.goodreads.com/book/show/22422.Transmetropolitan_Vol_6]]></link>
<small_image_url><![CDATA[https://images.gr-assets.com/books/1374683419s/22422.jpg]]></small_image_url>
<image_url><![CDATA[https://images.gr-assets.com/books/1374683419m/22422.jpg]]></image_url>
<num_pages></num_pages>
<work>
<id>978453</id>
</work>
<isbn>1563897962</isbn>
<isbn13>9781563897962</isbn13>
<average_rating>4.44</average_rating>
<ratings_count>10637</ratings_count>
<publication_year></publication_year>
<publication_month></publication_month>
<publication_day></publication_day>
<authors>
<author>
<id>12772</id>
<name>Warren Ellis</name>
<link><![CDATA[https://www.goodreads.com/author/show/12772.Warren_Ellis]]></link>
</author>
</authors>
</book>

          <book>
<id>94512</id>
<title><![CDATA[100 Bullets, Vol. 9: Strychnine Lives]]></title>
<title_without_series><![CDATA[100 Bullets, Vol. 9: Strychnine Lives]]></title_without_series>
<link><![CDATA[https://www.goodreads.com/book/show/94512.100_Bullets_Vol_9]]></link>
<small_image_url><![CDATA[https://s.gr-assets.com/assets/nophoto/book/50x75-a91bf249278a81aabab721ef782c4a74.png]]></small_image_url>
<image_url><![CDATA[https://s.gr-assets.com/assets/nophoto/book/111x148-bcc042a9c91a29c1d680899eff700a03.png]]></image_url>
<num_pages>224</num_pages>
<work>
<id>91116</id>
</work>
<isbn>1401209289</isbn>
<isbn13>9781401209285</isbn13>
<average_rating>4.14</average_rating>
<ratings_count>2528</ratings_count>
<publication_year>2006</publication_year>
<publication_month>4</publication_month>
<publication_day>26</publication_day>
<authors>
<author>
<id>17029</id>
<name>Brian Azzarello</name>
<link><![CDATA[https://www.goodreads.com/author/show/17029.Brian_Azzarello]]></link>
</author>
</authors>
</book>

          <book>
<id>184040</id>
<title><![CDATA[Y: The Last Man, Vol. 4: Safeword (Y: The Last Man, #4)]]></title>
<title_without_series><![CDATA[Y: The Last Man, Vol. 4: Safeword]]></title_without_series>
<link><![CDATA[https://www.goodreads.com/book/show/184040.Y]]></link>
<small_image_url><![CDATA[https://images.gr-assets.com/books/1335238541s/184040.jpg]]></small_image_url>
<image_url><![CDATA[https://images.gr-assets.com/books/1335238541m/184040.jpg]]></image_url>
<num_pages>144</num_pages>
<work>
<id>1584085</id>
</work>
<isbn>1401202322</isbn>
<isbn13>9781401202323</isbn13>
<average_rating>4.25</average_rating>
<ratings_count>22500</ratings_count>
<publication_year>2004</publication_year>
<publication_month>12</publication_month>
<publication_day>1</publication_day>
<authors>
<author>
<id>24514</id>
<name>Brian K. Vaughan</name>
<link><![CDATA[https://www.goodreads.com/author/show/24514.Brian_K_Vaughan]]></link>
</author>
</authors>
</book>

  </similar_books>
</book>

</GoodreadsResponse>