<?xml version="1.0" encoding="UTF-8"?>
<GoodreadsResponse>
  <Request>
    <authentication>true</authentication>
      <key><![CDATA[all_men_must_serve]]></key>
    <method><![CDATA[book_show]]></method>
  </Request>
  <book>
  <id>10305231</id>
  <title><![CDATA[The Next Always (Inn BoonsBoro, #1)]]></title>
  <isbn><![CDATA[1455806854]]></isbn>
  <isbn13><![CDATA[9781455806850]]></isbn13>
  <asin><![CDATA[]]></asin>
  <kindle_asin><![CDATA[B005I547T2]]></kindle_asin>
  <marketplace_id><![CDATA[A1F83G8C2ARO7P]]></marketplace_id>
  <country_code><![CDATA[GB]]></country_code>
  <image_url>https://images.gr-assets.com/books/1491591796m/10305231.jpg</image_url>
  <small_image_url>https://images.gr-assets.com/books/1491591796s/10305231.jpg</small_image_url>
  <publication_year>2011</publication_year>
  <publication_month>11</publication_month>
  <publication_day>1</publication_day>
  <publisher>Brilliance Audio</publisher>
  <language_code></language_code>
  <is_ebook>false</is_ebook>
  <description><![CDATA[The historic hotel in Boonsboro has endured war and peace, changing hands, even rumored hauntings. Now it’s getting a major facelift from the Montgomery brothers and their eccentric mother. Beckett is the architect of the family, and his social life consists mostly of talking shop over pizza and beer. But there’s another project he’s got his eye on: the girl he’s been waiting to kiss since he was fifteen.<br /><br />After losing her husband and returning to her hometown, Clare Brewster soon settles into her life as the mother of three young sons while running the town’s bookstore. Busy, with little time for romance, Clare is drawn across the street by Beckett’s transformation of the old inn, wanting to take a closer look . . . at the building and the man behind it.<br /><br />With the grand opening inching closer, Beckett’s happy to give Clare a private tour - one room at a time. It’s no first date, but these stolen moments are the beginning of something new - and open the door to the extraordinary adventure of what comes next . . .]]></description>
  <work>
  <id type="integer">15207309</id>
  <books_count type="integer">80</books_count>
  <best_book_id type="integer">10305231</best_book_id>
  <reviews_count type="integer">105035</reviews_count>
  <ratings_sum type="integer">259212</ratings_sum>
  <ratings_count type="integer">63112</ratings_count>
  <text_reviews_count type="integer">3355</text_reviews_count>
  <original_publication_year type="integer">2011</original_publication_year>
  <original_publication_month type="integer" nil="true"/>
  <original_publication_day type="integer" nil="true"/>
  <original_title>The Next Always</original_title>
  <original_language_id type="integer" nil="true"/>
  <media_type>book</media_type>
  <rating_dist>5:26333|4:21584|3:11783|2:2450|1:962|total:63112</rating_dist>
  <desc_user_id type="integer">8897357</desc_user_id>
  <default_chaptering_book_id type="integer" nil="true"/>
  <default_description_language_code nil="true"/>
</work>
  <average_rating>4.11</average_rating>
  <num_pages><![CDATA[352]]></num_pages>
  <format><![CDATA[Audio CD]]></format>
  <edition_information><![CDATA[Unabridged - Library Ed]]></edition_information>
  <ratings_count><![CDATA[54800]]></ratings_count>
  <text_reviews_count><![CDATA[2464]]></text_reviews_count>
  <url><![CDATA[https://www.goodreads.com/book/show/10305231-the-next-always]]></url>
  <link><![CDATA[https://www.goodreads.com/book/show/10305231-the-next-always]]></link>
  <authors>
<author>
<id>625</id>
<name>Nora Roberts</name>
<role></role>
<image_url nophoto='false'>
<![CDATA[https://images.gr-assets.com/authors/1497556419p5/625.jpg]]>
</image_url>
<small_image_url nophoto='false'>
<![CDATA[https://images.gr-assets.com/authors/1497556419p2/625.jpg]]>
</small_image_url>
<link><![CDATA[https://www.goodreads.com/author/show/625.Nora_Roberts]]></link>
<average_rating>4.06</average_rating>
<ratings_count>2963387</ratings_count>
<text_reviews_count>105320</text_reviews_count>
</author>
<author>
<id>7711592</id>
<name>MacLeod Andrews</name>
<role>Narrator</role>
<image_url nophoto='false'>
<![CDATA[https://images.gr-assets.com/authors/1450724238p5/7711592.jpg]]>
</image_url>
<small_image_url nophoto='false'>
<![CDATA[https://images.gr-assets.com/authors/1450724238p2/7711592.jpg]]>
</small_image_url>
<link><![CDATA[https://www.goodreads.com/author/show/7711592.MacLeod_Andrews]]></link>
<average_rating>4.09</average_rating>
<ratings_count>92374</ratings_count>
<text_reviews_count>5945</text_reviews_count>
</author>
</authors>

    <reviews_widget>
      <![CDATA[
        <style>
  #goodreads-widget {
    font-family: georgia, serif;
    padding: 18px 0;
    width:565px;
  }
  #goodreads-widget h1 {
    font-weight:normal;
    font-size: 16px;
    border-bottom: 1px solid #BBB596;
    margin-bottom: 0;
  }
  #goodreads-widget a {
    text-decoration: none;
    color:#660;
  }
  iframe{
    background-color: #fff;
  }
  #goodreads-widget a:hover { text-decoration: underline; }
  #goodreads-widget a:active {
    color:#660;
  }
  #gr_footer {
    width: 100%;
    border-top: 1px solid #BBB596;
    text-align: right;
  }
  #goodreads-widget .gr_branding{
    color: #382110;
    font-size: 11px;
    text-decoration: none;
    font-family: "Helvetica Neue", Helvetica, Arial, sans-serif;
  }
</style>
<div id="goodreads-widget">
  <div id="gr_header"><h1><a rel="nofollow" href="https://www.goodreads.com/book/show/10305231-the-next-always">The Next Always Reviews</a></h1></div>
  <iframe id="the_iframe" src="https://www.goodreads.com/api/reviews_widget_iframe?did=DEVELOPER_ID&amp;format=html&amp;isbn=1455806854&amp;links=660&amp;min_rating=&amp;review_back=fff&amp;stars=000&amp;text=000" width="565" height="400" frameborder="0"></iframe>
  <div id="gr_footer">
    <a class="gr_branding" target="_blank" rel="nofollow" href="https://www.goodreads.com/book/show/10305231-the-next-always?utm_medium=api&amp;utm_source=reviews_widget">Reviews from Goodreads.com</a>
  </div>
</div>

      ]]>
    </reviews_widget>
  <popular_shelves>
      <shelf name="romance" count="460"/>
      <shelf name="currently-reading" count="317"/>
      <shelf name="nora-roberts" count="314"/>
      <shelf name="to-read" count="205"/>
      <shelf name="contemporary-romance" count="98"/>
      <shelf name="fiction" count="86"/>
      <shelf name="contemporary" count="76"/>
      <shelf name="ebook" count="74"/>
      <shelf name="default" count="71"/>
      <shelf name="books-i-own" count="68"/>
      <shelf name="series" count="64"/>
      <shelf name="audible" count="57"/>
      <shelf name="owned" count="54"/>
      <shelf name="favorites" count="54"/>
      <shelf name="chick-lit" count="51"/>
      <shelf name="paranormal" count="43"/>
      <shelf name="adult" count="30"/>
      <shelf name="kindle" count="30"/>
      <shelf name="inn-boonsboro-trilogy" count="29"/>
      <shelf name="audio" count="27"/>
      <shelf name="chic-lit" count="27"/>
      <shelf name="audio-book" count="26"/>
      <shelf name="read-in-2016" count="25"/>
      <shelf name="roberts-nora" count="25"/>
      <shelf name="audiobook" count="23"/>
      <shelf name="library" count="22"/>
      <shelf name="nora" count="21"/>
      <shelf name="my-books" count="21"/>
      <shelf name="have" count="21"/>
      <shelf name="owned-books" count="18"/>
      <shelf name="read-in-2015" count="17"/>
      <shelf name="read-2015" count="16"/>
      <shelf name="ghosts" count="16"/>
      <shelf name="2013-books" count="15"/>
      <shelf name="novel" count="15"/>
      <shelf name="fluff" count="15"/>
      <shelf name="adult-romance" count="15"/>
      <shelf name="my-library" count="13"/>
      <shelf name="adult-fiction" count="13"/>
      <shelf name="roberts" count="13"/>
      <shelf name="audio-books" count="13"/>
      <shelf name="e-book" count="13"/>
      <shelf name="favourites" count="13"/>
      <shelf name="nora-roberts-read" count="13"/>
      <shelf name="romance-contemporary" count="12"/>
      <shelf name="trilogy" count="12"/>
      <shelf name="audiobooks" count="12"/>
      <shelf name="book-1" count="12"/>
      <shelf name="love" count="12"/>
      <shelf name="family" count="11"/>
      <shelf name="read-in-2014" count="11"/>
      <shelf name="books-i-have" count="11"/>
      <shelf name="i-own" count="10"/>
      <shelf name="paranormal-romance" count="10"/>
      <shelf name="2015-reads" count="9"/>
      <shelf name="contemporary-fiction" count="9"/>
      <shelf name="2013-read" count="9"/>
      <shelf name="favorite-series" count="9"/>
      <shelf name="abandoned" count="9"/>
      <shelf name="on-kindle" count="9"/>
      <shelf name="novels" count="9"/>
      <shelf name="kindle-books" count="9"/>
      <shelf name="romantic" count="9"/>
      <shelf name="fiction-romance" count="9"/>
      <shelf name="read-in-2017" count="8"/>
      <shelf name="2016-read" count="8"/>
      <shelf name="shelfari-favorites" count="8"/>
      <shelf name="already-read" count="8"/>
      <shelf name="read-2017" count="7"/>
      <shelf name="2016-reads" count="7"/>
      <shelf name="read-2016" count="7"/>
      <shelf name="small-town" count="7"/>
      <shelf name="books" count="7"/>
      <shelf name="have-read" count="7"/>
      <shelf name="series-to-start" count="7"/>
      <shelf name="brothers" count="7"/>
      <shelf name="nook-books" count="7"/>
      <shelf name="love-stories" count="7"/>
      <shelf name="summer-reads" count="7"/>
      <shelf name="romance-to-read" count="7"/>
      <shelf name="1" count="7"/>
      <shelf name="2017-books" count="6"/>
      <shelf name="ebooks" count="6"/>
      <shelf name="2016-books" count="6"/>
      <shelf name="dnf" count="6"/>
      <shelf name="e-books" count="6"/>
      <shelf name="romances" count="6"/>
      <shelf name="did-not-finish" count="6"/>
      <shelf name="on-my-shelf" count="6"/>
      <shelf name="library-book" count="6"/>
      <shelf name="read-2014" count="6"/>
      <shelf name="mine" count="6"/>
      <shelf name="1st-in-series" count="6"/>
      <shelf name="sub" count="6"/>
      <shelf name="small-town-romance" count="6"/>
      <shelf name="bookworm-bitches" count="6"/>
      <shelf name="nr" count="6"/>
      <shelf name="realistic-fiction" count="6"/>
      <shelf name="meh" count="6"/>
      <shelf name="love-story" count="6"/>
  </popular_shelves>
  <book_links>
    <book_link>
  <id>8</id>
  <name>Libraries</name>
  <link>https://www.goodreads.com/book_link/follow/8</link>
</book_link>

  </book_links>
  <buy_links>
    <buy_link>
<id>1</id>
<name>Amazon</name>
<link>https://www.goodreads.com/book_link/follow/1</link>
</buy_link>
<buy_link>
<id>10</id>
<name>Audible</name>
<link>https://www.goodreads.com/book_link/follow/10</link>
</buy_link>
<buy_link>
<id>3</id>
<name>Barnes &amp; Noble</name>
<link>https://www.goodreads.com/book_link/follow/3</link>
</buy_link>
<buy_link>
<id>1027</id>
<name>Kobo</name>
<link>https://www.goodreads.com/book_link/follow/1027</link>
</buy_link>
<buy_link>
<id>2102</id>
<name>Apple iBooks</name>
<link>https://www.goodreads.com/book_link/follow/2102</link>
</buy_link>
<buy_link>
<id>8036</id>
<name>Google Play</name>
<link>https://www.goodreads.com/book_link/follow/8036</link>
</buy_link>
<buy_link>
<id>4</id>
<name>Abebooks</name>
<link>https://www.goodreads.com/book_link/follow/4</link>
</buy_link>
<buy_link>
<id>882</id>
<name>Book Depository</name>
<link>https://www.goodreads.com/book_link/follow/882</link>
</buy_link>
<buy_link>
<id>9</id>
<name>Indigo</name>
<link>https://www.goodreads.com/book_link/follow/9</link>
</buy_link>
<buy_link>
<id>2</id>
<name>Half.com</name>
<link>https://www.goodreads.com/book_link/follow/2</link>
</buy_link>
<buy_link>
<id>5</id>
<name>Alibris</name>
<link>https://www.goodreads.com/book_link/follow/5</link>
</buy_link>
<buy_link>
<id>107</id>
<name>Better World Books</name>
<link>https://www.goodreads.com/book_link/follow/107</link>
</buy_link>
<buy_link>
<id>7</id>
<name>IndieBound</name>
<link>https://www.goodreads.com/book_link/follow/7</link>
</buy_link>

  </buy_links>
  <series_works>
    <series_work>
<id>262350</id>
<user_position>1</user_position>
<series>
<id>61197</id>
<title>
<![CDATA[
    Inn BoonsBoro Trilogy
]]>
</title>
<description>
<![CDATA[
    Trilogy-inspired by the inn Nora Roberts owns and the town she loves.
]]>
</description>
<note>
<![CDATA[
]]>
</note>
<series_works_count>4</series_works_count>
<primary_work_count>3</primary_work_count>
<numbered>true</numbered>
</series>

</series_work>

  </series_works>
  <similar_books>
          <book>
<id>10402992</id>
<title><![CDATA[New York to Dallas (In Death, #33)]]></title>
<title_without_series>New York to Dallas</title_without_series>
<link><![CDATA[https://www.goodreads.com/book/show/10402992-new-york-to-dallas]]></link>
<small_image_url><![CDATA[https://s.gr-assets.com/assets/nophoto/book/50x75-a91bf249278a81aabab721ef782c4a74.png]]></small_image_url>
<image_url><![CDATA[https://s.gr-assets.com/assets/nophoto/book/111x148-bcc042a9c91a29c1d680899eff700a03.png]]></image_url>
<num_pages>14</num_pages>
<work>
<id>14854113</id>
</work>
<isbn>1441836314</isbn>
<isbn13>9781441836311</isbn13>
<average_rating>4.42</average_rating>
<ratings_count>21062</ratings_count>
<publication_year>2011</publication_year>
<publication_month>9</publication_month>
<publication_day>13</publication_day>
<authors>
<author>
<id>17065</id>
<name>J.D. Robb</name>
<link><![CDATA[https://www.goodreads.com/author/show/17065.J_D_Robb]]></link>
</author>
</authors>
</book>

          <book>
<id>10852689</id>
<title><![CDATA[Bad Boys Do (Donovan Brothers Brewery, #2)]]></title>
<title_without_series>Bad Boys Do</title_without_series>
<link><![CDATA[https://www.goodreads.com/book/show/10852689-bad-boys-do]]></link>
<small_image_url><![CDATA[https://images.gr-assets.com/books/1367917301s/10852689.jpg]]></small_image_url>
<image_url><![CDATA[https://images.gr-assets.com/books/1367917301m/10852689.jpg]]></image_url>
<num_pages>384</num_pages>
<work>
<id>15767454</id>
</work>
<isbn>0373776020</isbn>
<isbn13>9780373776023</isbn13>
<average_rating>3.96</average_rating>
<ratings_count>7611</ratings_count>
<publication_year>2011</publication_year>
<publication_month>9</publication_month>
<publication_day>27</publication_day>
<authors>
<author>
<id>124727</id>
<name>Victoria Dahl</name>
<link><![CDATA[https://www.goodreads.com/author/show/124727.Victoria_Dahl]]></link>
</author>
</authors>
</book>

          <book>
<id>13111756</id>
<title><![CDATA[Forever and a Day (Lucky Harbor, #6)]]></title>
<title_without_series>Forever and a Day</title_without_series>
<link><![CDATA[https://www.goodreads.com/book/show/13111756-forever-and-a-day]]></link>
<small_image_url><![CDATA[https://images.gr-assets.com/books/1324661749s/13111756.jpg]]></small_image_url>
<image_url><![CDATA[https://images.gr-assets.com/books/1324661749m/13111756.jpg]]></image_url>
<num_pages>324</num_pages>
<work>
<id>18285318</id>
</work>
<isbn></isbn>
<isbn13></isbn13>
<average_rating>4.24</average_rating>
<ratings_count>11478</ratings_count>
<publication_year>2012</publication_year>
<publication_month>7</publication_month>
<publication_day>31</publication_day>
<authors>
<author>
<id>22370</id>
<name>Jill Shalvis</name>
<link><![CDATA[https://www.goodreads.com/author/show/22370.Jill_Shalvis]]></link>
</author>
</authors>
</book>

          <book>
<id>10714906</id>
<title>Only Yours (Fool&apos;s Gold, #5)</title>
<title_without_series>Only Yours</title_without_series>
<link><![CDATA[https://www.goodreads.com/book/show/10714906-only-yours]]></link>
<small_image_url><![CDATA[https://images.gr-assets.com/books/1315761642s/10714906.jpg]]></small_image_url>
<image_url><![CDATA[https://images.gr-assets.com/books/1315761642m/10714906.jpg]]></image_url>
<num_pages>378</num_pages>
<work>
<id>14510522</id>
</work>
<isbn>0373775946</isbn>
<isbn13>9780373775941</isbn13>
<average_rating>4.15</average_rating>
<ratings_count>11499</ratings_count>
<publication_year>2011</publication_year>
<publication_month>8</publication_month>
<publication_day>30</publication_day>
<authors>
<author>
<id>8716</id>
<name>Susan Mallery</name>
<link><![CDATA[https://www.goodreads.com/author/show/8716.Susan_Mallery]]></link>
</author>
</authors>
</book>

          <book>
<id>8331368</id>
<title><![CDATA[In Too Deep (Arcane Society, #10; Looking Glass Trilogy, #1)]]></title>
<title_without_series>In Too Deep</title_without_series>
<link><![CDATA[https://www.goodreads.com/book/show/8331368-in-too-deep]]></link>
<small_image_url><![CDATA[https://images.gr-assets.com/books/1328010767s/8331368.jpg]]></small_image_url>
<image_url><![CDATA[https://images.gr-assets.com/books/1328010767m/8331368.jpg]]></image_url>
<num_pages>324</num_pages>
<work>
<id>13181406</id>
</work>
<isbn>0749952768</isbn>
<isbn13>9780749952761</isbn13>
<average_rating>4.01</average_rating>
<ratings_count>7066</ratings_count>
<publication_year>2011</publication_year>
<publication_month>1</publication_month>
<publication_day>1</publication_day>
<authors>
<author>
<id>2387</id>
<name>Jayne Ann Krentz</name>
<link><![CDATA[https://www.goodreads.com/author/show/2387.Jayne_Ann_Krentz]]></link>
</author>
</authors>
</book>

          <book>
<id>184850</id>
<title><![CDATA[Virgin River (Virgin River, #1)]]></title>
<title_without_series>Virgin River</title_without_series>
<link><![CDATA[https://www.goodreads.com/book/show/184850.Virgin_River]]></link>
<small_image_url><![CDATA[https://s.gr-assets.com/assets/nophoto/book/50x75-a91bf249278a81aabab721ef782c4a74.png]]></small_image_url>
<image_url><![CDATA[https://s.gr-assets.com/assets/nophoto/book/111x148-bcc042a9c91a29c1d680899eff700a03.png]]></image_url>
<num_pages>386</num_pages>
<work>
<id>2043796</id>
</work>
<isbn>0778324907</isbn>
<isbn13>9780778324904</isbn13>
<average_rating>4.12</average_rating>
<ratings_count>19567</ratings_count>
<publication_year>2007</publication_year>
<publication_month>4</publication_month>
<publication_day>1</publication_day>
<authors>
<author>
<id>107767</id>
<name>Robyn Carr</name>
<link><![CDATA[https://www.goodreads.com/author/show/107767.Robyn_Carr]]></link>
</author>
</authors>
</book>

          <book>
<id>11106413</id>
<title><![CDATA[An O'Brien Family Christmas (Chesapeake Shores, #8)]]></title>
<title_without_series>An O&apos;Brien Family Christmas</title_without_series>
<link><![CDATA[https://www.goodreads.com/book/show/11106413-an-o-brien-family-christmas]]></link>
<small_image_url><![CDATA[https://s.gr-assets.com/assets/nophoto/book/50x75-a91bf249278a81aabab721ef782c4a74.png]]></small_image_url>
<image_url><![CDATA[https://s.gr-assets.com/assets/nophoto/book/111x148-bcc042a9c91a29c1d680899eff700a03.png]]></image_url>
<num_pages>282</num_pages>
<work>
<id>16028647</id>
</work>
<isbn>0778312704</isbn>
<isbn13>9780778312703</isbn13>
<average_rating>4.14</average_rating>
<ratings_count>3363</ratings_count>
<publication_year>2011</publication_year>
<publication_month>9</publication_month>
<publication_day>27</publication_day>
<authors>
<author>
<id>59446</id>
<name>Sherryl Woods</name>
<link><![CDATA[https://www.goodreads.com/author/show/59446.Sherryl_Woods]]></link>
</author>
</authors>
</book>

  </similar_books>
</book>

</GoodreadsResponse>