<?xml version="1.0" encoding="UTF-8"?>
<GoodreadsResponse>
  <Request>
    <authentication>true</authentication>
      <key><![CDATA[all_men_must_serve]]></key>
    <method><![CDATA[book_show]]></method>
  </Request>
  <book>
  <id>10335308</id>
  <title><![CDATA[Is Everyone Hanging Out Without Me? (And Other Concerns)]]></title>
  <isbn><![CDATA[0307886263]]></isbn>
  <isbn13><![CDATA[9780307886262]]></isbn13>
  <asin><![CDATA[]]></asin>
  <kindle_asin><![CDATA[B00CJEG1IU]]></kindle_asin>
  <marketplace_id><![CDATA[A1F83G8C2ARO7P]]></marketplace_id>
  <country_code><![CDATA[GB]]></country_code>
  <image_url>https://images.gr-assets.com/books/1443264638m/10335308.jpg</image_url>
  <small_image_url>https://images.gr-assets.com/books/1443264638s/10335308.jpg</small_image_url>
  <publication_year>2011</publication_year>
  <publication_month>11</publication_month>
  <publication_day>1</publication_day>
  <publisher>Crown Archetype</publisher>
  <language_code>eng</language_code>
  <is_ebook>false</is_ebook>
  <description><![CDATA[Mindy Kaling has lived many lives: the obedient child of immigrant professionals, a timid chubster afraid of her own bike, a Ben Affleck–impersonating Off-Broadway performer and playwright, and, finally, a comedy writer and actress prone to starting fights with her friends and coworkers with the sentence “Can I just say one last thing about this, and then I swear I’ll shut up about it?” <br /> <br />Perhaps you want to know what Mindy thinks makes a great best friend (someone who will fill your prescription in the middle of the night), or what makes a great guy (one who is aware of all elderly people in any room at any time and acts accordingly), or what is the perfect amount of fame (so famous you can never get convicted of murder in a court of law), or how to maintain a trim figure (you will not find that information in these pages). If so, you’ve come to the right book, mostly!<br /> <br />In <i>Is Everyone Hanging Out Without Me?, </i>Mindy invites readers on a tour of her life and her unscientific observations on romance, friendship, and Hollywood, with several conveniently placed stopping points for you to run errands and make phone calls. Mindy Kaling really is just a Girl Next Door—not so much literally anywhere in the continental United States, but definitely if you live in India or Sri Lanka.]]></description>
  <work>
  <id type="integer">15237902</id>
  <books_count type="integer">18</books_count>
  <best_book_id type="integer">10335308</best_book_id>
  <reviews_count type="integer">582817</reviews_count>
  <ratings_sum type="integer">1203752</ratings_sum>
  <ratings_count type="integer">313222</ratings_count>
  <text_reviews_count type="integer">19403</text_reviews_count>
  <original_publication_year type="integer">2011</original_publication_year>
  <original_publication_month type="integer">1</original_publication_month>
  <original_publication_day type="integer">1</original_publication_day>
  <original_title>Is Everyone Hanging Out Without Me? (And Other Concerns)</original_title>
  <original_language_id type="integer" nil="true"/>
  <media_type>book</media_type>
  <rating_dist>5:89251|4:117356|3:81291|2:18876|1:6448|total:313222</rating_dist>
  <desc_user_id type="integer">12042166</desc_user_id>
  <default_chaptering_book_id type="integer">10335308</default_chaptering_book_id>
  <default_description_language_code nil="true"/>
</work>
  <average_rating>3.84</average_rating>
  <num_pages><![CDATA[222]]></num_pages>
  <format><![CDATA[Hardcover]]></format>
  <edition_information><![CDATA[]]></edition_information>
  <ratings_count><![CDATA[290938]]></ratings_count>
  <text_reviews_count><![CDATA[17342]]></text_reviews_count>
  <url><![CDATA[https://www.goodreads.com/book/show/10335308-is-everyone-hanging-out-without-me]]></url>
  <link><![CDATA[https://www.goodreads.com/book/show/10335308-is-everyone-hanging-out-without-me]]></link>
  <authors>
<author>
<id>194416</id>
<name>Mindy Kaling</name>
<role></role>
<image_url nophoto='false'>
<![CDATA[https://images.gr-assets.com/authors/1440718587p5/194416.jpg]]>
</image_url>
<small_image_url nophoto='false'>
<![CDATA[https://images.gr-assets.com/authors/1440718587p2/194416.jpg]]>
</small_image_url>
<link><![CDATA[https://www.goodreads.com/author/show/194416.Mindy_Kaling]]></link>
<average_rating>3.86</average_rating>
<ratings_count>421045</ratings_count>
<text_reviews_count>27189</text_reviews_count>
</author>
</authors>

    <reviews_widget>
      <![CDATA[
        <style>
  #goodreads-widget {
    font-family: georgia, serif;
    padding: 18px 0;
    width:565px;
  }
  #goodreads-widget h1 {
    font-weight:normal;
    font-size: 16px;
    border-bottom: 1px solid #BBB596;
    margin-bottom: 0;
  }
  #goodreads-widget a {
    text-decoration: none;
    color:#660;
  }
  iframe{
    background-color: #fff;
  }
  #goodreads-widget a:hover { text-decoration: underline; }
  #goodreads-widget a:active {
    color:#660;
  }
  #gr_footer {
    width: 100%;
    border-top: 1px solid #BBB596;
    text-align: right;
  }
  #goodreads-widget .gr_branding{
    color: #382110;
    font-size: 11px;
    text-decoration: none;
    font-family: "Helvetica Neue", Helvetica, Arial, sans-serif;
  }
</style>
<div id="goodreads-widget">
  <div id="gr_header"><h1><a rel="nofollow" href="https://www.goodreads.com/book/show/10335308-is-everyone-hanging-out-without-me">Is Everyone Hanging Out Without Me? Reviews</a></h1></div>
  <iframe id="the_iframe" src="https://www.goodreads.com/api/reviews_widget_iframe?did=DEVELOPER_ID&amp;format=html&amp;isbn=0307886263&amp;links=660&amp;min_rating=&amp;review_back=fff&amp;stars=000&amp;text=000" width="565" height="400" frameborder="0"></iframe>
  <div id="gr_footer">
    <a class="gr_branding" target="_blank" rel="nofollow" href="https://www.goodreads.com/book/show/10335308-is-everyone-hanging-out-without-me?utm_medium=api&amp;utm_source=reviews_widget">Reviews from Goodreads.com</a>
  </div>
</div>

      ]]>
    </reviews_widget>
  <popular_shelves>
      <shelf name="to-read" count="240537"/>
      <shelf name="currently-reading" count="6214"/>
      <shelf name="non-fiction" count="4451"/>
      <shelf name="humor" count="2727"/>
      <shelf name="memoir" count="2419"/>
      <shelf name="nonfiction" count="1902"/>
      <shelf name="favorites" count="1583"/>
      <shelf name="biography" count="958"/>
      <shelf name="memoirs" count="939"/>
      <shelf name="audiobook" count="818"/>
      <shelf name="comedy" count="795"/>
      <shelf name="audiobooks" count="691"/>
      <shelf name="funny" count="589"/>
      <shelf name="books-i-own" count="499"/>
      <shelf name="autobiography" count="409"/>
      <shelf name="audio" count="385"/>
      <shelf name="essays" count="385"/>
      <shelf name="humour" count="372"/>
      <shelf name="book-club" count="357"/>
      <shelf name="biography-memoir" count="342"/>
      <shelf name="adult" count="328"/>
      <shelf name="kindle" count="325"/>
      <shelf name="biographies" count="318"/>
      <shelf name="owned" count="293"/>
      <shelf name="library" count="260"/>
      <shelf name="read-in-2015" count="256"/>
      <shelf name="read-in-2012" count="243"/>
      <shelf name="read-in-2014" count="223"/>
      <shelf name="chick-lit" count="212"/>
      <shelf name="audio-books" count="208"/>
      <shelf name="read-in-2013" count="197"/>
      <shelf name="audio-book" count="177"/>
      <shelf name="ebook" count="171"/>
      <shelf name="memoir-biography" count="167"/>
      <shelf name="to-buy" count="141"/>
      <shelf name="read-in-2016" count="138"/>
      <shelf name="read-2015" count="116"/>
      <shelf name="contemporary" count="114"/>
      <shelf name="audible" count="110"/>
      <shelf name="ebooks" count="110"/>
      <shelf name="bio" count="108"/>
      <shelf name="women" count="100"/>
      <shelf name="owned-books" count="97"/>
      <shelf name="read-in-2011" count="93"/>
      <shelf name="bios" count="92"/>
      <shelf name="biographies-memoirs" count="92"/>
      <shelf name="feminism" count="88"/>
      <shelf name="autobiographies" count="87"/>
      <shelf name="favourites" count="81"/>
      <shelf name="non-fic" count="79"/>
      <shelf name="read-2014" count="78"/>
      <shelf name="adult-non-fiction" count="76"/>
      <shelf name="read-2013" count="75"/>
      <shelf name="listened-to" count="75"/>
      <shelf name="bio-memoir" count="75"/>
      <shelf name="read-in-2017" count="73"/>
      <shelf name="2015-reads" count="73"/>
      <shelf name="read-2012" count="73"/>
      <shelf name="pop-culture" count="73"/>
      <shelf name="abandoned" count="72"/>
      <shelf name="autobiography-memoir" count="72"/>
      <shelf name="borrowed" count="70"/>
      <shelf name="library-books" count="70"/>
      <shelf name="celebrity" count="68"/>
      <shelf name="memoirs-biographies" count="68"/>
      <shelf name="2015-books" count="67"/>
      <shelf name="humorous" count="66"/>
      <shelf name="2016-reading-challenge" count="65"/>
      <shelf name="2014-reads" count="65"/>
      <shelf name="e-book" count="65"/>
      <shelf name="hilarious" count="64"/>
      <shelf name="american" count="63"/>
      <shelf name="read-2016" count="62"/>
      <shelf name="did-not-finish" count="62"/>
      <shelf name="adult-nonfiction" count="62"/>
      <shelf name="e-books" count="61"/>
      <shelf name="biography-autobiography" count="60"/>
      <shelf name="2013-reads" count="59"/>
      <shelf name="fun" count="58"/>
      <shelf name="female-authors" count="58"/>
      <shelf name="bookclub" count="57"/>
      <shelf name="wish-list" count="55"/>
      <shelf name="memoir-bio" count="54"/>
      <shelf name="2012-reads" count="52"/>
      <shelf name="library-book" count="52"/>
      <shelf name="2014-books" count="50"/>
      <shelf name="female-author" count="50"/>
      <shelf name="biographical" count="50"/>
      <shelf name="auto-biography" count="49"/>
      <shelf name="to-read-nonfiction" count="48"/>
      <shelf name="2016-reads" count="47"/>
      <shelf name="own-it" count="45"/>
      <shelf name="2015-reading-challenge" count="44"/>
      <shelf name="memoir-autobiography" count="44"/>
      <shelf name="nonfic" count="44"/>
      <shelf name="my-books" count="43"/>
      <shelf name="fiction" count="43"/>
      <shelf name="dnf" count="42"/>
      <shelf name="i-own" count="42"/>
      <shelf name="beach-reads" count="41"/>
  </popular_shelves>
  <book_links>
    <book_link>
  <id>8</id>
  <name>Libraries</name>
  <link>https://www.goodreads.com/book_link/follow/8</link>
</book_link>

  </book_links>
  <buy_links>
    <buy_link>
<id>1</id>
<name>Amazon</name>
<link>https://www.goodreads.com/book_link/follow/1</link>
</buy_link>
<buy_link>
<id>10</id>
<name>Audible</name>
<link>https://www.goodreads.com/book_link/follow/10</link>
</buy_link>
<buy_link>
<id>3</id>
<name>Barnes &amp; Noble</name>
<link>https://www.goodreads.com/book_link/follow/3</link>
</buy_link>
<buy_link>
<id>1027</id>
<name>Kobo</name>
<link>https://www.goodreads.com/book_link/follow/1027</link>
</buy_link>
<buy_link>
<id>2102</id>
<name>Apple iBooks</name>
<link>https://www.goodreads.com/book_link/follow/2102</link>
</buy_link>
<buy_link>
<id>8036</id>
<name>Google Play</name>
<link>https://www.goodreads.com/book_link/follow/8036</link>
</buy_link>
<buy_link>
<id>4</id>
<name>Abebooks</name>
<link>https://www.goodreads.com/book_link/follow/4</link>
</buy_link>
<buy_link>
<id>882</id>
<name>Book Depository</name>
<link>https://www.goodreads.com/book_link/follow/882</link>
</buy_link>
<buy_link>
<id>9</id>
<name>Indigo</name>
<link>https://www.goodreads.com/book_link/follow/9</link>
</buy_link>
<buy_link>
<id>2</id>
<name>Half.com</name>
<link>https://www.goodreads.com/book_link/follow/2</link>
</buy_link>
<buy_link>
<id>5</id>
<name>Alibris</name>
<link>https://www.goodreads.com/book_link/follow/5</link>
</buy_link>
<buy_link>
<id>107</id>
<name>Better World Books</name>
<link>https://www.goodreads.com/book_link/follow/107</link>
</buy_link>
<buy_link>
<id>7</id>
<name>IndieBound</name>
<link>https://www.goodreads.com/book_link/follow/7</link>
</buy_link>

  </buy_links>
  <series_works>
    
  </series_works>
  <similar_books>
          <book>
<id>9902804</id>
<title><![CDATA[Lies That Chelsea Handler Told Me]]></title>
<title_without_series><![CDATA[Lies That Chelsea Handler Told Me]]></title_without_series>
<link><![CDATA[https://www.goodreads.com/book/show/9902804-lies-that-chelsea-handler-told-me]]></link>
<small_image_url><![CDATA[https://images.gr-assets.com/books/1344264536s/9902804.jpg]]></small_image_url>
<image_url><![CDATA[https://images.gr-assets.com/books/1344264536m/9902804.jpg]]></image_url>
<num_pages>8</num_pages>
<work>
<id>14795098</id>
</work>
<isbn>1609411153</isbn>
<isbn13>9781609411152</isbn13>
<average_rating>3.74</average_rating>
<ratings_count>41547</ratings_count>
<publication_year>2011</publication_year>
<publication_month>5</publication_month>
<publication_day>10</publication_day>
<authors>
<author>
<id>20357</id>
<name>Chelsea Handler</name>
<link><![CDATA[https://www.goodreads.com/author/show/20357.Chelsea_Handler]]></link>
</author>
</authors>
</book>

          <book>
<id>12867423</id>
<title><![CDATA[Girl Walks into a Bar . . .: Comedy Calamities, Dating Disasters, and a Midlife Miracle]]></title>
<title_without_series><![CDATA[Girl Walks into a Bar . . .: Comedy Calamities, Dating Disasters, and a Midlife Miracle]]></title_without_series>
<link><![CDATA[https://www.goodreads.com/book/show/12867423-girl-walks-into-a-bar]]></link>
<small_image_url><![CDATA[https://s.gr-assets.com/assets/nophoto/book/50x75-a91bf249278a81aabab721ef782c4a74.png]]></small_image_url>
<image_url><![CDATA[https://s.gr-assets.com/assets/nophoto/book/111x148-bcc042a9c91a29c1d680899eff700a03.png]]></image_url>
<num_pages>248</num_pages>
<work>
<id>18019626</id>
</work>
<isbn>1592407110</isbn>
<isbn13>9781592407118</isbn13>
<average_rating>3.57</average_rating>
<ratings_count>17642</ratings_count>
<publication_year></publication_year>
<publication_month></publication_month>
<publication_day></publication_day>
<authors>
<author>
<id>5272166</id>
<name>Rachel Dratch</name>
<link><![CDATA[https://www.goodreads.com/author/show/5272166.Rachel_Dratch]]></link>
</author>
</authors>
</book>

          <book>
<id>7551220</id>
<title><![CDATA[I Know I Am, But What Are You?]]></title>
<title_without_series><![CDATA[I Know I Am, But What Are You?]]></title_without_series>
<link><![CDATA[https://www.goodreads.com/book/show/7551220-i-know-i-am-but-what-are-you]]></link>
<small_image_url><![CDATA[https://images.gr-assets.com/books/1268622672s/7551220.jpg]]></small_image_url>
<image_url><![CDATA[https://images.gr-assets.com/books/1268622672m/7551220.jpg]]></image_url>
<num_pages>242</num_pages>
<work>
<id>9845253</id>
</work>
<isbn>1439142734</isbn>
<isbn13>9781439142738</isbn13>
<average_rating>3.55</average_rating>
<ratings_count>8257</ratings_count>
<publication_year>2010</publication_year>
<publication_month>6</publication_month>
<publication_day>1</publication_day>
<authors>
<author>
<id>3122220</id>
<name>Samantha Bee</name>
<link><![CDATA[https://www.goodreads.com/author/show/3122220.Samantha_Bee]]></link>
</author>
</authors>
</book>

          <book>
<id>12332573</id>
<title><![CDATA[Jeneration X: One Reluctant Adult's Attempt to Unarrest Her Arrested Development; Or, Why It's  Never Too Late for Her Dumb Ass to Learn Why Froot Loops Are Not for Dinner]]></title>
<title_without_series><![CDATA[Jeneration X: One Reluctant Adult's Attempt to Unarrest Her Arrested Development; Or, Why It's  Never Too Late for Her Dumb Ass to Learn Why Froot Loops Are Not for Dinner]]></title_without_series>
<link><![CDATA[https://www.goodreads.com/book/show/12332573-jeneration-x]]></link>
<small_image_url><![CDATA[https://s.gr-assets.com/assets/nophoto/book/50x75-a91bf249278a81aabab721ef782c4a74.png]]></small_image_url>
<image_url><![CDATA[https://s.gr-assets.com/assets/nophoto/book/111x148-bcc042a9c91a29c1d680899eff700a03.png]]></image_url>
<num_pages>352</num_pages>
<work>
<id>17311607</id>
</work>
<isbn>0451233174</isbn>
<isbn13>9780451233172</isbn13>
<average_rating>3.89</average_rating>
<ratings_count>8265</ratings_count>
<publication_year>2012</publication_year>
<publication_month>5</publication_month>
<publication_day>1</publication_day>
<authors>
<author>
<id>14577</id>
<name>Jen Lancaster</name>
<link><![CDATA[https://www.goodreads.com/author/show/14577.Jen_Lancaster]]></link>
</author>
</authors>
</book>

          <book>
<id>10604115</id>
<title>Happy Accidents: A Memoir</title>
<title_without_series>Happy Accidents: A Memoir</title_without_series>
<link><![CDATA[https://www.goodreads.com/book/show/10604115-happy-accidents]]></link>
<small_image_url><![CDATA[https://s.gr-assets.com/assets/nophoto/book/50x75-a91bf249278a81aabab721ef782c4a74.png]]></small_image_url>
<image_url><![CDATA[https://s.gr-assets.com/assets/nophoto/book/111x148-bcc042a9c91a29c1d680899eff700a03.png]]></image_url>
<num_pages>304</num_pages>
<work>
<id>16463829</id>
</work>
<isbn>1401341764</isbn>
<isbn13>9781401341763</isbn13>
<average_rating>3.69</average_rating>
<ratings_count>11417</ratings_count>
<publication_year></publication_year>
<publication_month></publication_month>
<publication_day></publication_day>
<authors>
<author>
<id>2316952</id>
<name>Jane Lynch</name>
<link><![CDATA[https://www.goodreads.com/author/show/2316952.Jane_Lynch]]></link>
</author>
</authors>
</book>

          <book>
<id>3629944</id>
<title><![CDATA[A Little Bit Wicked: Life, Love, and Faith in Stages]]></title>
<title_without_series><![CDATA[A Little Bit Wicked: Life, Love, and Faith in Stages]]></title_without_series>
<link><![CDATA[https://www.goodreads.com/book/show/3629944-a-little-bit-wicked]]></link>
<small_image_url><![CDATA[https://s.gr-assets.com/assets/nophoto/book/50x75-a91bf249278a81aabab721ef782c4a74.png]]></small_image_url>
<image_url><![CDATA[https://s.gr-assets.com/assets/nophoto/book/111x148-bcc042a9c91a29c1d680899eff700a03.png]]></image_url>
<num_pages></num_pages>
<work>
<id>3672764</id>
</work>
<isbn>1416580557</isbn>
<isbn13>9781416580553</isbn13>
<average_rating>3.83</average_rating>
<ratings_count>8533</ratings_count>
<publication_year></publication_year>
<publication_month></publication_month>
<publication_day></publication_day>
<authors>
<author>
<id>1539383</id>
<name>Kristin Chenoweth</name>
<link><![CDATA[https://www.goodreads.com/author/show/1539383.Kristin_Chenoweth]]></link>
</author>
</authors>
</book>

          <book>
<id>13167847</id>
<title><![CDATA[Most Talkative: Stories from the Front Lines of Pop Culture]]></title>
<title_without_series><![CDATA[Most Talkative: Stories from the Front Lines of Pop Culture]]></title_without_series>
<link><![CDATA[https://www.goodreads.com/book/show/13167847-most-talkative]]></link>
<small_image_url><![CDATA[https://images.gr-assets.com/books/1335383485s/13167847.jpg]]></small_image_url>
<image_url><![CDATA[https://images.gr-assets.com/books/1335383485m/13167847.jpg]]></image_url>
<num_pages></num_pages>
<work>
<id>18347103</id>
</work>
<isbn>0805095837</isbn>
<isbn13>9780805095838</isbn13>
<average_rating>3.79</average_rating>
<ratings_count>11312</ratings_count>
<publication_year></publication_year>
<publication_month></publication_month>
<publication_day></publication_day>
<authors>
<author>
<id>140108</id>
<name>Andy Cohen</name>
<link><![CDATA[https://www.goodreads.com/author/show/140108.Andy_Cohen]]></link>
</author>
</authors>
</book>

          <book>
<id>11365762</id>
<title><![CDATA[Life As I Blow It: Tales Of Love, Life & Sex . . . Not Necessarily In That Order]]></title>
<title_without_series><![CDATA[Life As I Blow It: Tales Of Love, Life & Sex . . . Not Necessarily In That Order]]></title_without_series>
<link><![CDATA[https://www.goodreads.com/book/show/11365762-life-as-i-blow-it]]></link>
<small_image_url><![CDATA[https://s.gr-assets.com/assets/nophoto/book/50x75-a91bf249278a81aabab721ef782c4a74.png]]></small_image_url>
<image_url><![CDATA[https://s.gr-assets.com/assets/nophoto/book/111x148-bcc042a9c91a29c1d680899eff700a03.png]]></image_url>
<num_pages>239</num_pages>
<work>
<id>16296570</id>
</work>
<isbn>0345528379</isbn>
<isbn13>9780345528377</isbn13>
<average_rating>3.49</average_rating>
<ratings_count>6316</ratings_count>
<publication_year>2012</publication_year>
<publication_month>2</publication_month>
<publication_day>7</publication_day>
<authors>
<author>
<id>4852882</id>
<name>Sarah Colonna</name>
<link><![CDATA[https://www.goodreads.com/author/show/4852882.Sarah_Colonna]]></link>
</author>
</authors>
</book>

          <book>
<id>5660117</id>
<title><![CDATA[Beyond Heaving Bosoms: The Smart Bitches' Guide to Romance Novels]]></title>
<title_without_series><![CDATA[Beyond Heaving Bosoms: The Smart Bitches' Guide to Romance Novels]]></title_without_series>
<link><![CDATA[https://www.goodreads.com/book/show/5660117-beyond-heaving-bosoms]]></link>
<small_image_url><![CDATA[https://s.gr-assets.com/assets/nophoto/book/50x75-a91bf249278a81aabab721ef782c4a74.png]]></small_image_url>
<image_url><![CDATA[https://s.gr-assets.com/assets/nophoto/book/111x148-bcc042a9c91a29c1d680899eff700a03.png]]></image_url>
<num_pages>291</num_pages>
<work>
<id>5831642</id>
</work>
<isbn>1416571221</isbn>
<isbn13>9781416571223</isbn13>
<average_rating>3.98</average_rating>
<ratings_count>1268</ratings_count>
<publication_year></publication_year>
<publication_month></publication_month>
<publication_day></publication_day>
<authors>
<author>
<id>2530671</id>
<name>Sarah Wendell</name>
<link><![CDATA[https://www.goodreads.com/author/show/2530671.Sarah_Wendell]]></link>
</author>
</authors>
</book>

          <book>
<id>128582</id>
<title><![CDATA[But Enough About Me: A Jersey Girl's Unlikely Adventures Among the Absurdly Famous]]></title>
<title_without_series><![CDATA[But Enough About Me: A Jersey Girl's Unlikely Adventures Among the Absurdly Famous]]></title_without_series>
<link><![CDATA[https://www.goodreads.com/book/show/128582.But_Enough_About_Me]]></link>
<small_image_url><![CDATA[https://s.gr-assets.com/assets/nophoto/book/50x75-a91bf249278a81aabab721ef782c4a74.png]]></small_image_url>
<image_url><![CDATA[https://s.gr-assets.com/assets/nophoto/book/111x148-bcc042a9c91a29c1d680899eff700a03.png]]></image_url>
<num_pages></num_pages>
<work>
<id>123839</id>
</work>
<isbn>0060843640</isbn>
<isbn13>9780060843649</isbn13>
<average_rating>3.77</average_rating>
<ratings_count>3644</ratings_count>
<publication_year></publication_year>
<publication_month></publication_month>
<publication_day></publication_day>
<authors>
<author>
<id>73858</id>
<name>Jancee Dunn</name>
<link><![CDATA[https://www.goodreads.com/author/show/73858.Jancee_Dunn]]></link>
</author>
</authors>
</book>

          <book>
<id>12851028</id>
<title><![CDATA[All There Is: Love Stories from StoryCorps]]></title>
<title_without_series><![CDATA[All There Is: Love Stories from StoryCorps]]></title_without_series>
<link><![CDATA[https://www.goodreads.com/book/show/12851028-all-there-is]]></link>
<small_image_url><![CDATA[https://s.gr-assets.com/assets/nophoto/book/50x75-a91bf249278a81aabab721ef782c4a74.png]]></small_image_url>
<image_url><![CDATA[https://s.gr-assets.com/assets/nophoto/book/111x148-bcc042a9c91a29c1d680899eff700a03.png]]></image_url>
<num_pages>176</num_pages>
<work>
<id>18002384</id>
</work>
<isbn>1594203210</isbn>
<isbn13>9781594203213</isbn13>
<average_rating>4.03</average_rating>
<ratings_count>2145</ratings_count>
<publication_year>2012</publication_year>
<publication_month>2</publication_month>
<publication_day>2</publication_day>
<authors>
<author>
<id>185814</id>
<name>Dave Isay</name>
<link><![CDATA[https://www.goodreads.com/author/show/185814.Dave_Isay]]></link>
</author>
</authors>
</book>

          <book>
<id>7284508</id>
<title><![CDATA[Confessions of a Prairie Bitch: How I Survived Nellie Oleson and Learned to Love Being Hated]]></title>
<title_without_series><![CDATA[Confessions of a Prairie Bitch: How I Survived Nellie Oleson and Learned to Love Being Hated]]></title_without_series>
<link><![CDATA[https://www.goodreads.com/book/show/7284508-confessions-of-a-prairie-bitch]]></link>
<small_image_url><![CDATA[https://images.gr-assets.com/books/1280695574s/7284508.jpg]]></small_image_url>
<image_url><![CDATA[https://images.gr-assets.com/books/1280695574m/7284508.jpg]]></image_url>
<num_pages>302</num_pages>
<work>
<id>8507071</id>
</work>
<isbn>0061962147</isbn>
<isbn13>9780061962141</isbn13>
<average_rating>3.99</average_rating>
<ratings_count>9803</ratings_count>
<publication_year></publication_year>
<publication_month></publication_month>
<publication_day></publication_day>
<authors>
<author>
<id>3219726</id>
<name>Alison Arngrim</name>
<link><![CDATA[https://www.goodreads.com/author/show/3219726.Alison_Arngrim]]></link>
</author>
</authors>
</book>

          <book>
<id>6846102</id>
<title><![CDATA[Didn't I Feed You Yesterday?: A Mother's Guide to Sanity in Stilettos]]></title>
<title_without_series><![CDATA[Didn't I Feed You Yesterday?: A Mother's Guide to Sanity in Stilettos]]></title_without_series>
<link><![CDATA[https://www.goodreads.com/book/show/6846102-didn-t-i-feed-you-yesterday]]></link>
<small_image_url><![CDATA[https://images.gr-assets.com/books/1320474579s/6846102.jpg]]></small_image_url>
<image_url><![CDATA[https://images.gr-assets.com/books/1320474579m/6846102.jpg]]></image_url>
<num_pages></num_pages>
<work>
<id>7058144</id>
</work>
<isbn>0345516370</isbn>
<isbn13>9780345516374</isbn13>
<average_rating>3.35</average_rating>
<ratings_count>577</ratings_count>
<publication_year></publication_year>
<publication_month></publication_month>
<publication_day></publication_day>
<authors>
<author>
<id>1850072</id>
<name>Laura Bennett</name>
<link><![CDATA[https://www.goodreads.com/author/show/1850072.Laura_Bennett]]></link>
</author>
</authors>
</book>

          <book>
<id>9418327</id>
<title>Bossypants</title>
<title_without_series>Bossypants</title_without_series>
<link><![CDATA[https://www.goodreads.com/book/show/9418327-bossypants]]></link>
<small_image_url><![CDATA[https://images.gr-assets.com/books/1481509554s/9418327.jpg]]></small_image_url>
<image_url><![CDATA[https://images.gr-assets.com/books/1481509554m/9418327.jpg]]></image_url>
<num_pages>283</num_pages>
<work>
<id>14302659</id>
</work>
<isbn></isbn>
<isbn13></isbn13>
<average_rating>3.94</average_rating>
<ratings_count>609882</ratings_count>
<publication_year>2011</publication_year>
<publication_month>4</publication_month>
<publication_day>5</publication_day>
<authors>
<author>
<id>4385839</id>
<name>Tina Fey</name>
<link><![CDATA[https://www.goodreads.com/author/show/4385839.Tina_Fey]]></link>
</author>
</authors>
</book>

          <book>
<id>10445900</id>
<title><![CDATA[Pawnee: The Greatest Town in America]]></title>
<title_without_series><![CDATA[Pawnee: The Greatest Town in America]]></title_without_series>
<link><![CDATA[https://www.goodreads.com/book/show/10445900-pawnee]]></link>
<small_image_url><![CDATA[https://images.gr-assets.com/books/1308099851s/10445900.jpg]]></small_image_url>
<image_url><![CDATA[https://images.gr-assets.com/books/1308099851m/10445900.jpg]]></image_url>
<num_pages>240</num_pages>
<work>
<id>15350617</id>
</work>
<isbn>1401310648</isbn>
<isbn13>9781401310646</isbn13>
<average_rating>4.11</average_rating>
<ratings_count>3871</ratings_count>
<publication_year>2011</publication_year>
<publication_month>10</publication_month>
<publication_day>11</publication_day>
<authors>
<author>
<id>4642262</id>
<name>Leslie Knope</name>
<link><![CDATA[https://www.goodreads.com/author/show/4642262.Leslie_Knope]]></link>
</author>
</authors>
</book>

          <book>
<id>15818562</id>
<title><![CDATA[Confessions of a Latter-day Virgin: A Memoir]]></title>
<title_without_series><![CDATA[Confessions of a Latter-day Virgin: A Memoir]]></title_without_series>
<link><![CDATA[https://www.goodreads.com/book/show/15818562-confessions-of-a-latter-day-virgin]]></link>
<small_image_url><![CDATA[https://images.gr-assets.com/books/1367782855s/15818562.jpg]]></small_image_url>
<image_url><![CDATA[https://images.gr-assets.com/books/1367782855m/15818562.jpg]]></image_url>
<num_pages>304</num_pages>
<work>
<id>21546198</id>
</work>
<isbn>1401341861</isbn>
<isbn13>9781401341862</isbn13>
<average_rating>3.84</average_rating>
<ratings_count>856</ratings_count>
<publication_year>2013</publication_year>
<publication_month>8</publication_month>
<publication_day>20</publication_day>
<authors>
<author>
<id>995767</id>
<name>Nicole Hardy</name>
<link><![CDATA[https://www.goodreads.com/author/show/995767.Nicole_Hardy]]></link>
</author>
</authors>
</book>

          <book>
<id>13425393</id>
<title>I Suck at Girls</title>
<title_without_series>I Suck at Girls</title_without_series>
<link><![CDATA[https://www.goodreads.com/book/show/13425393-i-suck-at-girls]]></link>
<small_image_url><![CDATA[https://images.gr-assets.com/books/1335903412s/13425393.jpg]]></small_image_url>
<image_url><![CDATA[https://images.gr-assets.com/books/1335903412m/13425393.jpg]]></image_url>
<num_pages>197</num_pages>
<work>
<id>18907326</id>
</work>
<isbn>0062123742</isbn>
<isbn13>9780062123749</isbn13>
<average_rating>3.78</average_rating>
<ratings_count>15660</ratings_count>
<publication_year>2012</publication_year>
<publication_month>5</publication_month>
<publication_day>15</publication_day>
<authors>
<author>
<id>3406353</id>
<name>Justin Halpern</name>
<link><![CDATA[https://www.goodreads.com/author/show/3406353.Justin_Halpern]]></link>
</author>
</authors>
</book>

          <book>
<id>12915276</id>
<title><![CDATA[Dan Gets a Minivan: Life at the Intersection of Dude and Dad]]></title>
<title_without_series><![CDATA[Dan Gets a Minivan: Life at the Intersection of Dude and Dad]]></title_without_series>
<link><![CDATA[https://www.goodreads.com/book/show/12915276-dan-gets-a-minivan]]></link>
<small_image_url><![CDATA[https://images.gr-assets.com/books/1338586017s/12915276.jpg]]></small_image_url>
<image_url><![CDATA[https://images.gr-assets.com/books/1338586017m/12915276.jpg]]></image_url>
<num_pages></num_pages>
<work>
<id>18070256</id>
</work>
<isbn>145160646X</isbn>
<isbn13>9781451606461</isbn13>
<average_rating>3.46</average_rating>
<ratings_count>510</ratings_count>
<publication_year></publication_year>
<publication_month></publication_month>
<publication_day></publication_day>
<authors>
<author>
<id>235614</id>
<name>Dan Zevin</name>
<link><![CDATA[https://www.goodreads.com/author/show/235614.Dan_Zevin]]></link>
</author>
</authors>
</book>

  </similar_books>
</book>

</GoodreadsResponse>