<?xml version="1.0" encoding="UTF-8"?>
<GoodreadsResponse>
  <Request>
    <authentication>true</authentication>
      <key><![CDATA[all_men_must_serve]]></key>
    <method><![CDATA[book_show]]></method>
  </Request>
  <book>
  <id>10357792</id>
  <title><![CDATA[Up from the Grave (Night Huntress, #7)]]></title>
  <isbn><![CDATA[0062076116]]></isbn>
  <isbn13><![CDATA[9780062076113]]></isbn13>
  <asin><![CDATA[]]></asin>
  <kindle_asin><![CDATA[B00DKZ6HLS]]></kindle_asin>
  <marketplace_id><![CDATA[A1F83G8C2ARO7P]]></marketplace_id>
  <country_code><![CDATA[GB]]></country_code>
  <image_url>https://images.gr-assets.com/books/1367085937m/10357792.jpg</image_url>
  <small_image_url>https://images.gr-assets.com/books/1367085937s/10357792.jpg</small_image_url>
  <publication_year>2014</publication_year>
  <publication_month>1</publication_month>
  <publication_day>28</publication_day>
  <publisher>Avon</publisher>
  <language_code>eng</language_code>
  <is_ebook>false</is_ebook>
  <description><![CDATA[Lately, life has been unnaturally calm for vampires Cat Crawfield and her husband Bones. They should have known better than to relax their guard, because a shocking revelation sends them back into action to stop an all-out war…<br /><br />A rogue CIA agent is involved in horrifying secret activities that threaten to raise tensions between humans and the undead to dangerous heights. Now Cat and Bones are in a race against time to save their friends from a fate worse than death… because the more secrets they unravel, the deadlier the consequences. And if they fail, their lives—and those of everyone they hold dear — will be hovering on the edge of the grave.]]></description>
  <work>
  <id type="integer">15260779</id>
  <books_count type="integer">16</books_count>
  <best_book_id type="integer">10357792</best_book_id>
  <reviews_count type="integer">45644</reviews_count>
  <ratings_sum type="integer">94473</ratings_sum>
  <ratings_count type="integer">22052</ratings_count>
  <text_reviews_count type="integer">2229</text_reviews_count>
  <original_publication_year type="integer">2014</original_publication_year>
  <original_publication_month type="integer">1</original_publication_month>
  <original_publication_day type="integer">28</original_publication_day>
  <original_title>Up From the Grave </original_title>
  <original_language_id type="integer" nil="true"/>
  <media_type>book</media_type>
  <rating_dist>5:10810|4:7551|3:2982|2:564|1:145|total:22052</rating_dist>
  <desc_user_id type="integer">28590226</desc_user_id>
  <default_chaptering_book_id type="integer" nil="true"/>
  <default_description_language_code nil="true"/>
</work>
  <average_rating>4.28</average_rating>
  <num_pages><![CDATA[372]]></num_pages>
  <format><![CDATA[Mass Market Paperback]]></format>
  <edition_information><![CDATA[]]></edition_information>
  <ratings_count><![CDATA[19072]]></ratings_count>
  <text_reviews_count><![CDATA[1949]]></text_reviews_count>
  <url><![CDATA[https://www.goodreads.com/book/show/10357792-up-from-the-grave]]></url>
  <link><![CDATA[https://www.goodreads.com/book/show/10357792-up-from-the-grave]]></link>
  <authors>
<author>
<id>669810</id>
<name>Jeaniene Frost</name>
<role></role>
<image_url nophoto='false'>
<![CDATA[https://images.gr-assets.com/authors/1310062695p5/669810.jpg]]>
</image_url>
<small_image_url nophoto='false'>
<![CDATA[https://images.gr-assets.com/authors/1310062695p2/669810.jpg]]>
</small_image_url>
<link><![CDATA[https://www.goodreads.com/author/show/669810.Jeaniene_Frost]]></link>
<average_rating>4.22</average_rating>
<ratings_count>724442</ratings_count>
<text_reviews_count>38808</text_reviews_count>
</author>
</authors>

    <reviews_widget>
      <![CDATA[
        <style>
  #goodreads-widget {
    font-family: georgia, serif;
    padding: 18px 0;
    width:565px;
  }
  #goodreads-widget h1 {
    font-weight:normal;
    font-size: 16px;
    border-bottom: 1px solid #BBB596;
    margin-bottom: 0;
  }
  #goodreads-widget a {
    text-decoration: none;
    color:#660;
  }
  iframe{
    background-color: #fff;
  }
  #goodreads-widget a:hover { text-decoration: underline; }
  #goodreads-widget a:active {
    color:#660;
  }
  #gr_footer {
    width: 100%;
    border-top: 1px solid #BBB596;
    text-align: right;
  }
  #goodreads-widget .gr_branding{
    color: #382110;
    font-size: 11px;
    text-decoration: none;
    font-family: "Helvetica Neue", Helvetica, Arial, sans-serif;
  }
</style>
<div id="goodreads-widget">
  <div id="gr_header"><h1><a rel="nofollow" href="https://www.goodreads.com/book/show/10357792-up-from-the-grave">Up from the Grave Reviews</a></h1></div>
  <iframe id="the_iframe" src="https://www.goodreads.com/api/reviews_widget_iframe?did=DEVELOPER_ID&amp;format=html&amp;isbn=0062076116&amp;links=660&amp;min_rating=&amp;review_back=fff&amp;stars=000&amp;text=000" width="565" height="400" frameborder="0"></iframe>
  <div id="gr_footer">
    <a class="gr_branding" target="_blank" rel="nofollow" href="https://www.goodreads.com/book/show/10357792-up-from-the-grave?utm_medium=api&amp;utm_source=reviews_widget">Reviews from Goodreads.com</a>
  </div>
</div>

      ]]>
    </reviews_widget>
  <popular_shelves>
      <shelf name="vampires" count="694"/>
      <shelf name="paranormal" count="627"/>
      <shelf name="urban-fantasy" count="619"/>
      <shelf name="paranormal-romance" count="463"/>
      <shelf name="favorites" count="410"/>
      <shelf name="romance" count="363"/>
      <shelf name="currently-reading" count="339"/>
      <shelf name="fantasy" count="272"/>
      <shelf name="jeaniene-frost" count="242"/>
      <shelf name="vampire" count="241"/>
      <shelf name="series" count="199"/>
      <shelf name="night-huntress" count="178"/>
      <shelf name="adult" count="152"/>
      <shelf name="read-in-2014" count="133"/>
      <shelf name="to-read" count="119"/>
      <shelf name="demons" count="117"/>
      <shelf name="ghosts" count="107"/>
      <shelf name="kindle" count="103"/>
      <shelf name="audiobook" count="97"/>
      <shelf name="pnr" count="97"/>
      <shelf name="supernatural" count="83"/>
      <shelf name="read-2014" count="66"/>
      <shelf name="books-i-own" count="64"/>
      <shelf name="fiction" count="64"/>
      <shelf name="vamps" count="61"/>
      <shelf name="audio" count="55"/>
      <shelf name="owned" count="55"/>
      <shelf name="favorite-series" count="55"/>
      <shelf name="magic" count="53"/>
      <shelf name="2014-reads" count="52"/>
      <shelf name="ebook" count="52"/>
      <shelf name="audiobooks" count="50"/>
      <shelf name="favourites" count="44"/>
      <shelf name="audible" count="44"/>
      <shelf name="to-buy" count="41"/>
      <shelf name="frost-jeaniene" count="40"/>
      <shelf name="library" count="39"/>
      <shelf name="night-huntress-series" count="35"/>
      <shelf name="wish-list" count="35"/>
      <shelf name="default" count="32"/>
      <shelf name="part-of-a-series" count="31"/>
      <shelf name="ebooks" count="29"/>
      <shelf name="paranormal-fantasy" count="29"/>
      <shelf name="contemporary" count="27"/>
      <shelf name="read-in-2015" count="26"/>
      <shelf name="audio-book" count="26"/>
      <shelf name="owned-books" count="25"/>
      <shelf name="fantasy-paranormal" count="25"/>
      <shelf name="romance-paranormal" count="24"/>
      <shelf name="pnr-uf" count="24"/>
      <shelf name="mystery" count="22"/>
      <shelf name="2014-read" count="22"/>
      <shelf name="ghost" count="22"/>
      <shelf name="kick-ass-heroine" count="22"/>
      <shelf name="favorite-authors" count="22"/>
      <shelf name="frost" count="22"/>
      <shelf name="shifters" count="22"/>
      <shelf name="action" count="21"/>
      <shelf name="uf" count="21"/>
      <shelf name="favorite" count="20"/>
      <shelf name="shapeshifters" count="19"/>
      <shelf name="kickass-heroine" count="19"/>
      <shelf name="next-in-series" count="19"/>
      <shelf name="5-stars" count="18"/>
      <shelf name="4-stars" count="18"/>
      <shelf name="audio-books" count="18"/>
      <shelf name="nook" count="18"/>
      <shelf name="paranormal-urban-fantasy" count="18"/>
      <shelf name="coming-soon" count="18"/>
      <shelf name="2014-books" count="16"/>
      <shelf name="kick-ass-heroines" count="16"/>
      <shelf name="suspense" count="16"/>
      <shelf name="zombies" count="16"/>
      <shelf name="must-read" count="16"/>
      <shelf name="vampire-romance" count="16"/>
      <shelf name="not-out-yet" count="16"/>
      <shelf name="paperback" count="15"/>
      <shelf name="e-book" count="15"/>
      <shelf name="m-f" count="15"/>
      <shelf name="alpha-male" count="15"/>
      <shelf name="book-boyfriend" count="15"/>
      <shelf name="erotica" count="15"/>
      <shelf name="read-in-2016" count="14"/>
      <shelf name="dnf" count="14"/>
      <shelf name="completed-series" count="14"/>
      <shelf name="book-boyfriends" count="14"/>
      <shelf name="funny" count="14"/>
      <shelf name="i-own" count="14"/>
      <shelf name="jeanine-frost" count="14"/>
      <shelf name="read-2015" count="13"/>
      <shelf name="reviewed" count="13"/>
      <shelf name="demon" count="13"/>
      <shelf name="favorite-books" count="13"/>
      <shelf name="badass-heroine" count="13"/>
      <shelf name="e-books" count="13"/>
      <shelf name="humor" count="13"/>
      <shelf name="ghouls" count="13"/>
      <shelf name="books" count="13"/>
      <shelf name="paranormal-vampires" count="13"/>
      <shelf name="series-to-finish" count="13"/>
  </popular_shelves>
  <book_links>
    <book_link>
  <id>8</id>
  <name>Libraries</name>
  <link>https://www.goodreads.com/book_link/follow/8</link>
</book_link>

  </book_links>
  <buy_links>
    <buy_link>
<id>1</id>
<name>Amazon</name>
<link>https://www.goodreads.com/book_link/follow/1</link>
</buy_link>
<buy_link>
<id>10</id>
<name>Audible</name>
<link>https://www.goodreads.com/book_link/follow/10</link>
</buy_link>
<buy_link>
<id>3</id>
<name>Barnes &amp; Noble</name>
<link>https://www.goodreads.com/book_link/follow/3</link>
</buy_link>
<buy_link>
<id>1027</id>
<name>Kobo</name>
<link>https://www.goodreads.com/book_link/follow/1027</link>
</buy_link>
<buy_link>
<id>2102</id>
<name>Apple iBooks</name>
<link>https://www.goodreads.com/book_link/follow/2102</link>
</buy_link>
<buy_link>
<id>8036</id>
<name>Google Play</name>
<link>https://www.goodreads.com/book_link/follow/8036</link>
</buy_link>
<buy_link>
<id>4</id>
<name>Abebooks</name>
<link>https://www.goodreads.com/book_link/follow/4</link>
</buy_link>
<buy_link>
<id>882</id>
<name>Book Depository</name>
<link>https://www.goodreads.com/book_link/follow/882</link>
</buy_link>
<buy_link>
<id>9</id>
<name>Indigo</name>
<link>https://www.goodreads.com/book_link/follow/9</link>
</buy_link>
<buy_link>
<id>2</id>
<name>Half.com</name>
<link>https://www.goodreads.com/book_link/follow/2</link>
</buy_link>
<buy_link>
<id>5</id>
<name>Alibris</name>
<link>https://www.goodreads.com/book_link/follow/5</link>
</buy_link>
<buy_link>
<id>107</id>
<name>Better World Books</name>
<link>https://www.goodreads.com/book_link/follow/107</link>
</buy_link>
<buy_link>
<id>7</id>
<name>IndieBound</name>
<link>https://www.goodreads.com/book_link/follow/7</link>
</buy_link>

  </buy_links>
  <series_works>
    <series_work>
<id>302361</id>
<user_position>7</user_position>
<series>
<id>67946</id>
<title>
<![CDATA[
    Night Huntress
]]>
</title>
<description>
<![CDATA[
    <i>Author recommended reading order:</i> 
    
    There is a specific reading order for the Night Huntress series, including all other Night Huntress World series books, and some novellas. If you do not read them in the Author's suggested reading order (below), other than 'Reckoning', the books will not make sense, or you will read spoilers. The author's recommended reading order is:
    
    RECKONING (eBook prequel novella set in Bones’s point of view before he meets Cat*) <I>though I would recommend reading this after Book 1 so that you know the characters...</i>
    HALFWAY TO THE GRAVE (Book 1: Night Huntress Series)
    HAPPILY NEVER AFTER (eBook novella*)
    ONE FOOT IN THE GRAVE (Book 2: Night Huntress Series)
    AT GRAVE’S END (Book 3: Night Huntress Series)
    DEVIL TO PAY (eBook novella*)
    DESTINED FOR AN EARLY GRAVE (Book 4: Night Huntress Series)
    MAGIC GRAVES (eBook anthology featuring a Cat and Bones story*)
    FIRST DROP OF CRIMSON (Night Huntress World novel)
    ETERNAL KISS OF DARKNESS Night Huntress World novel)
    THIS SIDE OF THE GRAVE (Book 5: Night Huntress Series)
    ONE GRAVE AT A TIME (Book 6: Night Huntress Series)
    THE BITE BEFORE CHRISTMAS (contains a long Cat and Bones novella, “Home for the Holidays”)
    ONCE BURNED (Book 1: Night Prince Series)
    TWICE TEMPTED (Book 2: Night Prince Series)
    UP FROM THE GRAVE (Book 7: Night Huntress Series)
    BOUND BY FLAMES (Book 3: Night Prince Series)
    
    See link: <a href="http://jeanienefrost.com/reading-order/">Jeaniene Frost: Reading Order</a>
    
    
    See also:
    *<a href=http://www.goodreads.com/series/44283-night-huntress---complete-world>Night Huntress Universe</a>
    *<a href=http://www.goodreads.com/series/46907-night-huntress-world>Night Huntress World</a>
    *<a href=http://www.goodreads.com/series/61826-night-prince>Night Prince</a>
]]>
</description>
<note>
<![CDATA[
    Up From the Grave, book 7, will be the last book in the Night Huntress series as you can read on Jeaniene Frosts' site: http://jeanienefrost.com/2013/08/the-grave-stops-here/
]]>
</note>
<series_works_count>19</series_works_count>
<primary_work_count>7</primary_work_count>
<numbered>true</numbered>
</series>

</series_work>
<series_work>
<id>302365</id>
<user_position>11</user_position>
<series>
<id>44283</id>
<title>
<![CDATA[
    Night Huntress Universe
]]>
</title>
<description>
<![CDATA[
    Paranormal romance. This is  a complete list with the Night Huntress, Night Huntress World and the Night Prince series in correct reading order.  All series contain spoilers for each other, so it's recommended to read all the books in order of publication.
    http://jeanienefrost.com/reading-order/
    
    *<a href=http://www.goodreads.com/series/67946-night-huntress>Night Huntress</a>
    *<a href=http://www.goodreads.com/series/46907-night-huntress-world>Night Huntress World</a>
    *<a href=http://www.goodreads.com/series/61826-night-prince>Night Prince</a>
]]>
</description>
<note>
<![CDATA[
]]>
</note>
<series_works_count>24</series_works_count>
<primary_work_count>13</primary_work_count>
<numbered>true</numbered>
</series>

</series_work>

  </series_works>
  <similar_books>
          <book>
<id>12958042</id>
<title><![CDATA[Wild Things (Chicagoland Vampires, #9)]]></title>
<title_without_series>Wild Things</title_without_series>
<link><![CDATA[https://www.goodreads.com/book/show/12958042-wild-things]]></link>
<small_image_url><![CDATA[https://images.gr-assets.com/books/1370886480s/12958042.jpg]]></small_image_url>
<image_url><![CDATA[https://images.gr-assets.com/books/1370886480m/12958042.jpg]]></image_url>
<num_pages>350</num_pages>
<work>
<id>18115366</id>
</work>
<isbn>0451415191</isbn>
<isbn13>9780451415196</isbn13>
<average_rating>4.21</average_rating>
<ratings_count>10002</ratings_count>
<publication_year>2014</publication_year>
<publication_month>2</publication_month>
<publication_day>4</publication_day>
<authors>
<author>
<id>1857564</id>
<name>Chloe Neill</name>
<link><![CDATA[https://www.goodreads.com/author/show/1857564.Chloe_Neill]]></link>
</author>
</authors>
</book>

          <book>
<id>15808767</id>
<title><![CDATA[Archangel's Legion (Guild Hunter, #6)]]></title>
<title_without_series>Archangel&apos;s Legion</title_without_series>
<link><![CDATA[https://www.goodreads.com/book/show/15808767-archangel-s-legion]]></link>
<small_image_url><![CDATA[https://images.gr-assets.com/books/1365112978s/15808767.jpg]]></small_image_url>
<image_url><![CDATA[https://images.gr-assets.com/books/1365112978m/15808767.jpg]]></image_url>
<num_pages>374</num_pages>
<work>
<id>21496595</id>
</work>
<isbn>0425251241</isbn>
<isbn13>9780425251249</isbn13>
<average_rating>4.44</average_rating>
<ratings_count>16039</ratings_count>
<publication_year>2013</publication_year>
<publication_month>10</publication_month>
<publication_day>29</publication_day>
<authors>
<author>
<id>71688</id>
<name>Nalini Singh</name>
<link><![CDATA[https://www.goodreads.com/author/show/71688.Nalini_Singh]]></link>
</author>
</authors>
</book>

          <book>
<id>13236544</id>
<title><![CDATA[Nice Girls Don't Bite Their Neighbors (Jane Jameson, #4)]]></title>
<title_without_series><![CDATA[Nice Girls Don't Bite Their Neighbors]]></title_without_series>
<link><![CDATA[https://www.goodreads.com/book/show/13236544-nice-girls-don-t-bite-their-neighbors]]></link>
<small_image_url><![CDATA[https://images.gr-assets.com/books/1328298243s/13236544.jpg]]></small_image_url>
<image_url><![CDATA[https://images.gr-assets.com/books/1328298243m/13236544.jpg]]></image_url>
<num_pages>320</num_pages>
<work>
<id>15710600</id>
</work>
<isbn></isbn>
<isbn13></isbn13>
<average_rating>4.22</average_rating>
<ratings_count>8471</ratings_count>
<publication_year>2012</publication_year>
<publication_month>2</publication_month>
<publication_day>28</publication_day>
<authors>
<author>
<id>2503028</id>
<name>Molly Harper</name>
<link><![CDATA[https://www.goodreads.com/author/show/2503028.Molly_Harper]]></link>
</author>
</authors>
</book>

          <book>
<id>16144868</id>
<title><![CDATA[Darkness Splintered (Dark Angels, #6)]]></title>
<title_without_series>Darkness Splintered</title_without_series>
<link><![CDATA[https://www.goodreads.com/book/show/16144868-darkness-splintered]]></link>
<small_image_url><![CDATA[https://images.gr-assets.com/books/1371772496s/16144868.jpg]]></small_image_url>
<image_url><![CDATA[https://images.gr-assets.com/books/1371772496m/16144868.jpg]]></image_url>
<num_pages>382</num_pages>
<work>
<id>21977854</id>
</work>
<isbn>0451419596</isbn>
<isbn13>9780451419590</isbn13>
<average_rating>4.19</average_rating>
<ratings_count>2238</ratings_count>
<publication_year>2013</publication_year>
<publication_month>11</publication_month>
<publication_day>5</publication_day>
<authors>
<author>
<id>7742</id>
<name>Keri Arthur</name>
<link><![CDATA[https://www.goodreads.com/author/show/7742.Keri_Arthur]]></link>
</author>
</authors>
</book>

          <book>
<id>12528745</id>
<title><![CDATA[Tempt the Stars (Cassandra Palmer, #6)]]></title>
<title_without_series>Tempt the Stars</title_without_series>
<link><![CDATA[https://www.goodreads.com/book/show/12528745-tempt-the-stars]]></link>
<small_image_url><![CDATA[https://images.gr-assets.com/books/1380231853s/12528745.jpg]]></small_image_url>
<image_url><![CDATA[https://images.gr-assets.com/books/1380231853m/12528745.jpg]]></image_url>
<num_pages>357</num_pages>
<work>
<id>17515261</id>
</work>
<isbn>1101616903</isbn>
<isbn13>9781101616901</isbn13>
<average_rating>4.14</average_rating>
<ratings_count>6792</ratings_count>
<publication_year>2013</publication_year>
<publication_month>10</publication_month>
<publication_day>1</publication_day>
<authors>
<author>
<id>38066</id>
<name>Karen Chance</name>
<link><![CDATA[https://www.goodreads.com/author/show/38066.Karen_Chance]]></link>
</author>
</authors>
</book>

          <book>
<id>18079492</id>
<title><![CDATA[Cursed By Destiny (Weird Girls, #3)]]></title>
<title_without_series>Cursed By Destiny</title_without_series>
<link><![CDATA[https://www.goodreads.com/book/show/18079492-cursed-by-destiny]]></link>
<small_image_url><![CDATA[https://images.gr-assets.com/books/1378946876s/18079492.jpg]]></small_image_url>
<image_url><![CDATA[https://images.gr-assets.com/books/1378946876m/18079492.jpg]]></image_url>
<num_pages>368</num_pages>
<work>
<id>25386783</id>
</work>
<isbn>0451416759</isbn>
<isbn13>9780451416759</isbn13>
<average_rating>4.13</average_rating>
<ratings_count>1874</ratings_count>
<publication_year>2014</publication_year>
<publication_month>1</publication_month>
<publication_day>7</publication_day>
<authors>
<author>
<id>6177334</id>
<name>Cecy Robson</name>
<link><![CDATA[https://www.goodreads.com/author/show/6177334.Cecy_Robson]]></link>
</author>
</authors>
</book>

          <book>
<id>11544421</id>
<title><![CDATA[Magic Rises (Kate Daniels, #6)]]></title>
<title_without_series>Magic Rises</title_without_series>
<link><![CDATA[https://www.goodreads.com/book/show/11544421-magic-rises]]></link>
<small_image_url><![CDATA[https://images.gr-assets.com/books/1359571572s/11544421.jpg]]></small_image_url>
<image_url><![CDATA[https://images.gr-assets.com/books/1359571572m/11544421.jpg]]></image_url>
<num_pages>327</num_pages>
<work>
<id>16484134</id>
</work>
<isbn>1937007588</isbn>
<isbn13>9781937007584</isbn13>
<average_rating>4.49</average_rating>
<ratings_count>33603</ratings_count>
<publication_year>2013</publication_year>
<publication_month>7</publication_month>
<publication_day>30</publication_day>
<authors>
<author>
<id>21748</id>
<name>Ilona Andrews</name>
<link><![CDATA[https://www.goodreads.com/author/show/21748.Ilona_Andrews]]></link>
</author>
</authors>
</book>

          <book>
<id>16061295</id>
<title><![CDATA[Sixth Grave on the Edge (Charley Davidson, #6)]]></title>
<title_without_series>Sixth Grave on the Edge</title_without_series>
<link><![CDATA[https://www.goodreads.com/book/show/16061295-sixth-grave-on-the-edge]]></link>
<small_image_url><![CDATA[https://images.gr-assets.com/books/1396827029s/16061295.jpg]]></small_image_url>
<image_url><![CDATA[https://images.gr-assets.com/books/1396827029m/16061295.jpg]]></image_url>
<num_pages>326</num_pages>
<work>
<id>21849143</id>
</work>
<isbn>1250045630</isbn>
<isbn13>9781250045638</isbn13>
<average_rating>4.38</average_rating>
<ratings_count>19901</ratings_count>
<publication_year>2014</publication_year>
<publication_month>5</publication_month>
<publication_day>20</publication_day>
<authors>
<author>
<id>4175419</id>
<name>Darynda Jones</name>
<link><![CDATA[https://www.goodreads.com/author/show/4175419.Darynda_Jones]]></link>
</author>
</authors>
</book>

          <book>
<id>10094969</id>
<title><![CDATA[Silver-Tongued Devil (Sabina Kane, #4)]]></title>
<title_without_series>Silver-Tongued Devil</title_without_series>
<link><![CDATA[https://www.goodreads.com/book/show/10094969-silver-tongued-devil]]></link>
<small_image_url><![CDATA[https://images.gr-assets.com/books/1303504697s/10094969.jpg]]></small_image_url>
<image_url><![CDATA[https://images.gr-assets.com/books/1303504697m/10094969.jpg]]></image_url>
<num_pages>405</num_pages>
<work>
<id>14992000</id>
</work>
<isbn></isbn>
<isbn13>9780356500074</isbn13>
<average_rating>4.04</average_rating>
<ratings_count>6141</ratings_count>
<publication_year>2012</publication_year>
<publication_month>1</publication_month>
<publication_day>5</publication_day>
<authors>
<author>
<id>1938234</id>
<name>Jaye Wells</name>
<link><![CDATA[https://www.goodreads.com/author/show/1938234.Jaye_Wells]]></link>
</author>
</authors>
</book>

          <book>
<id>17571671</id>
<title><![CDATA[The Spider (Elemental Assassin, #10)]]></title>
<title_without_series>The Spider</title_without_series>
<link><![CDATA[https://www.goodreads.com/book/show/17571671-the-spider]]></link>
<small_image_url><![CDATA[https://images.gr-assets.com/books/1376403017s/17571671.jpg]]></small_image_url>
<image_url><![CDATA[https://images.gr-assets.com/books/1376403017m/17571671.jpg]]></image_url>
<num_pages>381</num_pages>
<work>
<id>24510795</id>
</work>
<isbn>1451689012</isbn>
<isbn13>9781451689013</isbn13>
<average_rating>4.05</average_rating>
<ratings_count>4504</ratings_count>
<publication_year>2013</publication_year>
<publication_month>12</publication_month>
<publication_day>24</publication_day>
<authors>
<author>
<id>580315</id>
<name>Jennifer Estep</name>
<link><![CDATA[https://www.goodreads.com/author/show/580315.Jennifer_Estep]]></link>
</author>
</authors>
</book>

          <book>
<id>17729791</id>
<title><![CDATA[Aden (Vampires in America, #7)]]></title>
<title_without_series>Aden</title_without_series>
<link><![CDATA[https://www.goodreads.com/book/show/17729791-aden]]></link>
<small_image_url><![CDATA[https://images.gr-assets.com/books/1379340662s/17729791.jpg]]></small_image_url>
<image_url><![CDATA[https://images.gr-assets.com/books/1379340662m/17729791.jpg]]></image_url>
<num_pages>258</num_pages>
<work>
<id>24802259</id>
</work>
<isbn>1610261399</isbn>
<isbn13>9781610261395</isbn13>
<average_rating>4.22</average_rating>
<ratings_count>2131</ratings_count>
<publication_year>2013</publication_year>
<publication_month>11</publication_month>
<publication_day>26</publication_day>
<authors>
<author>
<id>2898479</id>
<name>D.B. Reynolds</name>
<link><![CDATA[https://www.goodreads.com/author/show/2898479.D_B_Reynolds]]></link>
</author>
</authors>
</book>

          <book>
<id>17333269</id>
<title><![CDATA[Cold Blooded (Jessica McClain, #3)]]></title>
<title_without_series>Cold Blooded</title_without_series>
<link><![CDATA[https://www.goodreads.com/book/show/17333269-cold-blooded]]></link>
<small_image_url><![CDATA[https://images.gr-assets.com/books/1363066773s/17333269.jpg]]></small_image_url>
<image_url><![CDATA[https://images.gr-assets.com/books/1363066773m/17333269.jpg]]></image_url>
<num_pages>336</num_pages>
<work>
<id>24064573</id>
</work>
<isbn>0316205222</isbn>
<isbn13>9780316205221</isbn13>
<average_rating>3.93</average_rating>
<ratings_count>2112</ratings_count>
<publication_year>2013</publication_year>
<publication_month>10</publication_month>
<publication_day>8</publication_day>
<authors>
<author>
<id>5049521</id>
<name>Amanda  Carlson</name>
<link><![CDATA[https://www.goodreads.com/author/show/5049521.Amanda_Carlson]]></link>
</author>
</authors>
</book>

          <book>
<id>8513841</id>
<title><![CDATA[The Renfield Syndrome (Rhiannon's Law, #2)]]></title>
<title_without_series>The Renfield Syndrome</title_without_series>
<link><![CDATA[https://www.goodreads.com/book/show/8513841-the-renfield-syndrome]]></link>
<small_image_url><![CDATA[https://images.gr-assets.com/books/1300204254s/8513841.jpg]]></small_image_url>
<image_url><![CDATA[https://images.gr-assets.com/books/1300204254m/8513841.jpg]]></image_url>
<num_pages>212</num_pages>
<work>
<id>13380314</id>
</work>
<isbn></isbn>
<isbn13></isbn13>
<average_rating>4.06</average_rating>
<ratings_count>2926</ratings_count>
<publication_year>2011</publication_year>
<publication_month>8</publication_month>
<publication_day>23</publication_day>
<authors>
<author>
<id>3060067</id>
<name>J.A. Saare</name>
<link><![CDATA[https://www.goodreads.com/author/show/3060067.J_A_Saare]]></link>
</author>
</authors>
</book>

  </similar_books>
</book>

</GoodreadsResponse>