<?xml version="1.0" encoding="UTF-8"?>
<GoodreadsResponse>
  <Request>
    <authentication>true</authentication>
      <key><![CDATA[all_men_must_serve]]></key>
    <method><![CDATA[book_show]]></method>
  </Request>
  <book>
  <id>10357575</id>
  <title>1Q84</title>
  <isbn><![CDATA[0307593312]]></isbn>
  <isbn13><![CDATA[9780307593313]]></isbn13>
  <asin><![CDATA[]]></asin>
  <kindle_asin><![CDATA[]]></kindle_asin>
  <marketplace_id><![CDATA[]]></marketplace_id>
  <country_code><![CDATA[GB]]></country_code>
  <image_url>https://images.gr-assets.com/books/1483103331m/10357575.jpg</image_url>
  <small_image_url>https://images.gr-assets.com/books/1483103331s/10357575.jpg</small_image_url>
  <publication_year>2011</publication_year>
  <publication_month>10</publication_month>
  <publication_day>25</publication_day>
  <publisher>Knopf</publisher>
  <language_code>eng</language_code>
  <is_ebook>false</is_ebook>
  <description><![CDATA[<b>The year is 1984 and the city is Tokyo.</b><br /><br />A young woman named Aomame follows a taxi driver’s enigmatic suggestion and begins to notice puzzling discrepancies in the world around her. She has entered, she realizes, a parallel existence, which she calls 1Q84 —“Q is for ‘question mark.’ A world that bears a question.” Meanwhile, an aspiring writer named Tengo takes on a suspect ghostwriting project. He becomes so wrapped up with the work and its unusual author that, soon, his previously placid life begins to come unraveled. <br /><br />As Aomame’s and Tengo’s narratives converge over the course of this single year, we learn of the profound and tangled connections that bind them ever closer: a beautiful, dyslexic teenage girl with a unique vision; a mysterious religious cult that instigated a shoot-out with the metropolitan police; a reclusive, wealthy dowager who runs a shelter for abused women; a hideously ugly private investigator; a mild-mannered yet ruthlessly efficient bodyguard; and a peculiarly insistent television-fee collector.<br /><br />A love story, a mystery, a fantasy, a novel of self-discovery, a dystopia to rival George Orwell’s — <i>1Q84</i> is Haruki Murakami’s most ambitious undertaking yet: an instant best seller in his native Japan, and a tremendous feat of imagination from one of our most revered contemporary writers.]]></description>
  <work>
  <id type="integer">18160093</id>
  <books_count type="integer">107</books_count>
  <best_book_id type="integer">10357575</best_book_id>
  <reviews_count type="integer">333316</reviews_count>
  <ratings_sum type="integer">539452</ratings_sum>
  <ratings_count type="integer">138846</ratings_count>
  <text_reviews_count type="integer">13788</text_reviews_count>
  <original_publication_year type="integer">2009</original_publication_year>
  <original_publication_month type="integer">5</original_publication_month>
  <original_publication_day type="integer">28</original_publication_day>
  <original_title>いちきゅうはちよん [Ichi-Kyū-Hachi-Yon]</original_title>
  <original_language_id type="integer" nil="true"/>
  <media_type>book</media_type>
  <rating_dist>5:44612|4:51477|3:28907|2:9913|1:3937|total:138846</rating_dist>
  <desc_user_id type="integer">6261466</desc_user_id>
  <default_chaptering_book_id type="integer">10357575</default_chaptering_book_id>
  <default_description_language_code nil="true"/>
</work>
  <average_rating>3.89</average_rating>
  <num_pages><![CDATA[925]]></num_pages>
  <format><![CDATA[Hardcover]]></format>
  <edition_information><![CDATA[]]></edition_information>
  <ratings_count><![CDATA[125331]]></ratings_count>
  <text_reviews_count><![CDATA[11737]]></text_reviews_count>
  <url><![CDATA[https://www.goodreads.com/book/show/10357575-1q84]]></url>
  <link><![CDATA[https://www.goodreads.com/book/show/10357575-1q84]]></link>
  <authors>
<author>
<id>3354</id>
<name>Haruki Murakami</name>
<role></role>
<image_url nophoto='false'>
<![CDATA[https://images.gr-assets.com/authors/1470611596p5/3354.jpg]]>
</image_url>
<small_image_url nophoto='false'>
<![CDATA[https://images.gr-assets.com/authors/1470611596p2/3354.jpg]]>
</small_image_url>
<link><![CDATA[https://www.goodreads.com/author/show/3354.Haruki_Murakami]]></link>
<average_rating>3.95</average_rating>
<ratings_count>1535764</ratings_count>
<text_reviews_count>110225</text_reviews_count>
</author>
<author>
<id>7306</id>
<name>Jay Rubin</name>
<role>Translator</role>
<image_url nophoto='false'>
<![CDATA[https://images.gr-assets.com/authors/1317150892p5/7306.jpg]]>
</image_url>
<small_image_url nophoto='false'>
<![CDATA[https://images.gr-assets.com/authors/1317150892p2/7306.jpg]]>
</small_image_url>
<link><![CDATA[https://www.goodreads.com/author/show/7306.Jay_Rubin]]></link>
<average_rating>4.01</average_rating>
<ratings_count>567926</ratings_count>
<text_reviews_count>38319</text_reviews_count>
</author>
<author>
<id>403782</id>
<name>Philip Gabriel</name>
<role>Translator</role>
<image_url nophoto='false'>
<![CDATA[https://images.gr-assets.com/authors/1317151053p5/403782.jpg]]>
</image_url>
<small_image_url nophoto='false'>
<![CDATA[https://images.gr-assets.com/authors/1317151053p2/403782.jpg]]>
</small_image_url>
<link><![CDATA[https://www.goodreads.com/author/show/403782.Philip_Gabriel]]></link>
<average_rating>3.93</average_rating>
<ratings_count>599748</ratings_count>
<text_reviews_count>43950</text_reviews_count>
</author>
</authors>

    <reviews_widget>
      <![CDATA[
        <style>
  #goodreads-widget {
    font-family: georgia, serif;
    padding: 18px 0;
    width:565px;
  }
  #goodreads-widget h1 {
    font-weight:normal;
    font-size: 16px;
    border-bottom: 1px solid #BBB596;
    margin-bottom: 0;
  }
  #goodreads-widget a {
    text-decoration: none;
    color:#660;
  }
  iframe{
    background-color: #fff;
  }
  #goodreads-widget a:hover { text-decoration: underline; }
  #goodreads-widget a:active {
    color:#660;
  }
  #gr_footer {
    width: 100%;
    border-top: 1px solid #BBB596;
    text-align: right;
  }
  #goodreads-widget .gr_branding{
    color: #382110;
    font-size: 11px;
    text-decoration: none;
    font-family: "Helvetica Neue", Helvetica, Arial, sans-serif;
  }
</style>
<div id="goodreads-widget">
  <div id="gr_header"><h1><a rel="nofollow" href="https://www.goodreads.com/book/show/10357575-1q84">1Q84 Reviews</a></h1></div>
  <iframe id="the_iframe" src="https://www.goodreads.com/api/reviews_widget_iframe?did=DEVELOPER_ID&amp;format=html&amp;isbn=0307593312&amp;links=660&amp;min_rating=&amp;review_back=fff&amp;stars=000&amp;text=000" width="565" height="400" frameborder="0"></iframe>
  <div id="gr_footer">
    <a class="gr_branding" target="_blank" rel="nofollow" href="https://www.goodreads.com/book/show/10357575-1q84?utm_medium=api&amp;utm_source=reviews_widget">Reviews from Goodreads.com</a>
  </div>
</div>

      ]]>
    </reviews_widget>
  <popular_shelves>
      <shelf name="to-read" count="158754"/>
      <shelf name="currently-reading" count="17688"/>
      <shelf name="fiction" count="2926"/>
      <shelf name="favorites" count="1844"/>
      <shelf name="fantasy" count="1189"/>
      <shelf name="japan" count="605"/>
      <shelf name="magical-realism" count="582"/>
      <shelf name="science-fiction" count="564"/>
      <shelf name="owned" count="516"/>
      <shelf name="japanese" count="459"/>
      <shelf name="sci-fi" count="433"/>
      <shelf name="books-i-own" count="388"/>
      <shelf name="contemporary" count="334"/>
      <shelf name="literature" count="297"/>
      <shelf name="abandoned" count="283"/>
      <shelf name="kindle" count="282"/>
      <shelf name="murakami" count="272"/>
      <shelf name="japanese-literature" count="270"/>
      <shelf name="to-buy" count="236"/>
      <shelf name="novels" count="224"/>
      <shelf name="dystopia" count="221"/>
      <shelf name="haruki-murakami" count="202"/>
      <shelf name="library" count="192"/>
      <shelf name="favourites" count="176"/>
      <shelf name="dystopian" count="168"/>
      <shelf name="contemporary-fiction" count="162"/>
      <shelf name="owned-books" count="155"/>
      <shelf name="audiobook" count="154"/>
      <shelf name="ebook" count="152"/>
      <shelf name="on-hold" count="142"/>
      <shelf name="literary-fiction" count="142"/>
      <shelf name="unfinished" count="142"/>
      <shelf name="did-not-finish" count="140"/>
      <shelf name="book-club" count="137"/>
      <shelf name="audiobooks" count="136"/>
      <shelf name="asia" count="130"/>
      <shelf name="adult" count="130"/>
      <shelf name="japanese-lit" count="125"/>
      <shelf name="romance" count="123"/>
      <shelf name="novel" count="121"/>
      <shelf name="wish-list" count="121"/>
      <shelf name="mystery" count="118"/>
      <shelf name="audible" count="113"/>
      <shelf name="1001-books" count="107"/>
      <shelf name="read-in-2012" count="106"/>
      <shelf name="adult-fiction" count="105"/>
      <shelf name="didn-t-finish" count="103"/>
      <shelf name="translated" count="100"/>
      <shelf name="ebooks" count="96"/>
      <shelf name="dnf" count="95"/>
      <shelf name="scifi" count="91"/>
      <shelf name="audio" count="89"/>
      <shelf name="asian-literature" count="89"/>
      <shelf name="asian" count="88"/>
      <shelf name="to-read-fiction" count="88"/>
      <shelf name="magic-realism" count="87"/>
      <shelf name="sci-fi-fantasy" count="83"/>
      <shelf name="general-fiction" count="73"/>
      <shelf name="literary" count="68"/>
      <shelf name="translation" count="67"/>
      <shelf name="e-book" count="65"/>
      <shelf name="my-library" count="64"/>
      <shelf name="english" count="64"/>
      <shelf name="classics" count="64"/>
      <shelf name="never-finished" count="63"/>
      <shelf name="couldn-t-finish" count="63"/>
      <shelf name="japanese-fiction" count="61"/>
      <shelf name="default" count="59"/>
      <shelf name="gave-up" count="59"/>
      <shelf name="1001" count="58"/>
      <shelf name="i-own" count="58"/>
      <shelf name="read-2012" count="57"/>
      <shelf name="21st-century" count="57"/>
      <shelf name="my-books" count="57"/>
      <shelf name="speculative-fiction" count="53"/>
      <shelf name="modern-fiction" count="53"/>
      <shelf name="e-books" count="53"/>
      <shelf name="maybe" count="52"/>
      <shelf name="dropped" count="52"/>
      <shelf name="series" count="51"/>
      <shelf name="fantasy-sci-fi" count="50"/>
      <shelf name="read-in-2014" count="49"/>
      <shelf name="gave-up-on" count="48"/>
      <shelf name="recommended" count="47"/>
      <shelf name="sword-and-laser" count="45"/>
      <shelf name="favorite" count="45"/>
      <shelf name="read-in-2013" count="43"/>
      <shelf name="stopped-reading" count="43"/>
      <shelf name="asian-lit" count="43"/>
      <shelf name="fiction-to-read" count="42"/>
      <shelf name="scifi-fantasy" count="40"/>
      <shelf name="read-in-2011" count="40"/>
      <shelf name="cultural" count="38"/>
      <shelf name="could-not-finish" count="37"/>
      <shelf name="surrealism" count="36"/>
      <shelf name="not-finished" count="36"/>
      <shelf name="favorite-books" count="36"/>
      <shelf name="foreign" count="35"/>
      <shelf name="audio-books" count="35"/>
      <shelf name="tbr" count="34"/>
  </popular_shelves>
  <book_links>
    <book_link>
  <id>8</id>
  <name>Libraries</name>
  <link>https://www.goodreads.com/book_link/follow/8</link>
</book_link>

  </book_links>
  <buy_links>
    <buy_link>
<id>1</id>
<name>Amazon</name>
<link>https://www.goodreads.com/book_link/follow/1</link>
</buy_link>
<buy_link>
<id>10</id>
<name>Audible</name>
<link>https://www.goodreads.com/book_link/follow/10</link>
</buy_link>
<buy_link>
<id>3</id>
<name>Barnes &amp; Noble</name>
<link>https://www.goodreads.com/book_link/follow/3</link>
</buy_link>
<buy_link>
<id>1027</id>
<name>Kobo</name>
<link>https://www.goodreads.com/book_link/follow/1027</link>
</buy_link>
<buy_link>
<id>2102</id>
<name>Apple iBooks</name>
<link>https://www.goodreads.com/book_link/follow/2102</link>
</buy_link>
<buy_link>
<id>8036</id>
<name>Google Play</name>
<link>https://www.goodreads.com/book_link/follow/8036</link>
</buy_link>
<buy_link>
<id>4</id>
<name>Abebooks</name>
<link>https://www.goodreads.com/book_link/follow/4</link>
</buy_link>
<buy_link>
<id>882</id>
<name>Book Depository</name>
<link>https://www.goodreads.com/book_link/follow/882</link>
</buy_link>
<buy_link>
<id>9</id>
<name>Indigo</name>
<link>https://www.goodreads.com/book_link/follow/9</link>
</buy_link>
<buy_link>
<id>2</id>
<name>Half.com</name>
<link>https://www.goodreads.com/book_link/follow/2</link>
</buy_link>
<buy_link>
<id>5</id>
<name>Alibris</name>
<link>https://www.goodreads.com/book_link/follow/5</link>
</buy_link>
<buy_link>
<id>107</id>
<name>Better World Books</name>
<link>https://www.goodreads.com/book_link/follow/107</link>
</buy_link>
<buy_link>
<id>7</id>
<name>IndieBound</name>
<link>https://www.goodreads.com/book_link/follow/7</link>
</buy_link>

  </buy_links>
  <series_works>
    <series_work>
<id>589715</id>
<user_position>1-3</user_position>
<series>
<id>64091</id>
<title>
<![CDATA[
    1Q84
]]>
</title>
<description>
<![CDATA[
    <b>"1Q84"</b> (<i>One Q Eighty-Four</i> or <i>ichi-kew-hachi-yon</i>) is a novel by Haruki Murakami, first published in three volumes in Japan in 2009–2010. The novel quickly became a sensation, with its first printing selling out the day it was released, and reaching sales of one million within a month.
]]>
</description>
<note>
<![CDATA[
]]>
</note>
<series_works_count>11</series_works_count>
<primary_work_count>3</primary_work_count>
<numbered>true</numbered>
</series>

</series_work>

  </series_works>
  <similar_books>
          <book>
<id>169439</id>
<title>Sanshirō</title>
<title_without_series>Sanshirō</title_without_series>
<link><![CDATA[https://www.goodreads.com/book/show/169439.Sanshir_]]></link>
<small_image_url><![CDATA[https://images.gr-assets.com/books/1351045307s/169439.jpg]]></small_image_url>
<image_url><![CDATA[https://images.gr-assets.com/books/1351045307m/169439.jpg]]></image_url>
<num_pages>248</num_pages>
<work>
<id>163616</id>
</work>
<isbn>1929280106</isbn>
<isbn13>9781929280100</isbn13>
<average_rating>3.81</average_rating>
<ratings_count>1872</ratings_count>
<publication_year>2002</publication_year>
<publication_month>6</publication_month>
<publication_day>28</publication_day>
<authors>
<author>
<id>16061597</id>
<name>Sōseki Natsume</name>
<link><![CDATA[https://www.goodreads.com/author/show/16061597.S_seki_Natsume]]></link>
</author>
</authors>
</book>

          <book>
<id>62812</id>
<title>Runaway Horses</title>
<title_without_series>Runaway Horses</title_without_series>
<link><![CDATA[https://www.goodreads.com/book/show/62812.Runaway_Horses]]></link>
<small_image_url><![CDATA[https://s.gr-assets.com/assets/nophoto/book/50x75-a91bf249278a81aabab721ef782c4a74.png]]></small_image_url>
<image_url><![CDATA[https://s.gr-assets.com/assets/nophoto/book/111x148-bcc042a9c91a29c1d680899eff700a03.png]]></image_url>
<num_pages>432</num_pages>
<work>
<id>1642235</id>
</work>
<isbn>0099282895</isbn>
<isbn13>9780099282891</isbn13>
<average_rating>4.17</average_rating>
<ratings_count>3286</ratings_count>
<publication_year>1999</publication_year>
<publication_month>3</publication_month>
<publication_day>11</publication_day>
<authors>
<author>
<id>35258</id>
<name>Yukio Mishima</name>
<link><![CDATA[https://www.goodreads.com/author/show/35258.Yukio_Mishima]]></link>
</author>
</authors>
</book>

          <book>
<id>6713015</id>
<title>Hotel Iris</title>
<title_without_series>Hotel Iris</title_without_series>
<link><![CDATA[https://www.goodreads.com/book/show/6713015-hotel-iris]]></link>
<small_image_url><![CDATA[https://images.gr-assets.com/books/1312037340s/6713015.jpg]]></small_image_url>
<image_url><![CDATA[https://images.gr-assets.com/books/1312037340m/6713015.jpg]]></image_url>
<num_pages>164</num_pages>
<work>
<id>1608113</id>
</work>
<isbn>0312425244</isbn>
<isbn13>9780312425241</isbn13>
<average_rating>3.30</average_rating>
<ratings_count>2801</ratings_count>
<publication_year>2010</publication_year>
<publication_month>3</publication_month>
<publication_day>30</publication_day>
<authors>
<author>
<id>42775</id>
<name>Yōko Ogawa</name>
<link><![CDATA[https://www.goodreads.com/author/show/42775.Y_ko_Ogawa]]></link>
</author>
</authors>
</book>

          <book>
<id>6819</id>
<title>Ghostwritten</title>
<title_without_series>Ghostwritten</title_without_series>
<link><![CDATA[https://www.goodreads.com/book/show/6819.Ghostwritten]]></link>
<small_image_url><![CDATA[https://images.gr-assets.com/books/1320415093s/6819.jpg]]></small_image_url>
<image_url><![CDATA[https://images.gr-assets.com/books/1320415093m/6819.jpg]]></image_url>
<num_pages>426</num_pages>
<work>
<id>1094555</id>
</work>
<isbn>0375724508</isbn>
<isbn13>9780375724503</isbn13>
<average_rating>4.06</average_rating>
<ratings_count>21192</ratings_count>
<publication_year>2001</publication_year>
<publication_month>10</publication_month>
<publication_day>9</publication_day>
<authors>
<author>
<id>6538289</id>
<name>David Mitchell</name>
<link><![CDATA[https://www.goodreads.com/author/show/6538289.David_Mitchell]]></link>
</author>
</authors>
</book>

          <book>
<id>34462</id>
<title>Naomi</title>
<title_without_series>Naomi</title_without_series>
<link><![CDATA[https://www.goodreads.com/book/show/34462.Naomi]]></link>
<small_image_url><![CDATA[https://images.gr-assets.com/books/1366810659s/34462.jpg]]></small_image_url>
<image_url><![CDATA[https://images.gr-assets.com/books/1366810659m/34462.jpg]]></image_url>
<num_pages>237</num_pages>
<work>
<id>1045331</id>
</work>
<isbn>0375724745</isbn>
<isbn13>9780375724749</isbn13>
<average_rating>3.68</average_rating>
<ratings_count>3279</ratings_count>
<publication_year>2001</publication_year>
<publication_month>4</publication_month>
<publication_day>10</publication_day>
<authors>
<author>
<id>6263</id>
<name>Jun&apos;ichirō Tanizaki</name>
<link><![CDATA[https://www.goodreads.com/author/show/6263.Jun_ichir_Tanizaki]]></link>
</author>
</authors>
</book>

          <book>
<id>194746</id>
<title>No Longer Human</title>
<title_without_series>No Longer Human</title_without_series>
<link><![CDATA[https://www.goodreads.com/book/show/194746.No_Longer_Human]]></link>
<small_image_url><![CDATA[https://images.gr-assets.com/books/1422638843s/194746.jpg]]></small_image_url>
<image_url><![CDATA[https://images.gr-assets.com/books/1422638843m/194746.jpg]]></image_url>
<num_pages>176</num_pages>
<work>
<id>188338</id>
</work>
<isbn>0811204812</isbn>
<isbn13>9780811204811</isbn13>
<average_rating>4.06</average_rating>
<ratings_count>7848</ratings_count>
<publication_year>1973</publication_year>
<publication_month>1</publication_month>
<publication_day>17</publication_day>
<authors>
<author>
<id>113561</id>
<name>Osamu Dazai</name>
<link><![CDATA[https://www.goodreads.com/author/show/113561.Osamu_Dazai]]></link>
</author>
</authors>
</book>

          <book>
<id>6035141</id>
<title>The Lake</title>
<title_without_series>The Lake</title_without_series>
<link><![CDATA[https://www.goodreads.com/book/show/6035141-the-lake]]></link>
<small_image_url><![CDATA[https://images.gr-assets.com/books/1335952958s/6035141.jpg]]></small_image_url>
<image_url><![CDATA[https://images.gr-assets.com/books/1335952958m/6035141.jpg]]></image_url>
<num_pages>188</num_pages>
<work>
<id>13216114</id>
</work>
<isbn>1933633778</isbn>
<isbn13>9781933633770</isbn13>
<average_rating>3.50</average_rating>
<ratings_count>5939</ratings_count>
<publication_year>2011</publication_year>
<publication_month>5</publication_month>
<publication_day>3</publication_day>
<authors>
<author>
<id>28229</id>
<name>Banana Yoshimoto</name>
<link><![CDATA[https://www.goodreads.com/author/show/28229.Banana_Yoshimoto]]></link>
</author>
</authors>
</book>

          <book>
<id>2119409</id>
<title>Real World</title>
<title_without_series>Real World</title_without_series>
<link><![CDATA[https://www.goodreads.com/book/show/2119409.Real_World]]></link>
<small_image_url><![CDATA[https://images.gr-assets.com/books/1320479929s/2119409.jpg]]></small_image_url>
<image_url><![CDATA[https://images.gr-assets.com/books/1320479929m/2119409.jpg]]></image_url>
<num_pages>208</num_pages>
<work>
<id>2124845</id>
</work>
<isbn>0307267571</isbn>
<isbn13>9780307267573</isbn13>
<average_rating>3.40</average_rating>
<ratings_count>5115</ratings_count>
<publication_year></publication_year>
<publication_month></publication_month>
<publication_day></publication_day>
<authors>
<author>
<id>14269</id>
<name>Natsuo Kirino</name>
<link><![CDATA[https://www.goodreads.com/author/show/14269.Natsuo_Kirino]]></link>
</author>
</authors>
</book>

          <book>
<id>14031</id>
<title>Palm-of-the-Hand Stories</title>
<title_without_series>Palm-of-the-Hand Stories</title_without_series>
<link><![CDATA[https://www.goodreads.com/book/show/14031.Palm_of_the_Hand_Stories]]></link>
<small_image_url><![CDATA[https://images.gr-assets.com/books/1401017356s/14031.jpg]]></small_image_url>
<image_url><![CDATA[https://images.gr-assets.com/books/1401017356m/14031.jpg]]></image_url>
<num_pages>288</num_pages>
<work>
<id>1176229</id>
</work>
<isbn>0374530491</isbn>
<isbn13>9780374530495</isbn13>
<average_rating>4.03</average_rating>
<ratings_count>1925</ratings_count>
<publication_year>2006</publication_year>
<publication_month>11</publication_month>
<publication_day>14</publication_day>
<authors>
<author>
<id>8550</id>
<name>Yasunari Kawabata</name>
<link><![CDATA[https://www.goodreads.com/author/show/8550.Yasunari_Kawabata]]></link>
</author>
</authors>
</book>

          <book>
<id>10917836</id>
<title>Lightning Rods</title>
<title_without_series>Lightning Rods</title_without_series>
<link><![CDATA[https://www.goodreads.com/book/show/10917836-lightning-rods]]></link>
<small_image_url><![CDATA[https://images.gr-assets.com/books/1332433884s/10917836.jpg]]></small_image_url>
<image_url><![CDATA[https://images.gr-assets.com/books/1332433884m/10917836.jpg]]></image_url>
<num_pages>273</num_pages>
<work>
<id>15834221</id>
</work>
<isbn>0811219437</isbn>
<isbn13>9780811219433</isbn13>
<average_rating>3.32</average_rating>
<ratings_count>1357</ratings_count>
<publication_year>2011</publication_year>
<publication_month>10</publication_month>
<publication_day>5</publication_day>
<authors>
<author>
<id>110897</id>
<name>Helen DeWitt</name>
<link><![CDATA[https://www.goodreads.com/author/show/110897.Helen_DeWitt]]></link>
</author>
</authors>
</book>

          <book>
<id>9083994</id>
<title>The Last Brother</title>
<title_without_series>The Last Brother</title_without_series>
<link><![CDATA[https://www.goodreads.com/book/show/9083994-the-last-brother]]></link>
<small_image_url><![CDATA[https://images.gr-assets.com/books/1312024054s/9083994.jpg]]></small_image_url>
<image_url><![CDATA[https://images.gr-assets.com/books/1312024054m/9083994.jpg]]></image_url>
<num_pages>165</num_pages>
<work>
<id>13962226</id>
</work>
<isbn>1555975755</isbn>
<isbn13>9781555975753</isbn13>
<average_rating>3.74</average_rating>
<ratings_count>1135</ratings_count>
<publication_year>2011</publication_year>
<publication_month>2</publication_month>
<publication_day>1</publication_day>
<authors>
<author>
<id>698775</id>
<name>Nathacha Appanah</name>
<link><![CDATA[https://www.goodreads.com/author/show/698775.Nathacha_Appanah]]></link>
</author>
</authors>
</book>

          <book>
<id>123555</id>
<title>All She Was Worth</title>
<title_without_series>All She Was Worth</title_without_series>
<link><![CDATA[https://www.goodreads.com/book/show/123555.All_She_Was_Worth]]></link>
<small_image_url><![CDATA[https://images.gr-assets.com/books/1395770298s/123555.jpg]]></small_image_url>
<image_url><![CDATA[https://images.gr-assets.com/books/1395770298m/123555.jpg]]></image_url>
<num_pages></num_pages>
<work>
<id>1080207</id>
</work>
<isbn>0395966582</isbn>
<isbn13>9780395966587</isbn13>
<average_rating>3.67</average_rating>
<ratings_count>2293</ratings_count>
<publication_year></publication_year>
<publication_month></publication_month>
<publication_day></publication_day>
<authors>
<author>
<id>71081</id>
<name>Miyuki Miyabe</name>
<link><![CDATA[https://www.goodreads.com/author/show/71081.Miyuki_Miyabe]]></link>
</author>
</authors>
</book>

          <book>
<id>1347446</id>
<title>Strangers</title>
<title_without_series>Strangers</title_without_series>
<link><![CDATA[https://www.goodreads.com/book/show/1347446.Strangers]]></link>
<small_image_url><![CDATA[https://s.gr-assets.com/assets/nophoto/book/50x75-a91bf249278a81aabab721ef782c4a74.png]]></small_image_url>
<image_url><![CDATA[https://s.gr-assets.com/assets/nophoto/book/111x148-bcc042a9c91a29c1d680899eff700a03.png]]></image_url>
<num_pages>208</num_pages>
<work>
<id>1337097</id>
</work>
<isbn>1932234039</isbn>
<isbn13>9781932234039</isbn13>
<average_rating>3.64</average_rating>
<ratings_count>1841</ratings_count>
<publication_year>2003</publication_year>
<publication_month>9</publication_month>
<publication_day>1</publication_day>
<authors>
<author>
<id>261393</id>
<name>Taichi Yamada</name>
<link><![CDATA[https://www.goodreads.com/author/show/261393.Taichi_Yamada]]></link>
</author>
</authors>
</book>

          <book>
<id>748936</id>
<title>The Twilight Years</title>
<title_without_series>The Twilight Years</title_without_series>
<link><![CDATA[https://www.goodreads.com/book/show/748936.The_Twilight_Years]]></link>
<small_image_url><![CDATA[https://images.gr-assets.com/books/1378740969s/748936.jpg]]></small_image_url>
<image_url><![CDATA[https://images.gr-assets.com/books/1378740969m/748936.jpg]]></image_url>
<num_pages>216</num_pages>
<work>
<id>735076</id>
</work>
<isbn>0870118528</isbn>
<isbn13>9780870118524</isbn13>
<average_rating>3.92</average_rating>
<ratings_count>147</ratings_count>
<publication_year>1988</publication_year>
<publication_month>2</publication_month>
<publication_day>1</publication_day>
<authors>
<author>
<id>45895</id>
<name>Sawako Ariyoshi</name>
<link><![CDATA[https://www.goodreads.com/author/show/45895.Sawako_Ariyoshi]]></link>
</author>
</authors>
</book>

          <book>
<id>5103426</id>
<title>The Summer of the Ubume</title>
<title_without_series>The Summer of the Ubume</title_without_series>
<link><![CDATA[https://www.goodreads.com/book/show/5103426-the-summer-of-the-ubume]]></link>
<small_image_url><![CDATA[https://images.gr-assets.com/books/1320553741s/5103426.jpg]]></small_image_url>
<image_url><![CDATA[https://images.gr-assets.com/books/1320553741m/5103426.jpg]]></image_url>
<num_pages>320</num_pages>
<work>
<id>5170190</id>
</work>
<isbn>1934287253</isbn>
<isbn13>9781934287255</isbn13>
<average_rating>3.95</average_rating>
<ratings_count>565</ratings_count>
<publication_year>2009</publication_year>
<publication_month>8</publication_month>
<publication_day>18</publication_day>
<authors>
<author>
<id>5465469</id>
<name>Natsuhiko Kyogoku</name>
<link><![CDATA[https://www.goodreads.com/author/show/5465469.Natsuhiko_Kyogoku]]></link>
</author>
</authors>
</book>

          <book>
<id>547334</id>
<title>Masks</title>
<title_without_series>Masks</title_without_series>
<link><![CDATA[https://www.goodreads.com/book/show/547334.Masks]]></link>
<small_image_url><![CDATA[https://s.gr-assets.com/assets/nophoto/book/50x75-a91bf249278a81aabab721ef782c4a74.png]]></small_image_url>
<image_url><![CDATA[https://s.gr-assets.com/assets/nophoto/book/111x148-bcc042a9c91a29c1d680899eff700a03.png]]></image_url>
<num_pages>141</num_pages>
<work>
<id>1796158</id>
</work>
<isbn>0394722183</isbn>
<isbn13>9780394722184</isbn13>
<average_rating>3.68</average_rating>
<ratings_count>1501</ratings_count>
<publication_year>1983</publication_year>
<publication_month>9</publication_month>
<publication_day>12</publication_day>
<authors>
<author>
<id>103307</id>
<name>Fumiko Enchi</name>
<link><![CDATA[https://www.goodreads.com/author/show/103307.Fumiko_Enchi]]></link>
</author>
</authors>
</book>

  </similar_books>
</book>

</GoodreadsResponse>