<?xml version="1.0" encoding="UTF-8"?>
<GoodreadsResponse>
  <Request>
    <authentication>true</authentication>
      <key><![CDATA[all_men_must_serve]]></key>
    <method><![CDATA[book_show]]></method>
  </Request>
  <book>
  <id>10374638</id>
  <title><![CDATA[The Little Coffee Shop of Kabul]]></title>
  <isbn><![CDATA[174275001X]]></isbn>
  <isbn13><![CDATA[9781742750019]]></isbn13>
  <asin><![CDATA[]]></asin>
  <kindle_asin><![CDATA[B0089YH976]]></kindle_asin>
  <marketplace_id><![CDATA[A1F83G8C2ARO7P]]></marketplace_id>
  <country_code><![CDATA[GB]]></country_code>
  <image_url>https://s.gr-assets.com/assets/nophoto/book/111x148-bcc042a9c91a29c1d680899eff700a03.png</image_url>
  <small_image_url>https://s.gr-assets.com/assets/nophoto/book/50x75-a91bf249278a81aabab721ef782c4a74.png</small_image_url>
  <publication_year>2011</publication_year>
  <publication_month>2</publication_month>
  <publication_day>1</publication_day>
  <publisher>Random House </publisher>
  <language_code>eng</language_code>
  <is_ebook>false</is_ebook>
  <description><![CDATA[From the author of the memoir <i>Kabul Beauty School</i> comes a fiction debut as compelling as real life: the story of a remarkable coffee shop in the heart of Afghanistan, and the men and women who meet there — thrown together by circumstance, bonded by secrets, and united in an extraordinary friendship. <br />After hard luck and some bad choices, Sunny has finally found a place to call home — it just happens to be in the middle of a war zone.<br />The thirty-eight-year-old American’s pride and joy is the Kabul Coffee House, where she brings hospitality to the expatriates, misfits, missionaries, and mercenaries who stroll through its doors. She’s especially grateful that the busy days allow her to forget Tommy, the love of her life, who left her in pursuit of money and adventure.<br />Working alongside Sunny is the maternal Halajan, who vividly recalls the days before the Taliban and now must hide a modern romance from her ultratraditional son — who, unbeknownst to her, is facing his own religious doubts. Into the café come Isabel, a British journalist on the trail of a risky story; Jack, who left his family back home in Michigan to earn “danger pay” as a consultant; and Candace, a wealthy and well-connected American whose desire to help threatens to cloud her judgment. <br />When Yazmina, a young Afghan from a remote village, is kidnapped and left on a city street pregnant and alone, Sunny welcomes her into the café and gives her a home — but Yazmina hides a secret that could put all their lives in jeopardy.<br />As this group of men and women discover that there’s more to one another than meets the eye, they’ll form an unlikely friendship that will change not only their own lives but the lives of an entire country.<br />Brimming with <i>Deborah Rodriguez’s</i> remarkable gift for depicting the nuances of life in Kabul, and filled with vibrant characters that readers will truly care about, <i>A Cup of Friendship</i> is the best kind of fiction—full of heart yet smart and thought-provoking.]]></description>
  <work>
  <id type="integer">13897390</id>
  <books_count type="integer">36</books_count>
  <best_book_id type="integer">10374638</best_book_id>
  <reviews_count type="integer">21078</reviews_count>
  <ratings_sum type="integer">45328</ratings_sum>
  <ratings_count type="integer">12709</ratings_count>
  <text_reviews_count type="integer">1573</text_reviews_count>
  <original_publication_year type="integer">2011</original_publication_year>
  <original_publication_month type="integer">1</original_publication_month>
  <original_publication_day type="integer">1</original_publication_day>
  <original_title>A Cup of Friendship</original_title>
  <original_language_id type="integer" nil="true"/>
  <media_type>book</media_type>
  <rating_dist>5:2283|4:4805|3:3885|2:1302|1:434|total:12709</rating_dist>
  <desc_user_id type="integer">65567519</desc_user_id>
  <default_chaptering_book_id type="integer" nil="true"/>
  <default_description_language_code nil="true"/>
</work>
  <average_rating>3.57</average_rating>
  <num_pages><![CDATA[317]]></num_pages>
  <format><![CDATA[Paperback]]></format>
  <edition_information><![CDATA[]]></edition_information>
  <ratings_count><![CDATA[7616]]></ratings_count>
  <text_reviews_count><![CDATA[907]]></text_reviews_count>
  <url><![CDATA[https://www.goodreads.com/book/show/10374638-the-little-coffee-shop-of-kabul]]></url>
  <link><![CDATA[https://www.goodreads.com/book/show/10374638-the-little-coffee-shop-of-kabul]]></link>
  <authors>
<author>
<id>182089</id>
<name>Deborah Rodriguez</name>
<role></role>
<image_url nophoto='false'>
<![CDATA[https://images.gr-assets.com/authors/1481399647p5/182089.jpg]]>
</image_url>
<small_image_url nophoto='false'>
<![CDATA[https://images.gr-assets.com/authors/1481399647p2/182089.jpg]]>
</small_image_url>
<link><![CDATA[https://www.goodreads.com/author/show/182089.Deborah_Rodriguez]]></link>
<average_rating>3.60</average_rating>
<ratings_count>33736</ratings_count>
<text_reviews_count>4368</text_reviews_count>
</author>
</authors>

    <reviews_widget>
      <![CDATA[
        <style>
  #goodreads-widget {
    font-family: georgia, serif;
    padding: 18px 0;
    width:565px;
  }
  #goodreads-widget h1 {
    font-weight:normal;
    font-size: 16px;
    border-bottom: 1px solid #BBB596;
    margin-bottom: 0;
  }
  #goodreads-widget a {
    text-decoration: none;
    color:#660;
  }
  iframe{
    background-color: #fff;
  }
  #goodreads-widget a:hover { text-decoration: underline; }
  #goodreads-widget a:active {
    color:#660;
  }
  #gr_footer {
    width: 100%;
    border-top: 1px solid #BBB596;
    text-align: right;
  }
  #goodreads-widget .gr_branding{
    color: #382110;
    font-size: 11px;
    text-decoration: none;
    font-family: "Helvetica Neue", Helvetica, Arial, sans-serif;
  }
</style>
<div id="goodreads-widget">
  <div id="gr_header"><h1><a rel="nofollow" href="https://www.goodreads.com/book/show/10374638-the-little-coffee-shop-of-kabul">The Little Coffee Shop of Kabul Reviews</a></h1></div>
  <iframe id="the_iframe" src="https://www.goodreads.com/api/reviews_widget_iframe?did=DEVELOPER_ID&amp;format=html&amp;isbn=174275001X&amp;links=660&amp;min_rating=&amp;review_back=fff&amp;stars=000&amp;text=000" width="565" height="400" frameborder="0"></iframe>
  <div id="gr_footer">
    <a class="gr_branding" target="_blank" rel="nofollow" href="https://www.goodreads.com/book/show/10374638-the-little-coffee-shop-of-kabul?utm_medium=api&amp;utm_source=reviews_widget">Reviews from Goodreads.com</a>
  </div>
</div>

      ]]>
    </reviews_widget>
  <popular_shelves>
      <shelf name="to-read" count="660"/>
      <shelf name="bookclub" count="19"/>
      <shelf name="fiction" count="16"/>
      <shelf name="book-club" count="8"/>
      <shelf name="read-2015" count="7"/>
      <shelf name="gave-up" count="6"/>
      <shelf name="currently-reading" count="5"/>
      <shelf name="2014-reads" count="5"/>
      <shelf name="love" count="5"/>
      <shelf name="general-fiction" count="5"/>
      <shelf name="3-stars" count="4"/>
      <shelf name="politics" count="4"/>
      <shelf name="e-book" count="4"/>
      <shelf name="book-group" count="4"/>
      <shelf name="adult" count="3"/>
      <shelf name="middle-east" count="3"/>
      <shelf name="contemporary-fiction" count="3"/>
      <shelf name="afghanistan" count="3"/>
      <shelf name="read-in-2017" count="3"/>
      <shelf name="owned" count="3"/>
      <shelf name="2017-reading-list" count="3"/>
      <shelf name="book-club-2016" count="3"/>
      <shelf name="2016-book-club" count="3"/>
      <shelf name="realistic-fiction" count="3"/>
      <shelf name="bought" count="3"/>
      <shelf name="recommended" count="3"/>
      <shelf name="books" count="3"/>
      <shelf name="religion" count="3"/>
      <shelf name="reading-challenge" count="3"/>
      <shelf name="owned-to-read" count="3"/>
      <shelf name="finished" count="3"/>
      <shelf name="own-to-read" count="3"/>
      <shelf name="asia" count="3"/>
      <shelf name="audio" count="3"/>
      <shelf name="women-s-fiction" count="3"/>
      <shelf name="books-i-own" count="2"/>
      <shelf name="on-shelf" count="2"/>
      <shelf name="summer-reading" count="2"/>
      <shelf name="challenge-2017" count="2"/>
      <shelf name="crc-bookclub" count="2"/>
      <shelf name="contemporary" count="2"/>
      <shelf name="chick-lit" count="2"/>
      <shelf name="wish-list" count="2"/>
      <shelf name="library" count="2"/>
      <shelf name="culture" count="2"/>
      <shelf name="default" count="2"/>
      <shelf name="books-read-2014" count="2"/>
      <shelf name="bookclubs" count="2"/>
      <shelf name="book-club-2014" count="2"/>
      <shelf name="reviewed-books" count="2"/>
      <shelf name="2016-reads" count="2"/>
      <shelf name="in-my-library" count="2"/>
      <shelf name="in-my-bookshelf" count="2"/>
      <shelf name="2016-book-challenge" count="2"/>
      <shelf name="easy-reading" count="2"/>
      <shelf name="books-2016" count="2"/>
      <shelf name="light-reading" count="2"/>
      <shelf name="2016-reading-challenge" count="2"/>
      <shelf name="2015-reading-list" count="2"/>
      <shelf name="english-books" count="2"/>
      <shelf name="book-collection" count="2"/>
      <shelf name="tbr-shelf" count="2"/>
      <shelf name="physical-tbr" count="2"/>
      <shelf name="2015-books" count="2"/>
      <shelf name="female-author" count="2"/>
      <shelf name="3" count="2"/>
      <shelf name="on-my-shelf" count="2"/>
      <shelf name="summer-reads" count="2"/>
      <shelf name="2013-book-challenge" count="2"/>
      <shelf name="audio-book" count="2"/>
      <shelf name="asian-fiction" count="2"/>
      <shelf name="islam" count="2"/>
      <shelf name="on-kindle" count="2"/>
      <shelf name="international" count="2"/>
      <shelf name="to-read-fiction" count="2"/>
      <shelf name="relationships" count="2"/>
      <shelf name="to-buy" count="1"/>
      <shelf name="on-bookcase-to-read" count="1"/>
      <shelf name="books-added-in-2016" count="1"/>
      <shelf name="unfinished-abandoned" count="1"/>
      <shelf name="middle-eastern-lit" count="1"/>
      <shelf name="owned-books" count="1"/>
      <shelf name="read-chick-lit" count="1"/>
      <shelf name="i-own-this" count="1"/>
      <shelf name="owned-not-read" count="1"/>
      <shelf name="har-boken" count="1"/>
      <shelf name="abandoned" count="1"/>
      <shelf name="home" count="1"/>
      <shelf name="deborah-rodeigues" count="1"/>
      <shelf name="owned-and-unread" count="1"/>
      <shelf name="my-top-reads" count="1"/>
      <shelf name="light-hearted-fiction" count="1"/>
      <shelf name="4-paperback" count="1"/>
      <shelf name="my-bookshelf" count="1"/>
      <shelf name="read-pre-goodreads" count="1"/>
      <shelf name="borrowed-library" count="1"/>
      <shelf name="2016-2017" count="1"/>
      <shelf name="favorites" count="1"/>
      <shelf name="on-my-book-shelf" count="1"/>
      <shelf name="waiting-in-the-wings" count="1"/>
  </popular_shelves>
  <book_links>
    <book_link>
  <id>8</id>
  <name>Libraries</name>
  <link>https://www.goodreads.com/book_link/follow/8</link>
</book_link>

  </book_links>
  <buy_links>
    <buy_link>
<id>1</id>
<name>Amazon</name>
<link>https://www.goodreads.com/book_link/follow/1</link>
</buy_link>
<buy_link>
<id>10</id>
<name>Audible</name>
<link>https://www.goodreads.com/book_link/follow/10</link>
</buy_link>
<buy_link>
<id>3</id>
<name>Barnes &amp; Noble</name>
<link>https://www.goodreads.com/book_link/follow/3</link>
</buy_link>
<buy_link>
<id>1027</id>
<name>Kobo</name>
<link>https://www.goodreads.com/book_link/follow/1027</link>
</buy_link>
<buy_link>
<id>2102</id>
<name>Apple iBooks</name>
<link>https://www.goodreads.com/book_link/follow/2102</link>
</buy_link>
<buy_link>
<id>8036</id>
<name>Google Play</name>
<link>https://www.goodreads.com/book_link/follow/8036</link>
</buy_link>
<buy_link>
<id>4</id>
<name>Abebooks</name>
<link>https://www.goodreads.com/book_link/follow/4</link>
</buy_link>
<buy_link>
<id>882</id>
<name>Book Depository</name>
<link>https://www.goodreads.com/book_link/follow/882</link>
</buy_link>
<buy_link>
<id>9</id>
<name>Indigo</name>
<link>https://www.goodreads.com/book_link/follow/9</link>
</buy_link>
<buy_link>
<id>2</id>
<name>Half.com</name>
<link>https://www.goodreads.com/book_link/follow/2</link>
</buy_link>
<buy_link>
<id>5</id>
<name>Alibris</name>
<link>https://www.goodreads.com/book_link/follow/5</link>
</buy_link>
<buy_link>
<id>107</id>
<name>Better World Books</name>
<link>https://www.goodreads.com/book_link/follow/107</link>
</buy_link>
<buy_link>
<id>7</id>
<name>IndieBound</name>
<link>https://www.goodreads.com/book_link/follow/7</link>
</buy_link>

  </buy_links>
  <series_works>
    <series_work>
<id>951027</id>
<user_position>1</user_position>
<series>
<id>186617</id>
<title>
<![CDATA[
    The Little Coffee Shop of Kabul
]]>
</title>
<description>
<![CDATA[
]]>
</description>
<note>
<![CDATA[
]]>
</note>
<series_works_count>2</series_works_count>
<primary_work_count>2</primary_work_count>
<numbered>true</numbered>
</series>

</series_work>

  </series_works>
  <similar_books>
          <book>
<id>11253741</id>
<title>The Kashmir Shawl</title>
<title_without_series>The Kashmir Shawl</title_without_series>
<link><![CDATA[https://www.goodreads.com/book/show/11253741-the-kashmir-shawl]]></link>
<small_image_url><![CDATA[https://images.gr-assets.com/books/1331364981s/11253741.jpg]]></small_image_url>
<image_url><![CDATA[https://images.gr-assets.com/books/1331364981m/11253741.jpg]]></image_url>
<num_pages>400</num_pages>
<work>
<id>16180359</id>
</work>
<isbn>0007285965</isbn>
<isbn13>9780007285969</isbn13>
<average_rating>3.94</average_rating>
<ratings_count>6667</ratings_count>
<publication_year>2011</publication_year>
<publication_month>7</publication_month>
<publication_day>1</publication_day>
<authors>
<author>
<id>204538</id>
<name>Rosie Thomas</name>
<link><![CDATA[https://www.goodreads.com/author/show/204538.Rosie_Thomas]]></link>
</author>
</authors>
</book>

          <book>
<id>9414177</id>
<title>Tiny Sunbirds, Far Away</title>
<title_without_series>Tiny Sunbirds, Far Away</title_without_series>
<link><![CDATA[https://www.goodreads.com/book/show/9414177-tiny-sunbirds-far-away]]></link>
<small_image_url><![CDATA[https://images.gr-assets.com/books/1333580744s/9414177.jpg]]></small_image_url>
<image_url><![CDATA[https://images.gr-assets.com/books/1333580744m/9414177.jpg]]></image_url>
<num_pages>438</num_pages>
<work>
<id>14298287</id>
</work>
<isbn>1590514661</isbn>
<isbn13>9781590514665</isbn13>
<average_rating>4.06</average_rating>
<ratings_count>3342</ratings_count>
<publication_year>2011</publication_year>
<publication_month>5</publication_month>
<publication_day>10</publication_day>
<authors>
<author>
<id>4384723</id>
<name>Christie Watson</name>
<link><![CDATA[https://www.goodreads.com/author/show/4384723.Christie_Watson]]></link>
</author>
</authors>
</book>

          <book>
<id>18400908</id>
<title>The Separation</title>
<title_without_series>The Separation</title_without_series>
<link><![CDATA[https://www.goodreads.com/book/show/18400908-the-separation]]></link>
<small_image_url><![CDATA[https://images.gr-assets.com/books/1406147112s/18400908.jpg]]></small_image_url>
<image_url><![CDATA[https://images.gr-assets.com/books/1406147112m/18400908.jpg]]></image_url>
<num_pages>387</num_pages>
<work>
<id>26031665</id>
</work>
<isbn>024196766X</isbn>
<isbn13>9780241967669</isbn13>
<average_rating>3.99</average_rating>
<ratings_count>1211</ratings_count>
<publication_year>2014</publication_year>
<publication_month>6</publication_month>
<publication_day>19</publication_day>
<authors>
<author>
<id>7245062</id>
<name>Dinah Jefferies</name>
<link><![CDATA[https://www.goodreads.com/author/show/7245062.Dinah_Jefferies]]></link>
</author>
</authors>
</book>

          <book>
<id>6014202</id>
<title>Nærmeste Pårørende</title>
<title_without_series>Nærmeste Pårørende</title_without_series>
<link><![CDATA[https://www.goodreads.com/book/show/6014202-n-rmeste-p-r-rende]]></link>
<small_image_url><![CDATA[https://s.gr-assets.com/assets/nophoto/book/50x75-a91bf249278a81aabab721ef782c4a74.png]]></small_image_url>
<image_url><![CDATA[https://s.gr-assets.com/assets/nophoto/book/111x148-bcc042a9c91a29c1d680899eff700a03.png]]></image_url>
<num_pages>369</num_pages>
<work>
<id>6189456</id>
</work>
<isbn>8702049848</isbn>
<isbn13>9788702049480</isbn13>
<average_rating>3.48</average_rating>
<ratings_count>176</ratings_count>
<publication_year>2006</publication_year>
<publication_month></publication_month>
<publication_day></publication_day>
<authors>
<author>
<id>1012136</id>
<name>Elsebeth Egholm</name>
<link><![CDATA[https://www.goodreads.com/author/show/1012136.Elsebeth_Egholm]]></link>
</author>
</authors>
</book>

          <book>
<id>25457110</id>
<title>Love Me Tender</title>
<title_without_series>Love Me Tender</title_without_series>
<link><![CDATA[https://www.goodreads.com/book/show/25457110-love-me-tender]]></link>
<small_image_url><![CDATA[https://images.gr-assets.com/books/1430410623s/25457110.jpg]]></small_image_url>
<image_url><![CDATA[https://images.gr-assets.com/books/1430410623m/25457110.jpg]]></image_url>
<num_pages>500</num_pages>
<work>
<id>1482716</id>
</work>
<isbn>0007547781</isbn>
<isbn13>9780007547784</isbn13>
<average_rating>4.16</average_rating>
<ratings_count>131</ratings_count>
<publication_year>2015</publication_year>
<publication_month>5</publication_month>
<publication_day>7</publication_day>
<authors>
<author>
<id>368018</id>
<name>Anne Bennett</name>
<link><![CDATA[https://www.goodreads.com/author/show/368018.Anne_Bennett]]></link>
</author>
</authors>
</book>

          <book>
<id>18400281</id>
<title>X: A Short Story</title>
<title_without_series>X: A Short Story</title_without_series>
<link><![CDATA[https://www.goodreads.com/book/show/18400281-x]]></link>
<small_image_url><![CDATA[https://images.gr-assets.com/books/1378230257s/18400281.jpg]]></small_image_url>
<image_url><![CDATA[https://images.gr-assets.com/books/1378230257m/18400281.jpg]]></image_url>
<num_pages>28</num_pages>
<work>
<id>26030691</id>
</work>
<isbn></isbn>
<isbn13></isbn13>
<average_rating>4.07</average_rating>
<ratings_count>134</ratings_count>
<publication_year>2013</publication_year>
<publication_month>9</publication_month>
<publication_day>2</publication_day>
<authors>
<author>
<id>6906963</id>
<name>Jack Croxall</name>
<link><![CDATA[https://www.goodreads.com/author/show/6906963.Jack_Croxall]]></link>
</author>
</authors>
</book>

          <book>
<id>8192076</id>
<title>Salting Roses</title>
<title_without_series>Salting Roses</title_without_series>
<link><![CDATA[https://www.goodreads.com/book/show/8192076-salting-roses]]></link>
<small_image_url><![CDATA[https://images.gr-assets.com/books/1273783587s/8192076.jpg]]></small_image_url>
<image_url><![CDATA[https://images.gr-assets.com/books/1273783587m/8192076.jpg]]></image_url>
<num_pages></num_pages>
<work>
<id>13038867</id>
</work>
<isbn>0061443743</isbn>
<isbn13>9780061443749</isbn13>
<average_rating>3.27</average_rating>
<ratings_count>961</ratings_count>
<publication_year></publication_year>
<publication_month></publication_month>
<publication_day></publication_day>
<authors>
<author>
<id>3929097</id>
<name>Lorelle Marinello</name>
<link><![CDATA[https://www.goodreads.com/author/show/3929097.Lorelle_Marinello]]></link>
</author>
</authors>
</book>

          <book>
<id>13609888</id>
<title>The Taliban Cricket Club</title>
<title_without_series>The Taliban Cricket Club</title_without_series>
<link><![CDATA[https://www.goodreads.com/book/show/13609888-the-taliban-cricket-club]]></link>
<small_image_url><![CDATA[https://images.gr-assets.com/books/1334934247s/13609888.jpg]]></small_image_url>
<image_url><![CDATA[https://images.gr-assets.com/books/1334934247m/13609888.jpg]]></image_url>
<num_pages>336</num_pages>
<work>
<id>19207539</id>
</work>
<isbn>1443410640</isbn>
<isbn13>9781443410649</isbn13>
<average_rating>3.82</average_rating>
<ratings_count>2341</ratings_count>
<publication_year>2012</publication_year>
<publication_month>5</publication_month>
<publication_day>14</publication_day>
<authors>
<author>
<id>710513</id>
<name>Timeri N. Murari</name>
<link><![CDATA[https://www.goodreads.com/author/show/710513.Timeri_N_Murari]]></link>
</author>
</authors>
</book>

          <book>
<id>5411121</id>
<title>The de Lacy Inheritance</title>
<title_without_series>The de Lacy Inheritance</title_without_series>
<link><![CDATA[https://www.goodreads.com/book/show/5411121-the-de-lacy-inheritance]]></link>
<small_image_url><![CDATA[https://images.gr-assets.com/books/1274464792s/5411121.jpg]]></small_image_url>
<image_url><![CDATA[https://images.gr-assets.com/books/1274464792m/5411121.jpg]]></image_url>
<num_pages>277</num_pages>
<work>
<id>5478660</id>
</work>
<isbn>1905802366</isbn>
<isbn13>9781905802364</isbn13>
<average_rating>3.78</average_rating>
<ratings_count>92</ratings_count>
<publication_year>2010</publication_year>
<publication_month>7</publication_month>
<publication_day>14</publication_day>
<authors>
<author>
<id>1463365</id>
<name>Elizabeth Ashworth</name>
<link><![CDATA[https://www.goodreads.com/author/show/1463365.Elizabeth_Ashworth]]></link>
</author>
</authors>
</book>

          <book>
<id>382785</id>
<title><![CDATA[Captives: Britain, Empire, and the World, 1600-1850]]></title>
<title_without_series><![CDATA[Captives: Britain, Empire, and the World, 1600-1850]]></title_without_series>
<link><![CDATA[https://www.goodreads.com/book/show/382785.Captives]]></link>
<small_image_url><![CDATA[https://s.gr-assets.com/assets/nophoto/book/50x75-a91bf249278a81aabab721ef782c4a74.png]]></small_image_url>
<image_url><![CDATA[https://s.gr-assets.com/assets/nophoto/book/111x148-bcc042a9c91a29c1d680899eff700a03.png]]></image_url>
<num_pages></num_pages>
<work>
<id>635046</id>
</work>
<isbn>0385721463</isbn>
<isbn13>9780385721462</isbn13>
<average_rating>3.78</average_rating>
<ratings_count>180</ratings_count>
<publication_year></publication_year>
<publication_month></publication_month>
<publication_day></publication_day>
<authors>
<author>
<id>93779</id>
<name>Linda Colley</name>
<link><![CDATA[https://www.goodreads.com/author/show/93779.Linda_Colley]]></link>
</author>
</authors>
</book>

          <book>
<id>23589862</id>
<title><![CDATA[Hope in a Ballet Shoe: Orphaned by war, saved by ballet: an extraordinary true story]]></title>
<title_without_series><![CDATA[Hope in a Ballet Shoe: Orphaned by war, saved by ballet: an extraordinary true story]]></title_without_series>
<link><![CDATA[https://www.goodreads.com/book/show/23589862-hope-in-a-ballet-shoe]]></link>
<small_image_url><![CDATA[https://images.gr-assets.com/books/1416420305s/23589862.jpg]]></small_image_url>
<image_url><![CDATA[https://images.gr-assets.com/books/1416420305m/23589862.jpg]]></image_url>
<num_pages>272</num_pages>
<work>
<id>43192722</id>
</work>
<isbn></isbn>
<isbn13></isbn13>
<average_rating>4.26</average_rating>
<ratings_count>509</ratings_count>
<publication_year>2014</publication_year>
<publication_month>12</publication_month>
<publication_day>30</publication_day>
<authors>
<author>
<id>7808009</id>
<name>Michaela DePrince</name>
<link><![CDATA[https://www.goodreads.com/author/show/7808009.Michaela_DePrince]]></link>
</author>
</authors>
</book>

          <book>
<id>13277383</id>
<title>The Boy Who Fell To Earth</title>
<title_without_series>The Boy Who Fell To Earth</title_without_series>
<link><![CDATA[https://www.goodreads.com/book/show/13277383-the-boy-who-fell-to-earth]]></link>
<small_image_url><![CDATA[https://images.gr-assets.com/books/1333578812s/13277383.jpg]]></small_image_url>
<image_url><![CDATA[https://images.gr-assets.com/books/1333578812m/13277383.jpg]]></image_url>
<num_pages>336</num_pages>
<work>
<id>18481519</id>
</work>
<isbn>0593060830</isbn>
<isbn13>9780593060834</isbn13>
<average_rating>3.26</average_rating>
<ratings_count>1300</ratings_count>
<publication_year>2012</publication_year>
<publication_month>3</publication_month>
<publication_day>1</publication_day>
<authors>
<author>
<id>122511</id>
<name>Kathy Lette</name>
<link><![CDATA[https://www.goodreads.com/author/show/122511.Kathy_Lette]]></link>
</author>
</authors>
</book>

          <book>
<id>7775815</id>
<title>Lipstick in Afghanistan</title>
<title_without_series>Lipstick in Afghanistan</title_without_series>
<link><![CDATA[https://www.goodreads.com/book/show/7775815-lipstick-in-afghanistan]]></link>
<small_image_url><![CDATA[https://images.gr-assets.com/books/1283902722s/7775815.jpg]]></small_image_url>
<image_url><![CDATA[https://images.gr-assets.com/books/1283902722m/7775815.jpg]]></image_url>
<num_pages>284</num_pages>
<work>
<id>10682648</id>
</work>
<isbn>1439191387</isbn>
<isbn13>9781439191385</isbn13>
<average_rating>3.62</average_rating>
<ratings_count>1105</ratings_count>
<publication_year></publication_year>
<publication_month></publication_month>
<publication_day></publication_day>
<authors>
<author>
<id>3390616</id>
<name>Roberta Gately</name>
<link><![CDATA[https://www.goodreads.com/author/show/3390616.Roberta_Gately]]></link>
</author>
</authors>
</book>

          <book>
<id>7255193</id>
<title>Witness the Night</title>
<title_without_series>Witness the Night</title_without_series>
<link><![CDATA[https://www.goodreads.com/book/show/7255193-witness-the-night]]></link>
<small_image_url><![CDATA[https://images.gr-assets.com/books/1331027105s/7255193.jpg]]></small_image_url>
<image_url><![CDATA[https://images.gr-assets.com/books/1331027105m/7255193.jpg]]></image_url>
<num_pages>352</num_pages>
<work>
<id>8300675</id>
</work>
<isbn>1905636857</isbn>
<isbn13>9781905636853</isbn13>
<average_rating>3.44</average_rating>
<ratings_count>845</ratings_count>
<publication_year>2010</publication_year>
<publication_month></publication_month>
<publication_day></publication_day>
<authors>
<author>
<id>3115237</id>
<name>Kishwar Desai</name>
<link><![CDATA[https://www.goodreads.com/author/show/3115237.Kishwar_Desai]]></link>
</author>
</authors>
</book>

          <book>
<id>6116974</id>
<title>Guantanamo Boy</title>
<title_without_series>Guantanamo Boy</title_without_series>
<link><![CDATA[https://www.goodreads.com/book/show/6116974-guantanamo-boy]]></link>
<small_image_url><![CDATA[https://images.gr-assets.com/books/1328040212s/6116974.jpg]]></small_image_url>
<image_url><![CDATA[https://images.gr-assets.com/books/1328040212m/6116974.jpg]]></image_url>
<num_pages></num_pages>
<work>
<id>6295082</id>
</work>
<isbn>0141326077</isbn>
<isbn13>9780141326078</isbn13>
<average_rating>3.73</average_rating>
<ratings_count>1029</ratings_count>
<publication_year></publication_year>
<publication_month></publication_month>
<publication_day></publication_day>
<authors>
<author>
<id>575388</id>
<name>Anna Perera</name>
<link><![CDATA[https://www.goodreads.com/author/show/575388.Anna_Perera]]></link>
</author>
</authors>
</book>

          <book>
<id>464519</id>
<title><![CDATA[A Bed of Red Flowers: In Search of My Afghanistan]]></title>
<title_without_series><![CDATA[A Bed of Red Flowers: In Search of My Afghanistan]]></title_without_series>
<link><![CDATA[https://www.goodreads.com/book/show/464519.A_Bed_of_Red_Flowers]]></link>
<small_image_url><![CDATA[https://images.gr-assets.com/books/1320494343s/464519.jpg]]></small_image_url>
<image_url><![CDATA[https://images.gr-assets.com/books/1320494343m/464519.jpg]]></image_url>
<num_pages>432</num_pages>
<work>
<id>452931</id>
</work>
<isbn>0679312722</isbn>
<isbn13>9780679312727</isbn13>
<average_rating>3.80</average_rating>
<ratings_count>653</ratings_count>
<publication_year>2006</publication_year>
<publication_month>4</publication_month>
<publication_day>11</publication_day>
<authors>
<author>
<id>260356</id>
<name>Nelofer Pazira</name>
<link><![CDATA[https://www.goodreads.com/author/show/260356.Nelofer_Pazira]]></link>
</author>
</authors>
</book>

          <book>
<id>7794539</id>
<title>Friday Mornings at Nine</title>
<title_without_series>Friday Mornings at Nine</title_without_series>
<link><![CDATA[https://www.goodreads.com/book/show/7794539-friday-mornings-at-nine]]></link>
<small_image_url><![CDATA[https://images.gr-assets.com/books/1270298849s/7794539.jpg]]></small_image_url>
<image_url><![CDATA[https://images.gr-assets.com/books/1270298849m/7794539.jpg]]></image_url>
<num_pages>326</num_pages>
<work>
<id>10759473</id>
</work>
<isbn>0758234627</isbn>
<isbn13>9780758234629</isbn13>
<average_rating>3.30</average_rating>
<ratings_count>309</ratings_count>
<publication_year></publication_year>
<publication_month></publication_month>
<publication_day></publication_day>
<authors>
<author>
<id>2978367</id>
<name>Marilyn Brant</name>
<link><![CDATA[https://www.goodreads.com/author/show/2978367.Marilyn_Brant]]></link>
</author>
</authors>
</book>

          <book>
<id>17354111</id>
<title>I Hate Martin Amis et al.</title>
<title_without_series>I Hate Martin Amis et al.</title_without_series>
<link><![CDATA[https://www.goodreads.com/book/show/17354111-i-hate-martin-amis-et-al]]></link>
<small_image_url><![CDATA[https://images.gr-assets.com/books/1360605486s/17354111.jpg]]></small_image_url>
<image_url><![CDATA[https://images.gr-assets.com/books/1360605486m/17354111.jpg]]></image_url>
<num_pages>232</num_pages>
<work>
<id>15968227</id>
</work>
<isbn>1938901150</isbn>
<isbn13>9781938901157</isbn13>
<average_rating>3.48</average_rating>
<ratings_count>77</ratings_count>
<publication_year>2013</publication_year>
<publication_month>7</publication_month>
<publication_day>1</publication_day>
<authors>
<author>
<id>205956</id>
<name>Peter Barry</name>
<link><![CDATA[https://www.goodreads.com/author/show/205956.Peter_Barry]]></link>
</author>
</authors>
</book>

  </similar_books>
</book>

</GoodreadsResponse>