<?xml version="1.0" encoding="UTF-8"?>
<GoodreadsResponse>
  <Request>
    <authentication>true</authentication>
      <key><![CDATA[all_men_must_serve]]></key>
    <method><![CDATA[book_show]]></method>
  </Request>
  <book>
  <id>104086</id>
  <title><![CDATA[The Summer Tree (The Fionavar Tapestry #1)]]></title>
  <isbn><![CDATA[0451458222]]></isbn>
  <isbn13><![CDATA[9780451458223]]></isbn13>
  <asin><![CDATA[]]></asin>
  <kindle_asin><![CDATA[B01HD3F8Y4]]></kindle_asin>
  <marketplace_id><![CDATA[A1F83G8C2ARO7P]]></marketplace_id>
  <country_code><![CDATA[GB]]></country_code>
  <image_url>https://images.gr-assets.com/books/1412531529m/104086.jpg</image_url>
  <small_image_url>https://images.gr-assets.com/books/1412531529s/104086.jpg</small_image_url>
  <publication_year></publication_year>
  <publication_month></publication_month>
  <publication_day></publication_day>
  <publisher></publisher>
  <language_code>en-US</language_code>
  <is_ebook>false</is_ebook>
  <description><![CDATA[The first volume in Guy Gavriel Kay’s stunning fantasy masterwork.<br /><br />Five men and women find themselves flung into the magical land of Fionavar, First of all Worlds. They have been called there by the mage Loren Silvercloak, and quickly find themselves drawn into the complex tapestry of events. For Kim, Paul, Kevin, Jennifer and Dave all have their own part to play in the coming battle against the forces of evil led by the fallen god Rakoth Maugrim and his dark hordes.<br /><br />Guy Gavriel Kay’s classic epic fantasy plays out on a truly grand scale, and has already been delighting fans of imaginative fiction for twenty years.]]></description>
  <work>
  <id type="integer">3238632</id>
  <books_count type="integer">52</books_count>
  <best_book_id type="integer">104086</best_book_id>
  <reviews_count type="integer">33773</reviews_count>
  <ratings_sum type="integer">70517</ratings_sum>
  <ratings_count type="integer">17654</ratings_count>
  <text_reviews_count type="integer">1003</text_reviews_count>
  <original_publication_year type="integer">1984</original_publication_year>
  <original_publication_month type="integer" nil="true"/>
  <original_publication_day type="integer" nil="true"/>
  <original_title>The Summer Tree</original_title>
  <original_language_id type="integer" nil="true"/>
  <media_type>book</media_type>
  <rating_dist>5:6540|4:6284|3:3438|2:975|1:417|total:17654</rating_dist>
  <desc_user_id type="integer">44289329</desc_user_id>
  <default_chaptering_book_id type="integer" nil="true"/>
  <default_description_language_code nil="true"/>
</work>
  <average_rating>3.99</average_rating>
  <num_pages><![CDATA[383]]></num_pages>
  <format><![CDATA[]]></format>
  <edition_information><![CDATA[]]></edition_information>
  <ratings_count><![CDATA[16195]]></ratings_count>
  <text_reviews_count><![CDATA[819]]></text_reviews_count>
  <url><![CDATA[https://www.goodreads.com/book/show/104086.The_Summer_Tree]]></url>
  <link><![CDATA[https://www.goodreads.com/book/show/104086.The_Summer_Tree]]></link>
  <authors>
<author>
<id>60177</id>
<name>Guy Gavriel Kay</name>
<role></role>
<image_url nophoto='false'>
<![CDATA[https://images.gr-assets.com/authors/1218804723p5/60177.jpg]]>
</image_url>
<small_image_url nophoto='false'>
<![CDATA[https://images.gr-assets.com/authors/1218804723p2/60177.jpg]]>
</small_image_url>
<link><![CDATA[https://www.goodreads.com/author/show/60177.Guy_Gavriel_Kay]]></link>
<average_rating>4.11</average_rating>
<ratings_count>162105</ratings_count>
<text_reviews_count>9738</text_reviews_count>
</author>
</authors>

    <reviews_widget>
      <![CDATA[
        <style>
  #goodreads-widget {
    font-family: georgia, serif;
    padding: 18px 0;
    width:565px;
  }
  #goodreads-widget h1 {
    font-weight:normal;
    font-size: 16px;
    border-bottom: 1px solid #BBB596;
    margin-bottom: 0;
  }
  #goodreads-widget a {
    text-decoration: none;
    color:#660;
  }
  iframe{
    background-color: #fff;
  }
  #goodreads-widget a:hover { text-decoration: underline; }
  #goodreads-widget a:active {
    color:#660;
  }
  #gr_footer {
    width: 100%;
    border-top: 1px solid #BBB596;
    text-align: right;
  }
  #goodreads-widget .gr_branding{
    color: #382110;
    font-size: 11px;
    text-decoration: none;
    font-family: "Helvetica Neue", Helvetica, Arial, sans-serif;
  }
</style>
<div id="goodreads-widget">
  <div id="gr_header"><h1><a rel="nofollow" href="https://www.goodreads.com/book/show/104086.The_Summer_Tree">The Summer Tree Reviews</a></h1></div>
  <iframe id="the_iframe" src="https://www.goodreads.com/api/reviews_widget_iframe?did=DEVELOPER_ID&amp;format=html&amp;isbn=0451458222&amp;links=660&amp;min_rating=&amp;review_back=fff&amp;stars=000&amp;text=000" width="565" height="400" frameborder="0"></iframe>
  <div id="gr_footer">
    <a class="gr_branding" target="_blank" rel="nofollow" href="https://www.goodreads.com/book/show/104086.The_Summer_Tree?utm_medium=api&amp;utm_source=reviews_widget">Reviews from Goodreads.com</a>
  </div>
</div>

      ]]>
    </reviews_widget>
  <popular_shelves>
      <shelf name="to-read" count="1472"/>
      <shelf name="fantasy" count="246"/>
      <shelf name="fiction" count="232"/>
      <shelf name="epic-fantasy" count="90"/>
      <shelf name="high-fantasy" count="76"/>
      <shelf name="series" count="76"/>
      <shelf name="sci-fi-fantasy" count="64"/>
      <shelf name="books-i-own" count="59"/>
      <shelf name="default" count="47"/>
      <shelf name="currently-reading" count="42"/>
      <shelf name="canadian" count="41"/>
      <shelf name="fantasy-sci-fi" count="41"/>
      <shelf name="magic" count="40"/>
      <shelf name="library" count="38"/>
      <shelf name="scifi-fantasy" count="37"/>
      <shelf name="adventure" count="31"/>
      <shelf name="guy-gavriel-kay" count="28"/>
      <shelf name="favourites" count="27"/>
      <shelf name="science-fiction-fantasy" count="26"/>
      <shelf name="arthurian" count="26"/>
      <shelf name="to-read-fantasy" count="26"/>
      <shelf name="mythology" count="24"/>
      <shelf name="owned-books" count="22"/>
      <shelf name="re-read" count="22"/>
      <shelf name="favorites" count="21"/>
      <shelf name="ebook" count="21"/>
      <shelf name="fantasy-to-read" count="21"/>
      <shelf name="to-buy" count="21"/>
      <shelf name="séries" count="20"/>
      <shelf name="kindle" count="20"/>
      <shelf name="adult" count="19"/>
      <shelf name="did-not-finish" count="18"/>
      <shelf name="audiobook" count="18"/>
      <shelf name="speculative-fiction" count="17"/>
      <shelf name="sff" count="17"/>
      <shelf name="audio" count="16"/>
      <shelf name="my-library" count="16"/>
      <shelf name="science-fiction" count="16"/>
      <shelf name="audiobooks" count="15"/>
      <shelf name="wish-list" count="15"/>
      <shelf name="ebooks" count="15"/>
      <shelf name="fantasy-scifi" count="14"/>
      <shelf name="unfinished" count="13"/>
      <shelf name="canada" count="13"/>
      <shelf name="owned" count="12"/>
      <shelf name="fantasy-and-sci-fi" count="12"/>
      <shelf name="sf-fantasy" count="12"/>
      <shelf name="first-in-series" count="11"/>
      <shelf name="young-adult" count="11"/>
      <shelf name="epic" count="11"/>
      <shelf name="novels" count="11"/>
      <shelf name="abandoned" count="10"/>
      <shelf name="reread" count="10"/>
      <shelf name="audible" count="10"/>
      <shelf name="e-books" count="10"/>
      <shelf name="urban-fantasy" count="10"/>
      <shelf name="fiction-fantasy" count="10"/>
      <shelf name="canadian-authors" count="10"/>
      <shelf name="sci-fi" count="10"/>
      <shelf name="all-time-favorites" count="10"/>
      <shelf name="tbr-fantasy" count="9"/>
      <shelf name="read-in-2014" count="9"/>
      <shelf name="dnf" count="9"/>
      <shelf name="calibre" count="9"/>
      <shelf name="paperback" count="9"/>
      <shelf name="classics" count="9"/>
      <shelf name="sf-f" count="9"/>
      <shelf name="fantasía" count="8"/>
      <shelf name="to-read-fiction" count="8"/>
      <shelf name="books" count="8"/>
      <shelf name="recommended" count="8"/>
      <shelf name="fantasy-science-fiction" count="8"/>
      <shelf name="read-in-2012" count="8"/>
      <shelf name="canadian-author" count="8"/>
      <shelf name="scifi" count="8"/>
      <shelf name="fionavar" count="8"/>
      <shelf name="own-it" count="8"/>
      <shelf name="fionavar-tapestry" count="8"/>
      <shelf name="sf" count="8"/>
      <shelf name="canadian-lit" count="8"/>
      <shelf name="read-in-2017" count="7"/>
      <shelf name="shelfari-favorites" count="7"/>
      <shelf name="genre-fantasy" count="7"/>
      <shelf name="gave-up-on" count="7"/>
      <shelf name="contemporary" count="7"/>
      <shelf name="trilogy" count="7"/>
      <shelf name="book-club" count="7"/>
      <shelf name="i-own" count="7"/>
      <shelf name="fantasy-series" count="7"/>
      <shelf name="science-fiction-and-fantasy" count="7"/>
      <shelf name="my-books" count="7"/>
      <shelf name="fantasy-sf" count="7"/>
      <shelf name="e-book" count="6"/>
      <shelf name="adult-fiction" count="6"/>
      <shelf name="owned-to-read" count="6"/>
      <shelf name="tbr" count="6"/>
      <shelf name="canadian-literature" count="6"/>
      <shelf name="want-to-read" count="6"/>
      <shelf name="kay-guy-gavriel" count="6"/>
      <shelf name="unread" count="6"/>
  </popular_shelves>
  <book_links>
    <book_link>
  <id>8</id>
  <name>Libraries</name>
  <link>https://www.goodreads.com/book_link/follow/8</link>
</book_link>

  </book_links>
  <buy_links>
    <buy_link>
<id>1</id>
<name>Amazon</name>
<link>https://www.goodreads.com/book_link/follow/1</link>
</buy_link>
<buy_link>
<id>10</id>
<name>Audible</name>
<link>https://www.goodreads.com/book_link/follow/10</link>
</buy_link>
<buy_link>
<id>3</id>
<name>Barnes &amp; Noble</name>
<link>https://www.goodreads.com/book_link/follow/3</link>
</buy_link>
<buy_link>
<id>1027</id>
<name>Kobo</name>
<link>https://www.goodreads.com/book_link/follow/1027</link>
</buy_link>
<buy_link>
<id>2102</id>
<name>Apple iBooks</name>
<link>https://www.goodreads.com/book_link/follow/2102</link>
</buy_link>
<buy_link>
<id>8036</id>
<name>Google Play</name>
<link>https://www.goodreads.com/book_link/follow/8036</link>
</buy_link>
<buy_link>
<id>4</id>
<name>Abebooks</name>
<link>https://www.goodreads.com/book_link/follow/4</link>
</buy_link>
<buy_link>
<id>882</id>
<name>Book Depository</name>
<link>https://www.goodreads.com/book_link/follow/882</link>
</buy_link>
<buy_link>
<id>9</id>
<name>Indigo</name>
<link>https://www.goodreads.com/book_link/follow/9</link>
</buy_link>
<buy_link>
<id>2</id>
<name>Half.com</name>
<link>https://www.goodreads.com/book_link/follow/2</link>
</buy_link>
<buy_link>
<id>5</id>
<name>Alibris</name>
<link>https://www.goodreads.com/book_link/follow/5</link>
</buy_link>
<buy_link>
<id>107</id>
<name>Better World Books</name>
<link>https://www.goodreads.com/book_link/follow/107</link>
</buy_link>
<buy_link>
<id>7</id>
<name>IndieBound</name>
<link>https://www.goodreads.com/book_link/follow/7</link>
</buy_link>

  </buy_links>
  <series_works>
    <series_work>
<id>181376</id>
<user_position>1</user_position>
<series>
<id>49379</id>
<title>
<![CDATA[
    The Fionavar Tapestry
]]>
</title>
<description>
<![CDATA[
    Series also known as:
    <i>* Il mondo di Fionavar [Italian]
    * Το υφαντό της Φιόναβαρ [Greek]
    * מארג פיונאבאר [Hebrew]</i>
]]>
</description>
<note>
<![CDATA[
]]>
</note>
<series_works_count>4</series_works_count>
<primary_work_count>3</primary_work_count>
<numbered>true</numbered>
</series>

</series_work>

  </series_works>
  <similar_books>
          <book>
<id>19821</id>
<title><![CDATA[Riddle-Master (Riddle-Master, #1-3)]]></title>
<title_without_series>Riddle-Master</title_without_series>
<link><![CDATA[https://www.goodreads.com/book/show/19821.Riddle_Master]]></link>
<small_image_url><![CDATA[https://images.gr-assets.com/books/1401387247s/19821.jpg]]></small_image_url>
<image_url><![CDATA[https://images.gr-assets.com/books/1401387247m/19821.jpg]]></image_url>
<num_pages>578</num_pages>
<work>
<id>78273</id>
</work>
<isbn>0441005969</isbn>
<isbn13>9780441005963</isbn13>
<average_rating>4.23</average_rating>
<ratings_count>9055</ratings_count>
<publication_year>1999</publication_year>
<publication_month>3</publication_month>
<publication_day></publication_day>
<authors>
<author>
<id>25</id>
<name>Patricia A. McKillip</name>
<link><![CDATA[https://www.goodreads.com/author/show/25.Patricia_A_McKillip]]></link>
</author>
</authors>
</book>

          <book>
<id>159816</id>
<title><![CDATA[The Copper Crown (The Tales of Aeron, #1)]]></title>
<title_without_series>The Copper Crown</title_without_series>
<link><![CDATA[https://www.goodreads.com/book/show/159816.The_Copper_Crown]]></link>
<small_image_url><![CDATA[https://s.gr-assets.com/assets/nophoto/book/50x75-a91bf249278a81aabab721ef782c4a74.png]]></small_image_url>
<image_url><![CDATA[https://s.gr-assets.com/assets/nophoto/book/111x148-bcc042a9c91a29c1d680899eff700a03.png]]></image_url>
<num_pages>432</num_pages>
<work>
<id>182903</id>
</work>
<isbn>0451450507</isbn>
<isbn13>9780451450500</isbn13>
<average_rating>4.02</average_rating>
<ratings_count>1336</ratings_count>
<publication_year>1986</publication_year>
<publication_month>7</publication_month>
<publication_day>1</publication_day>
<authors>
<author>
<id>92667</id>
<name>Patricia Kennealy-Morrison</name>
<link><![CDATA[https://www.goodreads.com/author/show/92667.Patricia_Kennealy_Morrison]]></link>
</author>
</authors>
</book>

          <book>
<id>153220</id>
<title><![CDATA[The Broken Crown (The Sun Sword, #1)]]></title>
<title_without_series>The Broken Crown</title_without_series>
<link><![CDATA[https://www.goodreads.com/book/show/153220.The_Broken_Crown]]></link>
<small_image_url><![CDATA[https://s.gr-assets.com/assets/nophoto/book/50x75-a91bf249278a81aabab721ef782c4a74.png]]></small_image_url>
<image_url><![CDATA[https://s.gr-assets.com/assets/nophoto/book/111x148-bcc042a9c91a29c1d680899eff700a03.png]]></image_url>
<num_pages>764</num_pages>
<work>
<id>147902</id>
</work>
<isbn>0886777402</isbn>
<isbn13>9780886777401</isbn13>
<average_rating>3.91</average_rating>
<ratings_count>2489</ratings_count>
<publication_year>1997</publication_year>
<publication_month>7</publication_month>
<publication_day>1</publication_day>
<authors>
<author>
<id>6461009</id>
<name>Michelle West</name>
<link><![CDATA[https://www.goodreads.com/author/show/6461009.Michelle_West]]></link>
</author>
</authors>
</book>

          <book>
<id>40869</id>
<title><![CDATA[Suldrun's Garden (Lyonesse #1)]]></title>
<title_without_series>Suldrun&apos;s Garden</title_without_series>
<link><![CDATA[https://www.goodreads.com/book/show/40869.Suldrun_s_Garden]]></link>
<small_image_url><![CDATA[https://images.gr-assets.com/books/1298379404s/40869.jpg]]></small_image_url>
<image_url><![CDATA[https://images.gr-assets.com/books/1298379404m/40869.jpg]]></image_url>
<num_pages>448</num_pages>
<work>
<id>5298839</id>
</work>
<isbn>0575073748</isbn>
<isbn13>9780575073746</isbn13>
<average_rating>3.93</average_rating>
<ratings_count>4083</ratings_count>
<publication_year>2002</publication_year>
<publication_month></publication_month>
<publication_day></publication_day>
<authors>
<author>
<id>5376</id>
<name>Jack Vance</name>
<link><![CDATA[https://www.goodreads.com/author/show/5376.Jack_Vance]]></link>
</author>
</authors>
</book>

          <book>
<id>208</id>
<title><![CDATA[A Shadow in Summer (Long Price Quartet, #1)]]></title>
<title_without_series>A Shadow in Summer</title_without_series>
<link><![CDATA[https://www.goodreads.com/book/show/208.A_Shadow_in_Summer]]></link>
<small_image_url><![CDATA[https://s.gr-assets.com/assets/nophoto/book/50x75-a91bf249278a81aabab721ef782c4a74.png]]></small_image_url>
<image_url><![CDATA[https://s.gr-assets.com/assets/nophoto/book/111x148-bcc042a9c91a29c1d680899eff700a03.png]]></image_url>
<num_pages></num_pages>
<work>
<id>1711253</id>
</work>
<isbn>0765313405</isbn>
<isbn13>9780765313409</isbn13>
<average_rating>3.59</average_rating>
<ratings_count>9261</ratings_count>
<publication_year></publication_year>
<publication_month></publication_month>
<publication_day></publication_day>
<authors>
<author>
<id>13557729</id>
<name>Daniel Abraham</name>
<link><![CDATA[https://www.goodreads.com/author/show/13557729.Daniel_Abraham]]></link>
</author>
</authors>
</book>

          <book>
<id>1022658</id>
<title><![CDATA[The Ladies of Mandrigyn (Sun Wolf and Starhawk, #1)]]></title>
<title_without_series>The Ladies of Mandrigyn</title_without_series>
<link><![CDATA[https://www.goodreads.com/book/show/1022658.The_Ladies_of_Mandrigyn]]></link>
<small_image_url><![CDATA[https://images.gr-assets.com/books/1395963880s/1022658.jpg]]></small_image_url>
<image_url><![CDATA[https://images.gr-assets.com/books/1395963880m/1022658.jpg]]></image_url>
<num_pages>311</num_pages>
<work>
<id>170307</id>
</work>
<isbn>0345309197</isbn>
<isbn13>9780345309198</isbn13>
<average_rating>3.94</average_rating>
<ratings_count>2585</ratings_count>
<publication_year>1984</publication_year>
<publication_month>2</publication_month>
<publication_day>12</publication_day>
<authors>
<author>
<id>10333</id>
<name>Barbara Hambly</name>
<link><![CDATA[https://www.goodreads.com/author/show/10333.Barbara_Hambly]]></link>
</author>
</authors>
</book>

          <book>
<id>618180</id>
<title><![CDATA[The One Kingdom (The Swans' War, #1)]]></title>
<title_without_series>The One Kingdom</title_without_series>
<link><![CDATA[https://www.goodreads.com/book/show/618180.The_One_Kingdom]]></link>
<small_image_url><![CDATA[https://images.gr-assets.com/books/1355961161s/618180.jpg]]></small_image_url>
<image_url><![CDATA[https://images.gr-assets.com/books/1355961161m/618180.jpg]]></image_url>
<num_pages>544</num_pages>
<work>
<id>354536</id>
</work>
<isbn>0380792273</isbn>
<isbn13>9780380792276</isbn13>
<average_rating>3.67</average_rating>
<ratings_count>1463</ratings_count>
<publication_year>2002</publication_year>
<publication_month>2</publication_month>
<publication_day>5</publication_day>
<authors>
<author>
<id>126955</id>
<name>Sean Russell</name>
<link><![CDATA[https://www.goodreads.com/author/show/126955.Sean_Russell]]></link>
</author>
</authors>
</book>

          <book>
<id>177250</id>
<title><![CDATA[The Mirror of Her Dreams (Mordant's Need, #1)]]></title>
<title_without_series>The Mirror of Her Dreams</title_without_series>
<link><![CDATA[https://www.goodreads.com/book/show/177250.The_Mirror_of_Her_Dreams]]></link>
<small_image_url><![CDATA[https://images.gr-assets.com/books/1320541116s/177250.jpg]]></small_image_url>
<image_url><![CDATA[https://images.gr-assets.com/books/1320541116m/177250.jpg]]></image_url>
<num_pages>654</num_pages>
<work>
<id>593724</id>
</work>
<isbn>0345459857</isbn>
<isbn13>9780345459855</isbn13>
<average_rating>3.90</average_rating>
<ratings_count>11298</ratings_count>
<publication_year>2003</publication_year>
<publication_month>6</publication_month>
<publication_day>3</publication_day>
<authors>
<author>
<id>12980</id>
<name>Stephen R. Donaldson</name>
<link><![CDATA[https://www.goodreads.com/author/show/12980.Stephen_R_Donaldson]]></link>
</author>
</authors>
</book>

          <book>
<id>96281</id>
<title><![CDATA[The Deed of Paksenarrion (The Deed of Paksenarrion, #1-3)]]></title>
<title_without_series>The Deed of Paksenarrion</title_without_series>
<link><![CDATA[https://www.goodreads.com/book/show/96281.The_Deed_of_Paksenarrion]]></link>
<small_image_url><![CDATA[https://images.gr-assets.com/books/1400873078s/96281.jpg]]></small_image_url>
<image_url><![CDATA[https://images.gr-assets.com/books/1400873078m/96281.jpg]]></image_url>
<num_pages></num_pages>
<work>
<id>92896</id>
</work>
<isbn>0671721046</isbn>
<isbn13>9780671721046</isbn13>
<average_rating>4.29</average_rating>
<ratings_count>10359</ratings_count>
<publication_year></publication_year>
<publication_month></publication_month>
<publication_day></publication_day>
<authors>
<author>
<id>10518</id>
<name>Elizabeth Moon</name>
<link><![CDATA[https://www.goodreads.com/author/show/10518.Elizabeth_Moon]]></link>
</author>
</authors>
</book>

          <book>
<id>57687</id>
<title><![CDATA[The Gilded Chain (The King's Blades, #1)]]></title>
<title_without_series>The Gilded Chain</title_without_series>
<link><![CDATA[https://www.goodreads.com/book/show/57687.The_Gilded_Chain]]></link>
<small_image_url><![CDATA[https://s.gr-assets.com/assets/nophoto/book/50x75-a91bf249278a81aabab721ef782c4a74.png]]></small_image_url>
<image_url><![CDATA[https://s.gr-assets.com/assets/nophoto/book/111x148-bcc042a9c91a29c1d680899eff700a03.png]]></image_url>
<num_pages>418</num_pages>
<work>
<id>56199</id>
</work>
<isbn>0380791269</isbn>
<isbn13>9780380791262</isbn13>
<average_rating>3.89</average_rating>
<ratings_count>2795</ratings_count>
<publication_year>1999</publication_year>
<publication_month>9</publication_month>
<publication_day>1</publication_day>
<authors>
<author>
<id>30279</id>
<name>Dave Duncan</name>
<link><![CDATA[https://www.goodreads.com/author/show/30279.Dave_Duncan]]></link>
</author>
</authors>
</book>

          <book>
<id>671560</id>
<title><![CDATA[The Bone Doll's Twin (The Tamír Triad, #1)]]></title>
<title_without_series>The Bone Doll&apos;s Twin</title_without_series>
<link><![CDATA[https://www.goodreads.com/book/show/671560.The_Bone_Doll_s_Twin]]></link>
<small_image_url><![CDATA[https://images.gr-assets.com/books/1403189779s/671560.jpg]]></small_image_url>
<image_url><![CDATA[https://images.gr-assets.com/books/1403189779m/671560.jpg]]></image_url>
<num_pages>524</num_pages>
<work>
<id>71863</id>
</work>
<isbn>0553577239</isbn>
<isbn13>9780553577235</isbn13>
<average_rating>4.05</average_rating>
<ratings_count>10255</ratings_count>
<publication_year>2009</publication_year>
<publication_month>10</publication_month>
<publication_day>21</publication_day>
<authors>
<author>
<id>42110</id>
<name>Lynn Flewelling</name>
<link><![CDATA[https://www.goodreads.com/author/show/42110.Lynn_Flewelling]]></link>
</author>
</authors>
</book>

          <book>
<id>463024</id>
<title>The Wood Wife</title>
<title_without_series>The Wood Wife</title_without_series>
<link><![CDATA[https://www.goodreads.com/book/show/463024.The_Wood_Wife]]></link>
<small_image_url><![CDATA[https://images.gr-assets.com/books/1312049409s/463024.jpg]]></small_image_url>
<image_url><![CDATA[https://images.gr-assets.com/books/1312049409m/463024.jpg]]></image_url>
<num_pages></num_pages>
<work>
<id>1856525</id>
</work>
<isbn>0765302934</isbn>
<isbn13>9780765302939</isbn13>
<average_rating>4.19</average_rating>
<ratings_count>2729</ratings_count>
<publication_year></publication_year>
<publication_month></publication_month>
<publication_day></publication_day>
<authors>
<author>
<id>46137</id>
<name>Terri Windling</name>
<link><![CDATA[https://www.goodreads.com/author/show/46137.Terri_Windling]]></link>
</author>
</authors>
</book>

          <book>
<id>185289</id>
<title><![CDATA[Dragon Prince (Dragon Prince, #1)]]></title>
<title_without_series>Dragon Prince</title_without_series>
<link><![CDATA[https://www.goodreads.com/book/show/185289.Dragon_Prince]]></link>
<small_image_url><![CDATA[https://images.gr-assets.com/books/1309210730s/185289.jpg]]></small_image_url>
<image_url><![CDATA[https://images.gr-assets.com/books/1309210730m/185289.jpg]]></image_url>
<num_pages>576</num_pages>
<work>
<id>1298638</id>
</work>
<isbn>0756403014</isbn>
<isbn13>9780756403010</isbn13>
<average_rating>3.94</average_rating>
<ratings_count>13419</ratings_count>
<publication_year>2005</publication_year>
<publication_month>6</publication_month>
<publication_day>7</publication_day>
<authors>
<author>
<id>8661</id>
<name>Melanie Rawn</name>
<link><![CDATA[https://www.goodreads.com/author/show/8661.Melanie_Rawn]]></link>
</author>
</authors>
</book>

          <book>
<id>280705</id>
<title><![CDATA[Celtika (The Merlin Codex, #1)]]></title>
<title_without_series>Celtika</title_without_series>
<link><![CDATA[https://www.goodreads.com/book/show/280705.Celtika]]></link>
<small_image_url><![CDATA[https://images.gr-assets.com/books/1312046720s/280705.jpg]]></small_image_url>
<image_url><![CDATA[https://images.gr-assets.com/books/1312046720m/280705.jpg]]></image_url>
<num_pages>384</num_pages>
<work>
<id>559138</id>
</work>
<isbn>0765349043</isbn>
<isbn13>9780765349040</isbn13>
<average_rating>3.63</average_rating>
<ratings_count>665</ratings_count>
<publication_year>2004</publication_year>
<publication_month>1</publication_month>
<publication_day>5</publication_day>
<authors>
<author>
<id>72538</id>
<name>Robert Holdstock</name>
<link><![CDATA[https://www.goodreads.com/author/show/72538.Robert_Holdstock]]></link>
</author>
</authors>
</book>

  </similar_books>
</book>

</GoodreadsResponse>