<?xml version="1.0" encoding="UTF-8"?>
<GoodreadsResponse>
  <Request>
    <authentication>true</authentication>
      <key><![CDATA[all_men_must_serve]]></key>
    <method><![CDATA[book_show]]></method>
  </Request>
  <book>
  <id>10402992</id>
  <title><![CDATA[New York to Dallas (In Death, #33)]]></title>
  <isbn><![CDATA[1441836314]]></isbn>
  <isbn13><![CDATA[9781441836311]]></isbn13>
  <asin><![CDATA[]]></asin>
  <kindle_asin><![CDATA[B005J6SD9U]]></kindle_asin>
  <marketplace_id><![CDATA[A1F83G8C2ARO7P]]></marketplace_id>
  <country_code><![CDATA[GB]]></country_code>
  <image_url>https://s.gr-assets.com/assets/nophoto/book/111x148-bcc042a9c91a29c1d680899eff700a03.png</image_url>
  <small_image_url>https://s.gr-assets.com/assets/nophoto/book/50x75-a91bf249278a81aabab721ef782c4a74.png</small_image_url>
  <publication_year>2011</publication_year>
  <publication_month>9</publication_month>
  <publication_day>13</publication_day>
  <publisher>Brilliance Audio</publisher>
  <language_code>eng</language_code>
  <is_ebook>false</is_ebook>
  <description><![CDATA[Twelve years ago, Eve Dallas was just a rookie NY cop when her instincts led her to the apartment of Isaac McQueen, a man she discovered to be a sick murderer and pedophile, who was keeping young girls in cages. Now a homicide Lieutenant, Eve is one of the most distinguished officers in the city—and then she learns that McQueen has escaped from jail. Bent on revenge against Eve and with a need to punish more "bad girls" McQueen heads to Dallas, Texas—the place where Eve was found as a child, the place where she killed her own abusive monster when she was only eight years old. With Eve and Roarke in pursuit of McQueen, everything is on the line and secrets from Eve's past are about to be shockingly revealed.<br /><br /><i>An unabridged recording on 12 CDs (13 hours, 54 minutes).</i>]]></description>
  <work>
  <id type="integer">14854113</id>
  <books_count type="integer">37</books_count>
  <best_book_id type="integer">10402992</best_book_id>
  <reviews_count type="integer">31902</reviews_count>
  <ratings_sum type="integer">93122</ratings_sum>
  <ratings_count type="integer">21064</ratings_count>
  <text_reviews_count type="integer">1295</text_reviews_count>
  <original_publication_year type="integer">2011</original_publication_year>
  <original_publication_month type="integer" nil="true"/>
  <original_publication_day type="integer" nil="true"/>
  <original_title>New York to Dallas</original_title>
  <original_language_id type="integer" nil="true"/>
  <media_type>book</media_type>
  <rating_dist>5:11988|4:6491|3:2152|2:329|1:104|total:21064</rating_dist>
  <desc_user_id type="integer">3078995</desc_user_id>
  <default_chaptering_book_id type="integer" nil="true"/>
  <default_description_language_code nil="true"/>
</work>
  <average_rating>4.42</average_rating>
  <num_pages><![CDATA[14]]></num_pages>
  <format><![CDATA[Audio CD]]></format>
  <edition_information><![CDATA[Unabridged]]></edition_information>
  <ratings_count><![CDATA[17117]]></ratings_count>
  <text_reviews_count><![CDATA[901]]></text_reviews_count>
  <url><![CDATA[https://www.goodreads.com/book/show/10402992-new-york-to-dallas]]></url>
  <link><![CDATA[https://www.goodreads.com/book/show/10402992-new-york-to-dallas]]></link>
  <authors>
<author>
<id>17065</id>
<name>J.D. Robb</name>
<role></role>
<image_url nophoto='false'>
<![CDATA[https://images.gr-assets.com/authors/1481138127p5/17065.jpg]]>
</image_url>
<small_image_url nophoto='false'>
<![CDATA[https://images.gr-assets.com/authors/1481138127p2/17065.jpg]]>
</small_image_url>
<link><![CDATA[https://www.goodreads.com/author/show/17065.J_D_Robb]]></link>
<average_rating>4.28</average_rating>
<ratings_count>1191347</ratings_count>
<text_reviews_count>48001</text_reviews_count>
</author>
<author>
<id>717304</id>
<name>Susan Ericksen</name>
<role>Narrator</role>
<image_url nophoto='false'>
<![CDATA[https://images.gr-assets.com/authors/1297816994p5/717304.jpg]]>
</image_url>
<small_image_url nophoto='false'>
<![CDATA[https://images.gr-assets.com/authors/1297816994p2/717304.jpg]]>
</small_image_url>
<link><![CDATA[https://www.goodreads.com/author/show/717304.Susan_Ericksen]]></link>
<average_rating>4.27</average_rating>
<ratings_count>120574</ratings_count>
<text_reviews_count>6051</text_reviews_count>
</author>
</authors>

    <reviews_widget>
      <![CDATA[
        <style>
  #goodreads-widget {
    font-family: georgia, serif;
    padding: 18px 0;
    width:565px;
  }
  #goodreads-widget h1 {
    font-weight:normal;
    font-size: 16px;
    border-bottom: 1px solid #BBB596;
    margin-bottom: 0;
  }
  #goodreads-widget a {
    text-decoration: none;
    color:#660;
  }
  iframe{
    background-color: #fff;
  }
  #goodreads-widget a:hover { text-decoration: underline; }
  #goodreads-widget a:active {
    color:#660;
  }
  #gr_footer {
    width: 100%;
    border-top: 1px solid #BBB596;
    text-align: right;
  }
  #goodreads-widget .gr_branding{
    color: #382110;
    font-size: 11px;
    text-decoration: none;
    font-family: "Helvetica Neue", Helvetica, Arial, sans-serif;
  }
</style>
<div id="goodreads-widget">
  <div id="gr_header"><h1><a rel="nofollow" href="https://www.goodreads.com/book/show/10402992-new-york-to-dallas">New York to Dallas Reviews</a></h1></div>
  <iframe id="the_iframe" src="https://www.goodreads.com/api/reviews_widget_iframe?did=DEVELOPER_ID&amp;format=html&amp;isbn=1441836314&amp;links=660&amp;min_rating=&amp;review_back=fff&amp;stars=000&amp;text=000" width="565" height="400" frameborder="0"></iframe>
  <div id="gr_footer">
    <a class="gr_branding" target="_blank" rel="nofollow" href="https://www.goodreads.com/book/show/10402992-new-york-to-dallas?utm_medium=api&amp;utm_source=reviews_widget">Reviews from Goodreads.com</a>
  </div>
</div>

      ]]>
    </reviews_widget>
  <popular_shelves>
      <shelf name="to-read" count="3629"/>
      <shelf name="mystery" count="296"/>
      <shelf name="currently-reading" count="172"/>
      <shelf name="j-d-robb" count="170"/>
      <shelf name="jd-robb" count="144"/>
      <shelf name="romance" count="142"/>
      <shelf name="in-death" count="104"/>
      <shelf name="in-death-series" count="101"/>
      <shelf name="favorites" count="85"/>
      <shelf name="crime" count="73"/>
      <shelf name="fiction" count="71"/>
      <shelf name="romantic-suspense" count="69"/>
      <shelf name="series" count="68"/>
      <shelf name="default" count="63"/>
      <shelf name="futuristic" count="57"/>
      <shelf name="audiobook" count="52"/>
      <shelf name="suspense" count="47"/>
      <shelf name="owned" count="46"/>
      <shelf name="science-fiction" count="46"/>
      <shelf name="books-i-own" count="43"/>
      <shelf name="nora-roberts" count="39"/>
      <shelf name="sci-fi" count="38"/>
      <shelf name="thriller" count="35"/>
      <shelf name="audio" count="34"/>
      <shelf name="kindle" count="27"/>
      <shelf name="eve-dallas" count="25"/>
      <shelf name="audible" count="25"/>
      <shelf name="ebooks" count="25"/>
      <shelf name="audio-books" count="24"/>
      <shelf name="robb" count="23"/>
      <shelf name="robb-j-d" count="22"/>
      <shelf name="robb-jd" count="21"/>
      <shelf name="audiobooks" count="21"/>
      <shelf name="adult" count="20"/>
      <shelf name="mystery-thriller" count="20"/>
      <shelf name="audio-book" count="17"/>
      <shelf name="fantasy" count="16"/>
      <shelf name="future" count="16"/>
      <shelf name="mysteries" count="16"/>
      <shelf name="library" count="15"/>
      <shelf name="murder-mystery" count="15"/>
      <shelf name="crime-fiction" count="15"/>
      <shelf name="mystery-suspense" count="15"/>
      <shelf name="read-in-2013" count="14"/>
      <shelf name="have" count="14"/>
      <shelf name="favorite-series" count="13"/>
      <shelf name="my-books" count="13"/>
      <shelf name="re-read" count="13"/>
      <shelf name="law-enforcement" count="13"/>
      <shelf name="ebook" count="12"/>
      <shelf name="i-own" count="12"/>
      <shelf name="5-stars" count="12"/>
      <shelf name="e-book" count="12"/>
      <shelf name="murder" count="11"/>
      <shelf name="to-buy" count="11"/>
      <shelf name="nora-roberts-jd-robb" count="10"/>
      <shelf name="favourites" count="10"/>
      <shelf name="nora" count="10"/>
      <shelf name="crime-thriller" count="10"/>
      <shelf name="adult-fiction" count="10"/>
      <shelf name="reread" count="9"/>
      <shelf name="contemporary-romance" count="9"/>
      <shelf name="crime-mystery" count="9"/>
      <shelf name="owned-books" count="9"/>
      <shelf name="e-books" count="9"/>
      <shelf name="read-2014" count="8"/>
      <shelf name="read-in-2014" count="8"/>
      <shelf name="death" count="8"/>
      <shelf name="re-reads" count="8"/>
      <shelf name="need-to-buy" count="8"/>
      <shelf name="detective" count="8"/>
      <shelf name="cop" count="8"/>
      <shelf name="kick-ass-heroine" count="8"/>
      <shelf name="4-stars" count="8"/>
      <shelf name="read-more-than-once" count="8"/>
      <shelf name="action" count="8"/>
      <shelf name="listened-to" count="8"/>
      <shelf name="drama" count="8"/>
      <shelf name="shelfari-favorites" count="7"/>
      <shelf name="read-in-2015" count="7"/>
      <shelf name="my-library" count="7"/>
      <shelf name="eve-and-roarke" count="7"/>
      <shelf name="paperback" count="7"/>
      <shelf name="mystery-crime" count="7"/>
      <shelf name="borrowed" count="7"/>
      <shelf name="books" count="7"/>
      <shelf name="mystery-thriller-suspense" count="7"/>
      <shelf name="m-f" count="7"/>
      <shelf name="police-procedural" count="6"/>
      <shelf name="read-in-2016" count="6"/>
      <shelf name="read-2013" count="6"/>
      <shelf name="scifi" count="6"/>
      <shelf name="detective-mystery" count="6"/>
      <shelf name="j-d-robb-nora-roberts" count="6"/>
      <shelf name="suspense-romance" count="6"/>
      <shelf name="listened" count="6"/>
      <shelf name="library-books" count="6"/>
      <shelf name="series-to-finish" count="6"/>
      <shelf name="paranormal" count="6"/>
      <shelf name="reviewed" count="6"/>
  </popular_shelves>
  <book_links>
    <book_link>
  <id>8</id>
  <name>Libraries</name>
  <link>https://www.goodreads.com/book_link/follow/8</link>
</book_link>

  </book_links>
  <buy_links>
    <buy_link>
<id>1</id>
<name>Amazon</name>
<link>https://www.goodreads.com/book_link/follow/1</link>
</buy_link>
<buy_link>
<id>10</id>
<name>Audible</name>
<link>https://www.goodreads.com/book_link/follow/10</link>
</buy_link>
<buy_link>
<id>3</id>
<name>Barnes &amp; Noble</name>
<link>https://www.goodreads.com/book_link/follow/3</link>
</buy_link>
<buy_link>
<id>1027</id>
<name>Kobo</name>
<link>https://www.goodreads.com/book_link/follow/1027</link>
</buy_link>
<buy_link>
<id>2102</id>
<name>Apple iBooks</name>
<link>https://www.goodreads.com/book_link/follow/2102</link>
</buy_link>
<buy_link>
<id>8036</id>
<name>Google Play</name>
<link>https://www.goodreads.com/book_link/follow/8036</link>
</buy_link>
<buy_link>
<id>4</id>
<name>Abebooks</name>
<link>https://www.goodreads.com/book_link/follow/4</link>
</buy_link>
<buy_link>
<id>882</id>
<name>Book Depository</name>
<link>https://www.goodreads.com/book_link/follow/882</link>
</buy_link>
<buy_link>
<id>9</id>
<name>Indigo</name>
<link>https://www.goodreads.com/book_link/follow/9</link>
</buy_link>
<buy_link>
<id>2</id>
<name>Half.com</name>
<link>https://www.goodreads.com/book_link/follow/2</link>
</buy_link>
<buy_link>
<id>5</id>
<name>Alibris</name>
<link>https://www.goodreads.com/book_link/follow/5</link>
</buy_link>
<buy_link>
<id>107</id>
<name>Better World Books</name>
<link>https://www.goodreads.com/book_link/follow/107</link>
</buy_link>
<buy_link>
<id>7</id>
<name>IndieBound</name>
<link>https://www.goodreads.com/book_link/follow/7</link>
</buy_link>

  </buy_links>
  <series_works>
    <series_work>
<id>221285</id>
<user_position>33</user_position>
<series>
<id>41029</id>
<title>
<![CDATA[
    In Death
]]>
</title>
<description>
<![CDATA[
    The …in Death series, written by Nora Roberts under her pseudonym J.D. Robb, features NYPSD ("New York City Police and Security Department") Lieutenant Eve Dallas and her husband Roarke and is set in a mid-21st century New York City. The stories also regularly feature other characters, including Captain Ryan Feeney, Detective Delia Peabody, Detective Ian McNab and Dr. Charlotte Mira.
    
    The series is ongoing and will go on as long as Roberts desires to write it; however, she has famously stated that the series will never contain one of Eve and Roarke's children, as the series will end with Eve's eventual pregnancy—which is nowhere in sight at the current count.
    
    Please note: Each book in this series is a whole story with a beginning and an ending, however there may be minor references to events that occurred earlier in the series. Therefore, with respect to the mystery alone, the books can be read out of order, if desired. However, like any long series that focuses on a core group of characters, there are various relationship changes that develop more naturally when the full length novels are read in the order in which they were published.
    
    http://www.indeath.net/wikiindeath/index.php/Main_Page - includes spoilers
    
    Eternity in Death (#24.5) was published between Innocent in Death (#24) & Creation in Death (#25). Though Creation in Death & Strangers in Death (#26) are set in March 2060 and Eternity in Death in April 2060.
]]>
</description>
<note>
<![CDATA[
    PLEASE leave omnibuses and anthologies at the end, not mixed in! 
    -Goodreads team
]]>
</note>
<series_works_count>115</series_works_count>
<primary_work_count>46</primary_work_count>
<numbered>true</numbered>
</series>

</series_work>

  </series_works>
  <similar_books>
          <book>
<id>369778</id>
<title><![CDATA[Remember When (In Death, #17.5)]]></title>
<title_without_series>Remember When</title_without_series>
<link><![CDATA[https://www.goodreads.com/book/show/369778.Remember_When]]></link>
<small_image_url><![CDATA[https://s.gr-assets.com/assets/nophoto/book/50x75-a91bf249278a81aabab721ef782c4a74.png]]></small_image_url>
<image_url><![CDATA[https://s.gr-assets.com/assets/nophoto/book/111x148-bcc042a9c91a29c1d680899eff700a03.png]]></image_url>
<num_pages>440</num_pages>
<work>
<id>1615729</id>
</work>
<isbn>0399151060</isbn>
<isbn13>9780399151064</isbn13>
<average_rating>4.17</average_rating>
<ratings_count>17947</ratings_count>
<publication_year></publication_year>
<publication_month></publication_month>
<publication_day></publication_day>
<authors>
<author>
<id>17065</id>
<name>J.D. Robb</name>
<link><![CDATA[https://www.goodreads.com/author/show/17065.J_D_Robb]]></link>
</author>
</authors>
</book>

          <book>
<id>1274723</id>
<title><![CDATA[A Touch of Minx (Samantha Jellicoe, #5)]]></title>
<title_without_series>A Touch of Minx</title_without_series>
<link><![CDATA[https://www.goodreads.com/book/show/1274723.A_Touch_of_Minx]]></link>
<small_image_url><![CDATA[https://images.gr-assets.com/books/1402195014s/1274723.jpg]]></small_image_url>
<image_url><![CDATA[https://images.gr-assets.com/books/1402195014m/1274723.jpg]]></image_url>
<num_pages>384</num_pages>
<work>
<id>1263689</id>
</work>
<isbn>0060875232</isbn>
<isbn13>9780060875237</isbn13>
<average_rating>4.12</average_rating>
<ratings_count>1385</ratings_count>
<publication_year>2007</publication_year>
<publication_month>9</publication_month>
<publication_day>25</publication_day>
<authors>
<author>
<id>23294</id>
<name>Suzanne Enoch</name>
<link><![CDATA[https://www.goodreads.com/author/show/23294.Suzanne_Enoch]]></link>
</author>
</authors>
</book>

          <book>
<id>8998906</id>
<title><![CDATA[Quicksilver (Arcane Society, #11; Looking Glass Trilogy #2)]]></title>
<title_without_series>Quicksilver</title_without_series>
<link><![CDATA[https://www.goodreads.com/book/show/8998906-quicksilver]]></link>
<small_image_url><![CDATA[https://images.gr-assets.com/books/1293756328s/8998906.jpg]]></small_image_url>
<image_url><![CDATA[https://images.gr-assets.com/books/1293756328m/8998906.jpg]]></image_url>
<num_pages>356</num_pages>
<work>
<id>13876185</id>
</work>
<isbn>1441825584</isbn>
<isbn13>9781441825582</isbn13>
<average_rating>4.05</average_rating>
<ratings_count>7178</ratings_count>
<publication_year>2011</publication_year>
<publication_month>4</publication_month>
<publication_day>19</publication_day>
<authors>
<author>
<id>42211</id>
<name>Amanda Quick</name>
<link><![CDATA[https://www.goodreads.com/author/show/42211.Amanda_Quick]]></link>
</author>
</authors>
</book>

          <book>
<id>8331368</id>
<title><![CDATA[In Too Deep (Arcane Society, #10; Looking Glass Trilogy, #1)]]></title>
<title_without_series>In Too Deep</title_without_series>
<link><![CDATA[https://www.goodreads.com/book/show/8331368-in-too-deep]]></link>
<small_image_url><![CDATA[https://images.gr-assets.com/books/1328010767s/8331368.jpg]]></small_image_url>
<image_url><![CDATA[https://images.gr-assets.com/books/1328010767m/8331368.jpg]]></image_url>
<num_pages>324</num_pages>
<work>
<id>13181406</id>
</work>
<isbn>0749952768</isbn>
<isbn13>9780749952761</isbn13>
<average_rating>4.01</average_rating>
<ratings_count>7066</ratings_count>
<publication_year>2011</publication_year>
<publication_month>1</publication_month>
<publication_day>1</publication_day>
<authors>
<author>
<id>2387</id>
<name>Jayne Ann Krentz</name>
<link><![CDATA[https://www.goodreads.com/author/show/2387.Jayne_Ann_Krentz]]></link>
</author>
</authors>
</book>

          <book>
<id>10273328</id>
<title><![CDATA[Canyons of Night (Rainshadow, #0; Ghost Hunters, #8; Looking Glass Trilogy, #3; Arcane Society, #12)]]></title>
<title_without_series>Canyons of Night</title_without_series>
<link><![CDATA[https://www.goodreads.com/book/show/10273328-canyons-of-night]]></link>
<small_image_url><![CDATA[https://images.gr-assets.com/books/1327203751s/10273328.jpg]]></small_image_url>
<image_url><![CDATA[https://images.gr-assets.com/books/1327203751m/10273328.jpg]]></image_url>
<num_pages>325</num_pages>
<work>
<id>15173853</id>
</work>
<isbn>0749956070</isbn>
<isbn13>9780749956073</isbn13>
<average_rating>4.04</average_rating>
<ratings_count>5847</ratings_count>
<publication_year>2011</publication_year>
<publication_month>8</publication_month>
<publication_day>30</publication_day>
<authors>
<author>
<id>8840</id>
<name>Jayne Castle</name>
<link><![CDATA[https://www.goodreads.com/author/show/8840.Jayne_Castle]]></link>
</author>
</authors>
</book>

          <book>
<id>3711152</id>
<title>Naked Edge (I-Team, #4)</title>
<title_without_series>Naked Edge</title_without_series>
<link><![CDATA[https://www.goodreads.com/book/show/3711152-naked-edge]]></link>
<small_image_url><![CDATA[https://s.gr-assets.com/assets/nophoto/book/50x75-a91bf249278a81aabab721ef782c4a74.png]]></small_image_url>
<image_url><![CDATA[https://s.gr-assets.com/assets/nophoto/book/111x148-bcc042a9c91a29c1d680899eff700a03.png]]></image_url>
<num_pages>361</num_pages>
<work>
<id>3754717</id>
</work>
<isbn>0425219763</isbn>
<isbn13>9780425219768</isbn13>
<average_rating>4.19</average_rating>
<ratings_count>6748</ratings_count>
<publication_year>2010</publication_year>
<publication_month>3</publication_month>
<publication_day>2</publication_day>
<authors>
<author>
<id>92650</id>
<name>Pamela Clare</name>
<link><![CDATA[https://www.goodreads.com/author/show/92650.Pamela_Clare]]></link>
</author>
</authors>
</book>

          <book>
<id>154041</id>
<title><![CDATA[Hot Target (Troubleshooters, #8)]]></title>
<title_without_series>Hot Target</title_without_series>
<link><![CDATA[https://www.goodreads.com/book/show/154041.Hot_Target]]></link>
<small_image_url><![CDATA[https://images.gr-assets.com/books/1370731066s/154041.jpg]]></small_image_url>
<image_url><![CDATA[https://images.gr-assets.com/books/1370731066m/154041.jpg]]></image_url>
<num_pages></num_pages>
<work>
<id>2943776</id>
</work>
<isbn>0345456955</isbn>
<isbn13>9780345456953</isbn13>
<average_rating>4.25</average_rating>
<ratings_count>6495</ratings_count>
<publication_year></publication_year>
<publication_month></publication_month>
<publication_day></publication_day>
<authors>
<author>
<id>32638</id>
<name>Suzanne Brockmann</name>
<link><![CDATA[https://www.goodreads.com/author/show/32638.Suzanne_Brockmann]]></link>
</author>
</authors>
</book>

          <book>
<id>3062835</id>
<title>Only Survivors Tell Tales</title>
<title_without_series>Only Survivors Tell Tales</title_without_series>
<link><![CDATA[https://www.goodreads.com/book/show/3062835-only-survivors-tell-tales]]></link>
<small_image_url><![CDATA[https://images.gr-assets.com/books/1488868426s/3062835.jpg]]></small_image_url>
<image_url><![CDATA[https://images.gr-assets.com/books/1488868426m/3062835.jpg]]></image_url>
<num_pages>167</num_pages>
<work>
<id>3093741</id>
</work>
<isbn>0533089034</isbn>
<isbn13>9780533089031</isbn13>
<average_rating>4.57</average_rating>
<ratings_count>65</ratings_count>
<publication_year>1990</publication_year>
<publication_month>1</publication_month>
<publication_day>1</publication_day>
<authors>
<author>
<id>6432940</id>
<name>J.D.  Robb</name>
<link><![CDATA[https://www.goodreads.com/author/show/6432940.J_D_Robb]]></link>
</author>
</authors>
</book>

          <book>
<id>10000269</id>
<title>Prey</title>
<title_without_series>Prey</title_without_series>
<link><![CDATA[https://www.goodreads.com/book/show/10000269-prey]]></link>
<small_image_url><![CDATA[https://images.gr-assets.com/books/1333576631s/10000269.jpg]]></small_image_url>
<image_url><![CDATA[https://images.gr-assets.com/books/1333576631m/10000269.jpg]]></image_url>
<num_pages>12</num_pages>
<work>
<id>14895262</id>
</work>
<isbn>0307577651</isbn>
<isbn13>9780307577658</isbn13>
<average_rating>3.72</average_rating>
<ratings_count>7049</ratings_count>
<publication_year>2011</publication_year>
<publication_month>9</publication_month>
<publication_day>6</publication_day>
<authors>
<author>
<id>16961</id>
<name>Linda Howard</name>
<link><![CDATA[https://www.goodreads.com/author/show/16961.Linda_Howard]]></link>
</author>
</authors>
</book>

          <book>
<id>9840327</id>
<title><![CDATA[Secrets of Bella Terra (Scarlet Deception #1)]]></title>
<title_without_series>Secrets of Bella Terra</title_without_series>
<link><![CDATA[https://www.goodreads.com/book/show/9840327-secrets-of-bella-terra]]></link>
<small_image_url><![CDATA[https://images.gr-assets.com/books/1297379311s/9840327.jpg]]></small_image_url>
<image_url><![CDATA[https://images.gr-assets.com/books/1297379311m/9840327.jpg]]></image_url>
<num_pages>421</num_pages>
<work>
<id>14731106</id>
</work>
<isbn>0451413091</isbn>
<isbn13>9780451413093</isbn13>
<average_rating>3.85</average_rating>
<ratings_count>1878</ratings_count>
<publication_year></publication_year>
<publication_month></publication_month>
<publication_day></publication_day>
<authors>
<author>
<id>12695</id>
<name>Christina Dodd</name>
<link><![CDATA[https://www.goodreads.com/author/show/12695.Christina_Dodd]]></link>
</author>
</authors>
</book>

  </similar_books>
</book>

</GoodreadsResponse>