<?xml version="1.0" encoding="UTF-8"?>
<GoodreadsResponse>
  <Request>
    <authentication>true</authentication>
      <key><![CDATA[all_men_must_serve]]></key>
    <method><![CDATA[book_show]]></method>
  </Request>
  <book>
  <id>104101</id>
  <title>The Lions of Al-Rassan</title>
  <isbn><![CDATA[0060733497]]></isbn>
  <isbn13><![CDATA[9780060733490]]></isbn13>
  <asin><![CDATA[]]></asin>
  <kindle_asin><![CDATA[B005FX0XL8]]></kindle_asin>
  <marketplace_id><![CDATA[A1F83G8C2ARO7P]]></marketplace_id>
  <country_code><![CDATA[GB]]></country_code>
  <image_url>https://s.gr-assets.com/assets/nophoto/book/111x148-bcc042a9c91a29c1d680899eff700a03.png</image_url>
  <small_image_url>https://s.gr-assets.com/assets/nophoto/book/50x75-a91bf249278a81aabab721ef782c4a74.png</small_image_url>
  <publication_year>2005</publication_year>
  <publication_month>6</publication_month>
  <publication_day>28</publication_day>
  <publisher>Harper Voyager</publisher>
  <language_code>eng</language_code>
  <is_ebook>false</is_ebook>
  <description><![CDATA[The ruling Asharites of Al-Rassan have come from the desert sands, but over centuries, seduced by the sensuous pleasures of their new land, their stern piety has eroded. The Asharite empire has splintered into decadent city-states led by warring petty kings. King Almalik of Cartada is on the ascendancy, aided always by his friend and advisor, the notorious Ammar ibn Khairan — poet, diplomat, soldier — until a summer afternoon of savage brutality changes their relationship forever.<br /><br />Meanwhile, in the north, the conquered Jaddites' most celebrated — and feared — military leader, Rodrigo Belmonte, driven into exile, leads his mercenary company south.<br /><br />In the dangerous lands of Al-Rassan, these two men from different worlds meet and serve — for a time — the same master. Sharing their interwoven fate — and increasingly torn by her feelings — is Jehane, the accomplished court physician, whose own skills play an increasing role as Al-Rassan is swept to the brink of holy war, and beyond.<br /><br />Hauntingly evocative of medieval Spain, <b>The Lions of Al-Rassan</b> is both a brilliant adventure and a deeply compelling story of love, divided loyalties, and what happens to men and women when hardening beliefs begin to remake — or destroy — a world.]]></description>
  <work>
  <id type="integer">955081</id>
  <books_count type="integer">38</books_count>
  <best_book_id type="integer">104101</best_book_id>
  <reviews_count type="integer">29459</reviews_count>
  <ratings_sum type="integer">66396</ratings_sum>
  <ratings_count type="integer">15541</ratings_count>
  <text_reviews_count type="integer">993</text_reviews_count>
  <original_publication_year type="integer">1995</original_publication_year>
  <original_publication_month type="integer" nil="true"/>
  <original_publication_day type="integer" nil="true"/>
  <original_title>The Lions of Al-Rassan</original_title>
  <original_language_id type="integer" nil="true"/>
  <media_type>book</media_type>
  <rating_dist>5:7697|4:5160|3:2062|2:463|1:159|total:15541</rating_dist>
  <desc_user_id type="integer">42258616</desc_user_id>
  <default_chaptering_book_id type="integer" nil="true"/>
  <default_description_language_code nil="true"/>
</work>
  <average_rating>4.27</average_rating>
  <num_pages><![CDATA[528]]></num_pages>
  <format><![CDATA[Paperback]]></format>
  <edition_information><![CDATA[]]></edition_information>
  <ratings_count><![CDATA[13962]]></ratings_count>
  <text_reviews_count><![CDATA[772]]></text_reviews_count>
  <url><![CDATA[https://www.goodreads.com/book/show/104101.The_Lions_of_Al_Rassan]]></url>
  <link><![CDATA[https://www.goodreads.com/book/show/104101.The_Lions_of_Al_Rassan]]></link>
  <authors>
<author>
<id>60177</id>
<name>Guy Gavriel Kay</name>
<role></role>
<image_url nophoto='false'>
<![CDATA[https://images.gr-assets.com/authors/1218804723p5/60177.jpg]]>
</image_url>
<small_image_url nophoto='false'>
<![CDATA[https://images.gr-assets.com/authors/1218804723p2/60177.jpg]]>
</small_image_url>
<link><![CDATA[https://www.goodreads.com/author/show/60177.Guy_Gavriel_Kay]]></link>
<average_rating>4.11</average_rating>
<ratings_count>162107</ratings_count>
<text_reviews_count>9738</text_reviews_count>
</author>
</authors>

    <reviews_widget>
      <![CDATA[
        <style>
  #goodreads-widget {
    font-family: georgia, serif;
    padding: 18px 0;
    width:565px;
  }
  #goodreads-widget h1 {
    font-weight:normal;
    font-size: 16px;
    border-bottom: 1px solid #BBB596;
    margin-bottom: 0;
  }
  #goodreads-widget a {
    text-decoration: none;
    color:#660;
  }
  iframe{
    background-color: #fff;
  }
  #goodreads-widget a:hover { text-decoration: underline; }
  #goodreads-widget a:active {
    color:#660;
  }
  #gr_footer {
    width: 100%;
    border-top: 1px solid #BBB596;
    text-align: right;
  }
  #goodreads-widget .gr_branding{
    color: #382110;
    font-size: 11px;
    text-decoration: none;
    font-family: "Helvetica Neue", Helvetica, Arial, sans-serif;
  }
</style>
<div id="goodreads-widget">
  <div id="gr_header"><h1><a rel="nofollow" href="https://www.goodreads.com/book/show/104101.The_Lions_of_Al_Rassan">The Lions of Al-Rassan Reviews</a></h1></div>
  <iframe id="the_iframe" src="https://www.goodreads.com/api/reviews_widget_iframe?did=DEVELOPER_ID&amp;format=html&amp;isbn=0060733497&amp;links=660&amp;min_rating=&amp;review_back=fff&amp;stars=000&amp;text=000" width="565" height="400" frameborder="0"></iframe>
  <div id="gr_footer">
    <a class="gr_branding" target="_blank" rel="nofollow" href="https://www.goodreads.com/book/show/104101.The_Lions_of_Al_Rassan?utm_medium=api&amp;utm_source=reviews_widget">Reviews from Goodreads.com</a>
  </div>
</div>

      ]]>
    </reviews_widget>
  <popular_shelves>
      <shelf name="fantasy" count="731"/>
      <shelf name="to-read" count="642"/>
      <shelf name="favorites" count="173"/>
      <shelf name="historical-fiction" count="114"/>
      <shelf name="fiction" count="95"/>
      <shelf name="historical" count="90"/>
      <shelf name="epic-fantasy" count="51"/>
      <shelf name="owned" count="46"/>
      <shelf name="alternate-history" count="43"/>
      <shelf name="romance" count="40"/>
      <shelf name="favourites" count="38"/>
      <shelf name="historical-fantasy" count="35"/>
      <shelf name="history" count="30"/>
      <shelf name="fantasy-sci-fi" count="30"/>
      <shelf name="vaginal-fantasy" count="28"/>
      <shelf name="books-i-own" count="28"/>
      <shelf name="canadian" count="27"/>
      <shelf name="to-read-fantasy" count="25"/>
      <shelf name="book-club" count="24"/>
      <shelf name="adult" count="24"/>
      <shelf name="to-buy" count="24"/>
      <shelf name="currently-reading" count="23"/>
      <shelf name="fantasy-to-read" count="22"/>
      <shelf name="ebook" count="22"/>
      <shelf name="high-fantasy" count="21"/>
      <shelf name="abandoned" count="21"/>
      <shelf name="kindle" count="20"/>
      <shelf name="science-fiction-fantasy" count="19"/>
      <shelf name="audiobook" count="18"/>
      <shelf name="standalone" count="18"/>
      <shelf name="sff" count="18"/>
      <shelf name="guy-gavriel-kay" count="18"/>
      <shelf name="novels" count="17"/>
      <shelf name="speculative-fiction" count="17"/>
      <shelf name="adventure" count="16"/>
      <shelf name="maybe" count="15"/>
      <shelf name="war" count="15"/>
      <shelf name="epic" count="15"/>
      <shelf name="default" count="14"/>
      <shelf name="owned-books" count="14"/>
      <shelf name="religion" count="14"/>
      <shelf name="audiobooks" count="13"/>
      <shelf name="did-not-finish" count="13"/>
      <shelf name="scifi-fantasy" count="12"/>
      <shelf name="library" count="12"/>
      <shelf name="sf-fantasy" count="12"/>
      <shelf name="all-time-favorites" count="12"/>
      <shelf name="vf" count="11"/>
      <shelf name="read-in-2014" count="11"/>
      <shelf name="audible" count="11"/>
      <shelf name="1990s" count="11"/>
      <shelf name="science-fiction" count="11"/>
      <shelf name="unfinished" count="11"/>
      <shelf name="my-library" count="11"/>
      <shelf name="ebooks" count="11"/>
      <shelf name="wish-list" count="11"/>
      <shelf name="sf-f" count="11"/>
      <shelf name="canada" count="11"/>
      <shelf name="sci-fi-fantasy" count="10"/>
      <shelf name="e-book" count="10"/>
      <shelf name="fantasy-scifi" count="10"/>
      <shelf name="fantasy-historical" count="10"/>
      <shelf name="spain" count="10"/>
      <shelf name="vaginal-fantasy-book-club" count="9"/>
      <shelf name="fiction-fantasy" count="9"/>
      <shelf name="stand-alone" count="9"/>
      <shelf name="sf" count="9"/>
      <shelf name="reviewed" count="9"/>
      <shelf name="genre-fantasy" count="8"/>
      <shelf name="recommended" count="8"/>
      <shelf name="my-books" count="8"/>
      <shelf name="favorite-fantasy" count="8"/>
      <shelf name="politics" count="7"/>
      <shelf name="audio" count="7"/>
      <shelf name="europe" count="7"/>
      <shelf name="e-books" count="7"/>
      <shelf name="to-get" count="7"/>
      <shelf name="books" count="7"/>
      <shelf name="literature" count="7"/>
      <shelf name="own-it" count="7"/>
      <shelf name="faves" count="7"/>
      <shelf name="canadian-authors" count="7"/>
      <shelf name="shelfari-favorites" count="6"/>
      <shelf name="re-read" count="6"/>
      <shelf name="read-in-2015" count="6"/>
      <shelf name="read-2015" count="6"/>
      <shelf name="20th-century" count="6"/>
      <shelf name="fantasy-read" count="6"/>
      <shelf name="to-read-fiction" count="6"/>
      <shelf name="must-read" count="6"/>
      <shelf name="fantasy-epic" count="6"/>
      <shelf name="medieval" count="6"/>
      <shelf name="alternative-history" count="6"/>
      <shelf name="alternate" count="6"/>
      <shelf name="fantasy-fiction" count="6"/>
      <shelf name="sci-fi" count="6"/>
      <shelf name="fantasy-and-sci-fi" count="6"/>
      <shelf name="want-to-read" count="6"/>
      <shelf name="science-fiction-and-fantasy" count="6"/>
      <shelf name="fantasy-science-fiction" count="6"/>
  </popular_shelves>
  <book_links>
    <book_link>
  <id>8</id>
  <name>Libraries</name>
  <link>https://www.goodreads.com/book_link/follow/8</link>
</book_link>

  </book_links>
  <buy_links>
    <buy_link>
<id>1</id>
<name>Amazon</name>
<link>https://www.goodreads.com/book_link/follow/1</link>
</buy_link>
<buy_link>
<id>10</id>
<name>Audible</name>
<link>https://www.goodreads.com/book_link/follow/10</link>
</buy_link>
<buy_link>
<id>3</id>
<name>Barnes &amp; Noble</name>
<link>https://www.goodreads.com/book_link/follow/3</link>
</buy_link>
<buy_link>
<id>1027</id>
<name>Kobo</name>
<link>https://www.goodreads.com/book_link/follow/1027</link>
</buy_link>
<buy_link>
<id>2102</id>
<name>Apple iBooks</name>
<link>https://www.goodreads.com/book_link/follow/2102</link>
</buy_link>
<buy_link>
<id>8036</id>
<name>Google Play</name>
<link>https://www.goodreads.com/book_link/follow/8036</link>
</buy_link>
<buy_link>
<id>4</id>
<name>Abebooks</name>
<link>https://www.goodreads.com/book_link/follow/4</link>
</buy_link>
<buy_link>
<id>882</id>
<name>Book Depository</name>
<link>https://www.goodreads.com/book_link/follow/882</link>
</buy_link>
<buy_link>
<id>9</id>
<name>Indigo</name>
<link>https://www.goodreads.com/book_link/follow/9</link>
</buy_link>
<buy_link>
<id>2</id>
<name>Half.com</name>
<link>https://www.goodreads.com/book_link/follow/2</link>
</buy_link>
<buy_link>
<id>5</id>
<name>Alibris</name>
<link>https://www.goodreads.com/book_link/follow/5</link>
</buy_link>
<buy_link>
<id>107</id>
<name>Better World Books</name>
<link>https://www.goodreads.com/book_link/follow/107</link>
</buy_link>
<buy_link>
<id>7</id>
<name>IndieBound</name>
<link>https://www.goodreads.com/book_link/follow/7</link>
</buy_link>

  </buy_links>
  <series_works>
    
  </series_works>
  <similar_books>
          <book>
<id>8576098</id>
<title><![CDATA[A Demanda do Visionário (A Saga do Assassino #5)]]></title>
<title_without_series>A Demanda do Visionário</title_without_series>
<link><![CDATA[https://www.goodreads.com/book/show/8576098-a-demanda-do-vision-rio]]></link>
<small_image_url><![CDATA[https://s.gr-assets.com/assets/nophoto/book/50x75-a91bf249278a81aabab721ef782c4a74.png]]></small_image_url>
<image_url><![CDATA[https://s.gr-assets.com/assets/nophoto/book/111x148-bcc042a9c91a29c1d680899eff700a03.png]]></image_url>
<num_pages>476</num_pages>
<work>
<id>21886785</id>
</work>
<isbn></isbn>
<isbn13>9789896372385</isbn13>
<average_rating>4.22</average_rating>
<ratings_count>325</ratings_count>
<publication_year>2010</publication_year>
<publication_month>7</publication_month>
<publication_day>9</publication_day>
<authors>
<author>
<id>25307</id>
<name>Robin Hobb</name>
<link><![CDATA[https://www.goodreads.com/author/show/25307.Robin_Hobb]]></link>
</author>
</authors>
</book>

          <book>
<id>153220</id>
<title><![CDATA[The Broken Crown (The Sun Sword, #1)]]></title>
<title_without_series>The Broken Crown</title_without_series>
<link><![CDATA[https://www.goodreads.com/book/show/153220.The_Broken_Crown]]></link>
<small_image_url><![CDATA[https://s.gr-assets.com/assets/nophoto/book/50x75-a91bf249278a81aabab721ef782c4a74.png]]></small_image_url>
<image_url><![CDATA[https://s.gr-assets.com/assets/nophoto/book/111x148-bcc042a9c91a29c1d680899eff700a03.png]]></image_url>
<num_pages>764</num_pages>
<work>
<id>147902</id>
</work>
<isbn>0886777402</isbn>
<isbn13>9780886777401</isbn13>
<average_rating>3.91</average_rating>
<ratings_count>2489</ratings_count>
<publication_year>1997</publication_year>
<publication_month>7</publication_month>
<publication_day>1</publication_day>
<authors>
<author>
<id>6461009</id>
<name>Michelle West</name>
<link><![CDATA[https://www.goodreads.com/author/show/6461009.Michelle_West]]></link>
</author>
</authors>
</book>

          <book>
<id>2443516</id>
<title><![CDATA[An Autumn War (Long Price Quartet, #3)]]></title>
<title_without_series>An Autumn War</title_without_series>
<link><![CDATA[https://www.goodreads.com/book/show/2443516.An_Autumn_War]]></link>
<small_image_url><![CDATA[https://s.gr-assets.com/assets/nophoto/book/50x75-a91bf249278a81aabab721ef782c4a74.png]]></small_image_url>
<image_url><![CDATA[https://s.gr-assets.com/assets/nophoto/book/111x148-bcc042a9c91a29c1d680899eff700a03.png]]></image_url>
<num_pages>366</num_pages>
<work>
<id>2450710</id>
</work>
<isbn>0765313421</isbn>
<isbn13>9780765313423</isbn13>
<average_rating>4.01</average_rating>
<ratings_count>5071</ratings_count>
<publication_year></publication_year>
<publication_month></publication_month>
<publication_day></publication_day>
<authors>
<author>
<id>13557729</id>
<name>Daniel Abraham</name>
<link><![CDATA[https://www.goodreads.com/author/show/13557729.Daniel_Abraham]]></link>
</author>
</authors>
</book>

          <book>
<id>1961496</id>
<title>To Ride Hell’s Chasm</title>
<title_without_series>To Ride Hell’s Chasm</title_without_series>
<link><![CDATA[https://www.goodreads.com/book/show/1961496.To_Ride_Hell_s_Chasm]]></link>
<small_image_url><![CDATA[https://images.gr-assets.com/books/1328835847s/1961496.jpg]]></small_image_url>
<image_url><![CDATA[https://images.gr-assets.com/books/1328835847m/1961496.jpg]]></image_url>
<num_pages>681</num_pages>
<work>
<id>1964566</id>
</work>
<isbn>0007101112</isbn>
<isbn13>9780007101115</isbn13>
<average_rating>3.83</average_rating>
<ratings_count>1157</ratings_count>
<publication_year>2009</publication_year>
<publication_month>8</publication_month>
<publication_day>1</publication_day>
<authors>
<author>
<id>8591</id>
<name>Janny Wurts</name>
<link><![CDATA[https://www.goodreads.com/author/show/8591.Janny_Wurts]]></link>
</author>
</authors>
</book>

          <book>
<id>61886</id>
<title><![CDATA[The Curse of Chalion (World of the Five Gods, #1)]]></title>
<title_without_series>The Curse of Chalion</title_without_series>
<link><![CDATA[https://www.goodreads.com/book/show/61886.The_Curse_of_Chalion]]></link>
<small_image_url><![CDATA[https://images.gr-assets.com/books/1322571773s/61886.jpg]]></small_image_url>
<image_url><![CDATA[https://images.gr-assets.com/books/1322571773m/61886.jpg]]></image_url>
<num_pages>496</num_pages>
<work>
<id>1129349</id>
</work>
<isbn>0007133618</isbn>
<isbn13>9780007133611</isbn13>
<average_rating>4.16</average_rating>
<ratings_count>24161</ratings_count>
<publication_year>2003</publication_year>
<publication_month>2</publication_month>
<publication_day>3</publication_day>
<authors>
<author>
<id>16094</id>
<name>Lois McMaster Bujold</name>
<link><![CDATA[https://www.goodreads.com/author/show/16094.Lois_McMaster_Bujold]]></link>
</author>
</authors>
</book>

          <book>
<id>808670</id>
<title><![CDATA[Ash: A Secret History (Book of Ash, #1-4)]]></title>
<title_without_series>Ash: A Secret History</title_without_series>
<link><![CDATA[https://www.goodreads.com/book/show/808670.Ash]]></link>
<small_image_url><![CDATA[https://images.gr-assets.com/books/1446742748s/808670.jpg]]></small_image_url>
<image_url><![CDATA[https://images.gr-assets.com/books/1446742748m/808670.jpg]]></image_url>
<num_pages>1113</num_pages>
<work>
<id>13389889</id>
</work>
<isbn>1857987446</isbn>
<isbn13>9781857987447</isbn13>
<average_rating>4.10</average_rating>
<ratings_count>826</ratings_count>
<publication_year></publication_year>
<publication_month></publication_month>
<publication_day></publication_day>
<authors>
<author>
<id>58654</id>
<name>Mary Gentle</name>
<link><![CDATA[https://www.goodreads.com/author/show/58654.Mary_Gentle]]></link>
</author>
</authors>
</book>

          <book>
<id>13627169</id>
<title><![CDATA[Shattered Pillars (Eternal Sky, #2)]]></title>
<title_without_series>Shattered Pillars</title_without_series>
<link><![CDATA[https://www.goodreads.com/book/show/13627169-shattered-pillars]]></link>
<small_image_url><![CDATA[https://images.gr-assets.com/books/1340427694s/13627169.jpg]]></small_image_url>
<image_url><![CDATA[https://images.gr-assets.com/books/1340427694m/13627169.jpg]]></image_url>
<num_pages>334</num_pages>
<work>
<id>19232746</id>
</work>
<isbn>0765327554</isbn>
<isbn13>9780765327550</isbn13>
<average_rating>3.86</average_rating>
<ratings_count>1115</ratings_count>
<publication_year>2013</publication_year>
<publication_month>3</publication_month>
<publication_day>19</publication_day>
<authors>
<author>
<id>108173</id>
<name>Elizabeth Bear</name>
<link><![CDATA[https://www.goodreads.com/author/show/108173.Elizabeth_Bear]]></link>
</author>
</authors>
</book>

          <book>
<id>781124</id>
<title>Ombria in Shadow</title>
<title_without_series>Ombria in Shadow</title_without_series>
<link><![CDATA[https://www.goodreads.com/book/show/781124.Ombria_in_Shadow]]></link>
<small_image_url><![CDATA[https://images.gr-assets.com/books/1309201482s/781124.jpg]]></small_image_url>
<image_url><![CDATA[https://images.gr-assets.com/books/1309201482m/781124.jpg]]></image_url>
<num_pages>298</num_pages>
<work>
<id>767145</id>
</work>
<isbn>0441010164</isbn>
<isbn13>9780441010165</isbn13>
<average_rating>3.98</average_rating>
<ratings_count>3897</ratings_count>
<publication_year>2003</publication_year>
<publication_month>2</publication_month>
<publication_day>4</publication_day>
<authors>
<author>
<id>25</id>
<name>Patricia A. McKillip</name>
<link><![CDATA[https://www.goodreads.com/author/show/25.Patricia_A_McKillip]]></link>
</author>
</authors>
</book>

          <book>
<id>11774295</id>
<title><![CDATA[The Shadowed Sun (Dreamblood, #2)]]></title>
<title_without_series>The Shadowed Sun</title_without_series>
<link><![CDATA[https://www.goodreads.com/book/show/11774295-the-shadowed-sun]]></link>
<small_image_url><![CDATA[https://images.gr-assets.com/books/1331143933s/11774295.jpg]]></small_image_url>
<image_url><![CDATA[https://images.gr-assets.com/books/1331143933m/11774295.jpg]]></image_url>
<num_pages>492</num_pages>
<work>
<id>14757897</id>
</work>
<isbn>0356500772</isbn>
<isbn13>9780356500775</isbn13>
<average_rating>4.21</average_rating>
<ratings_count>3645</ratings_count>
<publication_year>2012</publication_year>
<publication_month>6</publication_month>
<publication_day>7</publication_day>
<authors>
<author>
<id>2917917</id>
<name>N.K. Jemisin</name>
<link><![CDATA[https://www.goodreads.com/author/show/2917917.N_K_Jemisin]]></link>
</author>
</authors>
</book>

          <book>
<id>257333</id>
<title>The Golden Key</title>
<title_without_series>The Golden Key</title_without_series>
<link><![CDATA[https://www.goodreads.com/book/show/257333.The_Golden_Key]]></link>
<small_image_url><![CDATA[https://images.gr-assets.com/books/1321263780s/257333.jpg]]></small_image_url>
<image_url><![CDATA[https://images.gr-assets.com/books/1321263780m/257333.jpg]]></image_url>
<num_pages>893</num_pages>
<work>
<id>16050</id>
</work>
<isbn>0886777461</isbn>
<isbn13>9780886777463</isbn13>
<average_rating>3.79</average_rating>
<ratings_count>3194</ratings_count>
<publication_year>1997</publication_year>
<publication_month>8</publication_month>
<publication_day>1</publication_day>
<authors>
<author>
<id>8661</id>
<name>Melanie Rawn</name>
<link><![CDATA[https://www.goodreads.com/author/show/8661.Melanie_Rawn]]></link>
</author>
</authors>
</book>

          <book>
<id>8144399</id>
<title><![CDATA[The Habitation of the Blessed (A Dirge for Prester John, #1)]]></title>
<title_without_series>The Habitation of the Blessed</title_without_series>
<link><![CDATA[https://www.goodreads.com/book/show/8144399-the-habitation-of-the-blessed]]></link>
<small_image_url><![CDATA[https://images.gr-assets.com/books/1283556269s/8144399.jpg]]></small_image_url>
<image_url><![CDATA[https://images.gr-assets.com/books/1283556269m/8144399.jpg]]></image_url>
<num_pages>269</num_pages>
<work>
<id>12942786</id>
</work>
<isbn>1597801992</isbn>
<isbn13>9781597801997</isbn13>
<average_rating>3.94</average_rating>
<ratings_count>850</ratings_count>
<publication_year>2010</publication_year>
<publication_month>11</publication_month>
<publication_day>1</publication_day>
<authors>
<author>
<id>338705</id>
<name>Catherynne M. Valente</name>
<link><![CDATA[https://www.goodreads.com/author/show/338705.Catherynne_M_Valente]]></link>
</author>
</authors>
</book>

          <book>
<id>671560</id>
<title><![CDATA[The Bone Doll's Twin (The Tamír Triad, #1)]]></title>
<title_without_series>The Bone Doll&apos;s Twin</title_without_series>
<link><![CDATA[https://www.goodreads.com/book/show/671560.The_Bone_Doll_s_Twin]]></link>
<small_image_url><![CDATA[https://images.gr-assets.com/books/1403189779s/671560.jpg]]></small_image_url>
<image_url><![CDATA[https://images.gr-assets.com/books/1403189779m/671560.jpg]]></image_url>
<num_pages>524</num_pages>
<work>
<id>71863</id>
</work>
<isbn>0553577239</isbn>
<isbn13>9780553577235</isbn13>
<average_rating>4.05</average_rating>
<ratings_count>10255</ratings_count>
<publication_year>2009</publication_year>
<publication_month>10</publication_month>
<publication_day>21</publication_day>
<authors>
<author>
<id>42110</id>
<name>Lynn Flewelling</name>
<link><![CDATA[https://www.goodreads.com/author/show/42110.Lynn_Flewelling]]></link>
</author>
</authors>
</book>

          <book>
<id>8420952</id>
<title><![CDATA[Hawkwood and the Kings (Monarchies of God, #1-2)]]></title>
<title_without_series>Hawkwood and the Kings</title_without_series>
<link><![CDATA[https://www.goodreads.com/book/show/8420952-hawkwood-and-the-kings]]></link>
<small_image_url><![CDATA[https://images.gr-assets.com/books/1276009756s/8420952.jpg]]></small_image_url>
<image_url><![CDATA[https://images.gr-assets.com/books/1276009756m/8420952.jpg]]></image_url>
<num_pages>700</num_pages>
<work>
<id>13283821</id>
</work>
<isbn>1906735700</isbn>
<isbn13>9781906735708</isbn13>
<average_rating>3.95</average_rating>
<ratings_count>957</ratings_count>
<publication_year>2010</publication_year>
<publication_month>8</publication_month>
<publication_day>1</publication_day>
<authors>
<author>
<id>387612</id>
<name>Paul Kearney</name>
<link><![CDATA[https://www.goodreads.com/author/show/387612.Paul_Kearney]]></link>
</author>
</authors>
</book>

          <book>
<id>112074</id>
<title><![CDATA[Checkmate (The Lymond Chronicles, #6)]]></title>
<title_without_series>Checkmate</title_without_series>
<link><![CDATA[https://www.goodreads.com/book/show/112074.Checkmate]]></link>
<small_image_url><![CDATA[https://images.gr-assets.com/books/1369492229s/112074.jpg]]></small_image_url>
<image_url><![CDATA[https://images.gr-assets.com/books/1369492229m/112074.jpg]]></image_url>
<num_pages>581</num_pages>
<work>
<id>5879157</id>
</work>
<isbn>0679777482</isbn>
<isbn13>9780679777489</isbn13>
<average_rating>4.71</average_rating>
<ratings_count>2750</ratings_count>
<publication_year>1997</publication_year>
<publication_month>9</publication_month>
<publication_day>2</publication_day>
<authors>
<author>
<id>8361</id>
<name>Dorothy Dunnett</name>
<link><![CDATA[https://www.goodreads.com/author/show/8361.Dorothy_Dunnett]]></link>
</author>
</authors>
</book>

          <book>
<id>15177</id>
<title><![CDATA[Bridge of Birds (The Chronicles of Master Li and Number Ten Ox, #1)]]></title>
<title_without_series>Bridge of Birds</title_without_series>
<link><![CDATA[https://www.goodreads.com/book/show/15177.Bridge_of_Birds]]></link>
<small_image_url><![CDATA[https://images.gr-assets.com/books/1327940289s/15177.jpg]]></small_image_url>
<image_url><![CDATA[https://images.gr-assets.com/books/1327940289m/15177.jpg]]></image_url>
<num_pages>278</num_pages>
<work>
<id>958087</id>
</work>
<isbn>0345321383</isbn>
<isbn13>9780345321381</isbn13>
<average_rating>4.30</average_rating>
<ratings_count>8190</ratings_count>
<publication_year>1985</publication_year>
<publication_month>4</publication_month>
<publication_day>12</publication_day>
<authors>
<author>
<id>9465</id>
<name>Barry Hughart</name>
<link><![CDATA[https://www.goodreads.com/author/show/9465.Barry_Hughart]]></link>
</author>
</authors>
</book>

          <book>
<id>321357</id>
<title><![CDATA[The Death of the Necromancer (Ile-Rien, #2)]]></title>
<title_without_series>The Death of the Necromancer</title_without_series>
<link><![CDATA[https://www.goodreads.com/book/show/321357.The_Death_of_the_Necromancer]]></link>
<small_image_url><![CDATA[https://images.gr-assets.com/books/1287846738s/321357.jpg]]></small_image_url>
<image_url><![CDATA[https://images.gr-assets.com/books/1287846738m/321357.jpg]]></image_url>
<num_pages>544</num_pages>
<work>
<id>2510225</id>
</work>
<isbn>0380788144</isbn>
<isbn13>9780380788149</isbn13>
<average_rating>4.06</average_rating>
<ratings_count>1800</ratings_count>
<publication_year>1999</publication_year>
<publication_month>7</publication_month>
<publication_day>1</publication_day>
<authors>
<author>
<id>87305</id>
<name>Martha Wells</name>
<link><![CDATA[https://www.goodreads.com/author/show/87305.Martha_Wells]]></link>
</author>
</authors>
</book>

  </similar_books>
</book>

</GoodreadsResponse>