<?xml version="1.0" encoding="UTF-8"?>
<GoodreadsResponse>
  <Request>
    <authentication>true</authentication>
      <key><![CDATA[all_men_must_serve]]></key>
    <method><![CDATA[book_show]]></method>
  </Request>
  <book>
  <id>10428708</id>
  <title><![CDATA[The Affair (Jack Reacher, #16)]]></title>
  <isbn><![CDATA[0593065700]]></isbn>
  <isbn13><![CDATA[9780593065709]]></isbn13>
  <asin><![CDATA[]]></asin>
  <kindle_asin><![CDATA[B005AVIZ6U]]></kindle_asin>
  <marketplace_id><![CDATA[A1F83G8C2ARO7P]]></marketplace_id>
  <country_code><![CDATA[GB]]></country_code>
  <image_url>https://images.gr-assets.com/books/1327982045m/10428708.jpg</image_url>
  <small_image_url>https://images.gr-assets.com/books/1327982045s/10428708.jpg</small_image_url>
  <publication_year>2011</publication_year>
  <publication_month>9</publication_month>
  <publication_day>29</publication_day>
  <publisher>Bantam Press</publisher>
  <language_code>eng</language_code>
  <is_ebook>false</is_ebook>
  <description><![CDATA[March 1997. A woman has her throat cut behind a bar in Carter Crossing, Mississippi. Just down the road is a big army base. Is the murderer a local guy - or is he a soldier?<br /><br />Jack Reacher, still a major in the military police, is sent in undercover. The county sheriff is a former US Marine - and a stunningly beautiful woman. Her investigation is going nowhere. Is the Pentagon stonewalling her? Or doesn't she really want to find the killer?<br /><br /><b>The adrenaline-pumping, high-voltage action in <i>The Affair</i> is set just six months before the opening of <i>Killing Floor</i>, and it marks a turning point in Reacher's career. If he does what the army wants, will he be able to live with himself? And if he doesn't, will the army be able to live with him?<br /><br />Is this his last case in uniform?</b>]]></description>
  <work>
  <id type="integer">15333117</id>
  <books_count type="integer">75</books_count>
  <best_book_id type="integer">10428708</best_book_id>
  <reviews_count type="integer">95328</reviews_count>
  <ratings_sum type="integer">232378</ratings_sum>
  <ratings_count type="integer">56488</ratings_count>
  <text_reviews_count type="integer">3275</text_reviews_count>
  <original_publication_year type="integer">2011</original_publication_year>
  <original_publication_month type="integer">9</original_publication_month>
  <original_publication_day type="integer">27</original_publication_day>
  <original_title>The Affair</original_title>
  <original_language_id type="integer" nil="true"/>
  <media_type>book</media_type>
  <rating_dist>5:20360|4:24311|3:10049|2:1419|1:349|total:56488</rating_dist>
  <desc_user_id type="integer">18844579</desc_user_id>
  <default_chaptering_book_id type="integer" nil="true"/>
  <default_description_language_code nil="true"/>
</work>
  <average_rating>4.11</average_rating>
  <num_pages><![CDATA[427]]></num_pages>
  <format><![CDATA[Hardcover]]></format>
  <edition_information><![CDATA[]]></edition_information>
  <ratings_count><![CDATA[44031]]></ratings_count>
  <text_reviews_count><![CDATA[2437]]></text_reviews_count>
  <url><![CDATA[https://www.goodreads.com/book/show/10428708-the-affair]]></url>
  <link><![CDATA[https://www.goodreads.com/book/show/10428708-the-affair]]></link>
  <authors>
<author>
<id>5091</id>
<name>Lee Child</name>
<role></role>
<image_url nophoto='false'>
<![CDATA[https://images.gr-assets.com/authors/1377708686p5/5091.jpg]]>
</image_url>
<small_image_url nophoto='false'>
<![CDATA[https://images.gr-assets.com/authors/1377708686p2/5091.jpg]]>
</small_image_url>
<link><![CDATA[https://www.goodreads.com/author/show/5091.Lee_Child]]></link>
<average_rating>4.06</average_rating>
<ratings_count>1329189</ratings_count>
<text_reviews_count>67922</text_reviews_count>
</author>
</authors>

    <reviews_widget>
      <![CDATA[
        <style>
  #goodreads-widget {
    font-family: georgia, serif;
    padding: 18px 0;
    width:565px;
  }
  #goodreads-widget h1 {
    font-weight:normal;
    font-size: 16px;
    border-bottom: 1px solid #BBB596;
    margin-bottom: 0;
  }
  #goodreads-widget a {
    text-decoration: none;
    color:#660;
  }
  iframe{
    background-color: #fff;
  }
  #goodreads-widget a:hover { text-decoration: underline; }
  #goodreads-widget a:active {
    color:#660;
  }
  #gr_footer {
    width: 100%;
    border-top: 1px solid #BBB596;
    text-align: right;
  }
  #goodreads-widget .gr_branding{
    color: #382110;
    font-size: 11px;
    text-decoration: none;
    font-family: "Helvetica Neue", Helvetica, Arial, sans-serif;
  }
</style>
<div id="goodreads-widget">
  <div id="gr_header"><h1><a rel="nofollow" href="https://www.goodreads.com/book/show/10428708-the-affair">The Affair Reviews</a></h1></div>
  <iframe id="the_iframe" src="https://www.goodreads.com/api/reviews_widget_iframe?did=DEVELOPER_ID&amp;format=html&amp;isbn=0593065700&amp;links=660&amp;min_rating=&amp;review_back=fff&amp;stars=000&amp;text=000" width="565" height="400" frameborder="0"></iframe>
  <div id="gr_footer">
    <a class="gr_branding" target="_blank" rel="nofollow" href="https://www.goodreads.com/book/show/10428708-the-affair?utm_medium=api&amp;utm_source=reviews_widget">Reviews from Goodreads.com</a>
  </div>
</div>

      ]]>
    </reviews_widget>
  <popular_shelves>
      <shelf name="to-read" count="16597"/>
      <shelf name="currently-reading" count="10840"/>
      <shelf name="lee-child" count="540"/>
      <shelf name="thriller" count="527"/>
      <shelf name="mystery" count="464"/>
      <shelf name="fiction" count="462"/>
      <shelf name="jack-reacher" count="394"/>
      <shelf name="crime" count="206"/>
      <shelf name="default" count="144"/>
      <shelf name="reacher" count="139"/>
      <shelf name="series" count="123"/>
      <shelf name="suspense" count="109"/>
      <shelf name="owned" count="98"/>
      <shelf name="action" count="98"/>
      <shelf name="child-lee" count="97"/>
      <shelf name="kindle" count="97"/>
      <shelf name="mystery-thriller" count="96"/>
      <shelf name="thrillers" count="95"/>
      <shelf name="audiobook" count="78"/>
      <shelf name="child" count="73"/>
      <shelf name="audio" count="69"/>
      <shelf name="library" count="62"/>
      <shelf name="ebook" count="54"/>
      <shelf name="books-i-own" count="48"/>
      <shelf name="favorites" count="48"/>
      <shelf name="my-ebooks" count="47"/>
      <shelf name="ebooks" count="47"/>
      <shelf name="military" count="45"/>
      <shelf name="mysteries" count="44"/>
      <shelf name="jack-reacher-series" count="44"/>
      <shelf name="action-adventure" count="43"/>
      <shelf name="adventure" count="43"/>
      <shelf name="mystery-suspense" count="43"/>
      <shelf name="detective" count="37"/>
      <shelf name="audio-books" count="36"/>
      <shelf name="audiobooks" count="36"/>
      <shelf name="crime-thriller" count="31"/>
      <shelf name="owned-books" count="30"/>
      <shelf name="read-in-2012" count="30"/>
      <shelf name="audible" count="29"/>
      <shelf name="audio-book" count="27"/>
      <shelf name="lee-childs" count="26"/>
      <shelf name="e-books" count="25"/>
      <shelf name="lee-child-jack-reacher" count="24"/>
      <shelf name="mystery-crime" count="24"/>
      <shelf name="crime-fiction" count="24"/>
      <shelf name="my-books" count="23"/>
      <shelf name="jack" count="22"/>
      <shelf name="read-2012" count="21"/>
      <shelf name="adult" count="21"/>
      <shelf name="adult-fiction" count="21"/>
      <shelf name="read-in-2011" count="21"/>
      <shelf name="action-thriller" count="20"/>
      <shelf name="suspense-thriller" count="20"/>
      <shelf name="wish-list" count="20"/>
      <shelf name="to-buy" count="19"/>
      <shelf name="read-in-2013" count="18"/>
      <shelf name="crime-mystery" count="18"/>
      <shelf name="mississippi" count="18"/>
      <shelf name="novels" count="17"/>
      <shelf name="calibre" count="17"/>
      <shelf name="library-book" count="16"/>
      <shelf name="e-book" count="16"/>
      <shelf name="read-2013" count="15"/>
      <shelf name="have" count="14"/>
      <shelf name="novel" count="14"/>
      <shelf name="my-library" count="13"/>
      <shelf name="listened-to" count="13"/>
      <shelf name="murder" count="13"/>
      <shelf name="murder-mystery" count="13"/>
      <shelf name="read-2011" count="13"/>
      <shelf name="i-own" count="12"/>
      <shelf name="library-books" count="12"/>
      <shelf name="favorite-authors" count="12"/>
      <shelf name="conspiracy-thriller" count="11"/>
      <shelf name="read-in-2015" count="11"/>
      <shelf name="thriller-suspense" count="11"/>
      <shelf name="reviewed" count="11"/>
      <shelf name="kindle-books" count="11"/>
      <shelf name="military-thriller" count="11"/>
      <shelf name="fiction-thriller" count="11"/>
      <shelf name="general-fiction" count="11"/>
      <shelf name="mystery-thrillers" count="11"/>
      <shelf name="read-in-2017" count="10"/>
      <shelf name="read-2016" count="10"/>
      <shelf name="read-in-2016" count="10"/>
      <shelf name="read-2015" count="10"/>
      <shelf name="part-of-a-series" count="10"/>
      <shelf name="2013-reads" count="10"/>
      <shelf name="thriller-mystery" count="10"/>
      <shelf name="books" count="10"/>
      <shelf name="nook" count="10"/>
      <shelf name="overdrive" count="10"/>
      <shelf name="borrowed" count="10"/>
      <shelf name="mysteries-thrillers" count="10"/>
      <shelf name="17-in-series" count="9"/>
      <shelf name="read-in-2014" count="9"/>
      <shelf name="english" count="9"/>
      <shelf name="detectives" count="9"/>
      <shelf name="romance" count="9"/>
  </popular_shelves>
  <book_links>
    <book_link>
  <id>8</id>
  <name>Libraries</name>
  <link>https://www.goodreads.com/book_link/follow/8</link>
</book_link>

  </book_links>
  <buy_links>
    <buy_link>
<id>1</id>
<name>Amazon</name>
<link>https://www.goodreads.com/book_link/follow/1</link>
</buy_link>
<buy_link>
<id>10</id>
<name>Audible</name>
<link>https://www.goodreads.com/book_link/follow/10</link>
</buy_link>
<buy_link>
<id>3</id>
<name>Barnes &amp; Noble</name>
<link>https://www.goodreads.com/book_link/follow/3</link>
</buy_link>
<buy_link>
<id>1027</id>
<name>Kobo</name>
<link>https://www.goodreads.com/book_link/follow/1027</link>
</buy_link>
<buy_link>
<id>2102</id>
<name>Apple iBooks</name>
<link>https://www.goodreads.com/book_link/follow/2102</link>
</buy_link>
<buy_link>
<id>8036</id>
<name>Google Play</name>
<link>https://www.goodreads.com/book_link/follow/8036</link>
</buy_link>
<buy_link>
<id>4</id>
<name>Abebooks</name>
<link>https://www.goodreads.com/book_link/follow/4</link>
</buy_link>
<buy_link>
<id>882</id>
<name>Book Depository</name>
<link>https://www.goodreads.com/book_link/follow/882</link>
</buy_link>
<buy_link>
<id>9</id>
<name>Indigo</name>
<link>https://www.goodreads.com/book_link/follow/9</link>
</buy_link>
<buy_link>
<id>2</id>
<name>Half.com</name>
<link>https://www.goodreads.com/book_link/follow/2</link>
</buy_link>
<buy_link>
<id>5</id>
<name>Alibris</name>
<link>https://www.goodreads.com/book_link/follow/5</link>
</buy_link>
<buy_link>
<id>107</id>
<name>Better World Books</name>
<link>https://www.goodreads.com/book_link/follow/107</link>
</buy_link>
<buy_link>
<id>7</id>
<name>IndieBound</name>
<link>https://www.goodreads.com/book_link/follow/7</link>
</buy_link>

  </buy_links>
  <series_works>
    <series_work>
<id>246261</id>
<user_position>16</user_position>
<series>
<id>40549</id>
<title>
<![CDATA[
    Jack Reacher
]]>
</title>
<description>
<![CDATA[
    Jack Reacher is a drifter and ex-military policeman.
    
    Each book in the series is a self-contained story, and the plot of each book relies very little on the prior books in the series.
]]>
</description>
<note>
<![CDATA[
]]>
</note>
<series_works_count>53</series_works_count>
<primary_work_count>22</primary_work_count>
<numbered>true</numbered>
</series>

</series_work>
<series_work>
<id>958061</id>
<user_position>3</user_position>
<series>
<id>187835</id>
<title>
<![CDATA[
    Jack Reacher Chronological Order
]]>
</title>
<description>
<![CDATA[
    Not the order of release, but the Reacher books and stories chronologically, from his youth to his adulthood.
]]>
</description>
<note>
<![CDATA[
]]>
</note>
<series_works_count>30</series_works_count>
<primary_work_count>22</primary_work_count>
<numbered>true</numbered>
</series>

</series_work>

  </series_works>
      <public_document>
        <id>13950</id>
        <document_url>
          https://s3.amazonaws.com/compressed.photo.goodreads.com/documents/1316117410books/10627168.epub
        </document_url>
      </public_document>
  <similar_books>
          <book>
<id>8805443</id>
<title><![CDATA[The Sentry (Elvis Cole, #14; Joe Pike, #3)]]></title>
<title_without_series>The Sentry</title_without_series>
<link><![CDATA[https://www.goodreads.com/book/show/8805443-the-sentry]]></link>
<small_image_url><![CDATA[https://s.gr-assets.com/assets/nophoto/book/50x75-a91bf249278a81aabab721ef782c4a74.png]]></small_image_url>
<image_url><![CDATA[https://s.gr-assets.com/assets/nophoto/book/111x148-bcc042a9c91a29c1d680899eff700a03.png]]></image_url>
<num_pages>306</num_pages>
<work>
<id>13088275</id>
</work>
<isbn>0399157077</isbn>
<isbn13>9780399157073</isbn13>
<average_rating>4.20</average_rating>
<ratings_count>15571</ratings_count>
<publication_year>2011</publication_year>
<publication_month>1</publication_month>
<publication_day>11</publication_day>
<authors>
<author>
<id>8944</id>
<name>Robert Crais</name>
<link><![CDATA[https://www.goodreads.com/author/show/8944.Robert_Crais]]></link>
</author>
</authors>
</book>

          <book>
<id>7896556</id>
<title><![CDATA[Buried Secrets (Nick Heller, #2)]]></title>
<title_without_series>Buried Secrets</title_without_series>
<link><![CDATA[https://www.goodreads.com/book/show/7896556-buried-secrets]]></link>
<small_image_url><![CDATA[https://s.gr-assets.com/assets/nophoto/book/50x75-a91bf249278a81aabab721ef782c4a74.png]]></small_image_url>
<image_url><![CDATA[https://s.gr-assets.com/assets/nophoto/book/111x148-bcc042a9c91a29c1d680899eff700a03.png]]></image_url>
<num_pages>390</num_pages>
<work>
<id>15683298</id>
</work>
<isbn>0312379145</isbn>
<isbn13>9780312379148</isbn13>
<average_rating>3.96</average_rating>
<ratings_count>5385</ratings_count>
<publication_year>2011</publication_year>
<publication_month>6</publication_month>
<publication_day>21</publication_day>
<authors>
<author>
<id>63460</id>
<name>Joseph Finder</name>
<link><![CDATA[https://www.goodreads.com/author/show/63460.Joseph_Finder]]></link>
</author>
</authors>
</book>

          <book>
<id>11082037</id>
<title><![CDATA[The Drop (Harry Bosch, #17; Harry Bosch Universe, #21)]]></title>
<title_without_series>The Drop</title_without_series>
<link><![CDATA[https://www.goodreads.com/book/show/11082037-the-drop]]></link>
<small_image_url><![CDATA[https://images.gr-assets.com/books/1327935031s/11082037.jpg]]></small_image_url>
<image_url><![CDATA[https://images.gr-assets.com/books/1327935031m/11082037.jpg]]></image_url>
<num_pages>388</num_pages>
<work>
<id>15547563</id>
</work>
<isbn>0316069418</isbn>
<isbn13>9780316069410</isbn13>
<average_rating>4.14</average_rating>
<ratings_count>39058</ratings_count>
<publication_year></publication_year>
<publication_month></publication_month>
<publication_day></publication_day>
<authors>
<author>
<id>12470</id>
<name>Michael Connelly</name>
<link><![CDATA[https://www.goodreads.com/author/show/12470.Michael_Connelly]]></link>
</author>
</authors>
</book>

          <book>
<id>9925913</id>
<title><![CDATA[Shock Wave (Virgil Flowers, #5)]]></title>
<title_without_series>Shock Wave</title_without_series>
<link><![CDATA[https://www.goodreads.com/book/show/9925913-shock-wave]]></link>
<small_image_url><![CDATA[https://images.gr-assets.com/books/1292472145s/9925913.jpg]]></small_image_url>
<image_url><![CDATA[https://images.gr-assets.com/books/1292472145m/9925913.jpg]]></image_url>
<num_pages></num_pages>
<work>
<id>14818841</id>
</work>
<isbn></isbn>
<isbn13></isbn13>
<average_rating>4.19</average_rating>
<ratings_count>14841</ratings_count>
<publication_year>2011</publication_year>
<publication_month>10</publication_month>
<publication_day>4</publication_day>
<authors>
<author>
<id>4610</id>
<name>John Sandford</name>
<link><![CDATA[https://www.goodreads.com/author/show/4610.John_Sandford]]></link>
</author>
</authors>
</book>

          <book>
<id>7841445</id>
<title><![CDATA[Dead Zero (Bob Lee Swagger, #7; Ray Cruz, #1)]]></title>
<title_without_series>Dead Zero</title_without_series>
<link><![CDATA[https://www.goodreads.com/book/show/7841445-dead-zero]]></link>
<small_image_url><![CDATA[https://images.gr-assets.com/books/1292091709s/7841445.jpg]]></small_image_url>
<image_url><![CDATA[https://images.gr-assets.com/books/1292091709m/7841445.jpg]]></image_url>
<num_pages>406</num_pages>
<work>
<id>10934696</id>
</work>
<isbn>1439138656</isbn>
<isbn13>9781439138656</isbn13>
<average_rating>4.08</average_rating>
<ratings_count>4734</ratings_count>
<publication_year></publication_year>
<publication_month></publication_month>
<publication_day></publication_day>
<authors>
<author>
<id>12546</id>
<name>Stephen Hunter</name>
<link><![CDATA[https://www.goodreads.com/author/show/12546.Stephen_Hunter]]></link>
</author>
</authors>
</book>

          <book>
<id>8549518</id>
<title>Damage (Abe Glitsky, #3)</title>
<title_without_series>Damage</title_without_series>
<link><![CDATA[https://www.goodreads.com/book/show/8549518-damage]]></link>
<small_image_url><![CDATA[https://s.gr-assets.com/assets/nophoto/book/50x75-a91bf249278a81aabab721ef782c4a74.png]]></small_image_url>
<image_url><![CDATA[https://s.gr-assets.com/assets/nophoto/book/111x148-bcc042a9c91a29c1d680899eff700a03.png]]></image_url>
<num_pages>394</num_pages>
<work>
<id>13417526</id>
</work>
<isbn>0525951768</isbn>
<isbn13>9780525951766</isbn13>
<average_rating>3.99</average_rating>
<ratings_count>5174</ratings_count>
<publication_year>2011</publication_year>
<publication_month>1</publication_month>
<publication_day>4</publication_day>
<authors>
<author>
<id>10521</id>
<name>John Lescroart</name>
<link><![CDATA[https://www.goodreads.com/author/show/10521.John_Lescroart]]></link>
</author>
</authors>
</book>

          <book>
<id>7625566</id>
<title>Painted Ladies (Spenser, #38)</title>
<title_without_series>Painted Ladies</title_without_series>
<link><![CDATA[https://www.goodreads.com/book/show/7625566-painted-ladies]]></link>
<small_image_url><![CDATA[https://images.gr-assets.com/books/1320532565s/7625566.jpg]]></small_image_url>
<image_url><![CDATA[https://images.gr-assets.com/books/1320532565m/7625566.jpg]]></image_url>
<num_pages>5</num_pages>
<work>
<id>10113302</id>
</work>
<isbn>0739343920</isbn>
<isbn13>9780739343920</isbn13>
<average_rating>3.97</average_rating>
<ratings_count>7625</ratings_count>
<publication_year>2010</publication_year>
<publication_month>10</publication_month>
<publication_day>5</publication_day>
<authors>
<author>
<id>397</id>
<name>Robert B. Parker</name>
<link><![CDATA[https://www.goodreads.com/author/show/397.Robert_B_Parker]]></link>
</author>
</authors>
</book>

          <book>
<id>7110775</id>
<title><![CDATA[The Vigilantes (Badge of Honor, #10)]]></title>
<title_without_series>The Vigilantes</title_without_series>
<link><![CDATA[https://www.goodreads.com/book/show/7110775-the-vigilantes]]></link>
<small_image_url><![CDATA[https://s.gr-assets.com/assets/nophoto/book/50x75-a91bf249278a81aabab721ef782c4a74.png]]></small_image_url>
<image_url><![CDATA[https://s.gr-assets.com/assets/nophoto/book/111x148-bcc042a9c91a29c1d680899eff700a03.png]]></image_url>
<num_pages>342</num_pages>
<work>
<id>7370023</id>
</work>
<isbn>0399156631</isbn>
<isbn13>9780399156632</isbn13>
<average_rating>3.88</average_rating>
<ratings_count>1530</ratings_count>
<publication_year></publication_year>
<publication_month></publication_month>
<publication_day></publication_day>
<authors>
<author>
<id>1415338</id>
<name>W.E.B. Griffin</name>
<link><![CDATA[https://www.goodreads.com/author/show/1415338.W_E_B_Griffin]]></link>
</author>
</authors>
</book>

          <book>
<id>777211</id>
<title><![CDATA[Executive Power (Mitch Rapp, #6)]]></title>
<title_without_series>Executive Power</title_without_series>
<link><![CDATA[https://www.goodreads.com/book/show/777211.Executive_Power]]></link>
<small_image_url><![CDATA[https://s.gr-assets.com/assets/nophoto/book/50x75-a91bf249278a81aabab721ef782c4a74.png]]></small_image_url>
<image_url><![CDATA[https://s.gr-assets.com/assets/nophoto/book/111x148-bcc042a9c91a29c1d680899eff700a03.png]]></image_url>
<num_pages>512</num_pages>
<work>
<id>2751321</id>
</work>
<isbn>0743453964</isbn>
<isbn13>9780743453967</isbn13>
<average_rating>4.33</average_rating>
<ratings_count>30957</ratings_count>
<publication_year>2004</publication_year>
<publication_month>4</publication_month>
<publication_day>27</publication_day>
<authors>
<author>
<id>14989</id>
<name>Vince Flynn</name>
<link><![CDATA[https://www.goodreads.com/author/show/14989.Vince_Flynn]]></link>
</author>
</authors>
</book>

          <book>
<id>6431993</id>
<title><![CDATA[Shadow of Betrayal (Jonathan Quinn, #3)]]></title>
<title_without_series>Shadow of Betrayal</title_without_series>
<link><![CDATA[https://www.goodreads.com/book/show/6431993-shadow-of-betrayal]]></link>
<small_image_url><![CDATA[https://s.gr-assets.com/assets/nophoto/book/50x75-a91bf249278a81aabab721ef782c4a74.png]]></small_image_url>
<image_url><![CDATA[https://s.gr-assets.com/assets/nophoto/book/111x148-bcc042a9c91a29c1d680899eff700a03.png]]></image_url>
<num_pages></num_pages>
<work>
<id>6621469</id>
</work>
<isbn>038534158X</isbn>
<isbn13>9780385341585</isbn13>
<average_rating>4.06</average_rating>
<ratings_count>1936</ratings_count>
<publication_year></publication_year>
<publication_month></publication_month>
<publication_day></publication_day>
<authors>
<author>
<id>463227</id>
<name>Brett Battles</name>
<link><![CDATA[https://www.goodreads.com/author/show/463227.Brett_Battles]]></link>
</author>
</authors>
</book>

  </similar_books>
</book>

</GoodreadsResponse>