<?xml version="1.0" encoding="UTF-8"?>
<GoodreadsResponse>
  <Request>
    <authentication>true</authentication>
      <key><![CDATA[all_men_must_serve]]></key>
    <method><![CDATA[book_show]]></method>
  </Request>
  <book>
  <id>10429045</id>
  <title>Shatter Me (Shatter Me, #1)</title>
  <isbn><![CDATA[0062085484]]></isbn>
  <isbn13><![CDATA[9780062085481]]></isbn13>
  <asin><![CDATA[]]></asin>
  <kindle_asin><![CDATA[]]></kindle_asin>
  <marketplace_id><![CDATA[]]></marketplace_id>
  <country_code><![CDATA[GB]]></country_code>
  <image_url>https://images.gr-assets.com/books/1310649047m/10429045.jpg</image_url>
  <small_image_url>https://images.gr-assets.com/books/1310649047s/10429045.jpg</small_image_url>
  <publication_year>2011</publication_year>
  <publication_month>11</publication_month>
  <publication_day>15</publication_day>
  <publisher>Harper</publisher>
  <language_code>en-US</language_code>
  <is_ebook>false</is_ebook>
  <description><![CDATA[<s>I have a curse</s><br />I have a gift<br /><br /><s>I am a monster</s><br />I'm more than human<br /><br /><s>My touch is lethal</s><br />My touch is power<br /><br /><s>I am their weapon</s><br />I will fight back<br /><br />Juliette hasn’t touched anyone in exactly 264 days.<br /><br />The last time she did, it was an accident, but The Reestablishment locked her up for murder. No one knows why Juliette’s touch is fatal. As long as she doesn’t hurt anyone else, no one really cares. The world is too busy crumbling to pieces to pay attention to a 17-year-old girl. Diseases are destroying the population, food is hard to find, birds don’t fly anymore, and the clouds are the wrong color.<br /><br />The Reestablishment said their way was the only way to fix things, so they threw Juliette in a cell. Now so many people are dead that the survivors are whispering war – and The Reestablishment has changed its mind. Maybe Juliette is more than a tortured soul stuffed into a poisonous body. Maybe she’s exactly what they need right now.<br /><br />Juliette has to make a choice: Be a weapon. Or be a warrior.]]></description>
  <work>
  <id type="integer">15333458</id>
  <books_count type="integer">77</books_count>
  <best_book_id type="integer">10429045</best_book_id>
  <reviews_count type="integer">469863</reviews_count>
  <ratings_sum type="integer">803707</ratings_sum>
  <ratings_count type="integer">200504</ratings_count>
  <text_reviews_count type="integer">20979</text_reviews_count>
  <original_publication_year type="integer">2011</original_publication_year>
  <original_publication_month type="integer">11</original_publication_month>
  <original_publication_day type="integer">15</original_publication_day>
  <original_title>Shatter Me (Shatter Me, #1)</original_title>
  <original_language_id type="integer" nil="true"/>
  <media_type>book</media_type>
  <rating_dist>5:84250|4:61643|3:34390|2:12494|1:7727|total:200504</rating_dist>
  <desc_user_id type="integer">45232006</desc_user_id>
  <default_chaptering_book_id type="integer" nil="true"/>
  <default_description_language_code nil="true"/>
</work>
  <average_rating>4.01</average_rating>
  <num_pages><![CDATA[338]]></num_pages>
  <format><![CDATA[Hardcover]]></format>
  <edition_information><![CDATA[]]></edition_information>
  <ratings_count><![CDATA[176592]]></ratings_count>
  <text_reviews_count><![CDATA[15433]]></text_reviews_count>
  <url><![CDATA[https://www.goodreads.com/book/show/10429045-shatter-me]]></url>
  <link><![CDATA[https://www.goodreads.com/book/show/10429045-shatter-me]]></link>
  <authors>
<author>
<id>4637539</id>
<name>Tahereh Mafi</name>
<role></role>
<image_url nophoto='false'>
<![CDATA[https://images.gr-assets.com/authors/1444252799p5/4637539.jpg]]>
</image_url>
<small_image_url nophoto='false'>
<![CDATA[https://images.gr-assets.com/authors/1444252799p2/4637539.jpg]]>
</small_image_url>
<link><![CDATA[https://www.goodreads.com/author/show/4637539.Tahereh_Mafi]]></link>
<average_rating>4.17</average_rating>
<ratings_count>501813</ratings_count>
<text_reviews_count>55659</text_reviews_count>
</author>
</authors>

    <reviews_widget>
      <![CDATA[
        <style>
  #goodreads-widget {
    font-family: georgia, serif;
    padding: 18px 0;
    width:565px;
  }
  #goodreads-widget h1 {
    font-weight:normal;
    font-size: 16px;
    border-bottom: 1px solid #BBB596;
    margin-bottom: 0;
  }
  #goodreads-widget a {
    text-decoration: none;
    color:#660;
  }
  iframe{
    background-color: #fff;
  }
  #goodreads-widget a:hover { text-decoration: underline; }
  #goodreads-widget a:active {
    color:#660;
  }
  #gr_footer {
    width: 100%;
    border-top: 1px solid #BBB596;
    text-align: right;
  }
  #goodreads-widget .gr_branding{
    color: #382110;
    font-size: 11px;
    text-decoration: none;
    font-family: "Helvetica Neue", Helvetica, Arial, sans-serif;
  }
</style>
<div id="goodreads-widget">
  <div id="gr_header"><h1><a rel="nofollow" href="https://www.goodreads.com/book/show/10429045-shatter-me">Shatter Me Reviews</a></h1></div>
  <iframe id="the_iframe" src="https://www.goodreads.com/api/reviews_widget_iframe?did=DEVELOPER_ID&amp;format=html&amp;isbn=0062085484&amp;links=660&amp;min_rating=&amp;review_back=fff&amp;stars=000&amp;text=000" width="565" height="400" frameborder="0"></iframe>
  <div id="gr_footer">
    <a class="gr_branding" target="_blank" rel="nofollow" href="https://www.goodreads.com/book/show/10429045-shatter-me?utm_medium=api&amp;utm_source=reviews_widget">Reviews from Goodreads.com</a>
  </div>
</div>

      ]]>
    </reviews_widget>
  <popular_shelves>
      <shelf name="to-read" count="9403"/>
      <shelf name="favorites" count="6138"/>
      <shelf name="currently-reading" count="4257"/>
      <shelf name="young-adult" count="3742"/>
      <shelf name="dystopian" count="3287"/>
      <shelf name="dystopia" count="2347"/>
      <shelf name="ya" count="1815"/>
      <shelf name="romance" count="1806"/>
      <shelf name="books-i-own" count="1728"/>
      <shelf name="fantasy" count="1664"/>
      <shelf name="series" count="1095"/>
      <shelf name="paranormal" count="901"/>
      <shelf name="owned" count="830"/>
      <shelf name="science-fiction" count="762"/>
      <shelf name="sci-fi" count="633"/>
      <shelf name="favourites" count="525"/>
      <shelf name="fiction" count="518"/>
      <shelf name="to-buy" count="502"/>
      <shelf name="owned-books" count="452"/>
      <shelf name="read-in-2014" count="396"/>
      <shelf name="dnf" count="316"/>
      <shelf name="library" count="308"/>
      <shelf name="read-in-2015" count="285"/>
      <shelf name="supernatural" count="275"/>
      <shelf name="kindle" count="257"/>
      <shelf name="ebook" count="242"/>
      <shelf name="shatter-me" count="236"/>
      <shelf name="wish-list" count="231"/>
      <shelf name="post-apocalyptic" count="228"/>
      <shelf name="read-in-2013" count="218"/>
      <shelf name="i-own" count="215"/>
      <shelf name="did-not-finish" count="215"/>
      <shelf name="ebooks" count="204"/>
      <shelf name="read-in-2016" count="193"/>
      <shelf name="read-in-2012" count="191"/>
      <shelf name="love-triangle" count="183"/>
      <shelf name="teen" count="171"/>
      <shelf name="favorite" count="169"/>
      <shelf name="read-2014" count="165"/>
      <shelf name="my-books" count="165"/>
      <shelf name="ya-dystopian" count="165"/>
      <shelf name="paranormal-romance" count="158"/>
      <shelf name="favorite-books" count="157"/>
      <shelf name="ya-fiction" count="153"/>
      <shelf name="audiobook" count="152"/>
      <shelf name="5-stars" count="152"/>
      <shelf name="read-in-english" count="151"/>
      <shelf name="reviewed" count="150"/>
      <shelf name="maybe" count="141"/>
      <shelf name="book-boyfriends" count="139"/>
      <shelf name="tbr" count="135"/>
      <shelf name="on-my-shelf" count="134"/>
      <shelf name="2014-reads" count="131"/>
      <shelf name="re-read" count="130"/>
      <shelf name="all-time-favorites" count="125"/>
      <shelf name="audiobooks" count="120"/>
      <shelf name="ya-fantasy" count="120"/>
      <shelf name="read-2015" count="118"/>
      <shelf name="abandoned" count="112"/>
      <shelf name="action" count="108"/>
      <shelf name="cover-love" count="107"/>
      <shelf name="favorite-series" count="103"/>
      <shelf name="4-stars" count="103"/>
      <shelf name="trilogy" count="102"/>
      <shelf name="adventure" count="101"/>
      <shelf name="tahereh-mafi" count="101"/>
      <shelf name="dystopian-post-apocalyptic" count="100"/>
      <shelf name="finished-series" count="99"/>
      <shelf name="faves" count="99"/>
      <shelf name="must-read" count="97"/>
      <shelf name="e-book" count="96"/>
      <shelf name="completed-series" count="95"/>
      <shelf name="e-books" count="95"/>
      <shelf name="arc" count="94"/>
      <shelf name="first-in-series" count="93"/>
      <shelf name="read-2013" count="91"/>
      <shelf name="read-in-2017" count="90"/>
      <shelf name="english" count="90"/>
      <shelf name="love" count="90"/>
      <shelf name="read-in-2011" count="90"/>
      <shelf name="need-to-buy" count="87"/>
      <shelf name="series-to-read" count="87"/>
      <shelf name="ya-dystopia" count="87"/>
      <shelf name="magic" count="86"/>
      <shelf name="ya-books" count="85"/>
      <shelf name="want-to-read" count="84"/>
      <shelf name="2015-reads" count="83"/>
      <shelf name="2013-reads" count="83"/>
      <shelf name="meh" count="83"/>
      <shelf name="favs" count="83"/>
      <shelf name="my-bookshelf" count="83"/>
      <shelf name="want-to-buy" count="83"/>
      <shelf name="reread" count="82"/>
      <shelf name="read-2016" count="81"/>
      <shelf name="books" count="81"/>
      <shelf name="audio" count="80"/>
      <shelf name="futuristic" count="80"/>
      <shelf name="dystopia-utopia" count="79"/>
      <shelf name="young-adult-fiction" count="79"/>
      <shelf name="séries" count="77"/>
  </popular_shelves>
  <book_links>
    <book_link>
  <id>8</id>
  <name>Libraries</name>
  <link>https://www.goodreads.com/book_link/follow/8</link>
</book_link>

  </book_links>
  <buy_links>
    <buy_link>
<id>1</id>
<name>Amazon</name>
<link>https://www.goodreads.com/book_link/follow/1</link>
</buy_link>
<buy_link>
<id>10</id>
<name>Audible</name>
<link>https://www.goodreads.com/book_link/follow/10</link>
</buy_link>
<buy_link>
<id>3</id>
<name>Barnes &amp; Noble</name>
<link>https://www.goodreads.com/book_link/follow/3</link>
</buy_link>
<buy_link>
<id>1027</id>
<name>Kobo</name>
<link>https://www.goodreads.com/book_link/follow/1027</link>
</buy_link>
<buy_link>
<id>2102</id>
<name>Apple iBooks</name>
<link>https://www.goodreads.com/book_link/follow/2102</link>
</buy_link>
<buy_link>
<id>8036</id>
<name>Google Play</name>
<link>https://www.goodreads.com/book_link/follow/8036</link>
</buy_link>
<buy_link>
<id>4</id>
<name>Abebooks</name>
<link>https://www.goodreads.com/book_link/follow/4</link>
</buy_link>
<buy_link>
<id>882</id>
<name>Book Depository</name>
<link>https://www.goodreads.com/book_link/follow/882</link>
</buy_link>
<buy_link>
<id>9</id>
<name>Indigo</name>
<link>https://www.goodreads.com/book_link/follow/9</link>
</buy_link>
<buy_link>
<id>2</id>
<name>Half.com</name>
<link>https://www.goodreads.com/book_link/follow/2</link>
</buy_link>
<buy_link>
<id>5</id>
<name>Alibris</name>
<link>https://www.goodreads.com/book_link/follow/5</link>
</buy_link>
<buy_link>
<id>107</id>
<name>Better World Books</name>
<link>https://www.goodreads.com/book_link/follow/107</link>
</buy_link>
<buy_link>
<id>7</id>
<name>IndieBound</name>
<link>https://www.goodreads.com/book_link/follow/7</link>
</buy_link>

  </buy_links>
  <series_works>
    <series_work>
<id>289139</id>
<user_position>1</user_position>
<series>
<id>65730</id>
<title>
<![CDATA[
    Shatter Me
]]>
</title>
<description>
<![CDATA[
    Also known as:
    
    Czech: Roztříštěná
    Dutch: Touching Juliette
    English (Australian): The Juliette Chronicles
    French: Insaisissable
    Romanian: Atingerea lui Juliette
    Spanish: La piel de Juliette 
    Spanish (Castilian): Destrózame
    Italian: Schegge di me (Shatter Me in the new edition)
]]>
</description>
<note>
<![CDATA[
]]>
</note>
<series_works_count>10</series_works_count>
<primary_work_count>6</primary_work_count>
<numbered>true</numbered>
</series>

</series_work>

  </series_works>
  <similar_books>
          <book>
<id>10637748</id>
<title>The Pledge (The Pledge, #1)</title>
<title_without_series>The Pledge</title_without_series>
<link><![CDATA[https://www.goodreads.com/book/show/10637748-the-pledge]]></link>
<small_image_url><![CDATA[https://images.gr-assets.com/books/1327878861s/10637748.jpg]]></small_image_url>
<image_url><![CDATA[https://images.gr-assets.com/books/1327878861m/10637748.jpg]]></image_url>
<num_pages>323</num_pages>
<work>
<id>15367524</id>
</work>
<isbn>1442422017</isbn>
<isbn13>9781442422018</isbn13>
<average_rating>3.80</average_rating>
<ratings_count>26656</ratings_count>
<publication_year>2011</publication_year>
<publication_month>11</publication_month>
<publication_day>15</publication_day>
<authors>
<author>
<id>2755160</id>
<name>Kimberly Derting</name>
<link><![CDATA[https://www.goodreads.com/author/show/2755160.Kimberly_Derting]]></link>
</author>
</authors>
</book>

          <book>
<id>11112619</id>
<title><![CDATA[Fever (The Chemical Garden, #2)]]></title>
<title_without_series>Fever</title_without_series>
<link><![CDATA[https://www.goodreads.com/book/show/11112619-fever]]></link>
<small_image_url><![CDATA[https://images.gr-assets.com/books/1324955449s/11112619.jpg]]></small_image_url>
<image_url><![CDATA[https://images.gr-assets.com/books/1324955449m/11112619.jpg]]></image_url>
<num_pages>341</num_pages>
<work>
<id>16035084</id>
</work>
<isbn>144240907X</isbn>
<isbn13>9781442409071</isbn13>
<average_rating>3.79</average_rating>
<ratings_count>39016</ratings_count>
<publication_year>2012</publication_year>
<publication_month>2</publication_month>
<publication_day>21</publication_day>
<authors>
<author>
<id>4103366</id>
<name>Lauren DeStefano</name>
<link><![CDATA[https://www.goodreads.com/author/show/4103366.Lauren_DeStefano]]></link>
</author>
</authors>
</book>

          <book>
<id>12908877</id>
<title>Until I Die (Revenants, #2)</title>
<title_without_series>Until I Die</title_without_series>
<link><![CDATA[https://www.goodreads.com/book/show/12908877-until-i-die]]></link>
<small_image_url><![CDATA[https://images.gr-assets.com/books/1335240840s/12908877.jpg]]></small_image_url>
<image_url><![CDATA[https://images.gr-assets.com/books/1335240840m/12908877.jpg]]></image_url>
<num_pages>353</num_pages>
<work>
<id>14612013</id>
</work>
<isbn>0062004042</isbn>
<isbn13>9780062004048</isbn13>
<average_rating>4.17</average_rating>
<ratings_count>25375</ratings_count>
<publication_year>2012</publication_year>
<publication_month>5</publication_month>
<publication_day>8</publication_day>
<authors>
<author>
<id>3353516</id>
<name>Amy Plum</name>
<link><![CDATA[https://www.goodreads.com/author/show/3353516.Amy_Plum]]></link>
</author>
</authors>
</book>

          <book>
<id>13253276</id>
<title><![CDATA[Through the Ever Night (Under the Never Sky, #2)]]></title>
<title_without_series>Through the Ever Night</title_without_series>
<link><![CDATA[https://www.goodreads.com/book/show/13253276-through-the-ever-night]]></link>
<small_image_url><![CDATA[https://images.gr-assets.com/books/1340892848s/13253276.jpg]]></small_image_url>
<image_url><![CDATA[https://images.gr-assets.com/books/1340892848m/13253276.jpg]]></image_url>
<num_pages>341</num_pages>
<work>
<id>18454415</id>
</work>
<isbn>0062072064</isbn>
<isbn13>9780062072061</isbn13>
<average_rating>4.17</average_rating>
<ratings_count>58862</ratings_count>
<publication_year>2013</publication_year>
<publication_month>1</publication_month>
<publication_day>8</publication_day>
<authors>
<author>
<id>4637369</id>
<name>Veronica Rossi</name>
<link><![CDATA[https://www.goodreads.com/author/show/4637369.Veronica_Rossi]]></link>
</author>
</authors>
</book>

          <book>
<id>14743784</id>
<title>Unbreakable (Unraveling, #2)</title>
<title_without_series>Unbreakable</title_without_series>
<link><![CDATA[https://www.goodreads.com/book/show/14743784-unbreakable]]></link>
<small_image_url><![CDATA[https://images.gr-assets.com/books/1351469081s/14743784.jpg]]></small_image_url>
<image_url><![CDATA[https://images.gr-assets.com/books/1351469081m/14743784.jpg]]></image_url>
<num_pages>496</num_pages>
<work>
<id>20392168</id>
</work>
<isbn>0062103768</isbn>
<isbn13>9780062103765</isbn13>
<average_rating>4.05</average_rating>
<ratings_count>6337</ratings_count>
<publication_year>2013</publication_year>
<publication_month>4</publication_month>
<publication_day>23</publication_day>
<authors>
<author>
<id>5073459</id>
<name>Elizabeth Norris</name>
<link><![CDATA[https://www.goodreads.com/author/show/5073459.Elizabeth_Norris]]></link>
</author>
</authors>
</book>

          <book>
<id>12924275</id>
<title><![CDATA[Masque of the Red Death (Masque of the Red Death, #1)]]></title>
<title_without_series>Masque of the Red Death</title_without_series>
<link><![CDATA[https://www.goodreads.com/book/show/12924275-masque-of-the-red-death]]></link>
<small_image_url><![CDATA[https://images.gr-assets.com/books/1341716702s/12924275.jpg]]></small_image_url>
<image_url><![CDATA[https://images.gr-assets.com/books/1341716702m/12924275.jpg]]></image_url>
<num_pages>319</num_pages>
<work>
<id>15605716</id>
</work>
<isbn>0062107798</isbn>
<isbn13>9780062107794</isbn13>
<average_rating>3.70</average_rating>
<ratings_count>12984</ratings_count>
<publication_year>2012</publication_year>
<publication_month>4</publication_month>
<publication_day>24</publication_day>
<authors>
<author>
<id>1356979</id>
<name>Bethany Griffin</name>
<link><![CDATA[https://www.goodreads.com/author/show/1356979.Bethany_Griffin]]></link>
</author>
</authors>
</book>

          <book>
<id>13049981</id>
<title>Boundless (Unearthly, #3)</title>
<title_without_series>Boundless</title_without_series>
<link><![CDATA[https://www.goodreads.com/book/show/13049981-boundless]]></link>
<small_image_url><![CDATA[https://images.gr-assets.com/books/1342208984s/13049981.jpg]]></small_image_url>
<image_url><![CDATA[https://images.gr-assets.com/books/1342208984m/13049981.jpg]]></image_url>
<num_pages>448</num_pages>
<work>
<id>18214662</id>
</work>
<isbn>0061996203</isbn>
<isbn13>9780061996207</isbn13>
<average_rating>4.15</average_rating>
<ratings_count>38133</ratings_count>
<publication_year>2013</publication_year>
<publication_month>1</publication_month>
<publication_day>22</publication_day>
<authors>
<author>
<id>3290920</id>
<name>Cynthia Hand</name>
<link><![CDATA[https://www.goodreads.com/author/show/3290920.Cynthia_Hand]]></link>
</author>
</authors>
</book>

          <book>
<id>8542996</id>
<title>Shift (Shade, #2)</title>
<title_without_series>Shift</title_without_series>
<link><![CDATA[https://www.goodreads.com/book/show/8542996-shift]]></link>
<small_image_url><![CDATA[https://images.gr-assets.com/books/1327938912s/8542996.jpg]]></small_image_url>
<image_url><![CDATA[https://images.gr-assets.com/books/1327938912m/8542996.jpg]]></image_url>
<num_pages>367</num_pages>
<work>
<id>18157137</id>
</work>
<isbn>1416994084</isbn>
<isbn13>9781416994084</isbn13>
<average_rating>4.12</average_rating>
<ratings_count>6286</ratings_count>
<publication_year>2011</publication_year>
<publication_month>5</publication_month>
<publication_day>3</publication_day>
<authors>
<author>
<id>56019</id>
<name>Jeri Smith-Ready</name>
<link><![CDATA[https://www.goodreads.com/author/show/56019.Jeri_Smith_Ready]]></link>
</author>
</authors>
</book>

          <book>
<id>12792988</id>
<title><![CDATA[Chosen Ones (The Lost Souls, #1)]]></title>
<title_without_series>Chosen Ones</title_without_series>
<link><![CDATA[https://www.goodreads.com/book/show/12792988-chosen-ones]]></link>
<small_image_url><![CDATA[https://images.gr-assets.com/books/1324530042s/12792988.jpg]]></small_image_url>
<image_url><![CDATA[https://images.gr-assets.com/books/1324530042m/12792988.jpg]]></image_url>
<num_pages>298</num_pages>
<work>
<id>17940933</id>
</work>
<isbn>1620610000</isbn>
<isbn13>9781620610008</isbn13>
<average_rating>3.71</average_rating>
<ratings_count>2955</ratings_count>
<publication_year>2012</publication_year>
<publication_month>6</publication_month>
<publication_day>12</publication_day>
<authors>
<author>
<id>5252348</id>
<name>Tiffany Truitt</name>
<link><![CDATA[https://www.goodreads.com/author/show/5252348.Tiffany_Truitt]]></link>
</author>
</authors>
</book>

          <book>
<id>13581990</id>
<title><![CDATA[The Eternity Cure (Blood of Eden, #2)]]></title>
<title_without_series>The Eternity Cure</title_without_series>
<link><![CDATA[https://www.goodreads.com/book/show/13581990-the-eternity-cure]]></link>
<small_image_url><![CDATA[https://images.gr-assets.com/books/1362772965s/13581990.jpg]]></small_image_url>
<image_url><![CDATA[https://images.gr-assets.com/books/1362772965m/13581990.jpg]]></image_url>
<num_pages>434</num_pages>
<work>
<id>19167673</id>
</work>
<isbn>0373210698</isbn>
<isbn13>9780373210695</isbn13>
<average_rating>4.26</average_rating>
<ratings_count>29360</ratings_count>
<publication_year>2013</publication_year>
<publication_month>4</publication_month>
<publication_day>30</publication_day>
<authors>
<author>
<id>2995873</id>
<name>Julie Kagawa</name>
<link><![CDATA[https://www.goodreads.com/author/show/2995873.Julie_Kagawa]]></link>
</author>
</authors>
</book>

          <book>
<id>10677277</id>
<title>Article 5 (Article 5, #1)</title>
<title_without_series>Article 5</title_without_series>
<link><![CDATA[https://www.goodreads.com/book/show/10677277-article-5]]></link>
<small_image_url><![CDATA[https://images.gr-assets.com/books/1306520962s/10677277.jpg]]></small_image_url>
<image_url><![CDATA[https://images.gr-assets.com/books/1306520962m/10677277.jpg]]></image_url>
<num_pages>362</num_pages>
<work>
<id>15586973</id>
</work>
<isbn>0765329581</isbn>
<isbn13>9780765329585</isbn13>
<average_rating>3.78</average_rating>
<ratings_count>25007</ratings_count>
<publication_year>2012</publication_year>
<publication_month>1</publication_month>
<publication_day>31</publication_day>
<authors>
<author>
<id>4692856</id>
<name>Kristen Simmons</name>
<link><![CDATA[https://www.goodreads.com/author/show/4692856.Kristen_Simmons]]></link>
</author>
</authors>
</book>

          <book>
<id>9182478</id>
<title>Hourglass (Hourglass, #1)</title>
<title_without_series>Hourglass</title_without_series>
<link><![CDATA[https://www.goodreads.com/book/show/9182478-hourglass]]></link>
<small_image_url><![CDATA[https://images.gr-assets.com/books/1360175970s/9182478.jpg]]></small_image_url>
<image_url><![CDATA[https://images.gr-assets.com/books/1360175970m/9182478.jpg]]></image_url>
<num_pages>390</num_pages>
<work>
<id>8767007</id>
</work>
<isbn>1606841440</isbn>
<isbn13>9781606841440</isbn13>
<average_rating>3.80</average_rating>
<ratings_count>18442</ratings_count>
<publication_year>2011</publication_year>
<publication_month>6</publication_month>
<publication_day>14</publication_day>
<authors>
<author>
<id>3228055</id>
<name>Myra McEntire</name>
<link><![CDATA[https://www.goodreads.com/author/show/3228055.Myra_McEntire]]></link>
</author>
</authors>
</book>

          <book>
<id>9413044</id>
<title>Everneath (Everneath, #1)</title>
<title_without_series>Everneath</title_without_series>
<link><![CDATA[https://www.goodreads.com/book/show/9413044-everneath]]></link>
<small_image_url><![CDATA[https://images.gr-assets.com/books/1340210035s/9413044.jpg]]></small_image_url>
<image_url><![CDATA[https://images.gr-assets.com/books/1340210035m/9413044.jpg]]></image_url>
<num_pages>370</num_pages>
<work>
<id>14297146</id>
</work>
<isbn>0062071130</isbn>
<isbn13>9780062071132</isbn13>
<average_rating>3.76</average_rating>
<ratings_count>38045</ratings_count>
<publication_year>2012</publication_year>
<publication_month>1</publication_month>
<publication_day>24</publication_day>
<authors>
<author>
<id>4384465</id>
<name>Brodi Ashton</name>
<link><![CDATA[https://www.goodreads.com/author/show/4384465.Brodi_Ashton]]></link>
</author>
</authors>
</book>

          <book>
<id>13449858</id>
<title><![CDATA[The Lives We Lost (Fallen World, #2)]]></title>
<title_without_series>The Lives We Lost</title_without_series>
<link><![CDATA[https://www.goodreads.com/book/show/13449858-the-lives-we-lost]]></link>
<small_image_url><![CDATA[https://images.gr-assets.com/books/1352659327s/13449858.jpg]]></small_image_url>
<image_url><![CDATA[https://images.gr-assets.com/books/1352659327m/13449858.jpg]]></image_url>
<num_pages>288</num_pages>
<work>
<id>18971225</id>
</work>
<isbn>1423146174</isbn>
<isbn13>9781423146179</isbn13>
<average_rating>3.84</average_rating>
<ratings_count>2095</ratings_count>
<publication_year>2013</publication_year>
<publication_month>2</publication_month>
<publication_day>12</publication_day>
<authors>
<author>
<id>2839407</id>
<name>Megan Crewe</name>
<link><![CDATA[https://www.goodreads.com/author/show/2839407.Megan_Crewe]]></link>
</author>
</authors>
</book>

          <book>
<id>10188580</id>
<title>Hunting Lila (Lila, #1)</title>
<title_without_series>Hunting Lila</title_without_series>
<link><![CDATA[https://www.goodreads.com/book/show/10188580-hunting-lila]]></link>
<small_image_url><![CDATA[https://images.gr-assets.com/books/1327127900s/10188580.jpg]]></small_image_url>
<image_url><![CDATA[https://images.gr-assets.com/books/1327127900m/10188580.jpg]]></image_url>
<num_pages>318</num_pages>
<work>
<id>15087473</id>
</work>
<isbn>0857071955</isbn>
<isbn13>9780857071958</isbn13>
<average_rating>3.96</average_rating>
<ratings_count>13483</ratings_count>
<publication_year>2011</publication_year>
<publication_month>8</publication_month>
<publication_day>5</publication_day>
<authors>
<author>
<id>4573983</id>
<name>Sarah Alderson</name>
<link><![CDATA[https://www.goodreads.com/author/show/4573983.Sarah_Alderson]]></link>
</author>
</authors>
</book>

          <book>
<id>12987192</id>
<title><![CDATA[The Forsaken (The Forsaken, #1)]]></title>
<title_without_series>The Forsaken</title_without_series>
<link><![CDATA[https://www.goodreads.com/book/show/12987192-the-forsaken]]></link>
<small_image_url><![CDATA[https://images.gr-assets.com/books/1332152940s/12987192.jpg]]></small_image_url>
<image_url><![CDATA[https://images.gr-assets.com/books/1332152940m/12987192.jpg]]></image_url>
<num_pages>375</num_pages>
<work>
<id>15854253</id>
</work>
<isbn>1442432659</isbn>
<isbn13>9781442432659</isbn13>
<average_rating>3.67</average_rating>
<ratings_count>6134</ratings_count>
<publication_year>2012</publication_year>
<publication_month>7</publication_month>
<publication_day>10</publication_day>
<authors>
<author>
<id>5306608</id>
<name>Lisa M. Stasse</name>
<link><![CDATA[https://www.goodreads.com/author/show/5306608.Lisa_M_Stasse]]></link>
</author>
</authors>
</book>

          <book>
<id>12924253</id>
<title>Once (Eve, #2)</title>
<title_without_series>Once</title_without_series>
<link><![CDATA[https://www.goodreads.com/book/show/12924253-once]]></link>
<small_image_url><![CDATA[https://images.gr-assets.com/books/1321127130s/12924253.jpg]]></small_image_url>
<image_url><![CDATA[https://images.gr-assets.com/books/1321127130m/12924253.jpg]]></image_url>
<num_pages>354</num_pages>
<work>
<id>18079694</id>
</work>
<isbn>0062048546</isbn>
<isbn13>9780062048547</isbn13>
<average_rating>3.90</average_rating>
<ratings_count>16386</ratings_count>
<publication_year>2012</publication_year>
<publication_month>7</publication_month>
<publication_day>3</publication_day>
<authors>
<author>
<id>1792350</id>
<name>Anna Carey</name>
<link><![CDATA[https://www.goodreads.com/author/show/1792350.Anna_Carey]]></link>
</author>
</authors>
</book>

          <book>
<id>11544466</id>
<title>Breathe (Breathe, #1)</title>
<title_without_series>Breathe</title_without_series>
<link><![CDATA[https://www.goodreads.com/book/show/11544466-breathe]]></link>
<small_image_url><![CDATA[https://images.gr-assets.com/books/1330286837s/11544466.jpg]]></small_image_url>
<image_url><![CDATA[https://images.gr-assets.com/books/1330286837m/11544466.jpg]]></image_url>
<num_pages>373</num_pages>
<work>
<id>16484181</id>
</work>
<isbn>0062118692</isbn>
<isbn13>9780062118691</isbn13>
<average_rating>3.69</average_rating>
<ratings_count>14784</ratings_count>
<publication_year>2012</publication_year>
<publication_month>10</publication_month>
<publication_day>2</publication_day>
<authors>
<author>
<id>4864330</id>
<name>Sarah Crossan</name>
<link><![CDATA[https://www.goodreads.com/author/show/4864330.Sarah_Crossan]]></link>
</author>
</authors>
</book>

  </similar_books>
</book>

</GoodreadsResponse>