<?xml version="1.0" encoding="UTF-8"?>
<GoodreadsResponse>
  <Request>
    <authentication>true</authentication>
      <key><![CDATA[all_men_must_serve]]></key>
    <method><![CDATA[book_show]]></method>
  </Request>
  <book>
  <id>10429037</id>
  <title><![CDATA[Ruthless (Pretty Little Liars, #10)]]></title>
  <isbn><![CDATA[0062081861]]></isbn>
  <isbn13><![CDATA[9780062081865]]></isbn13>
  <asin><![CDATA[]]></asin>
  <kindle_asin><![CDATA[B0096BJK6O]]></kindle_asin>
  <marketplace_id><![CDATA[A1F83G8C2ARO7P]]></marketplace_id>
  <country_code><![CDATA[GB]]></country_code>
  <image_url>https://images.gr-assets.com/books/1314802629m/10429037.jpg</image_url>
  <small_image_url>https://images.gr-assets.com/books/1314802629s/10429037.jpg</small_image_url>
  <publication_year>2011</publication_year>
  <publication_month>12</publication_month>
  <publication_day>6</publication_day>
  <publisher>HarperTeen</publisher>
  <language_code>en-US</language_code>
  <is_ebook>false</is_ebook>
  <description><![CDATA[For years scandal has rocked Rosewood, Pennsylvania - and high school seniors Aria, Emily, Hanna, and Spencer have always been at the center of the drama. They've lost friends, been targeted by a ruthless stalker named A, and narrowly escaped death. And it's not over yet.<br /><br />Aria's love life is on the fritz. Emily's exploring her wild side. Hanna's kissing the enemy. And someone from Spencer's past - someone she never thought she'd see again - is back to haunt her.<br /><br />But none of that compares to what happened last spring break. It's their darkest secret yet, and guess who found out? Now A is determined to make them pay for their crime, and the only thing scarier than A is the fear that maybe, just maybe, they deserve what's coming to them.]]></description>
  <work>
  <id type="integer">14785454</id>
  <books_count type="integer">16</books_count>
  <best_book_id type="integer">10429037</best_book_id>
  <reviews_count type="integer">46491</reviews_count>
  <ratings_sum type="integer">70242</ratings_sum>
  <ratings_count type="integer">17875</ratings_count>
  <text_reviews_count type="integer">906</text_reviews_count>
  <original_publication_year type="integer">2011</original_publication_year>
  <original_publication_month type="integer">12</original_publication_month>
  <original_publication_day type="integer">6</original_publication_day>
  <original_title>Ruthless</original_title>
  <original_language_id type="integer" nil="true"/>
  <media_type>book</media_type>
  <rating_dist>5:6476|4:5500|3:4402|2:1159|1:338|total:17875</rating_dist>
  <desc_user_id type="integer">12399851</desc_user_id>
  <default_chaptering_book_id type="integer" nil="true"/>
  <default_description_language_code nil="true"/>
</work>
  <average_rating>3.93</average_rating>
  <num_pages><![CDATA[339]]></num_pages>
  <format><![CDATA[]]></format>
  <edition_information><![CDATA[First Edition]]></edition_information>
  <ratings_count><![CDATA[16890]]></ratings_count>
  <text_reviews_count><![CDATA[837]]></text_reviews_count>
  <url><![CDATA[https://www.goodreads.com/book/show/10429037-ruthless]]></url>
  <link><![CDATA[https://www.goodreads.com/book/show/10429037-ruthless]]></link>
  <authors>
<author>
<id>93970</id>
<name>Sara Shepard</name>
<role></role>
<image_url nophoto='false'>
<![CDATA[https://images.gr-assets.com/authors/1229580414p5/93970.jpg]]>
</image_url>
<small_image_url nophoto='false'>
<![CDATA[https://images.gr-assets.com/authors/1229580414p2/93970.jpg]]>
</small_image_url>
<link><![CDATA[https://www.goodreads.com/author/show/93970.Sara_Shepard]]></link>
<average_rating>3.99</average_rating>
<ratings_count>730190</ratings_count>
<text_reviews_count>39001</text_reviews_count>
</author>
</authors>

    <reviews_widget>
      <![CDATA[
        <style>
  #goodreads-widget {
    font-family: georgia, serif;
    padding: 18px 0;
    width:565px;
  }
  #goodreads-widget h1 {
    font-weight:normal;
    font-size: 16px;
    border-bottom: 1px solid #BBB596;
    margin-bottom: 0;
  }
  #goodreads-widget a {
    text-decoration: none;
    color:#660;
  }
  iframe{
    background-color: #fff;
  }
  #goodreads-widget a:hover { text-decoration: underline; }
  #goodreads-widget a:active {
    color:#660;
  }
  #gr_footer {
    width: 100%;
    border-top: 1px solid #BBB596;
    text-align: right;
  }
  #goodreads-widget .gr_branding{
    color: #382110;
    font-size: 11px;
    text-decoration: none;
    font-family: "Helvetica Neue", Helvetica, Arial, sans-serif;
  }
</style>
<div id="goodreads-widget">
  <div id="gr_header"><h1><a rel="nofollow" href="https://www.goodreads.com/book/show/10429037-ruthless">Ruthless Reviews</a></h1></div>
  <iframe id="the_iframe" src="https://www.goodreads.com/api/reviews_widget_iframe?did=DEVELOPER_ID&amp;format=html&amp;isbn=0062081861&amp;links=660&amp;min_rating=&amp;review_back=fff&amp;stars=000&amp;text=000" width="565" height="400" frameborder="0"></iframe>
  <div id="gr_footer">
    <a class="gr_branding" target="_blank" rel="nofollow" href="https://www.goodreads.com/book/show/10429037-ruthless?utm_medium=api&amp;utm_source=reviews_widget">Reviews from Goodreads.com</a>
  </div>
</div>

      ]]>
    </reviews_widget>
  <popular_shelves>
      <shelf name="to-read" count="916"/>
      <shelf name="currently-reading" count="345"/>
      <shelf name="pretty-little-liars" count="315"/>
      <shelf name="mystery" count="201"/>
      <shelf name="series" count="187"/>
      <shelf name="pll" count="154"/>
      <shelf name="ya" count="150"/>
      <shelf name="books-i-own" count="135"/>
      <shelf name="fiction" count="87"/>
      <shelf name="contemporary" count="76"/>
      <shelf name="chick-lit" count="67"/>
      <shelf name="to-buy" count="66"/>
      <shelf name="owned" count="65"/>
      <shelf name="romance" count="59"/>
      <shelf name="read-in-2012" count="51"/>
      <shelf name="owned-books" count="42"/>
      <shelf name="library" count="36"/>
      <shelf name="pretty-little-liars-series" count="35"/>
      <shelf name="teen" count="34"/>
      <shelf name="favorites" count="32"/>
      <shelf name="sara-shepard" count="32"/>
      <shelf name="thriller" count="31"/>
      <shelf name="ebooks" count="30"/>
      <shelf name="kindle" count="30"/>
      <shelf name="realistic-fiction" count="30"/>
      <shelf name="ebook" count="26"/>
      <shelf name="my-books" count="26"/>
      <shelf name="read-in-2013" count="25"/>
      <shelf name="books" count="24"/>
      <shelf name="young-adult" count="22"/>
      <shelf name="drama" count="22"/>
      <shelf name="read-in-2015" count="21"/>
      <shelf name="read-in-2014" count="20"/>
      <shelf name="suspense" count="20"/>
      <shelf name="e-books" count="20"/>
      <shelf name="need-to-buy" count="20"/>
      <shelf name="guilty-pleasures" count="18"/>
      <shelf name="mystery-thriller" count="18"/>
      <shelf name="ya-fiction" count="18"/>
      <shelf name="i-own" count="17"/>
      <shelf name="high-school" count="15"/>
      <shelf name="series-to-finish" count="14"/>
      <shelf name="default" count="13"/>
      <shelf name="e-book" count="13"/>
      <shelf name="library-books" count="13"/>
      <shelf name="guilty-pleasure" count="13"/>
      <shelf name="wish-list" count="13"/>
      <shelf name="read-2013" count="12"/>
      <shelf name="teen-fiction" count="12"/>
      <shelf name="ya-lit" count="12"/>
      <shelf name="read-2012" count="12"/>
      <shelf name="english" count="12"/>
      <shelf name="books-to-buy" count="12"/>
      <shelf name="want-to-read" count="12"/>
      <shelf name="read-in-2016" count="11"/>
      <shelf name="young-adult-fiction" count="11"/>
      <shelf name="my-library" count="11"/>
      <shelf name="read-2015" count="10"/>
      <shelf name="3-stars" count="10"/>
      <shelf name="pll-series" count="10"/>
      <shelf name="have" count="10"/>
      <shelf name="ya-series" count="10"/>
      <shelf name="read-in-english" count="10"/>
      <shelf name="want" count="10"/>
      <shelf name="ya-books" count="10"/>
      <shelf name="crime" count="9"/>
      <shelf name="read-in-2011" count="9"/>
      <shelf name="murder-mystery" count="9"/>
      <shelf name="mysteries" count="9"/>
      <shelf name="book-series" count="9"/>
      <shelf name="on-my-shelf" count="8"/>
      <shelf name="mystery-suspense" count="8"/>
      <shelf name="4-stars" count="8"/>
      <shelf name="2012-reads" count="8"/>
      <shelf name="girly" count="8"/>
      <shelf name="library-book" count="8"/>
      <shelf name="buy" count="8"/>
      <shelf name="need" count="8"/>
      <shelf name="want-to-buy" count="8"/>
      <shelf name="tbr" count="7"/>
      <shelf name="2013-reads" count="7"/>
      <shelf name="bought" count="7"/>
      <shelf name="own-to-read" count="7"/>
      <shelf name="favourites" count="7"/>
      <shelf name="nook" count="7"/>
      <shelf name="pretty-little-lairs" count="7"/>
      <shelf name="2012-books" count="7"/>
      <shelf name="favorite-books" count="7"/>
      <shelf name="secrets" count="7"/>
      <shelf name="friendship" count="7"/>
      <shelf name="books-i-have" count="7"/>
      <shelf name="teen-books" count="7"/>
      <shelf name="books-i-want" count="7"/>
      <shelf name="finished-series" count="6"/>
      <shelf name="sagas" count="6"/>
      <shelf name="summer-reading" count="6"/>
      <shelf name="shepard-sara" count="6"/>
      <shelf name="tv" count="6"/>
      <shelf name="my-favorites" count="6"/>
      <shelf name="girly-books" count="6"/>
  </popular_shelves>
  <book_links>
    <book_link>
  <id>8</id>
  <name>Libraries</name>
  <link>https://www.goodreads.com/book_link/follow/8</link>
</book_link>

  </book_links>
  <buy_links>
    <buy_link>
<id>1</id>
<name>Amazon</name>
<link>https://www.goodreads.com/book_link/follow/1</link>
</buy_link>
<buy_link>
<id>10</id>
<name>Audible</name>
<link>https://www.goodreads.com/book_link/follow/10</link>
</buy_link>
<buy_link>
<id>3</id>
<name>Barnes &amp; Noble</name>
<link>https://www.goodreads.com/book_link/follow/3</link>
</buy_link>
<buy_link>
<id>1027</id>
<name>Kobo</name>
<link>https://www.goodreads.com/book_link/follow/1027</link>
</buy_link>
<buy_link>
<id>2102</id>
<name>Apple iBooks</name>
<link>https://www.goodreads.com/book_link/follow/2102</link>
</buy_link>
<buy_link>
<id>8036</id>
<name>Google Play</name>
<link>https://www.goodreads.com/book_link/follow/8036</link>
</buy_link>
<buy_link>
<id>4</id>
<name>Abebooks</name>
<link>https://www.goodreads.com/book_link/follow/4</link>
</buy_link>
<buy_link>
<id>882</id>
<name>Book Depository</name>
<link>https://www.goodreads.com/book_link/follow/882</link>
</buy_link>
<buy_link>
<id>9</id>
<name>Indigo</name>
<link>https://www.goodreads.com/book_link/follow/9</link>
</buy_link>
<buy_link>
<id>2</id>
<name>Half.com</name>
<link>https://www.goodreads.com/book_link/follow/2</link>
</buy_link>
<buy_link>
<id>5</id>
<name>Alibris</name>
<link>https://www.goodreads.com/book_link/follow/5</link>
</buy_link>
<buy_link>
<id>107</id>
<name>Better World Books</name>
<link>https://www.goodreads.com/book_link/follow/107</link>
</buy_link>
<buy_link>
<id>7</id>
<name>IndieBound</name>
<link>https://www.goodreads.com/book_link/follow/7</link>
</buy_link>

  </buy_links>
  <series_works>
    <series_work>
<id>218712</id>
<user_position>10</user_position>
<series>
<id>44031</id>
<title>
<![CDATA[
    Pretty Little Liars
]]>
</title>
<description>
<![CDATA[
    Also known as:
    * Малки сладки лъжкини
    * Les Menteuses
    * Милые обманщицы
    * Pequeñas mentirosas
    * Sevimli Küçük Yalancılar
    * Roztomilé malé lhářky
    * Valehtelevat viettelijät
    * Slatke male lažljivice
    * Malé klamárky
    * Giovani, carine e bugiarde
    * Kłamczuchy
    * Micuţele mincinoase
    * Valelikud võrgutajad
    * Små, søte løgnere
    * Jaunosios melagė
]]>
</description>
<note>
<![CDATA[
]]>
</note>
<series_works_count>25</series_works_count>
<primary_work_count>16</primary_work_count>
<numbered>true</numbered>
</series>

</series_work>

  </series_works>
  <similar_books>
          <book>
<id>9918277</id>
<title>Vengeance (Private, #14)</title>
<title_without_series>Vengeance</title_without_series>
<link><![CDATA[https://www.goodreads.com/book/show/9918277-vengeance]]></link>
<small_image_url><![CDATA[https://images.gr-assets.com/books/1298777718s/9918277.jpg]]></small_image_url>
<image_url><![CDATA[https://images.gr-assets.com/books/1298777718m/9918277.jpg]]></image_url>
<num_pages>240</num_pages>
<work>
<id>14810959</id>
</work>
<isbn>1416984739</isbn>
<isbn13>9781416984733</isbn13>
<average_rating>3.99</average_rating>
<ratings_count>2446</ratings_count>
<publication_year>2011</publication_year>
<publication_month>8</publication_month>
<publication_day>30</publication_day>
<authors>
<author>
<id>94091</id>
<name>Kate Brian</name>
<link><![CDATA[https://www.goodreads.com/author/show/94091.Kate_Brian]]></link>
</author>
</authors>
</book>

          <book>
<id>9528186</id>
<title><![CDATA[Pretty Little Liars (TV Series)]]></title>
<title_without_series>Pretty Little Liars</title_without_series>
<link><![CDATA[https://www.goodreads.com/book/show/9528186-pretty-little-liars]]></link>
<small_image_url><![CDATA[https://images.gr-assets.com/books/1379594334s/9528186.jpg]]></small_image_url>
<image_url><![CDATA[https://images.gr-assets.com/books/1379594334m/9528186.jpg]]></image_url>
<num_pages>286</num_pages>
<work>
<id>43302330</id>
</work>
<isbn>613321368X</isbn>
<isbn13>9786133213685</isbn13>
<average_rating>4.46</average_rating>
<ratings_count>11642</ratings_count>
<publication_year>2010</publication_year>
<publication_month>10</publication_month>
<publication_day>2</publication_day>
<authors>
<author>
<id>7209772</id>
<name>Lambert M. Surhone</name>
<link><![CDATA[https://www.goodreads.com/author/show/7209772.Lambert_M_Surhone]]></link>
</author>
</authors>
</book>

          <book>
<id>13015364</id>
<title><![CDATA[Rosewood Confidential: The Unofficial Companion to Pretty Little Liars]]></title>
<title_without_series><![CDATA[Rosewood Confidential: The Unofficial Companion to Pretty Little Liars]]></title_without_series>
<link><![CDATA[https://www.goodreads.com/book/show/13015364-rosewood-confidential]]></link>
<small_image_url><![CDATA[https://images.gr-assets.com/books/1389828031s/13015364.jpg]]></small_image_url>
<image_url><![CDATA[https://images.gr-assets.com/books/1389828031m/13015364.jpg]]></image_url>
<num_pages></num_pages>
<work>
<id>18177394</id>
</work>
<isbn>1770410953</isbn>
<isbn13>9781770410954</isbn13>
<average_rating>4.45</average_rating>
<ratings_count>1812</ratings_count>
<publication_year></publication_year>
<publication_month></publication_month>
<publication_day></publication_day>
<authors>
<author>
<id>3353026</id>
<name>Liv Spencer</name>
<link><![CDATA[https://www.goodreads.com/author/show/3353026.Liv_Spencer]]></link>
</author>
</authors>
</book>

          <book>
<id>7190137</id>
<title><![CDATA[My Little Phony (The Clique, #13)]]></title>
<title_without_series>My Little Phony</title_without_series>
<link><![CDATA[https://www.goodreads.com/book/show/7190137-my-little-phony]]></link>
<small_image_url><![CDATA[https://images.gr-assets.com/books/1279336582s/7190137.jpg]]></small_image_url>
<image_url><![CDATA[https://images.gr-assets.com/books/1279336582m/7190137.jpg]]></image_url>
<num_pages>198</num_pages>
<work>
<id>7759520</id>
</work>
<isbn>0316084441</isbn>
<isbn13>9780316084444</isbn13>
<average_rating>3.87</average_rating>
<ratings_count>3880</ratings_count>
<publication_year>2010</publication_year>
<publication_month>8</publication_month>
<publication_day>3</publication_day>
<authors>
<author>
<id>4605</id>
<name>Lisi Harrison</name>
<link><![CDATA[https://www.goodreads.com/author/show/4605.Lisi_Harrison]]></link>
</author>
</authors>
</book>

          <book>
<id>22189</id>
<title><![CDATA[Nothing Can Keep Us Together (Gossip Girl, #8)]]></title>
<title_without_series>Nothing Can Keep Us Together</title_without_series>
<link><![CDATA[https://www.goodreads.com/book/show/22189.Nothing_Can_Keep_Us_Together]]></link>
<small_image_url><![CDATA[https://s.gr-assets.com/assets/nophoto/book/50x75-a91bf249278a81aabab721ef782c4a74.png]]></small_image_url>
<image_url><![CDATA[https://s.gr-assets.com/assets/nophoto/book/111x148-bcc042a9c91a29c1d680899eff700a03.png]]></image_url>
<num_pages>221</num_pages>
<work>
<id>1596341</id>
</work>
<isbn>0316735094</isbn>
<isbn13>9780316735094</isbn13>
<average_rating>3.65</average_rating>
<ratings_count>9343</ratings_count>
<publication_year>2005</publication_year>
<publication_month>10</publication_month>
<publication_day>5</publication_day>
<authors>
<author>
<id>12665</id>
<name>Cecily von Ziegesar</name>
<link><![CDATA[https://www.goodreads.com/author/show/12665.Cecily_von_Ziegesar]]></link>
</author>
</authors>
</book>

  </similar_books>
</book>

</GoodreadsResponse>