<?xml version="1.0" encoding="UTF-8"?>
<GoodreadsResponse>
  <Request>
    <authentication>true</authentication>
      <key><![CDATA[all_men_must_serve]]></key>
    <method><![CDATA[book_show]]></method>
  </Request>
  <book>
  <id>10433900</id>
  <title>Variant (Variant, #1)</title>
  <isbn><![CDATA[0062026089]]></isbn>
  <isbn13><![CDATA[9780062026088]]></isbn13>
  <asin><![CDATA[]]></asin>
  <kindle_asin><![CDATA[B004XVN1E4]]></kindle_asin>
  <marketplace_id><![CDATA[A1F83G8C2ARO7P]]></marketplace_id>
  <country_code><![CDATA[GB]]></country_code>
  <image_url>https://images.gr-assets.com/books/1298564680m/10433900.jpg</image_url>
  <small_image_url>https://images.gr-assets.com/books/1298564680s/10433900.jpg</small_image_url>
  <publication_year>2011</publication_year>
  <publication_month>10</publication_month>
  <publication_day>4</publication_day>
  <publisher>HarperTeen</publisher>
  <language_code>en-US</language_code>
  <is_ebook>false</is_ebook>
  <description><![CDATA[Benson Fisher thought that a scholarship to Maxfield Academy would be the ticket out of his dead-end life.<br /><br />He was wrong.<br /><br />Now he’s trapped in a school that’s surrounded by a razor-wire fence. A school where video cameras monitor his every move. Where there are no adults. Where the kids have split into groups in order to survive.<br /><br />Where breaking the rules equals death.<br /><br />But when Benson stumbles upon the school’s real secret, he realizes that playing by the rules could spell a fate worse than death, and that escape—his only real hope for survival—may be impossible.]]></description>
  <work>
  <id type="integer">15338406</id>
  <books_count type="integer">19</books_count>
  <best_book_id type="integer">10433900</best_book_id>
  <reviews_count type="integer">49879</reviews_count>
  <ratings_sum type="integer">76255</ratings_sum>
  <ratings_count type="integer">19431</ratings_count>
  <text_reviews_count type="integer">2509</text_reviews_count>
  <original_publication_year type="integer">2011</original_publication_year>
  <original_publication_month type="integer">10</original_publication_month>
  <original_publication_day type="integer">4</original_publication_day>
  <original_title>Variant</original_title>
  <original_language_id type="integer" nil="true"/>
  <media_type>book</media_type>
  <rating_dist>5:6347|4:7103|3:4484|2:1159|1:338|total:19431</rating_dist>
  <desc_user_id type="integer">3594300</desc_user_id>
  <default_chaptering_book_id type="integer" nil="true"/>
  <default_description_language_code nil="true"/>
</work>
  <average_rating>3.92</average_rating>
  <num_pages><![CDATA[373]]></num_pages>
  <format><![CDATA[]]></format>
  <edition_information><![CDATA[]]></edition_information>
  <ratings_count><![CDATA[18480]]></ratings_count>
  <text_reviews_count><![CDATA[2307]]></text_reviews_count>
  <url><![CDATA[https://www.goodreads.com/book/show/10433900-variant]]></url>
  <link><![CDATA[https://www.goodreads.com/book/show/10433900-variant]]></link>
  <authors>
<author>
<id>249025</id>
<name>Robison Wells</name>
<role></role>
<image_url nophoto='true'>
<![CDATA[https://s.gr-assets.com/assets/nophoto/user/m_200x266-d279b33f8eec0f27b7272477f09806be.png]]>
</image_url>
<small_image_url nophoto='true'>
<![CDATA[https://s.gr-assets.com/assets/nophoto/user/m_50x66-82093808bca726cb3249a493fbd3bd0f.png]]>
</small_image_url>
<link><![CDATA[https://www.goodreads.com/author/show/249025.Robison_Wells]]></link>
<average_rating>3.81</average_rating>
<ratings_count>31541</ratings_count>
<text_reviews_count>4304</text_reviews_count>
</author>
</authors>

    <reviews_widget>
      <![CDATA[
        <style>
  #goodreads-widget {
    font-family: georgia, serif;
    padding: 18px 0;
    width:565px;
  }
  #goodreads-widget h1 {
    font-weight:normal;
    font-size: 16px;
    border-bottom: 1px solid #BBB596;
    margin-bottom: 0;
  }
  #goodreads-widget a {
    text-decoration: none;
    color:#660;
  }
  iframe{
    background-color: #fff;
  }
  #goodreads-widget a:hover { text-decoration: underline; }
  #goodreads-widget a:active {
    color:#660;
  }
  #gr_footer {
    width: 100%;
    border-top: 1px solid #BBB596;
    text-align: right;
  }
  #goodreads-widget .gr_branding{
    color: #382110;
    font-size: 11px;
    text-decoration: none;
    font-family: "Helvetica Neue", Helvetica, Arial, sans-serif;
  }
</style>
<div id="goodreads-widget">
  <div id="gr_header"><h1><a rel="nofollow" href="https://www.goodreads.com/book/show/10433900-variant">Variant Reviews</a></h1></div>
  <iframe id="the_iframe" src="https://www.goodreads.com/api/reviews_widget_iframe?did=DEVELOPER_ID&amp;format=html&amp;isbn=0062026089&amp;links=660&amp;min_rating=&amp;review_back=fff&amp;stars=000&amp;text=000" width="565" height="400" frameborder="0"></iframe>
  <div id="gr_footer">
    <a class="gr_branding" target="_blank" rel="nofollow" href="https://www.goodreads.com/book/show/10433900-variant?utm_medium=api&amp;utm_source=reviews_widget">Reviews from Goodreads.com</a>
  </div>
</div>

      ]]>
    </reviews_widget>
  <popular_shelves>
      <shelf name="to-read" count="27626"/>
      <shelf name="young-adult" count="574"/>
      <shelf name="ya" count="358"/>
      <shelf name="dystopian" count="327"/>
      <shelf name="currently-reading" count="326"/>
      <shelf name="science-fiction" count="299"/>
      <shelf name="favorites" count="260"/>
      <shelf name="dystopia" count="256"/>
      <shelf name="sci-fi" count="230"/>
      <shelf name="series" count="167"/>
      <shelf name="mystery" count="138"/>
      <shelf name="fiction" count="102"/>
      <shelf name="books-i-own" count="93"/>
      <shelf name="thriller" count="70"/>
      <shelf name="teen" count="63"/>
      <shelf name="adventure" count="62"/>
      <shelf name="owned" count="59"/>
      <shelf name="library" count="56"/>
      <shelf name="fantasy" count="54"/>
      <shelf name="boarding-school" count="50"/>
      <shelf name="to-buy" count="48"/>
      <shelf name="suspense" count="43"/>
      <shelf name="kindle" count="41"/>
      <shelf name="read-in-2012" count="39"/>
      <shelf name="survival" count="37"/>
      <shelf name="young-adult-fiction" count="33"/>
      <shelf name="maybe" count="32"/>
      <shelf name="audiobook" count="31"/>
      <shelf name="wish-list" count="29"/>
      <shelf name="action" count="28"/>
      <shelf name="first-in-series" count="27"/>
      <shelf name="read-in-2013" count="26"/>
      <shelf name="arc" count="26"/>
      <shelf name="read-2012" count="25"/>
      <shelf name="high-school" count="24"/>
      <shelf name="ya-fiction" count="24"/>
      <shelf name="scifi" count="24"/>
      <shelf name="variant" count="23"/>
      <shelf name="action-adventure" count="21"/>
      <shelf name="romance" count="21"/>
      <shelf name="read-in-2011" count="21"/>
      <shelf name="ebook" count="21"/>
      <shelf name="audiobooks" count="19"/>
      <shelf name="middle-school" count="18"/>
      <shelf name="i-own" count="17"/>
      <shelf name="school" count="17"/>
      <shelf name="read-in-2014" count="16"/>
      <shelf name="read-2014" count="16"/>
      <shelf name="have" count="16"/>
      <shelf name="robots" count="16"/>
      <shelf name="favourites" count="16"/>
      <shelf name="series-to-read" count="16"/>
      <shelf name="horror" count="16"/>
      <shelf name="male-pov" count="16"/>
      <shelf name="audio" count="15"/>
      <shelf name="netgalley" count="15"/>
      <shelf name="my-books" count="14"/>
      <shelf name="ebooks" count="14"/>
      <shelf name="read-2013" count="13"/>
      <shelf name="book-club" count="13"/>
      <shelf name="mystery-thriller" count="13"/>
      <shelf name="dystopian-post-apocalyptic" count="13"/>
      <shelf name="androids" count="12"/>
      <shelf name="4-stars" count="12"/>
      <shelf name="ya-books" count="12"/>
      <shelf name="ya-lit" count="12"/>
      <shelf name="want-to-read" count="12"/>
      <shelf name="default" count="11"/>
      <shelf name="3-stars" count="11"/>
      <shelf name="paranormal" count="11"/>
      <shelf name="owned-books" count="11"/>
      <shelf name="ya-sci-fi" count="11"/>
      <shelf name="part-of-a-series" count="11"/>
      <shelf name="dystopias" count="11"/>
      <shelf name="speculative-fiction" count="11"/>
      <shelf name="must-read" count="11"/>
      <shelf name="maybe-read" count="11"/>
      <shelf name="audio-book" count="10"/>
      <shelf name="first-in-a-series" count="10"/>
      <shelf name="dystopian-fiction" count="10"/>
      <shelf name="favorite-books" count="10"/>
      <shelf name="at-library" count="10"/>
      <shelf name="fantasy-sci-fi" count="10"/>
      <shelf name="reviewed" count="10"/>
      <shelf name="e-books" count="10"/>
      <shelf name="contemporary" count="10"/>
      <shelf name="sci-fi-fantasy" count="10"/>
      <shelf name="e-book" count="10"/>
      <shelf name="2011-release" count="10"/>
      <shelf name="2015-2016-school-year" count="9"/>
      <shelf name="2013-reads" count="9"/>
      <shelf name="ya-dystopian" count="9"/>
      <shelf name="my-library" count="9"/>
      <shelf name="own-to-read" count="9"/>
      <shelf name="teen-fiction" count="9"/>
      <shelf name="might-read" count="9"/>
      <shelf name="2016-2017-school-year" count="8"/>
      <shelf name="distopian" count="8"/>
      <shelf name="on-my-kindle" count="8"/>
      <shelf name="experiments" count="8"/>
  </popular_shelves>
  <book_links>
    <book_link>
  <id>8</id>
  <name>Libraries</name>
  <link>https://www.goodreads.com/book_link/follow/8</link>
</book_link>

  </book_links>
  <buy_links>
    <buy_link>
<id>1</id>
<name>Amazon</name>
<link>https://www.goodreads.com/book_link/follow/1</link>
</buy_link>
<buy_link>
<id>10</id>
<name>Audible</name>
<link>https://www.goodreads.com/book_link/follow/10</link>
</buy_link>
<buy_link>
<id>3</id>
<name>Barnes &amp; Noble</name>
<link>https://www.goodreads.com/book_link/follow/3</link>
</buy_link>
<buy_link>
<id>1027</id>
<name>Kobo</name>
<link>https://www.goodreads.com/book_link/follow/1027</link>
</buy_link>
<buy_link>
<id>2102</id>
<name>Apple iBooks</name>
<link>https://www.goodreads.com/book_link/follow/2102</link>
</buy_link>
<buy_link>
<id>8036</id>
<name>Google Play</name>
<link>https://www.goodreads.com/book_link/follow/8036</link>
</buy_link>
<buy_link>
<id>4</id>
<name>Abebooks</name>
<link>https://www.goodreads.com/book_link/follow/4</link>
</buy_link>
<buy_link>
<id>882</id>
<name>Book Depository</name>
<link>https://www.goodreads.com/book_link/follow/882</link>
</buy_link>
<buy_link>
<id>9</id>
<name>Indigo</name>
<link>https://www.goodreads.com/book_link/follow/9</link>
</buy_link>
<buy_link>
<id>2</id>
<name>Half.com</name>
<link>https://www.goodreads.com/book_link/follow/2</link>
</buy_link>
<buy_link>
<id>5</id>
<name>Alibris</name>
<link>https://www.goodreads.com/book_link/follow/5</link>
</buy_link>
<buy_link>
<id>107</id>
<name>Better World Books</name>
<link>https://www.goodreads.com/book_link/follow/107</link>
</buy_link>
<buy_link>
<id>7</id>
<name>IndieBound</name>
<link>https://www.goodreads.com/book_link/follow/7</link>
</buy_link>

  </buy_links>
  <series_works>
    <series_work>
<id>308032</id>
<user_position>1</user_position>
<series>
<id>68982</id>
<title>
<![CDATA[
    Variant
]]>
</title>
<description>
<![CDATA[
]]>
</description>
<note>
<![CDATA[
]]>
</note>
<series_works_count>2</series_works_count>
<primary_work_count>2</primary_work_count>
<numbered>true</numbered>
</series>

</series_work>

  </series_works>
  <similar_books>
          <book>
<id>10476572</id>
<title>Scored</title>
<title_without_series>Scored</title_without_series>
<link><![CDATA[https://www.goodreads.com/book/show/10476572-scored]]></link>
<small_image_url><![CDATA[https://images.gr-assets.com/books/1328208952s/10476572.jpg]]></small_image_url>
<image_url><![CDATA[https://images.gr-assets.com/books/1328208952m/10476572.jpg]]></image_url>
<num_pages>242</num_pages>
<work>
<id>15381919</id>
</work>
<isbn></isbn>
<isbn13></isbn13>
<average_rating>3.36</average_rating>
<ratings_count>2150</ratings_count>
<publication_year>2011</publication_year>
<publication_month>10</publication_month>
<publication_day>25</publication_day>
<authors>
<author>
<id>1281119</id>
<name>Lauren McLaughlin</name>
<link><![CDATA[https://www.goodreads.com/author/show/1281119.Lauren_McLaughlin]]></link>
</author>
</authors>
</book>

          <book>
<id>10841167</id>
<title>Dark Inside (Dark Inside, #1)</title>
<title_without_series>Dark Inside</title_without_series>
<link><![CDATA[https://www.goodreads.com/book/show/10841167-dark-inside]]></link>
<small_image_url><![CDATA[https://images.gr-assets.com/books/1333198002s/10841167.jpg]]></small_image_url>
<image_url><![CDATA[https://images.gr-assets.com/books/1333198002m/10841167.jpg]]></image_url>
<num_pages>368</num_pages>
<work>
<id>13996404</id>
</work>
<isbn>0230756182</isbn>
<isbn13>9780230756182</isbn13>
<average_rating>3.93</average_rating>
<ratings_count>7975</ratings_count>
<publication_year>2011</publication_year>
<publication_month>9</publication_month>
<publication_day>2</publication_day>
<authors>
<author>
<id>4292165</id>
<name>Jeyn Roberts</name>
<link><![CDATA[https://www.goodreads.com/author/show/4292165.Jeyn_Roberts]]></link>
</author>
</authors>
</book>

          <book>
<id>10459250</id>
<title>Dark Eden (Dark Eden, #1)</title>
<title_without_series>Dark Eden</title_without_series>
<link><![CDATA[https://www.goodreads.com/book/show/10459250-dark-eden]]></link>
<small_image_url><![CDATA[https://images.gr-assets.com/books/1301438263s/10459250.jpg]]></small_image_url>
<image_url><![CDATA[https://images.gr-assets.com/books/1301438263m/10459250.jpg]]></image_url>
<num_pages>336</num_pages>
<work>
<id>15364182</id>
</work>
<isbn>0062009702</isbn>
<isbn13>9780062009708</isbn13>
<average_rating>3.42</average_rating>
<ratings_count>1730</ratings_count>
<publication_year>2011</publication_year>
<publication_month>11</publication_month>
<publication_day>1</publication_day>
<authors>
<author>
<id>46474</id>
<name>Patrick Carman</name>
<link><![CDATA[https://www.goodreads.com/author/show/46474.Patrick_Carman]]></link>
</author>
</authors>
</book>

          <book>
<id>7670714</id>
<title><![CDATA[The Pearl Wars (Skyship Academy, #1)]]></title>
<title_without_series>The Pearl Wars</title_without_series>
<link><![CDATA[https://www.goodreads.com/book/show/7670714-the-pearl-wars]]></link>
<small_image_url><![CDATA[https://images.gr-assets.com/books/1308612590s/7670714.jpg]]></small_image_url>
<image_url><![CDATA[https://images.gr-assets.com/books/1308612590m/7670714.jpg]]></image_url>
<num_pages>376</num_pages>
<work>
<id>10281867</id>
</work>
<isbn>073872341X</isbn>
<isbn13>9780738723419</isbn13>
<average_rating>3.66</average_rating>
<ratings_count>1670</ratings_count>
<publication_year>2011</publication_year>
<publication_month>9</publication_month>
<publication_day>8</publication_day>
<authors>
<author>
<id>4638190</id>
<name>Nick  James</name>
<link><![CDATA[https://www.goodreads.com/author/show/4638190.Nick_James]]></link>
</author>
</authors>
</book>

          <book>
<id>7671562</id>
<title><![CDATA[Ashes, Ashes (Ashes, Ashes, #1)]]></title>
<title_without_series>Ashes, Ashes</title_without_series>
<link><![CDATA[https://www.goodreads.com/book/show/7671562-ashes-ashes]]></link>
<small_image_url><![CDATA[https://images.gr-assets.com/books/1360955048s/7671562.jpg]]></small_image_url>
<image_url><![CDATA[https://images.gr-assets.com/books/1360955048m/7671562.jpg]]></image_url>
<num_pages>344</num_pages>
<work>
<id>10284455</id>
</work>
<isbn>0545255635</isbn>
<isbn13>9780545255639</isbn13>
<average_rating>3.50</average_rating>
<ratings_count>10509</ratings_count>
<publication_year>2011</publication_year>
<publication_month>6</publication_month>
<publication_day>1</publication_day>
<authors>
<author>
<id>1463911</id>
<name>Jo Treggiari</name>
<link><![CDATA[https://www.goodreads.com/author/show/1463911.Jo_Treggiari]]></link>
</author>
</authors>
</book>

          <book>
<id>11115434</id>
<title>Insignia (Insignia, #1)</title>
<title_without_series>Insignia</title_without_series>
<link><![CDATA[https://www.goodreads.com/book/show/11115434-insignia]]></link>
<small_image_url><![CDATA[https://images.gr-assets.com/books/1317833510s/11115434.jpg]]></small_image_url>
<image_url><![CDATA[https://images.gr-assets.com/books/1317833510m/11115434.jpg]]></image_url>
<num_pages>446</num_pages>
<work>
<id>16037981</id>
</work>
<isbn>0062092995</isbn>
<isbn13>9780062092991</isbn13>
<average_rating>4.16</average_rating>
<ratings_count>11269</ratings_count>
<publication_year>2012</publication_year>
<publication_month>7</publication_month>
<publication_day>10</publication_day>
<authors>
<author>
<id>4792223</id>
<name>S.J. Kincaid</name>
<link><![CDATA[https://www.goodreads.com/author/show/4792223.S_J_Kincaid]]></link>
</author>
</authors>
</book>

          <book>
<id>7011735</id>
<title>The Unidentified</title>
<title_without_series>The Unidentified</title_without_series>
<link><![CDATA[https://www.goodreads.com/book/show/7011735-the-unidentified]]></link>
<small_image_url><![CDATA[https://images.gr-assets.com/books/1272766459s/7011735.jpg]]></small_image_url>
<image_url><![CDATA[https://images.gr-assets.com/books/1272766459m/7011735.jpg]]></image_url>
<num_pages>296</num_pages>
<work>
<id>7257022</id>
</work>
<isbn></isbn>
<isbn13></isbn13>
<average_rating>3.43</average_rating>
<ratings_count>3961</ratings_count>
<publication_year>2010</publication_year>
<publication_month>10</publication_month>
<publication_day>5</publication_day>
<authors>
<author>
<id>3126853</id>
<name>Rae Mariz</name>
<link><![CDATA[https://www.goodreads.com/author/show/3126853.Rae_Mariz]]></link>
</author>
</authors>
</book>

          <book>
<id>8514163</id>
<title>Human.4 (Point 4, #1)</title>
<title_without_series>Human.4</title_without_series>
<link><![CDATA[https://www.goodreads.com/book/show/8514163-human-4]]></link>
<small_image_url><![CDATA[https://s.gr-assets.com/assets/nophoto/book/50x75-a91bf249278a81aabab721ef782c4a74.png]]></small_image_url>
<image_url><![CDATA[https://s.gr-assets.com/assets/nophoto/book/111x148-bcc042a9c91a29c1d680899eff700a03.png]]></image_url>
<num_pages>240</num_pages>
<work>
<id>13380643</id>
</work>
<isbn>1606840991</isbn>
<isbn13>9781606840993</isbn13>
<average_rating>3.58</average_rating>
<ratings_count>5288</ratings_count>
<publication_year>2011</publication_year>
<publication_month>3</publication_month>
<publication_day>8</publication_day>
<authors>
<author>
<id>4100198</id>
<name>Mike A. Lancaster</name>
<link><![CDATA[https://www.goodreads.com/author/show/4100198.Mike_A_Lancaster]]></link>
</author>
</authors>
</book>

          <book>
<id>9749291</id>
<title>Neva</title>
<title_without_series>Neva</title_without_series>
<link><![CDATA[https://www.goodreads.com/book/show/9749291-neva]]></link>
<small_image_url><![CDATA[https://images.gr-assets.com/books/1327440614s/9749291.jpg]]></small_image_url>
<image_url><![CDATA[https://images.gr-assets.com/books/1327440614m/9749291.jpg]]></image_url>
<num_pages>349</num_pages>
<work>
<id>11244543</id>
</work>
<isbn>3426283484</isbn>
<isbn13>9783426283486</isbn13>
<average_rating>3.50</average_rating>
<ratings_count>1962</ratings_count>
<publication_year>2011</publication_year>
<publication_month>3</publication_month>
<publication_day>14</publication_day>
<authors>
<author>
<id>1320312</id>
<name>Sara Grant</name>
<link><![CDATA[https://www.goodreads.com/author/show/1320312.Sara_Grant]]></link>
</author>
</authors>
</book>

          <book>
<id>9539169</id>
<title>Silhouetted by the Blue</title>
<title_without_series>Silhouetted by the Blue</title_without_series>
<link><![CDATA[https://www.goodreads.com/book/show/9539169-silhouetted-by-the-blue]]></link>
<small_image_url><![CDATA[https://images.gr-assets.com/books/1317067299s/9539169.jpg]]></small_image_url>
<image_url><![CDATA[https://images.gr-assets.com/books/1317067299m/9539169.jpg]]></image_url>
<num_pages>208</num_pages>
<work>
<id>14425391</id>
</work>
<isbn>0374369143</isbn>
<isbn13>9780374369149</isbn13>
<average_rating>3.71</average_rating>
<ratings_count>366</ratings_count>
<publication_year>2011</publication_year>
<publication_month>7</publication_month>
<publication_day>19</publication_day>
<authors>
<author>
<id>120924</id>
<name>Traci L. Jones</name>
<link><![CDATA[https://www.goodreads.com/author/show/120924.Traci_L_Jones]]></link>
</author>
</authors>
</book>

          <book>
<id>6580515</id>
<title>Epitaph Road</title>
<title_without_series>Epitaph Road</title_without_series>
<link><![CDATA[https://www.goodreads.com/book/show/6580515-epitaph-road]]></link>
<small_image_url><![CDATA[https://images.gr-assets.com/books/1320536625s/6580515.jpg]]></small_image_url>
<image_url><![CDATA[https://images.gr-assets.com/books/1320536625m/6580515.jpg]]></image_url>
<num_pages>272</num_pages>
<work>
<id>6773947</id>
</work>
<isbn>160684055X</isbn>
<isbn13>9781606840559</isbn13>
<average_rating>3.43</average_rating>
<ratings_count>1636</ratings_count>
<publication_year>2010</publication_year>
<publication_month>3</publication_month>
<publication_day>23</publication_day>
<authors>
<author>
<id>202449</id>
<name>David Patneaude</name>
<link><![CDATA[https://www.goodreads.com/author/show/202449.David_Patneaude]]></link>
</author>
</authors>
</book>

          <book>
<id>10424929</id>
<title>The Silence of Murder</title>
<title_without_series>The Silence of Murder</title_without_series>
<link><![CDATA[https://www.goodreads.com/book/show/10424929-the-silence-of-murder]]></link>
<small_image_url><![CDATA[https://images.gr-assets.com/books/1344369366s/10424929.jpg]]></small_image_url>
<image_url><![CDATA[https://images.gr-assets.com/books/1344369366m/10424929.jpg]]></image_url>
<num_pages>336</num_pages>
<work>
<id>15329294</id>
</work>
<isbn>0375868968</isbn>
<isbn13>9780375868962</isbn13>
<average_rating>3.80</average_rating>
<ratings_count>1083</ratings_count>
<publication_year>2011</publication_year>
<publication_month>10</publication_month>
<publication_day>11</publication_day>
<authors>
<author>
<id>38952</id>
<name>Dandi Daley Mackall</name>
<link><![CDATA[https://www.goodreads.com/author/show/38952.Dandi_Daley_Mackall]]></link>
</author>
</authors>
</book>

          <book>
<id>11706625</id>
<title>Truth (XVI, #2)</title>
<title_without_series>Truth</title_without_series>
<link><![CDATA[https://www.goodreads.com/book/show/11706625-truth]]></link>
<small_image_url><![CDATA[https://images.gr-assets.com/books/1327954411s/11706625.jpg]]></small_image_url>
<image_url><![CDATA[https://images.gr-assets.com/books/1327954411m/11706625.jpg]]></image_url>
<num_pages>299</num_pages>
<work>
<id>15751878</id>
</work>
<isbn>0142417726</isbn>
<isbn13>9780142417720</isbn13>
<average_rating>3.72</average_rating>
<ratings_count>1587</ratings_count>
<publication_year>2012</publication_year>
<publication_month>1</publication_month>
<publication_day>19</publication_day>
<authors>
<author>
<id>3100203</id>
<name>Julia Karr</name>
<link><![CDATA[https://www.goodreads.com/author/show/3100203.Julia_Karr]]></link>
</author>
</authors>
</book>

          <book>
<id>10369932</id>
<title>The Eleventh Plague</title>
<title_without_series>The Eleventh Plague</title_without_series>
<link><![CDATA[https://www.goodreads.com/book/show/10369932-the-eleventh-plague]]></link>
<small_image_url><![CDATA[https://images.gr-assets.com/books/1300474622s/10369932.jpg]]></small_image_url>
<image_url><![CDATA[https://images.gr-assets.com/books/1300474622m/10369932.jpg]]></image_url>
<num_pages>278</num_pages>
<work>
<id>15185764</id>
</work>
<isbn>0545290147</isbn>
<isbn13>9780545290142</isbn13>
<average_rating>3.49</average_rating>
<ratings_count>11639</ratings_count>
<publication_year>2011</publication_year>
<publication_month>9</publication_month>
<publication_day>1</publication_day>
<authors>
<author>
<id>383583</id>
<name>Jeff Hirsch</name>
<link><![CDATA[https://www.goodreads.com/author/show/383583.Jeff_Hirsch]]></link>
</author>
</authors>
</book>

          <book>
<id>11341277</id>
<title>Tankborn (Tankborn, #1)</title>
<title_without_series>Tankborn</title_without_series>
<link><![CDATA[https://www.goodreads.com/book/show/11341277-tankborn]]></link>
<small_image_url><![CDATA[https://images.gr-assets.com/books/1335121627s/11341277.jpg]]></small_image_url>
<image_url><![CDATA[https://images.gr-assets.com/books/1335121627m/11341277.jpg]]></image_url>
<num_pages>373</num_pages>
<work>
<id>16270334</id>
</work>
<isbn>1600606628</isbn>
<isbn13>9781600606625</isbn13>
<average_rating>3.66</average_rating>
<ratings_count>1342</ratings_count>
<publication_year>2013</publication_year>
<publication_month>4</publication_month>
<publication_day>1</publication_day>
<authors>
<author>
<id>72986</id>
<name>Karen Sandler</name>
<link><![CDATA[https://www.goodreads.com/author/show/72986.Karen_Sandler]]></link>
</author>
</authors>
</book>

          <book>
<id>2696181</id>
<title><![CDATA[The Compound (The Compound, #1)]]></title>
<title_without_series>The Compound</title_without_series>
<link><![CDATA[https://www.goodreads.com/book/show/2696181-the-compound]]></link>
<small_image_url><![CDATA[https://s.gr-assets.com/assets/nophoto/book/50x75-a91bf249278a81aabab721ef782c4a74.png]]></small_image_url>
<image_url><![CDATA[https://s.gr-assets.com/assets/nophoto/book/111x148-bcc042a9c91a29c1d680899eff700a03.png]]></image_url>
<num_pages>256</num_pages>
<work>
<id>2721510</id>
</work>
<isbn>0312370156</isbn>
<isbn13>9780312370152</isbn13>
<average_rating>3.87</average_rating>
<ratings_count>18520</ratings_count>
<publication_year></publication_year>
<publication_month></publication_month>
<publication_day></publication_day>
<authors>
<author>
<id>1182751</id>
<name>S.A. Bodeen</name>
<link><![CDATA[https://www.goodreads.com/author/show/1182751.S_A_Bodeen]]></link>
</author>
</authors>
</book>

          <book>
<id>10117722</id>
<title>20 Years Later</title>
<title_without_series>20 Years Later</title_without_series>
<link><![CDATA[https://www.goodreads.com/book/show/10117722-20-years-later]]></link>
<small_image_url><![CDATA[https://images.gr-assets.com/books/1331927963s/10117722.jpg]]></small_image_url>
<image_url><![CDATA[https://images.gr-assets.com/books/1331927963m/10117722.jpg]]></image_url>
<num_pages>313</num_pages>
<work>
<id>14627324</id>
</work>
<isbn>0984498125</isbn>
<isbn13>9780984498123</isbn13>
<average_rating>3.52</average_rating>
<ratings_count>662</ratings_count>
<publication_year>2011</publication_year>
<publication_month>7</publication_month>
<publication_day>5</publication_day>
<authors>
<author>
<id>3329042</id>
<name>Emma Newman</name>
<link><![CDATA[https://www.goodreads.com/author/show/3329042.Emma_Newman]]></link>
</author>
</authors>
</book>

          <book>
<id>9644151</id>
<title>Ashfall (Ashfall, #1)</title>
<title_without_series>Ashfall</title_without_series>
<link><![CDATA[https://www.goodreads.com/book/show/9644151-ashfall]]></link>
<small_image_url><![CDATA[https://images.gr-assets.com/books/1301592315s/9644151.jpg]]></small_image_url>
<image_url><![CDATA[https://images.gr-assets.com/books/1301592315m/9644151.jpg]]></image_url>
<num_pages>476</num_pages>
<work>
<id>14531613</id>
</work>
<isbn>1933718552</isbn>
<isbn13>9781933718552</isbn13>
<average_rating>3.96</average_rating>
<ratings_count>19785</ratings_count>
<publication_year>2011</publication_year>
<publication_month>10</publication_month>
<publication_day>11</publication_day>
<authors>
<author>
<id>4445700</id>
<name>Mike Mullin</name>
<link><![CDATA[https://www.goodreads.com/author/show/4445700.Mike_Mullin]]></link>
</author>
</authors>
</book>

  </similar_books>
</book>

</GoodreadsResponse>