<?xml version="1.0" encoding="UTF-8"?>
<GoodreadsResponse>
  <Request>
    <authentication>true</authentication>
      <key><![CDATA[all_men_must_serve]]></key>
    <method><![CDATA[book_show]]></method>
  </Request>
  <book>
  <id>10431447</id>
  <title><![CDATA[Wildwood (Wildwood Chronicles, #1)]]></title>
  <isbn><![CDATA[006202468X]]></isbn>
  <isbn13><![CDATA[9780062024688]]></isbn13>
  <asin><![CDATA[]]></asin>
  <kindle_asin><![CDATA[B006CGTQB0]]></kindle_asin>
  <marketplace_id><![CDATA[A1F83G8C2ARO7P]]></marketplace_id>
  <country_code><![CDATA[GB]]></country_code>
  <image_url>https://s.gr-assets.com/assets/nophoto/book/111x148-bcc042a9c91a29c1d680899eff700a03.png</image_url>
  <small_image_url>https://s.gr-assets.com/assets/nophoto/book/50x75-a91bf249278a81aabab721ef782c4a74.png</small_image_url>
  <publication_year>2011</publication_year>
  <publication_month>8</publication_month>
  <publication_day>30</publication_day>
  <publisher>Balzer + Bray</publisher>
  <language_code>eng</language_code>
  <is_ebook>false</is_ebook>
  <description><![CDATA[The first book in the epic middle-grade fantasy series full of magic, wonder, and danger—nothing less than an American Narnia—from Colin Meloy, lead singer of the highly celebrated band the Decemberists, and Carson Ellis, the acclaimed illustrator of the New York Times bestselling The Mysterious Benedict Society.<br /><br /><b><i>Wildwood</i> is the first in the Wildwood Chronicles trilogy.</b>]]></description>
  <work>
  <id type="integer">12905469</id>
  <books_count type="integer">38</books_count>
  <best_book_id type="integer">10431447</best_book_id>
  <reviews_count type="integer">50296</reviews_count>
  <ratings_sum type="integer">73467</ratings_sum>
  <ratings_count type="integer">20229</ratings_count>
  <text_reviews_count type="integer">2799</text_reviews_count>
  <original_publication_year type="integer">2011</original_publication_year>
  <original_publication_month type="integer">8</original_publication_month>
  <original_publication_day type="integer">30</original_publication_day>
  <original_title>Wildwood</original_title>
  <original_language_id type="integer" nil="true"/>
  <media_type>book</media_type>
  <rating_dist>5:4761|4:6940|3:5683|2:2008|1:837|total:20229</rating_dist>
  <desc_user_id type="integer">15822735</desc_user_id>
  <default_chaptering_book_id type="integer" nil="true"/>
  <default_description_language_code nil="true"/>
</work>
  <average_rating>3.63</average_rating>
  <num_pages><![CDATA[560]]></num_pages>
  <format><![CDATA[Hardcover]]></format>
  <edition_information><![CDATA[]]></edition_information>
  <ratings_count><![CDATA[18791]]></ratings_count>
  <text_reviews_count><![CDATA[2558]]></text_reviews_count>
  <url><![CDATA[https://www.goodreads.com/book/show/10431447-wildwood]]></url>
  <link><![CDATA[https://www.goodreads.com/book/show/10431447-wildwood]]></link>
  <authors>
<author>
<id>10741</id>
<name>Colin Meloy</name>
<role></role>
<image_url nophoto='false'>
<![CDATA[https://images.gr-assets.com/authors/1195231258p5/10741.jpg]]>
</image_url>
<small_image_url nophoto='false'>
<![CDATA[https://images.gr-assets.com/authors/1195231258p2/10741.jpg]]>
</small_image_url>
<link><![CDATA[https://www.goodreads.com/author/show/10741.Colin_Meloy]]></link>
<average_rating>3.71</average_rating>
<ratings_count>27884</ratings_count>
<text_reviews_count>3661</text_reviews_count>
</author>
<author>
<id>428566</id>
<name>Carson Ellis</name>
<role>Illustrations</role>
<image_url nophoto='false'>
<![CDATA[https://images.gr-assets.com/authors/1413401863p5/428566.jpg]]>
</image_url>
<small_image_url nophoto='false'>
<![CDATA[https://images.gr-assets.com/authors/1413401863p2/428566.jpg]]>
</small_image_url>
<link><![CDATA[https://www.goodreads.com/author/show/428566.Carson_Ellis]]></link>
<average_rating>4.04</average_rating>
<ratings_count>124438</ratings_count>
<text_reviews_count>13072</text_reviews_count>
</author>
</authors>

    <reviews_widget>
      <![CDATA[
        <style>
  #goodreads-widget {
    font-family: georgia, serif;
    padding: 18px 0;
    width:565px;
  }
  #goodreads-widget h1 {
    font-weight:normal;
    font-size: 16px;
    border-bottom: 1px solid #BBB596;
    margin-bottom: 0;
  }
  #goodreads-widget a {
    text-decoration: none;
    color:#660;
  }
  iframe{
    background-color: #fff;
  }
  #goodreads-widget a:hover { text-decoration: underline; }
  #goodreads-widget a:active {
    color:#660;
  }
  #gr_footer {
    width: 100%;
    border-top: 1px solid #BBB596;
    text-align: right;
  }
  #goodreads-widget .gr_branding{
    color: #382110;
    font-size: 11px;
    text-decoration: none;
    font-family: "Helvetica Neue", Helvetica, Arial, sans-serif;
  }
</style>
<div id="goodreads-widget">
  <div id="gr_header"><h1><a rel="nofollow" href="https://www.goodreads.com/book/show/10431447-wildwood">Wildwood Reviews</a></h1></div>
  <iframe id="the_iframe" src="https://www.goodreads.com/api/reviews_widget_iframe?did=DEVELOPER_ID&amp;format=html&amp;isbn=006202468X&amp;links=660&amp;min_rating=&amp;review_back=fff&amp;stars=000&amp;text=000" width="565" height="400" frameborder="0"></iframe>
  <div id="gr_footer">
    <a class="gr_branding" target="_blank" rel="nofollow" href="https://www.goodreads.com/book/show/10431447-wildwood?utm_medium=api&amp;utm_source=reviews_widget">Reviews from Goodreads.com</a>
  </div>
</div>

      ]]>
    </reviews_widget>
  <popular_shelves>
      <shelf name="to-read" count="13837"/>
      <shelf name="currently-reading" count="1736"/>
      <shelf name="fantasy" count="999"/>
      <shelf name="young-adult" count="360"/>
      <shelf name="fiction" count="329"/>
      <shelf name="middle-grade" count="241"/>
      <shelf name="ya" count="189"/>
      <shelf name="favorites" count="180"/>
      <shelf name="childrens" count="178"/>
      <shelf name="books-i-own" count="160"/>
      <shelf name="adventure" count="141"/>
      <shelf name="series" count="121"/>
      <shelf name="children-s" count="119"/>
      <shelf name="children" count="119"/>
      <shelf name="owned" count="115"/>
      <shelf name="kids" count="107"/>
      <shelf name="abandoned" count="90"/>
      <shelf name="children-s-books" count="73"/>
      <shelf name="juvenile" count="56"/>
      <shelf name="library" count="54"/>
      <shelf name="kids-books" count="45"/>
      <shelf name="to-buy" count="45"/>
      <shelf name="did-not-finish" count="43"/>
      <shelf name="animals" count="43"/>
      <shelf name="magic" count="41"/>
      <shelf name="unfinished" count="40"/>
      <shelf name="childrens-books" count="40"/>
      <shelf name="children-s-literature" count="38"/>
      <shelf name="sci-fi-fantasy" count="36"/>
      <shelf name="juvenile-fiction" count="36"/>
      <shelf name="audio" count="35"/>
      <shelf name="middle-school" count="35"/>
      <shelf name="owned-books" count="35"/>
      <shelf name="audiobook" count="34"/>
      <shelf name="didn-t-finish" count="31"/>
      <shelf name="ya-fantasy" count="30"/>
      <shelf name="children-s-lit" count="30"/>
      <shelf name="read-in-2014" count="29"/>
      <shelf name="book-club" count="27"/>
      <shelf name="read-in-2013" count="26"/>
      <shelf name="read-in-2012" count="25"/>
      <shelf name="novels" count="24"/>
      <shelf name="kid-lit" count="24"/>
      <shelf name="kindle" count="23"/>
      <shelf name="audiobooks" count="23"/>
      <shelf name="fantasy-sci-fi" count="23"/>
      <shelf name="illustrated" count="21"/>
      <shelf name="family" count="21"/>
      <shelf name="read-2014" count="20"/>
      <shelf name="ebook" count="20"/>
      <shelf name="fairy-tales" count="20"/>
      <shelf name="default" count="19"/>
      <shelf name="magical-realism" count="19"/>
      <shelf name="childrens-lit" count="19"/>
      <shelf name="children-s-fiction" count="19"/>
      <shelf name="mg" count="19"/>
      <shelf name="audio-books" count="18"/>
      <shelf name="mystery" count="18"/>
      <shelf name="ebooks" count="18"/>
      <shelf name="friendship" count="18"/>
      <shelf name="tbr" count="17"/>
      <shelf name="my-books" count="17"/>
      <shelf name="on-hold" count="17"/>
      <shelf name="gave-up-on" count="17"/>
      <shelf name="talking-animals" count="17"/>
      <shelf name="contemporary" count="17"/>
      <shelf name="read-in-2015" count="16"/>
      <shelf name="dnf" count="16"/>
      <shelf name="my-library" count="16"/>
      <shelf name="own-to-read" count="16"/>
      <shelf name="middle-grades" count="16"/>
      <shelf name="favourites" count="16"/>
      <shelf name="wish-list" count="16"/>
      <shelf name="read-aloud" count="15"/>
      <shelf name="youth" count="15"/>
      <shelf name="21st-century" count="15"/>
      <shelf name="ya-fiction" count="15"/>
      <shelf name="gave-up" count="15"/>
      <shelf name="borrowed" count="15"/>
      <shelf name="i-own" count="15"/>
      <shelf name="read-in-2016" count="14"/>
      <shelf name="never-finished" count="14"/>
      <shelf name="young-adult-fiction" count="14"/>
      <shelf name="couldn-t-finish" count="14"/>
      <shelf name="chapter-books" count="14"/>
      <shelf name="war" count="14"/>
      <shelf name="portland" count="14"/>
      <shelf name="urban-fantasy" count="14"/>
      <shelf name="action-adventure" count="13"/>
      <shelf name="american" count="13"/>
      <shelf name="read-in-2011" count="13"/>
      <shelf name="maybe" count="13"/>
      <shelf name="tween" count="13"/>
      <shelf name="j-fiction" count="13"/>
      <shelf name="arc" count="13"/>
      <shelf name="own-it" count="12"/>
      <shelf name="library-books" count="12"/>
      <shelf name="audio-book" count="12"/>
      <shelf name="owned-tbr" count="11"/>
      <shelf name="for-the-kids" count="11"/>
  </popular_shelves>
  <book_links>
    <book_link>
  <id>8</id>
  <name>Libraries</name>
  <link>https://www.goodreads.com/book_link/follow/8</link>
</book_link>

  </book_links>
  <buy_links>
    <buy_link>
<id>1</id>
<name>Amazon</name>
<link>https://www.goodreads.com/book_link/follow/1</link>
</buy_link>
<buy_link>
<id>10</id>
<name>Audible</name>
<link>https://www.goodreads.com/book_link/follow/10</link>
</buy_link>
<buy_link>
<id>3</id>
<name>Barnes &amp; Noble</name>
<link>https://www.goodreads.com/book_link/follow/3</link>
</buy_link>
<buy_link>
<id>1027</id>
<name>Kobo</name>
<link>https://www.goodreads.com/book_link/follow/1027</link>
</buy_link>
<buy_link>
<id>2102</id>
<name>Apple iBooks</name>
<link>https://www.goodreads.com/book_link/follow/2102</link>
</buy_link>
<buy_link>
<id>8036</id>
<name>Google Play</name>
<link>https://www.goodreads.com/book_link/follow/8036</link>
</buy_link>
<buy_link>
<id>4</id>
<name>Abebooks</name>
<link>https://www.goodreads.com/book_link/follow/4</link>
</buy_link>
<buy_link>
<id>882</id>
<name>Book Depository</name>
<link>https://www.goodreads.com/book_link/follow/882</link>
</buy_link>
<buy_link>
<id>9</id>
<name>Indigo</name>
<link>https://www.goodreads.com/book_link/follow/9</link>
</buy_link>
<buy_link>
<id>2</id>
<name>Half.com</name>
<link>https://www.goodreads.com/book_link/follow/2</link>
</buy_link>
<buy_link>
<id>5</id>
<name>Alibris</name>
<link>https://www.goodreads.com/book_link/follow/5</link>
</buy_link>
<buy_link>
<id>107</id>
<name>Better World Books</name>
<link>https://www.goodreads.com/book_link/follow/107</link>
</buy_link>
<buy_link>
<id>7</id>
<name>IndieBound</name>
<link>https://www.goodreads.com/book_link/follow/7</link>
</buy_link>

  </buy_links>
  <series_works>
    <series_work>
<id>265394</id>
<user_position>1</user_position>
<series>
<id>61711</id>
<title>
<![CDATA[
    Wildwood Chronicles
]]>
</title>
<description>
<![CDATA[
    A middle-grade adventure series set in an alternate version of modern-day Portland.
]]>
</description>
<note>
<![CDATA[
]]>
</note>
<series_works_count>4</series_works_count>
<primary_work_count>3</primary_work_count>
<numbered>true</numbered>
</series>

</series_work>

  </series_works>
  <similar_books>
          <book>
<id>11595220</id>
<title><![CDATA[Cold Cereal (The Cold Cereal Saga, #1)]]></title>
<title_without_series>Cold Cereal</title_without_series>
<link><![CDATA[https://www.goodreads.com/book/show/11595220-cold-cereal]]></link>
<small_image_url><![CDATA[https://images.gr-assets.com/books/1321973206s/11595220.jpg]]></small_image_url>
<image_url><![CDATA[https://images.gr-assets.com/books/1321973206m/11595220.jpg]]></image_url>
<num_pages></num_pages>
<work>
<id>16537151</id>
</work>
<isbn>0062060023</isbn>
<isbn13>9780062060020</isbn13>
<average_rating>3.68</average_rating>
<ratings_count>1778</ratings_count>
<publication_year></publication_year>
<publication_month></publication_month>
<publication_day></publication_day>
<authors>
<author>
<id>11137</id>
<name>Adam Rex</name>
<link><![CDATA[https://www.goodreads.com/author/show/11137.Adam_Rex]]></link>
</author>
</authors>
</book>

          <book>
<id>6609748</id>
<title><![CDATA[The Mysterious Howling (The Incorrigible Children of Ashton Place #1)]]></title>
<title_without_series>The Mysterious Howling</title_without_series>
<link><![CDATA[https://www.goodreads.com/book/show/6609748-the-mysterious-howling]]></link>
<small_image_url><![CDATA[https://s.gr-assets.com/assets/nophoto/book/50x75-a91bf249278a81aabab721ef782c4a74.png]]></small_image_url>
<image_url><![CDATA[https://s.gr-assets.com/assets/nophoto/book/111x148-bcc042a9c91a29c1d680899eff700a03.png]]></image_url>
<num_pages>267</num_pages>
<work>
<id>6803715</id>
</work>
<isbn>0061791059</isbn>
<isbn13>9780061791055</isbn13>
<average_rating>3.88</average_rating>
<ratings_count>13434</ratings_count>
<publication_year>2010</publication_year>
<publication_month>3</publication_month>
<publication_day>1</publication_day>
<authors>
<author>
<id>225455</id>
<name>Maryrose Wood</name>
<link><![CDATA[https://www.goodreads.com/author/show/225455.Maryrose_Wood]]></link>
</author>
</authors>
</book>

          <book>
<id>10481268</id>
<title><![CDATA[The Apothecary (The Apothecary, #1)]]></title>
<title_without_series>The Apothecary</title_without_series>
<link><![CDATA[https://www.goodreads.com/book/show/10481268-the-apothecary]]></link>
<small_image_url><![CDATA[https://images.gr-assets.com/books/1327916818s/10481268.jpg]]></small_image_url>
<image_url><![CDATA[https://images.gr-assets.com/books/1327916818m/10481268.jpg]]></image_url>
<num_pages>362</num_pages>
<work>
<id>15386726</id>
</work>
<isbn>039925627X</isbn>
<isbn13>9780399256271</isbn13>
<average_rating>4.02</average_rating>
<ratings_count>9734</ratings_count>
<publication_year>2011</publication_year>
<publication_month>10</publication_month>
<publication_day>4</publication_day>
<authors>
<author>
<id>10739</id>
<name>Maile Meloy</name>
<link><![CDATA[https://www.goodreads.com/author/show/10739.Maile_Meloy]]></link>
</author>
</authors>
</book>

          <book>
<id>13455553</id>
<title><![CDATA[The Peculiar (The Peculiar, #1)]]></title>
<title_without_series>The Peculiar</title_without_series>
<link><![CDATA[https://www.goodreads.com/book/show/13455553-the-peculiar]]></link>
<small_image_url><![CDATA[https://images.gr-assets.com/books/1342944438s/13455553.jpg]]></small_image_url>
<image_url><![CDATA[https://images.gr-assets.com/books/1342944438m/13455553.jpg]]></image_url>
<num_pages>376</num_pages>
<work>
<id>18983909</id>
</work>
<isbn>0062195182</isbn>
<isbn13>9780062195180</isbn13>
<average_rating>3.63</average_rating>
<ratings_count>3565</ratings_count>
<publication_year>2012</publication_year>
<publication_month>9</publication_month>
<publication_day>18</publication_day>
<authors>
<author>
<id>5626138</id>
<name>Stefan Bachmann</name>
<link><![CDATA[https://www.goodreads.com/author/show/5626138.Stefan_Bachmann]]></link>
</author>
</authors>
</book>

          <book>
<id>6609744</id>
<title><![CDATA[Kat, Incorrigible (Kat, Incorrigible, #1)]]></title>
<title_without_series>Kat, Incorrigible</title_without_series>
<link><![CDATA[https://www.goodreads.com/book/show/6609744-kat-incorrigible]]></link>
<small_image_url><![CDATA[https://s.gr-assets.com/assets/nophoto/book/50x75-a91bf249278a81aabab721ef782c4a74.png]]></small_image_url>
<image_url><![CDATA[https://s.gr-assets.com/assets/nophoto/book/111x148-bcc042a9c91a29c1d680899eff700a03.png]]></image_url>
<num_pages></num_pages>
<work>
<id>6629179</id>
</work>
<isbn>1416994475</isbn>
<isbn13>9781416994473</isbn13>
<average_rating>3.96</average_rating>
<ratings_count>3349</ratings_count>
<publication_year>2011</publication_year>
<publication_month>4</publication_month>
<publication_day>5</publication_day>
<authors>
<author>
<id>2172337</id>
<name>Stephanie Burgis</name>
<link><![CDATA[https://www.goodreads.com/author/show/2172337.Stephanie_Burgis]]></link>
</author>
</authors>
</book>

          <book>
<id>12711152</id>
<title><![CDATA[Horten's Miraculous Mechanisms: Magic, Mystery, & a Very Strange Adventure]]></title>
<title_without_series><![CDATA[Horten's Miraculous Mechanisms: Magic, Mystery, & a Very Strange Adventure]]></title_without_series>
<link><![CDATA[https://www.goodreads.com/book/show/12711152-horten-s-miraculous-mechanisms]]></link>
<small_image_url><![CDATA[https://images.gr-assets.com/books/1324692556s/12711152.jpg]]></small_image_url>
<image_url><![CDATA[https://images.gr-assets.com/books/1324692556m/12711152.jpg]]></image_url>
<num_pages></num_pages>
<work>
<id>17844849</id>
</work>
<isbn>1402798067</isbn>
<isbn13>9781402798061</isbn13>
<average_rating>3.90</average_rating>
<ratings_count>2663</ratings_count>
<publication_year></publication_year>
<publication_month></publication_month>
<publication_day></publication_day>
<authors>
<author>
<id>801712</id>
<name>Lissa Evans</name>
<link><![CDATA[https://www.goodreads.com/author/show/801712.Lissa_Evans]]></link>
</author>
</authors>
</book>

          <book>
<id>10637959</id>
<title>Breadcrumbs</title>
<title_without_series>Breadcrumbs</title_without_series>
<link><![CDATA[https://www.goodreads.com/book/show/10637959-breadcrumbs]]></link>
<small_image_url><![CDATA[https://images.gr-assets.com/books/1300592738s/10637959.jpg]]></small_image_url>
<image_url><![CDATA[https://images.gr-assets.com/books/1300592738m/10637959.jpg]]></image_url>
<num_pages>312</num_pages>
<work>
<id>15546655</id>
</work>
<isbn>0062015052</isbn>
<isbn13>9780062015051</isbn13>
<average_rating>3.75</average_rating>
<ratings_count>9973</ratings_count>
<publication_year>2011</publication_year>
<publication_month>9</publication_month>
<publication_day>27</publication_day>
<authors>
<author>
<id>122302</id>
<name>Anne Ursu</name>
<link><![CDATA[https://www.goodreads.com/author/show/122302.Anne_Ursu]]></link>
</author>
</authors>
</book>

          <book>
<id>11891485</id>
<title>And Then It&apos;s Spring</title>
<title_without_series>And Then It&apos;s Spring</title_without_series>
<link><![CDATA[https://www.goodreads.com/book/show/11891485-and-then-it-s-spring]]></link>
<small_image_url><![CDATA[https://images.gr-assets.com/books/1317794308s/11891485.jpg]]></small_image_url>
<image_url><![CDATA[https://images.gr-assets.com/books/1317794308m/11891485.jpg]]></image_url>
<num_pages>32</num_pages>
<work>
<id>16850550</id>
</work>
<isbn>1596436247</isbn>
<isbn13>9781596436244</isbn13>
<average_rating>3.91</average_rating>
<ratings_count>3714</ratings_count>
<publication_year>2012</publication_year>
<publication_month>2</publication_month>
<publication_day>14</publication_day>
<authors>
<author>
<id>4999425</id>
<name>Julie Fogliano</name>
<link><![CDATA[https://www.goodreads.com/author/show/4999425.Julie_Fogliano]]></link>
</author>
</authors>
</book>

          <book>
<id>10425811</id>
<title>Liesl &amp; Po</title>
<title_without_series>Liesl &amp; Po</title_without_series>
<link><![CDATA[https://www.goodreads.com/book/show/10425811-liesl-po]]></link>
<small_image_url><![CDATA[https://images.gr-assets.com/books/1298937848s/10425811.jpg]]></small_image_url>
<image_url><![CDATA[https://images.gr-assets.com/books/1298937848m/10425811.jpg]]></image_url>
<num_pages>307</num_pages>
<work>
<id>14615333</id>
</work>
<isbn>006201451X</isbn>
<isbn13>9780062014511</isbn13>
<average_rating>3.85</average_rating>
<ratings_count>8366</ratings_count>
<publication_year>2011</publication_year>
<publication_month>10</publication_month>
<publication_day>4</publication_day>
<authors>
<author>
<id>2936493</id>
<name>Lauren Oliver</name>
<link><![CDATA[https://www.goodreads.com/author/show/2936493.Lauren_Oliver]]></link>
</author>
</authors>
</book>

          <book>
<id>10806008</id>
<title><![CDATA[Peter Nimble and His Fantastic Eyes (Peter Nimble, #1)]]></title>
<title_without_series><![CDATA[Peter Nimble and His Fantastic Eyes]]></title_without_series>
<link><![CDATA[https://www.goodreads.com/book/show/10806008-peter-nimble-and-his-fantastic-eyes]]></link>
<small_image_url><![CDATA[https://images.gr-assets.com/books/1353594747s/10806008.jpg]]></small_image_url>
<image_url><![CDATA[https://images.gr-assets.com/books/1353594747m/10806008.jpg]]></image_url>
<num_pages>400</num_pages>
<work>
<id>15719446</id>
</work>
<isbn>1419700251</isbn>
<isbn13>9781419700255</isbn13>
<average_rating>4.04</average_rating>
<ratings_count>6302</ratings_count>
<publication_year>2011</publication_year>
<publication_month>8</publication_month>
<publication_day>1</publication_day>
<authors>
<author>
<id>4722094</id>
<name>Jonathan Auxier</name>
<link><![CDATA[https://www.goodreads.com/author/show/4722094.Jonathan_Auxier]]></link>
</author>
</authors>
</book>

          <book>
<id>9869553</id>
<title>Juniper Berry</title>
<title_without_series>Juniper Berry</title_without_series>
<link><![CDATA[https://www.goodreads.com/book/show/9869553-juniper-berry]]></link>
<small_image_url><![CDATA[https://images.gr-assets.com/books/1301062189s/9869553.jpg]]></small_image_url>
<image_url><![CDATA[https://images.gr-assets.com/books/1301062189m/9869553.jpg]]></image_url>
<num_pages>227</num_pages>
<work>
<id>10281972</id>
</work>
<isbn>0061998699</isbn>
<isbn13>9780061998690</isbn13>
<average_rating>3.75</average_rating>
<ratings_count>1537</ratings_count>
<publication_year>2011</publication_year>
<publication_month>4</publication_month>
<publication_day>26</publication_day>
<authors>
<author>
<id>4671817</id>
<name>M.P. Kozlowsky</name>
<link><![CDATA[https://www.goodreads.com/author/show/4671817.M_P_Kozlowsky]]></link>
</author>
</authors>
</book>

          <book>
<id>9975313</id>
<title>The Humming Room</title>
<title_without_series>The Humming Room</title_without_series>
<link><![CDATA[https://www.goodreads.com/book/show/9975313-the-humming-room]]></link>
<small_image_url><![CDATA[https://images.gr-assets.com/books/1317793788s/9975313.jpg]]></small_image_url>
<image_url><![CDATA[https://images.gr-assets.com/books/1317793788m/9975313.jpg]]></image_url>
<num_pages>192</num_pages>
<work>
<id>14869677</id>
</work>
<isbn>0312644388</isbn>
<isbn13>9780312644383</isbn13>
<average_rating>3.84</average_rating>
<ratings_count>4251</ratings_count>
<publication_year>2012</publication_year>
<publication_month>2</publication_month>
<publication_day>28</publication_day>
<authors>
<author>
<id>290125</id>
<name>Ellen Potter</name>
<link><![CDATA[https://www.goodreads.com/author/show/290125.Ellen_Potter]]></link>
</author>
</authors>
</book>

          <book>
<id>10788968</id>
<title>The Flint Heart</title>
<title_without_series>The Flint Heart</title_without_series>
<link><![CDATA[https://www.goodreads.com/book/show/10788968-the-flint-heart]]></link>
<small_image_url><![CDATA[https://s.gr-assets.com/assets/nophoto/book/50x75-a91bf249278a81aabab721ef782c4a74.png]]></small_image_url>
<image_url><![CDATA[https://s.gr-assets.com/assets/nophoto/book/111x148-bcc042a9c91a29c1d680899eff700a03.png]]></image_url>
<num_pages></num_pages>
<work>
<id>15701208</id>
</work>
<isbn>0763647128</isbn>
<isbn13>9780763647124</isbn13>
<average_rating>3.51</average_rating>
<ratings_count>1230</ratings_count>
<publication_year>2011</publication_year>
<publication_month>9</publication_month>
<publication_day>27</publication_day>
<authors>
<author>
<id>1949</id>
<name>Katherine Paterson</name>
<link><![CDATA[https://www.goodreads.com/author/show/1949.Katherine_Paterson]]></link>
</author>
</authors>
</book>

          <book>
<id>12049592</id>
<title><![CDATA[A Hero For WondLa (The Search for WondLa, #2)]]></title>
<title_without_series>A Hero For WondLa</title_without_series>
<link><![CDATA[https://www.goodreads.com/book/show/12049592-a-hero-for-wondla]]></link>
<small_image_url><![CDATA[https://images.gr-assets.com/books/1321533364s/12049592.jpg]]></small_image_url>
<image_url><![CDATA[https://images.gr-assets.com/books/1321533364m/12049592.jpg]]></image_url>
<num_pages>445</num_pages>
<work>
<id>17016507</id>
</work>
<isbn>085707301X</isbn>
<isbn13>9780857073013</isbn13>
<average_rating>4.25</average_rating>
<ratings_count>3750</ratings_count>
<publication_year>2012</publication_year>
<publication_month>5</publication_month>
<publication_day>8</publication_day>
<authors>
<author>
<id>25421</id>
<name>Tony DiTerlizzi</name>
<link><![CDATA[https://www.goodreads.com/author/show/25421.Tony_DiTerlizzi]]></link>
</author>
</authors>
</book>

          <book>
<id>11042036</id>
<title>Secrets at Sea</title>
<title_without_series>Secrets at Sea</title_without_series>
<link><![CDATA[https://www.goodreads.com/book/show/11042036-secrets-at-sea]]></link>
<small_image_url><![CDATA[https://s.gr-assets.com/assets/nophoto/book/50x75-a91bf249278a81aabab721ef782c4a74.png]]></small_image_url>
<image_url><![CDATA[https://s.gr-assets.com/assets/nophoto/book/111x148-bcc042a9c91a29c1d680899eff700a03.png]]></image_url>
<num_pages>238</num_pages>
<work>
<id>15962611</id>
</work>
<isbn>0803734557</isbn>
<isbn13>9780803734555</isbn13>
<average_rating>3.66</average_rating>
<ratings_count>1749</ratings_count>
<publication_year>2011</publication_year>
<publication_month>10</publication_month>
<publication_day>13</publication_day>
<authors>
<author>
<id>22414</id>
<name>Richard Peck</name>
<link><![CDATA[https://www.goodreads.com/author/show/22414.Richard_Peck]]></link>
</author>
</authors>
</book>

          <book>
<id>12849210</id>
<title><![CDATA[Deadweather and Sunrise (The Chronicles of Egg, #1)]]></title>
<title_without_series>Deadweather and Sunrise</title_without_series>
<link><![CDATA[https://www.goodreads.com/book/show/12849210-deadweather-and-sunrise]]></link>
<small_image_url><![CDATA[https://images.gr-assets.com/books/1337105396s/12849210.jpg]]></small_image_url>
<image_url><![CDATA[https://images.gr-assets.com/books/1337105396m/12849210.jpg]]></image_url>
<num_pages>296</num_pages>
<work>
<id>18000438</id>
</work>
<isbn>0399257853</isbn>
<isbn13>9780399257858</isbn13>
<average_rating>3.93</average_rating>
<ratings_count>1984</ratings_count>
<publication_year>2012</publication_year>
<publication_month>5</publication_month>
<publication_day>29</publication_day>
<authors>
<author>
<id>385966</id>
<name>Geoff Rodkey</name>
<link><![CDATA[https://www.goodreads.com/author/show/385966.Geoff_Rodkey]]></link>
</author>
</authors>
</book>

          <book>
<id>11148223</id>
<title><![CDATA[Mr. and Mrs. Bunny—Detectives Extraordinaire! (The Bunny's #1)]]></title>
<title_without_series><![CDATA[Mr. and Mrs. Bunny—Detectives Extraordinaire!]]></title_without_series>
<link><![CDATA[https://www.goodreads.com/book/show/11148223-mr-and-mrs-bunny-detectives-extraordinaire]]></link>
<small_image_url><![CDATA[https://images.gr-assets.com/books/1320541494s/11148223.jpg]]></small_image_url>
<image_url><![CDATA[https://images.gr-assets.com/books/1320541494m/11148223.jpg]]></image_url>
<num_pages>256</num_pages>
<work>
<id>16071885</id>
</work>
<isbn>0375867554</isbn>
<isbn13>9780375867552</isbn13>
<average_rating>3.77</average_rating>
<ratings_count>1818</ratings_count>
<publication_year>2012</publication_year>
<publication_month>2</publication_month>
<publication_day>14</publication_day>
<authors>
<author>
<id>11187</id>
<name>Polly Horvath</name>
<link><![CDATA[https://www.goodreads.com/author/show/11187.Polly_Horvath]]></link>
</author>
</authors>
</book>

          <book>
<id>5978834</id>
<title><![CDATA[The Nine Pound Hammer (The Clockwork Dark, #1)]]></title>
<title_without_series>The Nine Pound Hammer</title_without_series>
<link><![CDATA[https://www.goodreads.com/book/show/5978834-the-nine-pound-hammer]]></link>
<small_image_url><![CDATA[https://images.gr-assets.com/books/1320508968s/5978834.jpg]]></small_image_url>
<image_url><![CDATA[https://images.gr-assets.com/books/1320508968m/5978834.jpg]]></image_url>
<num_pages>384</num_pages>
<work>
<id>6152146</id>
</work>
<isbn>0375855653</isbn>
<isbn13>9780375855658</isbn13>
<average_rating>3.71</average_rating>
<ratings_count>711</ratings_count>
<publication_year>2010</publication_year>
<publication_month>8</publication_month>
<publication_day>10</publication_day>
<authors>
<author>
<id>2739770</id>
<name>John Claude Bemis</name>
<link><![CDATA[https://www.goodreads.com/author/show/2739770.John_Claude_Bemis]]></link>
</author>
</authors>
</book>

  </similar_books>
</book>

</GoodreadsResponse>