<?xml version="1.0" encoding="UTF-8"?>
<GoodreadsResponse>
  <Request>
    <authentication>true</authentication>
      <key><![CDATA[all_men_must_serve]]></key>
    <method><![CDATA[book_show]]></method>
  </Request>
  <book>
  <id>10445208</id>
  <title>Touch of Power (Healer, #1)</title>
  <isbn><![CDATA[0778313077]]></isbn>
  <isbn13><![CDATA[9780778313076]]></isbn13>
  <asin><![CDATA[]]></asin>
  <kindle_asin><![CDATA[B00699I7A6]]></kindle_asin>
  <marketplace_id><![CDATA[A1F83G8C2ARO7P]]></marketplace_id>
  <country_code><![CDATA[GB]]></country_code>
  <image_url>https://images.gr-assets.com/books/1317629193m/10445208.jpg</image_url>
  <small_image_url>https://images.gr-assets.com/books/1317629193s/10445208.jpg</small_image_url>
  <publication_year>2011</publication_year>
  <publication_month>12</publication_month>
  <publication_day>20</publication_day>
  <publisher>Mira</publisher>
  <language_code>en-US</language_code>
  <is_ebook>false</is_ebook>
  <description><![CDATA[Laying hands upon the injured and dying, Avry of Kazan assumes their wounds and diseases into herself. But rather than being honoured for her skills, she is hunted. Healers like Avry are accused of spreading the plague that has decimated the Territories, leaving the survivors in a state of chaos.<br /><br />Stressed and tired from hiding, Avry is abducted by a band of rogues who, shockingly, value her gift above the golden bounty offered for her capture. Their leader an enigmatic captor-protector with powers of his own is unequivocal in his demands: Avry must heal a plague-stricken prince, the leader of a campaign against her people.<br /><br />As they traverse the daunting Nine Mountains, beset by mercenaries and magical dangers, Avry must decide who is worth healing and what is worth dying for.]]></description>
  <work>
  <id type="integer">15349923</id>
  <books_count type="integer">19</books_count>
  <best_book_id type="integer">10445208</best_book_id>
  <reviews_count type="integer">76105</reviews_count>
  <ratings_sum type="integer">138430</ratings_sum>
  <ratings_count type="integer">33198</ratings_count>
  <text_reviews_count type="integer">2845</text_reviews_count>
  <original_publication_year type="integer">2011</original_publication_year>
  <original_publication_month type="integer">12</original_publication_month>
  <original_publication_day type="integer">11</original_publication_day>
  <original_title>Touch of Power</original_title>
  <original_language_id type="integer" nil="true"/>
  <media_type>book</media_type>
  <rating_dist>5:14280|4:12205|3:5193|2:1111|1:409|total:33198</rating_dist>
  <desc_user_id type="integer">1216094</desc_user_id>
  <default_chaptering_book_id type="integer" nil="true"/>
  <default_description_language_code nil="true"/>
</work>
  <average_rating>4.17</average_rating>
  <num_pages><![CDATA[390]]></num_pages>
  <format><![CDATA[Paperback]]></format>
  <edition_information><![CDATA[]]></edition_information>
  <ratings_count><![CDATA[29782]]></ratings_count>
  <text_reviews_count><![CDATA[2319]]></text_reviews_count>
  <url><![CDATA[https://www.goodreads.com/book/show/10445208-touch-of-power]]></url>
  <link><![CDATA[https://www.goodreads.com/book/show/10445208-touch-of-power]]></link>
  <authors>
<author>
<id>445303</id>
<name>Maria V. Snyder</name>
<role></role>
<image_url nophoto='false'>
<![CDATA[https://images.gr-assets.com/authors/1224476079p5/445303.jpg]]>
</image_url>
<small_image_url nophoto='false'>
<![CDATA[https://images.gr-assets.com/authors/1224476079p2/445303.jpg]]>
</small_image_url>
<link><![CDATA[https://www.goodreads.com/author/show/445303.Maria_V_Snyder]]></link>
<average_rating>4.05</average_rating>
<ratings_count>408351</ratings_count>
<text_reviews_count>32725</text_reviews_count>
</author>
</authors>

    <reviews_widget>
      <![CDATA[
        <style>
  #goodreads-widget {
    font-family: georgia, serif;
    padding: 18px 0;
    width:565px;
  }
  #goodreads-widget h1 {
    font-weight:normal;
    font-size: 16px;
    border-bottom: 1px solid #BBB596;
    margin-bottom: 0;
  }
  #goodreads-widget a {
    text-decoration: none;
    color:#660;
  }
  iframe{
    background-color: #fff;
  }
  #goodreads-widget a:hover { text-decoration: underline; }
  #goodreads-widget a:active {
    color:#660;
  }
  #gr_footer {
    width: 100%;
    border-top: 1px solid #BBB596;
    text-align: right;
  }
  #goodreads-widget .gr_branding{
    color: #382110;
    font-size: 11px;
    text-decoration: none;
    font-family: "Helvetica Neue", Helvetica, Arial, sans-serif;
  }
</style>
<div id="goodreads-widget">
  <div id="gr_header"><h1><a rel="nofollow" href="https://www.goodreads.com/book/show/10445208-touch-of-power">Touch of Power Reviews</a></h1></div>
  <iframe id="the_iframe" src="https://www.goodreads.com/api/reviews_widget_iframe?did=DEVELOPER_ID&amp;format=html&amp;isbn=0778313077&amp;links=660&amp;min_rating=&amp;review_back=fff&amp;stars=000&amp;text=000" width="565" height="400" frameborder="0"></iframe>
  <div id="gr_footer">
    <a class="gr_branding" target="_blank" rel="nofollow" href="https://www.goodreads.com/book/show/10445208-touch-of-power?utm_medium=api&amp;utm_source=reviews_widget">Reviews from Goodreads.com</a>
  </div>
</div>

      ]]>
    </reviews_widget>
  <popular_shelves>
      <shelf name="to-read" count="20761"/>
      <shelf name="favorites" count="876"/>
      <shelf name="fantasy" count="836"/>
      <shelf name="young-adult" count="715"/>
      <shelf name="magic" count="591"/>
      <shelf name="romance" count="490"/>
      <shelf name="currently-reading" count="383"/>
      <shelf name="ya" count="335"/>
      <shelf name="series" count="239"/>
      <shelf name="high-fantasy" count="193"/>
      <shelf name="books-i-own" count="189"/>
      <shelf name="adventure" count="185"/>
      <shelf name="paranormal" count="167"/>
      <shelf name="favourites" count="159"/>
      <shelf name="fiction" count="137"/>
      <shelf name="kindle" count="132"/>
      <shelf name="ya-fantasy" count="113"/>
      <shelf name="to-buy" count="106"/>
      <shelf name="owned" count="105"/>
      <shelf name="ebook" count="92"/>
      <shelf name="maria-v-snyder" count="86"/>
      <shelf name="zombies" count="75"/>
      <shelf name="read-in-2012" count="74"/>
      <shelf name="fantasy-romance" count="61"/>
      <shelf name="library" count="57"/>
      <shelf name="maybe" count="50"/>
      <shelf name="read-in-2013" count="48"/>
      <shelf name="paranormal-romance" count="48"/>
      <shelf name="wish-list" count="47"/>
      <shelf name="healer" count="46"/>
      <shelf name="sci-fi-fantasy" count="46"/>
      <shelf name="read-in-2014" count="45"/>
      <shelf name="adult" count="44"/>
      <shelf name="ebooks" count="43"/>
      <shelf name="netgalley" count="43"/>
      <shelf name="re-read" count="42"/>
      <shelf name="first-in-series" count="41"/>
      <shelf name="reviewed" count="39"/>
      <shelf name="action" count="38"/>
      <shelf name="epic-fantasy" count="38"/>
      <shelf name="supernatural" count="37"/>
      <shelf name="owned-books" count="35"/>
      <shelf name="favorite" count="35"/>
      <shelf name="5-stars" count="35"/>
      <shelf name="i-own" count="33"/>
      <shelf name="dnf" count="32"/>
      <shelf name="audiobook" count="32"/>
      <shelf name="arc" count="32"/>
      <shelf name="e-books" count="31"/>
      <shelf name="tbr" count="30"/>
      <shelf name="e-book" count="30"/>
      <shelf name="must-read" count="30"/>
      <shelf name="kick-ass-heroine" count="28"/>
      <shelf name="read-2012" count="27"/>
      <shelf name="fantasy-sci-fi" count="27"/>
      <shelf name="dystopian" count="27"/>
      <shelf name="read-in-2015" count="25"/>
      <shelf name="dystopia" count="25"/>
      <shelf name="my-books" count="25"/>
      <shelf name="young-adult-fantasy" count="25"/>
      <shelf name="mystery" count="25"/>
      <shelf name="first-in-a-series" count="25"/>
      <shelf name="kick-ass-heroines" count="24"/>
      <shelf name="read-2013" count="23"/>
      <shelf name="new-adult" count="23"/>
      <shelf name="historical" count="23"/>
      <shelf name="trilogy" count="23"/>
      <shelf name="favorite-books" count="23"/>
      <shelf name="action-adventure" count="23"/>
      <shelf name="read-in-2016" count="22"/>
      <shelf name="strong-heroine" count="22"/>
      <shelf name="4-stars" count="22"/>
      <shelf name="maybe-read" count="22"/>
      <shelf name="need-to-buy" count="21"/>
      <shelf name="favourite-books" count="21"/>
      <shelf name="favs" count="21"/>
      <shelf name="read-in-2011" count="21"/>
      <shelf name="love" count="21"/>
      <shelf name="series-to-read" count="21"/>
      <shelf name="fantasy-paranormal" count="20"/>
      <shelf name="ya-fiction" count="20"/>
      <shelf name="medieval" count="20"/>
      <shelf name="want-to-buy" count="19"/>
      <shelf name="audible" count="19"/>
      <shelf name="paranormal-fantasy" count="19"/>
      <shelf name="read-2014" count="18"/>
      <shelf name="reread" count="18"/>
      <shelf name="english" count="18"/>
      <shelf name="royalty" count="18"/>
      <shelf name="to-read-fantasy" count="18"/>
      <shelf name="really-want-to-read" count="18"/>
      <shelf name="read-in-2017" count="17"/>
      <shelf name="faves" count="17"/>
      <shelf name="audiobooks" count="17"/>
      <shelf name="horror" count="17"/>
      <shelf name="favourite" count="17"/>
      <shelf name="kindle-books" count="17"/>
      <shelf name="trilogies" count="17"/>
      <shelf name="adult-fantasy" count="17"/>
      <shelf name="on-kindle" count="17"/>
  </popular_shelves>
  <book_links>
    <book_link>
  <id>8</id>
  <name>Libraries</name>
  <link>https://www.goodreads.com/book_link/follow/8</link>
</book_link>

  </book_links>
  <buy_links>
    <buy_link>
<id>1</id>
<name>Amazon</name>
<link>https://www.goodreads.com/book_link/follow/1</link>
</buy_link>
<buy_link>
<id>10</id>
<name>Audible</name>
<link>https://www.goodreads.com/book_link/follow/10</link>
</buy_link>
<buy_link>
<id>3</id>
<name>Barnes &amp; Noble</name>
<link>https://www.goodreads.com/book_link/follow/3</link>
</buy_link>
<buy_link>
<id>1027</id>
<name>Kobo</name>
<link>https://www.goodreads.com/book_link/follow/1027</link>
</buy_link>
<buy_link>
<id>2102</id>
<name>Apple iBooks</name>
<link>https://www.goodreads.com/book_link/follow/2102</link>
</buy_link>
<buy_link>
<id>8036</id>
<name>Google Play</name>
<link>https://www.goodreads.com/book_link/follow/8036</link>
</buy_link>
<buy_link>
<id>4</id>
<name>Abebooks</name>
<link>https://www.goodreads.com/book_link/follow/4</link>
</buy_link>
<buy_link>
<id>882</id>
<name>Book Depository</name>
<link>https://www.goodreads.com/book_link/follow/882</link>
</buy_link>
<buy_link>
<id>9</id>
<name>Indigo</name>
<link>https://www.goodreads.com/book_link/follow/9</link>
</buy_link>
<buy_link>
<id>2</id>
<name>Half.com</name>
<link>https://www.goodreads.com/book_link/follow/2</link>
</buy_link>
<buy_link>
<id>5</id>
<name>Alibris</name>
<link>https://www.goodreads.com/book_link/follow/5</link>
</buy_link>
<buy_link>
<id>107</id>
<name>Better World Books</name>
<link>https://www.goodreads.com/book_link/follow/107</link>
</buy_link>
<buy_link>
<id>7</id>
<name>IndieBound</name>
<link>https://www.goodreads.com/book_link/follow/7</link>
</buy_link>

  </buy_links>
  <series_works>
    <series_work>
<id>273776</id>
<user_position>1</user_position>
<series>
<id>63286</id>
<title>
<![CDATA[
    Healer
]]>
</title>
<description>
<![CDATA[
]]>
</description>
<note>
<![CDATA[
]]>
</note>
<series_works_count>3</series_works_count>
<primary_work_count>3</primary_work_count>
<numbered>true</numbered>
</series>

</series_work>

  </series_works>
  <similar_books>
          <book>
<id>11034495</id>
<title>Slumber (The Fade, #1)</title>
<title_without_series>Slumber</title_without_series>
<link><![CDATA[https://www.goodreads.com/book/show/11034495-slumber]]></link>
<small_image_url><![CDATA[https://images.gr-assets.com/books/1358172146s/11034495.jpg]]></small_image_url>
<image_url><![CDATA[https://images.gr-assets.com/books/1358172146m/11034495.jpg]]></image_url>
<num_pages>372</num_pages>
<work>
<id>15954518</id>
</work>
<isbn>1466453222</isbn>
<isbn13>9781466453227</isbn13>
<average_rating>4.03</average_rating>
<ratings_count>5856</ratings_count>
<publication_year>2011</publication_year>
<publication_month>5</publication_month>
<publication_day>17</publication_day>
<authors>
<author>
<id>4167378</id>
<name>Samantha Young</name>
<link><![CDATA[https://www.goodreads.com/author/show/4167378.Samantha_Young]]></link>
</author>
</authors>
</book>

          <book>
<id>7965123</id>
<title>Blue Fire (Healing Wars, #2)</title>
<title_without_series>Blue Fire</title_without_series>
<link><![CDATA[https://www.goodreads.com/book/show/7965123-blue-fire]]></link>
<small_image_url><![CDATA[https://images.gr-assets.com/books/1320388505s/7965123.jpg]]></small_image_url>
<image_url><![CDATA[https://images.gr-assets.com/books/1320388505m/7965123.jpg]]></image_url>
<num_pages>373</num_pages>
<work>
<id>10023410</id>
</work>
<isbn>0061747416</isbn>
<isbn13>9780061747410</isbn13>
<average_rating>3.96</average_rating>
<ratings_count>2144</ratings_count>
<publication_year>2010</publication_year>
<publication_month>10</publication_month>
<publication_day>5</publication_day>
<authors>
<author>
<id>2868311</id>
<name>Janice Hardy</name>
<link><![CDATA[https://www.goodreads.com/author/show/2868311.Janice_Hardy]]></link>
</author>
</authors>
</book>

          <book>
<id>10165727</id>
<title><![CDATA[Froi of the Exiles (Lumatere Chronicles, #2)]]></title>
<title_without_series>Froi of the Exiles</title_without_series>
<link><![CDATA[https://www.goodreads.com/book/show/10165727-froi-of-the-exiles]]></link>
<small_image_url><![CDATA[https://images.gr-assets.com/books/1306866851s/10165727.jpg]]></small_image_url>
<image_url><![CDATA[https://images.gr-assets.com/books/1306866851m/10165727.jpg]]></image_url>
<num_pages>593</num_pages>
<work>
<id>15064442</id>
</work>
<isbn>0670076082</isbn>
<isbn13>9780670076086</isbn13>
<average_rating>4.30</average_rating>
<ratings_count>14221</ratings_count>
<publication_year>2011</publication_year>
<publication_month>10</publication_month>
<publication_day>3</publication_day>
<authors>
<author>
<id>47104</id>
<name>Melina Marchetta</name>
<link><![CDATA[https://www.goodreads.com/author/show/47104.Melina_Marchetta]]></link>
</author>
</authors>
</book>

          <book>
<id>3720980</id>
<title><![CDATA[Princess of the Sword (Nine Kingdoms, #3)]]></title>
<title_without_series>Princess of the Sword</title_without_series>
<link><![CDATA[https://www.goodreads.com/book/show/3720980-princess-of-the-sword]]></link>
<small_image_url><![CDATA[https://s.gr-assets.com/assets/nophoto/book/50x75-a91bf249278a81aabab721ef782c4a74.png]]></small_image_url>
<image_url><![CDATA[https://s.gr-assets.com/assets/nophoto/book/111x148-bcc042a9c91a29c1d680899eff700a03.png]]></image_url>
<num_pages>360</num_pages>
<work>
<id>3764686</id>
</work>
<isbn>0425225682</isbn>
<isbn13>9780425225684</isbn13>
<average_rating>4.07</average_rating>
<ratings_count>3234</ratings_count>
<publication_year></publication_year>
<publication_month></publication_month>
<publication_day></publication_day>
<authors>
<author>
<id>10359</id>
<name>Lynn Kurland</name>
<link><![CDATA[https://www.goodreads.com/author/show/10359.Lynn_Kurland]]></link>
</author>
</authors>
</book>

          <book>
<id>7908762</id>
<title><![CDATA[Troubled Waters (Elemental Blessings, #1)]]></title>
<title_without_series>Troubled Waters</title_without_series>
<link><![CDATA[https://www.goodreads.com/book/show/7908762-troubled-waters]]></link>
<small_image_url><![CDATA[https://images.gr-assets.com/books/1270247367s/7908762.jpg]]></small_image_url>
<image_url><![CDATA[https://images.gr-assets.com/books/1270247367m/7908762.jpg]]></image_url>
<num_pages>400</num_pages>
<work>
<id>11180191</id>
</work>
<isbn>0441019234</isbn>
<isbn13>9780441019236</isbn13>
<average_rating>4.01</average_rating>
<ratings_count>7067</ratings_count>
<publication_year></publication_year>
<publication_month></publication_month>
<publication_day></publication_day>
<authors>
<author>
<id>28544</id>
<name>Sharon Shinn</name>
<link><![CDATA[https://www.goodreads.com/author/show/28544.Sharon_Shinn]]></link>
</author>
</authors>
</book>

          <book>
<id>17332556</id>
<title><![CDATA[The Burning Sky (The Elemental Trilogy, #1)]]></title>
<title_without_series>The Burning Sky</title_without_series>
<link><![CDATA[https://www.goodreads.com/book/show/17332556-the-burning-sky]]></link>
<small_image_url><![CDATA[https://images.gr-assets.com/books/1370201603s/17332556.jpg]]></small_image_url>
<image_url><![CDATA[https://images.gr-assets.com/books/1370201603m/17332556.jpg]]></image_url>
<num_pages>449</num_pages>
<work>
<id>24037683</id>
</work>
<isbn>0062207296</isbn>
<isbn13>9780062207296</isbn13>
<average_rating>3.92</average_rating>
<ratings_count>13595</ratings_count>
<publication_year>2013</publication_year>
<publication_month>9</publication_month>
<publication_day>17</publication_day>
<authors>
<author>
<id>266470</id>
<name>Sherry Thomas</name>
<link><![CDATA[https://www.goodreads.com/author/show/266470.Sherry_Thomas]]></link>
</author>
</authors>
</book>

          <book>
<id>8517235</id>
<title><![CDATA[Con & Conjure (Raine Benares #5)]]></title>
<title_without_series>Con &amp; Conjure</title_without_series>
<link><![CDATA[https://www.goodreads.com/book/show/8517235-con-conjure]]></link>
<small_image_url><![CDATA[https://s.gr-assets.com/assets/nophoto/book/50x75-a91bf249278a81aabab721ef782c4a74.png]]></small_image_url>
<image_url><![CDATA[https://s.gr-assets.com/assets/nophoto/book/111x148-bcc042a9c91a29c1d680899eff700a03.png]]></image_url>
<num_pages>322</num_pages>
<work>
<id>13276527</id>
</work>
<isbn>0441020186</isbn>
<isbn13>9780441020188</isbn13>
<average_rating>4.09</average_rating>
<ratings_count>2501</ratings_count>
<publication_year>2011</publication_year>
<publication_month>3</publication_month>
<publication_day>29</publication_day>
<authors>
<author>
<id>336058</id>
<name>Lisa Shearin</name>
<link><![CDATA[https://www.goodreads.com/author/show/336058.Lisa_Shearin]]></link>
</author>
</authors>
</book>

          <book>
<id>68513</id>
<title><![CDATA[Warlord  (Chronicles of the Warlands, #3)]]></title>
<title_without_series>Warlord</title_without_series>
<link><![CDATA[https://www.goodreads.com/book/show/68513.Warlord]]></link>
<small_image_url><![CDATA[https://s.gr-assets.com/assets/nophoto/book/50x75-a91bf249278a81aabab721ef782c4a74.png]]></small_image_url>
<image_url><![CDATA[https://s.gr-assets.com/assets/nophoto/book/111x148-bcc042a9c91a29c1d680899eff700a03.png]]></image_url>
<num_pages>336</num_pages>
<work>
<id>66390</id>
</work>
<isbn>0765352664</isbn>
<isbn13>9780765352668</isbn13>
<average_rating>4.09</average_rating>
<ratings_count>5073</ratings_count>
<publication_year>2007</publication_year>
<publication_month>3</publication_month>
<publication_day>6</publication_day>
<authors>
<author>
<id>38598</id>
<name>Elizabeth Vaughan</name>
<link><![CDATA[https://www.goodreads.com/author/show/38598.Elizabeth_Vaughan]]></link>
</author>
</authors>
</book>

          <book>
<id>8679140</id>
<title><![CDATA[Cast in Ruin (Chronicles of Elantra, #7)]]></title>
<title_without_series>Cast in Ruin</title_without_series>
<link><![CDATA[https://www.goodreads.com/book/show/8679140-cast-in-ruin]]></link>
<small_image_url><![CDATA[https://images.gr-assets.com/books/1303045759s/8679140.jpg]]></small_image_url>
<image_url><![CDATA[https://images.gr-assets.com/books/1303045759m/8679140.jpg]]></image_url>
<num_pages>457</num_pages>
<work>
<id>13551149</id>
</work>
<isbn>0373803303</isbn>
<isbn13>9780373803309</isbn13>
<average_rating>4.29</average_rating>
<ratings_count>5756</ratings_count>
<publication_year>2011</publication_year>
<publication_month>9</publication_month>
<publication_day>20</publication_day>
<authors>
<author>
<id>7031278</id>
<name>Michelle Sagara</name>
<link><![CDATA[https://www.goodreads.com/author/show/7031278.Michelle_Sagara]]></link>
</author>
</authors>
</book>

          <book>
<id>7953079</id>
<title>Queen in Exile</title>
<title_without_series>Queen in Exile</title_without_series>
<link><![CDATA[https://www.goodreads.com/book/show/7953079-queen-in-exile]]></link>
<small_image_url><![CDATA[https://s.gr-assets.com/assets/nophoto/book/50x75-a91bf249278a81aabab721ef782c4a74.png]]></small_image_url>
<image_url><![CDATA[https://s.gr-assets.com/assets/nophoto/book/111x148-bcc042a9c91a29c1d680899eff700a03.png]]></image_url>
<num_pages>373</num_pages>
<work>
<id>11583148</id>
</work>
<isbn>1935217631</isbn>
<isbn13>9781935217633</isbn13>
<average_rating>3.90</average_rating>
<ratings_count>960</ratings_count>
<publication_year>2010</publication_year>
<publication_month>3</publication_month>
<publication_day>28</publication_day>
<authors>
<author>
<id>2072970</id>
<name>Donna Hatch</name>
<link><![CDATA[https://www.goodreads.com/author/show/2072970.Donna_Hatch]]></link>
</author>
</authors>
</book>

          <book>
<id>7724257</id>
<title><![CDATA[Crown of Crystal Flame (Tairen Soul, #5)]]></title>
<title_without_series>Crown of Crystal Flame</title_without_series>
<link><![CDATA[https://www.goodreads.com/book/show/7724257-crown-of-crystal-flame]]></link>
<small_image_url><![CDATA[https://images.gr-assets.com/books/1273784371s/7724257.jpg]]></small_image_url>
<image_url><![CDATA[https://images.gr-assets.com/books/1273784371m/7724257.jpg]]></image_url>
<num_pages>469</num_pages>
<work>
<id>14393769</id>
</work>
<isbn>0062018965</isbn>
<isbn13>9780062018960</isbn13>
<average_rating>4.39</average_rating>
<ratings_count>6044</ratings_count>
<publication_year>2010</publication_year>
<publication_month>10</publication_month>
<publication_day>26</publication_day>
<authors>
<author>
<id>1310735</id>
<name>C.L. Wilson</name>
<link><![CDATA[https://www.goodreads.com/author/show/1310735.C_L_Wilson]]></link>
</author>
</authors>
</book>

          <book>
<id>6449920</id>
<title>Dragonfly</title>
<title_without_series>Dragonfly</title_without_series>
<link><![CDATA[https://www.goodreads.com/book/show/6449920-dragonfly]]></link>
<small_image_url><![CDATA[https://images.gr-assets.com/books/1355031018s/6449920.jpg]]></small_image_url>
<image_url><![CDATA[https://images.gr-assets.com/books/1355031018m/6449920.jpg]]></image_url>
<num_pages>390</num_pages>
<work>
<id>6640036</id>
</work>
<isbn>0761455825</isbn>
<isbn13>9780761455820</isbn13>
<average_rating>4.01</average_rating>
<ratings_count>7342</ratings_count>
<publication_year>2009</publication_year>
<publication_month>10</publication_month>
<publication_day>20</publication_day>
<authors>
<author>
<id>1332</id>
<name>Julia Golding</name>
<link><![CDATA[https://www.goodreads.com/author/show/1332.Julia_Golding]]></link>
</author>
</authors>
</book>

          <book>
<id>987508</id>
<title><![CDATA[The Hero Strikes Back (Hero, #2)]]></title>
<title_without_series>The Hero Strikes Back</title_without_series>
<link><![CDATA[https://www.goodreads.com/book/show/987508.The_Hero_Strikes_Back]]></link>
<small_image_url><![CDATA[https://images.gr-assets.com/books/1267740155s/987508.jpg]]></small_image_url>
<image_url><![CDATA[https://images.gr-assets.com/books/1267740155m/987508.jpg]]></image_url>
<num_pages>308</num_pages>
<work>
<id>973002</id>
</work>
<isbn>0441014402</isbn>
<isbn13>9780441014408</isbn13>
<average_rating>3.76</average_rating>
<ratings_count>2425</ratings_count>
<publication_year>2006</publication_year>
<publication_month>8</publication_month>
<publication_day>29</publication_day>
<authors>
<author>
<id>497291</id>
<name>Moira J. Moore</name>
<link><![CDATA[https://www.goodreads.com/author/show/497291.Moira_J_Moore]]></link>
</author>
</authors>
</book>

          <book>
<id>6056287</id>
<title>Allegiance (Legacy, #2)</title>
<title_without_series>Allegiance</title_without_series>
<link><![CDATA[https://www.goodreads.com/book/show/6056287-allegiance]]></link>
<small_image_url><![CDATA[https://images.gr-assets.com/books/1314413942s/6056287.jpg]]></small_image_url>
<image_url><![CDATA[https://images.gr-assets.com/books/1314413942m/6056287.jpg]]></image_url>
<num_pages>494</num_pages>
<work>
<id>6232304</id>
</work>
<isbn>0373210434</isbn>
<isbn13>9780373210435</isbn13>
<average_rating>3.98</average_rating>
<ratings_count>3392</ratings_count>
<publication_year>2012</publication_year>
<publication_month>2</publication_month>
<publication_day>28</publication_day>
<authors>
<author>
<id>1248068</id>
<name>Cayla Kluver</name>
<link><![CDATA[https://www.goodreads.com/author/show/1248068.Cayla_Kluver]]></link>
</author>
</authors>
</book>

          <book>
<id>6580510</id>
<title>Brightly Woven</title>
<title_without_series>Brightly Woven</title_without_series>
<link><![CDATA[https://www.goodreads.com/book/show/6580510-brightly-woven]]></link>
<small_image_url><![CDATA[https://s.gr-assets.com/assets/nophoto/book/50x75-a91bf249278a81aabab721ef782c4a74.png]]></small_image_url>
<image_url><![CDATA[https://s.gr-assets.com/assets/nophoto/book/111x148-bcc042a9c91a29c1d680899eff700a03.png]]></image_url>
<num_pages>357</num_pages>
<work>
<id>6773942</id>
</work>
<isbn>160684038X</isbn>
<isbn13>9781606840382</isbn13>
<average_rating>3.81</average_rating>
<ratings_count>8190</ratings_count>
<publication_year>2010</publication_year>
<publication_month>3</publication_month>
<publication_day>23</publication_day>
<authors>
<author>
<id>2973783</id>
<name>Alexandra Bracken</name>
<link><![CDATA[https://www.goodreads.com/author/show/2973783.Alexandra_Bracken]]></link>
</author>
</authors>
</book>

          <book>
<id>15714476</id>
<title><![CDATA[The Pirate's Wish (The Assassin's Curse, #2)]]></title>
<title_without_series>The Pirate&apos;s Wish</title_without_series>
<link><![CDATA[https://www.goodreads.com/book/show/15714476-the-pirate-s-wish]]></link>
<small_image_url><![CDATA[https://images.gr-assets.com/books/1352903412s/15714476.jpg]]></small_image_url>
<image_url><![CDATA[https://images.gr-assets.com/books/1352903412m/15714476.jpg]]></image_url>
<num_pages>330</num_pages>
<work>
<id>21383294</id>
</work>
<isbn>1908844280</isbn>
<isbn13>9781908844286</isbn13>
<average_rating>3.87</average_rating>
<ratings_count>9283</ratings_count>
<publication_year>2013</publication_year>
<publication_month>6</publication_month>
<publication_day>18</publication_day>
<authors>
<author>
<id>5331983</id>
<name>Cassandra Rose Clarke</name>
<link><![CDATA[https://www.goodreads.com/author/show/5331983.Cassandra_Rose_Clarke]]></link>
</author>
</authors>
</book>

          <book>
<id>17237161</id>
<title>Raven Flight (Shadowfell, #2)</title>
<title_without_series>Raven Flight</title_without_series>
<link><![CDATA[https://www.goodreads.com/book/show/17237161-raven-flight]]></link>
<small_image_url><![CDATA[https://images.gr-assets.com/books/1363799638s/17237161.jpg]]></small_image_url>
<image_url><![CDATA[https://images.gr-assets.com/books/1363799638m/17237161.jpg]]></image_url>
<num_pages>416</num_pages>
<work>
<id>19196417</id>
</work>
<isbn>0375983678</isbn>
<isbn13>9780375983672</isbn13>
<average_rating>4.03</average_rating>
<ratings_count>5213</ratings_count>
<publication_year>2013</publication_year>
<publication_month>7</publication_month>
<publication_day>9</publication_day>
<authors>
<author>
<id>8649</id>
<name>Juliet Marillier</name>
<link><![CDATA[https://www.goodreads.com/author/show/8649.Juliet_Marillier]]></link>
</author>
</authors>
</book>

  </similar_books>
</book>

</GoodreadsResponse>