<?xml version="1.0" encoding="UTF-8"?>
<GoodreadsResponse>
  <Request>
    <authentication>true</authentication>
      <key><![CDATA[all_men_must_serve]]></key>
    <method><![CDATA[book_show]]></method>
  </Request>
  <book>
  <id>1044141</id>
  <title><![CDATA[The 8th Habit: From Effectiveness to Greatness]]></title>
  <isbn><![CDATA[0743287932]]></isbn>
  <isbn13><![CDATA[9780743287937]]></isbn13>
  <asin><![CDATA[]]></asin>
  <kindle_asin><![CDATA[B00APIIKVI]]></kindle_asin>
  <marketplace_id><![CDATA[A1F83G8C2ARO7P]]></marketplace_id>
  <country_code><![CDATA[GB]]></country_code>
  <image_url>https://s.gr-assets.com/assets/nophoto/book/111x148-bcc042a9c91a29c1d680899eff700a03.png</image_url>
  <small_image_url>https://s.gr-assets.com/assets/nophoto/book/50x75-a91bf249278a81aabab721ef782c4a74.png</small_image_url>
  <publication_year>2004</publication_year>
  <publication_month>11</publication_month>
  <publication_day>9</publication_day>
  <publisher></publisher>
  <language_code>en-US</language_code>
  <is_ebook>false</is_ebook>
  <description><![CDATA[L’ultimo contributo del maggiore autore a livello internazionale sulle tematiche manageriali e di crescita personale.Brillante, pragmatica, ricca di esempi: una guida aggiornata per sopravvivere alle nuove sfide!]]></description>
  <work>
  <id type="integer">1673783</id>
  <books_count type="integer">68</books_count>
  <best_book_id type="integer">1044141</best_book_id>
  <reviews_count type="integer">33829</reviews_count>
  <ratings_sum type="integer">57494</ratings_sum>
  <ratings_count type="integer">14405</ratings_count>
  <text_reviews_count type="integer">330</text_reviews_count>
  <original_publication_year type="integer" nil="true"/>
  <original_publication_month type="integer" nil="true"/>
  <original_publication_day type="integer" nil="true"/>
  <original_title></original_title>
  <original_language_id type="integer" nil="true"/>
  <media_type>book</media_type>
  <rating_dist>5:5400|4:4906|3:2991|2:789|1:319|total:14405</rating_dist>
  <desc_user_id type="integer">5808364</desc_user_id>
  <default_chaptering_book_id type="integer" nil="true"/>
  <default_description_language_code nil="true"/>
</work>
  <average_rating>3.99</average_rating>
  <num_pages><![CDATA[]]></num_pages>
  <format><![CDATA[]]></format>
  <edition_information><![CDATA[]]></edition_information>
  <ratings_count><![CDATA[13774]]></ratings_count>
  <text_reviews_count><![CDATA[268]]></text_reviews_count>
  <url><![CDATA[https://www.goodreads.com/book/show/1044141.The_8th_Habit]]></url>
  <link><![CDATA[https://www.goodreads.com/book/show/1044141.The_8th_Habit]]></link>
  <authors>
<author>
<id>1538</id>
<name>Stephen R. Covey</name>
<role></role>
<image_url nophoto='false'>
<![CDATA[https://images.gr-assets.com/authors/1321654785p5/1538.jpg]]>
</image_url>
<small_image_url nophoto='false'>
<![CDATA[https://images.gr-assets.com/authors/1321654785p2/1538.jpg]]>
</small_image_url>
<link><![CDATA[https://www.goodreads.com/author/show/1538.Stephen_R_Covey]]></link>
<average_rating>4.04</average_rating>
<ratings_count>439158</ratings_count>
<text_reviews_count>10066</text_reviews_count>
</author>
</authors>

    <reviews_widget>
      <![CDATA[
        <style>
  #goodreads-widget {
    font-family: georgia, serif;
    padding: 18px 0;
    width:565px;
  }
  #goodreads-widget h1 {
    font-weight:normal;
    font-size: 16px;
    border-bottom: 1px solid #BBB596;
    margin-bottom: 0;
  }
  #goodreads-widget a {
    text-decoration: none;
    color:#660;
  }
  iframe{
    background-color: #fff;
  }
  #goodreads-widget a:hover { text-decoration: underline; }
  #goodreads-widget a:active {
    color:#660;
  }
  #gr_footer {
    width: 100%;
    border-top: 1px solid #BBB596;
    text-align: right;
  }
  #goodreads-widget .gr_branding{
    color: #382110;
    font-size: 11px;
    text-decoration: none;
    font-family: "Helvetica Neue", Helvetica, Arial, sans-serif;
  }
</style>
<div id="goodreads-widget">
  <div id="gr_header"><h1><a rel="nofollow" href="https://www.goodreads.com/book/show/1044141.The_8th_Habit">The 8th Habit Reviews</a></h1></div>
  <iframe id="the_iframe" src="https://www.goodreads.com/api/reviews_widget_iframe?did=DEVELOPER_ID&amp;format=html&amp;isbn=0743287932&amp;links=660&amp;min_rating=&amp;review_back=fff&amp;stars=000&amp;text=000" width="565" height="400" frameborder="0"></iframe>
  <div id="gr_footer">
    <a class="gr_branding" target="_blank" rel="nofollow" href="https://www.goodreads.com/book/show/1044141.The_8th_Habit?utm_medium=api&amp;utm_source=reviews_widget">Reviews from Goodreads.com</a>
  </div>
</div>

      ]]>
    </reviews_widget>
  <popular_shelves>
      <shelf name="to-read" count="7746"/>
      <shelf name="currently-reading" count="708"/>
      <shelf name="business" count="165"/>
      <shelf name="self-help" count="154"/>
      <shelf name="leadership" count="106"/>
      <shelf name="non-fiction" count="91"/>
      <shelf name="self-improvement" count="62"/>
      <shelf name="personal-development" count="55"/>
      <shelf name="owned" count="42"/>
      <shelf name="self-development" count="34"/>
      <shelf name="psychology" count="33"/>
      <shelf name="default" count="29"/>
      <shelf name="management" count="29"/>
      <shelf name="nonfiction" count="28"/>
      <shelf name="books-i-own" count="17"/>
      <shelf name="productivity" count="16"/>
      <shelf name="success" count="14"/>
      <shelf name="audible" count="13"/>
      <shelf name="to-buy" count="13"/>
      <shelf name="my-library" count="13"/>
      <shelf name="favorites" count="12"/>
      <shelf name="personal-growth" count="12"/>
      <shelf name="professional" count="11"/>
      <shelf name="library" count="11"/>
      <shelf name="audiobook" count="10"/>
      <shelf name="business-books" count="9"/>
      <shelf name="audio" count="9"/>
      <shelf name="owned-books" count="9"/>
      <shelf name="philosophy" count="9"/>
      <shelf name="english" count="7"/>
      <shelf name="development" count="7"/>
      <shelf name="self" count="7"/>
      <shelf name="life" count="7"/>
      <shelf name="must-read" count="6"/>
      <shelf name="work" count="6"/>
      <shelf name="improvement" count="6"/>
      <shelf name="تنمية-بشرية" count="6"/>
      <shelf name="business-leadership" count="6"/>
      <shelf name="reference" count="5"/>
      <shelf name="education" count="5"/>
      <shelf name="self-management" count="5"/>
      <shelf name="professional-development" count="5"/>
      <shelf name="audiobooks" count="5"/>
      <shelf name="leadership-management" count="5"/>
      <shelf name="career" count="5"/>
      <shelf name="professional-reading" count="5"/>
      <shelf name="stephen-covey" count="5"/>
      <shelf name="motivational" count="5"/>
      <shelf name="audio-books" count="5"/>
      <shelf name="shelfari-favorites" count="4"/>
      <shelf name="favorite" count="4"/>
      <shelf name="own-it" count="4"/>
      <shelf name="تطوير-الذات" count="4"/>
      <shelf name="inspiration" count="4"/>
      <shelf name="listened-to" count="4"/>
      <shelf name="shop-list" count="4"/>
      <shelf name="my-books" count="4"/>
      <shelf name="to-read-self-help" count="4"/>
      <shelf name="i-own" count="4"/>
      <shelf name="work-related" count="4"/>
      <shelf name="stephen-r-covey" count="4"/>
      <shelf name="half-read" count="4"/>
      <shelf name="selfhelp" count="4"/>
      <shelf name="personal" count="4"/>
      <shelf name="growth" count="4"/>
      <shelf name="bookshelf" count="4"/>
      <shelf name="2017-reading-list" count="3"/>
      <shelf name="contemporary" count="3"/>
      <shelf name="scanned" count="3"/>
      <shelf name="to-read-self-improvement" count="3"/>
      <shelf name="تنمية-ذاتية" count="3"/>
      <shelf name="motivational-books" count="3"/>
      <shelf name="inspirational" count="3"/>
      <shelf name="owned-not-read" count="3"/>
      <shelf name="favorite-books" count="3"/>
      <shelf name="covey" count="3"/>
      <shelf name="books" count="3"/>
      <shelf name="audio-book" count="3"/>
      <shelf name="self-motivation" count="3"/>
      <shelf name="english-books" count="3"/>
      <shelf name="in-my-library" count="3"/>
      <shelf name="office" count="3"/>
      <shelf name="educational" count="3"/>
      <shelf name="want-to-buy" count="3"/>
      <shelf name="business-management" count="3"/>
      <shelf name="coaching" count="2"/>
      <shelf name="blinked" count="2"/>
      <shelf name="ebooks-owned" count="2"/>
      <shelf name="personal-library" count="2"/>
      <shelf name="life-leadership" count="2"/>
      <shelf name="shelfari-wishlist" count="2"/>
      <shelf name="hard-copy" count="2"/>
      <shelf name="maybe" count="2"/>
      <shelf name="book" count="2"/>
      <shelf name="professional-books" count="2"/>
      <shelf name="management-etc" count="2"/>
      <shelf name="my-bookshelf" count="2"/>
      <shelf name="i-have" count="2"/>
      <shelf name="general" count="2"/>
      <shelf name="on-hold" count="2"/>
  </popular_shelves>
  <book_links>
    <book_link>
  <id>8</id>
  <name>Libraries</name>
  <link>https://www.goodreads.com/book_link/follow/8</link>
</book_link>

  </book_links>
  <buy_links>
    <buy_link>
<id>1</id>
<name>Amazon</name>
<link>https://www.goodreads.com/book_link/follow/1</link>
</buy_link>
<buy_link>
<id>10</id>
<name>Audible</name>
<link>https://www.goodreads.com/book_link/follow/10</link>
</buy_link>
<buy_link>
<id>3</id>
<name>Barnes &amp; Noble</name>
<link>https://www.goodreads.com/book_link/follow/3</link>
</buy_link>
<buy_link>
<id>1027</id>
<name>Kobo</name>
<link>https://www.goodreads.com/book_link/follow/1027</link>
</buy_link>
<buy_link>
<id>2102</id>
<name>Apple iBooks</name>
<link>https://www.goodreads.com/book_link/follow/2102</link>
</buy_link>
<buy_link>
<id>8036</id>
<name>Google Play</name>
<link>https://www.goodreads.com/book_link/follow/8036</link>
</buy_link>
<buy_link>
<id>4</id>
<name>Abebooks</name>
<link>https://www.goodreads.com/book_link/follow/4</link>
</buy_link>
<buy_link>
<id>882</id>
<name>Book Depository</name>
<link>https://www.goodreads.com/book_link/follow/882</link>
</buy_link>
<buy_link>
<id>9</id>
<name>Indigo</name>
<link>https://www.goodreads.com/book_link/follow/9</link>
</buy_link>
<buy_link>
<id>2</id>
<name>Half.com</name>
<link>https://www.goodreads.com/book_link/follow/2</link>
</buy_link>
<buy_link>
<id>5</id>
<name>Alibris</name>
<link>https://www.goodreads.com/book_link/follow/5</link>
</buy_link>
<buy_link>
<id>107</id>
<name>Better World Books</name>
<link>https://www.goodreads.com/book_link/follow/107</link>
</buy_link>
<buy_link>
<id>7</id>
<name>IndieBound</name>
<link>https://www.goodreads.com/book_link/follow/7</link>
</buy_link>

  </buy_links>
  <series_works>
    
  </series_works>
  <similar_books>
          <book>
<id>869003</id>
<title><![CDATA[Gung Ho! Turn On the People in Any Organization]]></title>
<title_without_series><![CDATA[Gung Ho! Turn On the People in Any Organization]]></title_without_series>
<link><![CDATA[https://www.goodreads.com/book/show/869003.Gung_Ho_Turn_On_the_People_in_Any_Organization]]></link>
<small_image_url><![CDATA[https://s.gr-assets.com/assets/nophoto/book/50x75-a91bf249278a81aabab721ef782c4a74.png]]></small_image_url>
<image_url><![CDATA[https://s.gr-assets.com/assets/nophoto/book/111x148-bcc042a9c91a29c1d680899eff700a03.png]]></image_url>
<num_pages>187</num_pages>
<work>
<id>854389</id>
</work>
<isbn>068815428X</isbn>
<isbn13>9780688154288</isbn13>
<average_rating>3.89</average_rating>
<ratings_count>4049</ratings_count>
<publication_year></publication_year>
<publication_month></publication_month>
<publication_day></publication_day>
<authors>
<author>
<id>4112157</id>
<name>Kenneth H. Blanchard</name>
<link><![CDATA[https://www.goodreads.com/author/show/4112157.Kenneth_H_Blanchard]]></link>
</author>
</authors>
</book>

          <book>
<id>2581</id>
<title><![CDATA[Ready for Anything: 52 Productivity Principles for Getting Things Done]]></title>
<title_without_series><![CDATA[Ready for Anything: 52 Productivity Principles for Getting Things Done]]></title_without_series>
<link><![CDATA[https://www.goodreads.com/book/show/2581.Ready_for_Anything]]></link>
<small_image_url><![CDATA[https://s.gr-assets.com/assets/nophoto/book/50x75-a91bf249278a81aabab721ef782c4a74.png]]></small_image_url>
<image_url><![CDATA[https://s.gr-assets.com/assets/nophoto/book/111x148-bcc042a9c91a29c1d680899eff700a03.png]]></image_url>
<num_pages>165</num_pages>
<work>
<id>6547</id>
</work>
<isbn>0143034545</isbn>
<isbn13>9780143034544</isbn13>
<average_rating>3.79</average_rating>
<ratings_count>3289</ratings_count>
<publication_year>2004</publication_year>
<publication_month>12</publication_month>
<publication_day>28</publication_day>
<authors>
<author>
<id>1058</id>
<name>David    Allen</name>
<link><![CDATA[https://www.goodreads.com/author/show/1058.David_Allen]]></link>
</author>
</authors>
</book>

          <book>
<id>183602</id>
<title><![CDATA[Thinking for a Change: 11 Ways Highly Successful People Approach Life and Work]]></title>
<title_without_series><![CDATA[Thinking for a Change: 11 Ways Highly Successful People Approach Life and Work]]></title_without_series>
<link><![CDATA[https://www.goodreads.com/book/show/183602.Thinking_for_a_Change]]></link>
<small_image_url><![CDATA[https://s.gr-assets.com/assets/nophoto/book/50x75-a91bf249278a81aabab721ef782c4a74.png]]></small_image_url>
<image_url><![CDATA[https://s.gr-assets.com/assets/nophoto/book/111x148-bcc042a9c91a29c1d680899eff700a03.png]]></image_url>
<num_pages>266</num_pages>
<work>
<id>177438</id>
</work>
<isbn>0446692883</isbn>
<isbn13>9780446692885</isbn13>
<average_rating>4.16</average_rating>
<ratings_count>2033</ratings_count>
<publication_year></publication_year>
<publication_month></publication_month>
<publication_day></publication_day>
<authors>
<author>
<id>68</id>
<name>John C. Maxwell</name>
<link><![CDATA[https://www.goodreads.com/author/show/68.John_C_Maxwell]]></link>
</author>
</authors>
</book>

          <book>
<id>82537</id>
<title><![CDATA[The Daily Drucker: 366 Days of Insight and Motivation for Getting the Right Things Done]]></title>
<title_without_series><![CDATA[The Daily Drucker: 366 Days of Insight and Motivation for Getting the Right Things Done]]></title_without_series>
<link><![CDATA[https://www.goodreads.com/book/show/82537.The_Daily_Drucker]]></link>
<small_image_url><![CDATA[https://s.gr-assets.com/assets/nophoto/book/50x75-a91bf249278a81aabab721ef782c4a74.png]]></small_image_url>
<image_url><![CDATA[https://s.gr-assets.com/assets/nophoto/book/111x148-bcc042a9c91a29c1d680899eff700a03.png]]></image_url>
<num_pages>448</num_pages>
<work>
<id>1033004</id>
</work>
<isbn>0060742445</isbn>
<isbn13>9780060742447</isbn13>
<average_rating>4.09</average_rating>
<ratings_count>562</ratings_count>
<publication_year>2004</publication_year>
<publication_month>10</publication_month>
<publication_day>26</publication_day>
<authors>
<author>
<id>12008</id>
<name>Peter F. Drucker</name>
<link><![CDATA[https://www.goodreads.com/author/show/12008.Peter_F_Drucker]]></link>
</author>
</authors>
</book>

          <book>
<id>6431063</id>
<title><![CDATA[How The Mighty Fall: And Why Some Companies Never Give In]]></title>
<title_without_series><![CDATA[How The Mighty Fall: And Why Some Companies Never Give In]]></title_without_series>
<link><![CDATA[https://www.goodreads.com/book/show/6431063-how-the-mighty-fall]]></link>
<small_image_url><![CDATA[https://s.gr-assets.com/assets/nophoto/book/50x75-a91bf249278a81aabab721ef782c4a74.png]]></small_image_url>
<image_url><![CDATA[https://s.gr-assets.com/assets/nophoto/book/111x148-bcc042a9c91a29c1d680899eff700a03.png]]></image_url>
<num_pages>240</num_pages>
<work>
<id>6620527</id>
</work>
<isbn>0977326411</isbn>
<isbn13>9780977326419</isbn13>
<average_rating>3.95</average_rating>
<ratings_count>5591</ratings_count>
<publication_year>2009</publication_year>
<publication_month>5</publication_month>
<publication_day>19</publication_day>
<authors>
<author>
<id>2826</id>
<name>James C. Collins</name>
<link><![CDATA[https://www.goodreads.com/author/show/2826.James_C_Collins]]></link>
</author>
</authors>
</book>

          <book>
<id>230789</id>
<title>The Personality Code</title>
<title_without_series>The Personality Code</title_without_series>
<link><![CDATA[https://www.goodreads.com/book/show/230789.The_Personality_Code]]></link>
<small_image_url><![CDATA[https://s.gr-assets.com/assets/nophoto/book/50x75-a91bf249278a81aabab721ef782c4a74.png]]></small_image_url>
<image_url><![CDATA[https://s.gr-assets.com/assets/nophoto/book/111x148-bcc042a9c91a29c1d680899eff700a03.png]]></image_url>
<num_pages></num_pages>
<work>
<id>223521</id>
</work>
<isbn>0399154116</isbn>
<isbn13>9780399154119</isbn13>
<average_rating>3.91</average_rating>
<ratings_count>2141</ratings_count>
<publication_year></publication_year>
<publication_month></publication_month>
<publication_day></publication_day>
<authors>
<author>
<id>15463</id>
<name>Travis Bradberry</name>
<link><![CDATA[https://www.goodreads.com/author/show/15463.Travis_Bradberry]]></link>
</author>
</authors>
</book>

          <book>
<id>235139</id>
<title><![CDATA[Go Put Your Strengths to Work: 6 Powerful Steps to Achieve Outstanding Performance]]></title>
<title_without_series><![CDATA[Go Put Your Strengths to Work: 6 Powerful Steps to Achieve Outstanding Performance]]></title_without_series>
<link><![CDATA[https://www.goodreads.com/book/show/235139.Go_Put_Your_Strengths_to_Work]]></link>
<small_image_url><![CDATA[https://s.gr-assets.com/assets/nophoto/book/50x75-a91bf249278a81aabab721ef782c4a74.png]]></small_image_url>
<image_url><![CDATA[https://s.gr-assets.com/assets/nophoto/book/111x148-bcc042a9c91a29c1d680899eff700a03.png]]></image_url>
<num_pages>270</num_pages>
<work>
<id>590057</id>
</work>
<isbn>0743261674</isbn>
<isbn13>9780743261678</isbn13>
<average_rating>3.94</average_rating>
<ratings_count>3668</ratings_count>
<publication_year>2007</publication_year>
<publication_month>3</publication_month>
<publication_day>6</publication_day>
<authors>
<author>
<id>18731</id>
<name>Marcus Buckingham</name>
<link><![CDATA[https://www.goodreads.com/author/show/18731.Marcus_Buckingham]]></link>
</author>
</authors>
</book>

          <book>
<id>543270</id>
<title><![CDATA[10 Natural Laws of Successful Time and Life Management]]></title>
<title_without_series><![CDATA[10 Natural Laws of Successful Time and Life Management]]></title_without_series>
<link><![CDATA[https://www.goodreads.com/book/show/543270.10_Natural_Laws_of_Successful_Time_and_Life_Management]]></link>
<small_image_url><![CDATA[https://images.gr-assets.com/books/1344267962s/543270.jpg]]></small_image_url>
<image_url><![CDATA[https://images.gr-assets.com/books/1344267962m/543270.jpg]]></image_url>
<num_pages></num_pages>
<work>
<id>530578</id>
</work>
<isbn>0446670642</isbn>
<isbn13>9780446670647</isbn13>
<average_rating>4.10</average_rating>
<ratings_count>820</ratings_count>
<publication_year></publication_year>
<publication_month></publication_month>
<publication_day></publication_day>
<authors>
<author>
<id>163801</id>
<name>Hyrum W. Smith</name>
<link><![CDATA[https://www.goodreads.com/author/show/163801.Hyrum_W_Smith]]></link>
</author>
</authors>
</book>

          <book>
<id>68985</id>
<title><![CDATA[The Power of Full Engagement: Managing Energy, Not Time, Is the Key to High Performance and Personal Renewal]]></title>
<title_without_series><![CDATA[The Power of Full Engagement: Managing Energy, Not Time, Is the Key to High Performance and Personal Renewal]]></title_without_series>
<link><![CDATA[https://www.goodreads.com/book/show/68985.The_Power_of_Full_Engagement]]></link>
<small_image_url><![CDATA[https://s.gr-assets.com/assets/nophoto/book/50x75-a91bf249278a81aabab721ef782c4a74.png]]></small_image_url>
<image_url><![CDATA[https://s.gr-assets.com/assets/nophoto/book/111x148-bcc042a9c91a29c1d680899eff700a03.png]]></image_url>
<num_pages>222</num_pages>
<work>
<id>66847</id>
</work>
<isbn>0743226755</isbn>
<isbn13>9780743226752</isbn13>
<average_rating>4.03</average_rating>
<ratings_count>9142</ratings_count>
<publication_year>2005</publication_year>
<publication_month>1</publication_month>
<publication_day>3</publication_day>
<authors>
<author>
<id>38870</id>
<name>Jim Loehr</name>
<link><![CDATA[https://www.goodreads.com/author/show/38870.Jim_Loehr]]></link>
</author>
</authors>
</book>

          <book>
<id>49172</id>
<title><![CDATA[The Four Obsessions of an Extraordinary Executive: The Four Disciplines at the Heart of Making Any Organization World Class]]></title>
<title_without_series><![CDATA[The Four Obsessions of an Extraordinary Executive: The Four Disciplines at the Heart of Making Any Organization World Class]]></title_without_series>
<link><![CDATA[https://www.goodreads.com/book/show/49172.The_Four_Obsessions_of_an_Extraordinary_Executive]]></link>
<small_image_url><![CDATA[https://s.gr-assets.com/assets/nophoto/book/50x75-a91bf249278a81aabab721ef782c4a74.png]]></small_image_url>
<image_url><![CDATA[https://s.gr-assets.com/assets/nophoto/book/111x148-bcc042a9c91a29c1d680899eff700a03.png]]></image_url>
<num_pages>183</num_pages>
<work>
<id>48105</id>
</work>
<isbn>0787954039</isbn>
<isbn13>9780787954031</isbn13>
<average_rating>4.13</average_rating>
<ratings_count>3055</ratings_count>
<publication_year>2000</publication_year>
<publication_month>8</publication_month>
<publication_day>24</publication_day>
<authors>
<author>
<id>11503</id>
<name>Patrick Lencioni</name>
<link><![CDATA[https://www.goodreads.com/author/show/11503.Patrick_Lencioni]]></link>
</author>
</authors>
</book>

          <book>
<id>6316369</id>
<title>The Coming Aristocracy</title>
<title_without_series>The Coming Aristocracy</title_without_series>
<link><![CDATA[https://www.goodreads.com/book/show/6316369-the-coming-aristocracy]]></link>
<small_image_url><![CDATA[https://images.gr-assets.com/books/1275602571s/6316369.jpg]]></small_image_url>
<image_url><![CDATA[https://images.gr-assets.com/books/1275602571m/6316369.jpg]]></image_url>
<num_pages>147</num_pages>
<work>
<id>6501634</id>
</work>
<isbn></isbn>
<isbn13></isbn13>
<average_rating>4.40</average_rating>
<ratings_count>334</ratings_count>
<publication_year>2009</publication_year>
<publication_month>1</publication_month>
<publication_day></publication_day>
<authors>
<author>
<id>6431344</id>
<name>Oliver DeMille</name>
<link><![CDATA[https://www.goodreads.com/author/show/6431344.Oliver_DeMille]]></link>
</author>
</authors>
</book>

          <book>
<id>33332</id>
<title><![CDATA[Know-How: The 8 Skills That Separate People Who Perform from Those Who Don't]]></title>
<title_without_series><![CDATA[Know-How: The 8 Skills That Separate People Who Perform from Those Who Don't]]></title_without_series>
<link><![CDATA[https://www.goodreads.com/book/show/33332.Know_How]]></link>
<small_image_url><![CDATA[https://s.gr-assets.com/assets/nophoto/book/50x75-a91bf249278a81aabab721ef782c4a74.png]]></small_image_url>
<image_url><![CDATA[https://s.gr-assets.com/assets/nophoto/book/111x148-bcc042a9c91a29c1d680899eff700a03.png]]></image_url>
<num_pages></num_pages>
<work>
<id>33414</id>
</work>
<isbn>0307341518</isbn>
<isbn13>9780307341518</isbn13>
<average_rating>3.78</average_rating>
<ratings_count>515</ratings_count>
<publication_year></publication_year>
<publication_month></publication_month>
<publication_day></publication_day>
<authors>
<author>
<id>1060</id>
<name>Ram Charan</name>
<link><![CDATA[https://www.goodreads.com/author/show/1060.Ram_Charan]]></link>
</author>
</authors>
</book>

          <book>
<id>113935</id>
<title><![CDATA[Goals!: How to Get Everything You Want Faster Than You Ever Thought Possible]]></title>
<title_without_series><![CDATA[Goals!: How to Get Everything You Want Faster Than You Ever Thought Possible]]></title_without_series>
<link><![CDATA[https://www.goodreads.com/book/show/113935.Goals_]]></link>
<small_image_url><![CDATA[https://images.gr-assets.com/books/1391409228s/113935.jpg]]></small_image_url>
<image_url><![CDATA[https://images.gr-assets.com/books/1391409228m/113935.jpg]]></image_url>
<num_pages>291</num_pages>
<work>
<id>109703</id>
</work>
<isbn>1576753077</isbn>
<isbn13>9781576753071</isbn13>
<average_rating>4.27</average_rating>
<ratings_count>7610</ratings_count>
<publication_year>2004</publication_year>
<publication_month>11</publication_month>
<publication_day>1</publication_day>
<authors>
<author>
<id>22033</id>
<name>Brian Tracy</name>
<link><![CDATA[https://www.goodreads.com/author/show/22033.Brian_Tracy]]></link>
</author>
</authors>
</book>

          <book>
<id>1758199</id>
<title>The Leadership Challenge</title>
<title_without_series>The Leadership Challenge</title_without_series>
<link><![CDATA[https://www.goodreads.com/book/show/1758199.The_Leadership_Challenge]]></link>
<small_image_url><![CDATA[https://s.gr-assets.com/assets/nophoto/book/50x75-a91bf249278a81aabab721ef782c4a74.png]]></small_image_url>
<image_url><![CDATA[https://s.gr-assets.com/assets/nophoto/book/111x148-bcc042a9c91a29c1d680899eff700a03.png]]></image_url>
<num_pages>351</num_pages>
<work>
<id>1756095</id>
</work>
<isbn>0787984914</isbn>
<isbn13>9780787984915</isbn13>
<average_rating>4.04</average_rating>
<ratings_count>8573</ratings_count>
<publication_year>2007</publication_year>
<publication_month>8</publication_month>
<publication_day>1</publication_day>
<authors>
<author>
<id>827</id>
<name>James M. Kouzes</name>
<link><![CDATA[https://www.goodreads.com/author/show/827.James_M_Kouzes]]></link>
</author>
</authors>
</book>

          <book>
<id>49266</id>
<title>How Full Is Your Bucket?</title>
<title_without_series>How Full Is Your Bucket?</title_without_series>
<link><![CDATA[https://www.goodreads.com/book/show/49266.How_Full_Is_Your_Bucket_]]></link>
<small_image_url><![CDATA[https://s.gr-assets.com/assets/nophoto/book/50x75-a91bf249278a81aabab721ef782c4a74.png]]></small_image_url>
<image_url><![CDATA[https://s.gr-assets.com/assets/nophoto/book/111x148-bcc042a9c91a29c1d680899eff700a03.png]]></image_url>
<num_pages></num_pages>
<work>
<id>48192</id>
</work>
<isbn>1595620036</isbn>
<isbn13>9781595620033</isbn13>
<average_rating>3.85</average_rating>
<ratings_count>5109</ratings_count>
<publication_year></publication_year>
<publication_month></publication_month>
<publication_day></publication_day>
<authors>
<author>
<id>6547946</id>
<name>Tom Rath</name>
<link><![CDATA[https://www.goodreads.com/author/show/6547946.Tom_Rath]]></link>
</author>
</authors>
</book>

          <book>
<id>128267</id>
<title>Dare to Win</title>
<title_without_series>Dare to Win</title_without_series>
<link><![CDATA[https://www.goodreads.com/book/show/128267.Dare_to_Win]]></link>
<small_image_url><![CDATA[https://s.gr-assets.com/assets/nophoto/book/50x75-a91bf249278a81aabab721ef782c4a74.png]]></small_image_url>
<image_url><![CDATA[https://s.gr-assets.com/assets/nophoto/book/111x148-bcc042a9c91a29c1d680899eff700a03.png]]></image_url>
<num_pages>224</num_pages>
<work>
<id>123533</id>
</work>
<isbn>0425150763</isbn>
<isbn13>9780425150764</isbn13>
<average_rating>4.08</average_rating>
<ratings_count>244</ratings_count>
<publication_year>1996</publication_year>
<publication_month>2</publication_month>
<publication_day>1</publication_day>
<authors>
<author>
<id>35476</id>
<name>Jack Canfield</name>
<link><![CDATA[https://www.goodreads.com/author/show/35476.Jack_Canfield]]></link>
</author>
</authors>
</book>

  </similar_books>
</book>

</GoodreadsResponse>