<?xml version="1.0" encoding="UTF-8"?>
<GoodreadsResponse>
  <Request>
    <authentication>true</authentication>
      <key><![CDATA[all_men_must_serve]]></key>
    <method><![CDATA[book_show]]></method>
  </Request>
  <book>
  <id>10461</id>
  <title>Desolation Angels</title>
  <isbn><![CDATA[1573225053]]></isbn>
  <isbn13><![CDATA[9781573225052]]></isbn13>
  <asin><![CDATA[]]></asin>
  <kindle_asin><![CDATA[]]></kindle_asin>
  <marketplace_id><![CDATA[]]></marketplace_id>
  <country_code><![CDATA[GB]]></country_code>
  <image_url>https://s.gr-assets.com/assets/nophoto/book/111x148-bcc042a9c91a29c1d680899eff700a03.png</image_url>
  <small_image_url>https://s.gr-assets.com/assets/nophoto/book/50x75-a91bf249278a81aabab721ef782c4a74.png</small_image_url>
  <publication_year>1995</publication_year>
  <publication_month>9</publication_month>
  <publication_day>1</publication_day>
  <publisher>Riverhead Books</publisher>
  <language_code>en-US</language_code>
  <is_ebook>false</is_ebook>
  <description><![CDATA[With the publication of <b>On the Road</b> in 1957, Jack Kerouac became at once the spokesman and hero of the Beat Generation. Along with such visionaries as William S. Burroughs, Neal Cassady, and Allen Ginsberg, Kerouac changed the face of American literature, igniting a counterculture revolution that even now, decades later, burns brighter than ever in <b>Desolation Angels</b>.<br /><br />In one of the major cinematic events of 2012, Jack Kerouac's legendary Beat classic, <i>On the Road</i>, finally hits the big screen. Directed by Walter Salles (<i>The Motorcycle Diaries</i>; <i>Paris, Je T'Aime</i>) and with a cast of some of Hollywood's biggest young stars, including Kristen Stewart (The Twilight Saga), Sam Riley, Garrett Hedlund, Kirsten Dunst, Amy Adams (<i>Julie &amp; Julia</i>, <i>The Fighter</i>), Tom Sturridge, and Viggo Mortensen (the Lord of the Rings trilogy, <i>The Road</i>), the film will attract new fans who will be inspired by Kerouac's revolutionary writing.]]></description>
  <work>
  <id type="integer">2956030</id>
  <books_count type="integer">38</books_count>
  <best_book_id type="integer">10461</best_book_id>
  <reviews_count type="integer">17233</reviews_count>
  <ratings_sum type="integer">35966</ratings_sum>
  <ratings_count type="integer">9175</ratings_count>
  <text_reviews_count type="integer">279</text_reviews_count>
  <original_publication_year type="integer">1958</original_publication_year>
  <original_publication_month type="integer" nil="true"/>
  <original_publication_day type="integer" nil="true"/>
  <original_title>Desolation Angels</original_title>
  <original_language_id type="integer" nil="true"/>
  <media_type>book</media_type>
  <rating_dist>5:2858|4:3400|3:2346|2:467|1:104|total:9175</rating_dist>
  <desc_user_id type="integer">-30</desc_user_id>
  <default_chaptering_book_id type="integer" nil="true"/>
  <default_description_language_code nil="true"/>
</work>
  <average_rating>3.92</average_rating>
  <num_pages><![CDATA[432]]></num_pages>
  <format><![CDATA[Paperback]]></format>
  <edition_information><![CDATA[First Riverhead trade paperback edition]]></edition_information>
  <ratings_count><![CDATA[8863]]></ratings_count>
  <text_reviews_count><![CDATA[250]]></text_reviews_count>
  <url><![CDATA[https://www.goodreads.com/book/show/10461.Desolation_Angels]]></url>
  <link><![CDATA[https://www.goodreads.com/book/show/10461.Desolation_Angels]]></link>
  <authors>
<author>
<id>1742</id>
<name>Jack Kerouac</name>
<role></role>
<image_url nophoto='false'>
<![CDATA[https://images.gr-assets.com/authors/1430512644p5/1742.jpg]]>
</image_url>
<small_image_url nophoto='false'>
<![CDATA[https://images.gr-assets.com/authors/1430512644p2/1742.jpg]]>
</small_image_url>
<link><![CDATA[https://www.goodreads.com/author/show/1742.Jack_Kerouac]]></link>
<average_rating>3.73</average_rating>
<ratings_count>472756</ratings_count>
<text_reviews_count>19782</text_reviews_count>
</author>
<author>
<id>6885</id>
<name>Joyce Johnson</name>
<role>Introduction by</role>
<image_url nophoto='false'>
<![CDATA[https://images.gr-assets.com/authors/1289938181p5/6885.jpg]]>
</image_url>
<small_image_url nophoto='false'>
<![CDATA[https://images.gr-assets.com/authors/1289938181p2/6885.jpg]]>
</small_image_url>
<link><![CDATA[https://www.goodreads.com/author/show/6885.Joyce_Johnson]]></link>
<average_rating>3.92</average_rating>
<ratings_count>11917</ratings_count>
<text_reviews_count>523</text_reviews_count>
</author>
</authors>

    <reviews_widget>
      <![CDATA[
        <style>
  #goodreads-widget {
    font-family: georgia, serif;
    padding: 18px 0;
    width:565px;
  }
  #goodreads-widget h1 {
    font-weight:normal;
    font-size: 16px;
    border-bottom: 1px solid #BBB596;
    margin-bottom: 0;
  }
  #goodreads-widget a {
    text-decoration: none;
    color:#660;
  }
  iframe{
    background-color: #fff;
  }
  #goodreads-widget a:hover { text-decoration: underline; }
  #goodreads-widget a:active {
    color:#660;
  }
  #gr_footer {
    width: 100%;
    border-top: 1px solid #BBB596;
    text-align: right;
  }
  #goodreads-widget .gr_branding{
    color: #382110;
    font-size: 11px;
    text-decoration: none;
    font-family: "Helvetica Neue", Helvetica, Arial, sans-serif;
  }
</style>
<div id="goodreads-widget">
  <div id="gr_header"><h1><a rel="nofollow" href="https://www.goodreads.com/book/show/10461.Desolation_Angels">Desolation Angels Reviews</a></h1></div>
  <iframe id="the_iframe" src="https://www.goodreads.com/api/reviews_widget_iframe?did=DEVELOPER_ID&amp;format=html&amp;isbn=1573225053&amp;links=660&amp;min_rating=&amp;review_back=fff&amp;stars=000&amp;text=000" width="565" height="400" frameborder="0"></iframe>
  <div id="gr_footer">
    <a class="gr_branding" target="_blank" rel="nofollow" href="https://www.goodreads.com/book/show/10461.Desolation_Angels?utm_medium=api&amp;utm_source=reviews_widget">Reviews from Goodreads.com</a>
  </div>
</div>

      ]]>
    </reviews_widget>
  <popular_shelves>
      <shelf name="to-read" count="6372"/>
      <shelf name="currently-reading" count="311"/>
      <shelf name="fiction" count="215"/>
      <shelf name="favorites" count="76"/>
      <shelf name="beat" count="65"/>
      <shelf name="literature" count="48"/>
      <shelf name="classics" count="46"/>
      <shelf name="beat-generation" count="42"/>
      <shelf name="beats" count="33"/>
      <shelf name="kerouac" count="26"/>
      <shelf name="books-i-own" count="24"/>
      <shelf name="owned" count="23"/>
      <shelf name="novels" count="21"/>
      <shelf name="to-buy" count="19"/>
      <shelf name="american" count="19"/>
      <shelf name="jack-kerouac" count="17"/>
      <shelf name="american-literature" count="17"/>
      <shelf name="the-beats" count="16"/>
      <shelf name="owned-books" count="13"/>
      <shelf name="default" count="12"/>
      <shelf name="travel" count="12"/>
      <shelf name="library" count="10"/>
      <shelf name="my-library" count="9"/>
      <shelf name="literary-fiction" count="9"/>
      <shelf name="beat-literature" count="9"/>
      <shelf name="novel" count="9"/>
      <shelf name="non-fiction" count="8"/>
      <shelf name="beat-lit" count="8"/>
      <shelf name="abandoned" count="7"/>
      <shelf name="usa" count="7"/>
      <shelf name="contemporary" count="7"/>
      <shelf name="biography" count="7"/>
      <shelf name="home-library" count="6"/>
      <shelf name="beatnik" count="6"/>
      <shelf name="american-lit" count="6"/>
      <shelf name="my-books" count="6"/>
      <shelf name="my-bookshelf" count="5"/>
      <shelf name="unfinished" count="5"/>
      <shelf name="beat-poets" count="5"/>
      <shelf name="favorite-authors" count="5"/>
      <shelf name="20th-century" count="5"/>
      <shelf name="generation" count="5"/>
      <shelf name="modern-classics" count="5"/>
      <shelf name="counterculture" count="5"/>
      <shelf name="beatniks" count="5"/>
      <shelf name="autobiography" count="5"/>
      <shelf name="general-fiction" count="5"/>
      <shelf name="collection" count="4"/>
      <shelf name="biography-memoir" count="4"/>
      <shelf name="unread" count="4"/>
      <shelf name="americana" count="4"/>
      <shelf name="united-states" count="4"/>
      <shelf name="poetry" count="4"/>
      <shelf name="books" count="3"/>
      <shelf name="read-in-2016" count="3"/>
      <shelf name="bookshelf" count="3"/>
      <shelf name="english" count="3"/>
      <shelf name="i-own" count="3"/>
      <shelf name="favorite" count="3"/>
      <shelf name="duluoz-legend" count="3"/>
      <shelf name="adventure" count="3"/>
      <shelf name="mine" count="3"/>
      <shelf name="1950s" count="3"/>
      <shelf name="memoir" count="3"/>
      <shelf name="american-fiction" count="3"/>
      <shelf name="to-re-read" count="3"/>
      <shelf name="re-read" count="3"/>
      <shelf name="my-personal-library" count="3"/>
      <shelf name="autobiographical" count="3"/>
      <shelf name="cult" count="3"/>
      <shelf name="translated" count="3"/>
      <shelf name="ru-versions" count="3"/>
      <shelf name="modern-fiction" count="3"/>
      <shelf name="modern" count="3"/>
      <shelf name="literary" count="3"/>
      <shelf name="have" count="3"/>
      <shelf name="american-authors" count="3"/>
      <shelf name="partially-read" count="3"/>
      <shelf name="counter-culture" count="3"/>
      <shelf name="on-kindle" count="2"/>
      <shelf name="america" count="2"/>
      <shelf name="Πεζά" count="2"/>
      <shelf name="need-to-buy" count="2"/>
      <shelf name="pnw" count="2"/>
      <shelf name="4-stars" count="2"/>
      <shelf name="in-english" count="2"/>
      <shelf name="shelfari-favorites" count="2"/>
      <shelf name="fiction-to-read" count="2"/>
      <shelf name="to-get" count="2"/>
      <shelf name="beats-and-hippies" count="2"/>
      <shelf name="to-read-fiction" count="2"/>
      <shelf name="perhaps" count="2"/>
      <shelf name="roman" count="2"/>
      <shelf name="own-unread" count="2"/>
      <shelf name="own-read" count="2"/>
      <shelf name="the-beat-generation" count="2"/>
      <shelf name="northern-america" count="2"/>
      <shelf name="contemporary-fiction" count="2"/>
      <shelf name="waiting-to-be-read" count="2"/>
      <shelf name="own-but-havent-read" count="2"/>
  </popular_shelves>
  <book_links>
    <book_link>
  <id>8</id>
  <name>Libraries</name>
  <link>https://www.goodreads.com/book_link/follow/8</link>
</book_link>

  </book_links>
  <buy_links>
    <buy_link>
<id>1</id>
<name>Amazon</name>
<link>https://www.goodreads.com/book_link/follow/1</link>
</buy_link>
<buy_link>
<id>10</id>
<name>Audible</name>
<link>https://www.goodreads.com/book_link/follow/10</link>
</buy_link>
<buy_link>
<id>3</id>
<name>Barnes &amp; Noble</name>
<link>https://www.goodreads.com/book_link/follow/3</link>
</buy_link>
<buy_link>
<id>1027</id>
<name>Kobo</name>
<link>https://www.goodreads.com/book_link/follow/1027</link>
</buy_link>
<buy_link>
<id>2102</id>
<name>Apple iBooks</name>
<link>https://www.goodreads.com/book_link/follow/2102</link>
</buy_link>
<buy_link>
<id>8036</id>
<name>Google Play</name>
<link>https://www.goodreads.com/book_link/follow/8036</link>
</buy_link>
<buy_link>
<id>4</id>
<name>Abebooks</name>
<link>https://www.goodreads.com/book_link/follow/4</link>
</buy_link>
<buy_link>
<id>882</id>
<name>Book Depository</name>
<link>https://www.goodreads.com/book_link/follow/882</link>
</buy_link>
<buy_link>
<id>9</id>
<name>Indigo</name>
<link>https://www.goodreads.com/book_link/follow/9</link>
</buy_link>
<buy_link>
<id>2</id>
<name>Half.com</name>
<link>https://www.goodreads.com/book_link/follow/2</link>
</buy_link>
<buy_link>
<id>5</id>
<name>Alibris</name>
<link>https://www.goodreads.com/book_link/follow/5</link>
</buy_link>
<buy_link>
<id>107</id>
<name>Better World Books</name>
<link>https://www.goodreads.com/book_link/follow/107</link>
</buy_link>
<buy_link>
<id>7</id>
<name>IndieBound</name>
<link>https://www.goodreads.com/book_link/follow/7</link>
</buy_link>

  </buy_links>
  <series_works>
    <series_work>
<id>291676</id>
<user_position></user_position>
<series>
<id>66197</id>
<title>
<![CDATA[
    Duluoz Legend
]]>
</title>
<description>
<![CDATA[
    Kerouac's vast array of travel writings, comprising one vast Proust-like book, as he described.
]]>
</description>
<note>
<![CDATA[
]]>
</note>
<series_works_count>29</series_works_count>
<primary_work_count>14</primary_work_count>
<numbered>false</numbered>
</series>

</series_work>

  </series_works>
  <similar_books>
          <book>
<id>164274</id>
<title><![CDATA[Jack Kerouac: Angelheaded Hipster]]></title>
<title_without_series><![CDATA[Jack Kerouac: Angelheaded Hipster]]></title_without_series>
<link><![CDATA[https://www.goodreads.com/book/show/164274.Jack_Kerouac]]></link>
<small_image_url><![CDATA[https://s.gr-assets.com/assets/nophoto/book/50x75-a91bf249278a81aabab721ef782c4a74.png]]></small_image_url>
<image_url><![CDATA[https://s.gr-assets.com/assets/nophoto/book/111x148-bcc042a9c91a29c1d680899eff700a03.png]]></image_url>
<num_pages>224</num_pages>
<work>
<id>158592</id>
</work>
<isbn>0670870382</isbn>
<isbn13>9780670870387</isbn13>
<average_rating>3.99</average_rating>
<ratings_count>372</ratings_count>
<publication_year>1996</publication_year>
<publication_month>10</publication_month>
<publication_day>1</publication_day>
<authors>
<author>
<id>12836</id>
<name>Steve Turner</name>
<link><![CDATA[https://www.goodreads.com/author/show/12836.Steve_Turner]]></link>
</author>
</authors>
</book>

          <book>
<id>144407</id>
<title><![CDATA[First Third & Other Writings - Revised & Expanded Edition Together With A New Prologue]]></title>
<title_without_series><![CDATA[First Third & Other Writings - Revised & Expanded Edition Together With A New Prologue]]></title_without_series>
<link><![CDATA[https://www.goodreads.com/book/show/144407.First_Third_Other_Writings_Revised_Expanded_Edition_Together_With_A_New_Prologue]]></link>
<small_image_url><![CDATA[https://images.gr-assets.com/books/1328774769s/144407.jpg]]></small_image_url>
<image_url><![CDATA[https://images.gr-assets.com/books/1328774769m/144407.jpg]]></image_url>
<num_pages>222</num_pages>
<work>
<id>139329</id>
</work>
<isbn>0872860051</isbn>
<isbn13>9780872860056</isbn13>
<average_rating>3.62</average_rating>
<ratings_count>2309</ratings_count>
<publication_year>2001</publication_year>
<publication_month></publication_month>
<publication_day></publication_day>
<authors>
<author>
<id>79334</id>
<name>Neal Cassady</name>
<link><![CDATA[https://www.goodreads.com/author/show/79334.Neal_Cassady]]></link>
</author>
</authors>
</book>

          <book>
<id>260785</id>
<title>Go</title>
<title_without_series>Go</title_without_series>
<link><![CDATA[https://www.goodreads.com/book/show/260785.Go]]></link>
<small_image_url><![CDATA[https://images.gr-assets.com/books/1335536844s/260785.jpg]]></small_image_url>
<image_url><![CDATA[https://images.gr-assets.com/books/1335536844m/260785.jpg]]></image_url>
<num_pages>352</num_pages>
<work>
<id>817338</id>
</work>
<isbn>0141188391</isbn>
<isbn13>9780141188393</isbn13>
<average_rating>3.79</average_rating>
<ratings_count>1347</ratings_count>
<publication_year>2006</publication_year>
<publication_month>3</publication_month>
<publication_day>30</publication_day>
<authors>
<author>
<id>46520</id>
<name>John Clellon Holmes</name>
<link><![CDATA[https://www.goodreads.com/author/show/46520.John_Clellon_Holmes]]></link>
</author>
</authors>
</book>

          <book>
<id>114635</id>
<title><![CDATA[Memory Babe: A Critical Biography of Jack Kerouac]]></title>
<title_without_series><![CDATA[Memory Babe: A Critical Biography of Jack Kerouac]]></title_without_series>
<link><![CDATA[https://www.goodreads.com/book/show/114635.Memory_Babe]]></link>
<small_image_url><![CDATA[https://s.gr-assets.com/assets/nophoto/book/50x75-a91bf249278a81aabab721ef782c4a74.png]]></small_image_url>
<image_url><![CDATA[https://s.gr-assets.com/assets/nophoto/book/111x148-bcc042a9c91a29c1d680899eff700a03.png]]></image_url>
<num_pages>767</num_pages>
<work>
<id>110380</id>
</work>
<isbn>0520085698</isbn>
<isbn13>9780520085695</isbn13>
<average_rating>4.14</average_rating>
<ratings_count>706</ratings_count>
<publication_year>1994</publication_year>
<publication_month>2</publication_month>
<publication_day>23</publication_day>
<authors>
<author>
<id>13542</id>
<name>Gerald Nicosia</name>
<link><![CDATA[https://www.goodreads.com/author/show/13542.Gerald_Nicosia]]></link>
</author>
</authors>
</book>

          <book>
<id>53031</id>
<title><![CDATA[The Fall of America: Poems of These States 1965-1971]]></title>
<title_without_series><![CDATA[The Fall of America: Poems of These States 1965-1971]]></title_without_series>
<link><![CDATA[https://www.goodreads.com/book/show/53031.The_Fall_of_America]]></link>
<small_image_url><![CDATA[https://images.gr-assets.com/books/1298760958s/53031.jpg]]></small_image_url>
<image_url><![CDATA[https://images.gr-assets.com/books/1298760958m/53031.jpg]]></image_url>
<num_pages>188</num_pages>
<work>
<id>51716</id>
</work>
<isbn>0872860639</isbn>
<isbn13>9780872860636</isbn13>
<average_rating>4.09</average_rating>
<ratings_count>977</ratings_count>
<publication_year>2001</publication_year>
<publication_month>1</publication_month>
<publication_day>1</publication_day>
<authors>
<author>
<id>4261</id>
<name>Allen Ginsberg</name>
<link><![CDATA[https://www.goodreads.com/author/show/4261.Allen_Ginsberg]]></link>
</author>
</authors>
</book>

          <book>
<id>175297</id>
<title><![CDATA[Off the Road: My Years with Cassady, Kerouac, and Ginsberg]]></title>
<title_without_series><![CDATA[Off the Road: My Years with Cassady, Kerouac, and Ginsberg]]></title_without_series>
<link><![CDATA[https://www.goodreads.com/book/show/175297.Off_the_Road]]></link>
<small_image_url><![CDATA[https://s.gr-assets.com/assets/nophoto/book/50x75-a91bf249278a81aabab721ef782c4a74.png]]></small_image_url>
<image_url><![CDATA[https://s.gr-assets.com/assets/nophoto/book/111x148-bcc042a9c91a29c1d680899eff700a03.png]]></image_url>
<num_pages>464</num_pages>
<work>
<id>169342</id>
</work>
<isbn>014015390X</isbn>
<isbn13>9780140153903</isbn13>
<average_rating>3.91</average_rating>
<ratings_count>1983</ratings_count>
<publication_year>1991</publication_year>
<publication_month>8</publication_month>
<publication_day>1</publication_day>
<authors>
<author>
<id>32600</id>
<name>Carolyn Cassady</name>
<link><![CDATA[https://www.goodreads.com/author/show/32600.Carolyn_Cassady]]></link>
</author>
</authors>
</book>

          <book>
<id>458787</id>
<title><![CDATA[Women of the Beat Generation: The Writers, Artists and Muses at the Heart of a Revolution]]></title>
<title_without_series><![CDATA[Women of the Beat Generation: The Writers, Artists and Muses at the Heart of a Revolution]]></title_without_series>
<link><![CDATA[https://www.goodreads.com/book/show/458787.Women_of_the_Beat_Generation]]></link>
<small_image_url><![CDATA[https://s.gr-assets.com/assets/nophoto/book/50x75-a91bf249278a81aabab721ef782c4a74.png]]></small_image_url>
<image_url><![CDATA[https://s.gr-assets.com/assets/nophoto/book/111x148-bcc042a9c91a29c1d680899eff700a03.png]]></image_url>
<num_pages></num_pages>
<work>
<id>939550</id>
</work>
<isbn>1567312969</isbn>
<isbn13>9781567312966</isbn13>
<average_rating>4.06</average_rating>
<ratings_count>1001</ratings_count>
<publication_year></publication_year>
<publication_month></publication_month>
<publication_day></publication_day>
<authors>
<author>
<id>3486</id>
<name>Brenda Knight</name>
<link><![CDATA[https://www.goodreads.com/author/show/3486.Brenda_Knight]]></link>
</author>
</authors>
</book>

          <book>
<id>94945</id>
<title><![CDATA[Minor Characters: A Beat Memoir]]></title>
<title_without_series><![CDATA[Minor Characters: A Beat Memoir]]></title_without_series>
<link><![CDATA[https://www.goodreads.com/book/show/94945.Minor_Characters]]></link>
<small_image_url><![CDATA[https://images.gr-assets.com/books/1309211830s/94945.jpg]]></small_image_url>
<image_url><![CDATA[https://images.gr-assets.com/books/1309211830m/94945.jpg]]></image_url>
<num_pages>304</num_pages>
<work>
<id>1694970</id>
</work>
<isbn>0140283579</isbn>
<isbn13>9780140283570</isbn13>
<average_rating>4.01</average_rating>
<ratings_count>1606</ratings_count>
<publication_year>1999</publication_year>
<publication_month>7</publication_month>
<publication_day>1</publication_day>
<authors>
<author>
<id>6885</id>
<name>Joyce Johnson</name>
<link><![CDATA[https://www.goodreads.com/author/show/6885.Joyce_Johnson]]></link>
</author>
</authors>
</book>

          <book>
<id>81581</id>
<title><![CDATA[Jack's Book: An Oral Biography of Jack Kerouac]]></title>
<title_without_series><![CDATA[Jack's Book: An Oral Biography of Jack Kerouac]]></title_without_series>
<link><![CDATA[https://www.goodreads.com/book/show/81581.Jack_s_Book]]></link>
<small_image_url><![CDATA[https://s.gr-assets.com/assets/nophoto/book/50x75-a91bf249278a81aabab721ef782c4a74.png]]></small_image_url>
<image_url><![CDATA[https://s.gr-assets.com/assets/nophoto/book/111x148-bcc042a9c91a29c1d680899eff700a03.png]]></image_url>
<num_pages>304</num_pages>
<work>
<id>1797311</id>
</work>
<isbn>1560257393</isbn>
<isbn13>9781560257394</isbn13>
<average_rating>4.06</average_rating>
<ratings_count>584</ratings_count>
<publication_year>2005</publication_year>
<publication_month>10</publication_month>
<publication_day>6</publication_day>
<authors>
<author>
<id>8099</id>
<name>Barry Gifford</name>
<link><![CDATA[https://www.goodreads.com/author/show/8099.Barry_Gifford]]></link>
</author>
</authors>
</book>

          <book>
<id>63885</id>
<title>The Yage Letters</title>
<title_without_series>The Yage Letters</title_without_series>
<link><![CDATA[https://www.goodreads.com/book/show/63885.The_Yage_Letters]]></link>
<small_image_url><![CDATA[https://s.gr-assets.com/assets/nophoto/book/50x75-a91bf249278a81aabab721ef782c4a74.png]]></small_image_url>
<image_url><![CDATA[https://s.gr-assets.com/assets/nophoto/book/111x148-bcc042a9c91a29c1d680899eff700a03.png]]></image_url>
<num_pages>66</num_pages>
<work>
<id>62036</id>
</work>
<isbn>0872860043</isbn>
<isbn13>9780872860049</isbn13>
<average_rating>3.70</average_rating>
<ratings_count>2999</ratings_count>
<publication_year>1963</publication_year>
<publication_month>1</publication_month>
<publication_day>1</publication_day>
<authors>
<author>
<id>4462369</id>
<name>William S. Burroughs</name>
<link><![CDATA[https://www.goodreads.com/author/show/4462369.William_S_Burroughs]]></link>
</author>
</authors>
</book>

          <book>
<id>50139</id>
<title>Kerouac: A Biography</title>
<title_without_series>Kerouac: A Biography</title_without_series>
<link><![CDATA[https://www.goodreads.com/book/show/50139.Kerouac]]></link>
<small_image_url><![CDATA[https://s.gr-assets.com/assets/nophoto/book/50x75-a91bf249278a81aabab721ef782c4a74.png]]></small_image_url>
<image_url><![CDATA[https://s.gr-assets.com/assets/nophoto/book/111x148-bcc042a9c91a29c1d680899eff700a03.png]]></image_url>
<num_pages>432</num_pages>
<work>
<id>2229112</id>
</work>
<isbn>0312113471</isbn>
<isbn13>9780312113476</isbn13>
<average_rating>4.09</average_rating>
<ratings_count>1289</ratings_count>
<publication_year>1994</publication_year>
<publication_month>10</publication_month>
<publication_day>15</publication_day>
<authors>
<author>
<id>13460</id>
<name>Ann Charters</name>
<link><![CDATA[https://www.goodreads.com/author/show/13460.Ann_Charters]]></link>
</author>
</authors>
</book>

          <book>
<id>40983</id>
<title><![CDATA[Jack Kerouac: King of the Beats]]></title>
<title_without_series><![CDATA[Jack Kerouac: King of the Beats]]></title_without_series>
<link><![CDATA[https://www.goodreads.com/book/show/40983.Jack_Kerouac]]></link>
<small_image_url><![CDATA[https://images.gr-assets.com/books/1312036246s/40983.jpg]]></small_image_url>
<image_url><![CDATA[https://images.gr-assets.com/books/1312036246m/40983.jpg]]></image_url>
<num_pages>332</num_pages>
<work>
<id>2104216</id>
</work>
<isbn>0805060448</isbn>
<isbn13>9780805060447</isbn13>
<average_rating>3.87</average_rating>
<ratings_count>385</ratings_count>
<publication_year>1999</publication_year>
<publication_month>12</publication_month>
<publication_day>15</publication_day>
<authors>
<author>
<id>4264</id>
<name>Barry  Miles</name>
<link><![CDATA[https://www.goodreads.com/author/show/4264.Barry_Miles]]></link>
</author>
</authors>
</book>

          <book>
<id>81590</id>
<title><![CDATA[Desolate Angel: Jack Kerouac, The Beat Generation, And America]]></title>
<title_without_series><![CDATA[Desolate Angel: Jack Kerouac, The Beat Generation, And America]]></title_without_series>
<link><![CDATA[https://www.goodreads.com/book/show/81590.Desolate_Angel]]></link>
<small_image_url><![CDATA[https://s.gr-assets.com/assets/nophoto/book/50x75-a91bf249278a81aabab721ef782c4a74.png]]></small_image_url>
<image_url><![CDATA[https://s.gr-assets.com/assets/nophoto/book/111x148-bcc042a9c91a29c1d680899eff700a03.png]]></image_url>
<num_pages>416</num_pages>
<work>
<id>78787</id>
</work>
<isbn>0306812223</isbn>
<isbn13>9780306812224</isbn13>
<average_rating>4.02</average_rating>
<ratings_count>355</ratings_count>
<publication_year>2003</publication_year>
<publication_month>3</publication_month>
<publication_day>20</publication_day>
<authors>
<author>
<id>4887</id>
<name>Dennis McNally</name>
<link><![CDATA[https://www.goodreads.com/author/show/4887.Dennis_McNally]]></link>
</author>
</authors>
</book>

          <book>
<id>439008</id>
<title>The Happy Birthday of Death</title>
<title_without_series>The Happy Birthday of Death</title_without_series>
<link><![CDATA[https://www.goodreads.com/book/show/439008.The_Happy_Birthday_of_Death]]></link>
<small_image_url><![CDATA[https://s.gr-assets.com/assets/nophoto/book/50x75-a91bf249278a81aabab721ef782c4a74.png]]></small_image_url>
<image_url><![CDATA[https://s.gr-assets.com/assets/nophoto/book/111x148-bcc042a9c91a29c1d680899eff700a03.png]]></image_url>
<num_pages>91</num_pages>
<work>
<id>1560129</id>
</work>
<isbn>0811200272</isbn>
<isbn13>9780811200271</isbn13>
<average_rating>4.15</average_rating>
<ratings_count>483</ratings_count>
<publication_year>1960</publication_year>
<publication_month></publication_month>
<publication_day></publication_day>
<authors>
<author>
<id>150560</id>
<name>Gregory Corso</name>
<link><![CDATA[https://www.goodreads.com/author/show/150560.Gregory_Corso]]></link>
</author>
</authors>
</book>

          <book>
<id>81661</id>
<title><![CDATA[I Celebrate Myself: The Somewhat Private Life of Allen Ginsberg]]></title>
<title_without_series><![CDATA[I Celebrate Myself: The Somewhat Private Life of Allen Ginsberg]]></title_without_series>
<link><![CDATA[https://www.goodreads.com/book/show/81661.I_Celebrate_Myself]]></link>
<small_image_url><![CDATA[https://images.gr-assets.com/books/1309284090s/81661.jpg]]></small_image_url>
<image_url><![CDATA[https://images.gr-assets.com/books/1309284090m/81661.jpg]]></image_url>
<num_pages></num_pages>
<work>
<id>432297</id>
</work>
<isbn>0670037966</isbn>
<isbn13>9780670037964</isbn13>
<average_rating>4.16</average_rating>
<ratings_count>611</ratings_count>
<publication_year></publication_year>
<publication_month></publication_month>
<publication_day></publication_day>
<authors>
<author>
<id>46566</id>
<name>Bill Morgan</name>
<link><![CDATA[https://www.goodreads.com/author/show/46566.Bill_Morgan]]></link>
</author>
</authors>
</book>

          <book>
<id>276891</id>
<title>Memoirs of a Beatnik</title>
<title_without_series>Memoirs of a Beatnik</title_without_series>
<link><![CDATA[https://www.goodreads.com/book/show/276891.Memoirs_of_a_Beatnik]]></link>
<small_image_url><![CDATA[https://images.gr-assets.com/books/1378101347s/276891.jpg]]></small_image_url>
<image_url><![CDATA[https://images.gr-assets.com/books/1378101347m/276891.jpg]]></image_url>
<num_pages>208</num_pages>
<work>
<id>268524</id>
</work>
<isbn>0140235396</isbn>
<isbn13>9780140235395</isbn13>
<average_rating>3.72</average_rating>
<ratings_count>2270</ratings_count>
<publication_year>1998</publication_year>
<publication_month>8</publication_month>
<publication_day>1</publication_day>
<authors>
<author>
<id>3138026</id>
<name>Diane di Prima</name>
<link><![CDATA[https://www.goodreads.com/author/show/3138026.Diane_di_Prima]]></link>
</author>
</authors>
</book>

  </similar_books>
</book>

</GoodreadsResponse>