<?xml version="1.0" encoding="UTF-8"?>
<GoodreadsResponse>
  <Request>
    <authentication>true</authentication>
      <key><![CDATA[all_men_must_serve]]></key>
    <method><![CDATA[book_show]]></method>
  </Request>
  <book>
  <id>10468258</id>
  <title><![CDATA[The Finding (Law of the Lycans, #5)]]></title>
  <isbn><![CDATA[]]></isbn>
  <isbn13><![CDATA[2940011191213]]></isbn13>
  <asin><![CDATA[]]></asin>
  <kindle_asin><![CDATA[]]></kindle_asin>
  <marketplace_id><![CDATA[]]></marketplace_id>
  <country_code><![CDATA[GB]]></country_code>
  <image_url>https://images.gr-assets.com/books/1344881680m/10468258.jpg</image_url>
  <small_image_url>https://images.gr-assets.com/books/1344881680s/10468258.jpg</small_image_url>
  <publication_year>2011</publication_year>
  <publication_month>2</publication_month>
  <publication_day>11</publication_day>
  <publisher>Smashwords</publisher>
  <language_code>eng</language_code>
  <is_ebook>true</is_ebook>
  <description><![CDATA["She discovered a dark secret, witnessed a murder and fled into the night fearing for her life. Three years later, Cassie is still hiding from her past, haunted by a dream lover and fighting to control a terrifying beast that seems to grow stronger each day. When Bryan, pack Beta, appears to claim her, Cassie is forced to face the truth of her existence. Innocence, betrayal, greed and love collide with ancient werewolf laws in... The Finding. Third book in The Law of the Lycans series by Nicky Charles. <br /><br />Adult-content rating: This book contains content considered unsuitable for young readers 17 and under, and which may be offensive to some readers of all ages."]]></description>
  <work>
  <id type="integer">15353639</id>
  <books_count type="integer">8</books_count>
  <best_book_id type="integer">10468258</best_book_id>
  <reviews_count type="integer">20194</reviews_count>
  <ratings_sum type="integer">56376</ratings_sum>
  <ratings_count type="integer">13478</ratings_count>
  <text_reviews_count type="integer">750</text_reviews_count>
  <original_publication_year type="integer">2011</original_publication_year>
  <original_publication_month type="integer">2</original_publication_month>
  <original_publication_day type="integer">11</original_publication_day>
  <original_title>The Finding</original_title>
  <original_language_id type="integer" nil="true"/>
  <media_type>book</media_type>
  <rating_dist>5:5926|4:4764|3:2228|2:446|1:114|total:13478</rating_dist>
  <desc_user_id type="integer">777924</desc_user_id>
  <default_chaptering_book_id type="integer" nil="true"/>
  <default_description_language_code nil="true"/>
</work>
  <average_rating>4.18</average_rating>
  <num_pages><![CDATA[462]]></num_pages>
  <format><![CDATA[]]></format>
  <edition_information><![CDATA[]]></edition_information>
  <ratings_count><![CDATA[11175]]></ratings_count>
  <text_reviews_count><![CDATA[715]]></text_reviews_count>
  <url><![CDATA[https://www.goodreads.com/book/show/10468258-the-finding]]></url>
  <link><![CDATA[https://www.goodreads.com/book/show/10468258-the-finding]]></link>
  <authors>
<author>
<id>3393956</id>
<name>Nicky Charles</name>
<role></role>
<image_url nophoto='false'>
<![CDATA[https://images.gr-assets.com/authors/1399230336p5/3393956.jpg]]>
</image_url>
<small_image_url nophoto='false'>
<![CDATA[https://images.gr-assets.com/authors/1399230336p2/3393956.jpg]]>
</small_image_url>
<link><![CDATA[https://www.goodreads.com/author/show/3393956.Nicky_Charles]]></link>
<average_rating>4.13</average_rating>
<ratings_count>75663</ratings_count>
<text_reviews_count>5324</text_reviews_count>
</author>
</authors>

    <reviews_widget>
      <![CDATA[
        <style>
  #goodreads-widget {
    font-family: georgia, serif;
    padding: 18px 0;
    width:565px;
  }
  #goodreads-widget h1 {
    font-weight:normal;
    font-size: 16px;
    border-bottom: 1px solid #BBB596;
    margin-bottom: 0;
  }
  #goodreads-widget a {
    text-decoration: none;
    color:#660;
  }
  iframe{
    background-color: #fff;
  }
  #goodreads-widget a:hover { text-decoration: underline; }
  #goodreads-widget a:active {
    color:#660;
  }
  #gr_footer {
    width: 100%;
    border-top: 1px solid #BBB596;
    text-align: right;
  }
  #goodreads-widget .gr_branding{
    color: #382110;
    font-size: 11px;
    text-decoration: none;
    font-family: "Helvetica Neue", Helvetica, Arial, sans-serif;
  }
</style>
<div id="goodreads-widget">
  <div id="gr_header"><h1><a rel="nofollow" href="https://www.goodreads.com/book/show/10468258-the-finding">The Finding Reviews</a></h1></div>
  <iframe id="the_iframe" src="https://www.goodreads.com/api/reviews_widget_iframe?did=DEVELOPER_ID&amp;format=html&amp;isbn=2940011191213&amp;links=660&amp;min_rating=&amp;review_back=fff&amp;stars=000&amp;text=000" width="565" height="400" frameborder="0"></iframe>
  <div id="gr_footer">
    <a class="gr_branding" target="_blank" rel="nofollow" href="https://www.goodreads.com/book/show/10468258-the-finding?utm_medium=api&amp;utm_source=reviews_widget">Reviews from Goodreads.com</a>
  </div>
</div>

      ]]>
    </reviews_widget>
  <popular_shelves>
      <shelf name="to-read" count="4422"/>
      <shelf name="paranormal" count="265"/>
      <shelf name="currently-reading" count="239"/>
      <shelf name="romance" count="192"/>
      <shelf name="paranormal-romance" count="172"/>
      <shelf name="kindle" count="112"/>
      <shelf name="werewolves" count="109"/>
      <shelf name="favorites" count="100"/>
      <shelf name="nook" count="95"/>
      <shelf name="fantasy" count="92"/>
      <shelf name="series" count="77"/>
      <shelf name="shifters" count="71"/>
      <shelf name="nicky-charles" count="67"/>
      <shelf name="ebooks" count="58"/>
      <shelf name="ebook" count="54"/>
      <shelf name="werewolf" count="41"/>
      <shelf name="freebie" count="38"/>
      <shelf name="adult" count="37"/>
      <shelf name="fiction" count="36"/>
      <shelf name="free" count="36"/>
      <shelf name="e-book" count="35"/>
      <shelf name="shifter" count="35"/>
      <shelf name="supernatural" count="34"/>
      <shelf name="pnr" count="34"/>
      <shelf name="shapeshifters" count="34"/>
      <shelf name="e-books" count="33"/>
      <shelf name="freebies" count="32"/>
      <shelf name="erotica" count="28"/>
      <shelf name="nook-books" count="27"/>
      <shelf name="law-of-the-lycans" count="26"/>
      <shelf name="books-i-own" count="25"/>
      <shelf name="owned" count="24"/>
      <shelf name="urban-fantasy" count="20"/>
      <shelf name="on-my-kindle" count="18"/>
      <shelf name="kindle-books" count="17"/>
      <shelf name="read-in-2011" count="17"/>
      <shelf name="wolves" count="16"/>
      <shelf name="romance-paranormal" count="15"/>
      <shelf name="shapeshifter" count="15"/>
      <shelf name="charles-nicky" count="15"/>
      <shelf name="on-kindle" count="14"/>
      <shelf name="suspense" count="13"/>
      <shelf name="part-of-a-series" count="12"/>
      <shelf name="owned-books" count="12"/>
      <shelf name="law-of-the-lycans-series" count="12"/>
      <shelf name="fantasy-paranormal" count="12"/>
      <shelf name="read-2013" count="11"/>
      <shelf name="kindle-freebie" count="10"/>
      <shelf name="wolf" count="10"/>
      <shelf name="weres" count="10"/>
      <shelf name="read-in-2012" count="9"/>
      <shelf name="contemporary" count="9"/>
      <shelf name="free-books" count="9"/>
      <shelf name="paranormal-fantasy" count="9"/>
      <shelf name="free-ebook" count="9"/>
      <shelf name="lendable" count="9"/>
      <shelf name="own-it" count="9"/>
      <shelf name="own-to-read" count="9"/>
      <shelf name="alpha-male" count="9"/>
      <shelf name="2013-books" count="8"/>
      <shelf name="my-books" count="8"/>
      <shelf name="adult-fiction" count="8"/>
      <shelf name="steamy" count="8"/>
      <shelf name="nook-lendable" count="8"/>
      <shelf name="ibooks" count="8"/>
      <shelf name="shape-shifters" count="8"/>
      <shelf name="my-ebooks" count="8"/>
      <shelf name="free-ebooks" count="8"/>
      <shelf name="part-of-series" count="7"/>
      <shelf name="shape-shifter" count="7"/>
      <shelf name="ebooks-i-own" count="7"/>
      <shelf name="tbr" count="7"/>
      <shelf name="i-own" count="7"/>
      <shelf name="werewolfs" count="7"/>
      <shelf name="nook-book" count="7"/>
      <shelf name="own-ebook" count="7"/>
      <shelf name="amazon" count="6"/>
      <shelf name="free-kindle-books" count="6"/>
      <shelf name="kindle-lendable" count="6"/>
      <shelf name="kindle-freebies" count="6"/>
      <shelf name="on-nook" count="6"/>
      <shelf name="library" count="6"/>
      <shelf name="mystery" count="6"/>
      <shelf name="e-reader" count="6"/>
      <shelf name="my-library" count="5"/>
      <shelf name="purchased" count="5"/>
      <shelf name="calibre" count="5"/>
      <shelf name="adult-paranormal" count="5"/>
      <shelf name="free-book" count="5"/>
      <shelf name="sci-fi-fantasy" count="5"/>
      <shelf name="favourites" count="5"/>
      <shelf name="pnr-uf" count="5"/>
      <shelf name="lycans" count="5"/>
      <shelf name="free-read" count="5"/>
      <shelf name="have" count="5"/>
      <shelf name="nookbook" count="5"/>
      <shelf name="werewolves-shifters" count="5"/>
      <shelf name="free-nook-book" count="5"/>
      <shelf name="author-nicky-charles" count="5"/>
      <shelf name="read-2014" count="4"/>
  </popular_shelves>
  <book_links>
    <book_link>
  <id>8</id>
  <name>Libraries</name>
  <link>https://www.goodreads.com/book_link/follow/8</link>
</book_link>

  </book_links>
  <buy_links>
    <buy_link>
<id>1</id>
<name>Amazon</name>
<link>https://www.goodreads.com/book_link/follow/1</link>
</buy_link>
<buy_link>
<id>10</id>
<name>Audible</name>
<link>https://www.goodreads.com/book_link/follow/10</link>
</buy_link>
<buy_link>
<id>3</id>
<name>Barnes &amp; Noble</name>
<link>https://www.goodreads.com/book_link/follow/3</link>
</buy_link>
<buy_link>
<id>1027</id>
<name>Kobo</name>
<link>https://www.goodreads.com/book_link/follow/1027</link>
</buy_link>
<buy_link>
<id>2102</id>
<name>Apple iBooks</name>
<link>https://www.goodreads.com/book_link/follow/2102</link>
</buy_link>
<buy_link>
<id>8036</id>
<name>Google Play</name>
<link>https://www.goodreads.com/book_link/follow/8036</link>
</buy_link>
<buy_link>
<id>4</id>
<name>Abebooks</name>
<link>https://www.goodreads.com/book_link/follow/4</link>
</buy_link>
<buy_link>
<id>882</id>
<name>Book Depository</name>
<link>https://www.goodreads.com/book_link/follow/882</link>
</buy_link>
<buy_link>
<id>9</id>
<name>Indigo</name>
<link>https://www.goodreads.com/book_link/follow/9</link>
</buy_link>
<buy_link>
<id>2</id>
<name>Half.com</name>
<link>https://www.goodreads.com/book_link/follow/2</link>
</buy_link>
<buy_link>
<id>5</id>
<name>Alibris</name>
<link>https://www.goodreads.com/book_link/follow/5</link>
</buy_link>
<buy_link>
<id>107</id>
<name>Better World Books</name>
<link>https://www.goodreads.com/book_link/follow/107</link>
</buy_link>
<buy_link>
<id>7</id>
<name>IndieBound</name>
<link>https://www.goodreads.com/book_link/follow/7</link>
</buy_link>

  </buy_links>
  <series_works>
    <series_work>
<id>232373</id>
<user_position>5</user_position>
<series>
<id>56632</id>
<title>
<![CDATA[
    Law of the Lycans
]]>
</title>
<description>
<![CDATA[
    <u><b>From Nicky Charles' <a href="http://www.nickycharles.com">official website</a>:</b></u>
    
    <i>Many people ask me what order to read my books in.  At the present time, there are actually two story strands to follow. So you actually have 2 reading options:
    
    1. In the order I wrote them: The Mating, The Keeping, The Finding, Bonded, Betrayed: Days of the Rogue, Betrayed: The Road to Redemption, For the Good of All, Deceit Can be Deadly
    
    2. Chronological order:  Bonded, The Mating, The Keeping, Betrayed: Days of the Rogue, The Finding, Betrayed: The Road to Redemption, For the Good of All, Deceit Can be Deadly
    
    *Option 1 seems to be the preferred reading order </i>
]]>
</description>
<note>
<![CDATA[
    According to the <a href="http://www.nickycharles.com">official website</a> of Nicky Charles
]]>
</note>
<series_works_count>9</series_works_count>
<primary_work_count>8</primary_work_count>
<numbered>true</numbered>
</series>

</series_work>

  </series_works>
  <similar_books>
          <book>
<id>10259956</id>
<title><![CDATA[Silver Moon (Moon Trilogy, #3)]]></title>
<title_without_series>Silver Moon</title_without_series>
<link><![CDATA[https://www.goodreads.com/book/show/10259956-silver-moon]]></link>
<small_image_url><![CDATA[https://images.gr-assets.com/books/1301438314s/10259956.jpg]]></small_image_url>
<image_url><![CDATA[https://images.gr-assets.com/books/1301438314m/10259956.jpg]]></image_url>
<num_pages>58</num_pages>
<work>
<id>15160276</id>
</work>
<isbn></isbn>
<isbn13>2940011164873</isbn13>
<average_rating>3.73</average_rating>
<ratings_count>2611</ratings_count>
<publication_year></publication_year>
<publication_month></publication_month>
<publication_day></publication_day>
<authors>
<author>
<id>616643</id>
<name>C.L. Bevill</name>
<link><![CDATA[https://www.goodreads.com/author/show/616643.C_L_Bevill]]></link>
</author>
</authors>
</book>

          <book>
<id>9726878</id>
<title>Madison</title>
<title_without_series>Madison</title_without_series>
<link><![CDATA[https://www.goodreads.com/book/show/9726878-madison]]></link>
<small_image_url><![CDATA[https://images.gr-assets.com/books/1296526541s/9726878.jpg]]></small_image_url>
<image_url><![CDATA[https://images.gr-assets.com/books/1296526541m/9726878.jpg]]></image_url>
<num_pages>107</num_pages>
<work>
<id>14615714</id>
</work>
<isbn></isbn>
<isbn13>2940011128226</isbn13>
<average_rating>3.24</average_rating>
<ratings_count>736</ratings_count>
<publication_year></publication_year>
<publication_month></publication_month>
<publication_day></publication_day>
<authors>
<author>
<id>4463058</id>
<name>M.B. Forester-Smythe</name>
<link><![CDATA[https://www.goodreads.com/author/show/4463058.M_B_Forester_Smythe]]></link>
</author>
</authors>
</book>

          <book>
<id>9405756</id>
<title>Black Silk</title>
<title_without_series>Black Silk</title_without_series>
<link><![CDATA[https://www.goodreads.com/book/show/9405756-black-silk]]></link>
<small_image_url><![CDATA[https://s.gr-assets.com/assets/nophoto/book/50x75-a91bf249278a81aabab721ef782c4a74.png]]></small_image_url>
<image_url><![CDATA[https://s.gr-assets.com/assets/nophoto/book/111x148-bcc042a9c91a29c1d680899eff700a03.png]]></image_url>
<num_pages>125</num_pages>
<work>
<id>7292204</id>
</work>
<isbn></isbn>
<isbn13>2940000698679</isbn13>
<average_rating>3.52</average_rating>
<ratings_count>2456</ratings_count>
<publication_year></publication_year>
<publication_month></publication_month>
<publication_day></publication_day>
<authors>
<author>
<id>584100</id>
<name>Jan Gordon</name>
<link><![CDATA[https://www.goodreads.com/author/show/584100.Jan_Gordon]]></link>
</author>
</authors>
</book>

          <book>
<id>13420904</id>
<title><![CDATA[Dark Wolf Rising (Bloodrunners, #4)]]></title>
<title_without_series>Dark Wolf Rising</title_without_series>
<link><![CDATA[https://www.goodreads.com/book/show/13420904-dark-wolf-rising]]></link>
<small_image_url><![CDATA[https://images.gr-assets.com/books/1349415951s/13420904.jpg]]></small_image_url>
<image_url><![CDATA[https://images.gr-assets.com/books/1349415951m/13420904.jpg]]></image_url>
<num_pages>302</num_pages>
<work>
<id>18835738</id>
</work>
<isbn></isbn>
<isbn13></isbn13>
<average_rating>3.85</average_rating>
<ratings_count>3751</ratings_count>
<publication_year>2013</publication_year>
<publication_month>1</publication_month>
<publication_day></publication_day>
<authors>
<author>
<id>102987</id>
<name>Rhyannon Byrd</name>
<link><![CDATA[https://www.goodreads.com/author/show/102987.Rhyannon_Byrd]]></link>
</author>
</authors>
</book>

          <book>
<id>7358528</id>
<title><![CDATA[The Cajun's Captive (Stormy Weather, #1)]]></title>
<title_without_series>The Cajun&apos;s Captive</title_without_series>
<link><![CDATA[https://www.goodreads.com/book/show/7358528-the-cajun-s-captive]]></link>
<small_image_url><![CDATA[https://images.gr-assets.com/books/1351355482s/7358528.jpg]]></small_image_url>
<image_url><![CDATA[https://images.gr-assets.com/books/1351355482m/7358528.jpg]]></image_url>
<num_pages>98</num_pages>
<work>
<id>4816750</id>
</work>
<isbn></isbn>
<isbn13>2940000152850</isbn13>
<average_rating>3.54</average_rating>
<ratings_count>1628</ratings_count>
<publication_year>2008</publication_year>
<publication_month>6</publication_month>
<publication_day>13</publication_day>
<authors>
<author>
<id>1496399</id>
<name>Selena Blake</name>
<link><![CDATA[https://www.goodreads.com/author/show/1496399.Selena_Blake]]></link>
</author>
</authors>
</book>

          <book>
<id>12420166</id>
<title>Stolen (Bitten #2)</title>
<title_without_series>Stolen</title_without_series>
<link><![CDATA[https://www.goodreads.com/book/show/12420166-stolen]]></link>
<small_image_url><![CDATA[https://images.gr-assets.com/books/1314484369s/12420166.jpg]]></small_image_url>
<image_url><![CDATA[https://images.gr-assets.com/books/1314484369m/12420166.jpg]]></image_url>
<num_pages>101</num_pages>
<work>
<id>17402203</id>
</work>
<isbn></isbn>
<isbn13>2940011432095</isbn13>
<average_rating>3.63</average_rating>
<ratings_count>1721</ratings_count>
<publication_year></publication_year>
<publication_month></publication_month>
<publication_day></publication_day>
<authors>
<author>
<id>4877299</id>
<name>Merrill Gemus</name>
<link><![CDATA[https://www.goodreads.com/author/show/4877299.Merrill_Gemus]]></link>
</author>
</authors>
</book>

          <book>
<id>10590879</id>
<title><![CDATA[Damian’s Assassin (War of Gods, #2)]]></title>
<title_without_series>Damian’s Assassin</title_without_series>
<link><![CDATA[https://www.goodreads.com/book/show/10590879-damian-s-assassin]]></link>
<small_image_url><![CDATA[https://images.gr-assets.com/books/1360005995s/10590879.jpg]]></small_image_url>
<image_url><![CDATA[https://images.gr-assets.com/books/1360005995m/10590879.jpg]]></image_url>
<num_pages></num_pages>
<work>
<id>15498336</id>
</work>
<isbn></isbn>
<isbn13>9781458122728</isbn13>
<average_rating>4.18</average_rating>
<ratings_count>1620</ratings_count>
<publication_year>2011</publication_year>
<publication_month>2</publication_month>
<publication_day>18</publication_day>
<authors>
<author>
<id>4558309</id>
<name>Lizzy Ford</name>
<link><![CDATA[https://www.goodreads.com/author/show/4558309.Lizzy_Ford]]></link>
</author>
</authors>
</book>

          <book>
<id>7244827</id>
<title><![CDATA[Before The Moon Rises (Ritter Werewolves, #1)]]></title>
<title_without_series>Before The Moon Rises</title_without_series>
<link><![CDATA[https://www.goodreads.com/book/show/7244827-before-the-moon-rises]]></link>
<small_image_url><![CDATA[https://images.gr-assets.com/books/1332103253s/7244827.jpg]]></small_image_url>
<image_url><![CDATA[https://images.gr-assets.com/books/1332103253m/7244827.jpg]]></image_url>
<num_pages>67</num_pages>
<work>
<id>8227174</id>
</work>
<isbn></isbn>
<isbn13></isbn13>
<average_rating>3.64</average_rating>
<ratings_count>3025</ratings_count>
<publication_year>2012</publication_year>
<publication_month>3</publication_month>
<publication_day>22</publication_day>
<authors>
<author>
<id>2905789</id>
<name>Catherine Bybee</name>
<link><![CDATA[https://www.goodreads.com/author/show/2905789.Catherine_Bybee]]></link>
</author>
</authors>
</book>

          <book>
<id>6882648</id>
<title>Alinora</title>
<title_without_series>Alinora</title_without_series>
<link><![CDATA[https://www.goodreads.com/book/show/6882648-alinora]]></link>
<small_image_url><![CDATA[https://s.gr-assets.com/assets/nophoto/book/50x75-a91bf249278a81aabab721ef782c4a74.png]]></small_image_url>
<image_url><![CDATA[https://s.gr-assets.com/assets/nophoto/book/111x148-bcc042a9c91a29c1d680899eff700a03.png]]></image_url>
<num_pages>58</num_pages>
<work>
<id>7101109</id>
</work>
<isbn></isbn>
<isbn13></isbn13>
<average_rating>3.23</average_rating>
<ratings_count>699</ratings_count>
<publication_year>2009</publication_year>
<publication_month>9</publication_month>
<publication_day>7</publication_day>
<authors>
<author>
<id>3081825</id>
<name>Kara Lockley</name>
<link><![CDATA[https://www.goodreads.com/author/show/3081825.Kara_Lockley]]></link>
</author>
</authors>
</book>

          <book>
<id>13423535</id>
<title><![CDATA[The Mystic Wolves (Mystic Wolves, #1)]]></title>
<title_without_series>The Mystic Wolves</title_without_series>
<link><![CDATA[https://www.goodreads.com/book/show/13423535-the-mystic-wolves]]></link>
<small_image_url><![CDATA[https://images.gr-assets.com/books/1364320945s/13423535.jpg]]></small_image_url>
<image_url><![CDATA[https://images.gr-assets.com/books/1364320945m/13423535.jpg]]></image_url>
<num_pages>280</num_pages>
<work>
<id>19262242</id>
</work>
<isbn></isbn>
<isbn13></isbn13>
<average_rating>3.84</average_rating>
<ratings_count>5149</ratings_count>
<publication_year>2012</publication_year>
<publication_month>1</publication_month>
<publication_day>19</publication_day>
<authors>
<author>
<id>4849861</id>
<name>Belinda Boring</name>
<link><![CDATA[https://www.goodreads.com/author/show/4849861.Belinda_Boring]]></link>
</author>
</authors>
</book>

          <book>
<id>12387975</id>
<title><![CDATA[The Big Bad Wolf Romance Compilation (The Big Bad Wolf, #1-4)]]></title>
<title_without_series><![CDATA[The Big Bad Wolf Romance Compilation]]></title_without_series>
<link><![CDATA[https://www.goodreads.com/book/show/12387975-the-big-bad-wolf-romance-compilation]]></link>
<small_image_url><![CDATA[https://images.gr-assets.com/books/1360728863s/12387975.jpg]]></small_image_url>
<image_url><![CDATA[https://images.gr-assets.com/books/1360728863m/12387975.jpg]]></image_url>
<num_pages>877</num_pages>
<work>
<id>17368936</id>
</work>
<isbn></isbn>
<isbn13></isbn13>
<average_rating>4.05</average_rating>
<ratings_count>1574</ratings_count>
<publication_year>2011</publication_year>
<publication_month>8</publication_month>
<publication_day>16</publication_day>
<authors>
<author>
<id>3427995</id>
<name>Heather Killough-Walden</name>
<link><![CDATA[https://www.goodreads.com/author/show/3427995.Heather_Killough_Walden]]></link>
</author>
</authors>
</book>

          <book>
<id>10490387</id>
<title>Compel (Rae Wilder, #2)</title>
<title_without_series>Compel</title_without_series>
<link><![CDATA[https://www.goodreads.com/book/show/10490387-compel]]></link>
<small_image_url><![CDATA[https://images.gr-assets.com/books/1336811692s/10490387.jpg]]></small_image_url>
<image_url><![CDATA[https://images.gr-assets.com/books/1336811692m/10490387.jpg]]></image_url>
<num_pages>297</num_pages>
<work>
<id>15395965</id>
</work>
<isbn></isbn>
<isbn13>9781458123046</isbn13>
<average_rating>4.06</average_rating>
<ratings_count>1866</ratings_count>
<publication_year>2011</publication_year>
<publication_month>6</publication_month>
<publication_day></publication_day>
<authors>
<author>
<id>4399719</id>
<name>Penelope Fletcher</name>
<link><![CDATA[https://www.goodreads.com/author/show/4399719.Penelope_Fletcher]]></link>
</author>
</authors>
</book>

          <book>
<id>6785311</id>
<title>Life Blood</title>
<title_without_series>Life Blood</title_without_series>
<link><![CDATA[https://www.goodreads.com/book/show/6785311-life-blood]]></link>
<small_image_url><![CDATA[https://s.gr-assets.com/assets/nophoto/book/50x75-a91bf249278a81aabab721ef782c4a74.png]]></small_image_url>
<image_url><![CDATA[https://s.gr-assets.com/assets/nophoto/book/111x148-bcc042a9c91a29c1d680899eff700a03.png]]></image_url>
<num_pages>352</num_pages>
<work>
<id>6505773</id>
</work>
<isbn>0786013133</isbn>
<isbn13>9780786013135</isbn13>
<average_rating>3.26</average_rating>
<ratings_count>584</ratings_count>
<publication_year>2000</publication_year>
<publication_month>12</publication_month>
<publication_day>1</publication_day>
<authors>
<author>
<id>165177</id>
<name>Thomas Hoover</name>
<link><![CDATA[https://www.goodreads.com/author/show/165177.Thomas_Hoover]]></link>
</author>
</authors>
</book>

          <book>
<id>13058727</id>
<title><![CDATA[A Curve of Claw (Wiccan-Were-Bear, #1)]]></title>
<title_without_series>A Curve of Claw</title_without_series>
<link><![CDATA[https://www.goodreads.com/book/show/13058727-a-curve-of-claw]]></link>
<small_image_url><![CDATA[https://images.gr-assets.com/books/1321360808s/13058727.jpg]]></small_image_url>
<image_url><![CDATA[https://images.gr-assets.com/books/1321360808m/13058727.jpg]]></image_url>
<num_pages>91</num_pages>
<work>
<id>18223995</id>
</work>
<isbn></isbn>
<isbn13>9781465795335</isbn13>
<average_rating>3.90</average_rating>
<ratings_count>1998</ratings_count>
<publication_year>2011</publication_year>
<publication_month>11</publication_month>
<publication_day>12</publication_day>
<authors>
<author>
<id>5332306</id>
<name>R.E. Butler</name>
<link><![CDATA[https://www.goodreads.com/author/show/5332306.R_E_Butler]]></link>
</author>
</authors>
</book>

          <book>
<id>15752272</id>
<title><![CDATA[Wicked Werewolf Passion (Werewolf Society, #3)]]></title>
<title_without_series>Wicked Werewolf Passion</title_without_series>
<link><![CDATA[https://www.goodreads.com/book/show/15752272-wicked-werewolf-passion]]></link>
<small_image_url><![CDATA[https://images.gr-assets.com/books/1352647284s/15752272.jpg]]></small_image_url>
<image_url><![CDATA[https://images.gr-assets.com/books/1352647284m/15752272.jpg]]></image_url>
<num_pages>52</num_pages>
<work>
<id>21447130</id>
</work>
<isbn></isbn>
<isbn13></isbn13>
<average_rating>3.93</average_rating>
<ratings_count>740</ratings_count>
<publication_year>2012</publication_year>
<publication_month>8</publication_month>
<publication_day></publication_day>
<authors>
<author>
<id>73977</id>
<name>Lisa Renee Jones</name>
<link><![CDATA[https://www.goodreads.com/author/show/73977.Lisa_Renee_Jones]]></link>
</author>
</authors>
</book>

  </similar_books>
</book>

</GoodreadsResponse>