<?xml version="1.0" encoding="UTF-8"?>
<GoodreadsResponse>
  <Request>
    <authentication>true</authentication>
      <key><![CDATA[all_men_must_serve]]></key>
    <method><![CDATA[book_show]]></method>
  </Request>
  <book>
  <id>104737</id>
  <title><![CDATA[A Monstrous Regiment of Women (Mary Russell, #2)]]></title>
  <isbn><![CDATA[0006514944]]></isbn>
  <isbn13><![CDATA[9780006514947]]></isbn13>
  <asin><![CDATA[]]></asin>
  <kindle_asin><![CDATA[B00HUTVW5G]]></kindle_asin>
  <marketplace_id><![CDATA[A1F83G8C2ARO7P]]></marketplace_id>
  <country_code><![CDATA[GB]]></country_code>
  <image_url>https://images.gr-assets.com/books/1334169424m/104737.jpg</image_url>
  <small_image_url>https://images.gr-assets.com/books/1334169424s/104737.jpg</small_image_url>
  <publication_year>2000</publication_year>
  <publication_month></publication_month>
  <publication_day></publication_day>
  <publisher>HarperCollins</publisher>
  <language_code>eng</language_code>
  <is_ebook>false</is_ebook>
  <description><![CDATA[Looking for respite in London after a stupefying visit from relatives, Mary encounters a friend from Oxford. The young woman introduces Mary to her current enthusiasm, a strange and enigmatic woman named Margery Childe, who leads something called "The New Temple of God." It seems to be a charismatic sect involved in the post-World War I suffrage movement, with a feminist slant on Christianity. Mary is curious about the woman, and intrigued. Is the New Temple a front for something more sinister? When a series of murders claims members of the movement's wealthy young female volunteers and principal contributors, Mary, with Holmes in the background, begins to investigate. Things become more desperate than either of them expected as Mary's search plunges her into the worst danger she has faced yet.]]></description>
  <work>
  <id type="integer">1039296</id>
  <books_count type="integer">40</books_count>
  <best_book_id type="integer">104737</best_book_id>
  <reviews_count type="integer">24953</reviews_count>
  <ratings_sum type="integer">72739</ratings_sum>
  <ratings_count type="integer">18015</ratings_count>
  <text_reviews_count type="integer">1397</text_reviews_count>
  <original_publication_year type="integer">1995</original_publication_year>
  <original_publication_month type="integer" nil="true"/>
  <original_publication_day type="integer" nil="true"/>
  <original_title>A Monstrous Regiment of Women</original_title>
  <original_language_id type="integer" nil="true"/>
  <media_type>book</media_type>
  <rating_dist>5:5844|4:7791|3:3707|2:561|1:112|total:18015</rating_dist>
  <desc_user_id type="integer">13181332</desc_user_id>
  <default_chaptering_book_id type="integer" nil="true"/>
  <default_description_language_code nil="true"/>
</work>
  <average_rating>4.04</average_rating>
  <num_pages><![CDATA[336]]></num_pages>
  <format><![CDATA[Paperback]]></format>
  <edition_information><![CDATA[]]></edition_information>
  <ratings_count><![CDATA[15371]]></ratings_count>
  <text_reviews_count><![CDATA[1034]]></text_reviews_count>
  <url><![CDATA[https://www.goodreads.com/book/show/104737.A_Monstrous_Regiment_of_Women]]></url>
  <link><![CDATA[https://www.goodreads.com/book/show/104737.A_Monstrous_Regiment_of_Women]]></link>
  <authors>
<author>
<id>6760</id>
<name>Laurie R. King</name>
<role></role>
<image_url nophoto='false'>
<![CDATA[https://images.gr-assets.com/authors/1391224846p5/6760.jpg]]>
</image_url>
<small_image_url nophoto='false'>
<![CDATA[https://images.gr-assets.com/authors/1391224846p2/6760.jpg]]>
</small_image_url>
<link><![CDATA[https://www.goodreads.com/author/show/6760.Laurie_R_King]]></link>
<average_rating>4.03</average_rating>
<ratings_count>262655</ratings_count>
<text_reviews_count>21639</text_reviews_count>
</author>
</authors>

    <reviews_widget>
      <![CDATA[
        <style>
  #goodreads-widget {
    font-family: georgia, serif;
    padding: 18px 0;
    width:565px;
  }
  #goodreads-widget h1 {
    font-weight:normal;
    font-size: 16px;
    border-bottom: 1px solid #BBB596;
    margin-bottom: 0;
  }
  #goodreads-widget a {
    text-decoration: none;
    color:#660;
  }
  iframe{
    background-color: #fff;
  }
  #goodreads-widget a:hover { text-decoration: underline; }
  #goodreads-widget a:active {
    color:#660;
  }
  #gr_footer {
    width: 100%;
    border-top: 1px solid #BBB596;
    text-align: right;
  }
  #goodreads-widget .gr_branding{
    color: #382110;
    font-size: 11px;
    text-decoration: none;
    font-family: "Helvetica Neue", Helvetica, Arial, sans-serif;
  }
</style>
<div id="goodreads-widget">
  <div id="gr_header"><h1><a rel="nofollow" href="https://www.goodreads.com/book/show/104737.A_Monstrous_Regiment_of_Women">A Monstrous Regiment of Women Reviews</a></h1></div>
  <iframe id="the_iframe" src="https://www.goodreads.com/api/reviews_widget_iframe?did=DEVELOPER_ID&amp;format=html&amp;isbn=0006514944&amp;links=660&amp;min_rating=&amp;review_back=fff&amp;stars=000&amp;text=000" width="565" height="400" frameborder="0"></iframe>
  <div id="gr_footer">
    <a class="gr_branding" target="_blank" rel="nofollow" href="https://www.goodreads.com/book/show/104737.A_Monstrous_Regiment_of_Women?utm_medium=api&amp;utm_source=reviews_widget">Reviews from Goodreads.com</a>
  </div>
</div>

      ]]>
    </reviews_widget>
  <popular_shelves>
      <shelf name="mystery" count="485"/>
      <shelf name="currently-reading" count="183"/>
      <shelf name="series" count="149"/>
      <shelf name="fiction" count="135"/>
      <shelf name="historical-fiction" count="129"/>
      <shelf name="to-read" count="88"/>
      <shelf name="sherlock-holmes" count="74"/>
      <shelf name="mary-russell" count="68"/>
      <shelf name="crime" count="65"/>
      <shelf name="mysteries" count="64"/>
      <shelf name="laurie-r-king" count="51"/>
      <shelf name="favorites" count="49"/>
      <shelf name="detective" count="49"/>
      <shelf name="library" count="48"/>
      <shelf name="mystery-thriller" count="48"/>
      <shelf name="historical-mystery" count="44"/>
      <shelf name="sherlock" count="44"/>
      <shelf name="mystery-suspense" count="41"/>
      <shelf name="audiobooks" count="40"/>
      <shelf name="adult" count="40"/>
      <shelf name="historical" count="38"/>
      <shelf name="adult-fiction" count="33"/>
      <shelf name="kindle" count="28"/>
      <shelf name="audio" count="28"/>
      <shelf name="british" count="26"/>
      <shelf name="audiobook" count="26"/>
      <shelf name="owned" count="25"/>
      <shelf name="romance" count="24"/>
      <shelf name="ebook" count="23"/>
      <shelf name="audible" count="22"/>
      <shelf name="suspense" count="22"/>
      <shelf name="laurie-king" count="21"/>
      <shelf name="audio-books" count="19"/>
      <shelf name="default" count="18"/>
      <shelf name="read-in-2013" count="17"/>
      <shelf name="mystery-crime" count="17"/>
      <shelf name="books-i-own" count="16"/>
      <shelf name="women" count="16"/>
      <shelf name="adventure" count="16"/>
      <shelf name="re-read" count="16"/>
      <shelf name="historical-mysteries" count="16"/>
      <shelf name="england" count="15"/>
      <shelf name="thriller" count="15"/>
      <shelf name="novels" count="15"/>
      <shelf name="sherlockian" count="13"/>
      <shelf name="feminism" count="13"/>
      <shelf name="mystery-historical" count="12"/>
      <shelf name="london" count="12"/>
      <shelf name="russell" count="12"/>
      <shelf name="mary-russell-series" count="12"/>
      <shelf name="ebooks" count="11"/>
      <shelf name="british-mysteries" count="11"/>
      <shelf name="mystery-detective" count="11"/>
      <shelf name="favorite-series" count="11"/>
      <shelf name="crime-fiction" count="10"/>
      <shelf name="1920s" count="10"/>
      <shelf name="reread" count="10"/>
      <shelf name="mary" count="10"/>
      <shelf name="read-in-2016" count="9"/>
      <shelf name="audio-book" count="9"/>
      <shelf name="e-book" count="9"/>
      <shelf name="read-in-2011" count="9"/>
      <shelf name="female-author" count="9"/>
      <shelf name="strong-women" count="9"/>
      <shelf name="favorite-authors" count="9"/>
      <shelf name="religion" count="9"/>
      <shelf name="i-own" count="9"/>
      <shelf name="read-in-2017" count="8"/>
      <shelf name="holmes" count="8"/>
      <shelf name="crime-mystery" count="8"/>
      <shelf name="detective-fiction" count="8"/>
      <shelf name="cozy-mystery" count="8"/>
      <shelf name="king" count="8"/>
      <shelf name="fantasy" count="8"/>
      <shelf name="read-in-2015" count="7"/>
      <shelf name="calibre" count="7"/>
      <shelf name="mystery-thrillers" count="7"/>
      <shelf name="20th-century" count="7"/>
      <shelf name="my-books" count="7"/>
      <shelf name="read-in-2012" count="7"/>
      <shelf name="read-2012" count="7"/>
      <shelf name="part-of-a-series" count="7"/>
      <shelf name="read-in-2010" count="7"/>
      <shelf name="fiction-mystery" count="7"/>
      <shelf name="history" count="7"/>
      <shelf name="2015-books" count="6"/>
      <shelf name="read-in-2014" count="6"/>
      <shelf name="next-in-series" count="6"/>
      <shelf name="fiction-historical" count="6"/>
      <shelf name="female-authors" count="6"/>
      <shelf name="uk" count="6"/>
      <shelf name="to-buy" count="6"/>
      <shelf name="whodunit" count="6"/>
      <shelf name="novel" count="6"/>
      <shelf name="e-books" count="6"/>
      <shelf name="mystery-series" count="6"/>
      <shelf name="feminist" count="6"/>
      <shelf name="crime-and-mystery" count="6"/>
      <shelf name="murder-mystery" count="6"/>
      <shelf name="read-2009" count="6"/>
  </popular_shelves>
  <book_links>
    <book_link>
  <id>8</id>
  <name>Libraries</name>
  <link>https://www.goodreads.com/book_link/follow/8</link>
</book_link>

  </book_links>
  <buy_links>
    <buy_link>
<id>1</id>
<name>Amazon</name>
<link>https://www.goodreads.com/book_link/follow/1</link>
</buy_link>
<buy_link>
<id>10</id>
<name>Audible</name>
<link>https://www.goodreads.com/book_link/follow/10</link>
</buy_link>
<buy_link>
<id>3</id>
<name>Barnes &amp; Noble</name>
<link>https://www.goodreads.com/book_link/follow/3</link>
</buy_link>
<buy_link>
<id>1027</id>
<name>Kobo</name>
<link>https://www.goodreads.com/book_link/follow/1027</link>
</buy_link>
<buy_link>
<id>2102</id>
<name>Apple iBooks</name>
<link>https://www.goodreads.com/book_link/follow/2102</link>
</buy_link>
<buy_link>
<id>8036</id>
<name>Google Play</name>
<link>https://www.goodreads.com/book_link/follow/8036</link>
</buy_link>
<buy_link>
<id>4</id>
<name>Abebooks</name>
<link>https://www.goodreads.com/book_link/follow/4</link>
</buy_link>
<buy_link>
<id>882</id>
<name>Book Depository</name>
<link>https://www.goodreads.com/book_link/follow/882</link>
</buy_link>
<buy_link>
<id>9</id>
<name>Indigo</name>
<link>https://www.goodreads.com/book_link/follow/9</link>
</buy_link>
<buy_link>
<id>2</id>
<name>Half.com</name>
<link>https://www.goodreads.com/book_link/follow/2</link>
</buy_link>
<buy_link>
<id>5</id>
<name>Alibris</name>
<link>https://www.goodreads.com/book_link/follow/5</link>
</buy_link>
<buy_link>
<id>107</id>
<name>Better World Books</name>
<link>https://www.goodreads.com/book_link/follow/107</link>
</buy_link>
<buy_link>
<id>7</id>
<name>IndieBound</name>
<link>https://www.goodreads.com/book_link/follow/7</link>
</buy_link>

  </buy_links>
  <series_works>
    <series_work>
<id>154447</id>
<user_position>2</user_position>
<series>
<id>40966</id>
<title>
<![CDATA[
    Mary Russell and Sherlock Holmes
]]>
</title>
<description>
<![CDATA[
    When a young woman literally stumbles into Sherlock Holmes, a brilliant mystery series begins. It is 1915, and Holmes is retired and quietly engaged in the study of honeybees, when he meets fifteen-year-old Mary Russell—gawky, egotistical, and recently orphaned, with an intellect to impress even Sherlock Holmes. Under his reluctant tutelage, 20th century Miss Russell proves a deft protégée and a fitting partner for the Victorian detective.
]]>
</description>
<note>
<![CDATA[
    Tightened up, removing redundancies and awkward phrasing; deleted ''an elderly'' because someone in his 50s is hardly his dotage! Sherlock is rejuvenated when Mary enters his life, and is more than able to keep up with her.
]]>
</note>
<series_works_count>24</series_works_count>
<primary_work_count>14</primary_work_count>
<numbered>true</numbered>
</series>

</series_work>

  </series_works>
  <similar_books>
          <book>
<id>346223</id>
<title><![CDATA[Petty Treason (Sarah Tolerance, #2)]]></title>
<title_without_series>Petty Treason</title_without_series>
<link><![CDATA[https://www.goodreads.com/book/show/346223.Petty_Treason]]></link>
<small_image_url><![CDATA[https://s.gr-assets.com/assets/nophoto/book/50x75-a91bf249278a81aabab721ef782c4a74.png]]></small_image_url>
<image_url><![CDATA[https://s.gr-assets.com/assets/nophoto/book/111x148-bcc042a9c91a29c1d680899eff700a03.png]]></image_url>
<num_pages>320</num_pages>
<work>
<id>336523</id>
</work>
<isbn>0765343061</isbn>
<isbn13>9780765343062</isbn13>
<average_rating>3.90</average_rating>
<ratings_count>664</ratings_count>
<publication_year>2006</publication_year>
<publication_month>5</publication_month>
<publication_day>30</publication_day>
<authors>
<author>
<id>96514</id>
<name>Madeleine E. Robins</name>
<link><![CDATA[https://www.goodreads.com/author/show/96514.Madeleine_E_Robins]]></link>
</author>
</authors>
</book>

          <book>
<id>66518</id>
<title><![CDATA[Children of the Storm (Amelia Peabody, #15)]]></title>
<title_without_series>Children of the Storm</title_without_series>
<link><![CDATA[https://www.goodreads.com/book/show/66518.Children_of_the_Storm]]></link>
<small_image_url><![CDATA[https://images.gr-assets.com/books/1330076465s/66518.jpg]]></small_image_url>
<image_url><![CDATA[https://images.gr-assets.com/books/1330076465m/66518.jpg]]></image_url>
<num_pages>334</num_pages>
<work>
<id>1409486</id>
</work>
<isbn>1841198277</isbn>
<isbn13>9781841198279</isbn13>
<average_rating>4.21</average_rating>
<ratings_count>5880</ratings_count>
<publication_year>2003</publication_year>
<publication_month></publication_month>
<publication_day></publication_day>
<authors>
<author>
<id>16549</id>
<name>Elizabeth Peters</name>
<link><![CDATA[https://www.goodreads.com/author/show/16549.Elizabeth_Peters]]></link>
</author>
</authors>
</book>

          <book>
<id>6004798</id>
<title><![CDATA[The Case of the Cryptic Crinoline (Enola Holmes, #5)]]></title>
<title_without_series><![CDATA[The Case of the Cryptic Crinoline]]></title_without_series>
<link><![CDATA[https://www.goodreads.com/book/show/6004798-the-case-of-the-cryptic-crinoline]]></link>
<small_image_url><![CDATA[https://images.gr-assets.com/books/1421221100s/6004798.jpg]]></small_image_url>
<image_url><![CDATA[https://images.gr-assets.com/books/1421221100m/6004798.jpg]]></image_url>
<num_pages></num_pages>
<work>
<id>6179738</id>
</work>
<isbn>0399247815</isbn>
<isbn13>9780399247811</isbn13>
<average_rating>4.08</average_rating>
<ratings_count>2531</ratings_count>
<publication_year></publication_year>
<publication_month></publication_month>
<publication_day></publication_day>
<authors>
<author>
<id>22547</id>
<name>Nancy Springer</name>
<link><![CDATA[https://www.goodreads.com/author/show/22547.Nancy_Springer]]></link>
</author>
</authors>
</book>

          <book>
<id>554329</id>
<title><![CDATA[Fire and Fog (Fremont Jones, #2)]]></title>
<title_without_series>Fire and Fog</title_without_series>
<link><![CDATA[https://www.goodreads.com/book/show/554329.Fire_and_Fog]]></link>
<small_image_url><![CDATA[https://s.gr-assets.com/assets/nophoto/book/50x75-a91bf249278a81aabab721ef782c4a74.png]]></small_image_url>
<image_url><![CDATA[https://s.gr-assets.com/assets/nophoto/book/111x148-bcc042a9c91a29c1d680899eff700a03.png]]></image_url>
<num_pages>257</num_pages>
<work>
<id>541552</id>
</work>
<isbn>0553569228</isbn>
<isbn13>9780553569223</isbn13>
<average_rating>3.88</average_rating>
<ratings_count>610</ratings_count>
<publication_year>1997</publication_year>
<publication_month>4</publication_month>
<publication_day></publication_day>
<authors>
<author>
<id>304395</id>
<name>Dianne Day</name>
<link><![CDATA[https://www.goodreads.com/author/show/304395.Dianne_Day]]></link>
</author>
</authors>
</book>

          <book>
<id>31680</id>
<title><![CDATA[Jane and the Man of the Cloth (Jane Austen Mysteries, #2)]]></title>
<title_without_series>Jane and the Man of the Cloth</title_without_series>
<link><![CDATA[https://www.goodreads.com/book/show/31680.Jane_and_the_Man_of_the_Cloth]]></link>
<small_image_url><![CDATA[https://s.gr-assets.com/assets/nophoto/book/50x75-a91bf249278a81aabab721ef782c4a74.png]]></small_image_url>
<image_url><![CDATA[https://s.gr-assets.com/assets/nophoto/book/111x148-bcc042a9c91a29c1d680899eff700a03.png]]></image_url>
<num_pages>368</num_pages>
<work>
<id>74200</id>
</work>
<isbn>0553574892</isbn>
<isbn13>9780553574890</isbn13>
<average_rating>3.83</average_rating>
<ratings_count>2639</ratings_count>
<publication_year>1997</publication_year>
<publication_month>11</publication_month>
<publication_day>3</publication_day>
<authors>
<author>
<id>17764</id>
<name>Stephanie Barron</name>
<link><![CDATA[https://www.goodreads.com/author/show/17764.Stephanie_Barron]]></link>
</author>
</authors>
</book>

          <book>
<id>176246</id>
<title><![CDATA[Fever Season (Benjamin January, #2)]]></title>
<title_without_series>Fever Season</title_without_series>
<link><![CDATA[https://www.goodreads.com/book/show/176246.Fever_Season]]></link>
<small_image_url><![CDATA[https://s.gr-assets.com/assets/nophoto/book/50x75-a91bf249278a81aabab721ef782c4a74.png]]></small_image_url>
<image_url><![CDATA[https://s.gr-assets.com/assets/nophoto/book/111x148-bcc042a9c91a29c1d680899eff700a03.png]]></image_url>
<num_pages>395</num_pages>
<work>
<id>1229997</id>
</work>
<isbn>0553575279</isbn>
<isbn13>9780553575279</isbn13>
<average_rating>4.10</average_rating>
<ratings_count>1209</ratings_count>
<publication_year>1999</publication_year>
<publication_month>5</publication_month>
<publication_day></publication_day>
<authors>
<author>
<id>10333</id>
<name>Barbara Hambly</name>
<link><![CDATA[https://www.goodreads.com/author/show/10333.Barbara_Hambly]]></link>
</author>
</authors>
</book>

          <book>
<id>552534</id>
<title><![CDATA[Good Night, Mr. Holmes (Irene Adler, #1)]]></title>
<title_without_series>Good Night, Mr. Holmes</title_without_series>
<link><![CDATA[https://www.goodreads.com/book/show/552534.Good_Night_Mr_Holmes]]></link>
<small_image_url><![CDATA[https://images.gr-assets.com/books/1437091135s/552534.jpg]]></small_image_url>
<image_url><![CDATA[https://images.gr-assets.com/books/1437091135m/552534.jpg]]></image_url>
<num_pages>408</num_pages>
<work>
<id>2903822</id>
</work>
<isbn>0765345749</isbn>
<isbn13>9780765345745</isbn13>
<average_rating>3.88</average_rating>
<ratings_count>2063</ratings_count>
<publication_year>2005</publication_year>
<publication_month>1</publication_month>
<publication_day>10</publication_day>
<authors>
<author>
<id>9756</id>
<name>Carole Nelson Douglas</name>
<link><![CDATA[https://www.goodreads.com/author/show/9756.Carole_Nelson_Douglas]]></link>
</author>
</authors>
</book>

          <book>
<id>7432</id>
<title><![CDATA[Pardonable Lies (Maisie Dobbs, #3)]]></title>
<title_without_series>Pardonable Lies</title_without_series>
<link><![CDATA[https://www.goodreads.com/book/show/7432.Pardonable_Lies]]></link>
<small_image_url><![CDATA[https://s.gr-assets.com/assets/nophoto/book/50x75-a91bf249278a81aabab721ef782c4a74.png]]></small_image_url>
<image_url><![CDATA[https://s.gr-assets.com/assets/nophoto/book/111x148-bcc042a9c91a29c1d680899eff700a03.png]]></image_url>
<num_pages></num_pages>
<work>
<id>1751542</id>
</work>
<isbn>0312426216</isbn>
<isbn13>9780312426217</isbn13>
<average_rating>4.09</average_rating>
<ratings_count>19213</ratings_count>
<publication_year></publication_year>
<publication_month></publication_month>
<publication_day></publication_day>
<authors>
<author>
<id>5023</id>
<name>Jacqueline Winspear</name>
<link><![CDATA[https://www.goodreads.com/author/show/5023.Jacqueline_Winspear]]></link>
</author>
</authors>
</book>

          <book>
<id>1943742</id>
<title><![CDATA[Silent in the Sanctuary (Lady Julia Grey, #2)]]></title>
<title_without_series>Silent in the Sanctuary</title_without_series>
<link><![CDATA[https://www.goodreads.com/book/show/1943742.Silent_in_the_Sanctuary]]></link>
<small_image_url><![CDATA[https://s.gr-assets.com/assets/nophoto/book/50x75-a91bf249278a81aabab721ef782c4a74.png]]></small_image_url>
<image_url><![CDATA[https://s.gr-assets.com/assets/nophoto/book/111x148-bcc042a9c91a29c1d680899eff700a03.png]]></image_url>
<num_pages>552</num_pages>
<work>
<id>1946375</id>
</work>
<isbn>0778324923</isbn>
<isbn13>9780778324928</isbn13>
<average_rating>4.05</average_rating>
<ratings_count>11161</ratings_count>
<publication_year>2008</publication_year>
<publication_month></publication_month>
<publication_day></publication_day>
<authors>
<author>
<id>156327</id>
<name>Deanna Raybourn</name>
<link><![CDATA[https://www.goodreads.com/author/show/156327.Deanna_Raybourn]]></link>
</author>
</authors>
</book>

          <book>
<id>1163444</id>
<title><![CDATA[A Fatal Waltz (Lady Emily, #3)]]></title>
<title_without_series>A Fatal Waltz</title_without_series>
<link><![CDATA[https://www.goodreads.com/book/show/1163444.A_Fatal_Waltz]]></link>
<small_image_url><![CDATA[https://s.gr-assets.com/assets/nophoto/book/50x75-a91bf249278a81aabab721ef782c4a74.png]]></small_image_url>
<image_url><![CDATA[https://s.gr-assets.com/assets/nophoto/book/111x148-bcc042a9c91a29c1d680899eff700a03.png]]></image_url>
<num_pages>294</num_pages>
<work>
<id>1151104</id>
</work>
<isbn>006117422X</isbn>
<isbn13>9780061174223</isbn13>
<average_rating>3.90</average_rating>
<ratings_count>7354</ratings_count>
<publication_year></publication_year>
<publication_month></publication_month>
<publication_day></publication_day>
<authors>
<author>
<id>167047</id>
<name>Tasha Alexander</name>
<link><![CDATA[https://www.goodreads.com/author/show/167047.Tasha_Alexander]]></link>
</author>
</authors>
</book>

          <book>
<id>20240</id>
<title><![CDATA[Search the Dark (Inspector Ian Rutledge, #3)]]></title>
<title_without_series>Search the Dark</title_without_series>
<link><![CDATA[https://www.goodreads.com/book/show/20240.Search_the_Dark]]></link>
<small_image_url><![CDATA[https://s.gr-assets.com/assets/nophoto/book/50x75-a91bf249278a81aabab721ef782c4a74.png]]></small_image_url>
<image_url><![CDATA[https://s.gr-assets.com/assets/nophoto/book/111x148-bcc042a9c91a29c1d680899eff700a03.png]]></image_url>
<num_pages>310</num_pages>
<work>
<id>795501</id>
</work>
<isbn>0312971281</isbn>
<isbn13>9780312971281</isbn13>
<average_rating>3.99</average_rating>
<ratings_count>3591</ratings_count>
<publication_year></publication_year>
<publication_month></publication_month>
<publication_day></publication_day>
<authors>
<author>
<id>131</id>
<name>Charles Todd</name>
<link><![CDATA[https://www.goodreads.com/author/show/131.Charles_Todd]]></link>
</author>
</authors>
</book>

          <book>
<id>39148</id>
<title><![CDATA[When Gods Die (Sebastian St. Cyr, #2)]]></title>
<title_without_series>When Gods Die</title_without_series>
<link><![CDATA[https://www.goodreads.com/book/show/39148.When_Gods_Die]]></link>
<small_image_url><![CDATA[https://images.gr-assets.com/books/1309200754s/39148.jpg]]></small_image_url>
<image_url><![CDATA[https://images.gr-assets.com/books/1309200754m/39148.jpg]]></image_url>
<num_pages></num_pages>
<work>
<id>38858</id>
</work>
<isbn>0451219686</isbn>
<isbn13>9780451219688</isbn13>
<average_rating>4.10</average_rating>
<ratings_count>5692</ratings_count>
<publication_year></publication_year>
<publication_month></publication_month>
<publication_day></publication_day>
<authors>
<author>
<id>22067</id>
<name>C.S. Harris</name>
<link><![CDATA[https://www.goodreads.com/author/show/22067.C_S_Harris]]></link>
</author>
</authors>
</book>

  </similar_books>
</book>

</GoodreadsResponse>