<?xml version="1.0" encoding="UTF-8"?>
<GoodreadsResponse>
  <Request>
    <authentication>true</authentication>
      <key><![CDATA[all_men_must_serve]]></key>
    <method><![CDATA[book_show]]></method>
  </Request>
  <book>
  <id>105</id>
  <title><![CDATA[Chapterhouse: Dune (Dune Chronicles #6)]]></title>
  <isbn><![CDATA[0441102670]]></isbn>
  <isbn13><![CDATA[9780441102679]]></isbn13>
  <asin><![CDATA[]]></asin>
  <kindle_asin><![CDATA[B0057MLPJG]]></kindle_asin>
  <marketplace_id><![CDATA[A1F83G8C2ARO7P]]></marketplace_id>
  <country_code><![CDATA[GB]]></country_code>
  <image_url>https://images.gr-assets.com/books/1260954505m/105.jpg</image_url>
  <small_image_url>https://images.gr-assets.com/books/1260954505s/105.jpg</small_image_url>
  <publication_year>1987</publication_year>
  <publication_month>7</publication_month>
  <publication_day>1</publication_day>
  <publisher>Ace Books</publisher>
  <language_code>eng</language_code>
  <is_ebook>false</is_ebook>
  <description><![CDATA[The desert planet Arrakis, called Dune, has been destroyed. Now, the Bene Gesserit, heirs to Dune's power, have colonized a green world--and are turning it into a desert, mile by scorched mile.<br />Here is the last book <b>Frank Herbert</b> wrote before his death. A stunning climax to the epic Dune legend that will live on forever...]]></description>
  <work>
  <id type="integer">3634569</id>
  <books_count type="integer">72</books_count>
  <best_book_id type="integer">105</best_book_id>
  <reviews_count type="integer">55660</reviews_count>
  <ratings_sum type="integer">144507</ratings_sum>
  <ratings_count type="integer">37179</ratings_count>
  <text_reviews_count type="integer">555</text_reviews_count>
  <original_publication_year type="integer">1985</original_publication_year>
  <original_publication_month type="integer">4</original_publication_month>
  <original_publication_day type="integer" nil="true"/>
  <original_title>Chapterhouse: Dune</original_title>
  <original_language_id type="integer" nil="true"/>
  <media_type>book</media_type>
  <rating_dist>5:12214|4:12504|3:9174|2:2612|1:675|total:37179</rating_dist>
  <desc_user_id type="integer">32007247</desc_user_id>
  <default_chaptering_book_id type="integer" nil="true"/>
  <default_description_language_code nil="true"/>
</work>
  <average_rating>3.89</average_rating>
  <num_pages><![CDATA[436]]></num_pages>
  <format><![CDATA[Mass Market Paperback]]></format>
  <edition_information><![CDATA[]]></edition_information>
  <ratings_count><![CDATA[34841]]></ratings_count>
  <text_reviews_count><![CDATA[445]]></text_reviews_count>
  <url><![CDATA[https://www.goodreads.com/book/show/105.Chapterhouse]]></url>
  <link><![CDATA[https://www.goodreads.com/book/show/105.Chapterhouse]]></link>
  <authors>
<author>
<id>58</id>
<name>Frank Herbert</name>
<role></role>
<image_url nophoto='false'>
<![CDATA[https://images.gr-assets.com/authors/1168661521p5/58.jpg]]>
</image_url>
<small_image_url nophoto='false'>
<![CDATA[https://images.gr-assets.com/authors/1168661521p2/58.jpg]]>
</small_image_url>
<link><![CDATA[https://www.goodreads.com/author/show/58.Frank_Herbert]]></link>
<average_rating>4.07</average_rating>
<ratings_count>931798</ratings_count>
<text_reviews_count>21443</text_reviews_count>
</author>
</authors>

    <reviews_widget>
      <![CDATA[
        <style>
  #goodreads-widget {
    font-family: georgia, serif;
    padding: 18px 0;
    width:565px;
  }
  #goodreads-widget h1 {
    font-weight:normal;
    font-size: 16px;
    border-bottom: 1px solid #BBB596;
    margin-bottom: 0;
  }
  #goodreads-widget a {
    text-decoration: none;
    color:#660;
  }
  iframe{
    background-color: #fff;
  }
  #goodreads-widget a:hover { text-decoration: underline; }
  #goodreads-widget a:active {
    color:#660;
  }
  #gr_footer {
    width: 100%;
    border-top: 1px solid #BBB596;
    text-align: right;
  }
  #goodreads-widget .gr_branding{
    color: #382110;
    font-size: 11px;
    text-decoration: none;
    font-family: "Helvetica Neue", Helvetica, Arial, sans-serif;
  }
</style>
<div id="goodreads-widget">
  <div id="gr_header"><h1><a rel="nofollow" href="https://www.goodreads.com/book/show/105.Chapterhouse">Chapterhouse Reviews</a></h1></div>
  <iframe id="the_iframe" src="https://www.goodreads.com/api/reviews_widget_iframe?did=DEVELOPER_ID&amp;format=html&amp;isbn=0441102670&amp;links=660&amp;min_rating=&amp;review_back=fff&amp;stars=000&amp;text=000" width="565" height="400" frameborder="0"></iframe>
  <div id="gr_footer">
    <a class="gr_branding" target="_blank" rel="nofollow" href="https://www.goodreads.com/book/show/105.Chapterhouse?utm_medium=api&amp;utm_source=reviews_widget">Reviews from Goodreads.com</a>
  </div>
</div>

      ]]>
    </reviews_widget>
  <popular_shelves>
      <shelf name="science-fiction" count="1356"/>
      <shelf name="sci-fi" count="1029"/>
      <shelf name="fiction" count="439"/>
      <shelf name="currently-reading" count="352"/>
      <shelf name="dune" count="317"/>
      <shelf name="scifi" count="266"/>
      <shelf name="owned" count="227"/>
      <shelf name="fantasy" count="210"/>
      <shelf name="default" count="151"/>
      <shelf name="favorites" count="144"/>
      <shelf name="sf" count="141"/>
      <shelf name="sci-fi-fantasy" count="119"/>
      <shelf name="frank-herbert" count="71"/>
      <shelf name="scifi-fantasy" count="67"/>
      <shelf name="series" count="66"/>
      <shelf name="classics" count="65"/>
      <shelf name="books-i-own" count="63"/>
      <shelf name="space-opera" count="56"/>
      <shelf name="to-read" count="51"/>
      <shelf name="fantasy-sci-fi" count="45"/>
      <shelf name="library" count="44"/>
      <shelf name="dune-series" count="36"/>
      <shelf name="science" count="35"/>
      <shelf name="owned-books" count="34"/>
      <shelf name="science-fiction-fantasy" count="33"/>
      <shelf name="ebooks" count="31"/>
      <shelf name="to-buy" count="30"/>
      <shelf name="audiobook" count="28"/>
      <shelf name="novels" count="27"/>
      <shelf name="adventure" count="24"/>
      <shelf name="my-library" count="22"/>
      <shelf name="books" count="22"/>
      <shelf name="kindle" count="22"/>
      <shelf name="space" count="22"/>
      <shelf name="dune-chronicles" count="22"/>
      <shelf name="sf-fantasy" count="22"/>
      <shelf name="herbert" count="22"/>
      <shelf name="ebook" count="19"/>
      <shelf name="e-books" count="18"/>
      <shelf name="religion" count="17"/>
      <shelf name="speculative-fiction" count="17"/>
      <shelf name="calibre" count="16"/>
      <shelf name="english" count="16"/>
      <shelf name="science-fiction-and-fantasy" count="16"/>
      <shelf name="classic" count="16"/>
      <shelf name="herbert-frank" count="15"/>
      <shelf name="paperback" count="15"/>
      <shelf name="literature" count="15"/>
      <shelf name="own-it" count="15"/>
      <shelf name="audible" count="14"/>
      <shelf name="my-books" count="14"/>
      <shelf name="audio" count="14"/>
      <shelf name="politics" count="14"/>
      <shelf name="epic" count="14"/>
      <shelf name="novel" count="14"/>
      <shelf name="general" count="13"/>
      <shelf name="sci-fi-and-fantasy" count="13"/>
      <shelf name="audiobooks" count="13"/>
      <shelf name="sciencefiction" count="13"/>
      <shelf name="place" count="11"/>
      <shelf name="imaginary" count="11"/>
      <shelf name="unread" count="11"/>
      <shelf name="i-own" count="11"/>
      <shelf name="fantascienza" count="10"/>
      <shelf name="adult" count="10"/>
      <shelf name="ciencia-ficción" count="10"/>
      <shelf name="classic-sci-fi" count="10"/>
      <shelf name="home-library" count="10"/>
      <shelf name="to-read-fiction" count="9"/>
      <shelf name="ciencia-ficcion" count="9"/>
      <shelf name="short" count="9"/>
      <shelf name="sf-f" count="9"/>
      <shelf name="stories" count="9"/>
      <shelf name="re-read" count="9"/>
      <shelf name="american" count="8"/>
      <shelf name="bookshelf" count="8"/>
      <shelf name="sff" count="8"/>
      <shelf name="not-read" count="8"/>
      <shelf name="speculative" count="8"/>
      <shelf name="shelfari-favorites" count="7"/>
      <shelf name="bought" count="7"/>
      <shelf name="to-get" count="7"/>
      <shelf name="finished" count="7"/>
      <shelf name="s-f" count="7"/>
      <shelf name="american-literature" count="7"/>
      <shelf name="favourites" count="7"/>
      <shelf name="fantasy-sf" count="7"/>
      <shelf name="all-time-favorites" count="7"/>
      <shelf name="adult-fiction" count="7"/>
      <shelf name="20th-century" count="7"/>
      <shelf name="philosophy" count="7"/>
      <shelf name="fantasy-science-fiction" count="7"/>
      <shelf name="read-in-english" count="6"/>
      <shelf name="1980s" count="6"/>
      <shelf name="gave-up-on" count="6"/>
      <shelf name="on-kindle" count="6"/>
      <shelf name="scanned" count="6"/>
      <shelf name="future" count="6"/>
      <shelf name="e-book" count="6"/>
      <shelf name="not-owned" count="6"/>
  </popular_shelves>
  <book_links>
    <book_link>
  <id>8</id>
  <name>Libraries</name>
  <link>https://www.goodreads.com/book_link/follow/8</link>
</book_link>

  </book_links>
  <buy_links>
    <buy_link>
<id>1</id>
<name>Amazon</name>
<link>https://www.goodreads.com/book_link/follow/1</link>
</buy_link>
<buy_link>
<id>10</id>
<name>Audible</name>
<link>https://www.goodreads.com/book_link/follow/10</link>
</buy_link>
<buy_link>
<id>3</id>
<name>Barnes &amp; Noble</name>
<link>https://www.goodreads.com/book_link/follow/3</link>
</buy_link>
<buy_link>
<id>1027</id>
<name>Kobo</name>
<link>https://www.goodreads.com/book_link/follow/1027</link>
</buy_link>
<buy_link>
<id>2102</id>
<name>Apple iBooks</name>
<link>https://www.goodreads.com/book_link/follow/2102</link>
</buy_link>
<buy_link>
<id>8036</id>
<name>Google Play</name>
<link>https://www.goodreads.com/book_link/follow/8036</link>
</buy_link>
<buy_link>
<id>4</id>
<name>Abebooks</name>
<link>https://www.goodreads.com/book_link/follow/4</link>
</buy_link>
<buy_link>
<id>882</id>
<name>Book Depository</name>
<link>https://www.goodreads.com/book_link/follow/882</link>
</buy_link>
<buy_link>
<id>9</id>
<name>Indigo</name>
<link>https://www.goodreads.com/book_link/follow/9</link>
</buy_link>
<buy_link>
<id>2</id>
<name>Half.com</name>
<link>https://www.goodreads.com/book_link/follow/2</link>
</buy_link>
<buy_link>
<id>5</id>
<name>Alibris</name>
<link>https://www.goodreads.com/book_link/follow/5</link>
</buy_link>
<buy_link>
<id>107</id>
<name>Better World Books</name>
<link>https://www.goodreads.com/book_link/follow/107</link>
</buy_link>
<buy_link>
<id>7</id>
<name>IndieBound</name>
<link>https://www.goodreads.com/book_link/follow/7</link>
</buy_link>

  </buy_links>
  <series_works>
    <series_work>
<id>166796</id>
<user_position>6</user_position>
<series>
<id>45935</id>
<title>
<![CDATA[
    Dune
]]>
</title>
<description>
<![CDATA[
    Also known as Dune Saga, Kroniki Diuny and Dyyni.
    
    
    See also:
    * <a href="/series/49401-prelude-to-dune">Prelude to Dune</a>
    * <a href="/series/45567-legends-of-dune">Legends of Dune</a>
    * <a href="/series/49402-heroes-of-dune">Heroes of Dune</a>
    * <a href="/series/104537-schools-of-dune">Schools of Dune</a>
]]>
</description>
<note>
<![CDATA[
]]>
</note>
<series_works_count>31</series_works_count>
<primary_work_count>8</primary_work_count>
<numbered>true</numbered>
</series>

</series_work>
<series_work>
<id>514669</id>
<user_position>17</user_position>
<series>
<id>106170</id>
<title>
<![CDATA[
    Dune Universe
]]>
</title>
<description>
<![CDATA[
]]>
</description>
<note>
<![CDATA[
]]>
</note>
<series_works_count>25</series_works_count>
<primary_work_count>22</primary_work_count>
<numbered>true</numbered>
</series>

</series_work>

  </series_works>
  <similar_books>
          <book>
<id>20249</id>
<title><![CDATA[Hunters of Dune (Dune Chronicles #7)]]></title>
<title_without_series>Hunters of Dune</title_without_series>
<link><![CDATA[https://www.goodreads.com/book/show/20249.Hunters_of_Dune]]></link>
<small_image_url><![CDATA[https://s.gr-assets.com/assets/nophoto/book/50x75-a91bf249278a81aabab721ef782c4a74.png]]></small_image_url>
<image_url><![CDATA[https://s.gr-assets.com/assets/nophoto/book/111x148-bcc042a9c91a29c1d680899eff700a03.png]]></image_url>
<num_pages></num_pages>
<work>
<id>4911</id>
</work>
<isbn>0765312921</isbn>
<isbn13>9780765312921</isbn13>
<average_rating>3.62</average_rating>
<ratings_count>10095</ratings_count>
<publication_year></publication_year>
<publication_month></publication_month>
<publication_day></publication_day>
<authors>
<author>
<id>56</id>
<name>Brian Herbert</name>
<link><![CDATA[https://www.goodreads.com/author/show/56.Brian_Herbert]]></link>
</author>
</authors>
</book>

          <book>
<id>870294</id>
<title>The Dune Encyclopedia</title>
<title_without_series>The Dune Encyclopedia</title_without_series>
<link><![CDATA[https://www.goodreads.com/book/show/870294.The_Dune_Encyclopedia]]></link>
<small_image_url><![CDATA[https://images.gr-assets.com/books/1317761885s/870294.jpg]]></small_image_url>
<image_url><![CDATA[https://images.gr-assets.com/books/1317761885m/870294.jpg]]></image_url>
<num_pages>526</num_pages>
<work>
<id>1009000</id>
</work>
<isbn>0425068137</isbn>
<isbn13>9780425068137</isbn13>
<average_rating>4.07</average_rating>
<ratings_count>3360</ratings_count>
<publication_year>1984</publication_year>
<publication_month>6</publication_month>
<publication_day>1</publication_day>
<authors>
<author>
<id>1663914</id>
<name>Willis Everett McNelly</name>
<link><![CDATA[https://www.goodreads.com/author/show/1663914.Willis_Everett_McNelly]]></link>
</author>
</authors>
</book>

          <book>
<id>265287</id>
<title><![CDATA[A Forest of Stars (The Saga of Seven Suns, #2)]]></title>
<title_without_series>A Forest of Stars</title_without_series>
<link><![CDATA[https://www.goodreads.com/book/show/265287.A_Forest_of_Stars]]></link>
<small_image_url><![CDATA[https://s.gr-assets.com/assets/nophoto/book/50x75-a91bf249278a81aabab721ef782c4a74.png]]></small_image_url>
<image_url><![CDATA[https://s.gr-assets.com/assets/nophoto/book/111x148-bcc042a9c91a29c1d680899eff700a03.png]]></image_url>
<num_pages>496</num_pages>
<work>
<id>108799</id>
</work>
<isbn>0446528714</isbn>
<isbn13>9780446528719</isbn13>
<average_rating>3.88</average_rating>
<ratings_count>4950</ratings_count>
<publication_year>2003</publication_year>
<publication_month>7</publication_month>
<publication_day>17</publication_day>
<authors>
<author>
<id>4845</id>
<name>Kevin J. Anderson</name>
<link><![CDATA[https://www.goodreads.com/author/show/4845.Kevin_J_Anderson]]></link>
</author>
</authors>
</book>

          <book>
<id>76683</id>
<title><![CDATA[Foundation's Edge (Foundation #4)]]></title>
<title_without_series>Foundation&apos;s Edge</title_without_series>
<link><![CDATA[https://www.goodreads.com/book/show/76683.Foundation_s_Edge]]></link>
<small_image_url><![CDATA[https://s.gr-assets.com/assets/nophoto/book/50x75-a91bf249278a81aabab721ef782c4a74.png]]></small_image_url>
<image_url><![CDATA[https://s.gr-assets.com/assets/nophoto/book/111x148-bcc042a9c91a29c1d680899eff700a03.png]]></image_url>
<num_pages>450</num_pages>
<work>
<id>1725527</id>
</work>
<isbn>0553293389</isbn>
<isbn13>9780553293388</isbn13>
<average_rating>4.08</average_rating>
<ratings_count>51901</ratings_count>
<publication_year>2010</publication_year>
<publication_month>12</publication_month>
<publication_day>31</publication_day>
<authors>
<author>
<id>16667</id>
<name>Isaac Asimov</name>
<link><![CDATA[https://www.goodreads.com/author/show/16667.Isaac_Asimov]]></link>
</author>
</authors>
</book>

          <book>
<id>118</id>
<title>The Battles of Dune</title>
<title_without_series>The Battles of Dune</title_without_series>
<link><![CDATA[https://www.goodreads.com/book/show/118.The_Battles_of_Dune]]></link>
<small_image_url><![CDATA[https://images.gr-assets.com/books/1417079985s/118.jpg]]></small_image_url>
<image_url><![CDATA[https://images.gr-assets.com/books/1417079985m/118.jpg]]></image_url>
<num_pages></num_pages>
<work>
<id>4478</id>
</work>
<isbn>1559948981</isbn>
<isbn13>9781559948982</isbn13>
<average_rating>4.15</average_rating>
<ratings_count>337</ratings_count>
<publication_year>1994</publication_year>
<publication_month>1</publication_month>
<publication_day>4</publication_day>
<authors>
<author>
<id>9882336</id>
<name>Felix  Salten</name>
<link><![CDATA[https://www.goodreads.com/author/show/9882336.Felix_Salten]]></link>
</author>
</authors>
</book>

          <book>
<id>55442</id>
<title><![CDATA[The Magic Labyrinth (Riverworld, #4)]]></title>
<title_without_series>The Magic Labyrinth</title_without_series>
<link><![CDATA[https://www.goodreads.com/book/show/55442.The_Magic_Labyrinth]]></link>
<small_image_url><![CDATA[https://s.gr-assets.com/assets/nophoto/book/50x75-a91bf249278a81aabab721ef782c4a74.png]]></small_image_url>
<image_url><![CDATA[https://s.gr-assets.com/assets/nophoto/book/111x148-bcc042a9c91a29c1d680899eff700a03.png]]></image_url>
<num_pages></num_pages>
<work>
<id>1811767</id>
</work>
<isbn>0345419707</isbn>
<isbn13>9780345419705</isbn13>
<average_rating>3.68</average_rating>
<ratings_count>3690</ratings_count>
<publication_year></publication_year>
<publication_month></publication_month>
<publication_day></publication_day>
<authors>
<author>
<id>10089</id>
<name>Philip José Farmer</name>
<link><![CDATA[https://www.goodreads.com/author/show/10089.Philip_Jos_Farmer]]></link>
</author>
</authors>
</book>

          <book>
<id>22877</id>
<title><![CDATA[The Gap Into Power: A Dark and Hungry God Arises (Gap, #3)]]></title>
<title_without_series><![CDATA[The Gap Into Power: A Dark and Hungry God Arises]]></title_without_series>
<link><![CDATA[https://www.goodreads.com/book/show/22877.The_Gap_Into_Power]]></link>
<small_image_url><![CDATA[https://images.gr-assets.com/books/1320464994s/22877.jpg]]></small_image_url>
<image_url><![CDATA[https://images.gr-assets.com/books/1320464994m/22877.jpg]]></image_url>
<num_pages>518</num_pages>
<work>
<id>23881</id>
</work>
<isbn>0553562606</isbn>
<isbn13>9780553562606</isbn13>
<average_rating>4.07</average_rating>
<ratings_count>5314</ratings_count>
<publication_year>2009</publication_year>
<publication_month>10</publication_month>
<publication_day>21</publication_day>
<authors>
<author>
<id>12980</id>
<name>Stephen R. Donaldson</name>
<link><![CDATA[https://www.goodreads.com/author/show/12980.Stephen_R_Donaldson]]></link>
</author>
</authors>
</book>

          <book>
<id>1393757</id>
<title>Hypérion 1</title>
<title_without_series>Hypérion 1</title_without_series>
<link><![CDATA[https://www.goodreads.com/book/show/1393757.Hyp_rion_1]]></link>
<small_image_url><![CDATA[https://s.gr-assets.com/assets/nophoto/book/50x75-a91bf249278a81aabab721ef782c4a74.png]]></small_image_url>
<image_url><![CDATA[https://s.gr-assets.com/assets/nophoto/book/111x148-bcc042a9c91a29c1d680899eff700a03.png]]></image_url>
<num_pages>282</num_pages>
<work>
<id>25738614</id>
</work>
<isbn>2266173278</isbn>
<isbn13>9782266173278</isbn13>
<average_rating>4.25</average_rating>
<ratings_count>394</ratings_count>
<publication_year>2007</publication_year>
<publication_month>2</publication_month>
<publication_day>23</publication_day>
<authors>
<author>
<id>2687</id>
<name>Dan Simmons</name>
<link><![CDATA[https://www.goodreads.com/author/show/2687.Dan_Simmons]]></link>
</author>
</authors>
</book>

  </similar_books>
</book>

</GoodreadsResponse>