<?xml version="1.0" encoding="UTF-8"?>
<GoodreadsResponse>
  <Request>
    <authentication>true</authentication>
      <key><![CDATA[all_men_must_serve]]></key>
    <method><![CDATA[book_show]]></method>
  </Request>
  <book>
  <id>10517947</id>
  <title><![CDATA[Full Black (Scot Harvath, #10)]]></title>
  <isbn><![CDATA[141658661X]]></isbn>
  <isbn13><![CDATA[9781416586616]]></isbn13>
  <asin><![CDATA[]]></asin>
  <kindle_asin><![CDATA[B007KLKH5U]]></kindle_asin>
  <marketplace_id><![CDATA[A1F83G8C2ARO7P]]></marketplace_id>
  <country_code><![CDATA[GB]]></country_code>
  <image_url>https://images.gr-assets.com/books/1393773645m/10517947.jpg</image_url>
  <small_image_url>https://images.gr-assets.com/books/1393773645s/10517947.jpg</small_image_url>
  <publication_year>2011</publication_year>
  <publication_month>7</publication_month>
  <publication_day>26</publication_day>
  <publisher>Atria</publisher>
  <language_code>en-US</language_code>
  <is_ebook>false</is_ebook>
  <description><![CDATA[#1 New York Times bestselling author Brad Thor brings readers his darkest and most intriguing thriller yet—a terrifying story of espionage and betrayal—brilliantly paced with superb nonstop action.<p>Born in the shadows and kept from heads of state, there are some missions so deadly, so sensitive, that they simply don’t exist. </p><p>When one such mission goes horribly wrong, a wave of dramatic terrorist attacks is set in motion. Their goal: the complete and total collapse of the United States.</p><p>With the CIA’s intelligence abilities hobbled, former Navy SEAL Team 6 member turned covert counterterrorism operative Scot Harvath launches an audacious plan to infiltrate the terrorists’ network and prevent one of the biggest threats the United States has ever faced. </p><p>Simultaneously, a foreign wet work team has been sent to California. Their target: one of Hollywood’s most famous filmmakers. </p><p>While working on a secret documentary project, movie producer Larry Salomon has unknowingly exposed one of the world’s wealthiest and most politically connected powerbrokers—a man with a radical anti-American agenda poised to plunge the nation into deadly, irreversible chaos.</p><p>As the plots rocket to their pulse-pounding conclusion and the identities of the perpetrators are laid stunningly bare, Harvath will be left with only one means to save America. Unable to trust anyone, he will be forced to go <i>Full Black</i>.</p><p>Intense and frighteningly realistic, FULL BLACK is, hands down, Brad Thor’s most riveting thriller to date.</p>]]></description>
  <work>
  <id type="integer">15423995</id>
  <books_count type="integer">22</books_count>
  <best_book_id type="integer">10517947</best_book_id>
  <reviews_count type="integer">22104</reviews_count>
  <ratings_sum type="integer">64842</ratings_sum>
  <ratings_count type="integer">15229</ratings_count>
  <text_reviews_count type="integer">646</text_reviews_count>
  <original_publication_year type="integer">2011</original_publication_year>
  <original_publication_month type="integer">7</original_publication_month>
  <original_publication_day type="integer">26</original_publication_day>
  <original_title>Full Black</original_title>
  <original_language_id type="integer" nil="true"/>
  <media_type>book</media_type>
  <rating_dist>5:7137|4:5515|3:2085|2:350|1:142|total:15229</rating_dist>
  <desc_user_id type="integer">-44</desc_user_id>
  <default_chaptering_book_id type="integer" nil="true"/>
  <default_description_language_code nil="true"/>
</work>
  <average_rating>4.26</average_rating>
  <num_pages><![CDATA[400]]></num_pages>
  <format><![CDATA[Hardcover]]></format>
  <edition_information><![CDATA[]]></edition_information>
  <ratings_count><![CDATA[13246]]></ratings_count>
  <text_reviews_count><![CDATA[579]]></text_reviews_count>
  <url><![CDATA[https://www.goodreads.com/book/show/10517947-full-black]]></url>
  <link><![CDATA[https://www.goodreads.com/book/show/10517947-full-black]]></link>
  <authors>
<author>
<id>5088</id>
<name>Brad Thor</name>
<role></role>
<image_url nophoto='false'>
<![CDATA[https://images.gr-assets.com/authors/1201288917p5/5088.jpg]]>
</image_url>
<small_image_url nophoto='false'>
<![CDATA[https://images.gr-assets.com/authors/1201288917p2/5088.jpg]]>
</small_image_url>
<link><![CDATA[https://www.goodreads.com/author/show/5088.Brad_Thor]]></link>
<average_rating>4.15</average_rating>
<ratings_count>227578</ratings_count>
<text_reviews_count>9722</text_reviews_count>
</author>
</authors>

    <reviews_widget>
      <![CDATA[
        <style>
  #goodreads-widget {
    font-family: georgia, serif;
    padding: 18px 0;
    width:565px;
  }
  #goodreads-widget h1 {
    font-weight:normal;
    font-size: 16px;
    border-bottom: 1px solid #BBB596;
    margin-bottom: 0;
  }
  #goodreads-widget a {
    text-decoration: none;
    color:#660;
  }
  iframe{
    background-color: #fff;
  }
  #goodreads-widget a:hover { text-decoration: underline; }
  #goodreads-widget a:active {
    color:#660;
  }
  #gr_footer {
    width: 100%;
    border-top: 1px solid #BBB596;
    text-align: right;
  }
  #goodreads-widget .gr_branding{
    color: #382110;
    font-size: 11px;
    text-decoration: none;
    font-family: "Helvetica Neue", Helvetica, Arial, sans-serif;
  }
</style>
<div id="goodreads-widget">
  <div id="gr_header"><h1><a rel="nofollow" href="https://www.goodreads.com/book/show/10517947-full-black">Full Black Reviews</a></h1></div>
  <iframe id="the_iframe" src="https://www.goodreads.com/api/reviews_widget_iframe?did=DEVELOPER_ID&amp;format=html&amp;isbn=141658661X&amp;links=660&amp;min_rating=&amp;review_back=fff&amp;stars=000&amp;text=000" width="565" height="400" frameborder="0"></iframe>
  <div id="gr_footer">
    <a class="gr_branding" target="_blank" rel="nofollow" href="https://www.goodreads.com/book/show/10517947-full-black?utm_medium=api&amp;utm_source=reviews_widget">Reviews from Goodreads.com</a>
  </div>
</div>

      ]]>
    </reviews_widget>
  <popular_shelves>
      <shelf name="to-read" count="423"/>
      <shelf name="brad-thor" count="162"/>
      <shelf name="currently-reading" count="57"/>
      <shelf name="default" count="51"/>
      <shelf name="fiction" count="40"/>
      <shelf name="thriller" count="39"/>
      <shelf name="thrillers" count="38"/>
      <shelf name="owned" count="36"/>
      <shelf name="scot-harvath" count="33"/>
      <shelf name="suspense" count="23"/>
      <shelf name="espionage" count="20"/>
      <shelf name="adventure" count="20"/>
      <shelf name="thor" count="19"/>
      <shelf name="spy-thriller" count="18"/>
      <shelf name="kindle" count="18"/>
      <shelf name="action" count="16"/>
      <shelf name="audiobook" count="16"/>
      <shelf name="political-thriller" count="15"/>
      <shelf name="series" count="15"/>
      <shelf name="books-i-own" count="15"/>
      <shelf name="favorites" count="14"/>
      <shelf name="library" count="14"/>
      <shelf name="thor-brad" count="12"/>
      <shelf name="terrorism" count="12"/>
      <shelf name="mystery-thriller" count="12"/>
      <shelf name="audible" count="11"/>
      <shelf name="action-adventure" count="11"/>
      <shelf name="mystery" count="11"/>
      <shelf name="scot-harvath-series" count="11"/>
      <shelf name="scott-harvath" count="10"/>
      <shelf name="spy" count="10"/>
      <shelf name="audiobooks" count="9"/>
      <shelf name="have" count="9"/>
      <shelf name="audio" count="9"/>
      <shelf name="action-thriller" count="9"/>
      <shelf name="military" count="9"/>
      <shelf name="owned-books" count="8"/>
      <shelf name="ebooks" count="8"/>
      <shelf name="read-in-2012" count="7"/>
      <shelf name="to-buy" count="7"/>
      <shelf name="wish-list" count="6"/>
      <shelf name="audio-book" count="6"/>
      <shelf name="my-library" count="5"/>
      <shelf name="mystery-suspense" count="5"/>
      <shelf name="political" count="5"/>
      <shelf name="calibre" count="5"/>
      <shelf name="military-fiction" count="5"/>
      <shelf name="adult" count="5"/>
      <shelf name="2011-books" count="5"/>
      <shelf name="terrorism-thriller" count="4"/>
      <shelf name="unread" count="4"/>
      <shelf name="epub" count="4"/>
      <shelf name="hardcover" count="4"/>
      <shelf name="thriller-mystery" count="4"/>
      <shelf name="own-to-read" count="4"/>
      <shelf name="special-forces" count="4"/>
      <shelf name="spy-novels" count="4"/>
      <shelf name="mysteries" count="4"/>
      <shelf name="counterterrorism" count="3"/>
      <shelf name="brad-thor-harvath" count="3"/>
      <shelf name="read-in-2013" count="3"/>
      <shelf name="want-to-read" count="3"/>
      <shelf name="spies" count="3"/>
      <shelf name="nook" count="3"/>
      <shelf name="audio-books" count="3"/>
      <shelf name="ebook" count="3"/>
      <shelf name="counter-terrorism" count="3"/>
      <shelf name="mysteries-thrillers" count="3"/>
      <shelf name="spy-thrillers" count="3"/>
      <shelf name="harvath" count="3"/>
      <shelf name="read-2012" count="3"/>
      <shelf name="done" count="3"/>
      <shelf name="politics" count="3"/>
      <shelf name="e-books" count="3"/>
      <shelf name="intelligence" count="3"/>
      <shelf name="read-in-2011" count="3"/>
      <shelf name="brad-thor-scot-harvath" count="3"/>
      <shelf name="read-2011" count="3"/>
      <shelf name="novels" count="3"/>
      <shelf name="military-thriller" count="3"/>
      <shelf name="incomplete-series" count="2"/>
      <shelf name="thriller-action" count="2"/>
      <shelf name="on-shelf" count="2"/>
      <shelf name="purchased" count="2"/>
      <shelf name="read-in-2016" count="2"/>
      <shelf name="conspiracy" count="2"/>
      <shelf name="black-ops" count="2"/>
      <shelf name="shelfari-wishlist" count="2"/>
      <shelf name="brad" count="2"/>
      <shelf name="scott" count="2"/>
      <shelf name="horvath" count="2"/>
      <shelf name="scott-horvath" count="2"/>
      <shelf name="covert-ops" count="2"/>
      <shelf name="2015-books" count="2"/>
      <shelf name="pending" count="2"/>
      <shelf name="brad-thor-scott-harvath" count="2"/>
      <shelf name="kcls" count="2"/>
      <shelf name="will-not-read" count="2"/>
      <shelf name="t" count="2"/>
      <shelf name="need" count="2"/>
  </popular_shelves>
  <book_links>
    <book_link>
  <id>8</id>
  <name>Libraries</name>
  <link>https://www.goodreads.com/book_link/follow/8</link>
</book_link>

  </book_links>
  <buy_links>
    <buy_link>
<id>1</id>
<name>Amazon</name>
<link>https://www.goodreads.com/book_link/follow/1</link>
</buy_link>
<buy_link>
<id>10</id>
<name>Audible</name>
<link>https://www.goodreads.com/book_link/follow/10</link>
</buy_link>
<buy_link>
<id>3</id>
<name>Barnes &amp; Noble</name>
<link>https://www.goodreads.com/book_link/follow/3</link>
</buy_link>
<buy_link>
<id>1027</id>
<name>Kobo</name>
<link>https://www.goodreads.com/book_link/follow/1027</link>
</buy_link>
<buy_link>
<id>2102</id>
<name>Apple iBooks</name>
<link>https://www.goodreads.com/book_link/follow/2102</link>
</buy_link>
<buy_link>
<id>8036</id>
<name>Google Play</name>
<link>https://www.goodreads.com/book_link/follow/8036</link>
</buy_link>
<buy_link>
<id>4</id>
<name>Abebooks</name>
<link>https://www.goodreads.com/book_link/follow/4</link>
</buy_link>
<buy_link>
<id>882</id>
<name>Book Depository</name>
<link>https://www.goodreads.com/book_link/follow/882</link>
</buy_link>
<buy_link>
<id>9</id>
<name>Indigo</name>
<link>https://www.goodreads.com/book_link/follow/9</link>
</buy_link>
<buy_link>
<id>2</id>
<name>Half.com</name>
<link>https://www.goodreads.com/book_link/follow/2</link>
</buy_link>
<buy_link>
<id>5</id>
<name>Alibris</name>
<link>https://www.goodreads.com/book_link/follow/5</link>
</buy_link>
<buy_link>
<id>107</id>
<name>Better World Books</name>
<link>https://www.goodreads.com/book_link/follow/107</link>
</buy_link>
<buy_link>
<id>7</id>
<name>IndieBound</name>
<link>https://www.goodreads.com/book_link/follow/7</link>
</buy_link>

  </buy_links>
  <series_works>
    <series_work>
<id>248060</id>
<user_position>10</user_position>
<series>
<id>40445</id>
<title>
<![CDATA[
    Scot Harvath
]]>
</title>
<description>
<![CDATA[
    Scot Harvath is an ex-Navy SEAL Secret Service agent, bright blue eyes, sandy brown hair, 5'10", powerfully muscled. First he rescues President Rutledge and saves his daughter Amanda as head of his security detail, later he is a covert counter-terrorism agent. He travels around the world, ignores pain and wounds, gets the villains, girls, jokes with comrades. Athena Project brings in Scot twice, so #9.5 of the series.
]]>
</description>
<note>
<![CDATA[
]]>
</note>
<series_works_count>27</series_works_count>
<primary_work_count>16</primary_work_count>
<numbered>true</numbered>
</series>

</series_work>

  </series_works>
  <similar_books>
          <book>
<id>11955138</id>
<title><![CDATA[Coup d'Etat (Dewey Andreas, #2)]]></title>
<title_without_series>Coup d&apos;Etat</title_without_series>
<link><![CDATA[https://www.goodreads.com/book/show/11955138-coup-d-etat]]></link>
<small_image_url><![CDATA[https://s.gr-assets.com/assets/nophoto/book/50x75-a91bf249278a81aabab721ef782c4a74.png]]></small_image_url>
<image_url><![CDATA[https://s.gr-assets.com/assets/nophoto/book/111x148-bcc042a9c91a29c1d680899eff700a03.png]]></image_url>
<num_pages>466</num_pages>
<work>
<id>16917222</id>
</work>
<isbn>0312580762</isbn>
<isbn13>9780312580766</isbn13>
<average_rating>4.23</average_rating>
<ratings_count>6625</ratings_count>
<publication_year></publication_year>
<publication_month></publication_month>
<publication_day></publication_day>
<authors>
<author>
<id>4095460</id>
<name>Ben Coes</name>
<link><![CDATA[https://www.goodreads.com/author/show/4095460.Ben_Coes]]></link>
</author>
</authors>
</book>

          <book>
<id>9325874</id>
<title><![CDATA[One Rough Man (Pike Logan, #1)]]></title>
<title_without_series>One Rough Man</title_without_series>
<link><![CDATA[https://www.goodreads.com/book/show/9325874-one-rough-man]]></link>
<small_image_url><![CDATA[https://s.gr-assets.com/assets/nophoto/book/50x75-a91bf249278a81aabab721ef782c4a74.png]]></small_image_url>
<image_url><![CDATA[https://s.gr-assets.com/assets/nophoto/book/111x148-bcc042a9c91a29c1d680899eff700a03.png]]></image_url>
<num_pages>417</num_pages>
<work>
<id>14209101</id>
</work>
<isbn>0525952136</isbn>
<isbn13>9780525952138</isbn13>
<average_rating>4.03</average_rating>
<ratings_count>8848</ratings_count>
<publication_year>2011</publication_year>
<publication_month>2</publication_month>
<publication_day>17</publication_day>
<authors>
<author>
<id>1279042</id>
<name>Brad Taylor</name>
<link><![CDATA[https://www.goodreads.com/author/show/1279042.Brad_Taylor]]></link>
</author>
</authors>
</book>

          <book>
<id>8733507</id>
<title><![CDATA[The Secret Soldier  (John Wells, #5)]]></title>
<title_without_series>The Secret Soldier</title_without_series>
<link><![CDATA[https://www.goodreads.com/book/show/8733507-the-secret-soldier]]></link>
<small_image_url><![CDATA[https://s.gr-assets.com/assets/nophoto/book/50x75-a91bf249278a81aabab721ef782c4a74.png]]></small_image_url>
<image_url><![CDATA[https://s.gr-assets.com/assets/nophoto/book/111x148-bcc042a9c91a29c1d680899eff700a03.png]]></image_url>
<num_pages>401</num_pages>
<work>
<id>13606557</id>
</work>
<isbn>0399157085</isbn>
<isbn13>9780399157080</isbn13>
<average_rating>4.14</average_rating>
<ratings_count>6638</ratings_count>
<publication_year>2011</publication_year>
<publication_month>2</publication_month>
<publication_day>8</publication_day>
<authors>
<author>
<id>195905</id>
<name>Alex Berenson</name>
<link><![CDATA[https://www.goodreads.com/author/show/195905.Alex_Berenson]]></link>
</author>
</authors>
</book>

          <book>
<id>504420</id>
<title><![CDATA[Protect and Defend (Mitch Rapp, #10)]]></title>
<title_without_series>Protect and Defend</title_without_series>
<link><![CDATA[https://www.goodreads.com/book/show/504420.Protect_and_Defend]]></link>
<small_image_url><![CDATA[https://s.gr-assets.com/assets/nophoto/book/50x75-a91bf249278a81aabab721ef782c4a74.png]]></small_image_url>
<image_url><![CDATA[https://s.gr-assets.com/assets/nophoto/book/111x148-bcc042a9c91a29c1d680899eff700a03.png]]></image_url>
<num_pages></num_pages>
<work>
<id>1206921</id>
</work>
<isbn>074327041X</isbn>
<isbn13>9780743270410</isbn13>
<average_rating>4.34</average_rating>
<ratings_count>26791</ratings_count>
<publication_year></publication_year>
<publication_month></publication_month>
<publication_day></publication_day>
<authors>
<author>
<id>14989</id>
<name>Vince Flynn</name>
<link><![CDATA[https://www.goodreads.com/author/show/14989.Vince_Flynn]]></link>
</author>
</authors>
</book>

          <book>
<id>12160933</id>
<title>Black Site (Delta Force, #1)</title>
<title_without_series>Black Site</title_without_series>
<link><![CDATA[https://www.goodreads.com/book/show/12160933-black-site]]></link>
<small_image_url><![CDATA[https://s.gr-assets.com/assets/nophoto/book/50x75-a91bf249278a81aabab721ef782c4a74.png]]></small_image_url>
<image_url><![CDATA[https://s.gr-assets.com/assets/nophoto/book/111x148-bcc042a9c91a29c1d680899eff700a03.png]]></image_url>
<num_pages>343</num_pages>
<work>
<id>17131989</id>
</work>
<isbn>0312668376</isbn>
<isbn13>9780312668372</isbn13>
<average_rating>4.11</average_rating>
<ratings_count>2868</ratings_count>
<publication_year></publication_year>
<publication_month></publication_month>
<publication_day></publication_day>
<authors>
<author>
<id>1294016</id>
<name>Dalton Fury</name>
<link><![CDATA[https://www.goodreads.com/author/show/1294016.Dalton_Fury]]></link>
</author>
</authors>
</book>

          <book>
<id>129546</id>
<title>Spy (Alexander Hawke, #4)</title>
<title_without_series>Spy</title_without_series>
<link><![CDATA[https://www.goodreads.com/book/show/129546.Spy]]></link>
<small_image_url><![CDATA[https://s.gr-assets.com/assets/nophoto/book/50x75-a91bf249278a81aabab721ef782c4a74.png]]></small_image_url>
<image_url><![CDATA[https://s.gr-assets.com/assets/nophoto/book/111x148-bcc042a9c91a29c1d680899eff700a03.png]]></image_url>
<num_pages>483</num_pages>
<work>
<id>3575410</id>
</work>
<isbn>0743277236</isbn>
<isbn13>9780743277235</isbn13>
<average_rating>4.03</average_rating>
<ratings_count>3662</ratings_count>
<publication_year>2006</publication_year>
<publication_month>8</publication_month>
<publication_day>15</publication_day>
<authors>
<author>
<id>74499</id>
<name>Ted Bell</name>
<link><![CDATA[https://www.goodreads.com/author/show/74499.Ted_Bell]]></link>
</author>
</authors>
</book>

  </similar_books>
</book>

</GoodreadsResponse>