<?xml version="1.0" encoding="UTF-8"?>
<GoodreadsResponse>
  <Request>
    <authentication>true</authentication>
      <key><![CDATA[all_men_must_serve]]></key>
    <method><![CDATA[book_show]]></method>
  </Request>
  <book>
  <id>10538</id>
  <title><![CDATA[The Life and Times of the Thunderbolt Kid]]></title>
  <isbn><![CDATA[076791936X]]></isbn>
  <isbn13><![CDATA[9780767919364]]></isbn13>
  <asin><![CDATA[]]></asin>
  <kindle_asin><![CDATA[B0035OC7RW]]></kindle_asin>
  <marketplace_id><![CDATA[A1F83G8C2ARO7P]]></marketplace_id>
  <country_code><![CDATA[GB]]></country_code>
  <image_url>https://s.gr-assets.com/assets/nophoto/book/111x148-bcc042a9c91a29c1d680899eff700a03.png</image_url>
  <small_image_url>https://s.gr-assets.com/assets/nophoto/book/50x75-a91bf249278a81aabab721ef782c4a74.png</small_image_url>
  <publication_year>2006</publication_year>
  <publication_month>10</publication_month>
  <publication_day>17</publication_day>
  <publisher>Broadway Books</publisher>
  <language_code></language_code>
  <is_ebook>false</is_ebook>
  <description><![CDATA[<b>From one of the most beloved and bestselling authors in the English language, a vivid, nostalgic, and utterly hilarious memoir of growing up in the 1950s<br /></b><br />Bill Bryson was born in the middle of the American century—1951—in the middle of the United States—Des Moines, Iowa—in the middle of the largest generation in American history—the baby boomers. As one of the best and funniest writers alive, he is perfectly positioned to mine his memories of a totally all-American childhood for 24-carat memoir gold. Like millions of his generational peers, Bill Bryson grew up with a rich fantasy life as a superhero. In his case, he ran around his house and neighborhood with an old football jersey with a thunderbolt on it and a towel about his neck that served as his cape, leaping tall buildings in a single bound and vanquishing awful evildoers (and morons)—in his head—as "The Thunderbolt Kid." <br /><br />Using this persona as a springboard, Bill Bryson re-creates the life of his family and his native city in the 1950s in all its transcendent normality—a life at once completely familiar to us all and as far away and unreachable as another galaxy. It was, he reminds us, a happy time, when automobiles and televisions and appliances (not to mention nuclear weapons) grew larger and more numerous with each passing year, and DDT, cigarettes, and the fallout from atmospheric testing were considered harmless or even good for you. He brings us into the life of his loving but eccentric family, including affectionate portraits of his father, a gifted sportswriter for the local paper and dedicated practitioner of isometric exercises, and OF his mother, whose job as the home furnishing editor for the same paper left her little time for practicing the domestic arts at home. The many readers of Bill Bryson’s earlier classic, <i>A Walk in the Woods,</i> will greet the reappearance in these pages of the immortal Stephen Katz, seen hijacking literally boxcar loads of beer. He is joined in the Bryson gallery of immortal characters by the demonically clever Willoughby brothers, who apply their scientific skills and can-do attitude to gleefully destructive ends. <br /><br />Warm and laugh-out-loud funny, and full of his inimitable, pitch-perfect observations, <i>The Life and Times of the Thunderbolt Kid</i> is as wondrous a book as Bill Bryson has ever written. It will enchant anyone who has ever been young.]]></description>
  <work>
  <id type="integer">2252299</id>
  <books_count type="integer">63</books_count>
  <best_book_id type="integer">10538</best_book_id>
  <reviews_count type="integer">70585</reviews_count>
  <ratings_sum type="integer">183574</ratings_sum>
  <ratings_count type="integer">46691</ratings_count>
  <text_reviews_count type="integer">4016</text_reviews_count>
  <original_publication_year type="integer">2006</original_publication_year>
  <original_publication_month type="integer" nil="true"/>
  <original_publication_day type="integer" nil="true"/>
  <original_title>The Life and Times of The Thunderbolt Kid: A Memoir</original_title>
  <original_language_id type="integer" nil="true"/>
  <media_type>book</media_type>
  <rating_dist>5:14539|4:18228|3:10828|2:2387|1:709|total:46691</rating_dist>
  <desc_user_id type="integer">4542979</desc_user_id>
  <default_chaptering_book_id type="integer" nil="true"/>
  <default_description_language_code nil="true"/>
</work>
  <average_rating>3.93</average_rating>
  <num_pages><![CDATA[288]]></num_pages>
  <format><![CDATA[Hardcover]]></format>
  <edition_information><![CDATA[]]></edition_information>
  <ratings_count><![CDATA[42709]]></ratings_count>
  <text_reviews_count><![CDATA[3412]]></text_reviews_count>
  <url><![CDATA[https://www.goodreads.com/book/show/10538.The_Life_and_Times_of_the_Thunderbolt_Kid]]></url>
  <link><![CDATA[https://www.goodreads.com/book/show/10538.The_Life_and_Times_of_the_Thunderbolt_Kid]]></link>
  <authors>
<author>
<id>7</id>
<name>Bill Bryson</name>
<role></role>
<image_url nophoto='false'>
<![CDATA[https://images.gr-assets.com/authors/1189096502p5/7.jpg]]>
</image_url>
<small_image_url nophoto='false'>
<![CDATA[https://images.gr-assets.com/authors/1189096502p2/7.jpg]]>
</small_image_url>
<link><![CDATA[https://www.goodreads.com/author/show/7.Bill_Bryson]]></link>
<average_rating>4.01</average_rating>
<ratings_count>992424</ratings_count>
<text_reviews_count>60556</text_reviews_count>
</author>
</authors>

    <reviews_widget>
      <![CDATA[
        <style>
  #goodreads-widget {
    font-family: georgia, serif;
    padding: 18px 0;
    width:565px;
  }
  #goodreads-widget h1 {
    font-weight:normal;
    font-size: 16px;
    border-bottom: 1px solid #BBB596;
    margin-bottom: 0;
  }
  #goodreads-widget a {
    text-decoration: none;
    color:#660;
  }
  iframe{
    background-color: #fff;
  }
  #goodreads-widget a:hover { text-decoration: underline; }
  #goodreads-widget a:active {
    color:#660;
  }
  #gr_footer {
    width: 100%;
    border-top: 1px solid #BBB596;
    text-align: right;
  }
  #goodreads-widget .gr_branding{
    color: #382110;
    font-size: 11px;
    text-decoration: none;
    font-family: "Helvetica Neue", Helvetica, Arial, sans-serif;
  }
</style>
<div id="goodreads-widget">
  <div id="gr_header"><h1><a rel="nofollow" href="https://www.goodreads.com/book/show/10538.The_Life_and_Times_of_the_Thunderbolt_Kid">The Life and Times of the Thunderbolt Kid Reviews</a></h1></div>
  <iframe id="the_iframe" src="https://www.goodreads.com/api/reviews_widget_iframe?did=DEVELOPER_ID&amp;format=html&amp;isbn=076791936X&amp;links=660&amp;min_rating=&amp;review_back=fff&amp;stars=000&amp;text=000" width="565" height="400" frameborder="0"></iframe>
  <div id="gr_footer">
    <a class="gr_branding" target="_blank" rel="nofollow" href="https://www.goodreads.com/book/show/10538.The_Life_and_Times_of_the_Thunderbolt_Kid?utm_medium=api&amp;utm_source=reviews_widget">Reviews from Goodreads.com</a>
  </div>
</div>

      ]]>
    </reviews_widget>
  <popular_shelves>
      <shelf name="to-read" count="8712"/>
      <shelf name="non-fiction" count="971"/>
      <shelf name="memoir" count="632"/>
      <shelf name="humor" count="461"/>
      <shelf name="biography" count="452"/>
      <shelf name="nonfiction" count="358"/>
      <shelf name="memoirs" count="202"/>
      <shelf name="favorites" count="200"/>
      <shelf name="autobiography" count="140"/>
      <shelf name="currently-reading" count="137"/>
      <shelf name="book-club" count="130"/>
      <shelf name="humour" count="119"/>
      <shelf name="audiobook" count="115"/>
      <shelf name="bill-bryson" count="106"/>
      <shelf name="owned" count="105"/>
      <shelf name="history" count="100"/>
      <shelf name="audio" count="95"/>
      <shelf name="audiobooks" count="92"/>
      <shelf name="funny" count="82"/>
      <shelf name="biography-memoir" count="78"/>
      <shelf name="books-i-own" count="73"/>
      <shelf name="travel" count="69"/>
      <shelf name="fiction" count="52"/>
      <shelf name="library" count="52"/>
      <shelf name="biographies" count="47"/>
      <shelf name="comedy" count="43"/>
      <shelf name="default" count="37"/>
      <shelf name="audio-books" count="36"/>
      <shelf name="audio-book" count="35"/>
      <shelf name="1950s" count="32"/>
      <shelf name="adult" count="30"/>
      <shelf name="memoir-biography" count="30"/>
      <shelf name="coming-of-age" count="28"/>
      <shelf name="kindle" count="28"/>
      <shelf name="america" count="28"/>
      <shelf name="humorous" count="25"/>
      <shelf name="bookclub" count="25"/>
      <shelf name="iowa" count="24"/>
      <shelf name="childhood" count="24"/>
      <shelf name="bryson" count="23"/>
      <shelf name="favourites" count="23"/>
      <shelf name="autobiography-memoir" count="23"/>
      <shelf name="owned-books" count="22"/>
      <shelf name="shelfari-favorites" count="21"/>
      <shelf name="1950-s-1960-s-childhood" count="21"/>
      <shelf name="abandoned" count="21"/>
      <shelf name="auto-biography" count="21"/>
      <shelf name="bio-memoir" count="20"/>
      <shelf name="book-group" count="20"/>
      <shelf name="american" count="20"/>
      <shelf name="biography-autobiography" count="18"/>
      <shelf name="biographies-memoirs" count="16"/>
      <shelf name="book-club-books" count="16"/>
      <shelf name="bio" count="16"/>
      <shelf name="biographical" count="16"/>
      <shelf name="usa" count="15"/>
      <shelf name="my-books" count="15"/>
      <shelf name="english" count="15"/>
      <shelf name="memoir-autobiography" count="15"/>
      <shelf name="did-not-finish" count="15"/>
      <shelf name="my-library" count="14"/>
      <shelf name="2014-2015" count="13"/>
      <shelf name="audible" count="13"/>
      <shelf name="favorite-authors" count="13"/>
      <shelf name="i-own" count="13"/>
      <shelf name="midwest" count="13"/>
      <shelf name="listened-to" count="13"/>
      <shelf name="historical" count="12"/>
      <shelf name="essays" count="12"/>
      <shelf name="americana" count="12"/>
      <shelf name="american-history" count="12"/>
      <shelf name="autobiographical" count="12"/>
      <shelf name="read-in-2014" count="11"/>
      <shelf name="home-library" count="11"/>
      <shelf name="ebooks" count="11"/>
      <shelf name="ebook" count="11"/>
      <shelf name="didn-t-finish" count="11"/>
      <shelf name="novels" count="11"/>
      <shelf name="2006" count="11"/>
      <shelf name="adventure" count="11"/>
      <shelf name="read-in-2013" count="10"/>
      <shelf name="literature" count="10"/>
      <shelf name="own-it" count="10"/>
      <shelf name="non-fic" count="10"/>
      <shelf name="contemporary" count="10"/>
      <shelf name="biography-and-memoir" count="10"/>
      <shelf name="library-books" count="10"/>
      <shelf name="culture" count="10"/>
      <shelf name="read-in-2007" count="10"/>
      <shelf name="read-in-2008" count="10"/>
      <shelf name="adult-non-fiction" count="10"/>
      <shelf name="finished" count="9"/>
      <shelf name="memoir-bio" count="9"/>
      <shelf name="read-non-fiction" count="9"/>
      <shelf name="to-buy" count="9"/>
      <shelf name="unfinished" count="9"/>
      <shelf name="bryson-bill" count="8"/>
      <shelf name="autobiographies" count="8"/>
      <shelf name="20th-century" count="8"/>
      <shelf name="read-in-2011" count="8"/>
  </popular_shelves>
  <book_links>
    <book_link>
  <id>8</id>
  <name>Libraries</name>
  <link>https://www.goodreads.com/book_link/follow/8</link>
</book_link>

  </book_links>
  <buy_links>
    <buy_link>
<id>1</id>
<name>Amazon</name>
<link>https://www.goodreads.com/book_link/follow/1</link>
</buy_link>
<buy_link>
<id>10</id>
<name>Audible</name>
<link>https://www.goodreads.com/book_link/follow/10</link>
</buy_link>
<buy_link>
<id>3</id>
<name>Barnes &amp; Noble</name>
<link>https://www.goodreads.com/book_link/follow/3</link>
</buy_link>
<buy_link>
<id>1027</id>
<name>Kobo</name>
<link>https://www.goodreads.com/book_link/follow/1027</link>
</buy_link>
<buy_link>
<id>2102</id>
<name>Apple iBooks</name>
<link>https://www.goodreads.com/book_link/follow/2102</link>
</buy_link>
<buy_link>
<id>8036</id>
<name>Google Play</name>
<link>https://www.goodreads.com/book_link/follow/8036</link>
</buy_link>
<buy_link>
<id>4</id>
<name>Abebooks</name>
<link>https://www.goodreads.com/book_link/follow/4</link>
</buy_link>
<buy_link>
<id>882</id>
<name>Book Depository</name>
<link>https://www.goodreads.com/book_link/follow/882</link>
</buy_link>
<buy_link>
<id>9</id>
<name>Indigo</name>
<link>https://www.goodreads.com/book_link/follow/9</link>
</buy_link>
<buy_link>
<id>2</id>
<name>Half.com</name>
<link>https://www.goodreads.com/book_link/follow/2</link>
</buy_link>
<buy_link>
<id>5</id>
<name>Alibris</name>
<link>https://www.goodreads.com/book_link/follow/5</link>
</buy_link>
<buy_link>
<id>107</id>
<name>Better World Books</name>
<link>https://www.goodreads.com/book_link/follow/107</link>
</buy_link>
<buy_link>
<id>7</id>
<name>IndieBound</name>
<link>https://www.goodreads.com/book_link/follow/7</link>
</buy_link>

  </buy_links>
  <series_works>
    
  </series_works>
  <similar_books>
          <book>
<id>73967</id>
<title>Truck: A Love Story</title>
<title_without_series>Truck: A Love Story</title_without_series>
<link><![CDATA[https://www.goodreads.com/book/show/73967.Truck]]></link>
<small_image_url><![CDATA[https://s.gr-assets.com/assets/nophoto/book/50x75-a91bf249278a81aabab721ef782c4a74.png]]></small_image_url>
<image_url><![CDATA[https://s.gr-assets.com/assets/nophoto/book/111x148-bcc042a9c91a29c1d680899eff700a03.png]]></image_url>
<num_pages>304</num_pages>
<work>
<id>71564</id>
</work>
<isbn>0060571179</isbn>
<isbn13>9780060571177</isbn13>
<average_rating>3.93</average_rating>
<ratings_count>2547</ratings_count>
<publication_year>2006</publication_year>
<publication_month>10</publication_month>
<publication_day>17</publication_day>
<authors>
<author>
<id>2772479</id>
<name>Michael  Perry</name>
<link><![CDATA[https://www.goodreads.com/author/show/2772479.Michael_Perry]]></link>
</author>
</authors>
</book>

          <book>
<id>398913</id>
<title>Unreliable Memoirs</title>
<title_without_series>Unreliable Memoirs</title_without_series>
<link><![CDATA[https://www.goodreads.com/book/show/398913.Unreliable_Memoirs]]></link>
<small_image_url><![CDATA[https://images.gr-assets.com/books/1332737164s/398913.jpg]]></small_image_url>
<image_url><![CDATA[https://images.gr-assets.com/books/1332737164m/398913.jpg]]></image_url>
<num_pages>175</num_pages>
<work>
<id>388360</id>
</work>
<isbn>033026463X</isbn>
<isbn13>9780330264631</isbn13>
<average_rating>3.90</average_rating>
<ratings_count>2300</ratings_count>
<publication_year></publication_year>
<publication_month></publication_month>
<publication_day></publication_day>
<authors>
<author>
<id>153571</id>
<name>Clive James</name>
<link><![CDATA[https://www.goodreads.com/author/show/153571.Clive_James]]></link>
</author>
</authors>
</book>

          <book>
<id>15167</id>
<title><![CDATA[She Got Up Off the Couch: And Other Heroic Acts from Mooreland, Indiana]]></title>
<title_without_series><![CDATA[She Got Up Off the Couch: And Other Heroic Acts from Mooreland, Indiana]]></title_without_series>
<link><![CDATA[https://www.goodreads.com/book/show/15167.She_Got_Up_Off_the_Couch]]></link>
<small_image_url><![CDATA[https://s.gr-assets.com/assets/nophoto/book/50x75-a91bf249278a81aabab721ef782c4a74.png]]></small_image_url>
<image_url><![CDATA[https://s.gr-assets.com/assets/nophoto/book/111x148-bcc042a9c91a29c1d680899eff700a03.png]]></image_url>
<num_pages></num_pages>
<work>
<id>137846</id>
</work>
<isbn>074328500X</isbn>
<isbn13>9780743285001</isbn13>
<average_rating>4.04</average_rating>
<ratings_count>8326</ratings_count>
<publication_year></publication_year>
<publication_month></publication_month>
<publication_day></publication_day>
<authors>
<author>
<id>9464</id>
<name>Haven Kimmel</name>
<link><![CDATA[https://www.goodreads.com/author/show/9464.Haven_Kimmel]]></link>
</author>
</authors>
</book>

          <book>
<id>985113</id>
<title>Friends Like These</title>
<title_without_series>Friends Like These</title_without_series>
<link><![CDATA[https://www.goodreads.com/book/show/985113.Friends_Like_These]]></link>
<small_image_url><![CDATA[https://s.gr-assets.com/assets/nophoto/book/50x75-a91bf249278a81aabab721ef782c4a74.png]]></small_image_url>
<image_url><![CDATA[https://s.gr-assets.com/assets/nophoto/book/111x148-bcc042a9c91a29c1d680899eff700a03.png]]></image_url>
<num_pages>406</num_pages>
<work>
<id>970608</id>
</work>
<isbn>0091896762</isbn>
<isbn13>9780091896768</isbn13>
<average_rating>3.82</average_rating>
<ratings_count>2520</ratings_count>
<publication_year>2008</publication_year>
<publication_month>7</publication_month>
<publication_day>3</publication_day>
<authors>
<author>
<id>50428</id>
<name>Danny Wallace</name>
<link><![CDATA[https://www.goodreads.com/author/show/50428.Danny_Wallace]]></link>
</author>
</authors>
</book>

          <book>
<id>754819</id>
<title><![CDATA[Land of Lincoln: Adventures in Abe's America]]></title>
<title_without_series><![CDATA[Land of Lincoln: Adventures in Abe's America]]></title_without_series>
<link><![CDATA[https://www.goodreads.com/book/show/754819.Land_of_Lincoln]]></link>
<small_image_url><![CDATA[https://images.gr-assets.com/books/1328863619s/754819.jpg]]></small_image_url>
<image_url><![CDATA[https://images.gr-assets.com/books/1328863619m/754819.jpg]]></image_url>
<num_pages>288</num_pages>
<work>
<id>740937</id>
</work>
<isbn>0871139677</isbn>
<isbn13>9780871139672</isbn13>
<average_rating>3.73</average_rating>
<ratings_count>451</ratings_count>
<publication_year>2007</publication_year>
<publication_month>6</publication_month>
<publication_day>10</publication_day>
<authors>
<author>
<id>164167</id>
<name>Andrew Ferguson</name>
<link><![CDATA[https://www.goodreads.com/author/show/164167.Andrew_Ferguson]]></link>
</author>
</authors>
</book>

          <book>
<id>7103300</id>
<title>Kevin Kling&apos;s Holiday Inn</title>
<title_without_series>Kevin Kling&apos;s Holiday Inn</title_without_series>
<link><![CDATA[https://www.goodreads.com/book/show/7103300-kevin-kling-s-holiday-inn]]></link>
<small_image_url><![CDATA[https://images.gr-assets.com/books/1328775112s/7103300.jpg]]></small_image_url>
<image_url><![CDATA[https://images.gr-assets.com/books/1328775112m/7103300.jpg]]></image_url>
<num_pages>224</num_pages>
<work>
<id>7361561</id>
</work>
<isbn>0873517660</isbn>
<isbn13>9780873517669</isbn13>
<average_rating>3.78</average_rating>
<ratings_count>167</ratings_count>
<publication_year>2009</publication_year>
<publication_month>11</publication_month>
<publication_day>1</publication_day>
<authors>
<author>
<id>607810</id>
<name>Kevin Kling</name>
<link><![CDATA[https://www.goodreads.com/author/show/607810.Kevin_Kling]]></link>
</author>
</authors>
</book>

          <book>
<id>45553</id>
<title>Full Circle</title>
<title_without_series>Full Circle</title_without_series>
<link><![CDATA[https://www.goodreads.com/book/show/45553.Full_Circle]]></link>
<small_image_url><![CDATA[https://s.gr-assets.com/assets/nophoto/book/50x75-a91bf249278a81aabab721ef782c4a74.png]]></small_image_url>
<image_url><![CDATA[https://s.gr-assets.com/assets/nophoto/book/111x148-bcc042a9c91a29c1d680899eff700a03.png]]></image_url>
<num_pages></num_pages>
<work>
<id>1114917</id>
</work>
<isbn>056352197X</isbn>
<isbn13>9780563521976</isbn13>
<average_rating>4.01</average_rating>
<ratings_count>2175</ratings_count>
<publication_year>1997</publication_year>
<publication_month></publication_month>
<publication_day></publication_day>
<authors>
<author>
<id>13819</id>
<name>Michael Palin</name>
<link><![CDATA[https://www.goodreads.com/author/show/13819.Michael_Palin]]></link>
</author>
</authors>
</book>

          <book>
<id>131187</id>
<title>Raising Demons</title>
<title_without_series>Raising Demons</title_without_series>
<link><![CDATA[https://www.goodreads.com/book/show/131187.Raising_Demons]]></link>
<small_image_url><![CDATA[https://images.gr-assets.com/books/1407658877s/131187.jpg]]></small_image_url>
<image_url><![CDATA[https://images.gr-assets.com/books/1407658877m/131187.jpg]]></image_url>
<num_pages>310</num_pages>
<work>
<id>126347</id>
</work>
<isbn>0897334132</isbn>
<isbn13>9780897334136</isbn13>
<average_rating>4.19</average_rating>
<ratings_count>1212</ratings_count>
<publication_year>1994</publication_year>
<publication_month>11</publication_month>
<publication_day>1</publication_day>
<authors>
<author>
<id>13388</id>
<name>Shirley Jackson</name>
<link><![CDATA[https://www.goodreads.com/author/show/13388.Shirley_Jackson]]></link>
</author>
</authors>
</book>

          <book>
<id>1188469</id>
<title><![CDATA[To See Every Bird on Earth: A Father, a Son, and a Lifetime Obsession]]></title>
<title_without_series><![CDATA[To See Every Bird on Earth: A Father, a Son, and a Lifetime Obsession]]></title_without_series>
<link><![CDATA[https://www.goodreads.com/book/show/1188469.To_See_Every_Bird_on_Earth]]></link>
<small_image_url><![CDATA[https://s.gr-assets.com/assets/nophoto/book/50x75-a91bf249278a81aabab721ef782c4a74.png]]></small_image_url>
<image_url><![CDATA[https://s.gr-assets.com/assets/nophoto/book/111x148-bcc042a9c91a29c1d680899eff700a03.png]]></image_url>
<num_pages></num_pages>
<work>
<id>1176462</id>
</work>
<isbn>1594630011</isbn>
<isbn13>9781594630019</isbn13>
<average_rating>3.70</average_rating>
<ratings_count>615</ratings_count>
<publication_year></publication_year>
<publication_month></publication_month>
<publication_day></publication_day>
<authors>
<author>
<id>249151</id>
<name>Dan Koeppel</name>
<link><![CDATA[https://www.goodreads.com/author/show/249151.Dan_Koeppel]]></link>
</author>
</authors>
</book>

          <book>
<id>745307</id>
<title><![CDATA[Mussolini: His Part In My Downfall  (War Memoirs, #4)]]></title>
<title_without_series><![CDATA[Mussolini: His Part In My Downfall]]></title_without_series>
<link><![CDATA[https://www.goodreads.com/book/show/745307.Mussolini]]></link>
<small_image_url><![CDATA[https://s.gr-assets.com/assets/nophoto/book/50x75-a91bf249278a81aabab721ef782c4a74.png]]></small_image_url>
<image_url><![CDATA[https://s.gr-assets.com/assets/nophoto/book/111x148-bcc042a9c91a29c1d680899eff700a03.png]]></image_url>
<num_pages>256</num_pages>
<work>
<id>731456</id>
</work>
<isbn>0140051961</isbn>
<isbn13>9780140051964</isbn13>
<average_rating>4.19</average_rating>
<ratings_count>1262</ratings_count>
<publication_year>1980</publication_year>
<publication_month>1</publication_month>
<publication_day>3</publication_day>
<authors>
<author>
<id>114722</id>
<name>Spike Milligan</name>
<link><![CDATA[https://www.goodreads.com/author/show/114722.Spike_Milligan]]></link>
</author>
</authors>
</book>

          <book>
<id>108067</id>
<title>Ava&apos;s Man</title>
<title_without_series>Ava&apos;s Man</title_without_series>
<link><![CDATA[https://www.goodreads.com/book/show/108067.Ava_s_Man]]></link>
<small_image_url><![CDATA[https://images.gr-assets.com/books/1320441819s/108067.jpg]]></small_image_url>
<image_url><![CDATA[https://images.gr-assets.com/books/1320441819m/108067.jpg]]></image_url>
<num_pages>259</num_pages>
<work>
<id>458816</id>
</work>
<isbn>0375724443</isbn>
<isbn13>9780375724442</isbn13>
<average_rating>4.21</average_rating>
<ratings_count>4974</ratings_count>
<publication_year>2002</publication_year>
<publication_month>8</publication_month>
<publication_day>13</publication_day>
<authors>
<author>
<id>31122</id>
<name>Rick Bragg</name>
<link><![CDATA[https://www.goodreads.com/author/show/31122.Rick_Bragg]]></link>
</author>
</authors>
</book>

          <book>
<id>12358</id>
<title>The Partly Cloudy Patriot</title>
<title_without_series>The Partly Cloudy Patriot</title_without_series>
<link><![CDATA[https://www.goodreads.com/book/show/12358.The_Partly_Cloudy_Patriot]]></link>
<small_image_url><![CDATA[https://images.gr-assets.com/books/1430720573s/12358.jpg]]></small_image_url>
<image_url><![CDATA[https://images.gr-assets.com/books/1430720573m/12358.jpg]]></image_url>
<num_pages>197</num_pages>
<work>
<id>229722</id>
</work>
<isbn>0743243803</isbn>
<isbn13>9780743243803</isbn13>
<average_rating>3.90</average_rating>
<ratings_count>23827</ratings_count>
<publication_year>2003</publication_year>
<publication_month>10</publication_month>
<publication_day>1</publication_day>
<authors>
<author>
<id>2122</id>
<name>Sarah Vowell</name>
<link><![CDATA[https://www.goodreads.com/author/show/2122.Sarah_Vowell]]></link>
</author>
</authors>
</book>

          <book>
<id>688726</id>
<title><![CDATA[Where Did It All Go Right?: Growing Up Normal in the 70s]]></title>
<title_without_series><![CDATA[Where Did It All Go Right?: Growing Up Normal in the 70s]]></title_without_series>
<link><![CDATA[https://www.goodreads.com/book/show/688726.Where_Did_It_All_Go_Right_]]></link>
<small_image_url><![CDATA[https://images.gr-assets.com/books/1328833984s/688726.jpg]]></small_image_url>
<image_url><![CDATA[https://images.gr-assets.com/books/1328833984m/688726.jpg]]></image_url>
<num_pages>336</num_pages>
<work>
<id>675079</id>
</work>
<isbn>0091894360</isbn>
<isbn13>9780091894368</isbn13>
<average_rating>3.52</average_rating>
<ratings_count>552</ratings_count>
<publication_year>2004</publication_year>
<publication_month>3</publication_month>
<publication_day>4</publication_day>
<authors>
<author>
<id>4173582</id>
<name>Andrew  Collins</name>
<link><![CDATA[https://www.goodreads.com/author/show/4173582.Andrew_Collins]]></link>
</author>
</authors>
</book>

          <book>
<id>413681</id>
<title><![CDATA[David Attenborough's Life on Air: Memoirs of a Broadcaster]]></title>
<title_without_series><![CDATA[David Attenborough's Life on Air: Memoirs of a Broadcaster]]></title_without_series>
<link><![CDATA[https://www.goodreads.com/book/show/413681.David_Attenborough_s_Life_on_Air]]></link>
<small_image_url><![CDATA[https://images.gr-assets.com/books/1325190449s/413681.jpg]]></small_image_url>
<image_url><![CDATA[https://images.gr-assets.com/books/1325190449m/413681.jpg]]></image_url>
<num_pages>384</num_pages>
<work>
<id>402908</id>
</work>
<isbn>0563487801</isbn>
<isbn13>9780563487807</isbn13>
<average_rating>4.39</average_rating>
<ratings_count>2111</ratings_count>
<publication_year>2003</publication_year>
<publication_month>9</publication_month>
<publication_day>4</publication_day>
<authors>
<author>
<id>106444</id>
<name>David Attenborough</name>
<link><![CDATA[https://www.goodreads.com/author/show/106444.David_Attenborough]]></link>
</author>
</authors>
</book>

          <book>
<id>17165633</id>
<title><![CDATA[My Planet: Finding Humor in the Oddest Places]]></title>
<title_without_series><![CDATA[My Planet: Finding Humor in the Oddest Places]]></title_without_series>
<link><![CDATA[https://www.goodreads.com/book/show/17165633-my-planet]]></link>
<small_image_url><![CDATA[https://images.gr-assets.com/books/1364526151s/17165633.jpg]]></small_image_url>
<image_url><![CDATA[https://images.gr-assets.com/books/1364526151m/17165633.jpg]]></image_url>
<num_pages>191</num_pages>
<work>
<id>23592405</id>
</work>
<isbn>1621450716</isbn>
<isbn13>9781621450719</isbn13>
<average_rating>3.63</average_rating>
<ratings_count>2218</ratings_count>
<publication_year>2013</publication_year>
<publication_month>4</publication_month>
<publication_day>4</publication_day>
<authors>
<author>
<id>7956</id>
<name>Mary Roach</name>
<link><![CDATA[https://www.goodreads.com/author/show/7956.Mary_Roach]]></link>
</author>
</authors>
</book>

          <book>
<id>11077</id>
<title><![CDATA[The Sex Lives of Cannibals: Adrift in the Equatorial Pacific]]></title>
<title_without_series><![CDATA[The Sex Lives of Cannibals: Adrift in the Equatorial Pacific]]></title_without_series>
<link><![CDATA[https://www.goodreads.com/book/show/11077.The_Sex_Lives_of_Cannibals]]></link>
<small_image_url><![CDATA[https://s.gr-assets.com/assets/nophoto/book/50x75-a91bf249278a81aabab721ef782c4a74.png]]></small_image_url>
<image_url><![CDATA[https://s.gr-assets.com/assets/nophoto/book/111x148-bcc042a9c91a29c1d680899eff700a03.png]]></image_url>
<num_pages>272</num_pages>
<work>
<id>713460</id>
</work>
<isbn>0767915305</isbn>
<isbn13>9780767915304</isbn13>
<average_rating>3.87</average_rating>
<ratings_count>17722</ratings_count>
<publication_year></publication_year>
<publication_month></publication_month>
<publication_day></publication_day>
<authors>
<author>
<id>7209</id>
<name>J. Maarten Troost</name>
<link><![CDATA[https://www.goodreads.com/author/show/7209.J_Maarten_Troost]]></link>
</author>
</authors>
</book>

          <book>
<id>576379</id>
<title><![CDATA[This House of Sky: Landscapes of a Western Mind]]></title>
<title_without_series><![CDATA[This House of Sky: Landscapes of a Western Mind]]></title_without_series>
<link><![CDATA[https://www.goodreads.com/book/show/576379.This_House_of_Sky]]></link>
<small_image_url><![CDATA[https://s.gr-assets.com/assets/nophoto/book/50x75-a91bf249278a81aabab721ef782c4a74.png]]></small_image_url>
<image_url><![CDATA[https://s.gr-assets.com/assets/nophoto/book/111x148-bcc042a9c91a29c1d680899eff700a03.png]]></image_url>
<num_pages>314</num_pages>
<work>
<id>563351</id>
</work>
<isbn>0156899825</isbn>
<isbn13>9780156899826</isbn13>
<average_rating>4.22</average_rating>
<ratings_count>4101</ratings_count>
<publication_year></publication_year>
<publication_month></publication_month>
<publication_day></publication_day>
<authors>
<author>
<id>70540</id>
<name>Ivan Doig</name>
<link><![CDATA[https://www.goodreads.com/author/show/70540.Ivan_Doig]]></link>
</author>
</authors>
</book>

          <book>
<id>761601</id>
<title><![CDATA[A Postillion Struck by Lightning]]></title>
<title_without_series><![CDATA[A Postillion Struck by Lightning]]></title_without_series>
<link><![CDATA[https://www.goodreads.com/book/show/761601.A_Postillion_Struck_by_Lightning]]></link>
<small_image_url><![CDATA[https://images.gr-assets.com/books/1328859825s/761601.jpg]]></small_image_url>
<image_url><![CDATA[https://images.gr-assets.com/books/1328859825m/761601.jpg]]></image_url>
<num_pages>266</num_pages>
<work>
<id>1787699</id>
</work>
<isbn>0753819309</isbn>
<isbn13>9780753819302</isbn13>
<average_rating>4.14</average_rating>
<ratings_count>199</ratings_count>
<publication_year>2005</publication_year>
<publication_month>9</publication_month>
<publication_day>1</publication_day>
<authors>
<author>
<id>178346</id>
<name>Dirk Bogarde</name>
<link><![CDATA[https://www.goodreads.com/author/show/178346.Dirk_Bogarde]]></link>
</author>
</authors>
</book>

  </similar_books>
</book>

</GoodreadsResponse>