<?xml version="1.0" encoding="UTF-8"?>
<GoodreadsResponse>
  <Request>
    <authentication>true</authentication>
      <key><![CDATA[all_men_must_serve]]></key>
    <method><![CDATA[book_show]]></method>
  </Request>
  <book>
  <id>10532477</id>
  <title>Heat Rises (Nikki Heat, #3)</title>
  <isbn><![CDATA[1401324436]]></isbn>
  <isbn13><![CDATA[9781401324438]]></isbn13>
  <asin><![CDATA[]]></asin>
  <kindle_asin><![CDATA[B00MLDJT42]]></kindle_asin>
  <marketplace_id><![CDATA[A1F83G8C2ARO7P]]></marketplace_id>
  <country_code><![CDATA[GB]]></country_code>
  <image_url>https://images.gr-assets.com/books/1302579268m/10532477.jpg</image_url>
  <small_image_url>https://images.gr-assets.com/books/1302579268s/10532477.jpg</small_image_url>
  <publication_year></publication_year>
  <publication_month></publication_month>
  <publication_day></publication_day>
  <publisher>Hyperion HarperCollins</publisher>
  <language_code>en-US</language_code>
  <is_ebook>false</is_ebook>
  <description><![CDATA[Heat rises in the coldest New York winter of a century. The bizarre murder of a parish priest at a bondage club pits NYPD Nikki Heat against a vicious drug lord, an arrogant CIA contractor, and a shadowy death squad. The conspiracy reaches the top of the NYPD. When she gets too near the truth, Nikki is disgraced, stripped of her badge, and on her own as a target for killers. She can only trust reporter Jameson Rook.]]></description>
  <work>
  <id type="integer">15438779</id>
  <books_count type="integer">37</books_count>
  <best_book_id type="integer">10532477</best_book_id>
  <reviews_count type="integer">29479</reviews_count>
  <ratings_sum type="integer">59163</ratings_sum>
  <ratings_count type="integer">15089</ratings_count>
  <text_reviews_count type="integer">1297</text_reviews_count>
  <original_publication_year type="integer">2011</original_publication_year>
  <original_publication_month type="integer" nil="true"/>
  <original_publication_day type="integer" nil="true"/>
  <original_title>Heat Rises</original_title>
  <original_language_id type="integer" nil="true"/>
  <media_type>book</media_type>
  <rating_dist>5:4054|4:6458|3:3986|2:512|1:79|total:15089</rating_dist>
  <desc_user_id type="integer">4863716</desc_user_id>
  <default_chaptering_book_id type="integer" nil="true"/>
  <default_description_language_code nil="true"/>
</work>
  <average_rating>3.92</average_rating>
  <num_pages><![CDATA[301]]></num_pages>
  <format><![CDATA[]]></format>
  <edition_information><![CDATA[]]></edition_information>
  <ratings_count><![CDATA[12450]]></ratings_count>
  <text_reviews_count><![CDATA[1119]]></text_reviews_count>
  <url><![CDATA[https://www.goodreads.com/book/show/10532477-heat-rises]]></url>
  <link><![CDATA[https://www.goodreads.com/book/show/10532477-heat-rises]]></link>
  <authors>
<author>
<id>1953433</id>
<name>Richard Castle</name>
<role>Alias</role>
<image_url nophoto='false'>
<![CDATA[https://images.gr-assets.com/authors/1326003545p5/1953433.jpg]]>
</image_url>
<small_image_url nophoto='false'>
<![CDATA[https://images.gr-assets.com/authors/1326003545p2/1953433.jpg]]>
</small_image_url>
<link><![CDATA[https://www.goodreads.com/author/show/1953433.Richard_Castle]]></link>
<average_rating>3.73</average_rating>
<ratings_count>139499</ratings_count>
<text_reviews_count>12073</text_reviews_count>
</author>
</authors>

    <reviews_widget>
      <![CDATA[
        <style>
  #goodreads-widget {
    font-family: georgia, serif;
    padding: 18px 0;
    width:565px;
  }
  #goodreads-widget h1 {
    font-weight:normal;
    font-size: 16px;
    border-bottom: 1px solid #BBB596;
    margin-bottom: 0;
  }
  #goodreads-widget a {
    text-decoration: none;
    color:#660;
  }
  iframe{
    background-color: #fff;
  }
  #goodreads-widget a:hover { text-decoration: underline; }
  #goodreads-widget a:active {
    color:#660;
  }
  #gr_footer {
    width: 100%;
    border-top: 1px solid #BBB596;
    text-align: right;
  }
  #goodreads-widget .gr_branding{
    color: #382110;
    font-size: 11px;
    text-decoration: none;
    font-family: "Helvetica Neue", Helvetica, Arial, sans-serif;
  }
</style>
<div id="goodreads-widget">
  <div id="gr_header"><h1><a rel="nofollow" href="https://www.goodreads.com/book/show/10532477-heat-rises">Heat Rises Reviews</a></h1></div>
  <iframe id="the_iframe" src="https://www.goodreads.com/api/reviews_widget_iframe?did=DEVELOPER_ID&amp;format=html&amp;isbn=1401324436&amp;links=660&amp;min_rating=&amp;review_back=fff&amp;stars=000&amp;text=000" width="565" height="400" frameborder="0"></iframe>
  <div id="gr_footer">
    <a class="gr_branding" target="_blank" rel="nofollow" href="https://www.goodreads.com/book/show/10532477-heat-rises?utm_medium=api&amp;utm_source=reviews_widget">Reviews from Goodreads.com</a>
  </div>
</div>

      ]]>
    </reviews_widget>
  <popular_shelves>
      <shelf name="to-read" count="1842"/>
      <shelf name="mystery" count="626"/>
      <shelf name="fiction" count="241"/>
      <shelf name="crime" count="183"/>
      <shelf name="castle" count="152"/>
      <shelf name="richard-castle" count="148"/>
      <shelf name="series" count="120"/>
      <shelf name="kindle" count="99"/>
      <shelf name="owned" count="84"/>
      <shelf name="thriller" count="82"/>
      <shelf name="books-i-own" count="71"/>
      <shelf name="nikki-heat" count="64"/>
      <shelf name="romance" count="62"/>
      <shelf name="favorites" count="60"/>
      <shelf name="ebook" count="60"/>
      <shelf name="default" count="54"/>
      <shelf name="currently-reading" count="52"/>
      <shelf name="mysteries" count="52"/>
      <shelf name="library" count="44"/>
      <shelf name="detective" count="43"/>
      <shelf name="ebooks" count="39"/>
      <shelf name="read-in-2012" count="36"/>
      <shelf name="suspense" count="36"/>
      <shelf name="mystery-thriller" count="35"/>
      <shelf name="audiobook" count="31"/>
      <shelf name="adult" count="31"/>
      <shelf name="mystery-suspense" count="30"/>
      <shelf name="audiobooks" count="28"/>
      <shelf name="contemporary" count="25"/>
      <shelf name="my-books" count="24"/>
      <shelf name="adult-fiction" count="24"/>
      <shelf name="audio" count="23"/>
      <shelf name="e-books" count="23"/>
      <shelf name="to-buy" count="23"/>
      <shelf name="castle-richard" count="21"/>
      <shelf name="crime-mystery" count="20"/>
      <shelf name="tv-tie-in" count="18"/>
      <shelf name="tv" count="17"/>
      <shelf name="read-in-2011" count="17"/>
      <shelf name="kindle-books" count="17"/>
      <shelf name="nikki-heat-series" count="16"/>
      <shelf name="e-book" count="16"/>
      <shelf name="mystery-crime" count="16"/>
      <shelf name="crime-fiction" count="16"/>
      <shelf name="read-in-2013" count="14"/>
      <shelf name="read-2012" count="14"/>
      <shelf name="wish-list" count="14"/>
      <shelf name="action" count="13"/>
      <shelf name="read-in-2015" count="12"/>
      <shelf name="murder" count="12"/>
      <shelf name="audible" count="12"/>
      <shelf name="books" count="12"/>
      <shelf name="audio-book" count="12"/>
      <shelf name="borrowed" count="12"/>
      <shelf name="read-2015" count="11"/>
      <shelf name="read-in-2014" count="11"/>
      <shelf name="audio-books" count="11"/>
      <shelf name="crime-thriller" count="11"/>
      <shelf name="humor" count="11"/>
      <shelf name="thrillers" count="11"/>
      <shelf name="television" count="11"/>
      <shelf name="owned-books" count="10"/>
      <shelf name="read-2013" count="10"/>
      <shelf name="mine" count="10"/>
      <shelf name="mystery-thrillers" count="10"/>
      <shelf name="library-books" count="10"/>
      <shelf name="calibre" count="10"/>
      <shelf name="murder-mystery" count="10"/>
      <shelf name="my-library" count="10"/>
      <shelf name="have" count="9"/>
      <shelf name="castle-books" count="9"/>
      <shelf name="media-tie-in" count="9"/>
      <shelf name="read-2014" count="8"/>
      <shelf name="home-library" count="8"/>
      <shelf name="guilty-pleasure" count="8"/>
      <shelf name="new-york" count="8"/>
      <shelf name="adventure" count="8"/>
      <shelf name="police" count="8"/>
      <shelf name="castle-series" count="7"/>
      <shelf name="4-stars" count="7"/>
      <shelf name="personal-library" count="7"/>
      <shelf name="thriller-suspense" count="7"/>
      <shelf name="overdrive" count="7"/>
      <shelf name="2011-reads" count="7"/>
      <shelf name="read-2011" count="7"/>
      <shelf name="tie-in" count="7"/>
      <shelf name="want" count="7"/>
      <shelf name="4-star" count="6"/>
      <shelf name="on-kindle" count="6"/>
      <shelf name="digital" count="6"/>
      <shelf name="kindle-library" count="6"/>
      <shelf name="detectives" count="6"/>
      <shelf name="hardcover" count="6"/>
      <shelf name="mystery-series" count="6"/>
      <shelf name="fantasy" count="6"/>
      <shelf name="i-own" count="6"/>
      <shelf name="thriller-mystery" count="6"/>
      <shelf name="kobo" count="6"/>
      <shelf name="2011-read" count="6"/>
      <shelf name="tv-shows" count="6"/>
  </popular_shelves>
  <book_links>
    <book_link>
  <id>8</id>
  <name>Libraries</name>
  <link>https://www.goodreads.com/book_link/follow/8</link>
</book_link>

  </book_links>
  <buy_links>
    <buy_link>
<id>1</id>
<name>Amazon</name>
<link>https://www.goodreads.com/book_link/follow/1</link>
</buy_link>
<buy_link>
<id>10</id>
<name>Audible</name>
<link>https://www.goodreads.com/book_link/follow/10</link>
</buy_link>
<buy_link>
<id>3</id>
<name>Barnes &amp; Noble</name>
<link>https://www.goodreads.com/book_link/follow/3</link>
</buy_link>
<buy_link>
<id>1027</id>
<name>Kobo</name>
<link>https://www.goodreads.com/book_link/follow/1027</link>
</buy_link>
<buy_link>
<id>2102</id>
<name>Apple iBooks</name>
<link>https://www.goodreads.com/book_link/follow/2102</link>
</buy_link>
<buy_link>
<id>8036</id>
<name>Google Play</name>
<link>https://www.goodreads.com/book_link/follow/8036</link>
</buy_link>
<buy_link>
<id>4</id>
<name>Abebooks</name>
<link>https://www.goodreads.com/book_link/follow/4</link>
</buy_link>
<buy_link>
<id>882</id>
<name>Book Depository</name>
<link>https://www.goodreads.com/book_link/follow/882</link>
</buy_link>
<buy_link>
<id>9</id>
<name>Indigo</name>
<link>https://www.goodreads.com/book_link/follow/9</link>
</buy_link>
<buy_link>
<id>2</id>
<name>Half.com</name>
<link>https://www.goodreads.com/book_link/follow/2</link>
</buy_link>
<buy_link>
<id>5</id>
<name>Alibris</name>
<link>https://www.goodreads.com/book_link/follow/5</link>
</buy_link>
<buy_link>
<id>107</id>
<name>Better World Books</name>
<link>https://www.goodreads.com/book_link/follow/107</link>
</buy_link>
<buy_link>
<id>7</id>
<name>IndieBound</name>
<link>https://www.goodreads.com/book_link/follow/7</link>
</buy_link>

  </buy_links>
  <series_works>
    <series_work>
<id>247512</id>
<user_position>3</user_position>
<series>
<id>52515</id>
<title>
<![CDATA[
    Nikki Heat
]]>
</title>
<description>
<![CDATA[
]]>
</description>
<note>
<![CDATA[
]]>
</note>
<series_works_count>9</series_works_count>
<primary_work_count>9</primary_work_count>
<numbered>true</numbered>
</series>

</series_work>

  </series_works>
  <similar_books>
          <book>
<id>6090439</id>
<title>Mind Over Magic (Psych, #2)</title>
<title_without_series>Mind Over Magic</title_without_series>
<link><![CDATA[https://www.goodreads.com/book/show/6090439-mind-over-magic]]></link>
<small_image_url><![CDATA[https://s.gr-assets.com/assets/nophoto/book/50x75-a91bf249278a81aabab721ef782c4a74.png]]></small_image_url>
<image_url><![CDATA[https://s.gr-assets.com/assets/nophoto/book/111x148-bcc042a9c91a29c1d680899eff700a03.png]]></image_url>
<num_pages>288</num_pages>
<work>
<id>6267388</id>
</work>
<isbn>0451227441</isbn>
<isbn13>9780451227447</isbn13>
<average_rating>3.82</average_rating>
<ratings_count>945</ratings_count>
<publication_year>2009</publication_year>
<publication_month>7</publication_month>
<publication_day>7</publication_day>
<authors>
<author>
<id>133528</id>
<name>William Rabkin</name>
<link><![CDATA[https://www.goodreads.com/author/show/133528.William_Rabkin]]></link>
</author>
</authors>
</book>

          <book>
<id>657605</id>
<title><![CDATA[Cold Burn (CSI: Crime Scene Investigation, #3)]]></title>
<title_without_series>Cold Burn</title_without_series>
<link><![CDATA[https://www.goodreads.com/book/show/657605.Cold_Burn]]></link>
<small_image_url><![CDATA[https://images.gr-assets.com/books/1327906661s/657605.jpg]]></small_image_url>
<image_url><![CDATA[https://images.gr-assets.com/books/1327906661m/657605.jpg]]></image_url>
<num_pages>320</num_pages>
<work>
<id>643693</id>
</work>
<isbn>0743444078</isbn>
<isbn13>9780743444071</isbn13>
<average_rating>3.78</average_rating>
<ratings_count>911</ratings_count>
<publication_year>2003</publication_year>
<publication_month>4</publication_month>
<publication_day>1</publication_day>
<authors>
<author>
<id>12014</id>
<name>Max Allan Collins</name>
<link><![CDATA[https://www.goodreads.com/author/show/12014.Max_Allan_Collins]]></link>
</author>
</authors>
</book>

          <book>
<id>115920</id>
<title><![CDATA[Mr. Monk and The Blue Flu (Mr. Monk, #3)]]></title>
<title_without_series>Mr. Monk and The Blue Flu</title_without_series>
<link><![CDATA[https://www.goodreads.com/book/show/115920.Mr_Monk_and_The_Blue_Flu]]></link>
<small_image_url><![CDATA[https://images.gr-assets.com/books/1353605806s/115920.jpg]]></small_image_url>
<image_url><![CDATA[https://images.gr-assets.com/books/1353605806m/115920.jpg]]></image_url>
<num_pages>286</num_pages>
<work>
<id>16097251</id>
</work>
<isbn>0451220137</isbn>
<isbn13>9780451220134</isbn13>
<average_rating>3.89</average_rating>
<ratings_count>1740</ratings_count>
<publication_year>2007</publication_year>
<publication_month>1</publication_month>
<publication_day>2</publication_day>
<authors>
<author>
<id>67202</id>
<name>Lee Goldberg</name>
<link><![CDATA[https://www.goodreads.com/author/show/67202.Lee_Goldberg]]></link>
</author>
</authors>
</book>

          <book>
<id>7189177</id>
<title><![CDATA[Spider Bones (Temperance Brennan, #13)]]></title>
<title_without_series>Spider Bones</title_without_series>
<link><![CDATA[https://www.goodreads.com/book/show/7189177-spider-bones]]></link>
<small_image_url><![CDATA[https://s.gr-assets.com/assets/nophoto/book/50x75-a91bf249278a81aabab721ef782c4a74.png]]></small_image_url>
<image_url><![CDATA[https://s.gr-assets.com/assets/nophoto/book/111x148-bcc042a9c91a29c1d680899eff700a03.png]]></image_url>
<num_pages>306</num_pages>
<work>
<id>16979391</id>
</work>
<isbn>1439102392</isbn>
<isbn13>9781439102398</isbn13>
<average_rating>3.90</average_rating>
<ratings_count>18204</ratings_count>
<publication_year>2010</publication_year>
<publication_month>8</publication_month>
<publication_day>24</publication_day>
<authors>
<author>
<id>26372</id>
<name>Kathy Reichs</name>
<link><![CDATA[https://www.goodreads.com/author/show/26372.Kathy_Reichs]]></link>
</author>
</authors>
</book>

          <book>
<id>7097855</id>
<title><![CDATA[Firefly: Still Flying: A Celebration of Joss Whedon's Acclaimed TV Series]]></title>
<title_without_series><![CDATA[Firefly: Still Flying: A Celebration of Joss Whedon's Acclaimed TV Series]]></title_without_series>
<link><![CDATA[https://www.goodreads.com/book/show/7097855-firefly]]></link>
<small_image_url><![CDATA[https://images.gr-assets.com/books/1320504501s/7097855.jpg]]></small_image_url>
<image_url><![CDATA[https://images.gr-assets.com/books/1320504501m/7097855.jpg]]></image_url>
<num_pages>160</num_pages>
<work>
<id>7355315</id>
</work>
<isbn>1848565062</isbn>
<isbn13>9781848565067</isbn13>
<average_rating>4.28</average_rating>
<ratings_count>345</ratings_count>
<publication_year>2010</publication_year>
<publication_month>5</publication_month>
<publication_day>25</publication_day>
<authors>
<author>
<id>18015</id>
<name>Joss Whedon</name>
<link><![CDATA[https://www.goodreads.com/author/show/18015.Joss_Whedon]]></link>
</author>
</authors>
</book>

          <book>
<id>16002141</id>
<title>Avengers: Season One</title>
<title_without_series>Avengers: Season One</title_without_series>
<link><![CDATA[https://www.goodreads.com/book/show/16002141-avengers]]></link>
<small_image_url><![CDATA[https://images.gr-assets.com/books/1365396075s/16002141.jpg]]></small_image_url>
<image_url><![CDATA[https://images.gr-assets.com/books/1365396075m/16002141.jpg]]></image_url>
<num_pages>136</num_pages>
<work>
<id>21764118</id>
</work>
<isbn>0785165967</isbn>
<isbn13>9780785165965</isbn13>
<average_rating>3.14</average_rating>
<ratings_count>281</ratings_count>
<publication_year>2013</publication_year>
<publication_month>3</publication_month>
<publication_day>6</publication_day>
<authors>
<author>
<id>13681</id>
<name>Peter David</name>
<link><![CDATA[https://www.goodreads.com/author/show/13681.Peter_David]]></link>
</author>
</authors>
</book>

          <book>
<id>10713421</id>
<title><![CDATA[Of Mice and Murderers (Z-Detective #1)]]></title>
<title_without_series>Of Mice and Murderers</title_without_series>
<link><![CDATA[https://www.goodreads.com/book/show/10713421-of-mice-and-murderers]]></link>
<small_image_url><![CDATA[https://s.gr-assets.com/assets/nophoto/book/50x75-a91bf249278a81aabab721ef782c4a74.png]]></small_image_url>
<image_url><![CDATA[https://s.gr-assets.com/assets/nophoto/book/111x148-bcc042a9c91a29c1d680899eff700a03.png]]></image_url>
<num_pages>262</num_pages>
<work>
<id>4744985</id>
</work>
<isbn></isbn>
<isbn13></isbn13>
<average_rating>3.13</average_rating>
<ratings_count>146</ratings_count>
<publication_year></publication_year>
<publication_month></publication_month>
<publication_day></publication_day>
<authors>
<author>
<id>267862</id>
<name>John Stockmyer</name>
<link><![CDATA[https://www.goodreads.com/author/show/267862.John_Stockmyer]]></link>
</author>
</authors>
</book>

          <book>
<id>13410606</id>
<title><![CDATA[Buffy the Vampire Slayer: Slayer, Interrupted (Season 9, #5)]]></title>
<title_without_series><![CDATA[Buffy the Vampire Slayer: Slayer, Interrupted]]></title_without_series>
<link><![CDATA[https://www.goodreads.com/book/show/13410606-buffy-the-vampire-slayer]]></link>
<small_image_url><![CDATA[https://s.gr-assets.com/assets/nophoto/book/50x75-a91bf249278a81aabab721ef782c4a74.png]]></small_image_url>
<image_url><![CDATA[https://s.gr-assets.com/assets/nophoto/book/111x148-bcc042a9c91a29c1d680899eff700a03.png]]></image_url>
<num_pages>32</num_pages>
<work>
<id>18656694</id>
</work>
<isbn></isbn>
<isbn13></isbn13>
<average_rating>4.19</average_rating>
<ratings_count>237</ratings_count>
<publication_year>2012</publication_year>
<publication_month>1</publication_month>
<publication_day>11</publication_day>
<authors>
<author>
<id>4865339</id>
<name>Andrew Chambliss</name>
<link><![CDATA[https://www.goodreads.com/author/show/4865339.Andrew_Chambliss]]></link>
</author>
</authors>
</book>

  </similar_books>
</book>

</GoodreadsResponse>