<?xml version="1.0" encoding="UTF-8"?>
<GoodreadsResponse>
  <Request>
    <authentication>true</authentication>
      <key><![CDATA[all_men_must_serve]]></key>
    <method><![CDATA[book_show]]></method>
  </Request>
  <book>
  <id>10549501</id>
  <title><![CDATA[Last Breath (The Morganville Vampires, #11)]]></title>
  <isbn><![CDATA[0451234871]]></isbn>
  <isbn13><![CDATA[9780451234872]]></isbn13>
  <asin><![CDATA[]]></asin>
  <kindle_asin><![CDATA[B006WBZ4PC]]></kindle_asin>
  <marketplace_id><![CDATA[A1F83G8C2ARO7P]]></marketplace_id>
  <country_code><![CDATA[GB]]></country_code>
  <image_url>https://images.gr-assets.com/books/1327900044m/10549501.jpg</image_url>
  <small_image_url>https://images.gr-assets.com/books/1327900044s/10549501.jpg</small_image_url>
  <publication_year>2011</publication_year>
  <publication_month>11</publication_month>
  <publication_day>1</publication_day>
  <publisher>NAL Hardcover</publisher>
  <language_code>eng</language_code>
  <is_ebook>false</is_ebook>
  <description><![CDATA[With her boss preoccupied researching the Founder Houses in Morganville, student Claire Danvers is left to her own devices when she learns that three vampires have vanished without a trace. She soon discovers that the last person seen with one of the missing vampires is someone new to town-a mysterious individual named Magnus. After an uneasy encounter with Morganville's latest resident, Claire is certain Magnus isn't merely human. But is he a vampire-or something else entirely?]]></description>
  <work>
  <id type="integer">14412686</id>
  <books_count type="integer">21</books_count>
  <best_book_id type="integer">10549501</best_book_id>
  <reviews_count type="integer">39645</reviews_count>
  <ratings_sum type="integer">94174</ratings_sum>
  <ratings_count type="integer">21807</ratings_count>
  <text_reviews_count type="integer">1224</text_reviews_count>
  <original_publication_year type="integer">2011</original_publication_year>
  <original_publication_month type="integer">11</original_publication_month>
  <original_publication_day type="integer">1</original_publication_day>
  <original_title>Last Breath</original_title>
  <original_language_id type="integer" nil="true"/>
  <media_type>book</media_type>
  <rating_dist>5:11506|4:6603|3:3026|2:482|1:190|total:21807</rating_dist>
  <desc_user_id type="integer">2075644</desc_user_id>
  <default_chaptering_book_id type="integer" nil="true"/>
  <default_description_language_code nil="true"/>
</work>
  <average_rating>4.32</average_rating>
  <num_pages><![CDATA[335]]></num_pages>
  <format><![CDATA[Hardcover]]></format>
  <edition_information><![CDATA[]]></edition_information>
  <ratings_count><![CDATA[19971]]></ratings_count>
  <text_reviews_count><![CDATA[1010]]></text_reviews_count>
  <url><![CDATA[https://www.goodreads.com/book/show/10549501-last-breath]]></url>
  <link><![CDATA[https://www.goodreads.com/book/show/10549501-last-breath]]></link>
  <authors>
<author>
<id>15292</id>
<name>Rachel Caine</name>
<role></role>
<image_url nophoto='false'>
<![CDATA[https://images.gr-assets.com/authors/1373144795p5/15292.jpg]]>
</image_url>
<small_image_url nophoto='false'>
<![CDATA[https://images.gr-assets.com/authors/1373144795p2/15292.jpg]]>
</small_image_url>
<link><![CDATA[https://www.goodreads.com/author/show/15292.Rachel_Caine]]></link>
<average_rating>4.09</average_rating>
<ratings_count>786337</ratings_count>
<text_reviews_count>38557</text_reviews_count>
</author>
</authors>

    <reviews_widget>
      <![CDATA[
        <style>
  #goodreads-widget {
    font-family: georgia, serif;
    padding: 18px 0;
    width:565px;
  }
  #goodreads-widget h1 {
    font-weight:normal;
    font-size: 16px;
    border-bottom: 1px solid #BBB596;
    margin-bottom: 0;
  }
  #goodreads-widget a {
    text-decoration: none;
    color:#660;
  }
  iframe{
    background-color: #fff;
  }
  #goodreads-widget a:hover { text-decoration: underline; }
  #goodreads-widget a:active {
    color:#660;
  }
  #gr_footer {
    width: 100%;
    border-top: 1px solid #BBB596;
    text-align: right;
  }
  #goodreads-widget .gr_branding{
    color: #382110;
    font-size: 11px;
    text-decoration: none;
    font-family: "Helvetica Neue", Helvetica, Arial, sans-serif;
  }
</style>
<div id="goodreads-widget">
  <div id="gr_header"><h1><a rel="nofollow" href="https://www.goodreads.com/book/show/10549501-last-breath">Last Breath Reviews</a></h1></div>
  <iframe id="the_iframe" src="https://www.goodreads.com/api/reviews_widget_iframe?did=DEVELOPER_ID&amp;format=html&amp;isbn=0451234871&amp;links=660&amp;min_rating=&amp;review_back=fff&amp;stars=000&amp;text=000" width="565" height="400" frameborder="0"></iframe>
  <div id="gr_footer">
    <a class="gr_branding" target="_blank" rel="nofollow" href="https://www.goodreads.com/book/show/10549501-last-breath?utm_medium=api&amp;utm_source=reviews_widget">Reviews from Goodreads.com</a>
  </div>
</div>

      ]]>
    </reviews_widget>
  <popular_shelves>
      <shelf name="to-read" count="13506"/>
      <shelf name="vampires" count="545"/>
      <shelf name="young-adult" count="369"/>
      <shelf name="favorites" count="331"/>
      <shelf name="paranormal" count="269"/>
      <shelf name="ya" count="217"/>
      <shelf name="currently-reading" count="209"/>
      <shelf name="vampire" count="189"/>
      <shelf name="books-i-own" count="175"/>
      <shelf name="fantasy" count="161"/>
      <shelf name="rachel-caine" count="140"/>
      <shelf name="morganville-vampires" count="135"/>
      <shelf name="series" count="126"/>
      <shelf name="urban-fantasy" count="114"/>
      <shelf name="romance" count="107"/>
      <shelf name="owned" count="82"/>
      <shelf name="supernatural" count="77"/>
      <shelf name="morganville" count="61"/>
      <shelf name="the-morganville-vampires" count="59"/>
      <shelf name="paranormal-romance" count="58"/>
      <shelf name="fiction" count="52"/>
      <shelf name="to-buy" count="47"/>
      <shelf name="vamps" count="42"/>
      <shelf name="read-in-2012" count="39"/>
      <shelf name="library" count="39"/>
      <shelf name="favourites" count="34"/>
      <shelf name="default" count="32"/>
      <shelf name="owned-books" count="32"/>
      <shelf name="my-books" count="29"/>
      <shelf name="i-own" count="27"/>
      <shelf name="ebooks" count="26"/>
      <shelf name="ebook" count="25"/>
      <shelf name="read-in-2011" count="25"/>
      <shelf name="ya-paranormal" count="23"/>
      <shelf name="kindle" count="23"/>
      <shelf name="wish-list" count="22"/>
      <shelf name="read-2012" count="21"/>
      <shelf name="teen" count="21"/>
      <shelf name="horror" count="18"/>
      <shelf name="vampire-books" count="18"/>
      <shelf name="read-in-2013" count="16"/>
      <shelf name="ya-fiction" count="16"/>
      <shelf name="contemporary" count="16"/>
      <shelf name="ya-fantasy" count="16"/>
      <shelf name="series-to-finish" count="16"/>
      <shelf name="morganville-vamps" count="15"/>
      <shelf name="audio" count="14"/>
      <shelf name="need-to-buy" count="14"/>
      <shelf name="e-books" count="14"/>
      <shelf name="want" count="14"/>
      <shelf name="audiobooks" count="13"/>
      <shelf name="ghosts" count="13"/>
      <shelf name="young-adult-fiction" count="13"/>
      <shelf name="part-of-a-series" count="12"/>
      <shelf name="morganville-vampires-series" count="12"/>
      <shelf name="magic" count="12"/>
      <shelf name="want-to-read" count="12"/>
      <shelf name="action" count="11"/>
      <shelf name="mystery" count="11"/>
      <shelf name="read-2011" count="11"/>
      <shelf name="pnr" count="11"/>
      <shelf name="ya-books" count="11"/>
      <shelf name="favorite-series" count="11"/>
      <shelf name="read-in-2014" count="10"/>
      <shelf name="books" count="10"/>
      <shelf name="morganville-vampire-series" count="10"/>
      <shelf name="4-stars" count="10"/>
      <shelf name="calibre" count="10"/>
      <shelf name="my-library" count="10"/>
      <shelf name="5-stars" count="10"/>
      <shelf name="my-bookshelf" count="10"/>
      <shelf name="favorite" count="10"/>
      <shelf name="e-book" count="10"/>
      <shelf name="own-it" count="10"/>
      <shelf name="y-a" count="10"/>
      <shelf name="rachel-cain" count="10"/>
      <shelf name="caine-rachel" count="10"/>
      <shelf name="read-in-2015" count="9"/>
      <shelf name="audiobook" count="9"/>
      <shelf name="audible" count="9"/>
      <shelf name="favorite-books" count="9"/>
      <shelf name="kindle-books" count="9"/>
      <shelf name="morganville-vampire" count="9"/>
      <shelf name="nook" count="9"/>
      <shelf name="have" count="9"/>
      <shelf name="paranormal-fantasy" count="9"/>
      <shelf name="read-2014" count="8"/>
      <shelf name="morganville-series" count="8"/>
      <shelf name="college" count="8"/>
      <shelf name="re-read" count="8"/>
      <shelf name="favourite-books" count="8"/>
      <shelf name="2012-books" count="8"/>
      <shelf name="2012-reads" count="8"/>
      <shelf name="favourite" count="8"/>
      <shelf name="vampire-fiction" count="8"/>
      <shelf name="signed" count="8"/>
      <shelf name="my-favorites" count="8"/>
      <shelf name="on-kindle" count="8"/>
      <shelf name="2011-reads" count="8"/>
      <shelf name="own-to-read" count="8"/>
  </popular_shelves>
  <book_links>
    <book_link>
  <id>8</id>
  <name>Libraries</name>
  <link>https://www.goodreads.com/book_link/follow/8</link>
</book_link>

  </book_links>
  <buy_links>
    <buy_link>
<id>1</id>
<name>Amazon</name>
<link>https://www.goodreads.com/book_link/follow/1</link>
</buy_link>
<buy_link>
<id>10</id>
<name>Audible</name>
<link>https://www.goodreads.com/book_link/follow/10</link>
</buy_link>
<buy_link>
<id>3</id>
<name>Barnes &amp; Noble</name>
<link>https://www.goodreads.com/book_link/follow/3</link>
</buy_link>
<buy_link>
<id>1027</id>
<name>Kobo</name>
<link>https://www.goodreads.com/book_link/follow/1027</link>
</buy_link>
<buy_link>
<id>2102</id>
<name>Apple iBooks</name>
<link>https://www.goodreads.com/book_link/follow/2102</link>
</buy_link>
<buy_link>
<id>8036</id>
<name>Google Play</name>
<link>https://www.goodreads.com/book_link/follow/8036</link>
</buy_link>
<buy_link>
<id>4</id>
<name>Abebooks</name>
<link>https://www.goodreads.com/book_link/follow/4</link>
</buy_link>
<buy_link>
<id>882</id>
<name>Book Depository</name>
<link>https://www.goodreads.com/book_link/follow/882</link>
</buy_link>
<buy_link>
<id>9</id>
<name>Indigo</name>
<link>https://www.goodreads.com/book_link/follow/9</link>
</buy_link>
<buy_link>
<id>2</id>
<name>Half.com</name>
<link>https://www.goodreads.com/book_link/follow/2</link>
</buy_link>
<buy_link>
<id>5</id>
<name>Alibris</name>
<link>https://www.goodreads.com/book_link/follow/5</link>
</buy_link>
<buy_link>
<id>107</id>
<name>Better World Books</name>
<link>https://www.goodreads.com/book_link/follow/107</link>
</buy_link>
<buy_link>
<id>7</id>
<name>IndieBound</name>
<link>https://www.goodreads.com/book_link/follow/7</link>
</buy_link>

  </buy_links>
  <series_works>
    <series_work>
<id>208197</id>
<user_position>11</user_position>
<series>
<id>40593</id>
<title>
<![CDATA[
    The Morganville Vampires
]]>
</title>
<description>
<![CDATA[
    Extras, outtakes & short stories: <a href="http://www.goodreads.com/series/83126-the-morganville-vampires-extras">The Morganville Vampires: Extras</a>
    
    Series also known as:
    <i>*I vampiri di Morganville [Italian]</i>
    Haus der Vampire [German]
]]>
</description>
<note>
<![CDATA[
]]>
</note>
<series_works_count>49</series_works_count>
<primary_work_count>15</primary_work_count>
<numbered>true</numbered>
</series>

</series_work>

  </series_works>
  <similar_books>
          <book>
<id>9728843</id>
<title><![CDATA[Bleeding Hearts (Drake Chronicles, #4)]]></title>
<title_without_series>Bleeding Hearts</title_without_series>
<link><![CDATA[https://www.goodreads.com/book/show/9728843-bleeding-hearts]]></link>
<small_image_url><![CDATA[https://images.gr-assets.com/books/1309986854s/9728843.jpg]]></small_image_url>
<image_url><![CDATA[https://images.gr-assets.com/books/1309986854m/9728843.jpg]]></image_url>
<num_pages>289</num_pages>
<work>
<id>14617694</id>
</work>
<isbn>1408814978</isbn>
<isbn13>9781408814970</isbn13>
<average_rating>4.22</average_rating>
<ratings_count>6115</ratings_count>
<publication_year>2011</publication_year>
<publication_month>12</publication_month>
<publication_day>20</publication_day>
<authors>
<author>
<id>3020684</id>
<name>Alyxandra Harvey</name>
<link><![CDATA[https://www.goodreads.com/author/show/3020684.Alyxandra_Harvey]]></link>
</author>
</authors>
</book>

          <book>
<id>10508192</id>
<title><![CDATA[Soul Bound (Blood Coven Vampire, #7)]]></title>
<title_without_series>Soul Bound</title_without_series>
<link><![CDATA[https://www.goodreads.com/book/show/10508192-soul-bound]]></link>
<small_image_url><![CDATA[https://images.gr-assets.com/books/1331687012s/10508192.jpg]]></small_image_url>
<image_url><![CDATA[https://images.gr-assets.com/books/1331687012m/10508192.jpg]]></image_url>
<num_pages>256</num_pages>
<work>
<id>15414093</id>
</work>
<isbn>0425245470</isbn>
<isbn13>9780425245477</isbn13>
<average_rating>4.21</average_rating>
<ratings_count>1188</ratings_count>
<publication_year>2012</publication_year>
<publication_month>3</publication_month>
<publication_day>6</publication_day>
<authors>
<author>
<id>21701</id>
<name>Mari Mancusi</name>
<link><![CDATA[https://www.goodreads.com/author/show/21701.Mari_Mancusi]]></link>
</author>
</authors>
</book>

          <book>
<id>4028900</id>
<title><![CDATA[Immortal: Love Stories with Bite]]></title>
<title_without_series><![CDATA[Immortal: Love Stories with Bite]]></title_without_series>
<link><![CDATA[https://www.goodreads.com/book/show/4028900-immortal]]></link>
<small_image_url><![CDATA[https://s.gr-assets.com/assets/nophoto/book/50x75-a91bf249278a81aabab721ef782c4a74.png]]></small_image_url>
<image_url><![CDATA[https://s.gr-assets.com/assets/nophoto/book/111x148-bcc042a9c91a29c1d680899eff700a03.png]]></image_url>
<num_pages>185</num_pages>
<work>
<id>4075456</id>
</work>
<isbn>0979233178</isbn>
<isbn13>9780979233173</isbn13>
<average_rating>3.82</average_rating>
<ratings_count>5113</ratings_count>
<publication_year>2008</publication_year>
<publication_month>8</publication_month>
<publication_day>1</publication_day>
<authors>
<author>
<id>17015</id>
<name>P.C. Cast</name>
<link><![CDATA[https://www.goodreads.com/author/show/17015.P_C_Cast]]></link>
</author>
</authors>
</book>

          <book>
<id>9815702</id>
<title><![CDATA[Drink Deep (Chicagoland Vampires, #5)]]></title>
<title_without_series>Drink Deep</title_without_series>
<link><![CDATA[https://www.goodreads.com/book/show/9815702-drink-deep]]></link>
<small_image_url><![CDATA[https://images.gr-assets.com/books/1296789716s/9815702.jpg]]></small_image_url>
<image_url><![CDATA[https://images.gr-assets.com/books/1296789716m/9815702.jpg]]></image_url>
<num_pages>321</num_pages>
<work>
<id>14706158</id>
</work>
<isbn>0451234863</isbn>
<isbn13>9780451234865</isbn13>
<average_rating>4.12</average_rating>
<ratings_count>23706</ratings_count>
<publication_year>2011</publication_year>
<publication_month>11</publication_month>
<publication_day>1</publication_day>
<authors>
<author>
<id>1857564</id>
<name>Chloe Neill</name>
<link><![CDATA[https://www.goodreads.com/author/show/1857564.Chloe_Neill]]></link>
</author>
</authors>
</book>

          <book>
<id>10710406</id>
<title><![CDATA[Reckoning (Strange Angels, #5)]]></title>
<title_without_series>Reckoning</title_without_series>
<link><![CDATA[https://www.goodreads.com/book/show/10710406-reckoning]]></link>
<small_image_url><![CDATA[https://s.gr-assets.com/assets/nophoto/book/50x75-a91bf249278a81aabab721ef782c4a74.png]]></small_image_url>
<image_url><![CDATA[https://s.gr-assets.com/assets/nophoto/book/111x148-bcc042a9c91a29c1d680899eff700a03.png]]></image_url>
<num_pages>307</num_pages>
<work>
<id>15104836</id>
</work>
<isbn>1595143955</isbn>
<isbn13>9781595143952</isbn13>
<average_rating>4.11</average_rating>
<ratings_count>12129</ratings_count>
<publication_year>2011</publication_year>
<publication_month>11</publication_month>
<publication_day>1</publication_day>
<authors>
<author>
<id>3408349</id>
<name>Lili St. Crow</name>
<link><![CDATA[https://www.goodreads.com/author/show/3408349.Lili_St_Crow]]></link>
</author>
</authors>
</book>

          <book>
<id>8803932</id>
<title>If I Die (Soul Screamers, #5)</title>
<title_without_series>If I Die</title_without_series>
<link><![CDATA[https://www.goodreads.com/book/show/8803932-if-i-die]]></link>
<small_image_url><![CDATA[https://images.gr-assets.com/books/1304024127s/8803932.jpg]]></small_image_url>
<image_url><![CDATA[https://images.gr-assets.com/books/1304024127m/8803932.jpg]]></image_url>
<num_pages>342</num_pages>
<work>
<id>13678080</id>
</work>
<isbn>0373210329</isbn>
<isbn13>9780373210329</isbn13>
<average_rating>4.31</average_rating>
<ratings_count>14816</ratings_count>
<publication_year>2011</publication_year>
<publication_month>9</publication_month>
<publication_day>27</publication_day>
<authors>
<author>
<id>415967</id>
<name>Rachel Vincent</name>
<link><![CDATA[https://www.goodreads.com/author/show/415967.Rachel_Vincent]]></link>
</author>
</authors>
</book>

          <book>
<id>7312324</id>
<title><![CDATA[Cryptic Cravings (Vampire Kisses, #8)]]></title>
<title_without_series>Cryptic Cravings</title_without_series>
<link><![CDATA[https://www.goodreads.com/book/show/7312324-cryptic-cravings]]></link>
<small_image_url><![CDATA[https://images.gr-assets.com/books/1287674203s/7312324.jpg]]></small_image_url>
<image_url><![CDATA[https://images.gr-assets.com/books/1287674203m/7312324.jpg]]></image_url>
<num_pages>211</num_pages>
<work>
<id>8802711</id>
</work>
<isbn>0061689459</isbn>
<isbn13>9780061689451</isbn13>
<average_rating>4.19</average_rating>
<ratings_count>11431</ratings_count>
<publication_year>2011</publication_year>
<publication_month>5</publication_month>
<publication_day>17</publication_day>
<authors>
<author>
<id>153734</id>
<name>Ellen Schreiber</name>
<link><![CDATA[https://www.goodreads.com/author/show/153734.Ellen_Schreiber]]></link>
</author>
</authors>
</book>

          <book>
<id>7802254</id>
<title><![CDATA[Succubus Revealed (Georgina Kincaid, #6)]]></title>
<title_without_series>Succubus Revealed</title_without_series>
<link><![CDATA[https://www.goodreads.com/book/show/7802254-succubus-revealed]]></link>
<small_image_url><![CDATA[https://images.gr-assets.com/books/1327892439s/7802254.jpg]]></small_image_url>
<image_url><![CDATA[https://images.gr-assets.com/books/1327892439m/7802254.jpg]]></image_url>
<num_pages>277</num_pages>
<work>
<id>10788641</id>
</work>
<isbn>0758232012</isbn>
<isbn13>9780758232014</isbn13>
<average_rating>4.26</average_rating>
<ratings_count>18420</ratings_count>
<publication_year>2011</publication_year>
<publication_month>8</publication_month>
<publication_day>30</publication_day>
<authors>
<author>
<id>137902</id>
<name>Richelle Mead</name>
<link><![CDATA[https://www.goodreads.com/author/show/137902.Richelle_Mead]]></link>
</author>
</authors>
</book>

          <book>
<id>9578590</id>
<title><![CDATA[Lost in Time (Blue Bloods, #6)]]></title>
<title_without_series>Lost in Time</title_without_series>
<link><![CDATA[https://www.goodreads.com/book/show/9578590-lost-in-time]]></link>
<small_image_url><![CDATA[https://images.gr-assets.com/books/1298681924s/9578590.jpg]]></small_image_url>
<image_url><![CDATA[https://images.gr-assets.com/books/1298681924m/9578590.jpg]]></image_url>
<num_pages>342</num_pages>
<work>
<id>14465478</id>
</work>
<isbn>1423121295</isbn>
<isbn13>9781423121299</isbn13>
<average_rating>4.05</average_rating>
<ratings_count>24153</ratings_count>
<publication_year>2011</publication_year>
<publication_month>9</publication_month>
<publication_day>27</publication_day>
<authors>
<author>
<id>21911</id>
<name>Melissa de la Cruz</name>
<link><![CDATA[https://www.goodreads.com/author/show/21911.Melissa_de_la_Cruz]]></link>
</author>
</authors>
</book>

  </similar_books>
</book>

</GoodreadsResponse>