<?xml version="1.0" encoding="UTF-8"?>
<GoodreadsResponse>
  <Request>
    <authentication>true</authentication>
      <key><![CDATA[all_men_must_serve]]></key>
    <method><![CDATA[book_show]]></method>
  </Request>
  <book>
  <id>1055617</id>
  <title>The Miracle of Forgiveness</title>
  <isbn><![CDATA[0884944441]]></isbn>
  <isbn13><![CDATA[9780884944447]]></isbn13>
  <asin><![CDATA[]]></asin>
  <kindle_asin><![CDATA[]]></kindle_asin>
  <marketplace_id><![CDATA[]]></marketplace_id>
  <country_code><![CDATA[GB]]></country_code>
  <image_url>https://s.gr-assets.com/assets/nophoto/book/111x148-bcc042a9c91a29c1d680899eff700a03.png</image_url>
  <small_image_url>https://s.gr-assets.com/assets/nophoto/book/50x75-a91bf249278a81aabab721ef782c4a74.png</small_image_url>
  <publication_year>1997</publication_year>
  <publication_month>1</publication_month>
  <publication_day>28</publication_day>
  <publisher>Bookcraft Pubs</publisher>
  <language_code></language_code>
  <is_ebook>false</is_ebook>
  <description></description>
  <work>
  <id type="integer">1736890</id>
  <books_count type="integer">12</books_count>
  <best_book_id type="integer">1055617</best_book_id>
  <reviews_count type="integer">22408</reviews_count>
  <ratings_sum type="integer">61582</ratings_sum>
  <ratings_count type="integer">14096</ratings_count>
  <text_reviews_count type="integer">563</text_reviews_count>
  <original_publication_year type="integer">1969</original_publication_year>
  <original_publication_month type="integer">1</original_publication_month>
  <original_publication_day type="integer">1</original_publication_day>
  <original_title>The Miracle of Forgiveness</original_title>
  <original_language_id type="integer" nil="true"/>
  <media_type>book</media_type>
  <rating_dist>5:8580|4:3386|3:1326|2:356|1:448|total:14096</rating_dist>
  <desc_user_id type="integer">-102</desc_user_id>
  <default_chaptering_book_id type="integer" nil="true"/>
  <default_description_language_code nil="true"/>
</work>
  <average_rating>4.37</average_rating>
  <num_pages><![CDATA[376]]></num_pages>
  <format><![CDATA[]]></format>
  <edition_information><![CDATA[]]></edition_information>
  <ratings_count><![CDATA[13798]]></ratings_count>
  <text_reviews_count><![CDATA[520]]></text_reviews_count>
  <url><![CDATA[https://www.goodreads.com/book/show/1055617.The_Miracle_of_Forgiveness]]></url>
  <link><![CDATA[https://www.goodreads.com/book/show/1055617.The_Miracle_of_Forgiveness]]></link>
  <authors>
<author>
<id>193170</id>
<name>Spencer W. Kimball</name>
<role></role>
<image_url nophoto='false'>
<![CDATA[https://images.gr-assets.com/authors/1234808328p5/193170.jpg]]>
</image_url>
<small_image_url nophoto='false'>
<![CDATA[https://images.gr-assets.com/authors/1234808328p2/193170.jpg]]>
</small_image_url>
<link><![CDATA[https://www.goodreads.com/author/show/193170.Spencer_W_Kimball]]></link>
<average_rating>4.40</average_rating>
<ratings_count>18607</ratings_count>
<text_reviews_count>710</text_reviews_count>
</author>
</authors>

    <reviews_widget>
      <![CDATA[
        <style>
  #goodreads-widget {
    font-family: georgia, serif;
    padding: 18px 0;
    width:565px;
  }
  #goodreads-widget h1 {
    font-weight:normal;
    font-size: 16px;
    border-bottom: 1px solid #BBB596;
    margin-bottom: 0;
  }
  #goodreads-widget a {
    text-decoration: none;
    color:#660;
  }
  iframe{
    background-color: #fff;
  }
  #goodreads-widget a:hover { text-decoration: underline; }
  #goodreads-widget a:active {
    color:#660;
  }
  #gr_footer {
    width: 100%;
    border-top: 1px solid #BBB596;
    text-align: right;
  }
  #goodreads-widget .gr_branding{
    color: #382110;
    font-size: 11px;
    text-decoration: none;
    font-family: "Helvetica Neue", Helvetica, Arial, sans-serif;
  }
</style>
<div id="goodreads-widget">
  <div id="gr_header"><h1><a rel="nofollow" href="https://www.goodreads.com/book/show/1055617.The_Miracle_of_Forgiveness">The Miracle of Forgiveness Reviews</a></h1></div>
  <iframe id="the_iframe" src="https://www.goodreads.com/api/reviews_widget_iframe?did=DEVELOPER_ID&amp;format=html&amp;isbn=0884944441&amp;links=660&amp;min_rating=&amp;review_back=fff&amp;stars=000&amp;text=000" width="565" height="400" frameborder="0"></iframe>
  <div id="gr_footer">
    <a class="gr_branding" target="_blank" rel="nofollow" href="https://www.goodreads.com/book/show/1055617.The_Miracle_of_Forgiveness?utm_medium=api&amp;utm_source=reviews_widget">Reviews from Goodreads.com</a>
  </div>
</div>

      ]]>
    </reviews_widget>
  <popular_shelves>
      <shelf name="to-read" count="1624"/>
      <shelf name="currently-reading" count="315"/>
      <shelf name="religious" count="288"/>
      <shelf name="religion" count="215"/>
      <shelf name="lds" count="192"/>
      <shelf name="non-fiction" count="118"/>
      <shelf name="church" count="91"/>
      <shelf name="spiritual" count="44"/>
      <shelf name="favorites" count="39"/>
      <shelf name="self-help" count="36"/>
      <shelf name="nonfiction" count="34"/>
      <shelf name="church-books" count="33"/>
      <shelf name="books-i-own" count="30"/>
      <shelf name="inspirational" count="27"/>
      <shelf name="christianity" count="26"/>
      <shelf name="lds-books" count="20"/>
      <shelf name="christian" count="20"/>
      <shelf name="owned" count="19"/>
      <shelf name="gospel" count="18"/>
      <shelf name="default" count="16"/>
      <shelf name="spirituality" count="15"/>
      <shelf name="lds-non-fiction" count="14"/>
      <shelf name="mormon" count="14"/>
      <shelf name="mormonism" count="14"/>
      <shelf name="own-it" count="12"/>
      <shelf name="theology" count="11"/>
      <shelf name="adult" count="11"/>
      <shelf name="i-own" count="11"/>
      <shelf name="faith" count="10"/>
      <shelf name="religious-books" count="10"/>
      <shelf name="classics" count="8"/>
      <shelf name="lds-nonfiction" count="7"/>
      <shelf name="lds-authors" count="7"/>
      <shelf name="lds-author" count="6"/>
      <shelf name="owned-books" count="6"/>
      <shelf name="self-improvement" count="6"/>
      <shelf name="churchy" count="6"/>
      <shelf name="lds-religious" count="6"/>
      <shelf name="motivational" count="6"/>
      <shelf name="my-library" count="5"/>
      <shelf name="religious-non-fiction" count="5"/>
      <shelf name="reference" count="5"/>
      <shelf name="lds-doctrine" count="5"/>
      <shelf name="shelfari-favorites" count="4"/>
      <shelf name="christianity-my-faith" count="4"/>
      <shelf name="christian-non-fiction" count="4"/>
      <shelf name="books-we-own" count="4"/>
      <shelf name="latter-day-saint" count="4"/>
      <shelf name="lds-reads" count="4"/>
      <shelf name="library" count="4"/>
      <shelf name="lds-religion" count="4"/>
      <shelf name="have-read" count="4"/>
      <shelf name="religion-spirituality" count="4"/>
      <shelf name="read-church" count="3"/>
      <shelf name="deseret-bookshelf" count="3"/>
      <shelf name="ebooks" count="3"/>
      <shelf name="on-hold" count="3"/>
      <shelf name="my-books" count="3"/>
      <shelf name="church-reads" count="3"/>
      <shelf name="did-not-finish" count="3"/>
      <shelf name="scripture" count="3"/>
      <shelf name="my-personal-library" count="3"/>
      <shelf name="religious-lds" count="3"/>
      <shelf name="religion-lds" count="3"/>
      <shelf name="i-own-it" count="3"/>
      <shelf name="adult-non-fiction" count="3"/>
      <shelf name="philosophy-religion" count="3"/>
      <shelf name="in-my-library" count="3"/>
      <shelf name="lds---non-fiction" count="3"/>
      <shelf name="all-time-favorites" count="3"/>
      <shelf name="personal-growth" count="3"/>
      <shelf name="religion-philosophy" count="3"/>
      <shelf name="religion-and-spirituality" count="3"/>
      <shelf name="the-church-of-jesus-christ-of-latte" count="2"/>
      <shelf name="to-read-religious" count="2"/>
      <shelf name="lds-church" count="2"/>
      <shelf name="book" count="2"/>
      <shelf name="ebook-library" count="2"/>
      <shelf name="read-non-fiction" count="2"/>
      <shelf name="to-buy" count="2"/>
      <shelf name="to-read-2014" count="2"/>
      <shelf name="religion-read" count="2"/>
      <shelf name="finished" count="2"/>
      <shelf name="read-in-2013" count="2"/>
      <shelf name="read-next" count="2"/>
      <shelf name="nonfiction-lds" count="2"/>
      <shelf name="inspiring" count="2"/>
      <shelf name="church-related" count="2"/>
      <shelf name="religion-to-read" count="2"/>
      <shelf name="to-finish-later" count="2"/>
      <shelf name="partially-read" count="2"/>
      <shelf name="mp3" count="2"/>
      <shelf name="lds-related" count="2"/>
      <shelf name="church-doctrine" count="2"/>
      <shelf name="book-club" count="2"/>
      <shelf name="mormon-doctrine" count="2"/>
      <shelf name="mormon-studies" count="2"/>
      <shelf name="we-own" count="2"/>
      <shelf name="read-religious" count="2"/>
      <shelf name="lds-literature" count="2"/>
  </popular_shelves>
  <book_links>
    <book_link>
  <id>8</id>
  <name>Libraries</name>
  <link>https://www.goodreads.com/book_link/follow/8</link>
</book_link>

  </book_links>
  <buy_links>
    <buy_link>
<id>1</id>
<name>Amazon</name>
<link>https://www.goodreads.com/book_link/follow/1</link>
</buy_link>
<buy_link>
<id>10</id>
<name>Audible</name>
<link>https://www.goodreads.com/book_link/follow/10</link>
</buy_link>
<buy_link>
<id>3</id>
<name>Barnes &amp; Noble</name>
<link>https://www.goodreads.com/book_link/follow/3</link>
</buy_link>
<buy_link>
<id>1027</id>
<name>Kobo</name>
<link>https://www.goodreads.com/book_link/follow/1027</link>
</buy_link>
<buy_link>
<id>2102</id>
<name>Apple iBooks</name>
<link>https://www.goodreads.com/book_link/follow/2102</link>
</buy_link>
<buy_link>
<id>8036</id>
<name>Google Play</name>
<link>https://www.goodreads.com/book_link/follow/8036</link>
</buy_link>
<buy_link>
<id>4</id>
<name>Abebooks</name>
<link>https://www.goodreads.com/book_link/follow/4</link>
</buy_link>
<buy_link>
<id>882</id>
<name>Book Depository</name>
<link>https://www.goodreads.com/book_link/follow/882</link>
</buy_link>
<buy_link>
<id>9</id>
<name>Indigo</name>
<link>https://www.goodreads.com/book_link/follow/9</link>
</buy_link>
<buy_link>
<id>2</id>
<name>Half.com</name>
<link>https://www.goodreads.com/book_link/follow/2</link>
</buy_link>
<buy_link>
<id>5</id>
<name>Alibris</name>
<link>https://www.goodreads.com/book_link/follow/5</link>
</buy_link>
<buy_link>
<id>107</id>
<name>Better World Books</name>
<link>https://www.goodreads.com/book_link/follow/107</link>
</buy_link>
<buy_link>
<id>7</id>
<name>IndieBound</name>
<link>https://www.goodreads.com/book_link/follow/7</link>
</buy_link>

  </buy_links>
  <series_works>
    
  </series_works>
  <similar_books>
          <book>
<id>574361</id>
<title><![CDATA[Teachings of the Prophet Joseph Smith]]></title>
<title_without_series><![CDATA[Teachings of the Prophet Joseph Smith]]></title_without_series>
<link><![CDATA[https://www.goodreads.com/book/show/574361.Teachings_of_the_Prophet_Joseph_Smith]]></link>
<small_image_url><![CDATA[https://images.gr-assets.com/books/1409024254s/574361.jpg]]></small_image_url>
<image_url><![CDATA[https://images.gr-assets.com/books/1409024254m/574361.jpg]]></image_url>
<num_pages></num_pages>
<work>
<id>2888732</id>
</work>
<isbn>087579243X</isbn>
<isbn13>9780875792439</isbn13>
<average_rating>4.48</average_rating>
<ratings_count>2911</ratings_count>
<publication_year></publication_year>
<publication_month></publication_month>
<publication_day></publication_day>
<authors>
<author>
<id>3009967</id>
<name>Joseph Smith Jr.</name>
<link><![CDATA[https://www.goodreads.com/author/show/3009967.Joseph_Smith_Jr_]]></link>
</author>
</authors>
</book>

          <book>
<id>596290</id>
<title>A Marvelous Work and a Wonder</title>
<title_without_series>A Marvelous Work and a Wonder</title_without_series>
<link><![CDATA[https://www.goodreads.com/book/show/596290.A_Marvelous_Work_and_a_Wonder]]></link>
<small_image_url><![CDATA[https://images.gr-assets.com/books/1418843656s/596290.jpg]]></small_image_url>
<image_url><![CDATA[https://images.gr-assets.com/books/1418843656m/596290.jpg]]></image_url>
<num_pages></num_pages>
<work>
<id>1268158</id>
</work>
<isbn>0875793274</isbn>
<isbn13>9780875793276</isbn13>
<average_rating>4.34</average_rating>
<ratings_count>8299</ratings_count>
<publication_year></publication_year>
<publication_month></publication_month>
<publication_day></publication_day>
<authors>
<author>
<id>193166</id>
<name>LeGrand Richards</name>
<link><![CDATA[https://www.goodreads.com/author/show/193166.LeGrand_Richards]]></link>
</author>
</authors>
</book>

          <book>
<id>452392</id>
<title><![CDATA[Articles of Faith (Missionary Reference Library)]]></title>
<title_without_series>Articles of Faith</title_without_series>
<link><![CDATA[https://www.goodreads.com/book/show/452392.Articles_of_Faith]]></link>
<small_image_url><![CDATA[https://images.gr-assets.com/books/1418843431s/452392.jpg]]></small_image_url>
<image_url><![CDATA[https://images.gr-assets.com/books/1418843431m/452392.jpg]]></image_url>
<num_pages></num_pages>
<work>
<id>1239220</id>
</work>
<isbn>0875793258</isbn>
<isbn13>9780875793252</isbn13>
<average_rating>4.42</average_rating>
<ratings_count>6101</ratings_count>
<publication_year></publication_year>
<publication_month></publication_month>
<publication_day></publication_day>
<authors>
<author>
<id>189701</id>
<name>James E. Talmage</name>
<link><![CDATA[https://www.goodreads.com/author/show/189701.James_E_Talmage]]></link>
</author>
</authors>
</book>

          <book>
<id>776153</id>
<title>Truth Restored</title>
<title_without_series>Truth Restored</title_without_series>
<link><![CDATA[https://www.goodreads.com/book/show/776153.Truth_Restored]]></link>
<small_image_url><![CDATA[https://s.gr-assets.com/assets/nophoto/book/50x75-a91bf249278a81aabab721ef782c4a74.png]]></small_image_url>
<image_url><![CDATA[https://s.gr-assets.com/assets/nophoto/book/111x148-bcc042a9c91a29c1d680899eff700a03.png]]></image_url>
<num_pages>158</num_pages>
<work>
<id>1082278</id>
</work>
<isbn>0877477655</isbn>
<isbn13>9780877477655</isbn13>
<average_rating>4.33</average_rating>
<ratings_count>3998</ratings_count>
<publication_year></publication_year>
<publication_month></publication_month>
<publication_day></publication_day>
<authors>
<author>
<id>313356</id>
<name>Gordon B. Hinckley</name>
<link><![CDATA[https://www.goodreads.com/author/show/313356.Gordon_B_Hinckley]]></link>
</author>
</authors>
</book>

          <book>
<id>12051147</id>
<title>Gospel Principles</title>
<title_without_series>Gospel Principles</title_without_series>
<link><![CDATA[https://www.goodreads.com/book/show/12051147-gospel-principles]]></link>
<small_image_url><![CDATA[https://s.gr-assets.com/assets/nophoto/book/50x75-a91bf249278a81aabab721ef782c4a74.png]]></small_image_url>
<image_url><![CDATA[https://s.gr-assets.com/assets/nophoto/book/111x148-bcc042a9c91a29c1d680899eff700a03.png]]></image_url>
<num_pages>362</num_pages>
<work>
<id>3154102</id>
</work>
<isbn>0877477167</isbn>
<isbn13></isbn13>
<average_rating>4.48</average_rating>
<ratings_count>4046</ratings_count>
<publication_year>1979</publication_year>
<publication_month></publication_month>
<publication_day></publication_day>
<authors>
<author>
<id>1367163</id>
<name><![CDATA[The Church of Jesus Christ of Latter-day Saints]]></name>
<link><![CDATA[https://www.goodreads.com/author/show/1367163.The_Church_of_Jesus_Christ_of_Latter_day_Saints]]></link>
</author>
</authors>
</book>

          <book>
<id>399460</id>
<title>The Holy Temple</title>
<title_without_series>The Holy Temple</title_without_series>
<link><![CDATA[https://www.goodreads.com/book/show/399460.The_Holy_Temple]]></link>
<small_image_url><![CDATA[https://s.gr-assets.com/assets/nophoto/book/50x75-a91bf249278a81aabab721ef782c4a74.png]]></small_image_url>
<image_url><![CDATA[https://s.gr-assets.com/assets/nophoto/book/111x148-bcc042a9c91a29c1d680899eff700a03.png]]></image_url>
<num_pages></num_pages>
<work>
<id>388900</id>
</work>
<isbn>0884944115</isbn>
<isbn13>9780884944119</isbn13>
<average_rating>4.43</average_rating>
<ratings_count>6564</ratings_count>
<publication_year></publication_year>
<publication_month></publication_month>
<publication_day></publication_day>
<authors>
<author>
<id>193167</id>
<name>Boyd K. Packer</name>
<link><![CDATA[https://www.goodreads.com/author/show/193167.Boyd_K_Packer]]></link>
</author>
</authors>
</book>

          <book>
<id>535384</id>
<title>Our Search for Happiness</title>
<title_without_series>Our Search for Happiness</title_without_series>
<link><![CDATA[https://www.goodreads.com/book/show/535384.Our_Search_for_Happiness]]></link>
<small_image_url><![CDATA[https://images.gr-assets.com/books/1418843716s/535384.jpg]]></small_image_url>
<image_url><![CDATA[https://images.gr-assets.com/books/1418843716m/535384.jpg]]></image_url>
<num_pages></num_pages>
<work>
<id>2951376</id>
</work>
<isbn>0875799175</isbn>
<isbn13>9780875799179</isbn13>
<average_rating>4.33</average_rating>
<ratings_count>6304</ratings_count>
<publication_year></publication_year>
<publication_month></publication_month>
<publication_day></publication_day>
<authors>
<author>
<id>295595</id>
<name>M. Russell Ballard</name>
<link><![CDATA[https://www.goodreads.com/author/show/295595.M_Russell_Ballard]]></link>
</author>
</authors>
</book>

          <book>
<id>336895</id>
<title>Mormon Doctrine</title>
<title_without_series>Mormon Doctrine</title_without_series>
<link><![CDATA[https://www.goodreads.com/book/show/336895.Mormon_Doctrine]]></link>
<small_image_url><![CDATA[https://s.gr-assets.com/assets/nophoto/book/50x75-a91bf249278a81aabab721ef782c4a74.png]]></small_image_url>
<image_url><![CDATA[https://s.gr-assets.com/assets/nophoto/book/111x148-bcc042a9c91a29c1d680899eff700a03.png]]></image_url>
<num_pages>856</num_pages>
<work>
<id>3138334</id>
</work>
<isbn>0884940624</isbn>
<isbn13>9780884940623</isbn13>
<average_rating>4.09</average_rating>
<ratings_count>3784</ratings_count>
<publication_year>1966</publication_year>
<publication_month>4</publication_month>
<publication_day>28</publication_day>
<authors>
<author>
<id>193151</id>
<name>Bruce R. McConkie</name>
<link><![CDATA[https://www.goodreads.com/author/show/193151.Bruce_R_McConkie]]></link>
</author>
</authors>
</book>

          <book>
<id>1106766</id>
<title><![CDATA[To Draw Closer To God: A Collection Of Discourses]]></title>
<title_without_series><![CDATA[To Draw Closer To God: A Collection Of Discourses]]></title_without_series>
<link><![CDATA[https://www.goodreads.com/book/show/1106766.To_Draw_Closer_To_God]]></link>
<small_image_url><![CDATA[https://s.gr-assets.com/assets/nophoto/book/50x75-a91bf249278a81aabab721ef782c4a74.png]]></small_image_url>
<image_url><![CDATA[https://s.gr-assets.com/assets/nophoto/book/111x148-bcc042a9c91a29c1d680899eff700a03.png]]></image_url>
<num_pages>199</num_pages>
<work>
<id>1042155</id>
</work>
<isbn>1590383222</isbn>
<isbn13>9781590383223</isbn13>
<average_rating>4.52</average_rating>
<ratings_count>3880</ratings_count>
<publication_year>2004</publication_year>
<publication_month></publication_month>
<publication_day></publication_day>
<authors>
<author>
<id>91549</id>
<name>Henry B. Eyring</name>
<link><![CDATA[https://www.goodreads.com/author/show/91549.Henry_B_Eyring]]></link>
</author>
</authors>
</book>

          <book>
<id>434764</id>
<title><![CDATA[Believing Christ: The Parable of the Bicycle and Other Good News]]></title>
<title_without_series><![CDATA[Believing Christ: The Parable of the Bicycle and Other Good News]]></title_without_series>
<link><![CDATA[https://www.goodreads.com/book/show/434764.Believing_Christ]]></link>
<small_image_url><![CDATA[https://s.gr-assets.com/assets/nophoto/book/50x75-a91bf249278a81aabab721ef782c4a74.png]]></small_image_url>
<image_url><![CDATA[https://s.gr-assets.com/assets/nophoto/book/111x148-bcc042a9c91a29c1d680899eff700a03.png]]></image_url>
<num_pages></num_pages>
<work>
<id>862892</id>
</work>
<isbn>1570089264</isbn>
<isbn13>9781570089268</isbn13>
<average_rating>4.51</average_rating>
<ratings_count>13349</ratings_count>
<publication_year></publication_year>
<publication_month></publication_month>
<publication_day></publication_day>
<authors>
<author>
<id>168218</id>
<name>Stephen E. Robinson</name>
<link><![CDATA[https://www.goodreads.com/author/show/168218.Stephen_E_Robinson]]></link>
</author>
</authors>
</book>

          <book>
<id>1241534</id>
<title>No Doubt About It</title>
<title_without_series>No Doubt About It</title_without_series>
<link><![CDATA[https://www.goodreads.com/book/show/1241534.No_Doubt_About_It]]></link>
<small_image_url><![CDATA[https://s.gr-assets.com/assets/nophoto/book/50x75-a91bf249278a81aabab721ef782c4a74.png]]></small_image_url>
<image_url><![CDATA[https://s.gr-assets.com/assets/nophoto/book/111x148-bcc042a9c91a29c1d680899eff700a03.png]]></image_url>
<num_pages>246</num_pages>
<work>
<id>1230216</id>
</work>
<isbn>1573459321</isbn>
<isbn13>9781573459327</isbn13>
<average_rating>4.40</average_rating>
<ratings_count>6534</ratings_count>
<publication_year></publication_year>
<publication_month></publication_month>
<publication_day></publication_day>
<authors>
<author>
<id>62012</id>
<name>Sheri Dew</name>
<link><![CDATA[https://www.goodreads.com/author/show/62012.Sheri_Dew]]></link>
</author>
</authors>
</book>

          <book>
<id>1123897</id>
<title><![CDATA[All These Things Shall Give Thee Experience]]></title>
<title_without_series><![CDATA[All These Things Shall Give Thee Experience]]></title_without_series>
<link><![CDATA[https://www.goodreads.com/book/show/1123897.All_These_Things_Shall_Give_Thee_Experience]]></link>
<small_image_url><![CDATA[https://s.gr-assets.com/assets/nophoto/book/50x75-a91bf249278a81aabab721ef782c4a74.png]]></small_image_url>
<image_url><![CDATA[https://s.gr-assets.com/assets/nophoto/book/111x148-bcc042a9c91a29c1d680899eff700a03.png]]></image_url>
<num_pages></num_pages>
<work>
<id>1110994</id>
</work>
<isbn>0875796133</isbn>
<isbn13>9780875796130</isbn13>
<average_rating>4.54</average_rating>
<ratings_count>2034</ratings_count>
<publication_year></publication_year>
<publication_month></publication_month>
<publication_day></publication_day>
<authors>
<author>
<id>193147</id>
<name>Neal A. Maxwell</name>
<link><![CDATA[https://www.goodreads.com/author/show/193147.Neal_A_Maxwell]]></link>
</author>
</authors>
</book>

          <book>
<id>218431</id>
<title><![CDATA[The History of Joseph Smith by His Mother]]></title>
<title_without_series><![CDATA[The History of Joseph Smith by His Mother]]></title_without_series>
<link><![CDATA[https://www.goodreads.com/book/show/218431.The_History_of_Joseph_Smith_by_His_Mother]]></link>
<small_image_url><![CDATA[https://s.gr-assets.com/assets/nophoto/book/50x75-a91bf249278a81aabab721ef782c4a74.png]]></small_image_url>
<image_url><![CDATA[https://s.gr-assets.com/assets/nophoto/book/111x148-bcc042a9c91a29c1d680899eff700a03.png]]></image_url>
<num_pages>328</num_pages>
<work>
<id>211487</id>
</work>
<isbn>157734720X</isbn>
<isbn13>9781577347200</isbn13>
<average_rating>4.37</average_rating>
<ratings_count>4573</ratings_count>
<publication_year></publication_year>
<publication_month></publication_month>
<publication_day></publication_day>
<authors>
<author>
<id>77656</id>
<name>Lucy Mack Smith</name>
<link><![CDATA[https://www.goodreads.com/author/show/77656.Lucy_Mack_Smith]]></link>
</author>
</authors>
</book>

  </similar_books>
</book>

</GoodreadsResponse>