<?xml version="1.0" encoding="UTF-8"?>
<GoodreadsResponse>
  <Request>
    <authentication>true</authentication>
      <key><![CDATA[all_men_must_serve]]></key>
    <method><![CDATA[book_show]]></method>
  </Request>
  <book>
  <id>105574</id>
  <title><![CDATA[Scandal in Spring (Wallflowers, #4)]]></title>
  <isbn><![CDATA[0060562536]]></isbn>
  <isbn13><![CDATA[9780060562533]]></isbn13>
  <asin><![CDATA[]]></asin>
  <kindle_asin><![CDATA[B004KZOXCW]]></kindle_asin>
  <marketplace_id><![CDATA[A1F83G8C2ARO7P]]></marketplace_id>
  <country_code><![CDATA[GB]]></country_code>
  <image_url>https://images.gr-assets.com/books/1452549904m/105574.jpg</image_url>
  <small_image_url>https://images.gr-assets.com/books/1452549904s/105574.jpg</small_image_url>
  <publication_year>2006</publication_year>
  <publication_month>7</publication_month>
  <publication_day>25</publication_day>
  <publisher></publisher>
  <language_code>en-US</language_code>
  <is_ebook>false</is_ebook>
  <description><![CDATA[<i>Librarian's Note: Alternate cover for this ISBN can be found <a href="https://www.goodreads.com/book/show/28514524" rel="nofollow">here</a>.</i><br /><br />After spending three London seasons searching for a husband, Daisy Bowman's father has told her in no uncertain terms that she must find a husband. Now. And if Daisy can't snare an appropriate suitor, she will marry the man he chooses—the ruthless and aloof Matthew Swift.<br /><br />Daisy is horrified. A Bowman never admits defeat, and she decides to do whatever it takes to marry someone... anyone... other than Matthew. But she doesn't count on Matthew's unexpected charm... or the blazing sensuality that soon flares beyond both their control. And Daisy discovers that the man she has always hated just might turn out to be the man of her dreams.<br /><br />But right at the moment of sweet surrender, a scandalous secret is uncovered... one that could destroy both Matthew and a love more passionate and irresistible than Daisy's wildest fantasies.]]></description>
  <work>
  <id type="integer">101766</id>
  <books_count type="integer">60</books_count>
  <best_book_id type="integer">105574</best_book_id>
  <reviews_count type="integer">37441</reviews_count>
  <ratings_sum type="integer">111278</ratings_sum>
  <ratings_count type="integer">27662</ratings_count>
  <text_reviews_count type="integer">1297</text_reviews_count>
  <original_publication_year type="integer">2006</original_publication_year>
  <original_publication_month type="integer">7</original_publication_month>
  <original_publication_day type="integer">25</original_publication_day>
  <original_title>Scandal in Spring</original_title>
  <original_language_id type="integer" nil="true"/>
  <media_type>book</media_type>
  <rating_dist>5:9131|4:11257|3:6177|2:967|1:130|total:27662</rating_dist>
  <desc_user_id type="integer">15202946</desc_user_id>
  <default_chaptering_book_id type="integer" nil="true"/>
  <default_description_language_code nil="true"/>
</work>
  <average_rating>4.02</average_rating>
  <num_pages><![CDATA[374]]></num_pages>
  <format><![CDATA[Mass Market Paperback]]></format>
  <edition_information><![CDATA[]]></edition_information>
  <ratings_count><![CDATA[25277]]></ratings_count>
  <text_reviews_count><![CDATA[1037]]></text_reviews_count>
  <url><![CDATA[https://www.goodreads.com/book/show/105574.Scandal_in_Spring]]></url>
  <link><![CDATA[https://www.goodreads.com/book/show/105574.Scandal_in_Spring]]></link>
  <authors>
<author>
<id>27847</id>
<name>Lisa Kleypas</name>
<role></role>
<image_url nophoto='false'>
<![CDATA[https://images.gr-assets.com/authors/1288899037p5/27847.jpg]]>
</image_url>
<small_image_url nophoto='false'>
<![CDATA[https://images.gr-assets.com/authors/1288899037p2/27847.jpg]]>
</small_image_url>
<link><![CDATA[https://www.goodreads.com/author/show/27847.Lisa_Kleypas]]></link>
<average_rating>4.03</average_rating>
<ratings_count>692063</ratings_count>
<text_reviews_count>41632</text_reviews_count>
</author>
</authors>

    <reviews_widget>
      <![CDATA[
        <style>
  #goodreads-widget {
    font-family: georgia, serif;
    padding: 18px 0;
    width:565px;
  }
  #goodreads-widget h1 {
    font-weight:normal;
    font-size: 16px;
    border-bottom: 1px solid #BBB596;
    margin-bottom: 0;
  }
  #goodreads-widget a {
    text-decoration: none;
    color:#660;
  }
  iframe{
    background-color: #fff;
  }
  #goodreads-widget a:hover { text-decoration: underline; }
  #goodreads-widget a:active {
    color:#660;
  }
  #gr_footer {
    width: 100%;
    border-top: 1px solid #BBB596;
    text-align: right;
  }
  #goodreads-widget .gr_branding{
    color: #382110;
    font-size: 11px;
    text-decoration: none;
    font-family: "Helvetica Neue", Helvetica, Arial, sans-serif;
  }
</style>
<div id="goodreads-widget">
  <div id="gr_header"><h1><a rel="nofollow" href="https://www.goodreads.com/book/show/105574.Scandal_in_Spring">Scandal in Spring Reviews</a></h1></div>
  <iframe id="the_iframe" src="https://www.goodreads.com/api/reviews_widget_iframe?did=DEVELOPER_ID&amp;format=html&amp;isbn=0060562536&amp;links=660&amp;min_rating=&amp;review_back=fff&amp;stars=000&amp;text=000" width="565" height="400" frameborder="0"></iframe>
  <div id="gr_footer">
    <a class="gr_branding" target="_blank" rel="nofollow" href="https://www.goodreads.com/book/show/105574.Scandal_in_Spring?utm_medium=api&amp;utm_source=reviews_widget">Reviews from Goodreads.com</a>
  </div>
</div>

      ]]>
    </reviews_widget>
  <popular_shelves>
      <shelf name="historical-romance" count="1737"/>
      <shelf name="romance" count="1413"/>
      <shelf name="to-read" count="689"/>
      <shelf name="historical" count="679"/>
      <shelf name="lisa-kleypas" count="417"/>
      <shelf name="favorites" count="284"/>
      <shelf name="currently-reading" count="258"/>
      <shelf name="historical-fiction" count="231"/>
      <shelf name="series" count="171"/>
      <shelf name="regency" count="155"/>
      <shelf name="romance-historical" count="111"/>
      <shelf name="adult" count="106"/>
      <shelf name="regency-romance" count="93"/>
      <shelf name="fiction" count="86"/>
      <shelf name="owned" count="79"/>
      <shelf name="kindle" count="76"/>
      <shelf name="books-i-own" count="76"/>
      <shelf name="ebook" count="61"/>
      <shelf name="victorian" count="59"/>
      <shelf name="library" count="42"/>
      <shelf name="england" count="39"/>
      <shelf name="historical-romances" count="39"/>
      <shelf name="chick-lit" count="36"/>
      <shelf name="virgin-heroine" count="34"/>
      <shelf name="wallflowers" count="33"/>
      <shelf name="kleypas-lisa" count="30"/>
      <shelf name="4-stars" count="30"/>
      <shelf name="favourites" count="30"/>
      <shelf name="kleypas" count="30"/>
      <shelf name="audiobook" count="29"/>
      <shelf name="5-stars" count="29"/>
      <shelf name="part-of-a-series" count="29"/>
      <shelf name="ebooks" count="28"/>
      <shelf name="paperback" count="28"/>
      <shelf name="read-in-2015" count="26"/>
      <shelf name="read-in-2012" count="26"/>
      <shelf name="audio" count="26"/>
      <shelf name="e-book" count="25"/>
      <shelf name="default" count="24"/>
      <shelf name="read-in-2011" count="24"/>
      <shelf name="owned-books" count="24"/>
      <shelf name="hr" count="24"/>
      <shelf name="re-read" count="24"/>
      <shelf name="romance-novels" count="24"/>
      <shelf name="historicals" count="23"/>
      <shelf name="read-in-2016" count="21"/>
      <shelf name="funny" count="21"/>
      <shelf name="unrequited-love" count="21"/>
      <shelf name="3-stars" count="21"/>
      <shelf name="i-own" count="20"/>
      <shelf name="victorian-romance" count="19"/>
      <shelf name="read-in-2014" count="18"/>
      <shelf name="enemies-to-lovers" count="18"/>
      <shelf name="audiobooks" count="18"/>
      <shelf name="love" count="18"/>
      <shelf name="m-f" count="18"/>
      <shelf name="wallflower" count="18"/>
      <shelf name="beta-hero" count="18"/>
      <shelf name="author-lisa-kleypas" count="18"/>
      <shelf name="adult-fiction" count="18"/>
      <shelf name="read-in-2013" count="17"/>
      <shelf name="favorite-author" count="17"/>
      <shelf name="read-in-2010" count="17"/>
      <shelf name="historic-romance" count="17"/>
      <shelf name="favorite-series" count="16"/>
      <shelf name="guilty-pleasures" count="15"/>
      <shelf name="favorite-authors" count="15"/>
      <shelf name="keepers" count="15"/>
      <shelf name="read-2016" count="14"/>
      <shelf name="read-2014" count="14"/>
      <shelf name="e-books" count="14"/>
      <shelf name="19th-century" count="14"/>
      <shelf name="steamy" count="14"/>
      <shelf name="wallflowers-series" count="14"/>
      <shelf name="guilty-pleasure" count="14"/>
      <shelf name="own-it" count="14"/>
      <shelf name="library-book" count="14"/>
      <shelf name="wish-list" count="14"/>
      <shelf name="historicalromance" count="14"/>
      <shelf name="read-in-2017" count="13"/>
      <shelf name="read-2015" count="13"/>
      <shelf name="part-of-series" count="13"/>
      <shelf name="romantic" count="13"/>
      <shelf name="read-2013" count="12"/>
      <shelf name="2012-reads" count="12"/>
      <shelf name="romance-regency" count="12"/>
      <shelf name="adult-romance" count="12"/>
      <shelf name="read-in-english" count="12"/>
      <shelf name="bodice-rippers" count="12"/>
      <shelf name="genre-historical" count="12"/>
      <shelf name="all-time-favorites" count="12"/>
      <shelf name="2016-reads" count="11"/>
      <shelf name="2015-reads" count="11"/>
      <shelf name="historic" count="11"/>
      <shelf name="audible" count="11"/>
      <shelf name="reviewed" count="11"/>
      <shelf name="borrowed" count="11"/>
      <shelf name="reread" count="11"/>
      <shelf name="love-hate" count="11"/>
      <shelf name="2013-reads" count="10"/>
  </popular_shelves>
  <book_links>
    <book_link>
  <id>8</id>
  <name>Libraries</name>
  <link>https://www.goodreads.com/book_link/follow/8</link>
</book_link>

  </book_links>
  <buy_links>
    <buy_link>
<id>1</id>
<name>Amazon</name>
<link>https://www.goodreads.com/book_link/follow/1</link>
</buy_link>
<buy_link>
<id>10</id>
<name>Audible</name>
<link>https://www.goodreads.com/book_link/follow/10</link>
</buy_link>
<buy_link>
<id>3</id>
<name>Barnes &amp; Noble</name>
<link>https://www.goodreads.com/book_link/follow/3</link>
</buy_link>
<buy_link>
<id>1027</id>
<name>Kobo</name>
<link>https://www.goodreads.com/book_link/follow/1027</link>
</buy_link>
<buy_link>
<id>2102</id>
<name>Apple iBooks</name>
<link>https://www.goodreads.com/book_link/follow/2102</link>
</buy_link>
<buy_link>
<id>8036</id>
<name>Google Play</name>
<link>https://www.goodreads.com/book_link/follow/8036</link>
</buy_link>
<buy_link>
<id>4</id>
<name>Abebooks</name>
<link>https://www.goodreads.com/book_link/follow/4</link>
</buy_link>
<buy_link>
<id>882</id>
<name>Book Depository</name>
<link>https://www.goodreads.com/book_link/follow/882</link>
</buy_link>
<buy_link>
<id>9</id>
<name>Indigo</name>
<link>https://www.goodreads.com/book_link/follow/9</link>
</buy_link>
<buy_link>
<id>2</id>
<name>Half.com</name>
<link>https://www.goodreads.com/book_link/follow/2</link>
</buy_link>
<buy_link>
<id>5</id>
<name>Alibris</name>
<link>https://www.goodreads.com/book_link/follow/5</link>
</buy_link>
<buy_link>
<id>107</id>
<name>Better World Books</name>
<link>https://www.goodreads.com/book_link/follow/107</link>
</buy_link>
<buy_link>
<id>7</id>
<name>IndieBound</name>
<link>https://www.goodreads.com/book_link/follow/7</link>
</buy_link>

  </buy_links>
  <series_works>
    <series_work>
<id>145851</id>
<user_position>4</user_position>
<series>
<id>41154</id>
<title>
<![CDATA[
    Wallflowers
]]>
</title>
<description>
<![CDATA[
    Four young ladies enter London society with one necessary goal: they must use their feminine wit and wiles to find a husband. So they band together, and a daring husband-hunting scheme is born.
    
    Followed by <a href="http://www.goodreads.com/series/43172-the-hathaways"> The Hathaways series</a>.  Some characters also appeared in <i>Worth Any Price</i> and <i>Again the Magic</i>.
]]>
</description>
<note>
<![CDATA[
    series numbering correcting to Goodreads standard
]]>
</note>
<series_works_count>6</series_works_count>
<primary_work_count>4</primary_work_count>
<numbered>true</numbered>
</series>

</series_work>

  </series_works>
  <similar_books>
          <book>
<id>11738128</id>
<title><![CDATA[A Week to Be Wicked (Spindle Cove, #2)]]></title>
<title_without_series>A Week to Be Wicked</title_without_series>
<link><![CDATA[https://www.goodreads.com/book/show/11738128-a-week-to-be-wicked]]></link>
<small_image_url><![CDATA[https://images.gr-assets.com/books/1321335382s/11738128.jpg]]></small_image_url>
<image_url><![CDATA[https://images.gr-assets.com/books/1321335382m/11738128.jpg]]></image_url>
<num_pages>356</num_pages>
<work>
<id>16687336</id>
</work>
<isbn>0062049879</isbn>
<isbn13>9780062049872</isbn13>
<average_rating>4.12</average_rating>
<ratings_count>16282</ratings_count>
<publication_year>2012</publication_year>
<publication_month>3</publication_month>
<publication_day>27</publication_day>
<authors>
<author>
<id>2752928</id>
<name>Tessa Dare</name>
<link><![CDATA[https://www.goodreads.com/author/show/2752928.Tessa_Dare]]></link>
</author>
</authors>
</book>

          <book>
<id>110396</id>
<title><![CDATA[When He was Wicked (Bridgertons, #6)]]></title>
<title_without_series>When He was Wicked</title_without_series>
<link><![CDATA[https://www.goodreads.com/book/show/110396.When_He_was_Wicked]]></link>
<small_image_url><![CDATA[https://images.gr-assets.com/books/1274212205s/110396.jpg]]></small_image_url>
<image_url><![CDATA[https://images.gr-assets.com/books/1274212205m/110396.jpg]]></image_url>
<num_pages>368</num_pages>
<work>
<id>1118162</id>
</work>
<isbn>0060531231</isbn>
<isbn13>9780060531232</isbn13>
<average_rating>4.03</average_rating>
<ratings_count>26018</ratings_count>
<publication_year></publication_year>
<publication_month></publication_month>
<publication_day></publication_day>
<authors>
<author>
<id>63898</id>
<name>Julia Quinn</name>
<link><![CDATA[https://www.goodreads.com/author/show/63898.Julia_Quinn]]></link>
</author>
</authors>
</book>

          <book>
<id>833923</id>
<title><![CDATA[England's Perfect Hero (Lessons in Love, #3)]]></title>
<title_without_series>England&apos;s Perfect Hero</title_without_series>
<link><![CDATA[https://www.goodreads.com/book/show/833923.England_s_Perfect_Hero]]></link>
<small_image_url><![CDATA[https://images.gr-assets.com/books/1331516514s/833923.jpg]]></small_image_url>
<image_url><![CDATA[https://images.gr-assets.com/books/1331516514m/833923.jpg]]></image_url>
<num_pages>374</num_pages>
<work>
<id>2556108</id>
</work>
<isbn>0060543132</isbn>
<isbn13>9780060543136</isbn13>
<average_rating>4.08</average_rating>
<ratings_count>5395</ratings_count>
<publication_year>2004</publication_year>
<publication_month>2</publication_month>
<publication_day>24</publication_day>
<authors>
<author>
<id>23294</id>
<name>Suzanne Enoch</name>
<link><![CDATA[https://www.goodreads.com/author/show/23294.Suzanne_Enoch]]></link>
</author>
</authors>
</book>

          <book>
<id>11374025</id>
<title><![CDATA[Scandalous Desires (Maiden Lane, #3)]]></title>
<title_without_series>Scandalous Desires</title_without_series>
<link><![CDATA[https://www.goodreads.com/book/show/11374025-scandalous-desires]]></link>
<small_image_url><![CDATA[https://s.gr-assets.com/assets/nophoto/book/50x75-a91bf249278a81aabab721ef782c4a74.png]]></small_image_url>
<image_url><![CDATA[https://s.gr-assets.com/assets/nophoto/book/111x148-bcc042a9c91a29c1d680899eff700a03.png]]></image_url>
<num_pages>393</num_pages>
<work>
<id>14090854</id>
</work>
<isbn></isbn>
<isbn13></isbn13>
<average_rating>4.10</average_rating>
<ratings_count>10656</ratings_count>
<publication_year>2011</publication_year>
<publication_month>10</publication_month>
<publication_day>18</publication_day>
<authors>
<author>
<id>16202</id>
<name>Elizabeth Hoyt</name>
<link><![CDATA[https://www.goodreads.com/author/show/16202.Elizabeth_Hoyt]]></link>
</author>
</authors>
</book>

          <book>
<id>958536</id>
<title><![CDATA[Devil Takes a Bride (Knight Miscellany, #5)]]></title>
<title_without_series>Devil Takes a Bride</title_without_series>
<link><![CDATA[https://www.goodreads.com/book/show/958536.Devil_Takes_a_Bride]]></link>
<small_image_url><![CDATA[https://images.gr-assets.com/books/1320497527s/958536.jpg]]></small_image_url>
<image_url><![CDATA[https://images.gr-assets.com/books/1320497527m/958536.jpg]]></image_url>
<num_pages>469</num_pages>
<work>
<id>943446</id>
</work>
<isbn>0804119759</isbn>
<isbn13>9780804119757</isbn13>
<average_rating>4.01</average_rating>
<ratings_count>3888</ratings_count>
<publication_year></publication_year>
<publication_month></publication_month>
<publication_day></publication_day>
<authors>
<author>
<id>83086</id>
<name>Gaelen Foley</name>
<link><![CDATA[https://www.goodreads.com/author/show/83086.Gaelen_Foley]]></link>
</author>
</authors>
</book>

          <book>
<id>7781699</id>
<title><![CDATA[Ten Ways to Be Adored When Landing a Lord (Love By Numbers, #2)]]></title>
<title_without_series><![CDATA[Ten Ways to Be Adored When Landing a Lord]]></title_without_series>
<link><![CDATA[https://www.goodreads.com/book/show/7781699-ten-ways-to-be-adored-when-landing-a-lord]]></link>
<small_image_url><![CDATA[https://images.gr-assets.com/books/1322231419s/7781699.jpg]]></small_image_url>
<image_url><![CDATA[https://images.gr-assets.com/books/1322231419m/7781699.jpg]]></image_url>
<num_pages>384</num_pages>
<work>
<id>10706071</id>
</work>
<isbn>0061852066</isbn>
<isbn13>9780061852060</isbn13>
<average_rating>3.91</average_rating>
<ratings_count>14272</ratings_count>
<publication_year>2010</publication_year>
<publication_month>10</publication_month>
<publication_day>26</publication_day>
<authors>
<author>
<id>1598076</id>
<name>Sarah MacLean</name>
<link><![CDATA[https://www.goodreads.com/author/show/1598076.Sarah_MacLean]]></link>
</author>
</authors>
</book>

          <book>
<id>8563824</id>
<title><![CDATA[The Many Sins of Lord Cameron (MacKenzies & McBrides, #3)]]></title>
<title_without_series>The Many Sins of Lord Cameron</title_without_series>
<link><![CDATA[https://www.goodreads.com/book/show/8563824-the-many-sins-of-lord-cameron]]></link>
<small_image_url><![CDATA[https://images.gr-assets.com/books/1300209650s/8563824.jpg]]></small_image_url>
<image_url><![CDATA[https://images.gr-assets.com/books/1300209650m/8563824.jpg]]></image_url>
<num_pages>298</num_pages>
<work>
<id>13432297</id>
</work>
<isbn>0425240495</isbn>
<isbn13>9780425240496</isbn13>
<average_rating>4.10</average_rating>
<ratings_count>10530</ratings_count>
<publication_year>2011</publication_year>
<publication_month>8</publication_month>
<publication_day>2</publication_day>
<authors>
<author>
<id>28569</id>
<name>Jennifer Ashley</name>
<link><![CDATA[https://www.goodreads.com/author/show/28569.Jennifer_Ashley]]></link>
</author>
</authors>
</book>

          <book>
<id>8663392</id>
<title>Unveiled (Turner, #1)</title>
<title_without_series>Unveiled</title_without_series>
<link><![CDATA[https://www.goodreads.com/book/show/8663392-unveiled]]></link>
<small_image_url><![CDATA[https://images.gr-assets.com/books/1289749528s/8663392.jpg]]></small_image_url>
<image_url><![CDATA[https://images.gr-assets.com/books/1289749528m/8663392.jpg]]></image_url>
<num_pages>384</num_pages>
<work>
<id>13534887</id>
</work>
<isbn>0373775431</isbn>
<isbn13>9780373775439</isbn13>
<average_rating>3.87</average_rating>
<ratings_count>6719</ratings_count>
<publication_year>2011</publication_year>
<publication_month>1</publication_month>
<publication_day>25</publication_day>
<authors>
<author>
<id>2906892</id>
<name>Courtney Milan</name>
<link><![CDATA[https://www.goodreads.com/author/show/2906892.Courtney_Milan]]></link>
</author>
</authors>
</book>

  </similar_books>
</book>

</GoodreadsResponse>