<?xml version="1.0" encoding="UTF-8"?>
<GoodreadsResponse>
  <Request>
    <authentication>true</authentication>
      <key><![CDATA[all_men_must_serve]]></key>
    <method><![CDATA[book_show]]></method>
  </Request>
  <book>
  <id>10552338</id>
  <title>Reamde</title>
  <isbn><![CDATA[0061977969]]></isbn>
  <isbn13><![CDATA[9780061977961]]></isbn13>
  <asin><![CDATA[]]></asin>
  <kindle_asin><![CDATA[B005IPRQGS]]></kindle_asin>
  <marketplace_id><![CDATA[A1F83G8C2ARO7P]]></marketplace_id>
  <country_code><![CDATA[GB]]></country_code>
  <image_url>https://images.gr-assets.com/books/1305993115m/10552338.jpg</image_url>
  <small_image_url>https://images.gr-assets.com/books/1305993115s/10552338.jpg</small_image_url>
  <publication_year>2011</publication_year>
  <publication_month>9</publication_month>
  <publication_day>20</publication_day>
  <publisher>William Morrow</publisher>
  <language_code>eng</language_code>
  <is_ebook>false</is_ebook>
  <description><![CDATA[Four decades ago, Richard Forthrast, the black sheep of an Iowa family, fled to a wild and lonely mountainous corner of British Columbia to avoid the draft. Smuggling backpack loads of high-grade marijuana across the border into Northern Idaho, he quickly amassed an enormous and illegal fortune. With plenty of time and money to burn, he became addicted to an online fantasy game in which opposing factions battle for power and treasure in a vast cyber realm. Like many serious gamers, he began routinely purchasing virtual gold pieces and other desirables from Chinese gold farmers—young professional players in Asia who accumulated virtual weapons and armor to sell to busy American and European buyers.<br /><br />For Richard, the game was the perfect opportunity to launder his aging hundred dollar bills and begin his own high-tech start up—a venture that has morphed into a Fortune 500 computer gaming group, Corporation 9592, with its own super successful online role-playing game, T’Rain. But the line between fantasy and reality becomes dangerously blurred when a young gold farmer accidently triggers a virtual war for dominance—and Richard is caught at the center.<br /><br />In this edgy, 21st century tale, Neal Stephenson, one of the most ambitious and prophetic writers of our time, returns to the terrain of his cyberpunk masterpieces <i>Snow Crash</i> and <i>Cryptonomicon</i>, leading readers through the looking glass and into the dark heart of imagination.]]></description>
  <work>
  <id type="integer">15458989</id>
  <books_count type="integer">34</books_count>
  <best_book_id type="integer">10552338</best_book_id>
  <reviews_count type="integer">70596</reviews_count>
  <ratings_sum type="integer">158325</ratings_sum>
  <ratings_count type="integer">39984</ratings_count>
  <text_reviews_count type="integer">4221</text_reviews_count>
  <original_publication_year type="integer">2011</original_publication_year>
  <original_publication_month type="integer">9</original_publication_month>
  <original_publication_day type="integer">20</original_publication_day>
  <original_title>Reamde</original_title>
  <original_language_id type="integer" nil="true"/>
  <media_type>book</media_type>
  <rating_dist>5:12650|4:16458|3:8124|2:2119|1:633|total:39984</rating_dist>
  <desc_user_id type="integer">4026072</desc_user_id>
  <default_chaptering_book_id type="integer" nil="true"/>
  <default_description_language_code nil="true"/>
</work>
  <average_rating>3.96</average_rating>
  <num_pages><![CDATA[1044]]></num_pages>
  <format><![CDATA[Hardcover]]></format>
  <edition_information><![CDATA[]]></edition_information>
  <ratings_count><![CDATA[34859]]></ratings_count>
  <text_reviews_count><![CDATA[3661]]></text_reviews_count>
  <url><![CDATA[https://www.goodreads.com/book/show/10552338-reamde]]></url>
  <link><![CDATA[https://www.goodreads.com/book/show/10552338-reamde]]></link>
  <authors>
<author>
<id>545</id>
<name>Neal Stephenson</name>
<role></role>
<image_url nophoto='false'>
<![CDATA[https://images.gr-assets.com/authors/1430920344p5/545.jpg]]>
</image_url>
<small_image_url nophoto='false'>
<![CDATA[https://images.gr-assets.com/authors/1430920344p2/545.jpg]]>
</small_image_url>
<link><![CDATA[https://www.goodreads.com/author/show/545.Neal_Stephenson]]></link>
<average_rating>4.05</average_rating>
<ratings_count>618125</ratings_count>
<text_reviews_count>37486</text_reviews_count>
</author>
</authors>

    <reviews_widget>
      <![CDATA[
        <style>
  #goodreads-widget {
    font-family: georgia, serif;
    padding: 18px 0;
    width:565px;
  }
  #goodreads-widget h1 {
    font-weight:normal;
    font-size: 16px;
    border-bottom: 1px solid #BBB596;
    margin-bottom: 0;
  }
  #goodreads-widget a {
    text-decoration: none;
    color:#660;
  }
  iframe{
    background-color: #fff;
  }
  #goodreads-widget a:hover { text-decoration: underline; }
  #goodreads-widget a:active {
    color:#660;
  }
  #gr_footer {
    width: 100%;
    border-top: 1px solid #BBB596;
    text-align: right;
  }
  #goodreads-widget .gr_branding{
    color: #382110;
    font-size: 11px;
    text-decoration: none;
    font-family: "Helvetica Neue", Helvetica, Arial, sans-serif;
  }
</style>
<div id="goodreads-widget">
  <div id="gr_header"><h1><a rel="nofollow" href="https://www.goodreads.com/book/show/10552338-reamde">Reamde Reviews</a></h1></div>
  <iframe id="the_iframe" src="https://www.goodreads.com/api/reviews_widget_iframe?did=DEVELOPER_ID&amp;format=html&amp;isbn=0061977969&amp;links=660&amp;min_rating=&amp;review_back=fff&amp;stars=000&amp;text=000" width="565" height="400" frameborder="0"></iframe>
  <div id="gr_footer">
    <a class="gr_branding" target="_blank" rel="nofollow" href="https://www.goodreads.com/book/show/10552338-reamde?utm_medium=api&amp;utm_source=reviews_widget">Reviews from Goodreads.com</a>
  </div>
</div>

      ]]>
    </reviews_widget>
  <popular_shelves>
      <shelf name="to-read" count="25202"/>
      <shelf name="currently-reading" count="1866"/>
      <shelf name="fiction" count="962"/>
      <shelf name="science-fiction" count="606"/>
      <shelf name="sci-fi" count="457"/>
      <shelf name="thriller" count="376"/>
      <shelf name="favorites" count="182"/>
      <shelf name="kindle" count="163"/>
      <shelf name="owned" count="157"/>
      <shelf name="scifi" count="148"/>
      <shelf name="audiobook" count="121"/>
      <shelf name="cyberpunk" count="119"/>
      <shelf name="audible" count="99"/>
      <shelf name="ebook" count="94"/>
      <shelf name="audiobooks" count="89"/>
      <shelf name="mystery" count="75"/>
      <shelf name="sf" count="72"/>
      <shelf name="audio" count="66"/>
      <shelf name="sci-fi-fantasy" count="63"/>
      <shelf name="library" count="60"/>
      <shelf name="abandoned" count="56"/>
      <shelf name="adventure" count="55"/>
      <shelf name="sword-and-laser" count="55"/>
      <shelf name="speculative-fiction" count="52"/>
      <shelf name="novels" count="46"/>
      <shelf name="neal-stephenson" count="46"/>
      <shelf name="contemporary" count="45"/>
      <shelf name="fantasy" count="43"/>
      <shelf name="ebooks" count="42"/>
      <shelf name="to-buy" count="41"/>
      <shelf name="default" count="40"/>
      <shelf name="books-i-own" count="39"/>
      <shelf name="crime" count="38"/>
      <shelf name="general-fiction" count="35"/>
      <shelf name="technology" count="33"/>
      <shelf name="suspense" count="31"/>
      <shelf name="action" count="30"/>
      <shelf name="contemporary-fiction" count="30"/>
      <shelf name="mystery-thriller" count="28"/>
      <shelf name="unfinished" count="26"/>
      <shelf name="scifi-fantasy" count="26"/>
      <shelf name="action-adventure" count="24"/>
      <shelf name="did-not-finish" count="24"/>
      <shelf name="fantasy-sci-fi" count="24"/>
      <shelf name="literature" count="23"/>
      <shelf name="techno-thriller" count="23"/>
      <shelf name="audio-book" count="22"/>
      <shelf name="thrillers" count="22"/>
      <shelf name="e-book" count="20"/>
      <shelf name="read-in-2012" count="20"/>
      <shelf name="didn-t-finish" count="20"/>
      <shelf name="terrorism" count="20"/>
      <shelf name="on-hold" count="20"/>
      <shelf name="wish-list" count="20"/>
      <shelf name="dnf" count="19"/>
      <shelf name="read-2011" count="19"/>
      <shelf name="china" count="19"/>
      <shelf name="owned-books" count="18"/>
      <shelf name="read-in-2011" count="18"/>
      <shelf name="to-read-fiction" count="18"/>
      <shelf name="audio-books" count="17"/>
      <shelf name="science-fiction-fantasy" count="17"/>
      <shelf name="recommended" count="16"/>
      <shelf name="gave-up-on" count="16"/>
      <shelf name="novel" count="16"/>
      <shelf name="books" count="16"/>
      <shelf name="maybe" count="15"/>
      <shelf name="calibre" count="15"/>
      <shelf name="english" count="15"/>
      <shelf name="sci-fi-and-fantasy" count="15"/>
      <shelf name="video-games" count="14"/>
      <shelf name="gave-up" count="14"/>
      <shelf name="adult-fiction" count="14"/>
      <shelf name="read-in-2013" count="13"/>
      <shelf name="on-kindle" count="13"/>
      <shelf name="gaming" count="13"/>
      <shelf name="read-2012" count="13"/>
      <shelf name="adult" count="13"/>
      <shelf name="general" count="13"/>
      <shelf name="science" count="13"/>
      <shelf name="american" count="13"/>
      <shelf name="read-in-2014" count="12"/>
      <shelf name="reviewed" count="12"/>
      <shelf name="e-books" count="12"/>
      <shelf name="modern-fiction" count="12"/>
      <shelf name="sword-laser" count="12"/>
      <shelf name="sf-fantasy" count="11"/>
      <shelf name="tbr" count="11"/>
      <shelf name="sff" count="11"/>
      <shelf name="fun" count="11"/>
      <shelf name="computers" count="11"/>
      <shelf name="have" count="11"/>
      <shelf name="speculative" count="11"/>
      <shelf name="to-read-sci-fi" count="11"/>
      <shelf name="read-2013" count="10"/>
      <shelf name="stopped-reading" count="10"/>
      <shelf name="unread" count="10"/>
      <shelf name="my-books" count="10"/>
      <shelf name="kobo" count="10"/>
      <shelf name="cyber-punk" count="10"/>
  </popular_shelves>
  <book_links>
    <book_link>
  <id>8</id>
  <name>Libraries</name>
  <link>https://www.goodreads.com/book_link/follow/8</link>
</book_link>

  </book_links>
  <buy_links>
    <buy_link>
<id>1</id>
<name>Amazon</name>
<link>https://www.goodreads.com/book_link/follow/1</link>
</buy_link>
<buy_link>
<id>10</id>
<name>Audible</name>
<link>https://www.goodreads.com/book_link/follow/10</link>
</buy_link>
<buy_link>
<id>3</id>
<name>Barnes &amp; Noble</name>
<link>https://www.goodreads.com/book_link/follow/3</link>
</buy_link>
<buy_link>
<id>1027</id>
<name>Kobo</name>
<link>https://www.goodreads.com/book_link/follow/1027</link>
</buy_link>
<buy_link>
<id>2102</id>
<name>Apple iBooks</name>
<link>https://www.goodreads.com/book_link/follow/2102</link>
</buy_link>
<buy_link>
<id>8036</id>
<name>Google Play</name>
<link>https://www.goodreads.com/book_link/follow/8036</link>
</buy_link>
<buy_link>
<id>4</id>
<name>Abebooks</name>
<link>https://www.goodreads.com/book_link/follow/4</link>
</buy_link>
<buy_link>
<id>882</id>
<name>Book Depository</name>
<link>https://www.goodreads.com/book_link/follow/882</link>
</buy_link>
<buy_link>
<id>9</id>
<name>Indigo</name>
<link>https://www.goodreads.com/book_link/follow/9</link>
</buy_link>
<buy_link>
<id>2</id>
<name>Half.com</name>
<link>https://www.goodreads.com/book_link/follow/2</link>
</buy_link>
<buy_link>
<id>5</id>
<name>Alibris</name>
<link>https://www.goodreads.com/book_link/follow/5</link>
</buy_link>
<buy_link>
<id>107</id>
<name>Better World Books</name>
<link>https://www.goodreads.com/book_link/follow/107</link>
</buy_link>
<buy_link>
<id>7</id>
<name>IndieBound</name>
<link>https://www.goodreads.com/book_link/follow/7</link>
</buy_link>

  </buy_links>
  <series_works>
    
  </series_works>
  <similar_books>
          <book>
<id>8853299</id>
<title>Rule 34 (Halting State, #2)</title>
<title_without_series>Rule 34</title_without_series>
<link><![CDATA[https://www.goodreads.com/book/show/8853299-rule-34]]></link>
<small_image_url><![CDATA[https://images.gr-assets.com/books/1306168574s/8853299.jpg]]></small_image_url>
<image_url><![CDATA[https://images.gr-assets.com/books/1306168574m/8853299.jpg]]></image_url>
<num_pages>358</num_pages>
<work>
<id>13728393</id>
</work>
<isbn>1841497738</isbn>
<isbn13>9781841497730</isbn13>
<average_rating>3.74</average_rating>
<ratings_count>6835</ratings_count>
<publication_year>2011</publication_year>
<publication_month></publication_month>
<publication_day></publication_day>
<authors>
<author>
<id>8794</id>
<name>Charles Stross</name>
<link><![CDATA[https://www.goodreads.com/author/show/8794.Charles_Stross]]></link>
</author>
</authors>
</book>

          <book>
<id>7745031</id>
<title>Zero History (Blue Ant, #3)</title>
<title_without_series>Zero History</title_without_series>
<link><![CDATA[https://www.goodreads.com/book/show/7745031-zero-history]]></link>
<small_image_url><![CDATA[https://images.gr-assets.com/books/1282769471s/7745031.jpg]]></small_image_url>
<image_url><![CDATA[https://images.gr-assets.com/books/1282769471m/7745031.jpg]]></image_url>
<num_pages>404</num_pages>
<work>
<id>10567916</id>
</work>
<isbn>0399156828</isbn>
<isbn13>9780399156823</isbn13>
<average_rating>3.93</average_rating>
<ratings_count>11731</ratings_count>
<publication_year></publication_year>
<publication_month></publication_month>
<publication_day></publication_day>
<authors>
<author>
<id>9226</id>
<name>William Gibson</name>
<link><![CDATA[https://www.goodreads.com/author/show/9226.William_Gibson]]></link>
</author>
</authors>
</book>

          <book>
<id>8488830</id>
<title>Freedom™ (Daemon #2)</title>
<title_without_series>Freedom™</title_without_series>
<link><![CDATA[https://www.goodreads.com/book/show/8488830-freedom]]></link>
<small_image_url><![CDATA[https://images.gr-assets.com/books/1311704142s/8488830.jpg]]></small_image_url>
<image_url><![CDATA[https://images.gr-assets.com/books/1311704142m/8488830.jpg]]></image_url>
<num_pages>486</num_pages>
<work>
<id>7394861</id>
</work>
<isbn>0451231899</isbn>
<isbn13>9780451231895</isbn13>
<average_rating>4.27</average_rating>
<ratings_count>20111</ratings_count>
<publication_year>2011</publication_year>
<publication_month>1</publication_month>
<publication_day>4</publication_day>
<authors>
<author>
<id>1956402</id>
<name>Daniel Suarez</name>
<link><![CDATA[https://www.goodreads.com/author/show/1956402.Daniel_Suarez]]></link>
</author>
</authors>
</book>

          <book>
<id>7241373</id>
<title>For the Win</title>
<title_without_series>For the Win</title_without_series>
<link><![CDATA[https://www.goodreads.com/book/show/7241373-for-the-win]]></link>
<small_image_url><![CDATA[https://images.gr-assets.com/books/1479692927s/7241373.jpg]]></small_image_url>
<image_url><![CDATA[https://images.gr-assets.com/books/1479692927m/7241373.jpg]]></image_url>
<num_pages>477</num_pages>
<work>
<id>7359191</id>
</work>
<isbn>0765322161</isbn>
<isbn13>9780765322166</isbn13>
<average_rating>3.80</average_rating>
<ratings_count>5522</ratings_count>
<publication_year></publication_year>
<publication_month></publication_month>
<publication_day></publication_day>
<authors>
<author>
<id>12581</id>
<name>Cory Doctorow</name>
<link><![CDATA[https://www.goodreads.com/author/show/12581.Cory_Doctorow]]></link>
</author>
</authors>
</book>

          <book>
<id>9647532</id>
<title>Fuzzy Nation</title>
<title_without_series>Fuzzy Nation</title_without_series>
<link><![CDATA[https://www.goodreads.com/book/show/9647532-fuzzy-nation]]></link>
<small_image_url><![CDATA[https://images.gr-assets.com/books/1316132345s/9647532.jpg]]></small_image_url>
<image_url><![CDATA[https://images.gr-assets.com/books/1316132345m/9647532.jpg]]></image_url>
<num_pages>303</num_pages>
<work>
<id>18280046</id>
</work>
<isbn>0765328542</isbn>
<isbn13>9780765328540</isbn13>
<average_rating>4.09</average_rating>
<ratings_count>19076</ratings_count>
<publication_year></publication_year>
<publication_month></publication_month>
<publication_day></publication_day>
<authors>
<author>
<id>4763</id>
<name>John Scalzi</name>
<link><![CDATA[https://www.goodreads.com/author/show/4763.John_Scalzi]]></link>
</author>
</authors>
</book>

          <book>
<id>6993091</id>
<title>The Dervish House</title>
<title_without_series>The Dervish House</title_without_series>
<link><![CDATA[https://www.goodreads.com/book/show/6993091-the-dervish-house]]></link>
<small_image_url><![CDATA[https://images.gr-assets.com/books/1257600283s/6993091.jpg]]></small_image_url>
<image_url><![CDATA[https://images.gr-assets.com/books/1257600283m/6993091.jpg]]></image_url>
<num_pages>358</num_pages>
<work>
<id>7235789</id>
</work>
<isbn>1616142049</isbn>
<isbn13>9781616142049</isbn13>
<average_rating>3.84</average_rating>
<ratings_count>3869</ratings_count>
<publication_year>2010</publication_year>
<publication_month>7</publication_month>
<publication_day>27</publication_day>
<authors>
<author>
<id>25376</id>
<name>Ian McDonald</name>
<link><![CDATA[https://www.goodreads.com/author/show/25376.Ian_McDonald]]></link>
</author>
</authors>
</book>

          <book>
<id>10387413</id>
<title><![CDATA[The Coldest War (The Milkweed Triptych, #2)]]></title>
<title_without_series>The Coldest War</title_without_series>
<link><![CDATA[https://www.goodreads.com/book/show/10387413-the-coldest-war]]></link>
<small_image_url><![CDATA[https://images.gr-assets.com/books/1314807980s/10387413.jpg]]></small_image_url>
<image_url><![CDATA[https://images.gr-assets.com/books/1314807980m/10387413.jpg]]></image_url>
<num_pages>352</num_pages>
<work>
<id>15291124</id>
</work>
<isbn></isbn>
<isbn13></isbn13>
<average_rating>4.11</average_rating>
<ratings_count>3108</ratings_count>
<publication_year>2012</publication_year>
<publication_month>7</publication_month>
<publication_day>17</publication_day>
<authors>
<author>
<id>2924955</id>
<name>Ian Tregillis</name>
<link><![CDATA[https://www.goodreads.com/author/show/2924955.Ian_Tregillis]]></link>
</author>
</authors>
</book>

          <book>
<id>161296</id>
<title>Schismatrix Plus</title>
<title_without_series>Schismatrix Plus</title_without_series>
<link><![CDATA[https://www.goodreads.com/book/show/161296.Schismatrix_Plus]]></link>
<small_image_url><![CDATA[https://images.gr-assets.com/books/1309282782s/161296.jpg]]></small_image_url>
<image_url><![CDATA[https://images.gr-assets.com/books/1309282782m/161296.jpg]]></image_url>
<num_pages>336</num_pages>
<work>
<id>155668</id>
</work>
<isbn>0441003702</isbn>
<isbn13>9780441003709</isbn13>
<average_rating>3.94</average_rating>
<ratings_count>3698</ratings_count>
<publication_year>1996</publication_year>
<publication_month>12</publication_month>
<publication_day>1</publication_day>
<authors>
<author>
<id>34429</id>
<name>Bruce Sterling</name>
<link><![CDATA[https://www.goodreads.com/author/show/34429.Bruce_Sterling]]></link>
</author>
</authors>
</book>

          <book>
<id>5196932</id>
<title><![CDATA[METAtropolis: The Dawn of Uncivilization]]></title>
<title_without_series><![CDATA[METAtropolis: The Dawn of Uncivilization]]></title_without_series>
<link><![CDATA[https://www.goodreads.com/book/show/5196932-metatropolis]]></link>
<small_image_url><![CDATA[https://s.gr-assets.com/assets/nophoto/book/50x75-a91bf249278a81aabab721ef782c4a74.png]]></small_image_url>
<image_url><![CDATA[https://s.gr-assets.com/assets/nophoto/book/111x148-bcc042a9c91a29c1d680899eff700a03.png]]></image_url>
<num_pages>10</num_pages>
<work>
<id>15558797</id>
</work>
<isbn></isbn>
<isbn13></isbn13>
<average_rating>3.55</average_rating>
<ratings_count>2437</ratings_count>
<publication_year>2009</publication_year>
<publication_month></publication_month>
<publication_day></publication_day>
<authors>
<author>
<id>4763</id>
<name>John Scalzi</name>
<link><![CDATA[https://www.goodreads.com/author/show/4763.John_Scalzi]]></link>
</author>
</authors>
</book>

          <book>
<id>40448</id>
<title>Thirteen</title>
<title_without_series>Thirteen</title_without_series>
<link><![CDATA[https://www.goodreads.com/book/show/40448.Thirteen]]></link>
<small_image_url><![CDATA[https://s.gr-assets.com/assets/nophoto/book/50x75-a91bf249278a81aabab721ef782c4a74.png]]></small_image_url>
<image_url><![CDATA[https://s.gr-assets.com/assets/nophoto/book/111x148-bcc042a9c91a29c1d680899eff700a03.png]]></image_url>
<num_pages>544</num_pages>
<work>
<id>1383372</id>
</work>
<isbn>0345485254</isbn>
<isbn13>9780345485250</isbn13>
<average_rating>3.87</average_rating>
<ratings_count>8284</ratings_count>
<publication_year></publication_year>
<publication_month></publication_month>
<publication_day></publication_day>
<authors>
<author>
<id>16496</id>
<name>Richard K. Morgan</name>
<link><![CDATA[https://www.goodreads.com/author/show/16496.Richard_K_Morgan]]></link>
</author>
</authors>
</book>

          <book>
<id>10320488</id>
<title>Theories of Flight</title>
<title_without_series>Theories of Flight</title_without_series>
<link><![CDATA[https://www.goodreads.com/book/show/10320488-theories-of-flight]]></link>
<small_image_url><![CDATA[https://images.gr-assets.com/books/1339983816s/10320488.jpg]]></small_image_url>
<image_url><![CDATA[https://images.gr-assets.com/books/1339983816m/10320488.jpg]]></image_url>
<num_pages>368</num_pages>
<work>
<id>15222862</id>
</work>
<isbn>0316125156</isbn>
<isbn13>9780316125154</isbn13>
<average_rating>4.07</average_rating>
<ratings_count>1136</ratings_count>
<publication_year>2011</publication_year>
<publication_month>5</publication_month>
<publication_day>1</publication_day>
<authors>
<author>
<id>1067243</id>
<name>Simon Morden</name>
<link><![CDATA[https://www.goodreads.com/author/show/1067243.Simon_Morden]]></link>
</author>
</authors>
</book>

          <book>
<id>11501744</id>
<title>The Fourth Wall (Dagmar, #3)</title>
<title_without_series>The Fourth Wall</title_without_series>
<link><![CDATA[https://www.goodreads.com/book/show/11501744-the-fourth-wall]]></link>
<small_image_url><![CDATA[https://s.gr-assets.com/assets/nophoto/book/50x75-a91bf249278a81aabab721ef782c4a74.png]]></small_image_url>
<image_url><![CDATA[https://s.gr-assets.com/assets/nophoto/book/111x148-bcc042a9c91a29c1d680899eff700a03.png]]></image_url>
<num_pages>416</num_pages>
<work>
<id>16437331</id>
</work>
<isbn></isbn>
<isbn13></isbn13>
<average_rating>3.69</average_rating>
<ratings_count>394</ratings_count>
<publication_year></publication_year>
<publication_month></publication_month>
<publication_day></publication_day>
<authors>
<author>
<id>48960</id>
<name>Walter Jon Williams</name>
<link><![CDATA[https://www.goodreads.com/author/show/48960.Walter_Jon_Williams]]></link>
</author>
</authors>
</book>

          <book>
<id>89195</id>
<title><![CDATA[The Prefect (Prefect Dreyfus Emergency, #1)]]></title>
<title_without_series>The Prefect</title_without_series>
<link><![CDATA[https://www.goodreads.com/book/show/89195.The_Prefect]]></link>
<small_image_url><![CDATA[https://images.gr-assets.com/books/1327988786s/89195.jpg]]></small_image_url>
<image_url><![CDATA[https://images.gr-assets.com/books/1327988786m/89195.jpg]]></image_url>
<num_pages>410</num_pages>
<work>
<id>3102565</id>
</work>
<isbn>0575077166</isbn>
<isbn13>9780575077164</isbn13>
<average_rating>4.15</average_rating>
<ratings_count>11124</ratings_count>
<publication_year>2007</publication_year>
<publication_month>4</publication_month>
<publication_day>12</publication_day>
<authors>
<author>
<id>51204</id>
<name>Alastair Reynolds</name>
<link><![CDATA[https://www.goodreads.com/author/show/51204.Alastair_Reynolds]]></link>
</author>
</authors>
</book>

          <book>
<id>7937744</id>
<title>Surface Detail (Culture #9)</title>
<title_without_series>Surface Detail</title_without_series>
<link><![CDATA[https://www.goodreads.com/book/show/7937744-surface-detail]]></link>
<small_image_url><![CDATA[https://images.gr-assets.com/books/1287893375s/7937744.jpg]]></small_image_url>
<image_url><![CDATA[https://images.gr-assets.com/books/1287893375m/7937744.jpg]]></image_url>
<num_pages>627</num_pages>
<work>
<id>11345814</id>
</work>
<isbn>0316123404</isbn>
<isbn13>9780316123402</isbn13>
<average_rating>4.22</average_rating>
<ratings_count>17871</ratings_count>
<publication_year>2010</publication_year>
<publication_month>10</publication_month>
<publication_day>28</publication_day>
<authors>
<author>
<id>5807106</id>
<name>Iain M. Banks</name>
<link><![CDATA[https://www.goodreads.com/author/show/5807106.Iain_M_Banks]]></link>
</author>
</authors>
</book>

  </similar_books>
</book>

</GoodreadsResponse>