<?xml version="1.0" encoding="UTF-8"?>
<GoodreadsResponse>
  <Request>
    <authentication>true</authentication>
      <key><![CDATA[all_men_must_serve]]></key>
    <method><![CDATA[book_show]]></method>
  </Request>
  <book>
  <id>10567</id>
  <title>Cell</title>
  <isbn><![CDATA[1416524517]]></isbn>
  <isbn13><![CDATA[9781416524519]]></isbn13>
  <asin><![CDATA[]]></asin>
  <kindle_asin><![CDATA[]]></kindle_asin>
  <marketplace_id><![CDATA[]]></marketplace_id>
  <country_code><![CDATA[GB]]></country_code>
  <image_url>https://s.gr-assets.com/assets/nophoto/book/111x148-bcc042a9c91a29c1d680899eff700a03.png</image_url>
  <small_image_url>https://s.gr-assets.com/assets/nophoto/book/50x75-a91bf249278a81aabab721ef782c4a74.png</small_image_url>
  <publication_year></publication_year>
  <publication_month></publication_month>
  <publication_day></publication_day>
  <publisher>Pocket Star</publisher>
  <language_code>en-US</language_code>
  <is_ebook>false</is_ebook>
  <description><![CDATA[Witness Stephen King's triumphant, blood-spattered return to the genre that made him famous. <i>Cell</i>, the king of horror's homage to zombie films (the book is dedicated in part to George A. Romero) is his goriest, most horrific novel in years, not to mention the most intensely paced. Casting aside his love of elaborate character and town histories and penchant for delayed gratification, King yanks readers off their feet within the first few pages; dragging them into the fray and offering no chance catch their breath until the very last page. <p> In <i>Cell</i> King taps into readers fears of technological warfare and terrorism. Mobile phones deliver the apocalypse to millions of unsuspecting humans by wiping their brains of any humanity, leaving only aggressive and destructive impulses behind. Those without cell phones, like illustrator Clayton Riddell and his small band of "normies," must fight for survival, and their journey to find Clayton's estranged wife and young son rockets the book toward resolution. </p><p> Fans that have followed King from the beginning will recognize and appreciate <i>Cell</i> as a departure--King's writing has not been so pure of heart and free of hang-ups in years (wrapping up his phenomenal Dark Tower series and receiving a medal from the National Book Foundation doesn't hurt either). "Retirement" clearly suits King, and lucky for us, having nothing left to prove frees him up to write frenzied, juiced-up horror-thrillers like <i>Cell</i>.</p>]]></description>
  <work>
  <id type="integer">3017730</id>
  <books_count type="integer">123</books_count>
  <best_book_id type="integer">10567</best_book_id>
  <reviews_count type="integer">227104</reviews_count>
  <ratings_sum type="integer">558186</ratings_sum>
  <ratings_count type="integer">153272</ratings_count>
  <text_reviews_count type="integer">4846</text_reviews_count>
  <original_publication_year type="integer">2006</original_publication_year>
  <original_publication_month type="integer">1</original_publication_month>
  <original_publication_day type="integer">24</original_publication_day>
  <original_title>Cell</original_title>
  <original_language_id type="integer" nil="true"/>
  <media_type>book</media_type>
  <rating_dist>5:39179|4:47478|3:44721|2:16322|1:5572|total:153272</rating_dist>
  <desc_user_id type="integer">4391094</desc_user_id>
  <default_chaptering_book_id type="integer" nil="true"/>
  <default_description_language_code nil="true"/>
</work>
  <average_rating>3.64</average_rating>
  <num_pages><![CDATA[449]]></num_pages>
  <format><![CDATA[Mass Market Paperback]]></format>
  <edition_information><![CDATA[]]></edition_information>
  <ratings_count><![CDATA[144698]]></ratings_count>
  <text_reviews_count><![CDATA[3797]]></text_reviews_count>
  <url><![CDATA[https://www.goodreads.com/book/show/10567.Cell]]></url>
  <link><![CDATA[https://www.goodreads.com/book/show/10567.Cell]]></link>
  <authors>
<author>
<id>3389</id>
<name>Stephen King</name>
<role></role>
<image_url nophoto='false'>
<![CDATA[https://images.gr-assets.com/authors/1362814142p5/3389.jpg]]>
</image_url>
<small_image_url nophoto='false'>
<![CDATA[https://images.gr-assets.com/authors/1362814142p2/3389.jpg]]>
</small_image_url>
<link><![CDATA[https://www.goodreads.com/author/show/3389.Stephen_King]]></link>
<average_rating>4.01</average_rating>
<ratings_count>10357276</ratings_count>
<text_reviews_count>349176</text_reviews_count>
</author>
</authors>

    <reviews_widget>
      <![CDATA[
        <style>
  #goodreads-widget {
    font-family: georgia, serif;
    padding: 18px 0;
    width:565px;
  }
  #goodreads-widget h1 {
    font-weight:normal;
    font-size: 16px;
    border-bottom: 1px solid #BBB596;
    margin-bottom: 0;
  }
  #goodreads-widget a {
    text-decoration: none;
    color:#660;
  }
  iframe{
    background-color: #fff;
  }
  #goodreads-widget a:hover { text-decoration: underline; }
  #goodreads-widget a:active {
    color:#660;
  }
  #gr_footer {
    width: 100%;
    border-top: 1px solid #BBB596;
    text-align: right;
  }
  #goodreads-widget .gr_branding{
    color: #382110;
    font-size: 11px;
    text-decoration: none;
    font-family: "Helvetica Neue", Helvetica, Arial, sans-serif;
  }
</style>
<div id="goodreads-widget">
  <div id="gr_header"><h1><a rel="nofollow" href="https://www.goodreads.com/book/show/10567.Cell">Cell Reviews</a></h1></div>
  <iframe id="the_iframe" src="https://www.goodreads.com/api/reviews_widget_iframe?did=DEVELOPER_ID&amp;format=html&amp;isbn=1416524517&amp;links=660&amp;min_rating=&amp;review_back=fff&amp;stars=000&amp;text=000" width="565" height="400" frameborder="0"></iframe>
  <div id="gr_footer">
    <a class="gr_branding" target="_blank" rel="nofollow" href="https://www.goodreads.com/book/show/10567.Cell?utm_medium=api&amp;utm_source=reviews_widget">Reviews from Goodreads.com</a>
  </div>
</div>

      ]]>
    </reviews_widget>
  <popular_shelves>
      <shelf name="to-read" count="57483"/>
      <shelf name="horror" count="3100"/>
      <shelf name="stephen-king" count="1920"/>
      <shelf name="currently-reading" count="1586"/>
      <shelf name="fiction" count="964"/>
      <shelf name="zombies" count="483"/>
      <shelf name="owned" count="467"/>
      <shelf name="favorites" count="443"/>
      <shelf name="books-i-own" count="386"/>
      <shelf name="king" count="303"/>
      <shelf name="thriller" count="300"/>
      <shelf name="science-fiction" count="271"/>
      <shelf name="default" count="227"/>
      <shelf name="sci-fi" count="213"/>
      <shelf name="post-apocalyptic" count="189"/>
      <shelf name="owned-books" count="139"/>
      <shelf name="fantasy" count="116"/>
      <shelf name="zombie" count="113"/>
      <shelf name="apocalyptic" count="108"/>
      <shelf name="library" count="95"/>
      <shelf name="suspense" count="89"/>
      <shelf name="my-books" count="84"/>
      <shelf name="dystopian" count="84"/>
      <shelf name="apocalypse" count="77"/>
      <shelf name="audiobook" count="76"/>
      <shelf name="audiobooks" count="73"/>
      <shelf name="novels" count="69"/>
      <shelf name="my-library" count="68"/>
      <shelf name="dystopia" count="67"/>
      <shelf name="i-own" count="65"/>
      <shelf name="adult" count="63"/>
      <shelf name="2006" count="63"/>
      <shelf name="horror-thriller" count="62"/>
      <shelf name="king-stephen" count="58"/>
      <shelf name="supernatural" count="52"/>
      <shelf name="ebook" count="45"/>
      <shelf name="books" count="44"/>
      <shelf name="adult-fiction" count="41"/>
      <shelf name="audio-books" count="41"/>
      <shelf name="paranormal" count="40"/>
      <shelf name="wish-list" count="40"/>
      <shelf name="the-king" count="40"/>
      <shelf name="kindle" count="39"/>
      <shelf name="survival" count="39"/>
      <shelf name="mystery" count="39"/>
      <shelf name="own-it" count="37"/>
      <shelf name="ebooks" count="36"/>
      <shelf name="abandoned" count="34"/>
      <shelf name="stephen" count="34"/>
      <shelf name="audio" count="33"/>
      <shelf name="to-buy" count="33"/>
      <shelf name="horror-suspense" count="33"/>
      <shelf name="terror" count="32"/>
      <shelf name="scary" count="32"/>
      <shelf name="audio-book" count="30"/>
      <shelf name="general" count="29"/>
      <shelf name="scifi" count="29"/>
      <shelf name="have" count="29"/>
      <shelf name="stephenking" count="29"/>
      <shelf name="novel" count="28"/>
      <shelf name="favourites" count="27"/>
      <shelf name="thriller-horror" count="27"/>
      <shelf name="home-library" count="26"/>
      <shelf name="stories" count="25"/>
      <shelf name="ghost" count="25"/>
      <shelf name="hardcover" count="25"/>
      <shelf name="sci-fi-fantasy" count="25"/>
      <shelf name="telephones" count="24"/>
      <shelf name="cellular" count="24"/>
      <shelf name="american" count="24"/>
      <shelf name="borrowed" count="24"/>
      <shelf name="bookshelf" count="23"/>
      <shelf name="calibre" count="23"/>
      <shelf name="contemporary" count="23"/>
      <shelf name="english" count="23"/>
      <shelf name="post-apocalypse" count="23"/>
      <shelf name="mystery-thriller" count="23"/>
      <shelf name="fiction-horror" count="23"/>
      <shelf name="read-in-2014" count="21"/>
      <shelf name="dnf" count="21"/>
      <shelf name="personal-library" count="21"/>
      <shelf name="thrillers" count="21"/>
      <shelf name="s-king" count="20"/>
      <shelf name="diseases" count="19"/>
      <shelf name="stephen-king-read" count="19"/>
      <shelf name="sk" count="19"/>
      <shelf name="audible" count="19"/>
      <shelf name="read-in-2015" count="18"/>
      <shelf name="tbr" count="18"/>
      <shelf name="virus" count="18"/>
      <shelf name="my-collection" count="18"/>
      <shelf name="paperback" count="18"/>
      <shelf name="own-to-read" count="18"/>
      <shelf name="steven_king" count="18"/>
      <shelf name="horror-supernatural" count="18"/>
      <shelf name="re-read" count="17"/>
      <shelf name="finished" count="17"/>
      <shelf name="adventure" count="17"/>
      <shelf name="favorite-books" count="17"/>
      <shelf name="unread" count="16"/>
  </popular_shelves>
  <book_links>
    <book_link>
  <id>8</id>
  <name>Libraries</name>
  <link>https://www.goodreads.com/book_link/follow/8</link>
</book_link>

  </book_links>
  <buy_links>
    <buy_link>
<id>1</id>
<name>Amazon</name>
<link>https://www.goodreads.com/book_link/follow/1</link>
</buy_link>
<buy_link>
<id>10</id>
<name>Audible</name>
<link>https://www.goodreads.com/book_link/follow/10</link>
</buy_link>
<buy_link>
<id>3</id>
<name>Barnes &amp; Noble</name>
<link>https://www.goodreads.com/book_link/follow/3</link>
</buy_link>
<buy_link>
<id>1027</id>
<name>Kobo</name>
<link>https://www.goodreads.com/book_link/follow/1027</link>
</buy_link>
<buy_link>
<id>2102</id>
<name>Apple iBooks</name>
<link>https://www.goodreads.com/book_link/follow/2102</link>
</buy_link>
<buy_link>
<id>8036</id>
<name>Google Play</name>
<link>https://www.goodreads.com/book_link/follow/8036</link>
</buy_link>
<buy_link>
<id>4</id>
<name>Abebooks</name>
<link>https://www.goodreads.com/book_link/follow/4</link>
</buy_link>
<buy_link>
<id>882</id>
<name>Book Depository</name>
<link>https://www.goodreads.com/book_link/follow/882</link>
</buy_link>
<buy_link>
<id>9</id>
<name>Indigo</name>
<link>https://www.goodreads.com/book_link/follow/9</link>
</buy_link>
<buy_link>
<id>2</id>
<name>Half.com</name>
<link>https://www.goodreads.com/book_link/follow/2</link>
</buy_link>
<buy_link>
<id>5</id>
<name>Alibris</name>
<link>https://www.goodreads.com/book_link/follow/5</link>
</buy_link>
<buy_link>
<id>107</id>
<name>Better World Books</name>
<link>https://www.goodreads.com/book_link/follow/107</link>
</buy_link>
<buy_link>
<id>7</id>
<name>IndieBound</name>
<link>https://www.goodreads.com/book_link/follow/7</link>
</buy_link>

  </buy_links>
  <series_works>
    
  </series_works>
  <similar_books>
          <book>
<id>349473</id>
<title>Blaze</title>
<title_without_series>Blaze</title_without_series>
<link><![CDATA[https://www.goodreads.com/book/show/349473.Blaze]]></link>
<small_image_url><![CDATA[https://s.gr-assets.com/assets/nophoto/book/50x75-a91bf249278a81aabab721ef782c4a74.png]]></small_image_url>
<image_url><![CDATA[https://s.gr-assets.com/assets/nophoto/book/111x148-bcc042a9c91a29c1d680899eff700a03.png]]></image_url>
<num_pages>285</num_pages>
<work>
<id>1322982</id>
</work>
<isbn>141655484X</isbn>
<isbn13>9781416554844</isbn13>
<average_rating>3.66</average_rating>
<ratings_count>30161</ratings_count>
<publication_year></publication_year>
<publication_month></publication_month>
<publication_day></publication_day>
<authors>
<author>
<id>5858</id>
<name>Richard Bachman</name>
<link><![CDATA[https://www.goodreads.com/author/show/5858.Richard_Bachman]]></link>
</author>
</authors>
</book>

          <book>
<id>263549</id>
<title><![CDATA[Monster Planet (Monster Island, #3)]]></title>
<title_without_series>Monster Planet</title_without_series>
<link><![CDATA[https://www.goodreads.com/book/show/263549.Monster_Planet]]></link>
<small_image_url><![CDATA[https://s.gr-assets.com/assets/nophoto/book/50x75-a91bf249278a81aabab721ef782c4a74.png]]></small_image_url>
<image_url><![CDATA[https://s.gr-assets.com/assets/nophoto/book/111x148-bcc042a9c91a29c1d680899eff700a03.png]]></image_url>
<num_pages>302</num_pages>
<work>
<id>2175276</id>
</work>
<isbn>1560258675</isbn>
<isbn13>9781560258674</isbn13>
<average_rating>3.69</average_rating>
<ratings_count>2870</ratings_count>
<publication_year>2007</publication_year>
<publication_month>6</publication_month>
<publication_day>22</publication_day>
<authors>
<author>
<id>24827</id>
<name>David Wellington</name>
<link><![CDATA[https://www.goodreads.com/author/show/24827.David_Wellington]]></link>
</author>
</authors>
</book>

          <book>
<id>216213</id>
<title>The Rising (The Rising #1)</title>
<title_without_series>The Rising</title_without_series>
<link><![CDATA[https://www.goodreads.com/book/show/216213.The_Rising]]></link>
<small_image_url><![CDATA[https://s.gr-assets.com/assets/nophoto/book/50x75-a91bf249278a81aabab721ef782c4a74.png]]></small_image_url>
<image_url><![CDATA[https://s.gr-assets.com/assets/nophoto/book/111x148-bcc042a9c91a29c1d680899eff700a03.png]]></image_url>
<num_pages>321</num_pages>
<work>
<id>209323</id>
</work>
<isbn>0843952016</isbn>
<isbn13>9780843952018</isbn13>
<average_rating>3.77</average_rating>
<ratings_count>7754</ratings_count>
<publication_year></publication_year>
<publication_month></publication_month>
<publication_day></publication_day>
<authors>
<author>
<id>52050</id>
<name>Brian Keene</name>
<link><![CDATA[https://www.goodreads.com/author/show/52050.Brian_Keene]]></link>
</author>
</authors>
</book>

          <book>
<id>8305839</id>
<title><![CDATA[The Living Dead 2 (The Living Dead, #2)]]></title>
<title_without_series>The Living Dead 2</title_without_series>
<link><![CDATA[https://www.goodreads.com/book/show/8305839-the-living-dead-2]]></link>
<small_image_url><![CDATA[https://images.gr-assets.com/books/1391343110s/8305839.jpg]]></small_image_url>
<image_url><![CDATA[https://images.gr-assets.com/books/1391343110m/8305839.jpg]]></image_url>
<num_pages>496</num_pages>
<work>
<id>13154862</id>
</work>
<isbn>1597801909</isbn>
<isbn13>9781597801904</isbn13>
<average_rating>3.96</average_rating>
<ratings_count>2095</ratings_count>
<publication_year>2010</publication_year>
<publication_month>9</publication_month>
<publication_day>1</publication_day>
<authors>
<author>
<id>1161372</id>
<name>John Joseph Adams</name>
<link><![CDATA[https://www.goodreads.com/author/show/1161372.John_Joseph_Adams]]></link>
</author>
</authors>
</book>

          <book>
<id>407281</id>
<title><![CDATA[Dying to Live (Dying to Live, #1)]]></title>
<title_without_series>Dying to Live</title_without_series>
<link><![CDATA[https://www.goodreads.com/book/show/407281.Dying_to_Live]]></link>
<small_image_url><![CDATA[https://s.gr-assets.com/assets/nophoto/book/50x75-a91bf249278a81aabab721ef782c4a74.png]]></small_image_url>
<image_url><![CDATA[https://s.gr-assets.com/assets/nophoto/book/111x148-bcc042a9c91a29c1d680899eff700a03.png]]></image_url>
<num_pages></num_pages>
<work>
<id>396605</id>
</work>
<isbn>097897073X</isbn>
<isbn13>9780978970734</isbn13>
<average_rating>3.70</average_rating>
<ratings_count>2965</ratings_count>
<publication_year></publication_year>
<publication_month></publication_month>
<publication_day></publication_day>
<authors>
<author>
<id>63950</id>
<name>Kim Paffenroth</name>
<link><![CDATA[https://www.goodreads.com/author/show/63950.Kim_Paffenroth]]></link>
</author>
</authors>
</book>

          <book>
<id>906024</id>
<title>Blood Crazy</title>
<title_without_series>Blood Crazy</title_without_series>
<link><![CDATA[https://www.goodreads.com/book/show/906024.Blood_Crazy]]></link>
<small_image_url><![CDATA[https://images.gr-assets.com/books/1271602299s/906024.jpg]]></small_image_url>
<image_url><![CDATA[https://images.gr-assets.com/books/1271602299m/906024.jpg]]></image_url>
<num_pages>397</num_pages>
<work>
<id>891170</id>
</work>
<isbn>0843948256</isbn>
<isbn13>9780843948257</isbn13>
<average_rating>4.01</average_rating>
<ratings_count>1865</ratings_count>
<publication_year>2001</publication_year>
<publication_month>1</publication_month>
<publication_day>1</publication_day>
<authors>
<author>
<id>36501</id>
<name>Simon Clark</name>
<link><![CDATA[https://www.goodreads.com/author/show/36501.Simon_Clark]]></link>
</author>
</authors>
</book>

          <book>
<id>16434</id>
<title>The Taking</title>
<title_without_series>The Taking</title_without_series>
<link><![CDATA[https://www.goodreads.com/book/show/16434.The_Taking]]></link>
<small_image_url><![CDATA[https://s.gr-assets.com/assets/nophoto/book/50x75-a91bf249278a81aabab721ef782c4a74.png]]></small_image_url>
<image_url><![CDATA[https://s.gr-assets.com/assets/nophoto/book/111x148-bcc042a9c91a29c1d680899eff700a03.png]]></image_url>
<num_pages>410</num_pages>
<work>
<id>944262</id>
</work>
<isbn>0553584502</isbn>
<isbn13>9780553584509</isbn13>
<average_rating>3.78</average_rating>
<ratings_count>31311</ratings_count>
<publication_year></publication_year>
<publication_month></publication_month>
<publication_day></publication_day>
<authors>
<author>
<id>9355</id>
<name>Dean Koontz</name>
<link><![CDATA[https://www.goodreads.com/author/show/9355.Dean_Koontz]]></link>
</author>
</authors>
</book>

          <book>
<id>65505</id>
<title>The Hellfire Club</title>
<title_without_series>The Hellfire Club</title_without_series>
<link><![CDATA[https://www.goodreads.com/book/show/65505.The_Hellfire_Club]]></link>
<small_image_url><![CDATA[https://s.gr-assets.com/assets/nophoto/book/50x75-a91bf249278a81aabab721ef782c4a74.png]]></small_image_url>
<image_url><![CDATA[https://s.gr-assets.com/assets/nophoto/book/111x148-bcc042a9c91a29c1d680899eff700a03.png]]></image_url>
<num_pages>544</num_pages>
<work>
<id>2712501</id>
</work>
<isbn>0345477278</isbn>
<isbn13>9780345477279</isbn13>
<average_rating>3.75</average_rating>
<ratings_count>5738</ratings_count>
<publication_year>2004</publication_year>
<publication_month>9</publication_month>
<publication_day>28</publication_day>
<authors>
<author>
<id>6941</id>
<name>Peter Straub</name>
<link><![CDATA[https://www.goodreads.com/author/show/6941.Peter_Straub]]></link>
</author>
</authors>
</book>

          <book>
<id>6739080</id>
<title>Hater (Hater, #1)</title>
<title_without_series>Hater</title_without_series>
<link><![CDATA[https://www.goodreads.com/book/show/6739080-hater]]></link>
<small_image_url><![CDATA[https://s.gr-assets.com/assets/nophoto/book/50x75-a91bf249278a81aabab721ef782c4a74.png]]></small_image_url>
<image_url><![CDATA[https://s.gr-assets.com/assets/nophoto/book/111x148-bcc042a9c91a29c1d680899eff700a03.png]]></image_url>
<num_pages>281</num_pages>
<work>
<id>255392</id>
</work>
<isbn>031260808X</isbn>
<isbn13>9780312608088</isbn13>
<average_rating>3.65</average_rating>
<ratings_count>8240</ratings_count>
<publication_year></publication_year>
<publication_month></publication_month>
<publication_day></publication_day>
<authors>
<author>
<id>117582</id>
<name>David Moody</name>
<link><![CDATA[https://www.goodreads.com/author/show/117582.David_Moody]]></link>
</author>
</authors>
</book>

          <book>
<id>10612</id>
<title>The Stephen King Universe</title>
<title_without_series>The Stephen King Universe</title_without_series>
<link><![CDATA[https://www.goodreads.com/book/show/10612.The_Stephen_King_Universe]]></link>
<small_image_url><![CDATA[https://s.gr-assets.com/assets/nophoto/book/50x75-a91bf249278a81aabab721ef782c4a74.png]]></small_image_url>
<image_url><![CDATA[https://s.gr-assets.com/assets/nophoto/book/111x148-bcc042a9c91a29c1d680899eff700a03.png]]></image_url>
<num_pages>478</num_pages>
<work>
<id>13262</id>
</work>
<isbn>1580631606</isbn>
<isbn13>9781580631600</isbn13>
<average_rating>4.11</average_rating>
<ratings_count>5497</ratings_count>
<publication_year></publication_year>
<publication_month></publication_month>
<publication_day></publication_day>
<authors>
<author>
<id>6935</id>
<name>Stanley Wiater</name>
<link><![CDATA[https://www.goodreads.com/author/show/6935.Stanley_Wiater]]></link>
</author>
</authors>
</book>

          <book>
<id>6350211</id>
<title><![CDATA[Fighting to Survive  (As The World Dies, #2)]]></title>
<title_without_series>Fighting to Survive</title_without_series>
<link><![CDATA[https://www.goodreads.com/book/show/6350211-fighting-to-survive]]></link>
<small_image_url><![CDATA[https://images.gr-assets.com/books/1327164202s/6350211.jpg]]></small_image_url>
<image_url><![CDATA[https://images.gr-assets.com/books/1327164202m/6350211.jpg]]></image_url>
<num_pages>307</num_pages>
<work>
<id>6536772</id>
</work>
<isbn>1440424764</isbn>
<isbn13>9781440424762</isbn13>
<average_rating>4.11</average_rating>
<ratings_count>4887</ratings_count>
<publication_year>2009</publication_year>
<publication_month>3</publication_month>
<publication_day>9</publication_day>
<authors>
<author>
<id>2310121</id>
<name>Rhiannon Frater</name>
<link><![CDATA[https://www.goodreads.com/author/show/2310121.Rhiannon_Frater]]></link>
</author>
</authors>
</book>

          <book>
<id>363551</id>
<title>The Mammoth Book of Zombies </title>
<title_without_series>The Mammoth Book of Zombies</title_without_series>
<link><![CDATA[https://www.goodreads.com/book/show/363551.The_Mammoth_Book_of_Zombies]]></link>
<small_image_url><![CDATA[https://images.gr-assets.com/books/1330759900s/363551.jpg]]></small_image_url>
<image_url><![CDATA[https://images.gr-assets.com/books/1330759900m/363551.jpg]]></image_url>
<num_pages>512</num_pages>
<work>
<id>353626</id>
</work>
<isbn>0786700238</isbn>
<isbn13>9780786700233</isbn13>
<average_rating>3.77</average_rating>
<ratings_count>561</ratings_count>
<publication_year>1993</publication_year>
<publication_month>10</publication_month>
<publication_day>4</publication_day>
<authors>
<author>
<id>6943</id>
<name>Stephen Jones</name>
<link><![CDATA[https://www.goodreads.com/author/show/6943.Stephen_Jones]]></link>
</author>
</authors>
</book>

          <book>
<id>8488204</id>
<title>Zombies: The Recent Dead</title>
<title_without_series>Zombies: The Recent Dead</title_without_series>
<link><![CDATA[https://www.goodreads.com/book/show/8488204-zombies]]></link>
<small_image_url><![CDATA[https://s.gr-assets.com/assets/nophoto/book/50x75-a91bf249278a81aabab721ef782c4a74.png]]></small_image_url>
<image_url><![CDATA[https://s.gr-assets.com/assets/nophoto/book/111x148-bcc042a9c91a29c1d680899eff700a03.png]]></image_url>
<num_pages>473</num_pages>
<work>
<id>13353568</id>
</work>
<isbn>1607012340</isbn>
<isbn13>9781607012344</isbn13>
<average_rating>3.70</average_rating>
<ratings_count>675</ratings_count>
<publication_year></publication_year>
<publication_month></publication_month>
<publication_day></publication_day>
<authors>
<author>
<id>131337</id>
<name>Paula Guran</name>
<link><![CDATA[https://www.goodreads.com/author/show/131337.Paula_Guran]]></link>
</author>
</authors>
</book>

          <book>
<id>32640</id>
<title><![CDATA[The Inhuman Condition (Books of Blood, #4)]]></title>
<title_without_series>The Inhuman Condition</title_without_series>
<link><![CDATA[https://www.goodreads.com/book/show/32640.The_Inhuman_Condition]]></link>
<small_image_url><![CDATA[https://s.gr-assets.com/assets/nophoto/book/50x75-a91bf249278a81aabab721ef782c4a74.png]]></small_image_url>
<image_url><![CDATA[https://s.gr-assets.com/assets/nophoto/book/111x148-bcc042a9c91a29c1d680899eff700a03.png]]></image_url>
<num_pages>180</num_pages>
<work>
<id>32799</id>
</work>
<isbn>0743417348</isbn>
<isbn13>9780743417341</isbn13>
<average_rating>3.97</average_rating>
<ratings_count>6173</ratings_count>
<publication_year></publication_year>
<publication_month></publication_month>
<publication_day></publication_day>
<authors>
<author>
<id>10366</id>
<name>Clive Barker</name>
<link><![CDATA[https://www.goodreads.com/author/show/10366.Clive_Barker]]></link>
</author>
</authors>
</book>

  </similar_books>
</book>

</GoodreadsResponse>