<?xml version="1.0" encoding="UTF-8"?>
<GoodreadsResponse>
  <Request>
    <authentication>true</authentication>
      <key><![CDATA[all_men_must_serve]]></key>
    <method><![CDATA[book_show]]></method>
  </Request>
  <book>
  <id>1056627</id>
  <title><![CDATA[Become a Better You: 7 Keys to Improving Your Life Every Day]]></title>
  <isbn><![CDATA[0743296885]]></isbn>
  <isbn13><![CDATA[9780743296885]]></isbn13>
  <asin><![CDATA[]]></asin>
  <kindle_asin><![CDATA[B002RI9O00]]></kindle_asin>
  <marketplace_id><![CDATA[A1F83G8C2ARO7P]]></marketplace_id>
  <country_code><![CDATA[GB]]></country_code>
  <image_url>https://s.gr-assets.com/assets/nophoto/book/111x148-bcc042a9c91a29c1d680899eff700a03.png</image_url>
  <small_image_url>https://s.gr-assets.com/assets/nophoto/book/50x75-a91bf249278a81aabab721ef782c4a74.png</small_image_url>
  <publication_year>2007</publication_year>
  <publication_month>10</publication_month>
  <publication_day>15</publication_day>
  <publisher>Free Press</publisher>
  <language_code></language_code>
  <is_ebook>false</is_ebook>
  <description><![CDATA[Incorporating biblical lessons with personal stories, the bestselling author of Your Best Life Now offers seven action steps to help readers discover the better things they were born for: their individual purpose and destiny.]]></description>
  <work>
  <id type="integer">2555447</id>
  <books_count type="integer">45</books_count>
  <best_book_id type="integer">1056627</best_book_id>
  <reviews_count type="integer">15117</reviews_count>
  <ratings_sum type="integer">36800</ratings_sum>
  <ratings_count type="integer">8859</ratings_count>
  <text_reviews_count type="integer">326</text_reviews_count>
  <original_publication_year type="integer" nil="true"/>
  <original_publication_month type="integer" nil="true"/>
  <original_publication_day type="integer" nil="true"/>
  <original_title></original_title>
  <original_language_id type="integer" nil="true"/>
  <media_type>book</media_type>
  <rating_dist>5:4548|4:2317|3:1221|2:356|1:417|total:8859</rating_dist>
  <desc_user_id type="integer">4391094</desc_user_id>
  <default_chaptering_book_id type="integer" nil="true"/>
  <default_description_language_code nil="true"/>
</work>
  <average_rating>4.15</average_rating>
  <num_pages><![CDATA[400]]></num_pages>
  <format><![CDATA[Hardcover]]></format>
  <edition_information><![CDATA[]]></edition_information>
  <ratings_count><![CDATA[8558]]></ratings_count>
  <text_reviews_count><![CDATA[315]]></text_reviews_count>
  <url><![CDATA[https://www.goodreads.com/book/show/1056627.Become_a_Better_You]]></url>
  <link><![CDATA[https://www.goodreads.com/book/show/1056627.Become_a_Better_You]]></link>
  <authors>
<author>
<id>55044</id>
<name>Joel Osteen</name>
<role></role>
<image_url nophoto='false'>
<![CDATA[https://images.gr-assets.com/authors/1452791213p5/55044.jpg]]>
</image_url>
<small_image_url nophoto='false'>
<![CDATA[https://images.gr-assets.com/authors/1452791213p2/55044.jpg]]>
</small_image_url>
<link><![CDATA[https://www.goodreads.com/author/show/55044.Joel_Osteen]]></link>
<average_rating>4.21</average_rating>
<ratings_count>36695</ratings_count>
<text_reviews_count>2473</text_reviews_count>
</author>
</authors>

    <reviews_widget>
      <![CDATA[
        <style>
  #goodreads-widget {
    font-family: georgia, serif;
    padding: 18px 0;
    width:565px;
  }
  #goodreads-widget h1 {
    font-weight:normal;
    font-size: 16px;
    border-bottom: 1px solid #BBB596;
    margin-bottom: 0;
  }
  #goodreads-widget a {
    text-decoration: none;
    color:#660;
  }
  iframe{
    background-color: #fff;
  }
  #goodreads-widget a:hover { text-decoration: underline; }
  #goodreads-widget a:active {
    color:#660;
  }
  #gr_footer {
    width: 100%;
    border-top: 1px solid #BBB596;
    text-align: right;
  }
  #goodreads-widget .gr_branding{
    color: #382110;
    font-size: 11px;
    text-decoration: none;
    font-family: "Helvetica Neue", Helvetica, Arial, sans-serif;
  }
</style>
<div id="goodreads-widget">
  <div id="gr_header"><h1><a rel="nofollow" href="https://www.goodreads.com/book/show/1056627.Become_a_Better_You">Become a Better You Reviews</a></h1></div>
  <iframe id="the_iframe" src="https://www.goodreads.com/api/reviews_widget_iframe?did=DEVELOPER_ID&amp;format=html&amp;isbn=0743296885&amp;links=660&amp;min_rating=&amp;review_back=fff&amp;stars=000&amp;text=000" width="565" height="400" frameborder="0"></iframe>
  <div id="gr_footer">
    <a class="gr_branding" target="_blank" rel="nofollow" href="https://www.goodreads.com/book/show/1056627.Become_a_Better_You?utm_medium=api&amp;utm_source=reviews_widget">Reviews from Goodreads.com</a>
  </div>
</div>

      ]]>
    </reviews_widget>
  <popular_shelves>
      <shelf name="to-read" count="2453"/>
      <shelf name="currently-reading" count="398"/>
      <shelf name="self-help" count="34"/>
      <shelf name="christian" count="31"/>
      <shelf name="non-fiction" count="26"/>
      <shelf name="inspirational" count="26"/>
      <shelf name="joel-osteen" count="20"/>
      <shelf name="spiritual" count="17"/>
      <shelf name="spirituality" count="15"/>
      <shelf name="religion" count="13"/>
      <shelf name="favorites" count="12"/>
      <shelf name="christianity" count="12"/>
      <shelf name="books-i-own" count="11"/>
      <shelf name="self-improvement" count="11"/>
      <shelf name="default" count="10"/>
      <shelf name="owned" count="10"/>
      <shelf name="religious" count="10"/>
      <shelf name="personal-development" count="9"/>
      <shelf name="nonfiction" count="8"/>
      <shelf name="audio" count="7"/>
      <shelf name="christian-living" count="6"/>
      <shelf name="owned-books" count="5"/>
      <shelf name="own-it" count="5"/>
      <shelf name="my-books" count="4"/>
      <shelf name="joel" count="4"/>
      <shelf name="faith" count="4"/>
      <shelf name="favorite" count="4"/>
      <shelf name="audiobooks" count="4"/>
      <shelf name="christian-non-fiction" count="4"/>
      <shelf name="osteen" count="3"/>
      <shelf name="did-not-finish" count="3"/>
      <shelf name="library" count="3"/>
      <shelf name="audiobook" count="3"/>
      <shelf name="personal-library" count="3"/>
      <shelf name="church" count="3"/>
      <shelf name="didn-t-finish" count="3"/>
      <shelf name="motivational" count="3"/>
      <shelf name="i-own" count="3"/>
      <shelf name="personal-growth" count="3"/>
      <shelf name="christian-books" count="3"/>
      <shelf name="physical-copy" count="2"/>
      <shelf name="have-but-not-read" count="2"/>
      <shelf name="inspirational-books" count="2"/>
      <shelf name="self-development" count="2"/>
      <shelf name="must-read" count="2"/>
      <shelf name="kindle" count="2"/>
      <shelf name="positive-thinking" count="2"/>
      <shelf name="spiritual-growth" count="2"/>
      <shelf name="ebook" count="2"/>
      <shelf name="mine" count="2"/>
      <shelf name="audio-book" count="2"/>
      <shelf name="business" count="2"/>
      <shelf name="audio-books" count="2"/>
      <shelf name="motivational-" count="2"/>
      <shelf name="-read" count="2"/>
      <shelf name="motivation" count="2"/>
      <shelf name="inspiration" count="2"/>
      <shelf name="self-help-inspirational" count="2"/>
      <shelf name="my-bookshelf" count="1"/>
      <shelf name="joel-olsteen" count="1"/>
      <shelf name="read-in-2017" count="1"/>
      <shelf name="0000" count="1"/>
      <shelf name="physical-tbr-shelf" count="1"/>
      <shelf name="unknown" count="1"/>
      <shelf name="motivational-to-read" count="1"/>
      <shelf name="recommended-and-approved" count="1"/>
      <shelf name="non-fic" count="1"/>
      <shelf name="inspirational-story" count="1"/>
      <shelf name="a-must-read" count="1"/>
      <shelf name="911" count="1"/>
      <shelf name="5-stars-as-of-2017" count="1"/>
      <shelf name="own-it-but-yet-to-read-it" count="1"/>
      <shelf name="non-fiction-to-read" count="1"/>
      <shelf name="nonfics" count="1"/>
      <shelf name="owned-audio-to-read" count="1"/>
      <shelf name="1000-book-goal" count="1"/>
      <shelf name="amy" count="1"/>
      <shelf name="books-for-mom" count="1"/>
      <shelf name="uncle-s-books" count="1"/>
      <shelf name="chrisbelle" count="1"/>
      <shelf name="1st-up" count="1"/>
      <shelf name="americas-greatest-sin" count="1"/>
      <shelf name="pre-2016" count="1"/>
      <shelf name="in-my-collection" count="1"/>
      <shelf name="if-only-i-could-remember-good-advic" count="1"/>
      <shelf name="books-of-2017" count="1"/>
      <shelf name="audio-book-read" count="1"/>
      <shelf name="spiritual-religious" count="1"/>
      <shelf name="owen" count="1"/>
      <shelf name="what-to-read-next-3" count="1"/>
      <shelf name="what-to-read-next-backup2" count="1"/>
      <shelf name="keeping-for-personal-library" count="1"/>
      <shelf name="favorites-best-reads" count="1"/>
      <shelf name="books-i-ve-read-and-want-to-read-ag" count="1"/>
      <shelf name="read-in-2015" count="1"/>
      <shelf name="garage" count="1"/>
      <shelf name="biblioteka" count="1"/>
      <shelf name="theology-christianity" count="1"/>
      <shelf name="read-in-2016" count="1"/>
      <shelf name="effective-leadership" count="1"/>
  </popular_shelves>
  <book_links>
    <book_link>
  <id>8</id>
  <name>Libraries</name>
  <link>https://www.goodreads.com/book_link/follow/8</link>
</book_link>

  </book_links>
  <buy_links>
    <buy_link>
<id>1</id>
<name>Amazon</name>
<link>https://www.goodreads.com/book_link/follow/1</link>
</buy_link>
<buy_link>
<id>10</id>
<name>Audible</name>
<link>https://www.goodreads.com/book_link/follow/10</link>
</buy_link>
<buy_link>
<id>3</id>
<name>Barnes &amp; Noble</name>
<link>https://www.goodreads.com/book_link/follow/3</link>
</buy_link>
<buy_link>
<id>1027</id>
<name>Kobo</name>
<link>https://www.goodreads.com/book_link/follow/1027</link>
</buy_link>
<buy_link>
<id>2102</id>
<name>Apple iBooks</name>
<link>https://www.goodreads.com/book_link/follow/2102</link>
</buy_link>
<buy_link>
<id>8036</id>
<name>Google Play</name>
<link>https://www.goodreads.com/book_link/follow/8036</link>
</buy_link>
<buy_link>
<id>4</id>
<name>Abebooks</name>
<link>https://www.goodreads.com/book_link/follow/4</link>
</buy_link>
<buy_link>
<id>882</id>
<name>Book Depository</name>
<link>https://www.goodreads.com/book_link/follow/882</link>
</buy_link>
<buy_link>
<id>9</id>
<name>Indigo</name>
<link>https://www.goodreads.com/book_link/follow/9</link>
</buy_link>
<buy_link>
<id>2</id>
<name>Half.com</name>
<link>https://www.goodreads.com/book_link/follow/2</link>
</buy_link>
<buy_link>
<id>5</id>
<name>Alibris</name>
<link>https://www.goodreads.com/book_link/follow/5</link>
</buy_link>
<buy_link>
<id>107</id>
<name>Better World Books</name>
<link>https://www.goodreads.com/book_link/follow/107</link>
</buy_link>
<buy_link>
<id>7</id>
<name>IndieBound</name>
<link>https://www.goodreads.com/book_link/follow/7</link>
</buy_link>

  </buy_links>
  <series_works>
    
  </series_works>
  <similar_books>
          <book>
<id>4185796</id>
<title><![CDATA[Love Your Life: Living Happy, Healthy, and Whole]]></title>
<title_without_series><![CDATA[Love Your Life: Living Happy, Healthy, and Whole]]></title_without_series>
<link><![CDATA[https://www.goodreads.com/book/show/4185796-love-your-life]]></link>
<small_image_url><![CDATA[https://s.gr-assets.com/assets/nophoto/book/50x75-a91bf249278a81aabab721ef782c4a74.png]]></small_image_url>
<image_url><![CDATA[https://s.gr-assets.com/assets/nophoto/book/111x148-bcc042a9c91a29c1d680899eff700a03.png]]></image_url>
<num_pages>223</num_pages>
<work>
<id>4233127</id>
</work>
<isbn>0743296931</isbn>
<isbn13>9780743296939</isbn13>
<average_rating>4.22</average_rating>
<ratings_count>1752</ratings_count>
<publication_year>2008</publication_year>
<publication_month>10</publication_month>
<publication_day>14</publication_day>
<authors>
<author>
<id>853608</id>
<name>Victoria Osteen</name>
<link><![CDATA[https://www.goodreads.com/author/show/853608.Victoria_Osteen]]></link>
</author>
</authors>
</book>

          <book>
<id>416793</id>
<title><![CDATA[Reposition Yourself: Living Life Without Limits]]></title>
<title_without_series><![CDATA[Reposition Yourself: Living Life Without Limits]]></title_without_series>
<link><![CDATA[https://www.goodreads.com/book/show/416793.Reposition_Yourself]]></link>
<small_image_url><![CDATA[https://s.gr-assets.com/assets/nophoto/book/50x75-a91bf249278a81aabab721ef782c4a74.png]]></small_image_url>
<image_url><![CDATA[https://s.gr-assets.com/assets/nophoto/book/111x148-bcc042a9c91a29c1d680899eff700a03.png]]></image_url>
<num_pages>278</num_pages>
<work>
<id>405957</id>
</work>
<isbn>1416544313</isbn>
<isbn13>9781416544319</isbn13>
<average_rating>4.40</average_rating>
<ratings_count>2830</ratings_count>
<publication_year>2007</publication_year>
<publication_month>5</publication_month>
<publication_day>8</publication_day>
<authors>
<author>
<id>72902</id>
<name>T.D. Jakes</name>
<link><![CDATA[https://www.goodreads.com/author/show/72902.T_D_Jakes]]></link>
</author>
</authors>
</book>

          <book>
<id>13359</id>
<title><![CDATA[The Confident Woman: Start Today Living Boldly and Without Fear]]></title>
<title_without_series><![CDATA[The Confident Woman: Start Today Living Boldly and Without Fear]]></title_without_series>
<link><![CDATA[https://www.goodreads.com/book/show/13359.The_Confident_Woman]]></link>
<small_image_url><![CDATA[https://s.gr-assets.com/assets/nophoto/book/50x75-a91bf249278a81aabab721ef782c4a74.png]]></small_image_url>
<image_url><![CDATA[https://s.gr-assets.com/assets/nophoto/book/111x148-bcc042a9c91a29c1d680899eff700a03.png]]></image_url>
<num_pages></num_pages>
<work>
<id>15522</id>
</work>
<isbn>0446531987</isbn>
<isbn13>9780446531986</isbn13>
<average_rating>4.36</average_rating>
<ratings_count>3587</ratings_count>
<publication_year></publication_year>
<publication_month></publication_month>
<publication_day></publication_day>
<authors>
<author>
<id>8352</id>
<name>Joyce Meyer</name>
<link><![CDATA[https://www.goodreads.com/author/show/8352.Joyce_Meyer]]></link>
</author>
</authors>
</book>

          <book>
<id>25389</id>
<title><![CDATA[God's Power to Change Your Life]]></title>
<title_without_series><![CDATA[God's Power to Change Your Life]]></title_without_series>
<link><![CDATA[https://www.goodreads.com/book/show/25389.God_s_Power_to_Change_Your_Life]]></link>
<small_image_url><![CDATA[https://s.gr-assets.com/assets/nophoto/book/50x75-a91bf249278a81aabab721ef782c4a74.png]]></small_image_url>
<image_url><![CDATA[https://s.gr-assets.com/assets/nophoto/book/111x148-bcc042a9c91a29c1d680899eff700a03.png]]></image_url>
<num_pages>236</num_pages>
<work>
<id>26129</id>
</work>
<isbn>031027303X</isbn>
<isbn13>9780310273035</isbn13>
<average_rating>4.27</average_rating>
<ratings_count>741</ratings_count>
<publication_year>2006</publication_year>
<publication_month>9</publication_month>
<publication_day>19</publication_day>
<authors>
<author>
<id>711</id>
<name>Rick Warren</name>
<link><![CDATA[https://www.goodreads.com/author/show/711.Rick_Warren]]></link>
</author>
</authors>
</book>

          <book>
<id>19843</id>
<title>Relationships 101</title>
<title_without_series>Relationships 101</title_without_series>
<link><![CDATA[https://www.goodreads.com/book/show/19843.Relationships_101]]></link>
<small_image_url><![CDATA[https://s.gr-assets.com/assets/nophoto/book/50x75-a91bf249278a81aabab721ef782c4a74.png]]></small_image_url>
<image_url><![CDATA[https://s.gr-assets.com/assets/nophoto/book/111x148-bcc042a9c91a29c1d680899eff700a03.png]]></image_url>
<num_pages>112</num_pages>
<work>
<id>21042</id>
</work>
<isbn>0785263519</isbn>
<isbn13>9780785263517</isbn13>
<average_rating>4.24</average_rating>
<ratings_count>855</ratings_count>
<publication_year>2004</publication_year>
<publication_month>1</publication_month>
<publication_day>13</publication_day>
<authors>
<author>
<id>68</id>
<name>John C. Maxwell</name>
<link><![CDATA[https://www.goodreads.com/author/show/68.John_C_Maxwell]]></link>
</author>
</authors>
</book>

          <book>
<id>13358</id>
<title><![CDATA[The Everyday Life Bible: The Power of God's Word for Everyday Living]]></title>
<title_without_series><![CDATA[The Everyday Life Bible: The Power of God's Word for Everyday Living]]></title_without_series>
<link><![CDATA[https://www.goodreads.com/book/show/13358.The_Everyday_Life_Bible]]></link>
<small_image_url><![CDATA[https://s.gr-assets.com/assets/nophoto/book/50x75-a91bf249278a81aabab721ef782c4a74.png]]></small_image_url>
<image_url><![CDATA[https://s.gr-assets.com/assets/nophoto/book/111x148-bcc042a9c91a29c1d680899eff700a03.png]]></image_url>
<num_pages>2208</num_pages>
<work>
<id>15521</id>
</work>
<isbn>0446578274</isbn>
<isbn13>9780446578271</isbn13>
<average_rating>4.71</average_rating>
<ratings_count>1588</ratings_count>
<publication_year>2006</publication_year>
<publication_month>10</publication_month>
<publication_day>9</publication_day>
<authors>
<author>
<id>5158478</id>
<name>Anonymous</name>
<link><![CDATA[https://www.goodreads.com/author/show/5158478.Anonymous]]></link>
</author>
</authors>
</book>

  </similar_books>
</book>

</GoodreadsResponse>