<?xml version="1.0" encoding="UTF-8"?>
<GoodreadsResponse>
  <Request>
    <authentication>true</authentication>
      <key><![CDATA[all_men_must_serve]]></key>
    <method><![CDATA[book_show]]></method>
  </Request>
  <book>
  <id>10560331</id>
  <title><![CDATA[Out of Sight, Out of Time (Gallagher Girls, #5)]]></title>
  <isbn><![CDATA[1423147947]]></isbn>
  <isbn13><![CDATA[9781423147947]]></isbn13>
  <asin><![CDATA[]]></asin>
  <kindle_asin><![CDATA[B007IA1QFS]]></kindle_asin>
  <marketplace_id><![CDATA[A1F83G8C2ARO7P]]></marketplace_id>
  <country_code><![CDATA[GB]]></country_code>
  <image_url>https://images.gr-assets.com/books/1314135923m/10560331.jpg</image_url>
  <small_image_url>https://images.gr-assets.com/books/1314135923s/10560331.jpg</small_image_url>
  <publication_year>2012</publication_year>
  <publication_month>3</publication_month>
  <publication_day>13</publication_day>
  <publisher>Hyperion Book CH</publisher>
  <language_code>eng</language_code>
  <is_ebook>false</is_ebook>
  <description><![CDATA[*"This episode is nearly three hundred pages of perfection, and the only regret fans will have when they are done is being one step closer to the final installment of this outstanding series."-<i>VOYA</i> [starred review] With more than a million Gallagher Girls books sold, a legion of fans have fallen in love with the <i>New York Times </i>best-selling spy-girl series, and the fifth book delivers the most nerve-wracking, high-stakes adventure yet. <br /><br />The last thing Cammie Morgan remembers is leaving the Gallagher Academy to protect her friends and family from the Circle of Cavan-an ancient terrorist organization that has been hunting her for over a year. But when Cammie wakes up in an alpine convent and discovers that months have passed, she must face the fact that her memory is now a black hole. The only traces left of Cammie's summer vacation are the bruises on her body and the dirt under her nails, and all she wants is to go home.<br /><br />Once she returns to school, however, Cammie realizes that even the Gallagher Academy now holds more questions than answers. Cammie, her friends, and mysterious spy-guy Zach must face their most difficult challenge yet as they travel to the other side of the world, hoping to piece together the clues that Cammie left behind. It's a race against time. The Circle is hot on their trail and willing stop at nothing to prevent Cammie from remembering what she did last summer.]]></description>
  <work>
  <id type="integer">15467094</id>
  <books_count type="integer">33</books_count>
  <best_book_id type="integer">10560331</best_book_id>
  <reviews_count type="integer">68392</reviews_count>
  <ratings_sum type="integer">182158</ratings_sum>
  <ratings_count type="integer">41882</ratings_count>
  <text_reviews_count type="integer">2297</text_reviews_count>
  <original_publication_year type="integer">2012</original_publication_year>
  <original_publication_month type="integer">3</original_publication_month>
  <original_publication_day type="integer">13</original_publication_day>
  <original_title>Out of Sight, Out of Time</original_title>
  <original_language_id type="integer" nil="true"/>
  <media_type>book</media_type>
  <rating_dist>5:23122|4:12339|3:4906|2:959|1:556|total:41882</rating_dist>
  <desc_user_id type="integer">37152129</desc_user_id>
  <default_chaptering_book_id type="integer" nil="true"/>
  <default_description_language_code nil="true"/>
</work>
  <average_rating>4.35</average_rating>
  <num_pages><![CDATA[294]]></num_pages>
  <format><![CDATA[Hardcover]]></format>
  <edition_information><![CDATA[]]></edition_information>
  <ratings_count><![CDATA[39951]]></ratings_count>
  <text_reviews_count><![CDATA[2084]]></text_reviews_count>
  <url><![CDATA[https://www.goodreads.com/book/show/10560331-out-of-sight-out-of-time]]></url>
  <link><![CDATA[https://www.goodreads.com/book/show/10560331-out-of-sight-out-of-time]]></link>
  <authors>
<author>
<id>56224</id>
<name>Ally Carter</name>
<role></role>
<image_url nophoto='false'>
<![CDATA[https://images.gr-assets.com/authors/1421526957p5/56224.jpg]]>
</image_url>
<small_image_url nophoto='false'>
<![CDATA[https://images.gr-assets.com/authors/1421526957p2/56224.jpg]]>
</small_image_url>
<link><![CDATA[https://www.goodreads.com/author/show/56224.Ally_Carter]]></link>
<average_rating>4.05</average_rating>
<ratings_count>623579</ratings_count>
<text_reviews_count>39005</text_reviews_count>
</author>
</authors>

    <reviews_widget>
      <![CDATA[
        <style>
  #goodreads-widget {
    font-family: georgia, serif;
    padding: 18px 0;
    width:565px;
  }
  #goodreads-widget h1 {
    font-weight:normal;
    font-size: 16px;
    border-bottom: 1px solid #BBB596;
    margin-bottom: 0;
  }
  #goodreads-widget a {
    text-decoration: none;
    color:#660;
  }
  iframe{
    background-color: #fff;
  }
  #goodreads-widget a:hover { text-decoration: underline; }
  #goodreads-widget a:active {
    color:#660;
  }
  #gr_footer {
    width: 100%;
    border-top: 1px solid #BBB596;
    text-align: right;
  }
  #goodreads-widget .gr_branding{
    color: #382110;
    font-size: 11px;
    text-decoration: none;
    font-family: "Helvetica Neue", Helvetica, Arial, sans-serif;
  }
</style>
<div id="goodreads-widget">
  <div id="gr_header"><h1><a rel="nofollow" href="https://www.goodreads.com/book/show/10560331-out-of-sight-out-of-time">Out of Sight, Out of Time Reviews</a></h1></div>
  <iframe id="the_iframe" src="https://www.goodreads.com/api/reviews_widget_iframe?did=DEVELOPER_ID&amp;format=html&amp;isbn=1423147947&amp;links=660&amp;min_rating=&amp;review_back=fff&amp;stars=000&amp;text=000" width="565" height="400" frameborder="0"></iframe>
  <div id="gr_footer">
    <a class="gr_branding" target="_blank" rel="nofollow" href="https://www.goodreads.com/book/show/10560331-out-of-sight-out-of-time?utm_medium=api&amp;utm_source=reviews_widget">Reviews from Goodreads.com</a>
  </div>
</div>

      ]]>
    </reviews_widget>
  <popular_shelves>
      <shelf name="to-read" count="19172"/>
      <shelf name="favorites" count="1149"/>
      <shelf name="young-adult" count="743"/>
      <shelf name="ya" count="369"/>
      <shelf name="currently-reading" count="368"/>
      <shelf name="mystery" count="304"/>
      <shelf name="series" count="291"/>
      <shelf name="romance" count="248"/>
      <shelf name="books-i-own" count="216"/>
      <shelf name="spy" count="216"/>
      <shelf name="spies" count="206"/>
      <shelf name="contemporary" count="194"/>
      <shelf name="ally-carter" count="182"/>
      <shelf name="gallagher-girls" count="176"/>
      <shelf name="adventure" count="165"/>
      <shelf name="fiction" count="128"/>
      <shelf name="owned" count="122"/>
      <shelf name="chick-lit" count="115"/>
      <shelf name="favourites" count="109"/>
      <shelf name="espionage" count="100"/>
      <shelf name="action" count="96"/>
      <shelf name="teen" count="92"/>
      <shelf name="read-in-2012" count="90"/>
      <shelf name="boarding-school" count="81"/>
      <shelf name="realistic-fiction" count="62"/>
      <shelf name="to-buy" count="51"/>
      <shelf name="owned-books" count="45"/>
      <shelf name="5-stars" count="44"/>
      <shelf name="library" count="44"/>
      <shelf name="ya-fiction" count="43"/>
      <shelf name="read-in-2013" count="41"/>
      <shelf name="ebook" count="41"/>
      <shelf name="kindle" count="39"/>
      <shelf name="spy-books" count="38"/>
      <shelf name="my-books" count="37"/>
      <shelf name="thriller" count="37"/>
      <shelf name="favorite" count="37"/>
      <shelf name="favorite-books" count="36"/>
      <shelf name="high-school" count="36"/>
      <shelf name="all-time-favorites" count="36"/>
      <shelf name="favorite-series" count="34"/>
      <shelf name="i-own" count="34"/>
      <shelf name="action-adventure" count="33"/>
      <shelf name="young-adult-fiction" count="32"/>
      <shelf name="read-2012" count="31"/>
      <shelf name="5-star" count="28"/>
      <shelf name="gallagher-girls-series" count="28"/>
      <shelf name="read-in-2014" count="27"/>
      <shelf name="suspense" count="27"/>
      <shelf name="2012-reads" count="26"/>
      <shelf name="ebooks" count="26"/>
      <shelf name="ya-contemporary" count="25"/>
      <shelf name="crime" count="24"/>
      <shelf name="girl-power" count="24"/>
      <shelf name="books" count="23"/>
      <shelf name="re-read" count="23"/>
      <shelf name="4-stars" count="23"/>
      <shelf name="faves" count="22"/>
      <shelf name="wish-list" count="22"/>
      <shelf name="friendship" count="21"/>
      <shelf name="love" count="20"/>
      <shelf name="school" count="20"/>
      <shelf name="ya-books" count="20"/>
      <shelf name="read-in-2015" count="19"/>
      <shelf name="reread" count="19"/>
      <shelf name="teen-fiction" count="19"/>
      <shelf name="own-it" count="19"/>
      <shelf name="read-2013" count="18"/>
      <shelf name="signed" count="18"/>
      <shelf name="mystery-thriller" count="17"/>
      <shelf name="middle-school" count="17"/>
      <shelf name="favourite" count="17"/>
      <shelf name="read-in-english" count="17"/>
      <shelf name="funny" count="17"/>
      <shelf name="amazing" count="17"/>
      <shelf name="realistic" count="17"/>
      <shelf name="fantasy" count="17"/>
      <shelf name="read-in-2016" count="16"/>
      <shelf name="mysteries" count="16"/>
      <shelf name="ya-romance" count="16"/>
      <shelf name="teens" count="15"/>
      <shelf name="audiobook" count="15"/>
      <shelf name="ya-lit" count="15"/>
      <shelf name="finished-series" count="14"/>
      <shelf name="teen-books" count="14"/>
      <shelf name="reviewed" count="14"/>
      <shelf name="my-favorites" count="14"/>
      <shelf name="amnesia" count="14"/>
      <shelf name="books-i-have" count="14"/>
      <shelf name="favs" count="14"/>
      <shelf name="ya-series" count="14"/>
      <shelf name="e-books" count="14"/>
      <shelf name="need-to-buy" count="14"/>
      <shelf name="must-read" count="14"/>
      <shelf name="humor" count="14"/>
      <shelf name="read-2015" count="13"/>
      <shelf name="favourite-books" count="13"/>
      <shelf name="audiobooks" count="13"/>
      <shelf name="contemporary-fiction" count="13"/>
      <shelf name="read-2014" count="12"/>
  </popular_shelves>
  <book_links>
    <book_link>
  <id>8</id>
  <name>Libraries</name>
  <link>https://www.goodreads.com/book_link/follow/8</link>
</book_link>

  </book_links>
  <buy_links>
    <buy_link>
<id>1</id>
<name>Amazon</name>
<link>https://www.goodreads.com/book_link/follow/1</link>
</buy_link>
<buy_link>
<id>10</id>
<name>Audible</name>
<link>https://www.goodreads.com/book_link/follow/10</link>
</buy_link>
<buy_link>
<id>3</id>
<name>Barnes &amp; Noble</name>
<link>https://www.goodreads.com/book_link/follow/3</link>
</buy_link>
<buy_link>
<id>1027</id>
<name>Kobo</name>
<link>https://www.goodreads.com/book_link/follow/1027</link>
</buy_link>
<buy_link>
<id>2102</id>
<name>Apple iBooks</name>
<link>https://www.goodreads.com/book_link/follow/2102</link>
</buy_link>
<buy_link>
<id>8036</id>
<name>Google Play</name>
<link>https://www.goodreads.com/book_link/follow/8036</link>
</buy_link>
<buy_link>
<id>4</id>
<name>Abebooks</name>
<link>https://www.goodreads.com/book_link/follow/4</link>
</buy_link>
<buy_link>
<id>882</id>
<name>Book Depository</name>
<link>https://www.goodreads.com/book_link/follow/882</link>
</buy_link>
<buy_link>
<id>9</id>
<name>Indigo</name>
<link>https://www.goodreads.com/book_link/follow/9</link>
</buy_link>
<buy_link>
<id>2</id>
<name>Half.com</name>
<link>https://www.goodreads.com/book_link/follow/2</link>
</buy_link>
<buy_link>
<id>5</id>
<name>Alibris</name>
<link>https://www.goodreads.com/book_link/follow/5</link>
</buy_link>
<buy_link>
<id>107</id>
<name>Better World Books</name>
<link>https://www.goodreads.com/book_link/follow/107</link>
</buy_link>
<buy_link>
<id>7</id>
<name>IndieBound</name>
<link>https://www.goodreads.com/book_link/follow/7</link>
</buy_link>

  </buy_links>
  <series_works>
    <series_work>
<id>235310</id>
<user_position>5</user_position>
<series>
<id>43774</id>
<title>
<![CDATA[
    Gallagher Girls
]]>
</title>
<description>
<![CDATA[
]]>
</description>
<note>
<![CDATA[
]]>
</note>
<series_works_count>12</series_works_count>
<primary_work_count>6</primary_work_count>
<numbered>true</numbered>
</series>

</series_work>

  </series_works>
  <similar_books>
          <book>
<id>2409958</id>
<title><![CDATA[Native Tongue (The Specialists, #4)]]></title>
<title_without_series>Native Tongue</title_without_series>
<link><![CDATA[https://www.goodreads.com/book/show/2409958.Native_Tongue]]></link>
<small_image_url><![CDATA[https://s.gr-assets.com/assets/nophoto/book/50x75-a91bf249278a81aabab721ef782c4a74.png]]></small_image_url>
<image_url><![CDATA[https://s.gr-assets.com/assets/nophoto/book/111x148-bcc042a9c91a29c1d680899eff700a03.png]]></image_url>
<num_pages>224</num_pages>
<work>
<id>2417133</id>
</work>
<isbn>0142411604</isbn>
<isbn13>9780142411605</isbn13>
<average_rating>4.04</average_rating>
<ratings_count>1833</ratings_count>
<publication_year>2008</publication_year>
<publication_month>7</publication_month>
<publication_day>31</publication_day>
<authors>
<author>
<id>345637</id>
<name>Shannon Greenland</name>
<link><![CDATA[https://www.goodreads.com/author/show/345637.Shannon_Greenland]]></link>
</author>
</authors>
</book>

          <book>
<id>1188295</id>
<title>Killer Spirit (The Squad, #2)</title>
<title_without_series>Killer Spirit</title_without_series>
<link><![CDATA[https://www.goodreads.com/book/show/1188295.Killer_Spirit]]></link>
<small_image_url><![CDATA[https://images.gr-assets.com/books/1320457237s/1188295.jpg]]></small_image_url>
<image_url><![CDATA[https://images.gr-assets.com/books/1320457237m/1188295.jpg]]></image_url>
<num_pages>324</num_pages>
<work>
<id>3275065</id>
</work>
<isbn>0385734557</isbn>
<isbn13>9780385734554</isbn13>
<average_rating>4.02</average_rating>
<ratings_count>4317</ratings_count>
<publication_year>2008</publication_year>
<publication_month>2</publication_month>
<publication_day>12</publication_day>
<authors>
<author>
<id>164187</id>
<name>Jennifer Lynn Barnes</name>
<link><![CDATA[https://www.goodreads.com/author/show/164187.Jennifer_Lynn_Barnes]]></link>
</author>
</authors>
</book>

          <book>
<id>12143472</id>
<title><![CDATA[The Traitor in the Tunnel (The Agency, #3)]]></title>
<title_without_series>The Traitor in the Tunnel</title_without_series>
<link><![CDATA[https://www.goodreads.com/book/show/12143472-the-traitor-in-the-tunnel]]></link>
<small_image_url><![CDATA[https://images.gr-assets.com/books/1327947783s/12143472.jpg]]></small_image_url>
<image_url><![CDATA[https://images.gr-assets.com/books/1327947783m/12143472.jpg]]></image_url>
<num_pages>373</num_pages>
<work>
<id>13397410</id>
</work>
<isbn>0763653160</isbn>
<isbn13>9780763653163</isbn13>
<average_rating>4.06</average_rating>
<ratings_count>5175</ratings_count>
<publication_year>2012</publication_year>
<publication_month>2</publication_month>
<publication_day>28</publication_day>
<authors>
<author>
<id>2868833</id>
<name>Y.S. Lee</name>
<link><![CDATA[https://www.goodreads.com/author/show/2868833.Y_S_Lee]]></link>
</author>
</authors>
</book>

          <book>
<id>12922364</id>
<title><![CDATA[Social Suicide (Deadly Cool, #2)]]></title>
<title_without_series>Social Suicide</title_without_series>
<link><![CDATA[https://www.goodreads.com/book/show/12922364-social-suicide]]></link>
<small_image_url><![CDATA[https://images.gr-assets.com/books/1452735100s/12922364.jpg]]></small_image_url>
<image_url><![CDATA[https://images.gr-assets.com/books/1452735100m/12922364.jpg]]></image_url>
<num_pages>277</num_pages>
<work>
<id>18077668</id>
</work>
<isbn>0062003321</isbn>
<isbn13>9780062003324</isbn13>
<average_rating>3.97</average_rating>
<ratings_count>2969</ratings_count>
<publication_year>2012</publication_year>
<publication_month>4</publication_month>
<publication_day>24</publication_day>
<authors>
<author>
<id>119376</id>
<name>Gemma Halliday</name>
<link><![CDATA[https://www.goodreads.com/author/show/119376.Gemma_Halliday]]></link>
</author>
</authors>
</book>

          <book>
<id>6441387</id>
<title><![CDATA[Broadway Lights (Secrets of My Hollywood Life, #5)]]></title>
<title_without_series>Broadway Lights</title_without_series>
<link><![CDATA[https://www.goodreads.com/book/show/6441387-broadway-lights]]></link>
<small_image_url><![CDATA[https://images.gr-assets.com/books/1257336670s/6441387.jpg]]></small_image_url>
<image_url><![CDATA[https://images.gr-assets.com/books/1257336670m/6441387.jpg]]></image_url>
<num_pages></num_pages>
<work>
<id>6631322</id>
</work>
<isbn>0316030651</isbn>
<isbn13>9780316030656</isbn13>
<average_rating>4.04</average_rating>
<ratings_count>2639</ratings_count>
<publication_year>2010</publication_year>
<publication_month>3</publication_month>
<publication_day>3</publication_day>
<authors>
<author>
<id>114528</id>
<name>Jen Calonita</name>
<link><![CDATA[https://www.goodreads.com/author/show/114528.Jen_Calonita]]></link>
</author>
</authors>
</book>

          <book>
<id>12871657</id>
<title><![CDATA[Body & Soul (The Ghost and the Goth, #3)]]></title>
<title_without_series>Body &amp; Soul</title_without_series>
<link><![CDATA[https://www.goodreads.com/book/show/12871657-body-soul]]></link>
<small_image_url><![CDATA[https://images.gr-assets.com/books/1335945121s/12871657.jpg]]></small_image_url>
<image_url><![CDATA[https://images.gr-assets.com/books/1335945121m/12871657.jpg]]></image_url>
<num_pages>316</num_pages>
<work>
<id>17326110</id>
</work>
<isbn>1423134664</isbn>
<isbn13>9781423134664</isbn13>
<average_rating>4.06</average_rating>
<ratings_count>5252</ratings_count>
<publication_year>2012</publication_year>
<publication_month>5</publication_month>
<publication_day>1</publication_day>
<authors>
<author>
<id>3125711</id>
<name>Stacey Kade</name>
<link><![CDATA[https://www.goodreads.com/author/show/3125711.Stacey_Kade]]></link>
</author>
</authors>
</book>

          <book>
<id>7116568</id>
<title><![CDATA[So Over My Head (The Charmed Life, #3)]]></title>
<title_without_series>So Over My Head</title_without_series>
<link><![CDATA[https://www.goodreads.com/book/show/7116568-so-over-my-head]]></link>
<small_image_url><![CDATA[https://images.gr-assets.com/books/1272073252s/7116568.jpg]]></small_image_url>
<image_url><![CDATA[https://images.gr-assets.com/books/1272073252m/7116568.jpg]]></image_url>
<num_pages></num_pages>
<work>
<id>7376979</id>
</work>
<isbn>1595545433</isbn>
<isbn13>9781595545435</isbn13>
<average_rating>4.34</average_rating>
<ratings_count>1893</ratings_count>
<publication_year></publication_year>
<publication_month></publication_month>
<publication_day></publication_day>
<authors>
<author>
<id>837420</id>
<name>Jenny B. Jones</name>
<link><![CDATA[https://www.goodreads.com/author/show/837420.Jenny_B_Jones]]></link>
</author>
</authors>
</book>

          <book>
<id>13132661</id>
<title><![CDATA[Also Known As (Also Known As, #1)]]></title>
<title_without_series>Also Known As</title_without_series>
<link><![CDATA[https://www.goodreads.com/book/show/13132661-also-known-as]]></link>
<small_image_url><![CDATA[https://images.gr-assets.com/books/1354665105s/13132661.jpg]]></small_image_url>
<image_url><![CDATA[https://images.gr-assets.com/books/1354665105m/13132661.jpg]]></image_url>
<num_pages>308</num_pages>
<work>
<id>18309079</id>
</work>
<isbn>0802733905</isbn>
<isbn13>9780802733900</isbn13>
<average_rating>3.82</average_rating>
<ratings_count>10062</ratings_count>
<publication_year>2013</publication_year>
<publication_month>2</publication_month>
<publication_day>26</publication_day>
<authors>
<author>
<id>753097</id>
<name>Robin Benway</name>
<link><![CDATA[https://www.goodreads.com/author/show/753097.Robin_Benway]]></link>
</author>
</authors>
</book>

          <book>
<id>9978196</id>
<title><![CDATA[A Midsummer Tights Dream (The Misadventures of Tallulah Casey, #2)]]></title>
<title_without_series>A Midsummer Tights Dream</title_without_series>
<link><![CDATA[https://www.goodreads.com/book/show/9978196-a-midsummer-tights-dream]]></link>
<small_image_url><![CDATA[https://images.gr-assets.com/books/1327429845s/9978196.jpg]]></small_image_url>
<image_url><![CDATA[https://images.gr-assets.com/books/1327429845m/9978196.jpg]]></image_url>
<num_pages></num_pages>
<work>
<id>17995126</id>
</work>
<isbn>0007430604</isbn>
<isbn13>9780007430604</isbn13>
<average_rating>3.96</average_rating>
<ratings_count>2456</ratings_count>
<publication_year>2012</publication_year>
<publication_month>2</publication_month>
<publication_day>2</publication_day>
<authors>
<author>
<id>65189</id>
<name>Louise Rennison</name>
<link><![CDATA[https://www.goodreads.com/author/show/65189.Louise_Rennison]]></link>
</author>
</authors>
</book>

          <book>
<id>10757785</id>
<title><![CDATA[The Daughters Join the Party (The Daughters, #4)]]></title>
<title_without_series>The Daughters Join the Party</title_without_series>
<link><![CDATA[https://www.goodreads.com/book/show/10757785-the-daughters-join-the-party]]></link>
<small_image_url><![CDATA[https://s.gr-assets.com/assets/nophoto/book/50x75-a91bf249278a81aabab721ef782c4a74.png]]></small_image_url>
<image_url><![CDATA[https://s.gr-assets.com/assets/nophoto/book/111x148-bcc042a9c91a29c1d680899eff700a03.png]]></image_url>
<num_pages>269</num_pages>
<work>
<id>15669112</id>
</work>
<isbn>031617968X</isbn>
<isbn13>9780316179683</isbn13>
<average_rating>4.10</average_rating>
<ratings_count>1354</ratings_count>
<publication_year></publication_year>
<publication_month></publication_month>
<publication_day></publication_day>
<authors>
<author>
<id>3165668</id>
<name>Joanna Philbin</name>
<link><![CDATA[https://www.goodreads.com/author/show/3165668.Joanna_Philbin]]></link>
</author>
</authors>
</book>

          <book>
<id>12561863</id>
<title><![CDATA[A Girl Named Digit (Digit, #1)]]></title>
<title_without_series>A Girl Named Digit</title_without_series>
<link><![CDATA[https://www.goodreads.com/book/show/12561863-a-girl-named-digit]]></link>
<small_image_url><![CDATA[https://images.gr-assets.com/books/1338525028s/12561863.jpg]]></small_image_url>
<image_url><![CDATA[https://images.gr-assets.com/books/1338525028m/12561863.jpg]]></image_url>
<num_pages>187</num_pages>
<work>
<id>17565851</id>
</work>
<isbn>054766852X</isbn>
<isbn13>9780547668529</isbn13>
<average_rating>3.87</average_rating>
<ratings_count>4385</ratings_count>
<publication_year>2012</publication_year>
<publication_month>6</publication_month>
<publication_day>5</publication_day>
<authors>
<author>
<id>645867</id>
<name>Annabel Monaghan</name>
<link><![CDATA[https://www.goodreads.com/author/show/645867.Annabel_Monaghan]]></link>
</author>
</authors>
</book>

          <book>
<id>8527942</id>
<title><![CDATA[The Royal Treatment (Princess for Hire, #2)]]></title>
<title_without_series>The Royal Treatment</title_without_series>
<link><![CDATA[https://www.goodreads.com/book/show/8527942-the-royal-treatment]]></link>
<small_image_url><![CDATA[https://images.gr-assets.com/books/1291099554s/8527942.jpg]]></small_image_url>
<image_url><![CDATA[https://images.gr-assets.com/books/1291099554m/8527942.jpg]]></image_url>
<num_pages>272</num_pages>
<work>
<id>13394990</id>
</work>
<isbn>1423121937</isbn>
<isbn13>9781423121930</isbn13>
<average_rating>4.25</average_rating>
<ratings_count>1747</ratings_count>
<publication_year>2011</publication_year>
<publication_month>5</publication_month>
<publication_day>3</publication_day>
<authors>
<author>
<id>2945688</id>
<name>Lindsey Leavitt</name>
<link><![CDATA[https://www.goodreads.com/author/show/2945688.Lindsey_Leavitt]]></link>
</author>
</authors>
</book>

          <book>
<id>7945799</id>
<title><![CDATA[Top of the Feud Chain (Alphas, #4)]]></title>
<title_without_series>Top of the Feud Chain</title_without_series>
<link><![CDATA[https://www.goodreads.com/book/show/7945799-top-of-the-feud-chain]]></link>
<small_image_url><![CDATA[https://images.gr-assets.com/books/1300643957s/7945799.jpg]]></small_image_url>
<image_url><![CDATA[https://images.gr-assets.com/books/1300643957m/7945799.jpg]]></image_url>
<num_pages>240</num_pages>
<work>
<id>11474832</id>
</work>
<isbn>0316035823</isbn>
<isbn13>9780316035828</isbn13>
<average_rating>3.98</average_rating>
<ratings_count>2356</ratings_count>
<publication_year>2011</publication_year>
<publication_month>5</publication_month>
<publication_day>17</publication_day>
<authors>
<author>
<id>4605</id>
<name>Lisi Harrison</name>
<link><![CDATA[https://www.goodreads.com/author/show/4605.Lisi_Harrison]]></link>
</author>
</authors>
</book>

          <book>
<id>11454587</id>
<title>Spell Bound (Hex Hall, #3)</title>
<title_without_series>Spell Bound</title_without_series>
<link><![CDATA[https://www.goodreads.com/book/show/11454587-spell-bound]]></link>
<small_image_url><![CDATA[https://images.gr-assets.com/books/1313010167s/11454587.jpg]]></small_image_url>
<image_url><![CDATA[https://images.gr-assets.com/books/1313010167m/11454587.jpg]]></image_url>
<num_pages>327</num_pages>
<work>
<id>15249128</id>
</work>
<isbn>1423121325</isbn>
<isbn13>9781423121329</isbn13>
<average_rating>4.09</average_rating>
<ratings_count>50662</ratings_count>
<publication_year>2012</publication_year>
<publication_month>3</publication_month>
<publication_day>13</publication_day>
<authors>
<author>
<id>2261547</id>
<name>Rachel Hawkins</name>
<link><![CDATA[https://www.goodreads.com/author/show/2261547.Rachel_Hawkins]]></link>
</author>
</authors>
</book>

          <book>
<id>6460331</id>
<title>Runaway (Airhead, #3)</title>
<title_without_series>Runaway</title_without_series>
<link><![CDATA[https://www.goodreads.com/book/show/6460331-runaway]]></link>
<small_image_url><![CDATA[https://images.gr-assets.com/books/1328840338s/6460331.jpg]]></small_image_url>
<image_url><![CDATA[https://images.gr-assets.com/books/1328840338m/6460331.jpg]]></image_url>
<num_pages>310</num_pages>
<work>
<id>6650736</id>
</work>
<isbn>0545040604</isbn>
<isbn13>9780545040600</isbn13>
<average_rating>3.93</average_rating>
<ratings_count>21668</ratings_count>
<publication_year>2010</publication_year>
<publication_month>5</publication_month>
<publication_day></publication_day>
<authors>
<author>
<id>11654</id>
<name>Meg Cabot</name>
<link><![CDATA[https://www.goodreads.com/author/show/11654.Meg_Cabot]]></link>
</author>
</authors>
</book>

          <book>
<id>10799807</id>
<title><![CDATA[Home for the Holidays (The Mother-Daughter Book Club, #5)]]></title>
<title_without_series>Home for the Holidays</title_without_series>
<link><![CDATA[https://www.goodreads.com/book/show/10799807-home-for-the-holidays]]></link>
<small_image_url><![CDATA[https://images.gr-assets.com/books/1300759355s/10799807.jpg]]></small_image_url>
<image_url><![CDATA[https://images.gr-assets.com/books/1300759355m/10799807.jpg]]></image_url>
<num_pages>352</num_pages>
<work>
<id>15712537</id>
</work>
<isbn>1442406852</isbn>
<isbn13>9781442406858</isbn13>
<average_rating>4.37</average_rating>
<ratings_count>3491</ratings_count>
<publication_year>2011</publication_year>
<publication_month>10</publication_month>
<publication_day>4</publication_day>
<authors>
<author>
<id>140125</id>
<name>Heather Vogel Frederick</name>
<link><![CDATA[https://www.goodreads.com/author/show/140125.Heather_Vogel_Frederick]]></link>
</author>
</authors>
</book>

  </similar_books>
</book>

</GoodreadsResponse>