<?xml version="1.0" encoding="UTF-8"?>
<GoodreadsResponse>
  <Request>
    <authentication>true</authentication>
      <key><![CDATA[all_men_must_serve]]></key>
    <method><![CDATA[book_show]]></method>
  </Request>
  <book>
  <id>105744</id>
  <title>Meg (MEG, #1)</title>
  <isbn><![CDATA[0976165910]]></isbn>
  <isbn13><![CDATA[9780976165910]]></isbn13>
  <asin><![CDATA[]]></asin>
  <kindle_asin><![CDATA[B01N3D00VI]]></kindle_asin>
  <marketplace_id><![CDATA[A1F83G8C2ARO7P]]></marketplace_id>
  <country_code><![CDATA[GB]]></country_code>
  <image_url>https://images.gr-assets.com/books/1407870638m/105744.jpg</image_url>
  <small_image_url>https://images.gr-assets.com/books/1407870638s/105744.jpg</small_image_url>
  <publication_year>2005</publication_year>
  <publication_month>9</publication_month>
  <publication_day>1</publication_day>
  <publisher>Tsunami Books</publisher>
  <language_code>eng</language_code>
  <is_ebook>false</is_ebook>
  <description><![CDATA[Revised and Expanded. On a top-secret dive into the Pacific Ocean's deepest canyon, Jonas Taylor found himself face-to-face with the largest and most ferocious predator in the history of the animal kingdom. The sole survivor of the mission, Taylor is haunted by what he's sure he saw but still can't prove exists - Carcharodon megalodon, the massive mother of the great white shark. The average prehistoric Meg weighs in at twenty tons and could tear apart a Tyrannosaurus rex in seconds. Taylor spends years theorizing, lecturing, and writing about the possibility that Meg still feeds at the deepest levels of the sea. But it takes an old friend in need to get him to return to the water, and a hotshot female submarine pilot to dare him back into a high-tech miniature sub. Diving deeper than he ever has before, Taylor will face terror like he's never imagined. MEG is about to surface. When she does, nothing and no one is going to be safe, and Jonas must face his greatest fear once again.]]></description>
  <work>
  <id type="integer">411660</id>
  <books_count type="integer">36</books_count>
  <best_book_id type="integer">105744</best_book_id>
  <reviews_count type="integer">17930</reviews_count>
  <ratings_sum type="integer">42938</ratings_sum>
  <ratings_count type="integer">11425</ratings_count>
  <text_reviews_count type="integer">698</text_reviews_count>
  <original_publication_year type="integer">1997</original_publication_year>
  <original_publication_month type="integer">7</original_publication_month>
  <original_publication_day type="integer" nil="true"/>
  <original_title>MEG: A Novel of Deep Terror</original_title>
  <original_language_id type="integer" nil="true"/>
  <media_type>book</media_type>
  <rating_dist>5:3355|4:3698|3:2997|2:1005|1:370|total:11425</rating_dist>
  <desc_user_id type="integer">8910475</desc_user_id>
  <default_chaptering_book_id type="integer" nil="true"/>
  <default_description_language_code nil="true"/>
</work>
  <average_rating>3.76</average_rating>
  <num_pages><![CDATA[438]]></num_pages>
  <format><![CDATA[Paperback]]></format>
  <edition_information><![CDATA[]]></edition_information>
  <ratings_count><![CDATA[9951]]></ratings_count>
  <text_reviews_count><![CDATA[497]]></text_reviews_count>
  <url><![CDATA[https://www.goodreads.com/book/show/105744.Meg]]></url>
  <link><![CDATA[https://www.goodreads.com/book/show/105744.Meg]]></link>
  <authors>
<author>
<id>61238</id>
<name>Steve Alten</name>
<role></role>
<image_url nophoto='false'>
<![CDATA[https://images.gr-assets.com/authors/1247583076p5/61238.jpg]]>
</image_url>
<small_image_url nophoto='false'>
<![CDATA[https://images.gr-assets.com/authors/1247583076p2/61238.jpg]]>
</small_image_url>
<link><![CDATA[https://www.goodreads.com/author/show/61238.Steve_Alten]]></link>
<average_rating>3.77</average_rating>
<ratings_count>35063</ratings_count>
<text_reviews_count>2550</text_reviews_count>
</author>
</authors>

    <reviews_widget>
      <![CDATA[
        <style>
  #goodreads-widget {
    font-family: georgia, serif;
    padding: 18px 0;
    width:565px;
  }
  #goodreads-widget h1 {
    font-weight:normal;
    font-size: 16px;
    border-bottom: 1px solid #BBB596;
    margin-bottom: 0;
  }
  #goodreads-widget a {
    text-decoration: none;
    color:#660;
  }
  iframe{
    background-color: #fff;
  }
  #goodreads-widget a:hover { text-decoration: underline; }
  #goodreads-widget a:active {
    color:#660;
  }
  #gr_footer {
    width: 100%;
    border-top: 1px solid #BBB596;
    text-align: right;
  }
  #goodreads-widget .gr_branding{
    color: #382110;
    font-size: 11px;
    text-decoration: none;
    font-family: "Helvetica Neue", Helvetica, Arial, sans-serif;
  }
</style>
<div id="goodreads-widget">
  <div id="gr_header"><h1><a rel="nofollow" href="https://www.goodreads.com/book/show/105744.Meg">Meg Reviews</a></h1></div>
  <iframe id="the_iframe" src="https://www.goodreads.com/api/reviews_widget_iframe?did=DEVELOPER_ID&amp;format=html&amp;isbn=0976165910&amp;links=660&amp;min_rating=&amp;review_back=fff&amp;stars=000&amp;text=000" width="565" height="400" frameborder="0"></iframe>
  <div id="gr_footer">
    <a class="gr_branding" target="_blank" rel="nofollow" href="https://www.goodreads.com/book/show/105744.Meg?utm_medium=api&amp;utm_source=reviews_widget">Reviews from Goodreads.com</a>
  </div>
</div>

      ]]>
    </reviews_widget>
  <popular_shelves>
      <shelf name="to-read" count="5051"/>
      <shelf name="horror" count="235"/>
      <shelf name="currently-reading" count="172"/>
      <shelf name="fiction" count="147"/>
      <shelf name="thriller" count="122"/>
      <shelf name="science-fiction" count="94"/>
      <shelf name="sci-fi" count="76"/>
      <shelf name="favorites" count="71"/>
      <shelf name="adventure" count="51"/>
      <shelf name="default" count="40"/>
      <shelf name="owned" count="33"/>
      <shelf name="books-i-own" count="32"/>
      <shelf name="thrillers" count="27"/>
      <shelf name="action" count="26"/>
      <shelf name="suspense" count="22"/>
      <shelf name="steve-alten" count="22"/>
      <shelf name="animals" count="22"/>
      <shelf name="action-adventure" count="21"/>
      <shelf name="monsters" count="19"/>
      <shelf name="scifi" count="19"/>
      <shelf name="series" count="18"/>
      <shelf name="sharks" count="17"/>
      <shelf name="fantasy" count="14"/>
      <shelf name="ocean" count="12"/>
      <shelf name="novels" count="10"/>
      <shelf name="ebook" count="10"/>
      <shelf name="library" count="10"/>
      <shelf name="sci-fi-fantasy" count="10"/>
      <shelf name="creature-feature" count="9"/>
      <shelf name="paperback" count="9"/>
      <shelf name="owned-books" count="9"/>
      <shelf name="meg" count="9"/>
      <shelf name="adult-fiction" count="9"/>
      <shelf name="wish-list" count="8"/>
      <shelf name="adult" count="8"/>
      <shelf name="kindle" count="7"/>
      <shelf name="my-books" count="7"/>
      <shelf name="ebooks" count="7"/>
      <shelf name="sea" count="7"/>
      <shelf name="alten-steve" count="6"/>
      <shelf name="suspense-thriller" count="6"/>
      <shelf name="megalodon" count="6"/>
      <shelf name="carcharocles" count="6"/>
      <shelf name="diving" count="6"/>
      <shelf name="deep" count="6"/>
      <shelf name="pacific" count="6"/>
      <shelf name="american" count="6"/>
      <shelf name="general" count="6"/>
      <shelf name="contemporary" count="6"/>
      <shelf name="contemporary-fiction" count="6"/>
      <shelf name="read-in-2016" count="5"/>
      <shelf name="2016-reads" count="5"/>
      <shelf name="fic" count="5"/>
      <shelf name="scifi-fantasy" count="5"/>
      <shelf name="other" count="5"/>
      <shelf name="i-own" count="5"/>
      <shelf name="megalodontacea" count="5"/>
      <shelf name="paleontologists" count="5"/>
      <shelf name="psychological" count="5"/>
      <shelf name="tales" count="5"/>
      <shelf name="have" count="5"/>
      <shelf name="read-in-2017" count="4"/>
      <shelf name="shelfari-favorites" count="4"/>
      <shelf name="maybe" count="4"/>
      <shelf name="sea-monsters" count="4"/>
      <shelf name="own-it" count="4"/>
      <shelf name="calibre" count="4"/>
      <shelf name="science" count="4"/>
      <shelf name="general-fiction" count="4"/>
      <shelf name="fiction-horror" count="4"/>
      <shelf name="mystery-thriller" count="4"/>
      <shelf name="books" count="4"/>
      <shelf name="fantasy-science-fiction" count="3"/>
      <shelf name="shark-week" count="3"/>
      <shelf name="read-in-2015" count="3"/>
      <shelf name="read-before-2007" count="3"/>
      <shelf name="monster" count="3"/>
      <shelf name="kindle-books" count="3"/>
      <shelf name="a" count="3"/>
      <shelf name="not-owned" count="3"/>
      <shelf name="mystery-suspense-thriller" count="3"/>
      <shelf name="my-library" count="3"/>
      <shelf name="dinosaurs" count="3"/>
      <shelf name="thriller-horror" count="3"/>
      <shelf name="ciencia-ficcion" count="3"/>
      <shelf name="shark" count="3"/>
      <shelf name="reviewed" count="3"/>
      <shelf name="age-adult" count="3"/>
      <shelf name="creatures" count="3"/>
      <shelf name="to-get" count="3"/>
      <shelf name="1" count="3"/>
      <shelf name="read-in-2013" count="3"/>
      <shelf name="novel" count="3"/>
      <shelf name="e-book" count="3"/>
      <shelf name="other-fiction" count="3"/>
      <shelf name="want-to-re-read" count="3"/>
      <shelf name="scary" count="3"/>
      <shelf name="the-ocean" count="3"/>
      <shelf name="paranormal" count="3"/>
      <shelf name="1990-1999" count="3"/>
  </popular_shelves>
  <book_links>
    <book_link>
  <id>8</id>
  <name>Libraries</name>
  <link>https://www.goodreads.com/book_link/follow/8</link>
</book_link>

  </book_links>
  <buy_links>
    <buy_link>
<id>1</id>
<name>Amazon</name>
<link>https://www.goodreads.com/book_link/follow/1</link>
</buy_link>
<buy_link>
<id>10</id>
<name>Audible</name>
<link>https://www.goodreads.com/book_link/follow/10</link>
</buy_link>
<buy_link>
<id>3</id>
<name>Barnes &amp; Noble</name>
<link>https://www.goodreads.com/book_link/follow/3</link>
</buy_link>
<buy_link>
<id>1027</id>
<name>Kobo</name>
<link>https://www.goodreads.com/book_link/follow/1027</link>
</buy_link>
<buy_link>
<id>2102</id>
<name>Apple iBooks</name>
<link>https://www.goodreads.com/book_link/follow/2102</link>
</buy_link>
<buy_link>
<id>8036</id>
<name>Google Play</name>
<link>https://www.goodreads.com/book_link/follow/8036</link>
</buy_link>
<buy_link>
<id>4</id>
<name>Abebooks</name>
<link>https://www.goodreads.com/book_link/follow/4</link>
</buy_link>
<buy_link>
<id>882</id>
<name>Book Depository</name>
<link>https://www.goodreads.com/book_link/follow/882</link>
</buy_link>
<buy_link>
<id>9</id>
<name>Indigo</name>
<link>https://www.goodreads.com/book_link/follow/9</link>
</buy_link>
<buy_link>
<id>2</id>
<name>Half.com</name>
<link>https://www.goodreads.com/book_link/follow/2</link>
</buy_link>
<buy_link>
<id>5</id>
<name>Alibris</name>
<link>https://www.goodreads.com/book_link/follow/5</link>
</buy_link>
<buy_link>
<id>107</id>
<name>Better World Books</name>
<link>https://www.goodreads.com/book_link/follow/107</link>
</buy_link>
<buy_link>
<id>7</id>
<name>IndieBound</name>
<link>https://www.goodreads.com/book_link/follow/7</link>
</buy_link>

  </buy_links>
  <series_works>
    <series_work>
<id>186441</id>
<user_position>1</user_position>
<series>
<id>50109</id>
<title>
<![CDATA[
    MEG
]]>
</title>
<description>
<![CDATA[
]]>
</description>
<note>
<![CDATA[
]]>
</note>
<series_works_count>6</series_works_count>
<primary_work_count>5</primary_work_count>
<numbered>true</numbered>
</series>

</series_work>

  </series_works>
  <similar_books>
          <book>
<id>825282</id>
<title>Beast</title>
<title_without_series>Beast</title_without_series>
<link><![CDATA[https://www.goodreads.com/book/show/825282.Beast]]></link>
<small_image_url><![CDATA[https://images.gr-assets.com/books/1470055296s/825282.jpg]]></small_image_url>
<image_url><![CDATA[https://images.gr-assets.com/books/1470055296m/825282.jpg]]></image_url>
<num_pages>319</num_pages>
<work>
<id>926233</id>
</work>
<isbn>0449220893</isbn>
<isbn13>9780449220894</isbn13>
<average_rating>3.55</average_rating>
<ratings_count>3391</ratings_count>
<publication_year>1992</publication_year>
<publication_month>5</publication_month>
<publication_day>23</publication_day>
<authors>
<author>
<id>59542</id>
<name>Peter Benchley</name>
<link><![CDATA[https://www.goodreads.com/author/show/59542.Peter_Benchley]]></link>
</author>
</authors>
</book>

          <book>
<id>255215</id>
<title>Natural Selection</title>
<title_without_series>Natural Selection</title_without_series>
<link><![CDATA[https://www.goodreads.com/book/show/255215.Natural_Selection]]></link>
<small_image_url><![CDATA[https://s.gr-assets.com/assets/nophoto/book/50x75-a91bf249278a81aabab721ef782c4a74.png]]></small_image_url>
<image_url><![CDATA[https://s.gr-assets.com/assets/nophoto/book/111x148-bcc042a9c91a29c1d680899eff700a03.png]]></image_url>
<num_pages></num_pages>
<work>
<id>247342</id>
</work>
<isbn>1401302092</isbn>
<isbn13>9781401302092</isbn13>
<average_rating>3.45</average_rating>
<ratings_count>963</ratings_count>
<publication_year></publication_year>
<publication_month></publication_month>
<publication_day></publication_day>
<authors>
<author>
<id>149120</id>
<name>Dave Freedman</name>
<link><![CDATA[https://www.goodreads.com/author/show/149120.Dave_Freedman]]></link>
</author>
</authors>
</book>

          <book>
<id>9393182</id>
<title>Leviathan</title>
<title_without_series>Leviathan</title_without_series>
<link><![CDATA[https://www.goodreads.com/book/show/9393182-leviathan]]></link>
<small_image_url><![CDATA[https://s.gr-assets.com/assets/nophoto/book/50x75-a91bf249278a81aabab721ef782c4a74.png]]></small_image_url>
<image_url><![CDATA[https://s.gr-assets.com/assets/nophoto/book/111x148-bcc042a9c91a29c1d680899eff700a03.png]]></image_url>
<num_pages></num_pages>
<work>
<id>14276906</id>
</work>
<isbn></isbn>
<isbn13></isbn13>
<average_rating>3.40</average_rating>
<ratings_count>156</ratings_count>
<publication_year></publication_year>
<publication_month></publication_month>
<publication_day></publication_day>
<authors>
<author>
<id>4379473</id>
<name>Jared Sandman</name>
<link><![CDATA[https://www.goodreads.com/author/show/4379473.Jared_Sandman]]></link>
</author>
</authors>
</book>

          <book>
<id>728447</id>
<title>Extinct</title>
<title_without_series>Extinct</title_without_series>
<link><![CDATA[https://www.goodreads.com/book/show/728447.Extinct]]></link>
<small_image_url><![CDATA[https://images.gr-assets.com/books/1311992928s/728447.jpg]]></small_image_url>
<image_url><![CDATA[https://images.gr-assets.com/books/1311992928m/728447.jpg]]></image_url>
<num_pages>310</num_pages>
<work>
<id>714648</id>
</work>
<isbn>0312962126</isbn>
<isbn13>9780312962128</isbn13>
<average_rating>3.60</average_rating>
<ratings_count>460</ratings_count>
<publication_year>1997</publication_year>
<publication_month>5</publication_month>
<publication_day>15</publication_day>
<authors>
<author>
<id>17282</id>
<name>Charles Wilson</name>
<link><![CDATA[https://www.goodreads.com/author/show/17282.Charles_Wilson]]></link>
</author>
</authors>
</book>

          <book>
<id>219392</id>
<title>Implant</title>
<title_without_series>Implant</title_without_series>
<link><![CDATA[https://www.goodreads.com/book/show/219392.Implant]]></link>
<small_image_url><![CDATA[https://s.gr-assets.com/assets/nophoto/book/50x75-a91bf249278a81aabab721ef782c4a74.png]]></small_image_url>
<image_url><![CDATA[https://s.gr-assets.com/assets/nophoto/book/111x148-bcc042a9c91a29c1d680899eff700a03.png]]></image_url>
<num_pages>448</num_pages>
<work>
<id>212421</id>
</work>
<isbn>0812544706</isbn>
<isbn13>9780812544701</isbn13>
<average_rating>3.77</average_rating>
<ratings_count>1204</ratings_count>
<publication_year>1996</publication_year>
<publication_month>9</publication_month>
<publication_day>15</publication_day>
<authors>
<author>
<id>20561</id>
<name>F. Paul Wilson</name>
<link><![CDATA[https://www.goodreads.com/author/show/20561.F_Paul_Wilson]]></link>
</author>
</authors>
</book>

          <book>
<id>1728604</id>
<title>Fountain Society</title>
<title_without_series>Fountain Society</title_without_series>
<link><![CDATA[https://www.goodreads.com/book/show/1728604.Fountain_Society]]></link>
<small_image_url><![CDATA[https://images.gr-assets.com/books/1354847396s/1728604.jpg]]></small_image_url>
<image_url><![CDATA[https://images.gr-assets.com/books/1354847396m/1728604.jpg]]></image_url>
<num_pages></num_pages>
<work>
<id>1726056</id>
</work>
<isbn>0684846608</isbn>
<isbn13>9780684846606</isbn13>
<average_rating>3.34</average_rating>
<ratings_count>1004</ratings_count>
<publication_year></publication_year>
<publication_month></publication_month>
<publication_day></publication_day>
<authors>
<author>
<id>107082</id>
<name>Wes Craven</name>
<link><![CDATA[https://www.goodreads.com/author/show/107082.Wes_Craven]]></link>
</author>
</authors>
</book>

          <book>
<id>5757742</id>
<title>Kronos (Origins, #5)</title>
<title_without_series>Kronos</title_without_series>
<link><![CDATA[https://www.goodreads.com/book/show/5757742-kronos]]></link>
<small_image_url><![CDATA[https://s.gr-assets.com/assets/nophoto/book/50x75-a91bf249278a81aabab721ef782c4a74.png]]></small_image_url>
<image_url><![CDATA[https://s.gr-assets.com/assets/nophoto/book/111x148-bcc042a9c91a29c1d680899eff700a03.png]]></image_url>
<num_pages>425</num_pages>
<work>
<id>5929468</id>
</work>
<isbn>1935142011</isbn>
<isbn13>9781935142010</isbn13>
<average_rating>3.86</average_rating>
<ratings_count>1116</ratings_count>
<publication_year>2009</publication_year>
<publication_month>1</publication_month>
<publication_day>20</publication_day>
<authors>
<author>
<id>12328</id>
<name>Jeremy Robinson</name>
<link><![CDATA[https://www.goodreads.com/author/show/12328.Jeremy_Robinson]]></link>
</author>
</authors>
</book>

          <book>
<id>19161911</id>
<title>The Rip-Off</title>
<title_without_series>The Rip-Off</title_without_series>
<link><![CDATA[https://www.goodreads.com/book/show/19161911-the-rip-off]]></link>
<small_image_url><![CDATA[https://images.gr-assets.com/books/1403188864s/19161911.jpg]]></small_image_url>
<image_url><![CDATA[https://images.gr-assets.com/books/1403188864m/19161911.jpg]]></image_url>
<num_pages>240</num_pages>
<work>
<id>814831</id>
</work>
<isbn>0316404020</isbn>
<isbn13>9780316404020</isbn13>
<average_rating>3.48</average_rating>
<ratings_count>450</ratings_count>
<publication_year>2014</publication_year>
<publication_month>8</publication_month>
<publication_day>5</publication_day>
<authors>
<author>
<id>7621</id>
<name>Jim Thompson</name>
<link><![CDATA[https://www.goodreads.com/author/show/7621.Jim_Thompson]]></link>
</author>
</authors>
</book>

          <book>
<id>25581497</id>
<title>The Black: Arrival</title>
<title_without_series>The Black: Arrival</title_without_series>
<link><![CDATA[https://www.goodreads.com/book/show/25581497-the-black]]></link>
<small_image_url><![CDATA[https://s.gr-assets.com/assets/nophoto/book/50x75-a91bf249278a81aabab721ef782c4a74.png]]></small_image_url>
<image_url><![CDATA[https://s.gr-assets.com/assets/nophoto/book/111x148-bcc042a9c91a29c1d680899eff700a03.png]]></image_url>
<num_pages></num_pages>
<work>
<id>45384053</id>
</work>
<isbn></isbn>
<isbn13></isbn13>
<average_rating>4.06</average_rating>
<ratings_count>288</ratings_count>
<publication_year></publication_year>
<publication_month></publication_month>
<publication_day></publication_day>
<authors>
<author>
<id>3167922</id>
<name>Paul E. Cooley</name>
<link><![CDATA[https://www.goodreads.com/author/show/3167922.Paul_E_Cooley]]></link>
</author>
</authors>
</book>

          <book>
<id>17166253</id>
<title>Below</title>
<title_without_series>Below</title_without_series>
<link><![CDATA[https://www.goodreads.com/book/show/17166253-below]]></link>
<small_image_url><![CDATA[https://images.gr-assets.com/books/1358758186s/17166253.jpg]]></small_image_url>
<image_url><![CDATA[https://images.gr-assets.com/books/1358758186m/17166253.jpg]]></image_url>
<num_pages>408</num_pages>
<work>
<id>23593061</id>
</work>
<isbn>0786032871</isbn>
<isbn13>9780786032877</isbn13>
<average_rating>3.59</average_rating>
<ratings_count>965</ratings_count>
<publication_year>2013</publication_year>
<publication_month>6</publication_month>
<publication_day>25</publication_day>
<authors>
<author>
<id>6863223</id>
<name>Ryan Lockwood</name>
<link><![CDATA[https://www.goodreads.com/author/show/6863223.Ryan_Lockwood]]></link>
</author>
</authors>
</book>

          <book>
<id>30978853</id>
<title>Kronos Rising</title>
<title_without_series>Kronos Rising</title_without_series>
<link><![CDATA[https://www.goodreads.com/book/show/30978853-kronos-rising]]></link>
<small_image_url><![CDATA[https://images.gr-assets.com/books/1468094231s/30978853.jpg]]></small_image_url>
<image_url><![CDATA[https://images.gr-assets.com/books/1468094231m/30978853.jpg]]></image_url>
<num_pages></num_pages>
<work>
<id>41275836</id>
</work>
<isbn></isbn>
<isbn13></isbn13>
<average_rating>4.18</average_rating>
<ratings_count>231</ratings_count>
<publication_year></publication_year>
<publication_month></publication_month>
<publication_day></publication_day>
<authors>
<author>
<id>7365782</id>
<name>Max Hawthorne</name>
<link><![CDATA[https://www.goodreads.com/author/show/7365782.Max_Hawthorne]]></link>
</author>
</authors>
</book>

          <book>
<id>5806181</id>
<title>Fragment</title>
<title_without_series>Fragment</title_without_series>
<link><![CDATA[https://www.goodreads.com/book/show/5806181-fragment]]></link>
<small_image_url><![CDATA[https://images.gr-assets.com/books/1320399027s/5806181.jpg]]></small_image_url>
<image_url><![CDATA[https://images.gr-assets.com/books/1320399027m/5806181.jpg]]></image_url>
<num_pages>356</num_pages>
<work>
<id>5978178</id>
</work>
<isbn>0553807536</isbn>
<isbn13>9780553807530</isbn13>
<average_rating>3.68</average_rating>
<ratings_count>3944</ratings_count>
<publication_year>2009</publication_year>
<publication_month>6</publication_month>
<publication_day>16</publication_day>
<authors>
<author>
<id>2622192</id>
<name>Warren Fahy</name>
<link><![CDATA[https://www.goodreads.com/author/show/2622192.Warren_Fahy]]></link>
</author>
</authors>
</book>

          <book>
<id>2188419</id>
<title>Clickers</title>
<title_without_series>Clickers</title_without_series>
<link><![CDATA[https://www.goodreads.com/book/show/2188419.Clickers]]></link>
<small_image_url><![CDATA[https://images.gr-assets.com/books/1308672989s/2188419.jpg]]></small_image_url>
<image_url><![CDATA[https://images.gr-assets.com/books/1308672989m/2188419.jpg]]></image_url>
<num_pages>453</num_pages>
<work>
<id>25197279</id>
</work>
<isbn></isbn>
<isbn13></isbn13>
<average_rating>3.93</average_rating>
<ratings_count>754</ratings_count>
<publication_year>2006</publication_year>
<publication_month></publication_month>
<publication_day></publication_day>
<authors>
<author>
<id>6606656</id>
<name>J.F. Gonzalez</name>
<link><![CDATA[https://www.goodreads.com/author/show/6606656.J_F_Gonzalez]]></link>
</author>
</authors>
</book>

          <book>
<id>355383</id>
<title>Hunter</title>
<title_without_series>Hunter</title_without_series>
<link><![CDATA[https://www.goodreads.com/book/show/355383.Hunter]]></link>
<small_image_url><![CDATA[https://s.gr-assets.com/assets/nophoto/book/50x75-a91bf249278a81aabab721ef782c4a74.png]]></small_image_url>
<image_url><![CDATA[https://s.gr-assets.com/assets/nophoto/book/111x148-bcc042a9c91a29c1d680899eff700a03.png]]></image_url>
<num_pages>576</num_pages>
<work>
<id>345567</id>
</work>
<isbn>0671015354</isbn>
<isbn13>9780671015350</isbn13>
<average_rating>4.14</average_rating>
<ratings_count>537</ratings_count>
<publication_year>1999</publication_year>
<publication_month>12</publication_month>
<publication_day>1</publication_day>
<authors>
<author>
<id>203705</id>
<name>James Byron Huggins</name>
<link><![CDATA[https://www.goodreads.com/author/show/203705.James_Byron_Huggins]]></link>
</author>
</authors>
</book>

          <book>
<id>18686480</id>
<title>Leviathan</title>
<title_without_series>Leviathan</title_without_series>
<link><![CDATA[https://www.goodreads.com/book/show/18686480-leviathan]]></link>
<small_image_url><![CDATA[https://images.gr-assets.com/books/1384970404s/18686480.jpg]]></small_image_url>
<image_url><![CDATA[https://images.gr-assets.com/books/1384970404m/18686480.jpg]]></image_url>
<num_pages>103</num_pages>
<work>
<id>26528874</id>
</work>
<isbn></isbn>
<isbn13></isbn13>
<average_rating>3.60</average_rating>
<ratings_count>192</ratings_count>
<publication_year>2013</publication_year>
<publication_month>10</publication_month>
<publication_day>14</publication_day>
<authors>
<author>
<id>497865</id>
<name>Tim Curran</name>
<link><![CDATA[https://www.goodreads.com/author/show/497865.Tim_Curran]]></link>
</author>
</authors>
</book>

          <book>
<id>36062</id>
<title><![CDATA[Crime Wave: Reportage and Fiction from the Underside of L.A.]]></title>
<title_without_series><![CDATA[Crime Wave: Reportage and Fiction from the Underside of L.A.]]></title_without_series>
<link><![CDATA[https://www.goodreads.com/book/show/36062.Crime_Wave]]></link>
<small_image_url><![CDATA[https://images.gr-assets.com/books/1337724838s/36062.jpg]]></small_image_url>
<image_url><![CDATA[https://images.gr-assets.com/books/1337724838m/36062.jpg]]></image_url>
<num_pages>288</num_pages>
<work>
<id>35973</id>
</work>
<isbn>037570471X</isbn>
<isbn13>9780375704710</isbn13>
<average_rating>3.58</average_rating>
<ratings_count>1658</ratings_count>
<publication_year>1999</publication_year>
<publication_month>1</publication_month>
<publication_day>26</publication_day>
<authors>
<author>
<id>2887</id>
<name>James Ellroy</name>
<link><![CDATA[https://www.goodreads.com/author/show/2887.James_Ellroy]]></link>
</author>
</authors>
</book>

          <book>
<id>9790789</id>
<title>Dark Rising (Alex Hunter, #2)</title>
<title_without_series>Dark Rising</title_without_series>
<link><![CDATA[https://www.goodreads.com/book/show/9790789-dark-rising]]></link>
<small_image_url><![CDATA[https://s.gr-assets.com/assets/nophoto/book/50x75-a91bf249278a81aabab721ef782c4a74.png]]></small_image_url>
<image_url><![CDATA[https://s.gr-assets.com/assets/nophoto/book/111x148-bcc042a9c91a29c1d680899eff700a03.png]]></image_url>
<num_pages>304</num_pages>
<work>
<id>14680838</id>
</work>
<isbn>0312599803</isbn>
<isbn13>9780312599805</isbn13>
<average_rating>3.95</average_rating>
<ratings_count>1773</ratings_count>
<publication_year>2011</publication_year>
<publication_month>8</publication_month>
<publication_day>2</publication_day>
<authors>
<author>
<id>3364561</id>
<name>Greig Beck</name>
<link><![CDATA[https://www.goodreads.com/author/show/3364561.Greig_Beck]]></link>
</author>
</authors>
</book>

          <book>
<id>20490669</id>
<title>Mega (Mega, #1)</title>
<title_without_series>Mega</title_without_series>
<link><![CDATA[https://www.goodreads.com/book/show/20490669-mega]]></link>
<small_image_url><![CDATA[https://s.gr-assets.com/assets/nophoto/book/50x75-a91bf249278a81aabab721ef782c4a74.png]]></small_image_url>
<image_url><![CDATA[https://s.gr-assets.com/assets/nophoto/book/111x148-bcc042a9c91a29c1d680899eff700a03.png]]></image_url>
<num_pages></num_pages>
<work>
<id>33075013</id>
</work>
<isbn></isbn>
<isbn13></isbn13>
<average_rating>3.79</average_rating>
<ratings_count>326</ratings_count>
<publication_year></publication_year>
<publication_month></publication_month>
<publication_day></publication_day>
<authors>
<author>
<id>3499929</id>
<name>Jake Bible</name>
<link><![CDATA[https://www.goodreads.com/author/show/3499929.Jake_Bible]]></link>
</author>
</authors>
</book>

  </similar_books>
</book>

</GoodreadsResponse>