<?xml version="1.0" encoding="UTF-8"?>
<GoodreadsResponse>
  <Request>
    <authentication>true</authentication>
      <key><![CDATA[all_men_must_serve]]></key>
    <method><![CDATA[book_show]]></method>
  </Request>
  <book>
  <id>10583</id>
  <title>Pet Sematary</title>
  <isbn><![CDATA[1416524347]]></isbn>
  <isbn13><![CDATA[9781416524342]]></isbn13>
  <asin><![CDATA[]]></asin>
  <kindle_asin><![CDATA[B003BKZW4U]]></kindle_asin>
  <marketplace_id><![CDATA[A1F83G8C2ARO7P]]></marketplace_id>
  <country_code><![CDATA[GB]]></country_code>
  <image_url>https://images.gr-assets.com/books/1308894674m/10583.jpg</image_url>
  <small_image_url>https://images.gr-assets.com/books/1308894674s/10583.jpg</small_image_url>
  <publication_year>2005</publication_year>
  <publication_month>11</publication_month>
  <publication_day>1</publication_day>
  <publisher>Pocket Books</publisher>
  <language_code>eng</language_code>
  <is_ebook>false</is_ebook>
  <description><![CDATA[Sometimes dead is better....When the Creeds move into a beautiful old house in rural Maine, it all seems too good to be true: physician father, beautiful wife, charming little daughter, adorable infant son -- and now an idyllic home. As a family, they've got it all...right down to the friendly cat. But the nearby woods hide a blood-chilling truth -- more terrifying than death itself...and hideously more powerful.]]></description>
  <work>
  <id type="integer">150017</id>
  <books_count type="integer">198</books_count>
  <best_book_id type="integer">33124137</best_book_id>
  <reviews_count type="integer">393039</reviews_count>
  <ratings_sum type="integer">1149822</ratings_sum>
  <ratings_count type="integer">293997</ratings_count>
  <text_reviews_count type="integer">5441</text_reviews_count>
  <original_publication_year type="integer">1983</original_publication_year>
  <original_publication_month type="integer">11</original_publication_month>
  <original_publication_day type="integer">14</original_publication_day>
  <original_title>Pet Sematary</original_title>
  <original_language_id type="integer" nil="true"/>
  <media_type>book</media_type>
  <rating_dist>5:95749|4:102827|3:73513|2:17322|1:4586|total:293997</rating_dist>
  <desc_user_id type="integer">30366554</desc_user_id>
  <default_chaptering_book_id type="integer" nil="true"/>
  <default_description_language_code nil="true"/>
</work>
  <average_rating>3.91</average_rating>
  <num_pages><![CDATA[576]]></num_pages>
  <format><![CDATA[Paperback]]></format>
  <edition_information><![CDATA[]]></edition_information>
  <ratings_count><![CDATA[256389]]></ratings_count>
  <text_reviews_count><![CDATA[3493]]></text_reviews_count>
  <url><![CDATA[https://www.goodreads.com/book/show/10583.Pet_Sematary]]></url>
  <link><![CDATA[https://www.goodreads.com/book/show/10583.Pet_Sematary]]></link>
  <authors>
<author>
<id>3389</id>
<name>Stephen King</name>
<role></role>
<image_url nophoto='false'>
<![CDATA[https://images.gr-assets.com/authors/1362814142p5/3389.jpg]]>
</image_url>
<small_image_url nophoto='false'>
<![CDATA[https://images.gr-assets.com/authors/1362814142p2/3389.jpg]]>
</small_image_url>
<link><![CDATA[https://www.goodreads.com/author/show/3389.Stephen_King]]></link>
<average_rating>4.01</average_rating>
<ratings_count>10357138</ratings_count>
<text_reviews_count>349174</text_reviews_count>
</author>
</authors>

    <reviews_widget>
      <![CDATA[
        <style>
  #goodreads-widget {
    font-family: georgia, serif;
    padding: 18px 0;
    width:565px;
  }
  #goodreads-widget h1 {
    font-weight:normal;
    font-size: 16px;
    border-bottom: 1px solid #BBB596;
    margin-bottom: 0;
  }
  #goodreads-widget a {
    text-decoration: none;
    color:#660;
  }
  iframe{
    background-color: #fff;
  }
  #goodreads-widget a:hover { text-decoration: underline; }
  #goodreads-widget a:active {
    color:#660;
  }
  #gr_footer {
    width: 100%;
    border-top: 1px solid #BBB596;
    text-align: right;
  }
  #goodreads-widget .gr_branding{
    color: #382110;
    font-size: 11px;
    text-decoration: none;
    font-family: "Helvetica Neue", Helvetica, Arial, sans-serif;
  }
</style>
<div id="goodreads-widget">
  <div id="gr_header"><h1><a rel="nofollow" href="https://www.goodreads.com/book/show/10583.Pet_Sematary">Pet Sematary Reviews</a></h1></div>
  <iframe id="the_iframe" src="https://www.goodreads.com/api/reviews_widget_iframe?did=DEVELOPER_ID&amp;format=html&amp;isbn=1416524347&amp;links=660&amp;min_rating=&amp;review_back=fff&amp;stars=000&amp;text=000" width="565" height="400" frameborder="0"></iframe>
  <div id="gr_footer">
    <a class="gr_branding" target="_blank" rel="nofollow" href="https://www.goodreads.com/book/show/10583.Pet_Sematary?utm_medium=api&amp;utm_source=reviews_widget">Reviews from Goodreads.com</a>
  </div>
</div>

      ]]>
    </reviews_widget>
  <popular_shelves>
      <shelf name="horror" count="6222"/>
      <shelf name="to-read" count="4254"/>
      <shelf name="stephen-king" count="2534"/>
      <shelf name="fiction" count="1773"/>
      <shelf name="books-i-own" count="451"/>
      <shelf name="thriller" count="426"/>
      <shelf name="king" count="368"/>
      <shelf name="fantasy" count="290"/>
      <shelf name="currently-reading" count="249"/>
      <shelf name="paranormal" count="221"/>
      <shelf name="default" count="214"/>
      <shelf name="owned-books" count="196"/>
      <shelf name="supernatural" count="195"/>
      <shelf name="suspense" count="154"/>
      <shelf name="zombies" count="149"/>
      <shelf name="mystery" count="138"/>
      <shelf name="horror-thriller" count="132"/>
      <shelf name="adult" count="131"/>
      <shelf name="novels" count="111"/>
      <shelf name="my-books" count="110"/>
      <shelf name="favourites" count="99"/>
      <shelf name="american" count="97"/>
      <shelf name="library" count="94"/>
      <shelf name="adult-fiction" count="92"/>
      <shelf name="favorites" count="82"/>
      <shelf name="scary" count="82"/>
      <shelf name="terror" count="77"/>
      <shelf name="my-library" count="72"/>
      <shelf name="books" count="68"/>
      <shelf name="i-own" count="63"/>
      <shelf name="king-stephen" count="61"/>
      <shelf name="animals" count="59"/>
      <shelf name="novel" count="58"/>
      <shelf name="thriller-horror" count="58"/>
      <shelf name="ebooks" count="53"/>
      <shelf name="horror-suspense" count="51"/>
      <shelf name="thrillers" count="50"/>
      <shelf name="the-king" count="49"/>
      <shelf name="creepy" count="47"/>
      <shelf name="owned" count="46"/>
      <shelf name="classics" count="46"/>
      <shelf name="mystery-thriller" count="45"/>
      <shelf name="kindle" count="44"/>
      <shelf name="science-fiction" count="44"/>
      <shelf name="favorite-books" count="42"/>
      <shelf name="fiction-horror" count="42"/>
      <shelf name="wish-list" count="42"/>
      <shelf name="20th-century" count="39"/>
      <shelf name="spooky" count="39"/>
      <shelf name="contemporary" count="39"/>
      <shelf name="read-in-2016" count="37"/>
      <shelf name="home-library" count="37"/>
      <shelf name="re-read" count="37"/>
      <shelf name="dark" count="35"/>
      <shelf name="modern" count="34"/>
      <shelf name="general-fiction" count="34"/>
      <shelf name="read-in-2014" count="33"/>
      <shelf name="american-literature" count="33"/>
      <shelf name="stephenking" count="33"/>
      <shelf name="stephen-king-read" count="33"/>
      <shelf name="maine" count="32"/>
      <shelf name="have" count="32"/>
      <shelf name="own-it" count="32"/>
      <shelf name="s-king" count="31"/>
      <shelf name="stand-alone" count="31"/>
      <shelf name="borrowed" count="31"/>
      <shelf name="horror-supernatural" count="31"/>
      <shelf name="ghost" count="30"/>
      <shelf name="sci-fi" count="30"/>
      <shelf name="horror-fiction" count="29"/>
      <shelf name="stories" count="28"/>
      <shelf name="paperback" count="28"/>
      <shelf name="usa" count="27"/>
      <shelf name="cemeteries" count="27"/>
      <shelf name="4-stars" count="27"/>
      <shelf name="finished" count="27"/>
      <shelf name="general" count="27"/>
      <shelf name="horror-mystery" count="27"/>
      <shelf name="stephen-king-books" count="26"/>
      <shelf name="favorite" count="26"/>
      <shelf name="steven-king" count="26"/>
      <shelf name="read-in-2015" count="25"/>
      <shelf name="5-stars" count="25"/>
      <shelf name="movies" count="25"/>
      <shelf name="pet" count="24"/>
      <shelf name="tales" count="24"/>
      <shelf name="read-more-than-once" count="24"/>
      <shelf name="english" count="24"/>
      <shelf name="favorite-authors" count="24"/>
      <shelf name="death" count="24"/>
      <shelf name="saw-the-movie" count="24"/>
      <shelf name="1980s" count="24"/>
      <shelf name="e-books" count="23"/>
      <shelf name="my-collection" count="23"/>
      <shelf name="my-favorites" count="23"/>
      <shelf name="my-bookshelf" count="22"/>
      <shelf name="audiobooks" count="22"/>
      <shelf name="book-to-movie" count="22"/>
      <shelf name="literature" count="22"/>
      <shelf name="contemporary-fiction" count="22"/>
  </popular_shelves>
  <book_links>
    <book_link>
  <id>8</id>
  <name>Libraries</name>
  <link>https://www.goodreads.com/book_link/follow/8</link>
</book_link>

  </book_links>
  <buy_links>
    <buy_link>
<id>1</id>
<name>Amazon</name>
<link>https://www.goodreads.com/book_link/follow/1</link>
</buy_link>
<buy_link>
<id>10</id>
<name>Audible</name>
<link>https://www.goodreads.com/book_link/follow/10</link>
</buy_link>
<buy_link>
<id>3</id>
<name>Barnes &amp; Noble</name>
<link>https://www.goodreads.com/book_link/follow/3</link>
</buy_link>
<buy_link>
<id>1027</id>
<name>Kobo</name>
<link>https://www.goodreads.com/book_link/follow/1027</link>
</buy_link>
<buy_link>
<id>2102</id>
<name>Apple iBooks</name>
<link>https://www.goodreads.com/book_link/follow/2102</link>
</buy_link>
<buy_link>
<id>8036</id>
<name>Google Play</name>
<link>https://www.goodreads.com/book_link/follow/8036</link>
</buy_link>
<buy_link>
<id>4</id>
<name>Abebooks</name>
<link>https://www.goodreads.com/book_link/follow/4</link>
</buy_link>
<buy_link>
<id>882</id>
<name>Book Depository</name>
<link>https://www.goodreads.com/book_link/follow/882</link>
</buy_link>
<buy_link>
<id>9</id>
<name>Indigo</name>
<link>https://www.goodreads.com/book_link/follow/9</link>
</buy_link>
<buy_link>
<id>2</id>
<name>Half.com</name>
<link>https://www.goodreads.com/book_link/follow/2</link>
</buy_link>
<buy_link>
<id>5</id>
<name>Alibris</name>
<link>https://www.goodreads.com/book_link/follow/5</link>
</buy_link>
<buy_link>
<id>107</id>
<name>Better World Books</name>
<link>https://www.goodreads.com/book_link/follow/107</link>
</buy_link>
<buy_link>
<id>7</id>
<name>IndieBound</name>
<link>https://www.goodreads.com/book_link/follow/7</link>
</buy_link>

  </buy_links>
  <series_works>
    
  </series_works>
  <similar_books>
          <book>
<id>10596</id>
<title>The Regulators</title>
<title_without_series>The Regulators</title_without_series>
<link><![CDATA[https://www.goodreads.com/book/show/10596.The_Regulators]]></link>
<small_image_url><![CDATA[https://images.gr-assets.com/books/1364033309s/10596.jpg]]></small_image_url>
<image_url><![CDATA[https://images.gr-assets.com/books/1364033309m/10596.jpg]]></image_url>
<num_pages></num_pages>
<work>
<id>955346</id>
</work>
<isbn>0451191013</isbn>
<isbn13>9780451191014</isbn13>
<average_rating>3.63</average_rating>
<ratings_count>53340</ratings_count>
<publication_year></publication_year>
<publication_month></publication_month>
<publication_day></publication_day>
<authors>
<author>
<id>5858</id>
<name>Richard Bachman</name>
<link><![CDATA[https://www.goodreads.com/author/show/5858.Richard_Bachman]]></link>
</author>
</authors>
</book>

          <book>
<id>397872</id>
<title>Lair (Rats, #2)</title>
<title_without_series>Lair</title_without_series>
<link><![CDATA[https://www.goodreads.com/book/show/397872.Lair]]></link>
<small_image_url><![CDATA[https://s.gr-assets.com/assets/nophoto/book/50x75-a91bf249278a81aabab721ef782c4a74.png]]></small_image_url>
<image_url><![CDATA[https://s.gr-assets.com/assets/nophoto/book/111x148-bcc042a9c91a29c1d680899eff700a03.png]]></image_url>
<num_pages>272</num_pages>
<work>
<id>1422642</id>
</work>
<isbn>0330376195</isbn>
<isbn13>9780330376198</isbn13>
<average_rating>3.89</average_rating>
<ratings_count>4634</ratings_count>
<publication_year>1999</publication_year>
<publication_month>11</publication_month>
<publication_day>1</publication_day>
<authors>
<author>
<id>80984</id>
<name>James Herbert</name>
<link><![CDATA[https://www.goodreads.com/author/show/80984.James_Herbert]]></link>
</author>
</authors>
</book>

          <book>
<id>6555</id>
<title>The Blackstone Chronicles</title>
<title_without_series>The Blackstone Chronicles</title_without_series>
<link><![CDATA[https://www.goodreads.com/book/show/6555.The_Blackstone_Chronicles]]></link>
<small_image_url><![CDATA[https://images.gr-assets.com/books/1348176531s/6555.jpg]]></small_image_url>
<image_url><![CDATA[https://images.gr-assets.com/books/1348176531m/6555.jpg]]></image_url>
<num_pages>527</num_pages>
<work>
<id>1276254</id>
</work>
<isbn>0099270234</isbn>
<isbn13>9780099270232</isbn13>
<average_rating>4.11</average_rating>
<ratings_count>4145</ratings_count>
<publication_year>1998</publication_year>
<publication_month></publication_month>
<publication_day></publication_day>
<authors>
<author>
<id>4387</id>
<name>John Saul</name>
<link><![CDATA[https://www.goodreads.com/author/show/4387.John_Saul]]></link>
</author>
</authors>
</book>

          <book>
<id>34605</id>
<title>The Damnation Game</title>
<title_without_series>The Damnation Game</title_without_series>
<link><![CDATA[https://www.goodreads.com/book/show/34605.The_Damnation_Game]]></link>
<small_image_url><![CDATA[https://s.gr-assets.com/assets/nophoto/book/50x75-a91bf249278a81aabab721ef782c4a74.png]]></small_image_url>
<image_url><![CDATA[https://s.gr-assets.com/assets/nophoto/book/111x148-bcc042a9c91a29c1d680899eff700a03.png]]></image_url>
<num_pages>433</num_pages>
<work>
<id>3059336</id>
</work>
<isbn>0425188930</isbn>
<isbn13>9780425188934</isbn13>
<average_rating>3.82</average_rating>
<ratings_count>15335</ratings_count>
<publication_year>2002</publication_year>
<publication_month>11</publication_month>
<publication_day>5</publication_day>
<authors>
<author>
<id>10366</id>
<name>Clive Barker</name>
<link><![CDATA[https://www.goodreads.com/author/show/10366.Clive_Barker]]></link>
</author>
</authors>
</book>

          <book>
<id>733895</id>
<title>The Midnight Tour</title>
<title_without_series>The Midnight Tour</title_without_series>
<link><![CDATA[https://www.goodreads.com/book/show/733895.The_Midnight_Tour]]></link>
<small_image_url><![CDATA[https://s.gr-assets.com/assets/nophoto/book/50x75-a91bf249278a81aabab721ef782c4a74.png]]></small_image_url>
<image_url><![CDATA[https://s.gr-assets.com/assets/nophoto/book/111x148-bcc042a9c91a29c1d680899eff700a03.png]]></image_url>
<num_pages>596</num_pages>
<work>
<id>1398325</id>
</work>
<isbn>0843957530</isbn>
<isbn13>9780843957532</isbn13>
<average_rating>3.88</average_rating>
<ratings_count>1923</ratings_count>
<publication_year>2007</publication_year>
<publication_month>7</publication_month>
<publication_day>1</publication_day>
<authors>
<author>
<id>83937</id>
<name>Richard Laymon</name>
<link><![CDATA[https://www.goodreads.com/author/show/83937.Richard_Laymon]]></link>
</author>
</authors>
</book>

          <book>
<id>32430</id>
<title>The Bad Place</title>
<title_without_series>The Bad Place</title_without_series>
<link><![CDATA[https://www.goodreads.com/book/show/32430.The_Bad_Place]]></link>
<small_image_url><![CDATA[https://s.gr-assets.com/assets/nophoto/book/50x75-a91bf249278a81aabab721ef782c4a74.png]]></small_image_url>
<image_url><![CDATA[https://s.gr-assets.com/assets/nophoto/book/111x148-bcc042a9c91a29c1d680899eff700a03.png]]></image_url>
<num_pages>427</num_pages>
<work>
<id>260358</id>
</work>
<isbn>0425195481</isbn>
<isbn13>9780425195482</isbn13>
<average_rating>3.86</average_rating>
<ratings_count>28145</ratings_count>
<publication_year>2004</publication_year>
<publication_month>7</publication_month>
<publication_day>6</publication_day>
<authors>
<author>
<id>9355</id>
<name>Dean Koontz</name>
<link><![CDATA[https://www.goodreads.com/author/show/9355.Dean_Koontz]]></link>
</author>
</authors>
</book>

          <book>
<id>11551</id>
<title>The Wolf&apos;s Hour</title>
<title_without_series>The Wolf&apos;s Hour</title_without_series>
<link><![CDATA[https://www.goodreads.com/book/show/11551.The_Wolf_s_Hour]]></link>
<small_image_url><![CDATA[https://images.gr-assets.com/books/1397767923s/11551.jpg]]></small_image_url>
<image_url><![CDATA[https://images.gr-assets.com/books/1397767923m/11551.jpg]]></image_url>
<num_pages>603</num_pages>
<work>
<id>16686655</id>
</work>
<isbn>0671731424</isbn>
<isbn13>9780671731427</isbn13>
<average_rating>4.04</average_rating>
<ratings_count>8437</ratings_count>
<publication_year>1990</publication_year>
<publication_month>8</publication_month>
<publication_day>15</publication_day>
<authors>
<author>
<id>5244478</id>
<name>Robert McCammon</name>
<link><![CDATA[https://www.goodreads.com/author/show/5244478.Robert_McCammon]]></link>
</author>
</authors>
</book>

          <book>
<id>11532</id>
<title>Night Visions 5</title>
<title_without_series>Night Visions 5</title_without_series>
<link><![CDATA[https://www.goodreads.com/book/show/11532.Night_Visions_5]]></link>
<small_image_url><![CDATA[https://images.gr-assets.com/books/1289330105s/11532.jpg]]></small_image_url>
<image_url><![CDATA[https://images.gr-assets.com/books/1289330105m/11532.jpg]]></image_url>
<num_pages>274</num_pages>
<work>
<id>88730</id>
</work>
<isbn>0913165328</isbn>
<isbn13>9780913165324</isbn13>
<average_rating>3.90</average_rating>
<ratings_count>1362</ratings_count>
<publication_year>1988</publication_year>
<publication_month>5</publication_month>
<publication_day></publication_day>
<authors>
<author>
<id>18351</id>
<name>Douglas E. Winter</name>
<link><![CDATA[https://www.goodreads.com/author/show/18351.Douglas_E_Winter]]></link>
</author>
</authors>
</book>

          <book>
<id>11286</id>
<title>Carrion Comfort</title>
<title_without_series>Carrion Comfort</title_without_series>
<link><![CDATA[https://www.goodreads.com/book/show/11286.Carrion_Comfort]]></link>
<small_image_url><![CDATA[https://s.gr-assets.com/assets/nophoto/book/50x75-a91bf249278a81aabab721ef782c4a74.png]]></small_image_url>
<image_url><![CDATA[https://s.gr-assets.com/assets/nophoto/book/111x148-bcc042a9c91a29c1d680899eff700a03.png]]></image_url>
<num_pages>884</num_pages>
<work>
<id>909623</id>
</work>
<isbn>0446359203</isbn>
<isbn13>9780446359207</isbn13>
<average_rating>3.89</average_rating>
<ratings_count>14805</ratings_count>
<publication_year></publication_year>
<publication_month></publication_month>
<publication_day></publication_day>
<authors>
<author>
<id>2687</id>
<name>Dan Simmons</name>
<link><![CDATA[https://www.goodreads.com/author/show/2687.Dan_Simmons]]></link>
</author>
</authors>
</book>

  </similar_books>
</book>

</GoodreadsResponse>