<?xml version="1.0" encoding="UTF-8"?>
<GoodreadsResponse>
  <Request>
    <authentication>true</authentication>
      <key><![CDATA[all_men_must_serve]]></key>
    <method><![CDATA[book_show]]></method>
  </Request>
  <book>
  <id>10596724</id>
  <title>Horde (Razorland, #3)</title>
  <isbn><![CDATA[1250024633]]></isbn>
  <isbn13><![CDATA[9781250024633]]></isbn13>
  <asin><![CDATA[]]></asin>
  <kindle_asin><![CDATA[B00CVNLKUI]]></kindle_asin>
  <marketplace_id><![CDATA[A1F83G8C2ARO7P]]></marketplace_id>
  <country_code><![CDATA[GB]]></country_code>
  <image_url>https://images.gr-assets.com/books/1362287692m/10596724.jpg</image_url>
  <small_image_url>https://images.gr-assets.com/books/1362287692s/10596724.jpg</small_image_url>
  <publication_year>2013</publication_year>
  <publication_month>10</publication_month>
  <publication_day>29</publication_day>
  <publisher>Feiwel &amp; Friends</publisher>
  <language_code>en-CA</language_code>
  <is_ebook>false</is_ebook>
  <description><![CDATA[<b>The epic conclusion to the <i>USA Today</i> bestselling trilogy.</b><br /><br />The horde is coming.<br /><br />Salvation is surrounded, monsters at the gates, and this time, they're not going away. When Deuce, Fade, Stalker and Tegan set out, the odds are against them. But the odds have been stacked against Deuce from the moment she was born. She might not be a Huntress anymore, but she doesn't run. With her knives in hand and her companions at her side, she will not falter, whether fighting for her life or Fade's love.<br /><br />Ahead, the battle of a lifetime awaits. Freaks are everywhere, attacking settlements, setting up scouts, perimeters, and patrols. There hasn't been a war like this in centuries, and humans have forgotten how to stand and fight. Unless Deuce can lead them.<br /><br />This time, however, more than the fate of a single enclave or outpost hangs in the balance. This time, Deuce carries the banner for the survival of all humanity.]]></description>
  <work>
  <id type="integer">15504353</id>
  <books_count type="integer">19</books_count>
  <best_book_id type="integer">10596724</best_book_id>
  <reviews_count type="integer">36924</reviews_count>
  <ratings_sum type="integer">81302</ratings_sum>
  <ratings_count type="integer">19005</ratings_count>
  <text_reviews_count type="integer">1822</text_reviews_count>
  <original_publication_year type="integer">2013</original_publication_year>
  <original_publication_month type="integer">9</original_publication_month>
  <original_publication_day type="integer">20</original_publication_day>
  <original_title>Horde</original_title>
  <original_language_id type="integer" nil="true"/>
  <media_type>book</media_type>
  <rating_dist>5:9460|4:6279|3:2550|2:520|1:196|total:19005</rating_dist>
  <desc_user_id type="integer">182453</desc_user_id>
  <default_chaptering_book_id type="integer" nil="true"/>
  <default_description_language_code nil="true"/>
</work>
  <average_rating>4.28</average_rating>
  <num_pages><![CDATA[422]]></num_pages>
  <format><![CDATA[Hardcover]]></format>
  <edition_information><![CDATA[]]></edition_information>
  <ratings_count><![CDATA[17433]]></ratings_count>
  <text_reviews_count><![CDATA[1674]]></text_reviews_count>
  <url><![CDATA[https://www.goodreads.com/book/show/10596724-horde]]></url>
  <link><![CDATA[https://www.goodreads.com/book/show/10596724-horde]]></link>
  <authors>
<author>
<id>835348</id>
<name>Ann Aguirre</name>
<role></role>
<image_url nophoto='false'>
<![CDATA[https://images.gr-assets.com/authors/1275442049p5/835348.jpg]]>
</image_url>
<small_image_url nophoto='false'>
<![CDATA[https://images.gr-assets.com/authors/1275442049p2/835348.jpg]]>
</small_image_url>
<link><![CDATA[https://www.goodreads.com/author/show/835348.Ann_Aguirre]]></link>
<average_rating>3.95</average_rating>
<ratings_count>177193</ratings_count>
<text_reviews_count>16790</text_reviews_count>
</author>
</authors>

    <reviews_widget>
      <![CDATA[
        <style>
  #goodreads-widget {
    font-family: georgia, serif;
    padding: 18px 0;
    width:565px;
  }
  #goodreads-widget h1 {
    font-weight:normal;
    font-size: 16px;
    border-bottom: 1px solid #BBB596;
    margin-bottom: 0;
  }
  #goodreads-widget a {
    text-decoration: none;
    color:#660;
  }
  iframe{
    background-color: #fff;
  }
  #goodreads-widget a:hover { text-decoration: underline; }
  #goodreads-widget a:active {
    color:#660;
  }
  #gr_footer {
    width: 100%;
    border-top: 1px solid #BBB596;
    text-align: right;
  }
  #goodreads-widget .gr_branding{
    color: #382110;
    font-size: 11px;
    text-decoration: none;
    font-family: "Helvetica Neue", Helvetica, Arial, sans-serif;
  }
</style>
<div id="goodreads-widget">
  <div id="gr_header"><h1><a rel="nofollow" href="https://www.goodreads.com/book/show/10596724-horde">Horde Reviews</a></h1></div>
  <iframe id="the_iframe" src="https://www.goodreads.com/api/reviews_widget_iframe?did=DEVELOPER_ID&amp;format=html&amp;isbn=1250024633&amp;links=660&amp;min_rating=&amp;review_back=fff&amp;stars=000&amp;text=000" width="565" height="400" frameborder="0"></iframe>
  <div id="gr_footer">
    <a class="gr_branding" target="_blank" rel="nofollow" href="https://www.goodreads.com/book/show/10596724-horde?utm_medium=api&amp;utm_source=reviews_widget">Reviews from Goodreads.com</a>
  </div>
</div>

      ]]>
    </reviews_widget>
  <popular_shelves>
      <shelf name="to-read" count="15111"/>
      <shelf name="dystopian" count="476"/>
      <shelf name="favorites" count="457"/>
      <shelf name="young-adult" count="447"/>
      <shelf name="dystopia" count="332"/>
      <shelf name="currently-reading" count="307"/>
      <shelf name="ya" count="278"/>
      <shelf name="zombies" count="229"/>
      <shelf name="post-apocalyptic" count="157"/>
      <shelf name="series" count="143"/>
      <shelf name="romance" count="129"/>
      <shelf name="science-fiction" count="117"/>
      <shelf name="fantasy" count="116"/>
      <shelf name="sci-fi" count="105"/>
      <shelf name="books-i-own" count="90"/>
      <shelf name="horror" count="77"/>
      <shelf name="fiction" count="72"/>
      <shelf name="zombie" count="61"/>
      <shelf name="adventure" count="53"/>
      <shelf name="owned" count="48"/>
      <shelf name="read-in-2014" count="41"/>
      <shelf name="apocalyptic" count="41"/>
      <shelf name="to-buy" count="40"/>
      <shelf name="library" count="35"/>
      <shelf name="razorland" count="35"/>
      <shelf name="read-2014" count="31"/>
      <shelf name="favourites" count="31"/>
      <shelf name="teen" count="31"/>
      <shelf name="read-in-2013" count="31"/>
      <shelf name="kindle" count="30"/>
      <shelf name="ya-dystopian" count="30"/>
      <shelf name="ann-aguirre" count="29"/>
      <shelf name="action" count="28"/>
      <shelf name="audiobook" count="27"/>
      <shelf name="survival" count="27"/>
      <shelf name="owned-books" count="25"/>
      <shelf name="kick-ass-heroine" count="24"/>
      <shelf name="dystopian-post-apocalyptic" count="24"/>
      <shelf name="paranormal" count="23"/>
      <shelf name="wish-list" count="23"/>
      <shelf name="apocalypse" count="22"/>
      <shelf name="post-apocalypse" count="22"/>
      <shelf name="futuristic" count="20"/>
      <shelf name="read-in-2015" count="19"/>
      <shelf name="ebook" count="19"/>
      <shelf name="5-stars" count="19"/>
      <shelf name="scifi" count="19"/>
      <shelf name="audiobooks" count="18"/>
      <shelf name="audio" count="18"/>
      <shelf name="trilogy" count="18"/>
      <shelf name="favorite-series" count="18"/>
      <shelf name="made-me-cry" count="18"/>
      <shelf name="thriller" count="17"/>
      <shelf name="2013-release" count="17"/>
      <shelf name="must-read" count="17"/>
      <shelf name="dystopian-fiction" count="17"/>
      <shelf name="2013-releases" count="17"/>
      <shelf name="war" count="16"/>
      <shelf name="future" count="16"/>
      <shelf name="ya-dystopia" count="16"/>
      <shelf name="ya-fiction" count="16"/>
      <shelf name="favorite" count="15"/>
      <shelf name="finished-series" count="15"/>
      <shelf name="ebooks" count="15"/>
      <shelf name="series-to-finish" count="15"/>
      <shelf name="distopian" count="15"/>
      <shelf name="part-of-a-series" count="15"/>
      <shelf name="young-adult-fiction" count="15"/>
      <shelf name="distopia" count="15"/>
      <shelf name="read-2015" count="14"/>
      <shelf name="audio-book" count="14"/>
      <shelf name="read-2013" count="14"/>
      <shelf name="arc" count="14"/>
      <shelf name="all-time-favorites" count="13"/>
      <shelf name="e-books" count="13"/>
      <shelf name="2014-reads" count="13"/>
      <shelf name="ya-books" count="13"/>
      <shelf name="dystopias" count="13"/>
      <shelf name="dystopia-post-apocalyptic" count="13"/>
      <shelf name="need-to-buy" count="13"/>
      <shelf name="ya-fantasy" count="13"/>
      <shelf name="read-in-2016" count="12"/>
      <shelf name="4-stars" count="12"/>
      <shelf name="end-of-the-world" count="12"/>
      <shelf name="trilogies" count="12"/>
      <shelf name="sequels" count="12"/>
      <shelf name="love" count="11"/>
      <shelf name="audible" count="11"/>
      <shelf name="own-it" count="11"/>
      <shelf name="favorite-books" count="11"/>
      <shelf name="dark" count="11"/>
      <shelf name="dnf" count="10"/>
      <shelf name="i-own" count="10"/>
      <shelf name="my-favorites" count="10"/>
      <shelf name="action-adventure" count="10"/>
      <shelf name="completed-series" count="10"/>
      <shelf name="want" count="10"/>
      <shelf name="to-read-series" count="10"/>
      <shelf name="series-to-read" count="10"/>
      <shelf name="shelfari-favorites" count="9"/>
  </popular_shelves>
  <book_links>
    <book_link>
  <id>8</id>
  <name>Libraries</name>
  <link>https://www.goodreads.com/book_link/follow/8</link>
</book_link>

  </book_links>
  <buy_links>
    <buy_link>
<id>1</id>
<name>Amazon</name>
<link>https://www.goodreads.com/book_link/follow/1</link>
</buy_link>
<buy_link>
<id>10</id>
<name>Audible</name>
<link>https://www.goodreads.com/book_link/follow/10</link>
</buy_link>
<buy_link>
<id>3</id>
<name>Barnes &amp; Noble</name>
<link>https://www.goodreads.com/book_link/follow/3</link>
</buy_link>
<buy_link>
<id>1027</id>
<name>Kobo</name>
<link>https://www.goodreads.com/book_link/follow/1027</link>
</buy_link>
<buy_link>
<id>2102</id>
<name>Apple iBooks</name>
<link>https://www.goodreads.com/book_link/follow/2102</link>
</buy_link>
<buy_link>
<id>8036</id>
<name>Google Play</name>
<link>https://www.goodreads.com/book_link/follow/8036</link>
</buy_link>
<buy_link>
<id>4</id>
<name>Abebooks</name>
<link>https://www.goodreads.com/book_link/follow/4</link>
</buy_link>
<buy_link>
<id>882</id>
<name>Book Depository</name>
<link>https://www.goodreads.com/book_link/follow/882</link>
</buy_link>
<buy_link>
<id>9</id>
<name>Indigo</name>
<link>https://www.goodreads.com/book_link/follow/9</link>
</buy_link>
<buy_link>
<id>2</id>
<name>Half.com</name>
<link>https://www.goodreads.com/book_link/follow/2</link>
</buy_link>
<buy_link>
<id>5</id>
<name>Alibris</name>
<link>https://www.goodreads.com/book_link/follow/5</link>
</buy_link>
<buy_link>
<id>107</id>
<name>Better World Books</name>
<link>https://www.goodreads.com/book_link/follow/107</link>
</buy_link>
<buy_link>
<id>7</id>
<name>IndieBound</name>
<link>https://www.goodreads.com/book_link/follow/7</link>
</buy_link>

  </buy_links>
  <series_works>
    <series_work>
<id>236245</id>
<user_position>3</user_position>
<series>
<id>53296</id>
<title>
<![CDATA[
    Razorland
]]>
</title>
<description>
<![CDATA[
]]>
</description>
<note>
<![CDATA[
]]>
</note>
<series_works_count>8</series_works_count>
<primary_work_count>4</primary_work_count>
<numbered>true</numbered>
</series>

</series_work>

  </series_works>
  <similar_books>
          <book>
<id>14290448</id>
<title><![CDATA[Controlling the Dead (The Famished Trilogy, #2)]]></title>
<title_without_series>Controlling the Dead</title_without_series>
<link><![CDATA[https://www.goodreads.com/book/show/14290448-controlling-the-dead]]></link>
<small_image_url><![CDATA[https://images.gr-assets.com/books/1360936917s/14290448.jpg]]></small_image_url>
<image_url><![CDATA[https://images.gr-assets.com/books/1360936917m/14290448.jpg]]></image_url>
<num_pages></num_pages>
<work>
<id>19931652</id>
</work>
<isbn></isbn>
<isbn13></isbn13>
<average_rating>4.16</average_rating>
<ratings_count>1129</ratings_count>
<publication_year>2013</publication_year>
<publication_month>10</publication_month>
<publication_day>27</publication_day>
<authors>
<author>
<id>5777960</id>
<name>Annie Walls</name>
<link><![CDATA[https://www.goodreads.com/author/show/5777960.Annie_Walls]]></link>
</author>
</authors>
</book>

          <book>
<id>14759331</id>
<title>Override (Glitch, #2)</title>
<title_without_series>Override</title_without_series>
<link><![CDATA[https://www.goodreads.com/book/show/14759331-override]]></link>
<small_image_url><![CDATA[https://images.gr-assets.com/books/1341513437s/14759331.jpg]]></small_image_url>
<image_url><![CDATA[https://images.gr-assets.com/books/1341513437m/14759331.jpg]]></image_url>
<num_pages>320</num_pages>
<work>
<id>20408863</id>
</work>
<isbn>1250003008</isbn>
<isbn13>9781250003003</isbn13>
<average_rating>4.03</average_rating>
<ratings_count>2111</ratings_count>
<publication_year>2013</publication_year>
<publication_month>2</publication_month>
<publication_day>12</publication_day>
<authors>
<author>
<id>4662744</id>
<name>Heather Anastasiu</name>
<link><![CDATA[https://www.goodreads.com/author/show/4662744.Heather_Anastasiu]]></link>
</author>
</authors>
</book>

          <book>
<id>13170596</id>
<title><![CDATA[Fragments (Partials Sequence, #2)]]></title>
<title_without_series>Fragments</title_without_series>
<link><![CDATA[https://www.goodreads.com/book/show/13170596-fragments]]></link>
<small_image_url><![CDATA[https://images.gr-assets.com/books/1352943797s/13170596.jpg]]></small_image_url>
<image_url><![CDATA[https://images.gr-assets.com/books/1352943797m/13170596.jpg]]></image_url>
<num_pages>576</num_pages>
<work>
<id>18349959</id>
</work>
<isbn>0062071076</isbn>
<isbn13>9780062071071</isbn13>
<average_rating>4.12</average_rating>
<ratings_count>20501</ratings_count>
<publication_year>2013</publication_year>
<publication_month>2</publication_month>
<publication_day>26</publication_day>
<authors>
<author>
<id>2740668</id>
<name>Dan Wells</name>
<link><![CDATA[https://www.goodreads.com/author/show/2740668.Dan_Wells]]></link>
</author>
</authors>
</book>

          <book>
<id>15741928</id>
<title>Sunrise (Ashfall, #3)</title>
<title_without_series>Sunrise</title_without_series>
<link><![CDATA[https://www.goodreads.com/book/show/15741928-sunrise]]></link>
<small_image_url><![CDATA[https://images.gr-assets.com/books/1380716236s/15741928.jpg]]></small_image_url>
<image_url><![CDATA[https://images.gr-assets.com/books/1380716236m/15741928.jpg]]></image_url>
<num_pages>542</num_pages>
<work>
<id>21429037</id>
</work>
<isbn>1939100011</isbn>
<isbn13>9781939100016</isbn13>
<average_rating>4.24</average_rating>
<ratings_count>4703</ratings_count>
<publication_year>2014</publication_year>
<publication_month>4</publication_month>
<publication_day>15</publication_day>
<authors>
<author>
<id>4445700</id>
<name>Mike Mullin</name>
<link><![CDATA[https://www.goodreads.com/author/show/4445700.Mike_Mullin]]></link>
</author>
</authors>
</book>

          <book>
<id>15817997</id>
<title>Ruled (Birthmarked, #2.5)</title>
<title_without_series>Ruled</title_without_series>
<link><![CDATA[https://www.goodreads.com/book/show/15817997-ruled]]></link>
<small_image_url><![CDATA[https://images.gr-assets.com/books/1344632329s/15817997.jpg]]></small_image_url>
<image_url><![CDATA[https://images.gr-assets.com/books/1344632329m/15817997.jpg]]></image_url>
<num_pages>32</num_pages>
<work>
<id>21545557</id>
</work>
<isbn>1466828935</isbn>
<isbn13>9781466828933</isbn13>
<average_rating>3.81</average_rating>
<ratings_count>1872</ratings_count>
<publication_year>2012</publication_year>
<publication_month>9</publication_month>
<publication_day>19</publication_day>
<authors>
<author>
<id>3036304</id>
<name>Caragh M. O&apos;Brien</name>
<link><![CDATA[https://www.goodreads.com/author/show/3036304.Caragh_M_O_Brien]]></link>
</author>
</authors>
</book>

          <book>
<id>13424356</id>
<title>Fire &amp; Ash (Rot &amp; Ruin, #4)</title>
<title_without_series>Fire &amp; Ash</title_without_series>
<link><![CDATA[https://www.goodreads.com/book/show/13424356-fire-ash]]></link>
<small_image_url><![CDATA[https://images.gr-assets.com/books/1432998644s/13424356.jpg]]></small_image_url>
<image_url><![CDATA[https://images.gr-assets.com/books/1432998644m/13424356.jpg]]></image_url>
<num_pages>537</num_pages>
<work>
<id>18890761</id>
</work>
<isbn>1442439920</isbn>
<isbn13>9781442439924</isbn13>
<average_rating>4.36</average_rating>
<ratings_count>5892</ratings_count>
<publication_year>2013</publication_year>
<publication_month>8</publication_month>
<publication_day>13</publication_day>
<authors>
<author>
<id>72451</id>
<name>Jonathan Maberry</name>
<link><![CDATA[https://www.goodreads.com/author/show/72451.Jonathan_Maberry]]></link>
</author>
</authors>
</book>

          <book>
<id>17609113</id>
<title><![CDATA[Water & Storm Country (The Country Saga, #3)]]></title>
<title_without_series>Water &amp; Storm Country</title_without_series>
<link><![CDATA[https://www.goodreads.com/book/show/17609113-water-storm-country]]></link>
<small_image_url><![CDATA[https://images.gr-assets.com/books/1368462475s/17609113.jpg]]></small_image_url>
<image_url><![CDATA[https://images.gr-assets.com/books/1368462475m/17609113.jpg]]></image_url>
<num_pages>380</num_pages>
<work>
<id>24568526</id>
</work>
<isbn></isbn>
<isbn13></isbn13>
<average_rating>4.30</average_rating>
<ratings_count>797</ratings_count>
<publication_year>2013</publication_year>
<publication_month>6</publication_month>
<publication_day>6</publication_day>
<authors>
<author>
<id>3167424</id>
<name>David Estes</name>
<link><![CDATA[https://www.goodreads.com/author/show/3167424.David_Estes]]></link>
</author>
</authors>
</book>

          <book>
<id>13188615</id>
<title><![CDATA[Breaking Point (Article 5, #2)]]></title>
<title_without_series>Breaking Point</title_without_series>
<link><![CDATA[https://www.goodreads.com/book/show/13188615-breaking-point]]></link>
<small_image_url><![CDATA[https://images.gr-assets.com/books/1344443228s/13188615.jpg]]></small_image_url>
<image_url><![CDATA[https://images.gr-assets.com/books/1344443228m/13188615.jpg]]></image_url>
<num_pages>400</num_pages>
<work>
<id>18369642</id>
</work>
<isbn>076532959X</isbn>
<isbn13>9780765329592</isbn13>
<average_rating>4.00</average_rating>
<ratings_count>9118</ratings_count>
<publication_year>2013</publication_year>
<publication_month>2</publication_month>
<publication_day>12</publication_day>
<authors>
<author>
<id>4692856</id>
<name>Kristen Simmons</name>
<link><![CDATA[https://www.goodreads.com/author/show/4692856.Kristen_Simmons]]></link>
</author>
</authors>
</book>

          <book>
<id>11558256</id>
<title>Shadowlark (Skylark, #2)</title>
<title_without_series>Shadowlark</title_without_series>
<link><![CDATA[https://www.goodreads.com/book/show/11558256-shadowlark]]></link>
<small_image_url><![CDATA[https://images.gr-assets.com/books/1367424556s/11558256.jpg]]></small_image_url>
<image_url><![CDATA[https://images.gr-assets.com/books/1367424556m/11558256.jpg]]></image_url>
<num_pages>327</num_pages>
<work>
<id>16498551</id>
</work>
<isbn>0761388664</isbn>
<isbn13>9780761388661</isbn13>
<average_rating>3.96</average_rating>
<ratings_count>1289</ratings_count>
<publication_year>2013</publication_year>
<publication_month>10</publication_month>
<publication_day>1</publication_day>
<authors>
<author>
<id>4615776</id>
<name>Meagan Spooner</name>
<link><![CDATA[https://www.goodreads.com/author/show/4615776.Meagan_Spooner]]></link>
</author>
</authors>
</book>

          <book>
<id>15835877</id>
<title>Raging Star (Dust Lands, #3)</title>
<title_without_series>Raging Star</title_without_series>
<link><![CDATA[https://www.goodreads.com/book/show/15835877-raging-star]]></link>
<small_image_url><![CDATA[https://images.gr-assets.com/books/1380652100s/15835877.jpg]]></small_image_url>
<image_url><![CDATA[https://images.gr-assets.com/books/1380652100m/15835877.jpg]]></image_url>
<num_pages>432</num_pages>
<work>
<id>21573757</id>
</work>
<isbn>1442430028</isbn>
<isbn13>9781442430020</isbn13>
<average_rating>3.81</average_rating>
<ratings_count>6910</ratings_count>
<publication_year>2014</publication_year>
<publication_month>5</publication_month>
<publication_day>13</publication_day>
<authors>
<author>
<id>4487674</id>
<name>Moira Young</name>
<link><![CDATA[https://www.goodreads.com/author/show/4487674.Moira_Young]]></link>
</author>
</authors>
</book>

          <book>
<id>13581917</id>
<title><![CDATA[The Last Bastion of the Living]]></title>
<title_without_series><![CDATA[The Last Bastion of the Living]]></title_without_series>
<link><![CDATA[https://www.goodreads.com/book/show/13581917-the-last-bastion-of-the-living]]></link>
<small_image_url><![CDATA[https://images.gr-assets.com/books/1336741383s/13581917.jpg]]></small_image_url>
<image_url><![CDATA[https://images.gr-assets.com/books/1336741383m/13581917.jpg]]></image_url>
<num_pages>375</num_pages>
<work>
<id>19167528</id>
</work>
<isbn>1475206313</isbn>
<isbn13>9781475206319</isbn13>
<average_rating>4.02</average_rating>
<ratings_count>1452</ratings_count>
<publication_year>2012</publication_year>
<publication_month>6</publication_month>
<publication_day>12</publication_day>
<authors>
<author>
<id>2310121</id>
<name>Rhiannon Frater</name>
<link><![CDATA[https://www.goodreads.com/author/show/2310121.Rhiannon_Frater]]></link>
</author>
</authors>
</book>

          <book>
<id>13454648</id>
<title><![CDATA[False Sight (False Memory, #2)]]></title>
<title_without_series>False Sight</title_without_series>
<link><![CDATA[https://www.goodreads.com/book/show/13454648-false-sight]]></link>
<small_image_url><![CDATA[https://images.gr-assets.com/books/1371592419s/13454648.jpg]]></small_image_url>
<image_url><![CDATA[https://images.gr-assets.com/books/1371592419m/13454648.jpg]]></image_url>
<num_pages>336</num_pages>
<work>
<id>18981943</id>
</work>
<isbn>1423149858</isbn>
<isbn13>9781423149859</isbn13>
<average_rating>3.80</average_rating>
<ratings_count>1249</ratings_count>
<publication_year>2013</publication_year>
<publication_month>8</publication_month>
<publication_day>13</publication_day>
<authors>
<author>
<id>4575364</id>
<name>Dan Krokos</name>
<link><![CDATA[https://www.goodreads.com/author/show/4575364.Dan_Krokos]]></link>
</author>
</authors>
</book>

          <book>
<id>16140922</id>
<title>Altered (Crewel World, #2)</title>
<title_without_series>Altered</title_without_series>
<link><![CDATA[https://www.goodreads.com/book/show/16140922-altered]]></link>
<small_image_url><![CDATA[https://images.gr-assets.com/books/1375878722s/16140922.jpg]]></small_image_url>
<image_url><![CDATA[https://images.gr-assets.com/books/1375878722m/16140922.jpg]]></image_url>
<num_pages>401</num_pages>
<work>
<id>21972099</id>
</work>
<isbn></isbn>
<isbn13></isbn13>
<average_rating>3.70</average_rating>
<ratings_count>3975</ratings_count>
<publication_year>2013</publication_year>
<publication_month>10</publication_month>
<publication_day>29</publication_day>
<authors>
<author>
<id>4906436</id>
<name>Gennifer Albin</name>
<link><![CDATA[https://www.goodreads.com/author/show/4906436.Gennifer_Albin]]></link>
</author>
</authors>
</book>

          <book>
<id>16032322</id>
<title>Hover (The Taking, #2)</title>
<title_without_series>Hover</title_without_series>
<link><![CDATA[https://www.goodreads.com/book/show/16032322-hover]]></link>
<small_image_url><![CDATA[https://images.gr-assets.com/books/1354511362s/16032322.jpg]]></small_image_url>
<image_url><![CDATA[https://images.gr-assets.com/books/1354511362m/16032322.jpg]]></image_url>
<num_pages>352</num_pages>
<work>
<id>21802937</id>
</work>
<isbn></isbn>
<isbn13></isbn13>
<average_rating>3.97</average_rating>
<ratings_count>2152</ratings_count>
<publication_year>2013</publication_year>
<publication_month>8</publication_month>
<publication_day>13</publication_day>
<authors>
<author>
<id>5287439</id>
<name>Melissa  West</name>
<link><![CDATA[https://www.goodreads.com/author/show/5287439.Melissa_West]]></link>
</author>
</authors>
</book>

          <book>
<id>13449858</id>
<title><![CDATA[The Lives We Lost (Fallen World, #2)]]></title>
<title_without_series>The Lives We Lost</title_without_series>
<link><![CDATA[https://www.goodreads.com/book/show/13449858-the-lives-we-lost]]></link>
<small_image_url><![CDATA[https://images.gr-assets.com/books/1352659327s/13449858.jpg]]></small_image_url>
<image_url><![CDATA[https://images.gr-assets.com/books/1352659327m/13449858.jpg]]></image_url>
<num_pages>288</num_pages>
<work>
<id>18971225</id>
</work>
<isbn>1423146174</isbn>
<isbn13>9781423146179</isbn13>
<average_rating>3.84</average_rating>
<ratings_count>2095</ratings_count>
<publication_year>2013</publication_year>
<publication_month>2</publication_month>
<publication_day>12</publication_day>
<authors>
<author>
<id>2839407</id>
<name>Megan Crewe</name>
<link><![CDATA[https://www.goodreads.com/author/show/2839407.Megan_Crewe]]></link>
</author>
</authors>
</book>

          <book>
<id>16039362</id>
<title>Untitled (XVI, #3)</title>
<title_without_series>Untitled</title_without_series>
<link><![CDATA[https://www.goodreads.com/book/show/16039362-untitled]]></link>
<small_image_url><![CDATA[https://s.gr-assets.com/assets/nophoto/book/50x75-a91bf249278a81aabab721ef782c4a74.png]]></small_image_url>
<image_url><![CDATA[https://s.gr-assets.com/assets/nophoto/book/111x148-bcc042a9c91a29c1d680899eff700a03.png]]></image_url>
<num_pages></num_pages>
<work>
<id>21814402</id>
</work>
<isbn></isbn>
<isbn13></isbn13>
<average_rating>3.62</average_rating>
<ratings_count>21</ratings_count>
<publication_year></publication_year>
<publication_month></publication_month>
<publication_day></publication_day>
<authors>
<author>
<id>3100203</id>
<name>Julia Karr</name>
<link><![CDATA[https://www.goodreads.com/author/show/3100203.Julia_Karr]]></link>
</author>
</authors>
</book>

          <book>
<id>13517617</id>
<title>Inhuman (Fetch, #1)</title>
<title_without_series>Inhuman</title_without_series>
<link><![CDATA[https://www.goodreads.com/book/show/13517617-inhuman]]></link>
<small_image_url><![CDATA[https://images.gr-assets.com/books/1370659655s/13517617.jpg]]></small_image_url>
<image_url><![CDATA[https://images.gr-assets.com/books/1370659655m/13517617.jpg]]></image_url>
<num_pages>378</num_pages>
<work>
<id>19075972</id>
</work>
<isbn>054537099X</isbn>
<isbn13>9780545370998</isbn13>
<average_rating>4.09</average_rating>
<ratings_count>5287</ratings_count>
<publication_year>2013</publication_year>
<publication_month>9</publication_month>
<publication_day>24</publication_day>
<authors>
<author>
<id>3131761</id>
<name>Kat Falls</name>
<link><![CDATA[https://www.goodreads.com/author/show/3131761.Kat_Falls]]></link>
</author>
</authors>
</book>

          <book>
<id>14288998</id>
<title><![CDATA[Into the Still Blue (Under the Never Sky, #3)]]></title>
<title_without_series>Into the Still Blue</title_without_series>
<link><![CDATA[https://www.goodreads.com/book/show/14288998-into-the-still-blue]]></link>
<small_image_url><![CDATA[https://images.gr-assets.com/books/1417467183s/14288998.jpg]]></small_image_url>
<image_url><![CDATA[https://images.gr-assets.com/books/1417467183m/14288998.jpg]]></image_url>
<num_pages>389</num_pages>
<work>
<id>19928978</id>
</work>
<isbn>0062072099</isbn>
<isbn13>9780062072092</isbn13>
<average_rating>4.17</average_rating>
<ratings_count>37252</ratings_count>
<publication_year>2014</publication_year>
<publication_month>1</publication_month>
<publication_day>28</publication_day>
<authors>
<author>
<id>4637369</id>
<name>Veronica Rossi</name>
<link><![CDATA[https://www.goodreads.com/author/show/4637369.Veronica_Rossi]]></link>
</author>
</authors>
</book>

  </similar_books>
</book>

</GoodreadsResponse>