<?xml version="1.0" encoding="UTF-8"?>
<GoodreadsResponse>
  <Request>
    <authentication>true</authentication>
      <key><![CDATA[all_men_must_serve]]></key>
    <method><![CDATA[book_show]]></method>
  </Request>
  <book>
  <id>10592</id>
  <title>Carrie</title>
  <isbn><![CDATA[1416524304]]></isbn>
  <isbn13><![CDATA[9781416524304]]></isbn13>
  <asin><![CDATA[]]></asin>
  <kindle_asin><![CDATA[B0037TPMOU]]></kindle_asin>
  <marketplace_id><![CDATA[A1F83G8C2ARO7P]]></marketplace_id>
  <country_code><![CDATA[GB]]></country_code>
  <image_url>https://s.gr-assets.com/assets/nophoto/book/111x148-bcc042a9c91a29c1d680899eff700a03.png</image_url>
  <small_image_url>https://s.gr-assets.com/assets/nophoto/book/50x75-a91bf249278a81aabab721ef782c4a74.png</small_image_url>
  <publication_year>2005</publication_year>
  <publication_month>11</publication_month>
  <publication_day>1</publication_day>
  <publisher>Pocket Books</publisher>
  <language_code></language_code>
  <is_ebook>false</is_ebook>
  <description><![CDATA[Carrie knew she should not use the terrifying power she possessed... But one night at her senior prom, Carrie was scorned and humiliated just one time too many, and in a fit of uncontrollable fury she turned her clandestine game into a weapon of horror and destruction...]]></description>
  <work>
  <id type="integer">1552134</id>
  <books_count type="integer">249</books_count>
  <best_book_id type="integer">10592</best_book_id>
  <reviews_count type="integer">538797</reviews_count>
  <ratings_sum type="integer">1484530</ratings_sum>
  <ratings_count type="integer">378076</ratings_count>
  <text_reviews_count type="integer">8275</text_reviews_count>
  <original_publication_year type="integer">1974</original_publication_year>
  <original_publication_month type="integer">4</original_publication_month>
  <original_publication_day type="integer">5</original_publication_day>
  <original_title>Carrie</original_title>
  <original_language_id type="integer" nil="true"/>
  <media_type>book</media_type>
  <rating_dist>5:121363|4:136212|3:96432|2:19502|1:4567|total:378076</rating_dist>
  <desc_user_id type="integer">47504408</desc_user_id>
  <default_chaptering_book_id type="integer" nil="true"/>
  <default_description_language_code nil="true"/>
</work>
  <average_rating>3.93</average_rating>
  <num_pages><![CDATA[253]]></num_pages>
  <format><![CDATA[Paperback]]></format>
  <edition_information><![CDATA[]]></edition_information>
  <ratings_count><![CDATA[357210]]></ratings_count>
  <text_reviews_count><![CDATA[5915]]></text_reviews_count>
  <url><![CDATA[https://www.goodreads.com/book/show/10592.Carrie]]></url>
  <link><![CDATA[https://www.goodreads.com/book/show/10592.Carrie]]></link>
  <authors>
<author>
<id>3389</id>
<name>Stephen King</name>
<role></role>
<image_url nophoto='false'>
<![CDATA[https://images.gr-assets.com/authors/1362814142p5/3389.jpg]]>
</image_url>
<small_image_url nophoto='false'>
<![CDATA[https://images.gr-assets.com/authors/1362814142p2/3389.jpg]]>
</small_image_url>
<link><![CDATA[https://www.goodreads.com/author/show/3389.Stephen_King]]></link>
<average_rating>4.01</average_rating>
<ratings_count>10357138</ratings_count>
<text_reviews_count>349174</text_reviews_count>
</author>
</authors>

    <reviews_widget>
      <![CDATA[
        <style>
  #goodreads-widget {
    font-family: georgia, serif;
    padding: 18px 0;
    width:565px;
  }
  #goodreads-widget h1 {
    font-weight:normal;
    font-size: 16px;
    border-bottom: 1px solid #BBB596;
    margin-bottom: 0;
  }
  #goodreads-widget a {
    text-decoration: none;
    color:#660;
  }
  iframe{
    background-color: #fff;
  }
  #goodreads-widget a:hover { text-decoration: underline; }
  #goodreads-widget a:active {
    color:#660;
  }
  #gr_footer {
    width: 100%;
    border-top: 1px solid #BBB596;
    text-align: right;
  }
  #goodreads-widget .gr_branding{
    color: #382110;
    font-size: 11px;
    text-decoration: none;
    font-family: "Helvetica Neue", Helvetica, Arial, sans-serif;
  }
</style>
<div id="goodreads-widget">
  <div id="gr_header"><h1><a rel="nofollow" href="https://www.goodreads.com/book/show/10592.Carrie">Carrie Reviews</a></h1></div>
  <iframe id="the_iframe" src="https://www.goodreads.com/api/reviews_widget_iframe?did=DEVELOPER_ID&amp;format=html&amp;isbn=1416524304&amp;links=660&amp;min_rating=&amp;review_back=fff&amp;stars=000&amp;text=000" width="565" height="400" frameborder="0"></iframe>
  <div id="gr_footer">
    <a class="gr_branding" target="_blank" rel="nofollow" href="https://www.goodreads.com/book/show/10592.Carrie?utm_medium=api&amp;utm_source=reviews_widget">Reviews from Goodreads.com</a>
  </div>
</div>

      ]]>
    </reviews_widget>
  <popular_shelves>
      <shelf name="horror" count="7461"/>
      <shelf name="fiction" count="2336"/>
      <shelf name="to-read" count="2237"/>
      <shelf name="favorites" count="1476"/>
      <shelf name="stephen-king" count="956"/>
      <shelf name="owned" count="689"/>
      <shelf name="books-i-own" count="675"/>
      <shelf name="paranormal" count="594"/>
      <shelf name="fantasy" count="529"/>
      <shelf name="classics" count="407"/>
      <shelf name="king" count="394"/>
      <shelf name="supernatural" count="338"/>
      <shelf name="adult" count="263"/>
      <shelf name="owned-books" count="259"/>
      <shelf name="rory-gilmore-reading-challenge" count="249"/>
      <shelf name="default" count="205"/>
      <shelf name="to-buy" count="194"/>
      <shelf name="novels" count="193"/>
      <shelf name="horror-thriller" count="173"/>
      <shelf name="adult-fiction" count="173"/>
      <shelf name="thriller" count="166"/>
      <shelf name="library" count="159"/>
      <shelf name="suspense" count="147"/>
      <shelf name="favourites" count="145"/>
      <shelf name="my-books" count="130"/>
      <shelf name="kindle" count="130"/>
      <shelf name="ebook" count="128"/>
      <shelf name="currently-reading" count="126"/>
      <shelf name="young-adult" count="124"/>
      <shelf name="science-fiction" count="118"/>
      <shelf name="read-in-2014" count="115"/>
      <shelf name="rory-gilmore-challenge" count="114"/>
      <shelf name="terror" count="114"/>
      <shelf name="mystery" count="111"/>
      <shelf name="audiobook" count="111"/>
      <shelf name="american" count="110"/>
      <shelf name="books" count="106"/>
      <shelf name="read-in-2013" count="104"/>
      <shelf name="scary" count="102"/>
      <shelf name="novel" count="101"/>
      <shelf name="classic" count="99"/>
      <shelf name="sci-fi" count="99"/>
      <shelf name="audiobooks" count="95"/>
      <shelf name="rory-gilmore" count="93"/>
      <shelf name="my-library" count="92"/>
      <shelf name="i-own" count="87"/>
      <shelf name="ebooks" count="84"/>
      <shelf name="thrillers" count="83"/>
      <shelf name="read-in-2015" count="82"/>
      <shelf name="20th-century" count="81"/>
      <shelf name="read-in-2016" count="78"/>
      <shelf name="thriller-horror" count="77"/>
      <shelf name="contemporary" count="76"/>
      <shelf name="2015-reading-challenge" count="72"/>
      <shelf name="horror-suspense" count="70"/>
      <shelf name="wish-list" count="69"/>
      <shelf name="english" count="68"/>
      <shelf name="gilmore-girls" count="66"/>
      <shelf name="rory-gilmore-reading-list" count="65"/>
      <shelf name="dark" count="65"/>
      <shelf name="movies" count="65"/>
      <shelf name="stand-alone" count="64"/>
      <shelf name="mystery-thriller" count="64"/>
      <shelf name="high-school" count="62"/>
      <shelf name="4-stars" count="61"/>
      <shelf name="school" count="61"/>
      <shelf name="book-to-movie" count="60"/>
      <shelf name="abuse" count="58"/>
      <shelf name="e-books" count="58"/>
      <shelf name="king-stephen" count="58"/>
      <shelf name="american-literature" count="58"/>
      <shelf name="re-read" count="57"/>
      <shelf name="the-king" count="56"/>
      <shelf name="creepy" count="51"/>
      <shelf name="spooky" count="50"/>
      <shelf name="coming-of-age" count="50"/>
      <shelf name="fiction-horror" count="49"/>
      <shelf name="borrowed" count="49"/>
      <shelf name="movie" count="49"/>
      <shelf name="audio" count="49"/>
      <shelf name="banned-books" count="48"/>
      <shelf name="own-it" count="48"/>
      <shelf name="favorite-books" count="47"/>
      <shelf name="read-in-2017" count="46"/>
      <shelf name="e-book" count="46"/>
      <shelf name="general-fiction" count="46"/>
      <shelf name="usa" count="45"/>
      <shelf name="bullying" count="45"/>
      <shelf name="book-club" count="45"/>
      <shelf name="read-in-english" count="44"/>
      <shelf name="drama" count="44"/>
      <shelf name="1970s" count="44"/>
      <shelf name="bookshelf" count="42"/>
      <shelf name="saw-the-movie" count="42"/>
      <shelf name="tbr" count="41"/>
      <shelf name="stephen-king-read" count="41"/>
      <shelf name="have" count="40"/>
      <shelf name="library-books" count="40"/>
      <shelf name="favorite" count="40"/>
      <shelf name="paperback" count="39"/>
  </popular_shelves>
  <book_links>
    <book_link>
  <id>8</id>
  <name>Libraries</name>
  <link>https://www.goodreads.com/book_link/follow/8</link>
</book_link>

  </book_links>
  <buy_links>
    <buy_link>
<id>1</id>
<name>Amazon</name>
<link>https://www.goodreads.com/book_link/follow/1</link>
</buy_link>
<buy_link>
<id>10</id>
<name>Audible</name>
<link>https://www.goodreads.com/book_link/follow/10</link>
</buy_link>
<buy_link>
<id>3</id>
<name>Barnes &amp; Noble</name>
<link>https://www.goodreads.com/book_link/follow/3</link>
</buy_link>
<buy_link>
<id>1027</id>
<name>Kobo</name>
<link>https://www.goodreads.com/book_link/follow/1027</link>
</buy_link>
<buy_link>
<id>2102</id>
<name>Apple iBooks</name>
<link>https://www.goodreads.com/book_link/follow/2102</link>
</buy_link>
<buy_link>
<id>8036</id>
<name>Google Play</name>
<link>https://www.goodreads.com/book_link/follow/8036</link>
</buy_link>
<buy_link>
<id>4</id>
<name>Abebooks</name>
<link>https://www.goodreads.com/book_link/follow/4</link>
</buy_link>
<buy_link>
<id>882</id>
<name>Book Depository</name>
<link>https://www.goodreads.com/book_link/follow/882</link>
</buy_link>
<buy_link>
<id>9</id>
<name>Indigo</name>
<link>https://www.goodreads.com/book_link/follow/9</link>
</buy_link>
<buy_link>
<id>2</id>
<name>Half.com</name>
<link>https://www.goodreads.com/book_link/follow/2</link>
</buy_link>
<buy_link>
<id>5</id>
<name>Alibris</name>
<link>https://www.goodreads.com/book_link/follow/5</link>
</buy_link>
<buy_link>
<id>107</id>
<name>Better World Books</name>
<link>https://www.goodreads.com/book_link/follow/107</link>
</buy_link>
<buy_link>
<id>7</id>
<name>IndieBound</name>
<link>https://www.goodreads.com/book_link/follow/7</link>
</buy_link>

  </buy_links>
  <series_works>
    
  </series_works>
  <similar_books>
          <book>
<id>108052</id>
<title><![CDATA[Books of Blood: Volume Three (Books of Blood #3)]]></title>
<title_without_series>Books of Blood: Volume Three</title_without_series>
<link><![CDATA[https://www.goodreads.com/book/show/108052.Books_of_Blood]]></link>
<small_image_url><![CDATA[https://s.gr-assets.com/assets/nophoto/book/50x75-a91bf249278a81aabab721ef782c4a74.png]]></small_image_url>
<image_url><![CDATA[https://s.gr-assets.com/assets/nophoto/book/111x148-bcc042a9c91a29c1d680899eff700a03.png]]></image_url>
<num_pages>258</num_pages>
<work>
<id>2971237</id>
</work>
<isbn></isbn>
<isbn13></isbn13>
<average_rating>4.18</average_rating>
<ratings_count>8558</ratings_count>
<publication_year>1986</publication_year>
<publication_month>10</publication_month>
<publication_day></publication_day>
<authors>
<author>
<id>10366</id>
<name>Clive Barker</name>
<link><![CDATA[https://www.goodreads.com/author/show/10366.Clive_Barker]]></link>
</author>
</authors>
</book>

          <book>
<id>10605</id>
<title>Thinner</title>
<title_without_series>Thinner</title_without_series>
<link><![CDATA[https://www.goodreads.com/book/show/10605.Thinner]]></link>
<small_image_url><![CDATA[https://images.gr-assets.com/books/1346947063s/10605.jpg]]></small_image_url>
<image_url><![CDATA[https://images.gr-assets.com/books/1346947063m/10605.jpg]]></image_url>
<num_pages>320</num_pages>
<work>
<id>2791999</id>
</work>
<isbn>0451190750</isbn>
<isbn13>9780451190758</isbn13>
<average_rating>3.66</average_rating>
<ratings_count>136596</ratings_count>
<publication_year>1996</publication_year>
<publication_month>9</publication_month>
<publication_day>1</publication_day>
<authors>
<author>
<id>5858</id>
<name>Richard Bachman</name>
<link><![CDATA[https://www.goodreads.com/author/show/5858.Richard_Bachman]]></link>
</author>
</authors>
</book>

          <book>
<id>125842</id>
<title><![CDATA[A Bolt from the Blue and Other Essays]]></title>
<title_without_series><![CDATA[A Bolt from the Blue and Other Essays]]></title_without_series>
<link><![CDATA[https://www.goodreads.com/book/show/125842.A_Bolt_from_the_Blue_and_Other_Essays]]></link>
<small_image_url><![CDATA[https://s.gr-assets.com/assets/nophoto/book/50x75-a91bf249278a81aabab721ef782c4a74.png]]></small_image_url>
<image_url><![CDATA[https://s.gr-assets.com/assets/nophoto/book/111x148-bcc042a9c91a29c1d680899eff700a03.png]]></image_url>
<num_pages>400</num_pages>
<work>
<id>121207</id>
</work>
<isbn>1590170105</isbn>
<isbn13>9781590170106</isbn13>
<average_rating>3.75</average_rating>
<ratings_count>362</ratings_count>
<publication_year>2002</publication_year>
<publication_month>6</publication_month>
<publication_day>30</publication_day>
<authors>
<author>
<id>7305</id>
<name>Mary McCarthy</name>
<link><![CDATA[https://www.goodreads.com/author/show/7305.Mary_McCarthy]]></link>
</author>
</authors>
</book>

          <book>
<id>6572</id>
<title>Suffer the Children</title>
<title_without_series>Suffer the Children</title_without_series>
<link><![CDATA[https://www.goodreads.com/book/show/6572.Suffer_the_Children]]></link>
<small_image_url><![CDATA[https://s.gr-assets.com/assets/nophoto/book/50x75-a91bf249278a81aabab721ef782c4a74.png]]></small_image_url>
<image_url><![CDATA[https://s.gr-assets.com/assets/nophoto/book/111x148-bcc042a9c91a29c1d680899eff700a03.png]]></image_url>
<num_pages>378</num_pages>
<work>
<id>221202</id>
</work>
<isbn>044018293X</isbn>
<isbn13>9780440182931</isbn13>
<average_rating>3.90</average_rating>
<ratings_count>24811</ratings_count>
<publication_year></publication_year>
<publication_month></publication_month>
<publication_day></publication_day>
<authors>
<author>
<id>4387</id>
<name>John Saul</name>
<link><![CDATA[https://www.goodreads.com/author/show/4387.John_Saul]]></link>
</author>
</authors>
</book>

          <book>
<id>11580</id>
<title>Creepshow</title>
<title_without_series>Creepshow</title_without_series>
<link><![CDATA[https://www.goodreads.com/book/show/11580.Creepshow]]></link>
<small_image_url><![CDATA[https://images.gr-assets.com/books/1332002598s/11580.jpg]]></small_image_url>
<image_url><![CDATA[https://images.gr-assets.com/books/1332002598m/11580.jpg]]></image_url>
<num_pages>66</num_pages>
<work>
<id>14011</id>
</work>
<isbn>0452253802</isbn>
<isbn13>9780452253803</isbn13>
<average_rating>4.06</average_rating>
<ratings_count>28469</ratings_count>
<publication_year>1982</publication_year>
<publication_month>8</publication_month>
<publication_day>1</publication_day>
<authors>
<author>
<id>3389</id>
<name>Stephen King</name>
<link><![CDATA[https://www.goodreads.com/author/show/3389.Stephen_King]]></link>
</author>
</authors>
</book>

          <book>
<id>21323</id>
<title><![CDATA[Cold Fire / Hideaway / The Key to Midnight]]></title>
<title_without_series><![CDATA[Cold Fire / Hideaway / The Key to Midnight]]></title_without_series>
<link><![CDATA[https://www.goodreads.com/book/show/21323.Cold_Fire_Hideaway_The_Key_to_Midnight]]></link>
<small_image_url><![CDATA[https://images.gr-assets.com/books/1309287773s/21323.jpg]]></small_image_url>
<image_url><![CDATA[https://images.gr-assets.com/books/1309287773m/21323.jpg]]></image_url>
<num_pages>784</num_pages>
<work>
<id>22504</id>
</work>
<isbn>0399146261</isbn>
<isbn13>9780399146268</isbn13>
<average_rating>4.16</average_rating>
<ratings_count>17593</ratings_count>
<publication_year>2000</publication_year>
<publication_month>8</publication_month>
<publication_day>28</publication_day>
<authors>
<author>
<id>9355</id>
<name>Dean Koontz</name>
<link><![CDATA[https://www.goodreads.com/author/show/9355.Dean_Koontz]]></link>
</author>
</authors>
</book>

          <book>
<id>47588</id>
<title>Drawing Blood</title>
<title_without_series>Drawing Blood</title_without_series>
<link><![CDATA[https://www.goodreads.com/book/show/47588.Drawing_Blood]]></link>
<small_image_url><![CDATA[https://images.gr-assets.com/books/1420794434s/47588.jpg]]></small_image_url>
<image_url><![CDATA[https://images.gr-assets.com/books/1420794434m/47588.jpg]]></image_url>
<num_pages>416</num_pages>
<work>
<id>2510310</id>
</work>
<isbn>0440214920</isbn>
<isbn13>9780440214922</isbn13>
<average_rating>4.03</average_rating>
<ratings_count>8042</ratings_count>
<publication_year>1994</publication_year>
<publication_month>10</publication_month>
<publication_day>1</publication_day>
<authors>
<author>
<id>9558</id>
<name>Poppy Z. Brite</name>
<link><![CDATA[https://www.goodreads.com/author/show/9558.Poppy_Z_Brite]]></link>
</author>
</authors>
</book>

          <book>
<id>724925</id>
<title><![CDATA[The Fall of the Athenian Empire]]></title>
<title_without_series><![CDATA[The Fall of the Athenian Empire]]></title_without_series>
<link><![CDATA[https://www.goodreads.com/book/show/724925.The_Fall_of_the_Athenian_Empire]]></link>
<small_image_url><![CDATA[https://s.gr-assets.com/assets/nophoto/book/50x75-a91bf249278a81aabab721ef782c4a74.png]]></small_image_url>
<image_url><![CDATA[https://s.gr-assets.com/assets/nophoto/book/111x148-bcc042a9c91a29c1d680899eff700a03.png]]></image_url>
<num_pages>480</num_pages>
<work>
<id>288090</id>
</work>
<isbn>0801499844</isbn>
<isbn13>9780801499845</isbn13>
<average_rating>4.07</average_rating>
<ratings_count>175</ratings_count>
<publication_year>1991</publication_year>
<publication_month>7</publication_month>
<publication_day>23</publication_day>
<authors>
<author>
<id>12805</id>
<name>Donald Kagan</name>
<link><![CDATA[https://www.goodreads.com/author/show/12805.Donald_Kagan]]></link>
</author>
</authors>
</book>

          <book>
<id>1153738</id>
<title>Lisa and David</title>
<title_without_series>Lisa and David</title_without_series>
<link><![CDATA[https://www.goodreads.com/book/show/1153738.Lisa_and_David]]></link>
<small_image_url><![CDATA[https://s.gr-assets.com/assets/nophoto/book/50x75-a91bf249278a81aabab721ef782c4a74.png]]></small_image_url>
<image_url><![CDATA[https://s.gr-assets.com/assets/nophoto/book/111x148-bcc042a9c91a29c1d680899eff700a03.png]]></image_url>
<num_pages>79</num_pages>
<work>
<id>48221289</id>
</work>
<isbn>0020535708</isbn>
<isbn13>9780020535706</isbn13>
<average_rating>3.69</average_rating>
<ratings_count>135</ratings_count>
<publication_year>1988</publication_year>
<publication_month>9</publication_month>
<publication_day>1</publication_day>
<authors>
<author>
<id>1407057</id>
<name>Theodore Isaac Rubin</name>
<link><![CDATA[https://www.goodreads.com/author/show/1407057.Theodore_Isaac_Rubin]]></link>
</author>
</authors>
</book>

          <book>
<id>13115079</id>
<title><![CDATA[The Dark Tower: The Gunslinger - The Way Station]]></title>
<title_without_series><![CDATA[The Dark Tower: The Gunslinger - The Way Station]]></title_without_series>
<link><![CDATA[https://www.goodreads.com/book/show/13115079-the-dark-tower]]></link>
<small_image_url><![CDATA[https://images.gr-assets.com/books/1341104990s/13115079.jpg]]></small_image_url>
<image_url><![CDATA[https://images.gr-assets.com/books/1341104990m/13115079.jpg]]></image_url>
<num_pages>136</num_pages>
<work>
<id>18289032</id>
</work>
<isbn>078514935X</isbn>
<isbn13>9780785149354</isbn13>
<average_rating>4.33</average_rating>
<ratings_count>2258</ratings_count>
<publication_year>2012</publication_year>
<publication_month>6</publication_month>
<publication_day>27</publication_day>
<authors>
<author>
<id>3470</id>
<name>Robin Furth</name>
<link><![CDATA[https://www.goodreads.com/author/show/3470.Robin_Furth]]></link>
</author>
</authors>
</book>

          <book>
<id>179780</id>
<title>The Exorcist</title>
<title_without_series>The Exorcist</title_without_series>
<link><![CDATA[https://www.goodreads.com/book/show/179780.The_Exorcist]]></link>
<small_image_url><![CDATA[https://images.gr-assets.com/books/1375168676s/179780.jpg]]></small_image_url>
<image_url><![CDATA[https://images.gr-assets.com/books/1375168676m/179780.jpg]]></image_url>
<num_pages>385</num_pages>
<work>
<id>1945267</id>
</work>
<isbn>0061007226</isbn>
<isbn13>9780061007224</isbn13>
<average_rating>4.14</average_rating>
<ratings_count>130714</ratings_count>
<publication_year>1994</publication_year>
<publication_month>2</publication_month>
<publication_day>1</publication_day>
<authors>
<author>
<id>104728</id>
<name>William Peter Blatty</name>
<link><![CDATA[https://www.goodreads.com/author/show/104728.William_Peter_Blatty]]></link>
</author>
</authors>
</book>

          <book>
<id>397867</id>
<title>The Rats (Rats, #1)</title>
<title_without_series>The Rats</title_without_series>
<link><![CDATA[https://www.goodreads.com/book/show/397867.The_Rats]]></link>
<small_image_url><![CDATA[https://images.gr-assets.com/books/1356454885s/397867.jpg]]></small_image_url>
<image_url><![CDATA[https://images.gr-assets.com/books/1356454885m/397867.jpg]]></image_url>
<num_pages>208</num_pages>
<work>
<id>2452726</id>
</work>
<isbn>0333761189</isbn>
<isbn13>9780333761182</isbn13>
<average_rating>3.92</average_rating>
<ratings_count>11987</ratings_count>
<publication_year>1999</publication_year>
<publication_month></publication_month>
<publication_day></publication_day>
<authors>
<author>
<id>80984</id>
<name>James Herbert</name>
<link><![CDATA[https://www.goodreads.com/author/show/80984.James_Herbert]]></link>
</author>
</authors>
</book>

  </similar_books>
</book>

</GoodreadsResponse>