<?xml version="1.0" encoding="UTF-8"?>
<GoodreadsResponse>
  <Request>
    <authentication>true</authentication>
      <key><![CDATA[all_men_must_serve]]></key>
    <method><![CDATA[book_show]]></method>
  </Request>
  <book>
  <id>105986</id>
  <title><![CDATA[The Code of the Woosters (Jeeves, #7)]]></title>
  <isbn><![CDATA[1841591009]]></isbn>
  <isbn13><![CDATA[9781841591001]]></isbn13>
  <asin><![CDATA[]]></asin>
  <kindle_asin><![CDATA[B0031RS7A4]]></kindle_asin>
  <marketplace_id><![CDATA[A1F83G8C2ARO7P]]></marketplace_id>
  <country_code><![CDATA[GB]]></country_code>
  <image_url>https://images.gr-assets.com/books/1299729089m/105986.jpg</image_url>
  <small_image_url>https://images.gr-assets.com/books/1299729089s/105986.jpg</small_image_url>
  <publication_year>2000</publication_year>
  <publication_month>4</publication_month>
  <publication_day>28</publication_day>
  <publisher>Everyman's Library</publisher>
  <language_code>eng</language_code>
  <is_ebook>false</is_ebook>
  <description><![CDATA[Follow the adventures of Bertie Wooster and his gentleman’s gentleman, Jeeves, in this stunning new edition of one of the greatest comic novels in the English language. When Aunt Dahlia demands that Bertie Wooster help her dupe an antique dealer into selling her an 18th-century cow-creamer. Dahlia trumps Bertie's objections by threatening to sever his standing invitation to her house for lunch, an unthinkable prospect given Bertie's devotion to the cooking of her chef, Anatole. A web of complications grows as Bertie's pal Gussie Fink-Nottle asks for counseling in the matter of his impending marriage to Madeline Bassett. It seems Madeline isn't his only interest; Gussie also wants to study the effects of a full moon on the love life of newts. Added to the cast of eccentrics are Roderick Spode, leader of a fascist organization called the Saviors of Britain, who also wants that cow-creamer, and an unusual man of the cloth known as Rev. H. P. "Stinker" Pinker. As usual, butler Jeeves becomes a focal point for all the plots and ploys of these characters, and in the end only his cleverness can rescue Bertie from being arrested, lynched, and engaged by mistake!]]></description>
  <work>
  <id type="integer">1121253</id>
  <books_count type="integer">81</books_count>
  <best_book_id type="integer">9858081</best_book_id>
  <reviews_count type="integer">29586</reviews_count>
  <ratings_sum type="integer">74401</ratings_sum>
  <ratings_count type="integer">17074</ratings_count>
  <text_reviews_count type="integer">1135</text_reviews_count>
  <original_publication_year type="integer">1938</original_publication_year>
  <original_publication_month type="integer" nil="true"/>
  <original_publication_day type="integer" nil="true"/>
  <original_title>The Code Of The Woosters</original_title>
  <original_language_id type="integer" nil="true"/>
  <media_type>book</media_type>
  <rating_dist>5:8662|4:6215|3:1906|2:222|1:69|total:17074</rating_dist>
  <desc_user_id type="integer">2411995</desc_user_id>
  <default_chaptering_book_id type="integer" nil="true"/>
  <default_description_language_code nil="true"/>
</work>
  <average_rating>4.36</average_rating>
  <num_pages><![CDATA[286]]></num_pages>
  <format><![CDATA[Hardcover]]></format>
  <edition_information><![CDATA[Everyman Wodehouse]]></edition_information>
  <ratings_count><![CDATA[8979]]></ratings_count>
  <text_reviews_count><![CDATA[487]]></text_reviews_count>
  <url><![CDATA[https://www.goodreads.com/book/show/105986.The_Code_of_the_Woosters]]></url>
  <link><![CDATA[https://www.goodreads.com/book/show/105986.The_Code_of_the_Woosters]]></link>
  <authors>
<author>
<id>7963</id>
<name>P.G. Wodehouse</name>
<role></role>
<image_url nophoto='false'>
<![CDATA[https://images.gr-assets.com/authors/1198684105p5/7963.jpg]]>
</image_url>
<small_image_url nophoto='false'>
<![CDATA[https://images.gr-assets.com/authors/1198684105p2/7963.jpg]]>
</small_image_url>
<link><![CDATA[https://www.goodreads.com/author/show/7963.P_G_Wodehouse]]></link>
<average_rating>4.19</average_rating>
<ratings_count>275185</ratings_count>
<text_reviews_count>19371</text_reviews_count>
</author>
</authors>

    <reviews_widget>
      <![CDATA[
        <style>
  #goodreads-widget {
    font-family: georgia, serif;
    padding: 18px 0;
    width:565px;
  }
  #goodreads-widget h1 {
    font-weight:normal;
    font-size: 16px;
    border-bottom: 1px solid #BBB596;
    margin-bottom: 0;
  }
  #goodreads-widget a {
    text-decoration: none;
    color:#660;
  }
  iframe{
    background-color: #fff;
  }
  #goodreads-widget a:hover { text-decoration: underline; }
  #goodreads-widget a:active {
    color:#660;
  }
  #gr_footer {
    width: 100%;
    border-top: 1px solid #BBB596;
    text-align: right;
  }
  #goodreads-widget .gr_branding{
    color: #382110;
    font-size: 11px;
    text-decoration: none;
    font-family: "Helvetica Neue", Helvetica, Arial, sans-serif;
  }
</style>
<div id="goodreads-widget">
  <div id="gr_header"><h1><a rel="nofollow" href="https://www.goodreads.com/book/show/105986.The_Code_of_the_Woosters">The Code of the Woosters Reviews</a></h1></div>
  <iframe id="the_iframe" src="https://www.goodreads.com/api/reviews_widget_iframe?did=DEVELOPER_ID&amp;format=html&amp;isbn=1841591009&amp;links=660&amp;min_rating=&amp;review_back=fff&amp;stars=000&amp;text=000" width="565" height="400" frameborder="0"></iframe>
  <div id="gr_footer">
    <a class="gr_branding" target="_blank" rel="nofollow" href="https://www.goodreads.com/book/show/105986.The_Code_of_the_Woosters?utm_medium=api&amp;utm_source=reviews_widget">Reviews from Goodreads.com</a>
  </div>
</div>

      ]]>
    </reviews_widget>
  <popular_shelves>
      <shelf name="to-read" count="9784"/>
      <shelf name="fiction" count="528"/>
      <shelf name="humor" count="468"/>
      <shelf name="currently-reading" count="295"/>
      <shelf name="classics" count="246"/>
      <shelf name="favorites" count="225"/>
      <shelf name="humour" count="211"/>
      <shelf name="rory-gilmore-reading-challenge" count="170"/>
      <shelf name="wodehouse" count="148"/>
      <shelf name="comedy" count="113"/>
      <shelf name="rory-gilmore-challenge" count="85"/>
      <shelf name="british" count="80"/>
      <shelf name="rory-gilmore" count="69"/>
      <shelf name="funny" count="69"/>
      <shelf name="gilmore-girls" count="56"/>
      <shelf name="rory-gilmore-reading-list" count="51"/>
      <shelf name="classic" count="50"/>
      <shelf name="owned" count="47"/>
      <shelf name="audiobook" count="46"/>
      <shelf name="literature" count="44"/>
      <shelf name="p-g-wodehouse" count="41"/>
      <shelf name="books-i-own" count="40"/>
      <shelf name="favourites" count="40"/>
      <shelf name="audio" count="37"/>
      <shelf name="england" count="35"/>
      <shelf name="library" count="31"/>
      <shelf name="jeeves" count="30"/>
      <shelf name="audiobooks" count="30"/>
      <shelf name="novels" count="30"/>
      <shelf name="british-literature" count="26"/>
      <shelf name="novel" count="26"/>
      <shelf name="20th-century" count="26"/>
      <shelf name="gilmore-girls-reading-list" count="22"/>
      <shelf name="series" count="22"/>
      <shelf name="the-rory-gilmore-reading-challenge" count="21"/>
      <shelf name="book-club" count="21"/>
      <shelf name="humorous" count="20"/>
      <shelf name="gilmore-challenge" count="19"/>
      <shelf name="gilmore" count="19"/>
      <shelf name="rory-gilmore-book-challenge" count="19"/>
      <shelf name="to-buy" count="19"/>
      <shelf name="english" count="18"/>
      <shelf name="1930s" count="18"/>
      <shelf name="general-fiction" count="18"/>
      <shelf name="default" count="17"/>
      <shelf name="audible" count="16"/>
      <shelf name="adult-fiction" count="16"/>
      <shelf name="pg-wodehouse" count="16"/>
      <shelf name="gilmore-girls-reading-challenge" count="15"/>
      <shelf name="rory-gilmore-book-list" count="15"/>
      <shelf name="rory" count="15"/>
      <shelf name="adult" count="15"/>
      <shelf name="rory-gilmore-list" count="14"/>
      <shelf name="my-books" count="14"/>
      <shelf name="owned-books" count="14"/>
      <shelf name="guardian-1000" count="13"/>
      <shelf name="jeeves-and-wooster" count="13"/>
      <shelf name="brit-lit" count="13"/>
      <shelf name="historical-fiction" count="13"/>
      <shelf name="to-read-fiction" count="13"/>
      <shelf name="historical" count="13"/>
      <shelf name="ebook" count="12"/>
      <shelf name="audio-book" count="12"/>
      <shelf name="mystery" count="12"/>
      <shelf name="read-in-2015" count="11"/>
      <shelf name="uk" count="11"/>
      <shelf name="fiction-humor" count="11"/>
      <shelf name="fun" count="11"/>
      <shelf name="read-2016" count="10"/>
      <shelf name="rory-gilmore-s-reading-challenge" count="10"/>
      <shelf name="rory-challenge" count="10"/>
      <shelf name="satire" count="10"/>
      <shelf name="kindle" count="10"/>
      <shelf name="audio-books" count="10"/>
      <shelf name="gilmore-girls-book-list" count="9"/>
      <shelf name="english-literature" count="9"/>
      <shelf name="british-lit" count="9"/>
      <shelf name="my-library" count="9"/>
      <shelf name="borrowed" count="9"/>
      <shelf name="light" count="8"/>
      <shelf name="britain" count="8"/>
      <shelf name="rory-s-list" count="8"/>
      <shelf name="re-read" count="8"/>
      <shelf name="gilmore-girls-list" count="8"/>
      <shelf name="gilmore-girls-books" count="7"/>
      <shelf name="gilmore-reading-list" count="7"/>
      <shelf name="read-in-2013" count="7"/>
      <shelf name="rory-gilmore-s-reading-list" count="7"/>
      <shelf name="british-humour" count="7"/>
      <shelf name="home-library" count="7"/>
      <shelf name="read-in-2011" count="7"/>
      <shelf name="literary-fiction" count="7"/>
      <shelf name="short-stories" count="7"/>
      <shelf name="bookclub" count="7"/>
      <shelf name="100-novels-everyone-should-read" count="7"/>
      <shelf name="rory-gilmore-books" count="6"/>
      <shelf name="the-rory-gilmore-challenge" count="6"/>
      <shelf name="reading-challenge" count="6"/>
      <shelf name="gilmore-girls-challenge" count="6"/>
      <shelf name="books" count="6"/>
  </popular_shelves>
  <book_links>
    <book_link>
  <id>8</id>
  <name>Libraries</name>
  <link>https://www.goodreads.com/book_link/follow/8</link>
</book_link>

  </book_links>
  <buy_links>
    <buy_link>
<id>1</id>
<name>Amazon</name>
<link>https://www.goodreads.com/book_link/follow/1</link>
</buy_link>
<buy_link>
<id>10</id>
<name>Audible</name>
<link>https://www.goodreads.com/book_link/follow/10</link>
</buy_link>
<buy_link>
<id>3</id>
<name>Barnes &amp; Noble</name>
<link>https://www.goodreads.com/book_link/follow/3</link>
</buy_link>
<buy_link>
<id>1027</id>
<name>Kobo</name>
<link>https://www.goodreads.com/book_link/follow/1027</link>
</buy_link>
<buy_link>
<id>2102</id>
<name>Apple iBooks</name>
<link>https://www.goodreads.com/book_link/follow/2102</link>
</buy_link>
<buy_link>
<id>8036</id>
<name>Google Play</name>
<link>https://www.goodreads.com/book_link/follow/8036</link>
</buy_link>
<buy_link>
<id>4</id>
<name>Abebooks</name>
<link>https://www.goodreads.com/book_link/follow/4</link>
</buy_link>
<buy_link>
<id>882</id>
<name>Book Depository</name>
<link>https://www.goodreads.com/book_link/follow/882</link>
</buy_link>
<buy_link>
<id>9</id>
<name>Indigo</name>
<link>https://www.goodreads.com/book_link/follow/9</link>
</buy_link>
<buy_link>
<id>2</id>
<name>Half.com</name>
<link>https://www.goodreads.com/book_link/follow/2</link>
</buy_link>
<buy_link>
<id>5</id>
<name>Alibris</name>
<link>https://www.goodreads.com/book_link/follow/5</link>
</buy_link>
<buy_link>
<id>107</id>
<name>Better World Books</name>
<link>https://www.goodreads.com/book_link/follow/107</link>
</buy_link>
<buy_link>
<id>7</id>
<name>IndieBound</name>
<link>https://www.goodreads.com/book_link/follow/7</link>
</buy_link>

  </buy_links>
  <series_works>
    <series_work>
<id>204959</id>
<user_position>7</user_position>
<series>
<id>52643</id>
<title>
<![CDATA[
    Jeeves
]]>
</title>
<description>
<![CDATA[
    P.G. Wodehouse's series of comic novels featuring young British dilettante Bertram "Bertie" Wooster, and his wry valet Jeeves, who is often the cause of his salvation from increasingly entangled social situations.
]]>
</description>
<note>
<![CDATA[
]]>
</note>
<series_works_count>56</series_works_count>
<primary_work_count>15</primary_work_count>
<numbered>false</numbered>
</series>

</series_work>

  </series_works>
  <similar_books>
          <book>
<id>125842</id>
<title><![CDATA[A Bolt from the Blue and Other Essays]]></title>
<title_without_series><![CDATA[A Bolt from the Blue and Other Essays]]></title_without_series>
<link><![CDATA[https://www.goodreads.com/book/show/125842.A_Bolt_from_the_Blue_and_Other_Essays]]></link>
<small_image_url><![CDATA[https://s.gr-assets.com/assets/nophoto/book/50x75-a91bf249278a81aabab721ef782c4a74.png]]></small_image_url>
<image_url><![CDATA[https://s.gr-assets.com/assets/nophoto/book/111x148-bcc042a9c91a29c1d680899eff700a03.png]]></image_url>
<num_pages>400</num_pages>
<work>
<id>121207</id>
</work>
<isbn>1590170105</isbn>
<isbn13>9781590170106</isbn13>
<average_rating>3.75</average_rating>
<ratings_count>362</ratings_count>
<publication_year>2002</publication_year>
<publication_month>6</publication_month>
<publication_day>30</publication_day>
<authors>
<author>
<id>7305</id>
<name>Mary McCarthy</name>
<link><![CDATA[https://www.goodreads.com/author/show/7305.Mary_McCarthy]]></link>
</author>
</authors>
</book>

          <book>
<id>479740</id>
<title>The Archidamian War</title>
<title_without_series>The Archidamian War</title_without_series>
<link><![CDATA[https://www.goodreads.com/book/show/479740.The_Archidamian_War]]></link>
<small_image_url><![CDATA[https://s.gr-assets.com/assets/nophoto/book/50x75-a91bf249278a81aabab721ef782c4a74.png]]></small_image_url>
<image_url><![CDATA[https://s.gr-assets.com/assets/nophoto/book/111x148-bcc042a9c91a29c1d680899eff700a03.png]]></image_url>
<num_pages>400</num_pages>
<work>
<id>468146</id>
</work>
<isbn>0801497140</isbn>
<isbn13>9780801497148</isbn13>
<average_rating>3.62</average_rating>
<ratings_count>479</ratings_count>
<publication_year>1990</publication_year>
<publication_month>1</publication_month>
<publication_day>18</publication_day>
<authors>
<author>
<id>12805</id>
<name>Donald Kagan</name>
<link><![CDATA[https://www.goodreads.com/author/show/12805.Donald_Kagan]]></link>
</author>
</authors>
</book>

          <book>
<id>92286</id>
<title><![CDATA[Novels, 1930-1942: Dance Night / Come Back to Sorrento / Turn, Magic Wheel / Angels on Toast / A Time to Be Born]]></title>
<title_without_series><![CDATA[Novels, 1930-1942: Dance Night / Come Back to Sorrento / Turn, Magic Wheel / Angels on Toast / A Time to Be Born]]></title_without_series>
<link><![CDATA[https://www.goodreads.com/book/show/92286.Novels_1930_1942]]></link>
<small_image_url><![CDATA[https://s.gr-assets.com/assets/nophoto/book/50x75-a91bf249278a81aabab721ef782c4a74.png]]></small_image_url>
<image_url><![CDATA[https://s.gr-assets.com/assets/nophoto/book/111x148-bcc042a9c91a29c1d680899eff700a03.png]]></image_url>
<num_pages>1068</num_pages>
<work>
<id>396603</id>
</work>
<isbn>1931082014</isbn>
<isbn13>9781931082013</isbn13>
<average_rating>3.66</average_rating>
<ratings_count>311</ratings_count>
<publication_year>2001</publication_year>
<publication_month>9</publication_month>
<publication_day>10</publication_day>
<authors>
<author>
<id>53013</id>
<name>Dawn Powell</name>
<link><![CDATA[https://www.goodreads.com/author/show/53013.Dawn_Powell]]></link>
</author>
</authors>
</book>

          <book>
<id>1153738</id>
<title>Lisa and David</title>
<title_without_series>Lisa and David</title_without_series>
<link><![CDATA[https://www.goodreads.com/book/show/1153738.Lisa_and_David]]></link>
<small_image_url><![CDATA[https://s.gr-assets.com/assets/nophoto/book/50x75-a91bf249278a81aabab721ef782c4a74.png]]></small_image_url>
<image_url><![CDATA[https://s.gr-assets.com/assets/nophoto/book/111x148-bcc042a9c91a29c1d680899eff700a03.png]]></image_url>
<num_pages>79</num_pages>
<work>
<id>48221289</id>
</work>
<isbn>0020535708</isbn>
<isbn13>9780020535706</isbn13>
<average_rating>3.69</average_rating>
<ratings_count>135</ratings_count>
<publication_year>1988</publication_year>
<publication_month>9</publication_month>
<publication_day>1</publication_day>
<authors>
<author>
<id>1407057</id>
<name>Theodore Isaac Rubin</name>
<link><![CDATA[https://www.goodreads.com/author/show/1407057.Theodore_Isaac_Rubin]]></link>
</author>
</authors>
</book>

          <book>
<id>1038223</id>
<title>Brigadoon (Vocal Score)</title>
<title_without_series>Brigadoon</title_without_series>
<link><![CDATA[https://www.goodreads.com/book/show/1038223.Brigadoon]]></link>
<small_image_url><![CDATA[https://s.gr-assets.com/assets/nophoto/book/50x75-a91bf249278a81aabab721ef782c4a74.png]]></small_image_url>
<image_url><![CDATA[https://s.gr-assets.com/assets/nophoto/book/111x148-bcc042a9c91a29c1d680899eff700a03.png]]></image_url>
<num_pages>196</num_pages>
<work>
<id>1024583</id>
</work>
<isbn>0769202225</isbn>
<isbn13>9780769202228</isbn13>
<average_rating>3.82</average_rating>
<ratings_count>1693</ratings_count>
<publication_year>1996</publication_year>
<publication_month>4</publication_month>
<publication_day>1</publication_day>
<authors>
<author>
<id>5221</id>
<name>Alan Jay Lerner</name>
<link><![CDATA[https://www.goodreads.com/author/show/5221.Alan_Jay_Lerner]]></link>
</author>
</authors>
</book>

          <book>
<id>72716</id>
<title>Extravagance</title>
<title_without_series>Extravagance</title_without_series>
<link><![CDATA[https://www.goodreads.com/book/show/72716.Extravagance]]></link>
<small_image_url><![CDATA[https://images.gr-assets.com/books/1369860010s/72716.jpg]]></small_image_url>
<image_url><![CDATA[https://images.gr-assets.com/books/1369860010m/72716.jpg]]></image_url>
<num_pages>304</num_pages>
<work>
<id>70388</id>
</work>
<isbn>0767913310</isbn>
<isbn13>9780767913317</isbn13>
<average_rating>3.47</average_rating>
<ratings_count>678</ratings_count>
<publication_year>2003</publication_year>
<publication_month>9</publication_month>
<publication_day>9</publication_day>
<authors>
<author>
<id>41147</id>
<name>Gary Krist</name>
<link><![CDATA[https://www.goodreads.com/author/show/41147.Gary_Krist]]></link>
</author>
</authors>
</book>

          <book>
<id>722041</id>
<title><![CDATA[A Month of Sundays: Searching for the Spirit and My Sister]]></title>
<title_without_series><![CDATA[A Month of Sundays: Searching for the Spirit and My Sister]]></title_without_series>
<link><![CDATA[https://www.goodreads.com/book/show/722041.A_Month_of_Sundays]]></link>
<small_image_url><![CDATA[https://s.gr-assets.com/assets/nophoto/book/50x75-a91bf249278a81aabab721ef782c4a74.png]]></small_image_url>
<image_url><![CDATA[https://s.gr-assets.com/assets/nophoto/book/111x148-bcc042a9c91a29c1d680899eff700a03.png]]></image_url>
<num_pages>224</num_pages>
<work>
<id>708279</id>
</work>
<isbn>0974207454</isbn>
<isbn13>9780974207452</isbn13>
<average_rating>3.58</average_rating>
<ratings_count>460</ratings_count>
<publication_year>2005</publication_year>
<publication_month>5</publication_month>
<publication_day>1</publication_day>
<authors>
<author>
<id>141589</id>
<name>Julie Mars</name>
<link><![CDATA[https://www.goodreads.com/author/show/141589.Julie_Mars]]></link>
</author>
</authors>
</book>

          <book>
<id>290624</id>
<title>Fat Land</title>
<title_without_series>Fat Land</title_without_series>
<link><![CDATA[https://www.goodreads.com/book/show/290624.Fat_Land]]></link>
<small_image_url><![CDATA[https://s.gr-assets.com/assets/nophoto/book/50x75-a91bf249278a81aabab721ef782c4a74.png]]></small_image_url>
<image_url><![CDATA[https://s.gr-assets.com/assets/nophoto/book/111x148-bcc042a9c91a29c1d680899eff700a03.png]]></image_url>
<num_pages>232</num_pages>
<work>
<id>1023108</id>
</work>
<isbn>0141015403</isbn>
<isbn13>9780141015408</isbn13>
<average_rating>3.49</average_rating>
<ratings_count>2201</ratings_count>
<publication_year></publication_year>
<publication_month></publication_month>
<publication_day></publication_day>
<authors>
<author>
<id>51735</id>
<name>Greg Critser</name>
<link><![CDATA[https://www.goodreads.com/author/show/51735.Greg_Critser]]></link>
</author>
</authors>
</book>

          <book>
<id>733957</id>
<title>Quattrocento</title>
<title_without_series>Quattrocento</title_without_series>
<link><![CDATA[https://www.goodreads.com/book/show/733957.Quattrocento]]></link>
<small_image_url><![CDATA[https://images.gr-assets.com/books/1320483202s/733957.jpg]]></small_image_url>
<image_url><![CDATA[https://images.gr-assets.com/books/1320483202m/733957.jpg]]></image_url>
<num_pages>307</num_pages>
<work>
<id>720143</id>
</work>
<isbn>0385721307</isbn>
<isbn13>9780385721301</isbn13>
<average_rating>3.25</average_rating>
<ratings_count>491</ratings_count>
<publication_year>2002</publication_year>
<publication_month>11</publication_month>
<publication_day>11</publication_day>
<authors>
<author>
<id>3116148</id>
<name>James N McKean</name>
<link><![CDATA[https://www.goodreads.com/author/show/3116148.James_N_McKean]]></link>
</author>
</authors>
</book>

          <book>
<id>165251</id>
<title><![CDATA[Song of the Simple Truth: The Complete Poems of Julia de Burgos]]></title>
<title_without_series><![CDATA[Song of the Simple Truth: The Complete Poems of Julia de Burgos]]></title_without_series>
<link><![CDATA[https://www.goodreads.com/book/show/165251.Song_of_the_Simple_Truth]]></link>
<small_image_url><![CDATA[https://images.gr-assets.com/books/1418364160s/165251.jpg]]></small_image_url>
<image_url><![CDATA[https://images.gr-assets.com/books/1418364160m/165251.jpg]]></image_url>
<num_pages>524</num_pages>
<work>
<id>159552</id>
</work>
<isbn>1880684241</isbn>
<isbn13>9781880684245</isbn13>
<average_rating>3.90</average_rating>
<ratings_count>426</ratings_count>
<publication_year>1995</publication_year>
<publication_month>11</publication_month>
<publication_day>1</publication_day>
<authors>
<author>
<id>96068</id>
<name>Julia de Burgos</name>
<link><![CDATA[https://www.goodreads.com/author/show/96068.Julia_de_Burgos]]></link>
</author>
</authors>
</book>

          <book>
<id>419916</id>
<title>Just a Couple of Days</title>
<title_without_series>Just a Couple of Days</title_without_series>
<link><![CDATA[https://www.goodreads.com/book/show/419916.Just_a_Couple_of_Days]]></link>
<small_image_url><![CDATA[https://s.gr-assets.com/assets/nophoto/book/50x75-a91bf249278a81aabab721ef782c4a74.png]]></small_image_url>
<image_url><![CDATA[https://s.gr-assets.com/assets/nophoto/book/111x148-bcc042a9c91a29c1d680899eff700a03.png]]></image_url>
<num_pages></num_pages>
<work>
<id>409056</id>
</work>
<isbn>0156031221</isbn>
<isbn13>9780156031226</isbn13>
<average_rating>3.67</average_rating>
<ratings_count>2111</ratings_count>
<publication_year></publication_year>
<publication_month></publication_month>
<publication_day></publication_day>
<authors>
<author>
<id>236986</id>
<name>Tony Vigorito</name>
<link><![CDATA[https://www.goodreads.com/author/show/236986.Tony_Vigorito]]></link>
</author>
</authors>
</book>

          <book>
<id>60099</id>
<title><![CDATA[The Worshipful Lucia (Lucia, #5)]]></title>
<title_without_series>The Worshipful Lucia</title_without_series>
<link><![CDATA[https://www.goodreads.com/book/show/60099.The_Worshipful_Lucia]]></link>
<small_image_url><![CDATA[https://images.gr-assets.com/books/1331237995s/60099.jpg]]></small_image_url>
<image_url><![CDATA[https://images.gr-assets.com/books/1331237995m/60099.jpg]]></image_url>
<num_pages></num_pages>
<work>
<id>58476</id>
</work>
<isbn>0060913754</isbn>
<isbn13>9780060913755</isbn13>
<average_rating>4.34</average_rating>
<ratings_count>800</ratings_count>
<publication_year></publication_year>
<publication_month></publication_month>
<publication_day></publication_day>
<authors>
<author>
<id>13479797</id>
<name>E.F. Benson</name>
<link><![CDATA[https://www.goodreads.com/author/show/13479797.E_F_Benson]]></link>
</author>
</authors>
</book>

          <book>
<id>722710</id>
<title>The Meaning of Consuelo</title>
<title_without_series>The Meaning of Consuelo</title_without_series>
<link><![CDATA[https://www.goodreads.com/book/show/722710.The_Meaning_of_Consuelo]]></link>
<small_image_url><![CDATA[https://images.gr-assets.com/books/1320491556s/722710.jpg]]></small_image_url>
<image_url><![CDATA[https://images.gr-assets.com/books/1320491556m/722710.jpg]]></image_url>
<num_pages>216</num_pages>
<work>
<id>2164744</id>
</work>
<isbn>0807083879</isbn>
<isbn13>9780807083871</isbn13>
<average_rating>3.59</average_rating>
<ratings_count>624</ratings_count>
<publication_year>2004</publication_year>
<publication_month>3</publication_month>
<publication_day>30</publication_day>
<authors>
<author>
<id>57476</id>
<name>Judith Ortiz Cofer</name>
<link><![CDATA[https://www.goodreads.com/author/show/57476.Judith_Ortiz_Cofer]]></link>
</author>
</authors>
</book>

          <book>
<id>10387214</id>
<title>The Art of Fiction</title>
<title_without_series>The Art of Fiction</title_without_series>
<link><![CDATA[https://www.goodreads.com/book/show/10387214-the-art-of-fiction]]></link>
<small_image_url><![CDATA[https://s.gr-assets.com/assets/nophoto/book/50x75-a91bf249278a81aabab721ef782c4a74.png]]></small_image_url>
<image_url><![CDATA[https://s.gr-assets.com/assets/nophoto/book/111x148-bcc042a9c91a29c1d680899eff700a03.png]]></image_url>
<num_pages></num_pages>
<work>
<id>15290891</id>
</work>
<isbn>1172438099</isbn>
<isbn13>9781172438099</isbn13>
<average_rating>3.74</average_rating>
<ratings_count>645</ratings_count>
<publication_year></publication_year>
<publication_month></publication_month>
<publication_day></publication_day>
<authors>
<author>
<id>159</id>
<name>Henry James</name>
<link><![CDATA[https://www.goodreads.com/author/show/159.Henry_James]]></link>
</author>
</authors>
</book>

          <book>
<id>199157</id>
<title>A Quiet Storm</title>
<title_without_series>A Quiet Storm</title_without_series>
<link><![CDATA[https://www.goodreads.com/book/show/199157.A_Quiet_Storm]]></link>
<small_image_url><![CDATA[https://images.gr-assets.com/books/1404632016s/199157.jpg]]></small_image_url>
<image_url><![CDATA[https://images.gr-assets.com/books/1404632016m/199157.jpg]]></image_url>
<num_pages>256</num_pages>
<work>
<id>192660</id>
</work>
<isbn>074322616X</isbn>
<isbn13>9780743226165</isbn13>
<average_rating>3.64</average_rating>
<ratings_count>459</ratings_count>
<publication_year>2002</publication_year>
<publication_month>9</publication_month>
<publication_day>10</publication_day>
<authors>
<author>
<id>116117</id>
<name>Rachel Howzell Hall</name>
<link><![CDATA[https://www.goodreads.com/author/show/116117.Rachel_Howzell_Hall]]></link>
</author>
</authors>
</book>

          <book>
<id>30934</id>
<title>Black Mischief</title>
<title_without_series>Black Mischief</title_without_series>
<link><![CDATA[https://www.goodreads.com/book/show/30934.Black_Mischief]]></link>
<small_image_url><![CDATA[https://images.gr-assets.com/books/1397065072s/30934.jpg]]></small_image_url>
<image_url><![CDATA[https://images.gr-assets.com/books/1397065072m/30934.jpg]]></image_url>
<num_pages>304</num_pages>
<work>
<id>1020646</id>
</work>
<isbn>0316917338</isbn>
<isbn13>9780316917339</isbn13>
<average_rating>3.78</average_rating>
<ratings_count>2441</ratings_count>
<publication_year>2002</publication_year>
<publication_month>8</publication_month>
<publication_day>30</publication_day>
<authors>
<author>
<id>11315</id>
<name>Evelyn Waugh</name>
<link><![CDATA[https://www.goodreads.com/author/show/11315.Evelyn_Waugh]]></link>
</author>
</authors>
</book>

          <book>
<id>452589</id>
<title><![CDATA[George W. Bushisms: The Slate Book of Accidental Wit and Wisdom of Our 43rd President]]></title>
<title_without_series><![CDATA[George W. Bushisms: The Slate Book of Accidental Wit and Wisdom of Our 43rd President]]></title_without_series>
<link><![CDATA[https://www.goodreads.com/book/show/452589.George_W_Bushisms]]></link>
<small_image_url><![CDATA[https://images.gr-assets.com/books/1416444170s/452589.jpg]]></small_image_url>
<image_url><![CDATA[https://images.gr-assets.com/books/1416444170m/452589.jpg]]></image_url>
<num_pages></num_pages>
<work>
<id>441201</id>
</work>
<isbn>0743222229</isbn>
<isbn13>9780743222228</isbn13>
<average_rating>3.48</average_rating>
<ratings_count>368</ratings_count>
<publication_year></publication_year>
<publication_month></publication_month>
<publication_day></publication_day>
<authors>
<author>
<id>2032</id>
<name>Jacob Weisberg</name>
<link><![CDATA[https://www.goodreads.com/author/show/2032.Jacob_Weisberg]]></link>
</author>
</authors>
</book>

          <book>
<id>2036549</id>
<title>The Holy Barbarians</title>
<title_without_series>The Holy Barbarians</title_without_series>
<link><![CDATA[https://www.goodreads.com/book/show/2036549.The_Holy_Barbarians]]></link>
<small_image_url><![CDATA[https://s.gr-assets.com/assets/nophoto/book/50x75-a91bf249278a81aabab721ef782c4a74.png]]></small_image_url>
<image_url><![CDATA[https://s.gr-assets.com/assets/nophoto/book/111x148-bcc042a9c91a29c1d680899eff700a03.png]]></image_url>
<num_pages>318</num_pages>
<work>
<id>2041342</id>
</work>
<isbn></isbn>
<isbn13></isbn13>
<average_rating>3.64</average_rating>
<ratings_count>448</ratings_count>
<publication_year>1962</publication_year>
<publication_month></publication_month>
<publication_day></publication_day>
<authors>
<author>
<id>925942</id>
<name>Lawrence Lipton</name>
<link><![CDATA[https://www.goodreads.com/author/show/925942.Lawrence_Lipton]]></link>
</author>
</authors>
</book>

  </similar_books>
</book>

</GoodreadsResponse>