<?xml version="1.0" encoding="UTF-8"?>
<GoodreadsResponse>
  <Request>
    <authentication>true</authentication>
      <key><![CDATA[all_men_must_serve]]></key>
    <method><![CDATA[book_show]]></method>
  </Request>
  <book>
  <id>10596</id>
  <title>The Regulators</title>
  <isbn><![CDATA[0451191013]]></isbn>
  <isbn13><![CDATA[9780451191014]]></isbn13>
  <asin><![CDATA[]]></asin>
  <kindle_asin><![CDATA[B003BVFZ5K]]></kindle_asin>
  <marketplace_id><![CDATA[A1F83G8C2ARO7P]]></marketplace_id>
  <country_code><![CDATA[GB]]></country_code>
  <image_url>https://images.gr-assets.com/books/1364033309m/10596.jpg</image_url>
  <small_image_url>https://images.gr-assets.com/books/1364033309s/10596.jpg</small_image_url>
  <publication_year></publication_year>
  <publication_month></publication_month>
  <publication_day></publication_day>
  <publisher></publisher>
  <language_code>eng</language_code>
  <is_ebook>false</is_ebook>
  <description><![CDATA[An evil creature called Tak uses the imagination of an autistic boy to shift a residential street in small-town Ohio into a world so bizarre and brutal that only a child could think it up. It's as two-dimensional and gaudy as a kid's comic book, but for this reviewer, The Regulators is a gripping adventure tale about what happens when a mind fixated on TV (especially old Westerns and a cartoon called MotoKops 2200) runs amok. As Michael Collins writes in Necrofile, "[Stephen] King offers his readers a glimpse of the true evil of popular culture ... which has no design or intent, only an empty need to sustain itself. King is, I think, about the canniest observer of what America is, and that he generally writes horror ought to give us pause from time to time."]]></description>
  <work>
  <id type="integer">955346</id>
  <books_count type="integer">110</books_count>
  <best_book_id type="integer">10596</best_book_id>
  <reviews_count type="integer">80429</reviews_count>
  <ratings_sum type="integer">193610</ratings_sum>
  <ratings_count type="integer">53340</ratings_count>
  <text_reviews_count type="integer">905</text_reviews_count>
  <original_publication_year type="integer">1996</original_publication_year>
  <original_publication_month type="integer">9</original_publication_month>
  <original_publication_day type="integer">24</original_publication_day>
  <original_title>The Regulators</original_title>
  <original_language_id type="integer" nil="true"/>
  <media_type>book</media_type>
  <rating_dist>5:13325|4:15862|3:16873|2:5638|1:1642|total:53340</rating_dist>
  <desc_user_id type="integer">32007247</desc_user_id>
  <default_chaptering_book_id type="integer" nil="true"/>
  <default_description_language_code nil="true"/>
</work>
  <average_rating>3.63</average_rating>
  <num_pages><![CDATA[]]></num_pages>
  <format><![CDATA[]]></format>
  <edition_information><![CDATA[]]></edition_information>
  <ratings_count><![CDATA[49476]]></ratings_count>
  <text_reviews_count><![CDATA[610]]></text_reviews_count>
  <url><![CDATA[https://www.goodreads.com/book/show/10596.The_Regulators]]></url>
  <link><![CDATA[https://www.goodreads.com/book/show/10596.The_Regulators]]></link>
  <authors>
<author>
<id>5858</id>
<name>Richard Bachman</name>
<role>Pseudonym</role>
<image_url nophoto='false'>
<![CDATA[https://images.gr-assets.com/authors/1289702449p5/5858.jpg]]>
</image_url>
<small_image_url nophoto='false'>
<![CDATA[https://images.gr-assets.com/authors/1289702449p2/5858.jpg]]>
</small_image_url>
<link><![CDATA[https://www.goodreads.com/author/show/5858.Richard_Bachman]]></link>
<average_rating>3.81</average_rating>
<ratings_count>472428</ratings_count>
<text_reviews_count>12040</text_reviews_count>
</author>
<author>
<id>3389</id>
<name>Stephen King</name>
<role></role>
<image_url nophoto='false'>
<![CDATA[https://images.gr-assets.com/authors/1362814142p5/3389.jpg]]>
</image_url>
<small_image_url nophoto='false'>
<![CDATA[https://images.gr-assets.com/authors/1362814142p2/3389.jpg]]>
</small_image_url>
<link><![CDATA[https://www.goodreads.com/author/show/3389.Stephen_King]]></link>
<average_rating>4.01</average_rating>
<ratings_count>10357348</ratings_count>
<text_reviews_count>349178</text_reviews_count>
</author>
</authors>

    <reviews_widget>
      <![CDATA[
        <style>
  #goodreads-widget {
    font-family: georgia, serif;
    padding: 18px 0;
    width:565px;
  }
  #goodreads-widget h1 {
    font-weight:normal;
    font-size: 16px;
    border-bottom: 1px solid #BBB596;
    margin-bottom: 0;
  }
  #goodreads-widget a {
    text-decoration: none;
    color:#660;
  }
  iframe{
    background-color: #fff;
  }
  #goodreads-widget a:hover { text-decoration: underline; }
  #goodreads-widget a:active {
    color:#660;
  }
  #gr_footer {
    width: 100%;
    border-top: 1px solid #BBB596;
    text-align: right;
  }
  #goodreads-widget .gr_branding{
    color: #382110;
    font-size: 11px;
    text-decoration: none;
    font-family: "Helvetica Neue", Helvetica, Arial, sans-serif;
  }
</style>
<div id="goodreads-widget">
  <div id="gr_header"><h1><a rel="nofollow" href="https://www.goodreads.com/book/show/10596.The_Regulators">The Regulators Reviews</a></h1></div>
  <iframe id="the_iframe" src="https://www.goodreads.com/api/reviews_widget_iframe?did=DEVELOPER_ID&amp;format=html&amp;isbn=0451191013&amp;links=660&amp;min_rating=&amp;review_back=fff&amp;stars=000&amp;text=000" width="565" height="400" frameborder="0"></iframe>
  <div id="gr_footer">
    <a class="gr_branding" target="_blank" rel="nofollow" href="https://www.goodreads.com/book/show/10596.The_Regulators?utm_medium=api&amp;utm_source=reviews_widget">Reviews from Goodreads.com</a>
  </div>
</div>

      ]]>
    </reviews_widget>
  <popular_shelves>
      <shelf name="to-read" count="8072"/>
      <shelf name="horror" count="1460"/>
      <shelf name="stephen-king" count="1034"/>
      <shelf name="fiction" count="488"/>
      <shelf name="currently-reading" count="404"/>
      <shelf name="owned" count="226"/>
      <shelf name="king" count="183"/>
      <shelf name="default" count="156"/>
      <shelf name="books-i-own" count="148"/>
      <shelf name="thriller" count="114"/>
      <shelf name="fantasy" count="108"/>
      <shelf name="favorites" count="99"/>
      <shelf name="owned-books" count="73"/>
      <shelf name="supernatural" count="52"/>
      <shelf name="library" count="44"/>
      <shelf name="my-books" count="39"/>
      <shelf name="my-library" count="37"/>
      <shelf name="novels" count="34"/>
      <shelf name="horror-thriller" count="33"/>
      <shelf name="king-stephen" count="30"/>
      <shelf name="suspense" count="29"/>
      <shelf name="ebooks" count="28"/>
      <shelf name="the-king" count="28"/>
      <shelf name="sci-fi" count="26"/>
      <shelf name="science-fiction" count="25"/>
      <shelf name="murder" count="24"/>
      <shelf name="kindle" count="24"/>
      <shelf name="ohio" count="23"/>
      <shelf name="novel" count="23"/>
      <shelf name="tales" count="22"/>
      <shelf name="general" count="22"/>
      <shelf name="wish-list" count="22"/>
      <shelf name="life" count="21"/>
      <shelf name="possession" count="21"/>
      <shelf name="ebook" count="21"/>
      <shelf name="dark-tower" count="21"/>
      <shelf name="own-it" count="21"/>
      <shelf name="mass" count="20"/>
      <shelf name="demoniac" count="20"/>
      <shelf name="paranormal" count="20"/>
      <shelf name="suburban" count="19"/>
      <shelf name="richard-bachman" count="19"/>
      <shelf name="home-library" count="18"/>
      <shelf name="muller" count="18"/>
      <shelf name="frank" count="18"/>
      <shelf name="terror" count="18"/>
      <shelf name="audiobook" count="18"/>
      <shelf name="hardcover" count="18"/>
      <shelf name="stephenking" count="18"/>
      <shelf name="audiobooks" count="17"/>
      <shelf name="adult" count="17"/>
      <shelf name="i-own" count="17"/>
      <shelf name="horror-suspense" count="17"/>
      <shelf name="books" count="16"/>
      <shelf name="stephen-king-to-read" count="16"/>
      <shelf name="stephen-king-read" count="16"/>
      <shelf name="have" count="15"/>
      <shelf name="to-buy" count="15"/>
      <shelf name="s-king" count="14"/>
      <shelf name="abandoned" count="14"/>
      <shelf name="calibre" count="13"/>
      <shelf name="adult-fiction" count="13"/>
      <shelf name="collection" count="12"/>
      <shelf name="american" count="12"/>
      <shelf name="unread" count="12"/>
      <shelf name="general-fiction" count="12"/>
      <shelf name="horror-supernatural" count="12"/>
      <shelf name="e-book" count="11"/>
      <shelf name="e-books" count="11"/>
      <shelf name="stephen-king-collection" count="11"/>
      <shelf name="my-collection" count="11"/>
      <shelf name="borrowed" count="11"/>
      <shelf name="paperback" count="11"/>
      <shelf name="sk" count="11"/>
      <shelf name="1996" count="10"/>
      <shelf name="steven-king" count="10"/>
      <shelf name="finished" count="10"/>
      <shelf name="stephen-king-books" count="10"/>
      <shelf name="tbr" count="9"/>
      <shelf name="audio" count="9"/>
      <shelf name="20th-century" count="9"/>
      <shelf name="mystery" count="9"/>
      <shelf name="favorite-authors" count="9"/>
      <shelf name="sci-fi-fantasy" count="9"/>
      <shelf name="audio-books" count="9"/>
      <shelf name="thrillers" count="9"/>
      <shelf name="scary" count="8"/>
      <shelf name="usa" count="8"/>
      <shelf name="books-owned" count="8"/>
      <shelf name="fiction-horror" count="8"/>
      <shelf name="1990s" count="8"/>
      <shelf name="spooky" count="8"/>
      <shelf name="speculative-fiction" count="8"/>
      <shelf name="mine" count="8"/>
      <shelf name="creepy" count="8"/>
      <shelf name="read-in-2017" count="7"/>
      <shelf name="bookshelf" count="7"/>
      <shelf name="english" count="7"/>
      <shelf name="horror-fiction" count="7"/>
      <shelf name="books-i-have" count="7"/>
  </popular_shelves>
  <book_links>
    <book_link>
  <id>8</id>
  <name>Libraries</name>
  <link>https://www.goodreads.com/book_link/follow/8</link>
</book_link>

  </book_links>
  <buy_links>
    <buy_link>
<id>1</id>
<name>Amazon</name>
<link>https://www.goodreads.com/book_link/follow/1</link>
</buy_link>
<buy_link>
<id>10</id>
<name>Audible</name>
<link>https://www.goodreads.com/book_link/follow/10</link>
</buy_link>
<buy_link>
<id>3</id>
<name>Barnes &amp; Noble</name>
<link>https://www.goodreads.com/book_link/follow/3</link>
</buy_link>
<buy_link>
<id>1027</id>
<name>Kobo</name>
<link>https://www.goodreads.com/book_link/follow/1027</link>
</buy_link>
<buy_link>
<id>2102</id>
<name>Apple iBooks</name>
<link>https://www.goodreads.com/book_link/follow/2102</link>
</buy_link>
<buy_link>
<id>8036</id>
<name>Google Play</name>
<link>https://www.goodreads.com/book_link/follow/8036</link>
</buy_link>
<buy_link>
<id>4</id>
<name>Abebooks</name>
<link>https://www.goodreads.com/book_link/follow/4</link>
</buy_link>
<buy_link>
<id>882</id>
<name>Book Depository</name>
<link>https://www.goodreads.com/book_link/follow/882</link>
</buy_link>
<buy_link>
<id>9</id>
<name>Indigo</name>
<link>https://www.goodreads.com/book_link/follow/9</link>
</buy_link>
<buy_link>
<id>2</id>
<name>Half.com</name>
<link>https://www.goodreads.com/book_link/follow/2</link>
</buy_link>
<buy_link>
<id>5</id>
<name>Alibris</name>
<link>https://www.goodreads.com/book_link/follow/5</link>
</buy_link>
<buy_link>
<id>107</id>
<name>Better World Books</name>
<link>https://www.goodreads.com/book_link/follow/107</link>
</buy_link>
<buy_link>
<id>7</id>
<name>IndieBound</name>
<link>https://www.goodreads.com/book_link/follow/7</link>
</buy_link>

  </buy_links>
  <series_works>
    
  </series_works>
  <similar_books>
          <book>
<id>13451</id>
<title><![CDATA[Storm of the Century: An Original Screenplay]]></title>
<title_without_series><![CDATA[Storm of the Century: An Original Screenplay]]></title_without_series>
<link><![CDATA[https://www.goodreads.com/book/show/13451.Storm_of_the_Century]]></link>
<small_image_url><![CDATA[https://s.gr-assets.com/assets/nophoto/book/50x75-a91bf249278a81aabab721ef782c4a74.png]]></small_image_url>
<image_url><![CDATA[https://s.gr-assets.com/assets/nophoto/book/111x148-bcc042a9c91a29c1d680899eff700a03.png]]></image_url>
<num_pages>376</num_pages>
<work>
<id>3048970</id>
</work>
<isbn>067103264X</isbn>
<isbn13>9780671032647</isbn13>
<average_rating>3.86</average_rating>
<ratings_count>15353</ratings_count>
<publication_year></publication_year>
<publication_month></publication_month>
<publication_day></publication_day>
<authors>
<author>
<id>3389</id>
<name>Stephen King</name>
<link><![CDATA[https://www.goodreads.com/author/show/3389.Stephen_King]]></link>
</author>
</authors>
</book>

  </similar_books>
</book>

</GoodreadsResponse>