<?xml version="1.0" encoding="UTF-8"?>
<GoodreadsResponse>
  <Request>
    <authentication>true</authentication>
      <key><![CDATA[all_men_must_serve]]></key>
    <method><![CDATA[book_show]]></method>
  </Request>
  <book>
  <id>105920</id>
  <title><![CDATA[Ultimate Spider-Man, Volume 1: Power and Responsibility]]></title>
  <isbn><![CDATA[078510786X]]></isbn>
  <isbn13><![CDATA[9780785107866]]></isbn13>
  <asin><![CDATA[]]></asin>
  <kindle_asin><![CDATA[B00AAJR3M4]]></kindle_asin>
  <marketplace_id><![CDATA[A1F83G8C2ARO7P]]></marketplace_id>
  <country_code><![CDATA[GB]]></country_code>
  <image_url>https://s.gr-assets.com/assets/nophoto/book/111x148-bcc042a9c91a29c1d680899eff700a03.png</image_url>
  <small_image_url>https://s.gr-assets.com/assets/nophoto/book/50x75-a91bf249278a81aabab721ef782c4a74.png</small_image_url>
  <publication_year>2007</publication_year>
  <publication_month>5</publication_month>
  <publication_day>16</publication_day>
  <publisher>Marvel</publisher>
  <language_code>eng</language_code>
  <is_ebook>false</is_ebook>
  <description><![CDATA[An outsider even amongst his own peers, high school student Peter Parker is a young man at the crossroads of destiny. Orphaned as a youth and raised by his Uncle Ben and Aunt May, Peter finds himself the target of a constant barrage of pranks perpetrated by school jock Flash Thompson and his burly bud, nicknamed Kong. After Peter is bitten by an experimental spider from the laboratory of Osborn Industries, industrialist Norman Osborn takes a deadly interest in this development. Will Peter be able to avoid a violent case of corporate downsizing? When backed into a corner, will our hero learn that with great power there must come great responsibility?<br /><br /><b>Collecting</b>: <i>Ultimate Spider-Man</i> 1-6]]></description>
  <work>
  <id type="integer">102101</id>
  <books_count type="integer">24</books_count>
  <best_book_id type="integer">105920</best_book_id>
  <reviews_count type="integer">17529</reviews_count>
  <ratings_sum type="integer">44358</ratings_sum>
  <ratings_count type="integer">10934</ratings_count>
  <text_reviews_count type="integer">268</text_reviews_count>
  <original_publication_year type="integer">2001</original_publication_year>
  <original_publication_month type="integer" nil="true"/>
  <original_publication_day type="integer" nil="true"/>
  <original_title>Ultimate Spider-Man, Volume 1: Power and Responsibility</original_title>
  <original_language_id type="integer" nil="true"/>
  <media_type>book</media_type>
  <rating_dist>5:4464|4:3609|3:2105|2:531|1:225|total:10934</rating_dist>
  <desc_user_id type="integer">7548830</desc_user_id>
  <default_chaptering_book_id type="integer" nil="true"/>
  <default_description_language_code nil="true"/>
</work>
  <average_rating>4.06</average_rating>
  <num_pages><![CDATA[184]]></num_pages>
  <format><![CDATA[Paperback]]></format>
  <edition_information><![CDATA[]]></edition_information>
  <ratings_count><![CDATA[10467]]></ratings_count>
  <text_reviews_count><![CDATA[229]]></text_reviews_count>
  <url><![CDATA[https://www.goodreads.com/book/show/105920.Ultimate_Spider_Man_Volume_1]]></url>
  <link><![CDATA[https://www.goodreads.com/book/show/105920.Ultimate_Spider_Man_Volume_1]]></link>
  <authors>
<author>
<id>12424</id>
<name>Brian Michael Bendis</name>
<role>Writer</role>
<image_url nophoto='false'>
<![CDATA[https://images.gr-assets.com/authors/1239763230p5/12424.jpg]]>
</image_url>
<small_image_url nophoto='false'>
<![CDATA[https://images.gr-assets.com/authors/1239763230p2/12424.jpg]]>
</small_image_url>
<link><![CDATA[https://www.goodreads.com/author/show/12424.Brian_Michael_Bendis]]></link>
<average_rating>3.92</average_rating>
<ratings_count>343094</ratings_count>
<text_reviews_count>19689</text_reviews_count>
</author>
<author>
<id>12443</id>
<name>Mark Bagley</name>
<role>Artist</role>
<image_url nophoto='false'>
<![CDATA[https://images.gr-assets.com/authors/1350868745p5/12443.jpg]]>
</image_url>
<small_image_url nophoto='false'>
<![CDATA[https://images.gr-assets.com/authors/1350868745p2/12443.jpg]]>
</small_image_url>
<link><![CDATA[https://www.goodreads.com/author/show/12443.Mark_Bagley]]></link>
<average_rating>3.87</average_rating>
<ratings_count>70565</ratings_count>
<text_reviews_count>3503</text_reviews_count>
</author>
</authors>

    <reviews_widget>
      <![CDATA[
        <style>
  #goodreads-widget {
    font-family: georgia, serif;
    padding: 18px 0;
    width:565px;
  }
  #goodreads-widget h1 {
    font-weight:normal;
    font-size: 16px;
    border-bottom: 1px solid #BBB596;
    margin-bottom: 0;
  }
  #goodreads-widget a {
    text-decoration: none;
    color:#660;
  }
  iframe{
    background-color: #fff;
  }
  #goodreads-widget a:hover { text-decoration: underline; }
  #goodreads-widget a:active {
    color:#660;
  }
  #gr_footer {
    width: 100%;
    border-top: 1px solid #BBB596;
    text-align: right;
  }
  #goodreads-widget .gr_branding{
    color: #382110;
    font-size: 11px;
    text-decoration: none;
    font-family: "Helvetica Neue", Helvetica, Arial, sans-serif;
  }
</style>
<div id="goodreads-widget">
  <div id="gr_header"><h1><a rel="nofollow" href="https://www.goodreads.com/book/show/105920.Ultimate_Spider_Man_Volume_1">Ultimate Spider-Man, Volume 1 Reviews</a></h1></div>
  <iframe id="the_iframe" src="https://www.goodreads.com/api/reviews_widget_iframe?did=DEVELOPER_ID&amp;format=html&amp;isbn=078510786X&amp;links=660&amp;min_rating=&amp;review_back=fff&amp;stars=000&amp;text=000" width="565" height="400" frameborder="0"></iframe>
  <div id="gr_footer">
    <a class="gr_branding" target="_blank" rel="nofollow" href="https://www.goodreads.com/book/show/105920.Ultimate_Spider_Man_Volume_1?utm_medium=api&amp;utm_source=reviews_widget">Reviews from Goodreads.com</a>
  </div>
</div>

      ]]>
    </reviews_widget>
  <popular_shelves>
      <shelf name="to-read" count="6292"/>
      <shelf name="comics" count="552"/>
      <shelf name="graphic-novels" count="300"/>
      <shelf name="marvel" count="133"/>
      <shelf name="graphic-novel" count="93"/>
      <shelf name="currently-reading" count="83"/>
      <shelf name="spider-man" count="64"/>
      <shelf name="comic-books" count="62"/>
      <shelf name="superheroes" count="52"/>
      <shelf name="superhero" count="44"/>
      <shelf name="marvel-comics" count="39"/>
      <shelf name="comic" count="37"/>
      <shelf name="comics-graphic-novels" count="33"/>
      <shelf name="favorites" count="27"/>
      <shelf name="fiction" count="27"/>
      <shelf name="owned" count="21"/>
      <shelf name="graphic-novels-comics" count="18"/>
      <shelf name="fantasy" count="16"/>
      <shelf name="young-adult" count="16"/>
      <shelf name="science-fiction" count="16"/>
      <shelf name="ultimate-marvel" count="13"/>
      <shelf name="comics-and-graphic-novels" count="13"/>
      <shelf name="spiderman" count="12"/>
      <shelf name="adventure" count="11"/>
      <shelf name="comic-book" count="11"/>
      <shelf name="read-comics" count="11"/>
      <shelf name="comics-read" count="10"/>
      <shelf name="series" count="9"/>
      <shelf name="graphic" count="9"/>
      <shelf name="sci-fi" count="8"/>
      <shelf name="ultimate-spider-man" count="8"/>
      <shelf name="default" count="7"/>
      <shelf name="superhero-comics" count="7"/>
      <shelf name="graphic-novels-read" count="7"/>
      <shelf name="super-hero" count="7"/>
      <shelf name="marvel-ultimate" count="7"/>
      <shelf name="comix" count="7"/>
      <shelf name="comics-manga" count="7"/>
      <shelf name="books-i-own" count="7"/>
      <shelf name="comic-books-graphic-novels" count="6"/>
      <shelf name="read-in-2013" count="6"/>
      <shelf name="re-read" count="6"/>
      <shelf name="brian-michael-bendis" count="6"/>
      <shelf name="ultimate-universe" count="6"/>
      <shelf name="graphic-novels-and-comics" count="6"/>
      <shelf name="hq" count="5"/>
      <shelf name="comics-marvel" count="5"/>
      <shelf name="ebook" count="5"/>
      <shelf name="to-buy" count="5"/>
      <shelf name="ultimate" count="5"/>
      <shelf name="super-heroes" count="5"/>
      <shelf name="library" count="5"/>
      <shelf name="ya" count="5"/>
      <shelf name="teen" count="5"/>
      <shelf name="trade-paperbacks" count="5"/>
      <shelf name="read-in-2016" count="4"/>
      <shelf name="to-read-comics" count="4"/>
      <shelf name="read-in-2015" count="4"/>
      <shelf name="read-2015" count="4"/>
      <shelf name="graphic-novels-manga" count="4"/>
      <shelf name="reviewed" count="4"/>
      <shelf name="superheros" count="4"/>
      <shelf name="4-stars" count="4"/>
      <shelf name="2000s" count="4"/>
      <shelf name="action" count="4"/>
      <shelf name="gn" count="4"/>
      <shelf name="comic-graphic-novel" count="4"/>
      <shelf name="graphic-novels-comic-books" count="4"/>
      <shelf name="books" count="4"/>
      <shelf name="read-in-2017" count="3"/>
      <shelf name="comics-to-read" count="3"/>
      <shelf name="komiksy" count="3"/>
      <shelf name="quadrinhos" count="3"/>
      <shelf name="5-stars" count="3"/>
      <shelf name="çizgi-roman" count="3"/>
      <shelf name="read-in-english" count="3"/>
      <shelf name="comics-superheroes" count="3"/>
      <shelf name="graphic-novels-and-manga" count="3"/>
      <shelf name="my-books" count="3"/>
      <shelf name="good" count="3"/>
      <shelf name="hqs" count="3"/>
      <shelf name="have" count="3"/>
      <shelf name="comic-manga" count="3"/>
      <shelf name="scanned" count="3"/>
      <shelf name="read-in-2012" count="3"/>
      <shelf name="own-it" count="3"/>
      <shelf name="my-library" count="3"/>
      <shelf name="graphic_novels" count="3"/>
      <shelf name="comics-and-manga" count="3"/>
      <shelf name="comicbooks" count="3"/>
      <shelf name="action-adventure" count="3"/>
      <shelf name="bendis" count="3"/>
      <shelf name="graphicnovels" count="3"/>
      <shelf name="to-read-graphic-novels" count="2"/>
      <shelf name="my-graphic-novels" count="2"/>
      <shelf name="comicbook" count="2"/>
      <shelf name="started-but-not-finished" count="2"/>
      <shelf name="ebooks" count="2"/>
      <shelf name="comic-ummer" count="2"/>
      <shelf name="my-collection" count="2"/>
  </popular_shelves>
  <book_links>
    <book_link>
  <id>8</id>
  <name>Libraries</name>
  <link>https://www.goodreads.com/book_link/follow/8</link>
</book_link>

  </book_links>
  <buy_links>
    <buy_link>
<id>1</id>
<name>Amazon</name>
<link>https://www.goodreads.com/book_link/follow/1</link>
</buy_link>
<buy_link>
<id>10</id>
<name>Audible</name>
<link>https://www.goodreads.com/book_link/follow/10</link>
</buy_link>
<buy_link>
<id>3</id>
<name>Barnes &amp; Noble</name>
<link>https://www.goodreads.com/book_link/follow/3</link>
</buy_link>
<buy_link>
<id>1027</id>
<name>Kobo</name>
<link>https://www.goodreads.com/book_link/follow/1027</link>
</buy_link>
<buy_link>
<id>2102</id>
<name>Apple iBooks</name>
<link>https://www.goodreads.com/book_link/follow/2102</link>
</buy_link>
<buy_link>
<id>8036</id>
<name>Google Play</name>
<link>https://www.goodreads.com/book_link/follow/8036</link>
</buy_link>
<buy_link>
<id>4</id>
<name>Abebooks</name>
<link>https://www.goodreads.com/book_link/follow/4</link>
</buy_link>
<buy_link>
<id>882</id>
<name>Book Depository</name>
<link>https://www.goodreads.com/book_link/follow/882</link>
</buy_link>
<buy_link>
<id>9</id>
<name>Indigo</name>
<link>https://www.goodreads.com/book_link/follow/9</link>
</buy_link>
<buy_link>
<id>2</id>
<name>Half.com</name>
<link>https://www.goodreads.com/book_link/follow/2</link>
</buy_link>
<buy_link>
<id>5</id>
<name>Alibris</name>
<link>https://www.goodreads.com/book_link/follow/5</link>
</buy_link>
<buy_link>
<id>107</id>
<name>Better World Books</name>
<link>https://www.goodreads.com/book_link/follow/107</link>
</buy_link>
<buy_link>
<id>7</id>
<name>IndieBound</name>
<link>https://www.goodreads.com/book_link/follow/7</link>
</buy_link>

  </buy_links>
  <series_works>
    <series_work>
<id>186199</id>
<user_position>1</user_position>
<series>
<id>50084</id>
<title>
<![CDATA[
    Ultimate Spider-Man
]]>
</title>
<description>
<![CDATA[
    Chronological list of collected <i>Ultimate Spider-Man</i> comics.
    
    This is part of the Ultimate Universe.
    
    <i>Ultimate Spider-Man</i> is a teenage drama, in contrast to the adult Spider-Man in the <u>Marvel</u> continuity.
    
    <i>Ultimate Spider-Man</i> was relaunched in 2009 as <a href="http://www.goodreads.com/series/82786-ultimate-comics-spider-man-volume-i"><i>Ultimate Comics: Spider-Man</i>, Volume I</a>; although the titles and numbering on the individual comics issues reverted to <i>Ultimate Spider-Man</i> with the continued numbering near the end of that series.
]]>
</description>
<note>
<![CDATA[
    The hardcover 11-volume version of the series is listed as non-primary books here based on this discussion: http://www.goodreads.com/topic/show/1009227-multiformat-series
]]>
</note>
<series_works_count>37</series_works_count>
<primary_work_count>22</primary_work_count>
<numbered>true</numbered>
</series>

</series_work>
<series_work>
<id>1021807</id>
<user_position>1</user_position>
<series>
<id>199587</id>
<title>
<![CDATA[
    Coleccionable Ultimate Spiderman
]]>
</title>
<description>
<![CDATA[
    DO NOT DELETE THIS SERIES.
    Most of the books contains the same material that USA Edition but others have different numering and content.
]]>
</description>
<note>
<![CDATA[
]]>
</note>
<series_works_count>30</series_works_count>
<primary_work_count>30</primary_work_count>
<numbered>true</numbered>
</series>

</series_work>

  </series_works>
  <similar_books>
          <book>
<id>305672</id>
<title><![CDATA[Ultimate X-Men, Volume 1: The Tomorrow People]]></title>
<title_without_series><![CDATA[Ultimate X-Men, Volume 1: The Tomorrow People]]></title_without_series>
<link><![CDATA[https://www.goodreads.com/book/show/305672.Ultimate_X_Men_Volume_1]]></link>
<small_image_url><![CDATA[https://images.gr-assets.com/books/1298499417s/305672.jpg]]></small_image_url>
<image_url><![CDATA[https://images.gr-assets.com/books/1298499417m/305672.jpg]]></image_url>
<num_pages></num_pages>
<work>
<id>296669</id>
</work>
<isbn>0785107886</isbn>
<isbn13>9780785107880</isbn13>
<average_rating>3.76</average_rating>
<ratings_count>4281</ratings_count>
<publication_year></publication_year>
<publication_month></publication_month>
<publication_day></publication_day>
<authors>
<author>
<id>12736</id>
<name>Mark Millar</name>
<link><![CDATA[https://www.goodreads.com/author/show/12736.Mark_Millar]]></link>
</author>
</authors>
</book>

          <book>
<id>160882</id>
<title>Spider-Man: Blue</title>
<title_without_series>Spider-Man: Blue</title_without_series>
<link><![CDATA[https://www.goodreads.com/book/show/160882.Spider_Man]]></link>
<small_image_url><![CDATA[https://images.gr-assets.com/books/1339177752s/160882.jpg]]></small_image_url>
<image_url><![CDATA[https://images.gr-assets.com/books/1339177752m/160882.jpg]]></image_url>
<num_pages>168</num_pages>
<work>
<id>155283</id>
</work>
<isbn>0785110712</isbn>
<isbn13>9780785110712</isbn13>
<average_rating>4.11</average_rating>
<ratings_count>5076</ratings_count>
<publication_year>2011</publication_year>
<publication_month>8</publication_month>
<publication_day>10</publication_day>
<authors>
<author>
<id>32594</id>
<name>Jeph Loeb</name>
<link><![CDATA[https://www.goodreads.com/author/show/32594.Jeph_Loeb]]></link>
</author>
</authors>
</book>

          <book>
<id>342066</id>
<title><![CDATA[Ultimate X-Men, Volume 9: The Tempest]]></title>
<title_without_series><![CDATA[Ultimate X-Men, Volume 9: The Tempest]]></title_without_series>
<link><![CDATA[https://www.goodreads.com/book/show/342066.Ultimate_X_Men_Volume_9]]></link>
<small_image_url><![CDATA[https://images.gr-assets.com/books/1298497439s/342066.jpg]]></small_image_url>
<image_url><![CDATA[https://images.gr-assets.com/books/1298497439m/342066.jpg]]></image_url>
<num_pages>112</num_pages>
<work>
<id>332428</id>
</work>
<isbn>0785114041</isbn>
<isbn13>9780785114048</isbn13>
<average_rating>3.74</average_rating>
<ratings_count>1686</ratings_count>
<publication_year>2006</publication_year>
<publication_month>8</publication_month>
<publication_day>30</publication_day>
<authors>
<author>
<id>24514</id>
<name>Brian K. Vaughan</name>
<link><![CDATA[https://www.goodreads.com/author/show/24514.Brian_K_Vaughan]]></link>
</author>
</authors>
</book>

          <book>
<id>389808</id>
<title><![CDATA[Essential Amazing Spider-Man, Vol. 1]]></title>
<title_without_series><![CDATA[Essential Amazing Spider-Man, Vol. 1]]></title_without_series>
<link><![CDATA[https://www.goodreads.com/book/show/389808.Essential_Amazing_Spider_Man_Vol_1]]></link>
<small_image_url><![CDATA[https://s.gr-assets.com/assets/nophoto/book/50x75-a91bf249278a81aabab721ef782c4a74.png]]></small_image_url>
<image_url><![CDATA[https://s.gr-assets.com/assets/nophoto/book/111x148-bcc042a9c91a29c1d680899eff700a03.png]]></image_url>
<num_pages>568</num_pages>
<work>
<id>1406185</id>
</work>
<isbn>0785121927</isbn>
<isbn13>9780785121923</isbn13>
<average_rating>4.28</average_rating>
<ratings_count>2741</ratings_count>
<publication_year>2006</publication_year>
<publication_month>3</publication_month>
<publication_day>8</publication_day>
<authors>
<author>
<id>10303</id>
<name>Stan Lee</name>
<link><![CDATA[https://www.goodreads.com/author/show/10303.Stan_Lee]]></link>
</author>
</authors>
</book>

          <book>
<id>707695</id>
<title><![CDATA[The Amazing Spider-Man, Vol. 2: Revelations]]></title>
<title_without_series><![CDATA[The Amazing Spider-Man, Vol. 2: Revelations]]></title_without_series>
<link><![CDATA[https://www.goodreads.com/book/show/707695.The_Amazing_Spider_Man_Vol_2]]></link>
<small_image_url><![CDATA[https://images.gr-assets.com/books/1342739613s/707695.jpg]]></small_image_url>
<image_url><![CDATA[https://images.gr-assets.com/books/1342739613m/707695.jpg]]></image_url>
<num_pages>96</num_pages>
<work>
<id>693970</id>
</work>
<isbn>0785108777</isbn>
<isbn13>9780785108771</isbn13>
<average_rating>4.16</average_rating>
<ratings_count>2045</ratings_count>
<publication_year>2002</publication_year>
<publication_month>9</publication_month>
<publication_day>6</publication_day>
<authors>
<author>
<id>2689</id>
<name>J. Michael Straczynski</name>
<link><![CDATA[https://www.goodreads.com/author/show/2689.J_Michael_Straczynski]]></link>
</author>
</authors>
</book>

          <book>
<id>411654</id>
<title><![CDATA[Ultimate Fantastic Four, Volume 3: N-Zone]]></title>
<title_without_series><![CDATA[Ultimate Fantastic Four, Volume 3: N-Zone]]></title_without_series>
<link><![CDATA[https://www.goodreads.com/book/show/411654.Ultimate_Fantastic_Four_Volume_3]]></link>
<small_image_url><![CDATA[https://images.gr-assets.com/books/1298501474s/411654.jpg]]></small_image_url>
<image_url><![CDATA[https://images.gr-assets.com/books/1298501474m/411654.jpg]]></image_url>
<num_pages>144</num_pages>
<work>
<id>6806197</id>
</work>
<isbn>0785114955</isbn>
<isbn13>9780785114956</isbn13>
<average_rating>3.77</average_rating>
<ratings_count>1567</ratings_count>
<publication_year>2005</publication_year>
<publication_month>6</publication_month>
<publication_day>8</publication_day>
<authors>
<author>
<id>12772</id>
<name>Warren Ellis</name>
<link><![CDATA[https://www.goodreads.com/author/show/12772.Warren_Ellis]]></link>
</author>
</authors>
</book>

          <book>
<id>6339760</id>
<title>Spider-Man Noir</title>
<title_without_series>Spider-Man Noir</title_without_series>
<link><![CDATA[https://www.goodreads.com/book/show/6339760-spider-man-noir]]></link>
<small_image_url><![CDATA[https://s.gr-assets.com/assets/nophoto/book/50x75-a91bf249278a81aabab721ef782c4a74.png]]></small_image_url>
<image_url><![CDATA[https://s.gr-assets.com/assets/nophoto/book/111x148-bcc042a9c91a29c1d680899eff700a03.png]]></image_url>
<num_pages>112</num_pages>
<work>
<id>6525705</id>
</work>
<isbn>0785129235</isbn>
<isbn13>9780785129233</isbn13>
<average_rating>3.85</average_rating>
<ratings_count>1757</ratings_count>
<publication_year>2009</publication_year>
<publication_month>9</publication_month>
<publication_day>23</publication_day>
<authors>
<author>
<id>114282</id>
<name>David Hine</name>
<link><![CDATA[https://www.goodreads.com/author/show/114282.David_Hine]]></link>
</author>
</authors>
</book>

  </similar_books>
</book>

</GoodreadsResponse>