<?xml version="1.0" encoding="UTF-8"?>
<GoodreadsResponse>
  <Request>
    <authentication>true</authentication>
      <key><![CDATA[all_men_must_serve]]></key>
    <method><![CDATA[book_show]]></method>
  </Request>
  <book>
  <id>106</id>
  <title><![CDATA[Dune Messiah (Dune Chronicles #2)]]></title>
  <isbn><![CDATA[0441172695]]></isbn>
  <isbn13><![CDATA[9780441172696]]></isbn13>
  <asin><![CDATA[]]></asin>
  <kindle_asin><![CDATA[B00590YMHI]]></kindle_asin>
  <marketplace_id><![CDATA[A1F83G8C2ARO7P]]></marketplace_id>
  <country_code><![CDATA[GB]]></country_code>
  <image_url>https://images.gr-assets.com/books/1392528394m/106.jpg</image_url>
  <small_image_url>https://images.gr-assets.com/books/1392528394s/106.jpg</small_image_url>
  <publication_year>1987</publication_year>
  <publication_month>7</publication_month>
  <publication_day>15</publication_day>
  <publisher>Ace Books</publisher>
  <language_code>eng</language_code>
  <is_ebook>false</is_ebook>
  <description><![CDATA[<b>Dune Messiah</b> continues the story of the man Muad'dib, heir to a power unimaginable, bringing to completion the centuries-old scheme to create a super-being."Brilliant...It is all that <b>Dune</b> was, and maybe a little bit more."--<b>Galaxy Magazine</b>]]></description>
  <work>
  <id type="integer">3634570</id>
  <books_count type="integer">140</books_count>
  <best_book_id type="integer">106</best_book_id>
  <reviews_count type="integer">121750</reviews_count>
  <ratings_sum type="integer">349119</ratings_sum>
  <ratings_count type="integer">90530</ratings_count>
  <text_reviews_count type="integer">2287</text_reviews_count>
  <original_publication_year type="integer">1969</original_publication_year>
  <original_publication_month type="integer">10</original_publication_month>
  <original_publication_day type="integer">1</original_publication_day>
  <original_title>Dune Messiah </original_title>
  <original_language_id type="integer" nil="true"/>
  <media_type>book</media_type>
  <rating_dist>5:24323|4:36275|3:23566|2:5340|1:1026|total:90530</rating_dist>
  <desc_user_id type="integer">18844579</desc_user_id>
  <default_chaptering_book_id type="integer" nil="true"/>
  <default_description_language_code nil="true"/>
</work>
  <average_rating>3.86</average_rating>
  <num_pages><![CDATA[331]]></num_pages>
  <format><![CDATA[Mass Market Paperback]]></format>
  <edition_information><![CDATA[]]></edition_information>
  <ratings_count><![CDATA[82662]]></ratings_count>
  <text_reviews_count><![CDATA[1847]]></text_reviews_count>
  <url><![CDATA[https://www.goodreads.com/book/show/106.Dune_Messiah]]></url>
  <link><![CDATA[https://www.goodreads.com/book/show/106.Dune_Messiah]]></link>
  <authors>
<author>
<id>58</id>
<name>Frank Herbert</name>
<role></role>
<image_url nophoto='false'>
<![CDATA[https://images.gr-assets.com/authors/1168661521p5/58.jpg]]>
</image_url>
<small_image_url nophoto='false'>
<![CDATA[https://images.gr-assets.com/authors/1168661521p2/58.jpg]]>
</small_image_url>
<link><![CDATA[https://www.goodreads.com/author/show/58.Frank_Herbert]]></link>
<average_rating>4.07</average_rating>
<ratings_count>931790</ratings_count>
<text_reviews_count>21441</text_reviews_count>
</author>
</authors>

    <reviews_widget>
      <![CDATA[
        <style>
  #goodreads-widget {
    font-family: georgia, serif;
    padding: 18px 0;
    width:565px;
  }
  #goodreads-widget h1 {
    font-weight:normal;
    font-size: 16px;
    border-bottom: 1px solid #BBB596;
    margin-bottom: 0;
  }
  #goodreads-widget a {
    text-decoration: none;
    color:#660;
  }
  iframe{
    background-color: #fff;
  }
  #goodreads-widget a:hover { text-decoration: underline; }
  #goodreads-widget a:active {
    color:#660;
  }
  #gr_footer {
    width: 100%;
    border-top: 1px solid #BBB596;
    text-align: right;
  }
  #goodreads-widget .gr_branding{
    color: #382110;
    font-size: 11px;
    text-decoration: none;
    font-family: "Helvetica Neue", Helvetica, Arial, sans-serif;
  }
</style>
<div id="goodreads-widget">
  <div id="gr_header"><h1><a rel="nofollow" href="https://www.goodreads.com/book/show/106.Dune_Messiah">Dune Messiah Reviews</a></h1></div>
  <iframe id="the_iframe" src="https://www.goodreads.com/api/reviews_widget_iframe?did=DEVELOPER_ID&amp;format=html&amp;isbn=0441172695&amp;links=660&amp;min_rating=&amp;review_back=fff&amp;stars=000&amp;text=000" width="565" height="400" frameborder="0"></iframe>
  <div id="gr_footer">
    <a class="gr_branding" target="_blank" rel="nofollow" href="https://www.goodreads.com/book/show/106.Dune_Messiah?utm_medium=api&amp;utm_source=reviews_widget">Reviews from Goodreads.com</a>
  </div>
</div>

      ]]>
    </reviews_widget>
  <popular_shelves>
      <shelf name="fiction" count="1080"/>
      <shelf name="fantasy" count="620"/>
      <shelf name="science-fiction" count="607"/>
      <shelf name="scifi" count="573"/>
      <shelf name="owned" count="465"/>
      <shelf name="dune" count="391"/>
      <shelf name="favorites" count="362"/>
      <shelf name="sci-fi-fantasy" count="294"/>
      <shelf name="sf" count="274"/>
      <shelf name="default" count="242"/>
      <shelf name="series" count="168"/>
      <shelf name="classics" count="155"/>
      <shelf name="books-i-own" count="147"/>
      <shelf name="scifi-fantasy" count="141"/>
      <shelf name="space-opera" count="131"/>
      <shelf name="frank-herbert" count="108"/>
      <shelf name="fantasy-sci-fi" count="95"/>
      <shelf name="library" count="94"/>
      <shelf name="science-fiction-fantasy" count="83"/>
      <shelf name="science" count="80"/>
      <shelf name="owned-books" count="79"/>
      <shelf name="audiobook" count="73"/>
      <shelf name="to-read" count="72"/>
      <shelf name="novels" count="72"/>
      <shelf name="classic" count="58"/>
      <shelf name="kindle" count="56"/>
      <shelf name="speculative-fiction" count="56"/>
      <shelf name="religion" count="50"/>
      <shelf name="novel" count="50"/>
      <shelf name="sf-fantasy" count="49"/>
      <shelf name="space" count="46"/>
      <shelf name="epic" count="46"/>
      <shelf name="audiobooks" count="45"/>
      <shelf name="re-read" count="45"/>
      <shelf name="my-library" count="44"/>
      <shelf name="books" count="44"/>
      <shelf name="ebooks" count="41"/>
      <shelf name="sci-fi-and-fantasy" count="41"/>
      <shelf name="herbert" count="41"/>
      <shelf name="dune-series" count="40"/>
      <shelf name="ebook" count="40"/>
      <shelf name="literature" count="40"/>
      <shelf name="dune-chronicles" count="37"/>
      <shelf name="fantasy-scifi" count="37"/>
      <shelf name="science-fiction-and-fantasy" count="35"/>
      <shelf name="my-books" count="34"/>
      <shelf name="audio" count="34"/>
      <shelf name="audible" count="32"/>
      <shelf name="fantascienza" count="32"/>
      <shelf name="english" count="32"/>
      <shelf name="paperback" count="31"/>
      <shelf name="american" count="31"/>
      <shelf name="20th-century" count="31"/>
      <shelf name="to-buy" count="30"/>
      <shelf name="currently-reading" count="29"/>
      <shelf name="general" count="28"/>
      <shelf name="politics" count="28"/>
      <shelf name="adventure" count="28"/>
      <shelf name="place" count="27"/>
      <shelf name="i-own" count="27"/>
      <shelf name="imaginary" count="26"/>
      <shelf name="sciencefiction" count="26"/>
      <shelf name="herbert-frank" count="25"/>
      <shelf name="philosophy" count="25"/>
      <shelf name="abandoned" count="23"/>
      <shelf name="1960s" count="23"/>
      <shelf name="ciencia-ficción" count="23"/>
      <shelf name="sf-f" count="23"/>
      <shelf name="own-it" count="23"/>
      <shelf name="calibre" count="22"/>
      <shelf name="unread" count="22"/>
      <shelf name="e-books" count="22"/>
      <shelf name="frank" count="21"/>
      <shelf name="fantasy-science-fiction" count="21"/>
      <shelf name="ciencia-ficcion" count="19"/>
      <shelf name="prose" count="19"/>
      <shelf name="adult" count="19"/>
      <shelf name="adult-fiction" count="19"/>
      <shelf name="e-book" count="18"/>
      <shelf name="criticism" count="18"/>
      <shelf name="classic-sci-fi" count="18"/>
      <shelf name="audio-book" count="16"/>
      <shelf name="sff" count="16"/>
      <shelf name="syfy" count="16"/>
      <shelf name="and" count="16"/>
      <shelf name="have" count="16"/>
      <shelf name="collection" count="15"/>
      <shelf name="classic-scifi" count="15"/>
      <shelf name="favourites" count="15"/>
      <shelf name="american-literature" count="15"/>
      <shelf name="to-read-fiction" count="14"/>
      <shelf name="bookshelf" count="14"/>
      <shelf name="home-library" count="14"/>
      <shelf name="personal-library" count="14"/>
      <shelf name="read-in-2015" count="13"/>
      <shelf name="unfinished" count="13"/>
      <shelf name="to-re-read" count="13"/>
      <shelf name="audio-books" count="13"/>
      <shelf name="speculative" count="13"/>
      <shelf name="future" count="13"/>
  </popular_shelves>
  <book_links>
    <book_link>
  <id>8</id>
  <name>Libraries</name>
  <link>https://www.goodreads.com/book_link/follow/8</link>
</book_link>

  </book_links>
  <buy_links>
    <buy_link>
<id>1</id>
<name>Amazon</name>
<link>https://www.goodreads.com/book_link/follow/1</link>
</buy_link>
<buy_link>
<id>10</id>
<name>Audible</name>
<link>https://www.goodreads.com/book_link/follow/10</link>
</buy_link>
<buy_link>
<id>3</id>
<name>Barnes &amp; Noble</name>
<link>https://www.goodreads.com/book_link/follow/3</link>
</buy_link>
<buy_link>
<id>1027</id>
<name>Kobo</name>
<link>https://www.goodreads.com/book_link/follow/1027</link>
</buy_link>
<buy_link>
<id>2102</id>
<name>Apple iBooks</name>
<link>https://www.goodreads.com/book_link/follow/2102</link>
</buy_link>
<buy_link>
<id>8036</id>
<name>Google Play</name>
<link>https://www.goodreads.com/book_link/follow/8036</link>
</buy_link>
<buy_link>
<id>4</id>
<name>Abebooks</name>
<link>https://www.goodreads.com/book_link/follow/4</link>
</buy_link>
<buy_link>
<id>882</id>
<name>Book Depository</name>
<link>https://www.goodreads.com/book_link/follow/882</link>
</buy_link>
<buy_link>
<id>9</id>
<name>Indigo</name>
<link>https://www.goodreads.com/book_link/follow/9</link>
</buy_link>
<buy_link>
<id>2</id>
<name>Half.com</name>
<link>https://www.goodreads.com/book_link/follow/2</link>
</buy_link>
<buy_link>
<id>5</id>
<name>Alibris</name>
<link>https://www.goodreads.com/book_link/follow/5</link>
</buy_link>
<buy_link>
<id>107</id>
<name>Better World Books</name>
<link>https://www.goodreads.com/book_link/follow/107</link>
</buy_link>
<buy_link>
<id>7</id>
<name>IndieBound</name>
<link>https://www.goodreads.com/book_link/follow/7</link>
</buy_link>

  </buy_links>
  <series_works>
    <series_work>
<id>166797</id>
<user_position>2</user_position>
<series>
<id>45935</id>
<title>
<![CDATA[
    Dune
]]>
</title>
<description>
<![CDATA[
    Also known as Dune Saga, Kroniki Diuny and Dyyni.
    
    
    See also:
    * <a href="/series/49401-prelude-to-dune">Prelude to Dune</a>
    * <a href="/series/45567-legends-of-dune">Legends of Dune</a>
    * <a href="/series/49402-heroes-of-dune">Heroes of Dune</a>
    * <a href="/series/104537-schools-of-dune">Schools of Dune</a>
]]>
</description>
<note>
<![CDATA[
]]>
</note>
<series_works_count>31</series_works_count>
<primary_work_count>8</primary_work_count>
<numbered>true</numbered>
</series>

</series_work>
<series_work>
<id>514667</id>
<user_position>12</user_position>
<series>
<id>106170</id>
<title>
<![CDATA[
    Dune Universe
]]>
</title>
<description>
<![CDATA[
]]>
</description>
<note>
<![CDATA[
]]>
</note>
<series_works_count>25</series_works_count>
<primary_work_count>22</primary_work_count>
<numbered>true</numbered>
</series>

</series_work>

  </series_works>
  <similar_books>
          <book>
<id>20252</id>
<title><![CDATA[House Corrino (Prelude to Dune #3)]]></title>
<title_without_series>House Corrino</title_without_series>
<link><![CDATA[https://www.goodreads.com/book/show/20252.House_Corrino]]></link>
<small_image_url><![CDATA[https://images.gr-assets.com/books/1298689043s/20252.jpg]]></small_image_url>
<image_url><![CDATA[https://images.gr-assets.com/books/1298689043m/20252.jpg]]></image_url>
<num_pages>667</num_pages>
<work>
<id>705991</id>
</work>
<isbn>0553580337</isbn>
<isbn13>9780553580334</isbn13>
<average_rating>3.64</average_rating>
<ratings_count>11957</ratings_count>
<publication_year>2002</publication_year>
<publication_month>8</publication_month>
<publication_day>27</publication_day>
<authors>
<author>
<id>56</id>
<name>Brian Herbert</name>
<link><![CDATA[https://www.goodreads.com/author/show/56.Brian_Herbert]]></link>
</author>
</authors>
</book>

          <book>
<id>76683</id>
<title><![CDATA[Foundation's Edge (Foundation #4)]]></title>
<title_without_series>Foundation&apos;s Edge</title_without_series>
<link><![CDATA[https://www.goodreads.com/book/show/76683.Foundation_s_Edge]]></link>
<small_image_url><![CDATA[https://s.gr-assets.com/assets/nophoto/book/50x75-a91bf249278a81aabab721ef782c4a74.png]]></small_image_url>
<image_url><![CDATA[https://s.gr-assets.com/assets/nophoto/book/111x148-bcc042a9c91a29c1d680899eff700a03.png]]></image_url>
<num_pages>450</num_pages>
<work>
<id>1725527</id>
</work>
<isbn>0553293389</isbn>
<isbn13>9780553293388</isbn13>
<average_rating>4.08</average_rating>
<ratings_count>51901</ratings_count>
<publication_year>2010</publication_year>
<publication_month>12</publication_month>
<publication_day>31</publication_day>
<authors>
<author>
<id>16667</id>
<name>Isaac Asimov</name>
<link><![CDATA[https://www.goodreads.com/author/show/16667.Isaac_Asimov]]></link>
</author>
</authors>
</book>

          <book>
<id>1881535</id>
<title>Hypérion 2</title>
<title_without_series>Hypérion 2</title_without_series>
<link><![CDATA[https://www.goodreads.com/book/show/1881535.Hyp_rion_2]]></link>
<small_image_url><![CDATA[https://s.gr-assets.com/assets/nophoto/book/50x75-a91bf249278a81aabab721ef782c4a74.png]]></small_image_url>
<image_url><![CDATA[https://s.gr-assets.com/assets/nophoto/book/111x148-bcc042a9c91a29c1d680899eff700a03.png]]></image_url>
<num_pages>296</num_pages>
<work>
<id>25738634</id>
</work>
<isbn>2266177478</isbn>
<isbn13>9782266177474</isbn13>
<average_rating>4.40</average_rating>
<ratings_count>217</ratings_count>
<publication_year>2007</publication_year>
<publication_month>8</publication_month>
<publication_day>20</publication_day>
<authors>
<author>
<id>2687</id>
<name>Dan Simmons</name>
<link><![CDATA[https://www.goodreads.com/author/show/2687.Dan_Simmons]]></link>
</author>
</authors>
</book>

          <book>
<id>35813</id>
<title>The Hammer of God</title>
<title_without_series>The Hammer of God</title_without_series>
<link><![CDATA[https://www.goodreads.com/book/show/35813.The_Hammer_of_God]]></link>
<small_image_url><![CDATA[https://images.gr-assets.com/books/1375814809s/35813.jpg]]></small_image_url>
<image_url><![CDATA[https://images.gr-assets.com/books/1375814809m/35813.jpg]]></image_url>
<num_pages>264</num_pages>
<work>
<id>1878679</id>
</work>
<isbn>1857231945</isbn>
<isbn13>9781857231946</isbn13>
<average_rating>3.64</average_rating>
<ratings_count>5662</ratings_count>
<publication_year>1995</publication_year>
<publication_month></publication_month>
<publication_day></publication_day>
<authors>
<author>
<id>7779</id>
<name>Arthur C. Clarke</name>
<link><![CDATA[https://www.goodreads.com/author/show/7779.Arthur_C_Clarke]]></link>
</author>
</authors>
</book>

          <book>
<id>22877</id>
<title><![CDATA[The Gap Into Power: A Dark and Hungry God Arises (Gap, #3)]]></title>
<title_without_series><![CDATA[The Gap Into Power: A Dark and Hungry God Arises]]></title_without_series>
<link><![CDATA[https://www.goodreads.com/book/show/22877.The_Gap_Into_Power]]></link>
<small_image_url><![CDATA[https://images.gr-assets.com/books/1320464994s/22877.jpg]]></small_image_url>
<image_url><![CDATA[https://images.gr-assets.com/books/1320464994m/22877.jpg]]></image_url>
<num_pages>518</num_pages>
<work>
<id>23881</id>
</work>
<isbn>0553562606</isbn>
<isbn13>9780553562606</isbn13>
<average_rating>4.07</average_rating>
<ratings_count>5314</ratings_count>
<publication_year>2009</publication_year>
<publication_month>10</publication_month>
<publication_day>21</publication_day>
<authors>
<author>
<id>12980</id>
<name>Stephen R. Donaldson</name>
<link><![CDATA[https://www.goodreads.com/author/show/12980.Stephen_R_Donaldson]]></link>
</author>
</authors>
</book>

          <book>
<id>41337</id>
<title><![CDATA[The Nonborn King (Saga of the Pliocene Exile, #3)]]></title>
<title_without_series>The Nonborn King</title_without_series>
<link><![CDATA[https://www.goodreads.com/book/show/41337.The_Nonborn_King]]></link>
<small_image_url><![CDATA[https://images.gr-assets.com/books/1304007967s/41337.jpg]]></small_image_url>
<image_url><![CDATA[https://images.gr-assets.com/books/1304007967m/41337.jpg]]></image_url>
<num_pages>429</num_pages>
<work>
<id>40910</id>
</work>
<isbn>0345314212</isbn>
<isbn13>9780345314215</isbn13>
<average_rating>4.16</average_rating>
<ratings_count>4351</ratings_count>
<publication_year></publication_year>
<publication_month></publication_month>
<publication_day></publication_day>
<authors>
<author>
<id>23284</id>
<name>Julian May</name>
<link><![CDATA[https://www.goodreads.com/author/show/23284.Julian_May]]></link>
</author>
</authors>
</book>

          <book>
<id>870294</id>
<title>The Dune Encyclopedia</title>
<title_without_series>The Dune Encyclopedia</title_without_series>
<link><![CDATA[https://www.goodreads.com/book/show/870294.The_Dune_Encyclopedia]]></link>
<small_image_url><![CDATA[https://images.gr-assets.com/books/1317761885s/870294.jpg]]></small_image_url>
<image_url><![CDATA[https://images.gr-assets.com/books/1317761885m/870294.jpg]]></image_url>
<num_pages>526</num_pages>
<work>
<id>1009000</id>
</work>
<isbn>0425068137</isbn>
<isbn13>9780425068137</isbn13>
<average_rating>4.07</average_rating>
<ratings_count>3360</ratings_count>
<publication_year>1984</publication_year>
<publication_month>6</publication_month>
<publication_day>1</publication_day>
<authors>
<author>
<id>1663914</id>
<name>Willis Everett McNelly</name>
<link><![CDATA[https://www.goodreads.com/author/show/1663914.Willis_Everett_McNelly]]></link>
</author>
</authors>
</book>

          <book>
<id>45242</id>
<title><![CDATA[The Neutronium Alchemist 2: Conflict (Night's Dawn 2)]]></title>
<title_without_series><![CDATA[The Neutronium Alchemist 2: Conflict]]></title_without_series>
<link><![CDATA[https://www.goodreads.com/book/show/45242.The_Neutronium_Alchemist_2]]></link>
<small_image_url><![CDATA[https://s.gr-assets.com/assets/nophoto/book/50x75-a91bf249278a81aabab721ef782c4a74.png]]></small_image_url>
<image_url><![CDATA[https://s.gr-assets.com/assets/nophoto/book/111x148-bcc042a9c91a29c1d680899eff700a03.png]]></image_url>
<num_pages>592</num_pages>
<work>
<id>514127</id>
</work>
<isbn>0446605468</isbn>
<isbn13>9780446605465</isbn13>
<average_rating>4.32</average_rating>
<ratings_count>3044</ratings_count>
<publication_year></publication_year>
<publication_month></publication_month>
<publication_day></publication_day>
<authors>
<author>
<id>25375</id>
<name>Peter F. Hamilton</name>
<link><![CDATA[https://www.goodreads.com/author/show/25375.Peter_F_Hamilton]]></link>
</author>
</authors>
</book>

  </similar_books>
</book>

</GoodreadsResponse>