<?xml version="1.0" encoding="UTF-8"?>
<GoodreadsResponse>
  <Request>
    <authentication>true</authentication>
      <key><![CDATA[all_men_must_serve]]></key>
    <method><![CDATA[book_show]]></method>
  </Request>
  <book>
  <id>106076</id>
  <title>Batman: Dark Victory</title>
  <isbn><![CDATA[1563898683]]></isbn>
  <isbn13><![CDATA[9781563898686]]></isbn13>
  <asin><![CDATA[]]></asin>
  <kindle_asin><![CDATA[B006ADB33Y]]></kindle_asin>
  <marketplace_id><![CDATA[A1F83G8C2ARO7P]]></marketplace_id>
  <country_code><![CDATA[GB]]></country_code>
  <image_url>https://images.gr-assets.com/books/1327940341m/106076.jpg</image_url>
  <small_image_url>https://images.gr-assets.com/books/1327940341s/106076.jpg</small_image_url>
  <publication_year>2002</publication_year>
  <publication_month>10</publication_month>
  <publication_day>1</publication_day>
  <publisher>DC Comics</publisher>
  <language_code>eng</language_code>
  <is_ebook>false</is_ebook>
  <description><![CDATA[The sequel to the critically acclaimed BATMAN: THE LONG HALLOWEEN, DARK VICTORY continues the story of an early time in Batman's life when James Gordon, Harvey Dent, and the vigilante himself were all just beginning their roles as Gotham's protectors.Once a town controlled by organized crime, Gotham City suddenly finds itself being run by lawless freaks, such as Poison Ivy, Mr. Freeze, and the Joker. Witnessing his city's dark evolution, the Dark Knight completes his transformation into the city's greatest defender. He faces multiple threats, including the apparent return of a serial killer called Holiday. Batman's previous investigation of Holiday's killings revealed that more than one person was responsible for the murders. So the question remains: who is committing Holiday's crimes this time? And how many will die before Batman learns the truth?<br /><br /> <br /><br />This volume collects Batman: Dark Victory #0-13.]]></description>
  <work>
  <id type="integer">1399464</id>
  <books_count type="integer">23</books_count>
  <best_book_id type="integer">106076</best_book_id>
  <reviews_count type="integer">31564</reviews_count>
  <ratings_sum type="integer">97117</ratings_sum>
  <ratings_count type="integer">23605</ratings_count>
  <text_reviews_count type="integer">591</text_reviews_count>
  <original_publication_year type="integer">2000</original_publication_year>
  <original_publication_month type="integer">10</original_publication_month>
  <original_publication_day type="integer">1</original_publication_day>
  <original_title>Batman: Dark Victory</original_title>
  <original_language_id type="integer" nil="true"/>
  <media_type>book</media_type>
  <rating_dist>5:9346|4:8986|3:4183|2:804|1:286|total:23605</rating_dist>
  <desc_user_id type="integer">13235258</desc_user_id>
  <default_chaptering_book_id type="integer" nil="true"/>
  <default_description_language_code nil="true"/>
</work>
  <average_rating>4.11</average_rating>
  <num_pages><![CDATA[391]]></num_pages>
  <format><![CDATA[Paperback]]></format>
  <edition_information><![CDATA[]]></edition_information>
  <ratings_count><![CDATA[22842]]></ratings_count>
  <text_reviews_count><![CDATA[516]]></text_reviews_count>
  <url><![CDATA[https://www.goodreads.com/book/show/106076.Batman]]></url>
  <link><![CDATA[https://www.goodreads.com/book/show/106076.Batman]]></link>
  <authors>
<author>
<id>32594</id>
<name>Jeph Loeb</name>
<role></role>
<image_url nophoto='false'>
<![CDATA[https://images.gr-assets.com/authors/1214852516p5/32594.jpg]]>
</image_url>
<small_image_url nophoto='false'>
<![CDATA[https://images.gr-assets.com/authors/1214852516p2/32594.jpg]]>
</small_image_url>
<link><![CDATA[https://www.goodreads.com/author/show/32594.Jeph_Loeb]]></link>
<average_rating>4.09</average_rating>
<ratings_count>249148</ratings_count>
<text_reviews_count>8553</text_reviews_count>
</author>
<author>
<id>61388</id>
<name>Tim Sale</name>
<role>Illustrator</role>
<image_url nophoto='true'>
<![CDATA[https://s.gr-assets.com/assets/nophoto/user/u_200x266-e183445fd1a1b5cc7075bb1cf7043306.png]]>
</image_url>
<small_image_url nophoto='true'>
<![CDATA[https://s.gr-assets.com/assets/nophoto/user/u_50x66-632230dc9882b4352d753eedf9396530.png]]>
</small_image_url>
<link><![CDATA[https://www.goodreads.com/author/show/61388.Tim_Sale]]></link>
<average_rating>4.24</average_rating>
<ratings_count>254337</ratings_count>
<text_reviews_count>8224</text_reviews_count>
</author>
</authors>

    <reviews_widget>
      <![CDATA[
        <style>
  #goodreads-widget {
    font-family: georgia, serif;
    padding: 18px 0;
    width:565px;
  }
  #goodreads-widget h1 {
    font-weight:normal;
    font-size: 16px;
    border-bottom: 1px solid #BBB596;
    margin-bottom: 0;
  }
  #goodreads-widget a {
    text-decoration: none;
    color:#660;
  }
  iframe{
    background-color: #fff;
  }
  #goodreads-widget a:hover { text-decoration: underline; }
  #goodreads-widget a:active {
    color:#660;
  }
  #gr_footer {
    width: 100%;
    border-top: 1px solid #BBB596;
    text-align: right;
  }
  #goodreads-widget .gr_branding{
    color: #382110;
    font-size: 11px;
    text-decoration: none;
    font-family: "Helvetica Neue", Helvetica, Arial, sans-serif;
  }
</style>
<div id="goodreads-widget">
  <div id="gr_header"><h1><a rel="nofollow" href="https://www.goodreads.com/book/show/106076.Batman">Batman Reviews</a></h1></div>
  <iframe id="the_iframe" src="https://www.goodreads.com/api/reviews_widget_iframe?did=DEVELOPER_ID&amp;format=html&amp;isbn=1563898683&amp;links=660&amp;min_rating=&amp;review_back=fff&amp;stars=000&amp;text=000" width="565" height="400" frameborder="0"></iframe>
  <div id="gr_footer">
    <a class="gr_branding" target="_blank" rel="nofollow" href="https://www.goodreads.com/book/show/106076.Batman?utm_medium=api&amp;utm_source=reviews_widget">Reviews from Goodreads.com</a>
  </div>
</div>

      ]]>
    </reviews_widget>
  <popular_shelves>
      <shelf name="comics" count="525"/>
      <shelf name="batman" count="368"/>
      <shelf name="graphic-novels" count="274"/>
      <shelf name="to-read" count="219"/>
      <shelf name="dc" count="134"/>
      <shelf name="currently-reading" count="124"/>
      <shelf name="comic-books" count="109"/>
      <shelf name="favorites" count="103"/>
      <shelf name="dc-comics" count="96"/>
      <shelf name="comics-graphic-novels" count="82"/>
      <shelf name="superheroes" count="65"/>
      <shelf name="graphic-novel" count="62"/>
      <shelf name="comic" count="59"/>
      <shelf name="graphic-novels-comics" count="49"/>
      <shelf name="superhero" count="45"/>
      <shelf name="owned" count="44"/>
      <shelf name="mystery" count="43"/>
      <shelf name="comics-and-graphic-novels" count="35"/>
      <shelf name="comics-read" count="28"/>
      <shelf name="fiction" count="27"/>
      <shelf name="books-i-own" count="24"/>
      <shelf name="crime" count="23"/>
      <shelf name="default" count="19"/>
      <shelf name="comics-to-read" count="18"/>
      <shelf name="graphic-novels-and-comics" count="18"/>
      <shelf name="graphic" count="16"/>
      <shelf name="read-comics" count="15"/>
      <shelf name="graphic-novels-to-read" count="14"/>
      <shelf name="to-read-comics" count="14"/>
      <shelf name="comix" count="14"/>
      <shelf name="to-buy" count="13"/>
      <shelf name="comic-graphic-novel" count="12"/>
      <shelf name="super-heroes" count="11"/>
      <shelf name="comics-dc" count="10"/>
      <shelf name="graphic-novels-read" count="10"/>
      <shelf name="graphicnovels" count="10"/>
      <shelf name="detective" count="9"/>
      <shelf name="my-library" count="9"/>
      <shelf name="library" count="9"/>
      <shelf name="comicbooks" count="9"/>
      <shelf name="comic-book" count="9"/>
      <shelf name="series" count="9"/>
      <shelf name="superhero-comics" count="8"/>
      <shelf name="sequential-art" count="8"/>
      <shelf name="comics-and-manga" count="8"/>
      <shelf name="read-in-2016" count="7"/>
      <shelf name="read-in-2015" count="7"/>
      <shelf name="i-own" count="7"/>
      <shelf name="bd" count="7"/>
      <shelf name="my-books" count="7"/>
      <shelf name="science-fiction" count="7"/>
      <shelf name="batman-graphic-novels" count="7"/>
      <shelf name="action" count="7"/>
      <shelf name="jeph-loeb" count="7"/>
      <shelf name="borrowed" count="7"/>
      <shelf name="comics-manga" count="6"/>
      <shelf name="favorite-comics" count="6"/>
      <shelf name="dc-vertigo" count="6"/>
      <shelf name="graphic-novel-comic" count="6"/>
      <shelf name="favourites" count="6"/>
      <shelf name="dc-universe" count="6"/>
      <shelf name="batman-comics" count="6"/>
      <shelf name="thriller" count="6"/>
      <shelf name="fantasy" count="6"/>
      <shelf name="batman-collection" count="5"/>
      <shelf name="comic-books-graphic-novels" count="5"/>
      <shelf name="home-library" count="5"/>
      <shelf name="superheros" count="5"/>
      <shelf name="library-books" count="5"/>
      <shelf name="quadrinhos" count="5"/>
      <shelf name="gn" count="5"/>
      <shelf name="owned-books" count="5"/>
      <shelf name="read-in-2012" count="5"/>
      <shelf name="owned-comics" count="5"/>
      <shelf name="own-it" count="5"/>
      <shelf name="noir" count="5"/>
      <shelf name="the-batman" count="5"/>
      <shelf name="graphics" count="4"/>
      <shelf name="read-in-2014" count="4"/>
      <shelf name="read-in-2013" count="4"/>
      <shelf name="4-stars" count="4"/>
      <shelf name="read-2013" count="4"/>
      <shelf name="adventure" count="4"/>
      <shelf name="read-graphic-novels" count="4"/>
      <shelf name="comics-graphic-novel" count="4"/>
      <shelf name="ebook" count="4"/>
      <shelf name="american" count="4"/>
      <shelf name="adult" count="4"/>
      <shelf name="graphic-novels-dc" count="4"/>
      <shelf name="all-time-favorites" count="4"/>
      <shelf name="action-adventure" count="4"/>
      <shelf name="english" count="4"/>
      <shelf name="graphic-novels-and-comic-books" count="4"/>
      <shelf name="2000s" count="4"/>
      <shelf name="comics-owned" count="4"/>
      <shelf name="comics-batman" count="4"/>
      <shelf name="graphicnovel" count="4"/>
      <shelf name="2017-comics" count="3"/>
      <shelf name="read-2016" count="3"/>
      <shelf name="comic-books-read" count="3"/>
  </popular_shelves>
  <book_links>
    <book_link>
  <id>8</id>
  <name>Libraries</name>
  <link>https://www.goodreads.com/book_link/follow/8</link>
</book_link>

  </book_links>
  <buy_links>
    <buy_link>
<id>1</id>
<name>Amazon</name>
<link>https://www.goodreads.com/book_link/follow/1</link>
</buy_link>
<buy_link>
<id>10</id>
<name>Audible</name>
<link>https://www.goodreads.com/book_link/follow/10</link>
</buy_link>
<buy_link>
<id>3</id>
<name>Barnes &amp; Noble</name>
<link>https://www.goodreads.com/book_link/follow/3</link>
</buy_link>
<buy_link>
<id>1027</id>
<name>Kobo</name>
<link>https://www.goodreads.com/book_link/follow/1027</link>
</buy_link>
<buy_link>
<id>2102</id>
<name>Apple iBooks</name>
<link>https://www.goodreads.com/book_link/follow/2102</link>
</buy_link>
<buy_link>
<id>8036</id>
<name>Google Play</name>
<link>https://www.goodreads.com/book_link/follow/8036</link>
</buy_link>
<buy_link>
<id>4</id>
<name>Abebooks</name>
<link>https://www.goodreads.com/book_link/follow/4</link>
</buy_link>
<buy_link>
<id>882</id>
<name>Book Depository</name>
<link>https://www.goodreads.com/book_link/follow/882</link>
</buy_link>
<buy_link>
<id>9</id>
<name>Indigo</name>
<link>https://www.goodreads.com/book_link/follow/9</link>
</buy_link>
<buy_link>
<id>2</id>
<name>Half.com</name>
<link>https://www.goodreads.com/book_link/follow/2</link>
</buy_link>
<buy_link>
<id>5</id>
<name>Alibris</name>
<link>https://www.goodreads.com/book_link/follow/5</link>
</buy_link>
<buy_link>
<id>107</id>
<name>Better World Books</name>
<link>https://www.goodreads.com/book_link/follow/107</link>
</buy_link>
<buy_link>
<id>7</id>
<name>IndieBound</name>
<link>https://www.goodreads.com/book_link/follow/7</link>
</buy_link>

  </buy_links>
  <series_works>
    <series_work>
<id>300450</id>
<user_position>3</user_position>
<series>
<id>67644</id>
<title>
<![CDATA[
    Loeb and Sale's Batman
]]>
</title>
<description>
<![CDATA[
    These two authors have collaborated on several Batman stories. This is an incomplete list of these works in their several editions.
]]>
</description>
<note>
<![CDATA[
    CAUTION: Long works as "Long Halloween" and "Dark Victory" has been collected in shorter editions for each book. DO NOT COMBINE with complete editions.
]]>
</note>
<series_works_count>16</series_works_count>
<primary_work_count>4</primary_work_count>
<numbered>true</numbered>
</series>

</series_work>
<series_work>
<id>194166</id>
<user_position></user_position>
<series>
<id>51192</id>
<title>
<![CDATA[
    Batman
]]>
</title>
<description>
<![CDATA[
    Batman trade collections include several different comic books series and miniseries by DC Comics.
    
    The following series are included in the Batman title:
    * <a href="http://www.goodreads.com/series/51332-batman-chronicles">Batman Chronicles</a>
    * <a href="http://www.goodreads.com/series/80595-dc-comics-archives">DC Comics Archives</a>
    * <a href="http://www.goodreads.com/series/51373-showcase-presents-batman">Showcase Presents: Batman</a>
    * <a href="http://www.goodreads.com/series/51221-batman-black-and-white">Batman Black and White</a>
    * <a href="http://www.goodreads.com/series/51236-batman-knightfall">Batman: Knightfall</a>
    * <a href="http://www.goodreads.com/series/51328-batman-no-man-s-land">Batman: No Man's Land</a>
    * <a href="http://www.goodreads.com/series/51304-batman-new-gotham">Batman: New Gotham</a>
    * <a href="http://www.goodreads.com/series/51327-batman-war-games">Batman: War Games</a>
    * <a href="http://www.goodreads.com/series/50151-batman-hush">Batman: Hush</a>
    * <a href="http://www.goodreads.com/series/51330-batman-under-the-hood">Batman: Under the Hood</a>
    * <a href="http://www.goodreads.com/series/51292-batman-elseworlds">Batman: Elseworlds</a> and subseries
    * <a href="http://www.goodreads.com/series/51326-batman-confidential">Batman: Confidential</a>
    * and more
    
    Single issues of comic books are not listed individually on Goodreads, but are listed as parts of collections.  The Batman title is used for collections of these comic book series:
    * <a href="http://www.goodreads.com/series/51224-legends-of-the-dark-knight-single-issues">Batman: Legends of the Dark Knight</a>
    * <a href="http://www.goodreads.com/series/51350-batman-shadow-of-the-bat-single-issues">Batman: Shadow of the Bat</a>
    * <a href="http://www.goodreads.com/series/51308-batman-gotham-knights-single-issues">Batman: Gotham Knights</a>
    * <a href="http://www.goodreads.com/series/51333-the-batman-chronicles-single-issues">The Batman Chronicles</a>
    * and more
    
    Related series:
    * <a href="http://www.goodreads.com/series/51248">Catwoman</a>
    * <a href="http://www.goodreads.com/series/51217">Batgirl</a>
    * <a href="http://www.goodreads.com/series/51237">Robin</a>
    * <a href="http://www.goodreads.com/series/51244">Nightwing</a>
    * <a href="http://www.goodreads.com/series/51182">Red Robin</a>
    * <a href="http://www.goodreads.com/series/51220">Batman and Robin</a>
    * <a href="http://www.goodreads.com/series/69945">Batwoman</a>
    * <a href="http://www.goodreads.com/series/51271">Birds of Prey</a>
    * <a href="http://www.goodreads.com/series/51222">Gotham Central</a>
    * <a href="http://www.goodreads.com/series/51218">Superman/Batman</a>
    * <a href="http://www.goodreads.com/series/51226">Batman and the Outsiders</a>
    * <a href="http://www.goodreads.com/series/51387">The Brave and the Bold</a>
    * <a href="http://www.goodreads.com/series/52071">JLA</a>
    * <a href="http://www.goodreads.com/series/51371">The Greatest Stories Ever Told</a>
    * and more
    
    For other series titled Batman which are not related to this series, see:
    * <a href="http://www.goodreads.com/series/50231">The Batman Adventures</a>
    * <a href="http://www.goodreads.com/series/49905">The Batman</a>
    * <a href="http://www.goodreads.com/series/51388">Batman: The Brave and the Bold</a>
    * <a href="http://www.goodreads.com/series/62191-batman-la-colecci-n">Batman La Colección</a>
]]>
</description>
<note>
<![CDATA[
    Description is almost at max length!
    Through page 4 of the search "batman", trying to follow the order on the wikipedia "Batman reprints" page....
]]>
</note>
<series_works_count>370</series_works_count>
<primary_work_count>367</primary_work_count>
<numbered>false</numbered>
</series>

</series_work>
<series_work>
<id>636705</id>
<user_position>11</user_position>
<series>
<id>129254</id>
<title>
<![CDATA[
    Modern Batman
]]>
</title>
<description>
<![CDATA[
    From Wikipedia: "The following trade paperbacks are stories that run through the "contemporary" books of the Batman family. The earliest trade paperback is Frank Miller's "Batman: Year One" storyline, which rebirthed the character in the Modern Age, re-telling the first year of his existence and how he came to be. These stories are from comic books still being published and are, in a sense, ongoing. They are listed here in the chronology of the storylines, rather than the publication dates of either the original comics or collections."
]]>
</description>
<note>
<![CDATA[
]]>
</note>
<series_works_count>78</series_works_count>
<primary_work_count>78</primary_work_count>
<numbered>true</numbered>
</series>

</series_work>
<series_work>
<id>887008</id>
<user_position>0.5-13</user_position>
<series>
<id>174759</id>
<title>
<![CDATA[
    Batman: Dark Victory
]]>
</title>
<description>
<![CDATA[
    This is the sequel to Batman: The Long Halloween. Set during Batman's early days as a crimefighter, Dark Victory features villains such as the Joker, Poison Ivy and Mr Freeze, and introduces Robin.
]]>
</description>
<note>
<![CDATA[
]]>
</note>
<series_works_count>15</series_works_count>
<primary_work_count>13</primary_work_count>
<numbered>true</numbered>
</series>

</series_work>

  </series_works>
  <similar_books>
          <book>
<id>105725</id>
<title>Robin: Year One</title>
<title_without_series>Robin: Year One</title_without_series>
<link><![CDATA[https://www.goodreads.com/book/show/105725.Robin]]></link>
<small_image_url><![CDATA[https://images.gr-assets.com/books/1362781823s/105725.jpg]]></small_image_url>
<image_url><![CDATA[https://images.gr-assets.com/books/1362781823m/105725.jpg]]></image_url>
<num_pages>199</num_pages>
<work>
<id>101908</id>
</work>
<isbn>1563898055</isbn>
<isbn13>9781563898051</isbn13>
<average_rating>4.04</average_rating>
<ratings_count>3543</ratings_count>
<publication_year>2002</publication_year>
<publication_month>5</publication_month>
<publication_day>1</publication_day>
<authors>
<author>
<id>28709</id>
<name>Chuck Dixon</name>
<link><![CDATA[https://www.goodreads.com/author/show/28709.Chuck_Dixon]]></link>
</author>
</authors>
</book>

          <book>
<id>4788225</id>
<title>Batman: Heart of Hush</title>
<title_without_series>Batman: Heart of Hush</title_without_series>
<link><![CDATA[https://www.goodreads.com/book/show/4788225-batman]]></link>
<small_image_url><![CDATA[https://images.gr-assets.com/books/1341985491s/4788225.jpg]]></small_image_url>
<image_url><![CDATA[https://images.gr-assets.com/books/1341985491m/4788225.jpg]]></image_url>
<num_pages>144</num_pages>
<work>
<id>4853102</id>
</work>
<isbn>1401221238</isbn>
<isbn13>9781401221232</isbn13>
<average_rating>4.03</average_rating>
<ratings_count>7231</ratings_count>
<publication_year>2009</publication_year>
<publication_month>4</publication_month>
<publication_day>7</publication_day>
<authors>
<author>
<id>61935</id>
<name>Paul Dini</name>
<link><![CDATA[https://www.goodreads.com/author/show/61935.Paul_Dini]]></link>
</author>
</authors>
</book>

          <book>
<id>10889279</id>
<title>Batman: The Black Mirror</title>
<title_without_series>Batman: The Black Mirror</title_without_series>
<link><![CDATA[https://www.goodreads.com/book/show/10889279-batman]]></link>
<small_image_url><![CDATA[https://images.gr-assets.com/books/1503127212s/10889279.jpg]]></small_image_url>
<image_url><![CDATA[https://images.gr-assets.com/books/1503127212m/10889279.jpg]]></image_url>
<num_pages>288</num_pages>
<work>
<id>15805031</id>
</work>
<isbn>140123206X</isbn>
<isbn13>9781401232061</isbn13>
<average_rating>4.29</average_rating>
<ratings_count>16393</ratings_count>
<publication_year>2011</publication_year>
<publication_month>11</publication_month>
<publication_day>23</publication_day>
<authors>
<author>
<id>70026</id>
<name>Scott Snyder</name>
<link><![CDATA[https://www.goodreads.com/author/show/70026.Scott_Snyder]]></link>
</author>
</authors>
</book>

          <book>
<id>9408670</id>
<title>Batman: Under the Red Hood</title>
<title_without_series>Batman: Under the Red Hood</title_without_series>
<link><![CDATA[https://www.goodreads.com/book/show/9408670-batman]]></link>
<small_image_url><![CDATA[https://images.gr-assets.com/books/1485006386s/9408670.jpg]]></small_image_url>
<image_url><![CDATA[https://images.gr-assets.com/books/1485006386m/9408670.jpg]]></image_url>
<num_pages>384</num_pages>
<work>
<id>14292695</id>
</work>
<isbn>1401231454</isbn>
<isbn13>9781401231453</isbn13>
<average_rating>4.35</average_rating>
<ratings_count>4853</ratings_count>
<publication_year>2011</publication_year>
<publication_month>8</publication_month>
<publication_day>30</publication_day>
<authors>
<author>
<id>4822</id>
<name>Judd Winick</name>
<link><![CDATA[https://www.goodreads.com/author/show/4822.Judd_Winick]]></link>
</author>
</authors>
</book>

          <book>
<id>2182780</id>
<title>Batman: The Man Who Laughs</title>
<title_without_series>Batman: The Man Who Laughs</title_without_series>
<link><![CDATA[https://www.goodreads.com/book/show/2182780.Batman]]></link>
<small_image_url><![CDATA[https://images.gr-assets.com/books/1486038991s/2182780.jpg]]></small_image_url>
<image_url><![CDATA[https://images.gr-assets.com/books/1486038991m/2182780.jpg]]></image_url>
<num_pages>144</num_pages>
<work>
<id>2188473</id>
</work>
<isbn>1401216226</isbn>
<isbn13>9781401216221</isbn13>
<average_rating>4.09</average_rating>
<ratings_count>17764</ratings_count>
<publication_year>2008</publication_year>
<publication_month>1</publication_month>
<publication_day>30</publication_day>
<authors>
<author>
<id>37450</id>
<name>Ed Brubaker</name>
<link><![CDATA[https://www.goodreads.com/author/show/37450.Ed_Brubaker]]></link>
</author>
</authors>
</book>

          <book>
<id>107036</id>
<title>Batman and the Monster Men</title>
<title_without_series>Batman and the Monster Men</title_without_series>
<link><![CDATA[https://www.goodreads.com/book/show/107036.Batman_and_the_Monster_Men]]></link>
<small_image_url><![CDATA[https://s.gr-assets.com/assets/nophoto/book/50x75-a91bf249278a81aabab721ef782c4a74.png]]></small_image_url>
<image_url><![CDATA[https://s.gr-assets.com/assets/nophoto/book/111x148-bcc042a9c91a29c1d680899eff700a03.png]]></image_url>
<num_pages>144</num_pages>
<work>
<id>103167</id>
</work>
<isbn>1401210910</isbn>
<isbn13>9781401210915</isbn13>
<average_rating>3.76</average_rating>
<ratings_count>2412</ratings_count>
<publication_year>2006</publication_year>
<publication_month>8</publication_month>
<publication_day>23</publication_day>
<authors>
<author>
<id>9934</id>
<name>Matt Wagner</name>
<link><![CDATA[https://www.goodreads.com/author/show/9934.Matt_Wagner]]></link>
</author>
</authors>
</book>

          <book>
<id>724309</id>
<title>Batman: No Man&apos;s Land, Vol. 2</title>
<title_without_series>Batman: No Man&apos;s Land, Vol. 2</title_without_series>
<link><![CDATA[https://www.goodreads.com/book/show/724309.Batman]]></link>
<small_image_url><![CDATA[https://s.gr-assets.com/assets/nophoto/book/50x75-a91bf249278a81aabab721ef782c4a74.png]]></small_image_url>
<image_url><![CDATA[https://s.gr-assets.com/assets/nophoto/book/111x148-bcc042a9c91a29c1d680899eff700a03.png]]></image_url>
<num_pages>208</num_pages>
<work>
<id>710530</id>
</work>
<isbn>1563895994</isbn>
<isbn13>9781563895999</isbn13>
<average_rating>3.99</average_rating>
<ratings_count>2561</ratings_count>
<publication_year>2000</publication_year>
<publication_month>2</publication_month>
<publication_day>1</publication_day>
<authors>
<author>
<id>18327</id>
<name>Greg Rucka</name>
<link><![CDATA[https://www.goodreads.com/author/show/18327.Greg_Rucka]]></link>
</author>
</authors>
</book>

          <book>
<id>591355</id>
<title><![CDATA[Batman: A Lonely Place of Dying]]></title>
<title_without_series><![CDATA[Batman: A Lonely Place of Dying]]></title_without_series>
<link><![CDATA[https://www.goodreads.com/book/show/591355.Batman]]></link>
<small_image_url><![CDATA[https://images.gr-assets.com/books/1327962006s/591355.jpg]]></small_image_url>
<image_url><![CDATA[https://images.gr-assets.com/books/1327962006m/591355.jpg]]></image_url>
<num_pages></num_pages>
<work>
<id>578103</id>
</work>
<isbn>0930289633</isbn>
<isbn13>9780930289638</isbn13>
<average_rating>4.03</average_rating>
<ratings_count>3698</ratings_count>
<publication_year>1998</publication_year>
<publication_month>2</publication_month>
<publication_day>28</publication_day>
<authors>
<author>
<id>10178</id>
<name>Marv Wolfman</name>
<link><![CDATA[https://www.goodreads.com/author/show/10178.Marv_Wolfman]]></link>
</author>
</authors>
</book>

          <book>
<id>3430164</id>
<title>Batman: R.I.P.</title>
<title_without_series>Batman: R.I.P.</title_without_series>
<link><![CDATA[https://www.goodreads.com/book/show/3430164-batman]]></link>
<small_image_url><![CDATA[https://images.gr-assets.com/books/1484918257s/3430164.jpg]]></small_image_url>
<image_url><![CDATA[https://images.gr-assets.com/books/1484918257m/3430164.jpg]]></image_url>
<num_pages>210</num_pages>
<work>
<id>3471065</id>
</work>
<isbn>1401220908</isbn>
<isbn13>9781401220907</isbn13>
<average_rating>3.79</average_rating>
<ratings_count>10943</ratings_count>
<publication_year></publication_year>
<publication_month></publication_month>
<publication_day></publication_day>
<authors>
<author>
<id>12732</id>
<name>Grant Morrison</name>
<link><![CDATA[https://www.goodreads.com/author/show/12732.Grant_Morrison]]></link>
</author>
</authors>
</book>

          <book>
<id>107128</id>
<title>Batman: The Cult</title>
<title_without_series>Batman: The Cult</title_without_series>
<link><![CDATA[https://www.goodreads.com/book/show/107128.Batman]]></link>
<small_image_url><![CDATA[https://images.gr-assets.com/books/1354682112s/107128.jpg]]></small_image_url>
<image_url><![CDATA[https://images.gr-assets.com/books/1354682112m/107128.jpg]]></image_url>
<num_pages>184</num_pages>
<work>
<id>103259</id>
</work>
<isbn>0930289854</isbn>
<isbn13>9780930289850</isbn13>
<average_rating>3.90</average_rating>
<ratings_count>3997</ratings_count>
<publication_year>2009</publication_year>
<publication_month>12</publication_month>
<publication_day>15</publication_day>
<authors>
<author>
<id>18313</id>
<name>Jim Starlin</name>
<link><![CDATA[https://www.goodreads.com/author/show/18313.Jim_Starlin]]></link>
</author>
</authors>
</book>

          <book>
<id>107117</id>
<title>Batman: Venom</title>
<title_without_series>Batman: Venom</title_without_series>
<link><![CDATA[https://www.goodreads.com/book/show/107117.Batman]]></link>
<small_image_url><![CDATA[https://images.gr-assets.com/books/1376162901s/107117.jpg]]></small_image_url>
<image_url><![CDATA[https://images.gr-assets.com/books/1376162901m/107117.jpg]]></image_url>
<num_pages></num_pages>
<work>
<id>103248</id>
</work>
<isbn>1563891018</isbn>
<isbn13>9781563891014</isbn13>
<average_rating>3.88</average_rating>
<ratings_count>3368</ratings_count>
<publication_year></publication_year>
<publication_month></publication_month>
<publication_day></publication_day>
<authors>
<author>
<id>28710</id>
<name>Dennis O&apos;Neil</name>
<link><![CDATA[https://www.goodreads.com/author/show/28710.Dennis_O_Neil]]></link>
</author>
</authors>
</book>

          <book>
<id>107055</id>
<title>Batman: Strange Apparitions</title>
<title_without_series>Batman: Strange Apparitions</title_without_series>
<link><![CDATA[https://www.goodreads.com/book/show/107055.Batman]]></link>
<small_image_url><![CDATA[https://images.gr-assets.com/books/1318886543s/107055.jpg]]></small_image_url>
<image_url><![CDATA[https://images.gr-assets.com/books/1318886543m/107055.jpg]]></image_url>
<num_pages>175</num_pages>
<work>
<id>103186</id>
</work>
<isbn>1563895005</isbn>
<isbn13>9781563895005</isbn13>
<average_rating>4.03</average_rating>
<ratings_count>802</ratings_count>
<publication_year>1999</publication_year>
<publication_month>12</publication_month>
<publication_day>1</publication_day>
<authors>
<author>
<id>53212</id>
<name>Steve Englehart</name>
<link><![CDATA[https://www.goodreads.com/author/show/53212.Steve_Englehart]]></link>
</author>
</authors>
</book>

          <book>
<id>1063598</id>
<title>Batman: Nine Lives</title>
<title_without_series>Batman: Nine Lives</title_without_series>
<link><![CDATA[https://www.goodreads.com/book/show/1063598.Batman]]></link>
<small_image_url><![CDATA[https://images.gr-assets.com/books/1305091366s/1063598.jpg]]></small_image_url>
<image_url><![CDATA[https://images.gr-assets.com/books/1305091366m/1063598.jpg]]></image_url>
<num_pages>132</num_pages>
<work>
<id>1050238</id>
</work>
<isbn>1563898535</isbn>
<isbn13>9781563898532</isbn13>
<average_rating>3.78</average_rating>
<ratings_count>654</ratings_count>
<publication_year>2002</publication_year>
<publication_month>4</publication_month>
<publication_day>1</publication_day>
<authors>
<author>
<id>61972</id>
<name>Dean Motter</name>
<link><![CDATA[https://www.goodreads.com/author/show/61972.Dean_Motter]]></link>
</author>
</authors>
</book>

  </similar_books>
</book>

</GoodreadsResponse>