<?xml version="1.0" encoding="UTF-8"?>
<GoodreadsResponse>
  <Request>
    <authentication>true</authentication>
      <key><![CDATA[all_men_must_serve]]></key>
    <method><![CDATA[book_show]]></method>
  </Request>
  <book>
  <id>106085</id>
  <title>Masquerade (Blue Bloods, #2)</title>
  <isbn><![CDATA[0786838930]]></isbn>
  <isbn13><![CDATA[9780786838936]]></isbn13>
  <asin><![CDATA[]]></asin>
  <kindle_asin><![CDATA[B003CUDP8E]]></kindle_asin>
  <marketplace_id><![CDATA[A1F83G8C2ARO7P]]></marketplace_id>
  <country_code><![CDATA[GB]]></country_code>
  <image_url>https://images.gr-assets.com/books/1322287499m/106085.jpg</image_url>
  <small_image_url>https://images.gr-assets.com/books/1322287499s/106085.jpg</small_image_url>
  <publication_year>2007</publication_year>
  <publication_month>5</publication_month>
  <publication_day>1</publication_day>
  <publisher>Hyperion</publisher>
  <language_code>en-US</language_code>
  <is_ebook>false</is_ebook>
  <description><![CDATA[Schuyler Van Alen wants an explanation for the mysterious deaths of young vampires. With her best friend, Oliver, Schuyler travels to Italy in the hope of finding the one man who can help - her grandfather. Meanwhile, back in New York, preparations are feverishly underway for the Four Hundred Ball, an exclusive gala hosted by the city's wealthy, powerful, and <i>unhuman</i> - a true Blue Blood affair.<br /><br />But it's at the after-party, a masquerade ball thrown by the cunning Mimi Force, that the real danger lurks. Hidden behind the masks is a revelation that will forever change the course of a young vampire's destiny.<br /><br />Rich with glamour, attitude, and vampire lore, this second installment in the Blue Bloods saga will leave readers thirsting for more.]]></description>
  <work>
  <id type="integer">1319792</id>
  <books_count type="integer">39</books_count>
  <best_book_id type="integer">106085</best_book_id>
  <reviews_count type="integer">116820</reviews_count>
  <ratings_sum type="integer">311958</ratings_sum>
  <ratings_count type="integer">79691</ratings_count>
  <text_reviews_count type="integer">2045</text_reviews_count>
  <original_publication_year type="integer">2007</original_publication_year>
  <original_publication_month type="integer">5</original_publication_month>
  <original_publication_day type="integer">1</original_publication_day>
  <original_title>Masquerade</original_title>
  <original_language_id type="integer" nil="true"/>
  <media_type>book</media_type>
  <rating_dist>5:27993|4:25183|3:19724|2:5298|1:1493|total:79691</rating_dist>
  <desc_user_id type="integer">3109683</desc_user_id>
  <default_chaptering_book_id type="integer" nil="true"/>
  <default_description_language_code nil="true"/>
</work>
  <average_rating>3.91</average_rating>
  <num_pages><![CDATA[307]]></num_pages>
  <format><![CDATA[]]></format>
  <edition_information><![CDATA[1st Edition]]></edition_information>
  <ratings_count><![CDATA[76614]]></ratings_count>
  <text_reviews_count><![CDATA[1820]]></text_reviews_count>
  <url><![CDATA[https://www.goodreads.com/book/show/106085.Masquerade]]></url>
  <link><![CDATA[https://www.goodreads.com/book/show/106085.Masquerade]]></link>
  <authors>
<author>
<id>21911</id>
<name>Melissa de la Cruz</name>
<role></role>
<image_url nophoto='false'>
<![CDATA[https://images.gr-assets.com/authors/1208363156p5/21911.jpg]]>
</image_url>
<small_image_url nophoto='false'>
<![CDATA[https://images.gr-assets.com/authors/1208363156p2/21911.jpg]]>
</small_image_url>
<link><![CDATA[https://www.goodreads.com/author/show/21911.Melissa_de_la_Cruz]]></link>
<average_rating>3.83</average_rating>
<ratings_count>549315</ratings_count>
<text_reviews_count>26581</text_reviews_count>
</author>
</authors>

    <reviews_widget>
      <![CDATA[
        <style>
  #goodreads-widget {
    font-family: georgia, serif;
    padding: 18px 0;
    width:565px;
  }
  #goodreads-widget h1 {
    font-weight:normal;
    font-size: 16px;
    border-bottom: 1px solid #BBB596;
    margin-bottom: 0;
  }
  #goodreads-widget a {
    text-decoration: none;
    color:#660;
  }
  iframe{
    background-color: #fff;
  }
  #goodreads-widget a:hover { text-decoration: underline; }
  #goodreads-widget a:active {
    color:#660;
  }
  #gr_footer {
    width: 100%;
    border-top: 1px solid #BBB596;
    text-align: right;
  }
  #goodreads-widget .gr_branding{
    color: #382110;
    font-size: 11px;
    text-decoration: none;
    font-family: "Helvetica Neue", Helvetica, Arial, sans-serif;
  }
</style>
<div id="goodreads-widget">
  <div id="gr_header"><h1><a rel="nofollow" href="https://www.goodreads.com/book/show/106085.Masquerade">Masquerade Reviews</a></h1></div>
  <iframe id="the_iframe" src="https://www.goodreads.com/api/reviews_widget_iframe?did=DEVELOPER_ID&amp;format=html&amp;isbn=0786838930&amp;links=660&amp;min_rating=&amp;review_back=fff&amp;stars=000&amp;text=000" width="565" height="400" frameborder="0"></iframe>
  <div id="gr_footer">
    <a class="gr_branding" target="_blank" rel="nofollow" href="https://www.goodreads.com/book/show/106085.Masquerade?utm_medium=api&amp;utm_source=reviews_widget">Reviews from Goodreads.com</a>
  </div>
</div>

      ]]>
    </reviews_widget>
  <popular_shelves>
      <shelf name="to-read" count="15784"/>
      <shelf name="vampires" count="1199"/>
      <shelf name="young-adult" count="1188"/>
      <shelf name="fantasy" count="667"/>
      <shelf name="ya" count="603"/>
      <shelf name="paranormal" count="582"/>
      <shelf name="books-i-own" count="454"/>
      <shelf name="favorites" count="424"/>
      <shelf name="vampire" count="410"/>
      <shelf name="currently-reading" count="390"/>
      <shelf name="series" count="358"/>
      <shelf name="romance" count="336"/>
      <shelf name="blue-bloods" count="294"/>
      <shelf name="owned" count="272"/>
      <shelf name="angels" count="207"/>
      <shelf name="supernatural" count="197"/>
      <shelf name="paranormal-romance" count="168"/>
      <shelf name="urban-fantasy" count="164"/>
      <shelf name="melissa-de-la-cruz" count="161"/>
      <shelf name="fiction" count="154"/>
      <shelf name="teen" count="118"/>
      <shelf name="owned-books" count="98"/>
      <shelf name="vamps" count="84"/>
      <shelf name="my-books" count="73"/>
      <shelf name="default" count="68"/>
      <shelf name="i-own" count="67"/>
      <shelf name="library" count="65"/>
      <shelf name="vampire-books" count="65"/>
      <shelf name="blue-bloods-series" count="62"/>
      <shelf name="my-library" count="48"/>
      <shelf name="ya-fiction" count="46"/>
      <shelf name="to-buy" count="45"/>
      <shelf name="ya-paranormal" count="42"/>
      <shelf name="ebook" count="41"/>
      <shelf name="ebooks" count="40"/>
      <shelf name="ya-fantasy" count="40"/>
      <shelf name="young-adult-fiction" count="40"/>
      <shelf name="mystery" count="39"/>
      <shelf name="have" count="38"/>
      <shelf name="teen-fiction" count="37"/>
      <shelf name="read-in-2011" count="36"/>
      <shelf name="read-in-2010" count="34"/>
      <shelf name="own-it" count="32"/>
      <shelf name="high-school" count="31"/>
      <shelf name="books-i-have" count="30"/>
      <shelf name="kindle" count="30"/>
      <shelf name="ya-books" count="29"/>
      <shelf name="shelfari-favorites" count="27"/>
      <shelf name="youngadult" count="25"/>
      <shelf name="read-in-2013" count="24"/>
      <shelf name="books" count="24"/>
      <shelf name="paperback" count="24"/>
      <shelf name="magic" count="24"/>
      <shelf name="borrowed" count="24"/>
      <shelf name="blue-blood-series" count="23"/>
      <shelf name="paranormal-fantasy" count="22"/>
      <shelf name="audiobook" count="22"/>
      <shelf name="sci-fi-fantasy" count="22"/>
      <shelf name="read-in-2009" count="22"/>
      <shelf name="fantasy-paranormal" count="21"/>
      <shelf name="e-book" count="21"/>
      <shelf name="re-read" count="21"/>
      <shelf name="pnr" count="21"/>
      <shelf name="angels-demons" count="21"/>
      <shelf name="favourites" count="21"/>
      <shelf name="3-stars" count="20"/>
      <shelf name="vamp" count="20"/>
      <shelf name="part-of-a-series" count="19"/>
      <shelf name="ya-romance" count="19"/>
      <shelf name="audiobooks" count="18"/>
      <shelf name="angel" count="18"/>
      <shelf name="horror" count="18"/>
      <shelf name="love" count="17"/>
      <shelf name="finished" count="17"/>
      <shelf name="library-books" count="17"/>
      <shelf name="young-adult-fantasy" count="17"/>
      <shelf name="bookshelf" count="16"/>
      <shelf name="meh" count="16"/>
      <shelf name="reincarnation" count="16"/>
      <shelf name="my-bookshelf" count="16"/>
      <shelf name="on-my-bookshelf" count="16"/>
      <shelf name="signed" count="16"/>
      <shelf name="teens" count="16"/>
      <shelf name="ya-lit" count="16"/>
      <shelf name="read-2014" count="15"/>
      <shelf name="5-stars" count="15"/>
      <shelf name="mine" count="15"/>
      <shelf name="ya-series" count="15"/>
      <shelf name="young-adult-paranormal" count="15"/>
      <shelf name="ya-novels" count="15"/>
      <shelf name="chick-lit" count="15"/>
      <shelf name="favorite-books" count="15"/>
      <shelf name="love-triangle" count="14"/>
      <shelf name="immortals" count="14"/>
      <shelf name="paranormal-ya" count="14"/>
      <shelf name="bought" count="14"/>
      <shelf name="wish-list" count="14"/>
      <shelf name="contemporary" count="14"/>
      <shelf name="book-series" count="14"/>
      <shelf name="young-adults" count="14"/>
  </popular_shelves>
  <book_links>
    <book_link>
  <id>8</id>
  <name>Libraries</name>
  <link>https://www.goodreads.com/book_link/follow/8</link>
</book_link>

  </book_links>
  <buy_links>
    <buy_link>
<id>1</id>
<name>Amazon</name>
<link>https://www.goodreads.com/book_link/follow/1</link>
</buy_link>
<buy_link>
<id>10</id>
<name>Audible</name>
<link>https://www.goodreads.com/book_link/follow/10</link>
</buy_link>
<buy_link>
<id>3</id>
<name>Barnes &amp; Noble</name>
<link>https://www.goodreads.com/book_link/follow/3</link>
</buy_link>
<buy_link>
<id>1027</id>
<name>Kobo</name>
<link>https://www.goodreads.com/book_link/follow/1027</link>
</buy_link>
<buy_link>
<id>2102</id>
<name>Apple iBooks</name>
<link>https://www.goodreads.com/book_link/follow/2102</link>
</buy_link>
<buy_link>
<id>8036</id>
<name>Google Play</name>
<link>https://www.goodreads.com/book_link/follow/8036</link>
</buy_link>
<buy_link>
<id>4</id>
<name>Abebooks</name>
<link>https://www.goodreads.com/book_link/follow/4</link>
</buy_link>
<buy_link>
<id>882</id>
<name>Book Depository</name>
<link>https://www.goodreads.com/book_link/follow/882</link>
</buy_link>
<buy_link>
<id>9</id>
<name>Indigo</name>
<link>https://www.goodreads.com/book_link/follow/9</link>
</buy_link>
<buy_link>
<id>2</id>
<name>Half.com</name>
<link>https://www.goodreads.com/book_link/follow/2</link>
</buy_link>
<buy_link>
<id>5</id>
<name>Alibris</name>
<link>https://www.goodreads.com/book_link/follow/5</link>
</buy_link>
<buy_link>
<id>107</id>
<name>Better World Books</name>
<link>https://www.goodreads.com/book_link/follow/107</link>
</buy_link>
<buy_link>
<id>7</id>
<name>IndieBound</name>
<link>https://www.goodreads.com/book_link/follow/7</link>
</buy_link>

  </buy_links>
  <series_works>
    <series_work>
<id>156530</id>
<user_position>2</user_position>
<series>
<id>43537</id>
<title>
<![CDATA[
    Blue Bloods
]]>
</title>
<description>
<![CDATA[
    Arranged in the same order as Melissa de la Cruz's <a href="http://melissa-delacruz.com/index.php/info/faqs/">FAQ</a> page and <a href="http://melissa-delacruz.com/index.php/books/">book</a> page.
    
    Spin-off: <a href="http://www.goodreads.com/series/53542">Wolf Pact</a>
    Graphic Novel adaptation: <a href="http://www.goodreads.com/series/61689-blue-bloods-the-graphic-novel">Blue Bloods: The Graphic Novel</a>
    Spin-off: <a href="http://www.goodreads.com/series/53541-the-beauchamp-family">Witches of East End</a>
    
    <b>Also know as:</b>
    * Les vampires de Manhattan
    * Los Sangre Azul
    * Синя кръв
    * Darah Biru
    * Sange Albastru
    * Asil Kan
    * Голубая кровь
    * The Immortals
    * Modrokrevní
    * Błękitnokrwiści
]]>
</description>
<note>
<![CDATA[
]]>
</note>
<series_works_count>12</series_works_count>
<primary_work_count>7</primary_work_count>
<numbered>true</numbered>
</series>

</series_work>

  </series_works>
  <similar_books>
          <book>
<id>263171</id>
<title><![CDATA[Dance with a Vampire (Vampire Kisses, #4)]]></title>
<title_without_series>Dance with a Vampire</title_without_series>
<link><![CDATA[https://www.goodreads.com/book/show/263171.Dance_with_a_Vampire]]></link>
<small_image_url><![CDATA[https://images.gr-assets.com/books/1443971681s/263171.jpg]]></small_image_url>
<image_url><![CDATA[https://images.gr-assets.com/books/1443971681m/263171.jpg]]></image_url>
<num_pages>179</num_pages>
<work>
<id>255109</id>
</work>
<isbn>0061132233</isbn>
<isbn13>9780061132230</isbn13>
<average_rating>4.01</average_rating>
<ratings_count>23244</ratings_count>
<publication_year>2007</publication_year>
<publication_month>7</publication_month>
<publication_day>3</publication_day>
<authors>
<author>
<id>153734</id>
<name>Ellen Schreiber</name>
<link><![CDATA[https://www.goodreads.com/author/show/153734.Ellen_Schreiber]]></link>
</author>
</authors>
</book>

          <book>
<id>3558003</id>
<title><![CDATA[Lord of Misrule (The Morganville Vampires, #5)]]></title>
<title_without_series>Lord of Misrule</title_without_series>
<link><![CDATA[https://www.goodreads.com/book/show/3558003-lord-of-misrule]]></link>
<small_image_url><![CDATA[https://s.gr-assets.com/assets/nophoto/book/50x75-a91bf249278a81aabab721ef782c4a74.png]]></small_image_url>
<image_url><![CDATA[https://s.gr-assets.com/assets/nophoto/book/111x148-bcc042a9c91a29c1d680899eff700a03.png]]></image_url>
<num_pages>244</num_pages>
<work>
<id>3600162</id>
</work>
<isbn>0451225724</isbn>
<isbn13>9780451225726</isbn13>
<average_rating>4.18</average_rating>
<ratings_count>41213</ratings_count>
<publication_year>2009</publication_year>
<publication_month>1</publication_month>
<publication_day>6</publication_day>
<authors>
<author>
<id>15292</id>
<name>Rachel Caine</name>
<link><![CDATA[https://www.goodreads.com/author/show/15292.Rachel_Caine]]></link>
</author>
</authors>
</book>

          <book>
<id>601369</id>
<title><![CDATA[Girls That Growl (Blood Coven Vampire, #3)]]></title>
<title_without_series>Girls That Growl</title_without_series>
<link><![CDATA[https://www.goodreads.com/book/show/601369.Girls_That_Growl]]></link>
<small_image_url><![CDATA[https://images.gr-assets.com/books/1265495260s/601369.jpg]]></small_image_url>
<image_url><![CDATA[https://images.gr-assets.com/books/1265495260m/601369.jpg]]></image_url>
<num_pages>256</num_pages>
<work>
<id>587955</id>
</work>
<isbn>0425217167</isbn>
<isbn13>9780425217160</isbn13>
<average_rating>3.97</average_rating>
<ratings_count>4268</ratings_count>
<publication_year>2007</publication_year>
<publication_month>10</publication_month>
<publication_day>2</publication_day>
<authors>
<author>
<id>21701</id>
<name>Mari Mancusi</name>
<link><![CDATA[https://www.goodreads.com/author/show/21701.Mari_Mancusi]]></link>
</author>
</authors>
</book>

          <book>
<id>3665811</id>
<title><![CDATA[The Captive Part II / The Power (The Secret Circle, #2-3)]]></title>
<title_without_series><![CDATA[The Captive Part II / The Power]]></title_without_series>
<link><![CDATA[https://www.goodreads.com/book/show/3665811-the-captive-part-ii-the-power]]></link>
<small_image_url><![CDATA[https://images.gr-assets.com/books/1341592078s/3665811.jpg]]></small_image_url>
<image_url><![CDATA[https://images.gr-assets.com/books/1341592078m/3665811.jpg]]></image_url>
<num_pages>390</num_pages>
<work>
<id>3709042</id>
</work>
<isbn>0061671355</isbn>
<isbn13>9780061671357</isbn13>
<average_rating>4.11</average_rating>
<ratings_count>17152</ratings_count>
<publication_year>2009</publication_year>
<publication_month>4</publication_month>
<publication_day>9</publication_day>
<authors>
<author>
<id>50873</id>
<name>L.J. Smith</name>
<link><![CDATA[https://www.goodreads.com/author/show/50873.L_J_Smith]]></link>
</author>
</authors>
</book>

          <book>
<id>30335</id>
<title><![CDATA[Demon in My View (Den of Shadows, #2)]]></title>
<title_without_series>Demon in My View</title_without_series>
<link><![CDATA[https://www.goodreads.com/book/show/30335.Demon_in_My_View]]></link>
<small_image_url><![CDATA[https://s.gr-assets.com/assets/nophoto/book/50x75-a91bf249278a81aabab721ef782c4a74.png]]></small_image_url>
<image_url><![CDATA[https://s.gr-assets.com/assets/nophoto/book/111x148-bcc042a9c91a29c1d680899eff700a03.png]]></image_url>
<num_pages>192</num_pages>
<work>
<id>2227212</id>
</work>
<isbn>0440228840</isbn>
<isbn13>9780440228844</isbn13>
<average_rating>4.03</average_rating>
<ratings_count>10864</ratings_count>
<publication_year>2001</publication_year>
<publication_month>9</publication_month>
<publication_day>11</publication_day>
<authors>
<author>
<id>17082</id>
<name>Amelia Atwater-Rhodes</name>
<link><![CDATA[https://www.goodreads.com/author/show/17082.Amelia_Atwater_Rhodes]]></link>
</author>
</authors>
</book>

          <book>
<id>4028900</id>
<title><![CDATA[Immortal: Love Stories with Bite]]></title>
<title_without_series><![CDATA[Immortal: Love Stories with Bite]]></title_without_series>
<link><![CDATA[https://www.goodreads.com/book/show/4028900-immortal]]></link>
<small_image_url><![CDATA[https://s.gr-assets.com/assets/nophoto/book/50x75-a91bf249278a81aabab721ef782c4a74.png]]></small_image_url>
<image_url><![CDATA[https://s.gr-assets.com/assets/nophoto/book/111x148-bcc042a9c91a29c1d680899eff700a03.png]]></image_url>
<num_pages>185</num_pages>
<work>
<id>4075456</id>
</work>
<isbn>0979233178</isbn>
<isbn13>9780979233173</isbn13>
<average_rating>3.82</average_rating>
<ratings_count>5113</ratings_count>
<publication_year>2008</publication_year>
<publication_month>8</publication_month>
<publication_day>1</publication_day>
<authors>
<author>
<id>17015</id>
<name>P.C. Cast</name>
<link><![CDATA[https://www.goodreads.com/author/show/17015.P_C_Cast]]></link>
</author>
</authors>
</book>

          <book>
<id>6382952</id>
<title><![CDATA[The Eternal Kiss: 13 Vampire Tales of Blood and Desire]]></title>
<title_without_series><![CDATA[The Eternal Kiss: 13 Vampire Tales of Blood and Desire]]></title_without_series>
<link><![CDATA[https://www.goodreads.com/book/show/6382952-the-eternal-kiss]]></link>
<small_image_url><![CDATA[https://images.gr-assets.com/books/1328815549s/6382952.jpg]]></small_image_url>
<image_url><![CDATA[https://images.gr-assets.com/books/1328815549m/6382952.jpg]]></image_url>
<num_pages>408</num_pages>
<work>
<id>6570974</id>
</work>
<isbn>0762437170</isbn>
<isbn13>9780762437177</isbn13>
<average_rating>3.81</average_rating>
<ratings_count>6826</ratings_count>
<publication_year>2009</publication_year>
<publication_month>7</publication_month>
<publication_day>28</publication_day>
<authors>
<author>
<id>1239645</id>
<name>Trisha Telep</name>
<link><![CDATA[https://www.goodreads.com/author/show/1239645.Trisha_Telep]]></link>
</author>
</authors>
</book>

          <book>
<id>6371117</id>
<title><![CDATA[Betrayals (Strange Angels, #2)]]></title>
<title_without_series>Betrayals</title_without_series>
<link><![CDATA[https://www.goodreads.com/book/show/6371117-betrayals]]></link>
<small_image_url><![CDATA[https://images.gr-assets.com/books/1331244872s/6371117.jpg]]></small_image_url>
<image_url><![CDATA[https://images.gr-assets.com/books/1331244872m/6371117.jpg]]></image_url>
<num_pages>296</num_pages>
<work>
<id>6558709</id>
</work>
<isbn>1595142525</isbn>
<isbn13>9781595142528</isbn13>
<average_rating>4.08</average_rating>
<ratings_count>24862</ratings_count>
<publication_year></publication_year>
<publication_month></publication_month>
<publication_day></publication_day>
<authors>
<author>
<id>3408349</id>
<name>Lili St. Crow</name>
<link><![CDATA[https://www.goodreads.com/author/show/3408349.Lili_St_Crow]]></link>
</author>
</authors>
</book>

          <book>
<id>4936618</id>
<title>Eternal (Tantalize, #2)</title>
<title_without_series>Eternal</title_without_series>
<link><![CDATA[https://www.goodreads.com/book/show/4936618-eternal]]></link>
<small_image_url><![CDATA[https://images.gr-assets.com/books/1320504258s/4936618.jpg]]></small_image_url>
<image_url><![CDATA[https://images.gr-assets.com/books/1320504258m/4936618.jpg]]></image_url>
<num_pages>307</num_pages>
<work>
<id>5002281</id>
</work>
<isbn>0763635731</isbn>
<isbn13>9780763635732</isbn13>
<average_rating>3.59</average_rating>
<ratings_count>7639</ratings_count>
<publication_year>2009</publication_year>
<publication_month>2</publication_month>
<publication_day>10</publication_day>
<authors>
<author>
<id>202438</id>
<name>Cynthia Leitich Smith</name>
<link><![CDATA[https://www.goodreads.com/author/show/202438.Cynthia_Leitich_Smith]]></link>
</author>
</authors>
</book>

  </similar_books>
</book>

</GoodreadsResponse>