<?xml version="1.0" encoding="UTF-8"?>
<GoodreadsResponse>
  <Request>
    <authentication>true</authentication>
      <key><![CDATA[all_men_must_serve]]></key>
    <method><![CDATA[book_show]]></method>
  </Request>
  <book>
  <id>106131</id>
  <title><![CDATA[Charlie Bone and the Castle of Mirrors (The Children of the Red King, #4)]]></title>
  <isbn><![CDATA[0439545285]]></isbn>
  <isbn13><![CDATA[9780439545280]]></isbn13>
  <asin><![CDATA[]]></asin>
  <kindle_asin><![CDATA[B00V8A20V8]]></kindle_asin>
  <marketplace_id><![CDATA[A1F83G8C2ARO7P]]></marketplace_id>
  <country_code><![CDATA[GB]]></country_code>
  <image_url>https://images.gr-assets.com/books/1290344623m/106131.jpg</image_url>
  <small_image_url>https://images.gr-assets.com/books/1290344623s/106131.jpg</small_image_url>
  <publication_year></publication_year>
  <publication_month></publication_month>
  <publication_day></publication_day>
  <publisher></publisher>
  <language_code></language_code>
  <is_ebook>false</is_ebook>
  <description></description>
  <work>
  <id type="integer">433190</id>
  <books_count type="integer">29</books_count>
  <best_book_id type="integer">106131</best_book_id>
  <reviews_count type="integer">26296</reviews_count>
  <ratings_sum type="integer">80197</ratings_sum>
  <ratings_count type="integer">20599</ratings_count>
  <text_reviews_count type="integer">295</text_reviews_count>
  <original_publication_year type="integer">2005</original_publication_year>
  <original_publication_month type="integer">1</original_publication_month>
  <original_publication_day type="integer">1</original_publication_day>
  <original_title>Charlie Bone and the Castle of Mirrors (The Children of the Red King, # 4)</original_title>
  <original_language_id type="integer" nil="true"/>
  <media_type>book</media_type>
  <rating_dist>5:6665|4:6928|3:5477|2:1200|1:329|total:20599</rating_dist>
  <desc_user_id type="integer" nil="true"/>
  <default_chaptering_book_id type="integer" nil="true"/>
  <default_description_language_code nil="true"/>
</work>
  <average_rating>3.89</average_rating>
  <num_pages><![CDATA[]]></num_pages>
  <format><![CDATA[]]></format>
  <edition_information><![CDATA[]]></edition_information>
  <ratings_count><![CDATA[20107]]></ratings_count>
  <text_reviews_count><![CDATA[271]]></text_reviews_count>
  <url><![CDATA[https://www.goodreads.com/book/show/106131.Charlie_Bone_and_the_Castle_of_Mirrors]]></url>
  <link><![CDATA[https://www.goodreads.com/book/show/106131.Charlie_Bone_and_the_Castle_of_Mirrors]]></link>
  <authors>
<author>
<id>6206</id>
<name>Jenny Nimmo</name>
<role></role>
<image_url nophoto='false'>
<![CDATA[https://images.gr-assets.com/authors/1227046107p5/6206.jpg]]>
</image_url>
<small_image_url nophoto='false'>
<![CDATA[https://images.gr-assets.com/authors/1227046107p2/6206.jpg]]>
</small_image_url>
<link><![CDATA[https://www.goodreads.com/author/show/6206.Jenny_Nimmo]]></link>
<average_rating>3.90</average_rating>
<ratings_count>162903</ratings_count>
<text_reviews_count>5081</text_reviews_count>
</author>
</authors>

    <reviews_widget>
      <![CDATA[
        <style>
  #goodreads-widget {
    font-family: georgia, serif;
    padding: 18px 0;
    width:565px;
  }
  #goodreads-widget h1 {
    font-weight:normal;
    font-size: 16px;
    border-bottom: 1px solid #BBB596;
    margin-bottom: 0;
  }
  #goodreads-widget a {
    text-decoration: none;
    color:#660;
  }
  iframe{
    background-color: #fff;
  }
  #goodreads-widget a:hover { text-decoration: underline; }
  #goodreads-widget a:active {
    color:#660;
  }
  #gr_footer {
    width: 100%;
    border-top: 1px solid #BBB596;
    text-align: right;
  }
  #goodreads-widget .gr_branding{
    color: #382110;
    font-size: 11px;
    text-decoration: none;
    font-family: "Helvetica Neue", Helvetica, Arial, sans-serif;
  }
</style>
<div id="goodreads-widget">
  <div id="gr_header"><h1><a rel="nofollow" href="https://www.goodreads.com/book/show/106131.Charlie_Bone_and_the_Castle_of_Mirrors">Charlie Bone and the Castle of Mirrors Reviews</a></h1></div>
  <iframe id="the_iframe" src="https://www.goodreads.com/api/reviews_widget_iframe?did=DEVELOPER_ID&amp;format=html&amp;isbn=0439545285&amp;links=660&amp;min_rating=&amp;review_back=fff&amp;stars=000&amp;text=000" width="565" height="400" frameborder="0"></iframe>
  <div id="gr_footer">
    <a class="gr_branding" target="_blank" rel="nofollow" href="https://www.goodreads.com/book/show/106131.Charlie_Bone_and_the_Castle_of_Mirrors?utm_medium=api&amp;utm_source=reviews_widget">Reviews from Goodreads.com</a>
  </div>
</div>

      ]]>
    </reviews_widget>
  <popular_shelves>
      <shelf name="to-read" count="1377"/>
      <shelf name="fantasy" count="167"/>
      <shelf name="young-adult" count="113"/>
      <shelf name="favorites" count="83"/>
      <shelf name="fiction" count="79"/>
      <shelf name="owned" count="78"/>
      <shelf name="books-i-own" count="77"/>
      <shelf name="currently-reading" count="75"/>
      <shelf name="childrens" count="75"/>
      <shelf name="series" count="68"/>
      <shelf name="magic" count="68"/>
      <shelf name="children" count="64"/>
      <shelf name="charlie-bone" count="58"/>
      <shelf name="ya" count="57"/>
      <shelf name="middle-grade" count="55"/>
      <shelf name="children-s" count="50"/>
      <shelf name="childhood" count="37"/>
      <shelf name="adventure" count="35"/>
      <shelf name="default" count="33"/>
      <shelf name="juvenile" count="31"/>
      <shelf name="children-s-books" count="28"/>
      <shelf name="kids" count="28"/>
      <shelf name="owned-books" count="26"/>
      <shelf name="mystery" count="23"/>
      <shelf name="my-library" count="21"/>
      <shelf name="juvenile-fiction" count="20"/>
      <shelf name="jenny-nimmo" count="20"/>
      <shelf name="ya-fantasy" count="18"/>
      <shelf name="library" count="15"/>
      <shelf name="middle-school" count="15"/>
      <shelf name="i-own" count="14"/>
      <shelf name="sci-fi-fantasy" count="13"/>
      <shelf name="childhood-books" count="12"/>
      <shelf name="audio" count="12"/>
      <shelf name="school" count="11"/>
      <shelf name="my-books" count="11"/>
      <shelf name="childrens-books" count="11"/>
      <shelf name="teen" count="11"/>
      <shelf name="kids-books" count="11"/>
      <shelf name="classroom-library" count="10"/>
      <shelf name="chapter-books" count="10"/>
      <shelf name="re-read" count="9"/>
      <shelf name="childhood-favorites" count="9"/>
      <shelf name="paranormal" count="9"/>
      <shelf name="audiobooks" count="9"/>
      <shelf name="friendship" count="8"/>
      <shelf name="supernatural" count="8"/>
      <shelf name="own-it" count="8"/>
      <shelf name="childrens-fantasy" count="8"/>
      <shelf name="favorite-series" count="8"/>
      <shelf name="youth" count="8"/>
      <shelf name="england" count="7"/>
      <shelf name="modern-fantasy" count="7"/>
      <shelf name="audio-book" count="7"/>
      <shelf name="the-children-of-the-red-king" count="7"/>
      <shelf name="boarding-school" count="7"/>
      <shelf name="3-stars" count="7"/>
      <shelf name="action-adventure" count="7"/>
      <shelf name="childrens-fiction" count="7"/>
      <shelf name="4-stars" count="6"/>
      <shelf name="childhood-reads" count="6"/>
      <shelf name="children-s-fantasy" count="6"/>
      <shelf name="bookshelf" count="6"/>
      <shelf name="books" count="6"/>
      <shelf name="action" count="6"/>
      <shelf name="animals" count="6"/>
      <shelf name="favourites" count="6"/>
      <shelf name="own-to-read" count="6"/>
      <shelf name="children-s-lit" count="6"/>
      <shelf name="part-of-a-series" count="6"/>
      <shelf name="young-readers" count="6"/>
      <shelf name="british" count="6"/>
      <shelf name="children-s-literature" count="6"/>
      <shelf name="young-adults" count="6"/>
      <shelf name="fantasy-sci-fi" count="6"/>
      <shelf name="young-adult-fiction" count="6"/>
      <shelf name="shelfari-favorites" count="5"/>
      <shelf name="novels" count="5"/>
      <shelf name="elementary" count="5"/>
      <shelf name="issues" count="5"/>
      <shelf name="general" count="5"/>
      <shelf name="ebooks" count="5"/>
      <shelf name="kindle" count="5"/>
      <shelf name="mg" count="5"/>
      <shelf name="and" count="5"/>
      <shelf name="books-i-have" count="5"/>
      <shelf name="on-my-bookshelf" count="5"/>
      <shelf name="have" count="5"/>
      <shelf name="children-of-the-red-king" count="5"/>
      <shelf name="urban-fantasy" count="5"/>
      <shelf name="charlie-bone-series" count="5"/>
      <shelf name="audiobook" count="5"/>
      <shelf name="home-library" count="5"/>
      <shelf name="family" count="5"/>
      <shelf name="childhood-faves" count="4"/>
      <shelf name="reread" count="4"/>
      <shelf name="coming-of-age" count="4"/>
      <shelf name="read-as-a-child" count="4"/>
      <shelf name="read-as-a-kid" count="4"/>
      <shelf name="middle-school-books" count="4"/>
  </popular_shelves>
  <book_links>
    <book_link>
  <id>8</id>
  <name>Libraries</name>
  <link>https://www.goodreads.com/book_link/follow/8</link>
</book_link>

  </book_links>
  <buy_links>
    <buy_link>
<id>1</id>
<name>Amazon</name>
<link>https://www.goodreads.com/book_link/follow/1</link>
</buy_link>
<buy_link>
<id>10</id>
<name>Audible</name>
<link>https://www.goodreads.com/book_link/follow/10</link>
</buy_link>
<buy_link>
<id>3</id>
<name>Barnes &amp; Noble</name>
<link>https://www.goodreads.com/book_link/follow/3</link>
</buy_link>
<buy_link>
<id>1027</id>
<name>Kobo</name>
<link>https://www.goodreads.com/book_link/follow/1027</link>
</buy_link>
<buy_link>
<id>2102</id>
<name>Apple iBooks</name>
<link>https://www.goodreads.com/book_link/follow/2102</link>
</buy_link>
<buy_link>
<id>8036</id>
<name>Google Play</name>
<link>https://www.goodreads.com/book_link/follow/8036</link>
</buy_link>
<buy_link>
<id>4</id>
<name>Abebooks</name>
<link>https://www.goodreads.com/book_link/follow/4</link>
</buy_link>
<buy_link>
<id>882</id>
<name>Book Depository</name>
<link>https://www.goodreads.com/book_link/follow/882</link>
</buy_link>
<buy_link>
<id>9</id>
<name>Indigo</name>
<link>https://www.goodreads.com/book_link/follow/9</link>
</buy_link>
<buy_link>
<id>2</id>
<name>Half.com</name>
<link>https://www.goodreads.com/book_link/follow/2</link>
</buy_link>
<buy_link>
<id>5</id>
<name>Alibris</name>
<link>https://www.goodreads.com/book_link/follow/5</link>
</buy_link>
<buy_link>
<id>107</id>
<name>Better World Books</name>
<link>https://www.goodreads.com/book_link/follow/107</link>
</buy_link>
<buy_link>
<id>7</id>
<name>IndieBound</name>
<link>https://www.goodreads.com/book_link/follow/7</link>
</buy_link>

  </buy_links>
  <series_works>
    <series_work>
<id>149190</id>
<user_position>4</user_position>
<series>
<id>42479</id>
<title>
<![CDATA[
    The Children of the Red King
]]>
</title>
<description>
<![CDATA[
    Also known as:
    * Charlie Bone
    * Charli Bon
    * Medianoche Para Charlie Bone
    * Charlie-Bone-Abenteuer
    * Die Kinder des roten Königs
    
    This series tells the story of Charlie Bone and other magical descendants of the Red King and of the magical school, Bloor Academy, which they attend.
    
    The story of the Red King, the ancestor of Charlie Bone, is told in the series <a href="http://www.goodreads.com/series/53026-chronicles-of-the-red-king">Chronicles of the Red King</a>.
]]>
</description>
<note>
<![CDATA[
]]>
</note>
<series_works_count>15</series_works_count>
<primary_work_count>8</primary_work_count>
<numbered>true</numbered>
</series>

</series_work>

  </series_works>
  <similar_books>
          <book>
<id>334038</id>
<title><![CDATA[Beyond the Valley of Thorns (The Land of Elyon, #2)]]></title>
<title_without_series>Beyond the Valley of Thorns</title_without_series>
<link><![CDATA[https://www.goodreads.com/book/show/334038.Beyond_the_Valley_of_Thorns]]></link>
<small_image_url><![CDATA[https://images.gr-assets.com/books/1359309208s/334038.jpg]]></small_image_url>
<image_url><![CDATA[https://images.gr-assets.com/books/1359309208m/334038.jpg]]></image_url>
<num_pages></num_pages>
<work>
<id>1433965</id>
</work>
<isbn>0439700949</isbn>
<isbn13>9780439700948</isbn13>
<average_rating>3.93</average_rating>
<ratings_count>11346</ratings_count>
<publication_year></publication_year>
<publication_month></publication_month>
<publication_day></publication_day>
<authors>
<author>
<id>46474</id>
<name>Patrick Carman</name>
<link><![CDATA[https://www.goodreads.com/author/show/46474.Patrick_Carman]]></link>
</author>
</authors>
</book>

          <book>
<id>6412843</id>
<title><![CDATA[Voices in the Dark (The Last Descendants, #2)]]></title>
<title_without_series>Voices in the Dark</title_without_series>
<link><![CDATA[https://www.goodreads.com/book/show/6412843-voices-in-the-dark]]></link>
<small_image_url><![CDATA[https://images.gr-assets.com/books/1320519707s/6412843.jpg]]></small_image_url>
<image_url><![CDATA[https://images.gr-assets.com/books/1320519707m/6412843.jpg]]></image_url>
<num_pages>464</num_pages>
<work>
<id>6601811</id>
</work>
<isbn>0375838775</isbn>
<isbn13>9780375838774</isbn13>
<average_rating>3.49</average_rating>
<ratings_count>181</ratings_count>
<publication_year>2009</publication_year>
<publication_month>9</publication_month>
<publication_day>22</publication_day>
<authors>
<author>
<id>1346062</id>
<name>Catherine Banner</name>
<link><![CDATA[https://www.goodreads.com/author/show/1346062.Catherine_Banner]]></link>
</author>
</authors>
</book>

          <book>
<id>7655716</id>
<title><![CDATA[The Curse of Deadman's Forest (Oracles of Delphi Keep, #2)]]></title>
<title_without_series>The Curse of Deadman&apos;s Forest</title_without_series>
<link><![CDATA[https://www.goodreads.com/book/show/7655716-the-curse-of-deadman-s-forest]]></link>
<small_image_url><![CDATA[https://s.gr-assets.com/assets/nophoto/book/50x75-a91bf249278a81aabab721ef782c4a74.png]]></small_image_url>
<image_url><![CDATA[https://s.gr-assets.com/assets/nophoto/book/111x148-bcc042a9c91a29c1d680899eff700a03.png]]></image_url>
<num_pages>426</num_pages>
<work>
<id>6922814</id>
</work>
<isbn>0385735731</isbn>
<isbn13>9780385735735</isbn13>
<average_rating>4.16</average_rating>
<ratings_count>935</ratings_count>
<publication_year></publication_year>
<publication_month></publication_month>
<publication_day></publication_day>
<authors>
<author>
<id>74488</id>
<name>Victoria Laurie</name>
<link><![CDATA[https://www.goodreads.com/author/show/74488.Victoria_Laurie]]></link>
</author>
</authors>
</book>

          <book>
<id>227903</id>
<title><![CDATA[Jinx On The Divide (The Divide, #3)]]></title>
<title_without_series>Jinx On The Divide</title_without_series>
<link><![CDATA[https://www.goodreads.com/book/show/227903.Jinx_On_The_Divide]]></link>
<small_image_url><![CDATA[https://images.gr-assets.com/books/1364589764s/227903.jpg]]></small_image_url>
<image_url><![CDATA[https://images.gr-assets.com/books/1364589764m/227903.jpg]]></image_url>
<num_pages>368</num_pages>
<work>
<id>220737</id>
</work>
<isbn>0439724554</isbn>
<isbn13>9780439724555</isbn13>
<average_rating>3.86</average_rating>
<ratings_count>1174</ratings_count>
<publication_year></publication_year>
<publication_month></publication_month>
<publication_day></publication_day>
<authors>
<author>
<id>133364</id>
<name>Elizabeth Kay</name>
<link><![CDATA[https://www.goodreads.com/author/show/133364.Elizabeth_Kay]]></link>
</author>
</authors>
</book>

          <book>
<id>1327767</id>
<title><![CDATA[The Day of the Djinn Warriors (Children of the Lamp, #4)]]></title>
<title_without_series>The Day of the Djinn Warriors</title_without_series>
<link><![CDATA[https://www.goodreads.com/book/show/1327767.The_Day_of_the_Djinn_Warriors]]></link>
<small_image_url><![CDATA[https://images.gr-assets.com/books/1328843467s/1327767.jpg]]></small_image_url>
<image_url><![CDATA[https://images.gr-assets.com/books/1328843467m/1327767.jpg]]></image_url>
<num_pages>400</num_pages>
<work>
<id>1317207</id>
</work>
<isbn>0439932149</isbn>
<isbn13>9780439932141</isbn13>
<average_rating>3.95</average_rating>
<ratings_count>5677</ratings_count>
<publication_year>2008</publication_year>
<publication_month>1</publication_month>
<publication_day>1</publication_day>
<authors>
<author>
<id>3155347</id>
<name>P.B. Kerr</name>
<link><![CDATA[https://www.goodreads.com/author/show/3155347.P_B_Kerr]]></link>
</author>
</authors>
</book>

          <book>
<id>6918087</id>
<title><![CDATA[Mostly Sunny with a Chance of Storms]]></title>
<title_without_series><![CDATA[Mostly Sunny with a Chance of Storms]]></title_without_series>
<link><![CDATA[https://www.goodreads.com/book/show/6918087-mostly-sunny-with-a-chance-of-storms]]></link>
<small_image_url><![CDATA[https://images.gr-assets.com/books/1328732748s/6918087.jpg]]></small_image_url>
<image_url><![CDATA[https://images.gr-assets.com/books/1328732748m/6918087.jpg]]></image_url>
<num_pages>288</num_pages>
<work>
<id>7145603</id>
</work>
<isbn>1741758599</isbn>
<isbn13>9781741758597</isbn13>
<average_rating>3.67</average_rating>
<ratings_count>222</ratings_count>
<publication_year>2010</publication_year>
<publication_month>7</publication_month>
<publication_day>20</publication_day>
<authors>
<author>
<id>417046</id>
<name>Marion Roberts</name>
<link><![CDATA[https://www.goodreads.com/author/show/417046.Marion_Roberts]]></link>
</author>
</authors>
</book>

          <book>
<id>7106816</id>
<title><![CDATA[The Brimstone Key (Grey Griffins: The Clockwork Chronicles, #1)]]></title>
<title_without_series>The Brimstone Key</title_without_series>
<link><![CDATA[https://www.goodreads.com/book/show/7106816-the-brimstone-key]]></link>
<small_image_url><![CDATA[https://images.gr-assets.com/books/1344269965s/7106816.jpg]]></small_image_url>
<image_url><![CDATA[https://images.gr-assets.com/books/1344269965m/7106816.jpg]]></image_url>
<num_pages></num_pages>
<work>
<id>7365519</id>
</work>
<isbn>0316045225</isbn>
<isbn13>9780316045223</isbn13>
<average_rating>3.86</average_rating>
<ratings_count>1361</ratings_count>
<publication_year></publication_year>
<publication_month></publication_month>
<publication_day></publication_day>
<authors>
<author>
<id>118848</id>
<name>Derek Benz</name>
<link><![CDATA[https://www.goodreads.com/author/show/118848.Derek_Benz]]></link>
</author>
</authors>
</book>

          <book>
<id>286136</id>
<title><![CDATA[Leven Thumps and the Whispered Secret (Leven Thumps, #2)]]></title>
<title_without_series><![CDATA[Leven Thumps and the Whispered Secret]]></title_without_series>
<link><![CDATA[https://www.goodreads.com/book/show/286136.Leven_Thumps_and_the_Whispered_Secret]]></link>
<small_image_url><![CDATA[https://images.gr-assets.com/books/1414559915s/286136.jpg]]></small_image_url>
<image_url><![CDATA[https://images.gr-assets.com/books/1414559915m/286136.jpg]]></image_url>
<num_pages>407</num_pages>
<work>
<id>2079565</id>
</work>
<isbn>1590384903</isbn>
<isbn13>9781590384909</isbn13>
<average_rating>3.90</average_rating>
<ratings_count>12316</ratings_count>
<publication_year>2006</publication_year>
<publication_month>10</publication_month>
<publication_day>1</publication_day>
<authors>
<author>
<id>125984</id>
<name>Obert Skye</name>
<link><![CDATA[https://www.goodreads.com/author/show/125984.Obert_Skye]]></link>
</author>
</authors>
</book>

          <book>
<id>3240083</id>
<title><![CDATA[Theodosia and the Staff of Osiris (Theodosia Throckmorton, #2)]]></title>
<title_without_series><![CDATA[Theodosia and the Staff of Osiris]]></title_without_series>
<link><![CDATA[https://www.goodreads.com/book/show/3240083-theodosia-and-the-staff-of-osiris]]></link>
<small_image_url><![CDATA[https://s.gr-assets.com/assets/nophoto/book/50x75-a91bf249278a81aabab721ef782c4a74.png]]></small_image_url>
<image_url><![CDATA[https://s.gr-assets.com/assets/nophoto/book/111x148-bcc042a9c91a29c1d680899eff700a03.png]]></image_url>
<num_pages>387</num_pages>
<work>
<id>3274768</id>
</work>
<isbn>0618927646</isbn>
<isbn13>9780618927647</isbn13>
<average_rating>4.07</average_rating>
<ratings_count>3004</ratings_count>
<publication_year>2007</publication_year>
<publication_month></publication_month>
<publication_day></publication_day>
<authors>
<author>
<id>180392</id>
<name>R.L. LaFevers</name>
<link><![CDATA[https://www.goodreads.com/author/show/180392.R_L_LaFevers]]></link>
</author>
</authors>
</book>

          <book>
<id>972188</id>
<title><![CDATA[The Monsters of Otherness (Erec Rex, #2)]]></title>
<title_without_series>The Monsters of Otherness</title_without_series>
<link><![CDATA[https://www.goodreads.com/book/show/972188.The_Monsters_of_Otherness]]></link>
<small_image_url><![CDATA[https://s.gr-assets.com/assets/nophoto/book/50x75-a91bf249278a81aabab721ef782c4a74.png]]></small_image_url>
<image_url><![CDATA[https://s.gr-assets.com/assets/nophoto/book/111x148-bcc042a9c91a29c1d680899eff700a03.png]]></image_url>
<num_pages>344</num_pages>
<work>
<id>957085</id>
</work>
<isbn>0978655575</isbn>
<isbn13>9780978655570</isbn13>
<average_rating>4.08</average_rating>
<ratings_count>3165</ratings_count>
<publication_year>2007</publication_year>
<publication_month>10</publication_month>
<publication_day>1</publication_day>
<authors>
<author>
<id>3624</id>
<name>Kaza Kingsley</name>
<link><![CDATA[https://www.goodreads.com/author/show/3624.Kaza_Kingsley]]></link>
</author>
</authors>
</book>

          <book>
<id>6745760</id>
<title><![CDATA[The Dragon in the Driveway (Dragon Keepers, #2)]]></title>
<title_without_series>The Dragon in the Driveway</title_without_series>
<link><![CDATA[https://www.goodreads.com/book/show/6745760-the-dragon-in-the-driveway]]></link>
<small_image_url><![CDATA[https://s.gr-assets.com/assets/nophoto/book/50x75-a91bf249278a81aabab721ef782c4a74.png]]></small_image_url>
<image_url><![CDATA[https://s.gr-assets.com/assets/nophoto/book/111x148-bcc042a9c91a29c1d680899eff700a03.png]]></image_url>
<num_pages></num_pages>
<work>
<id>6942154</id>
</work>
<isbn>0375855890</isbn>
<isbn13>9780375855894</isbn13>
<average_rating>4.04</average_rating>
<ratings_count>776</ratings_count>
<publication_year></publication_year>
<publication_month></publication_month>
<publication_day></publication_day>
<authors>
<author>
<id>73154</id>
<name>Kate Klimo</name>
<link><![CDATA[https://www.goodreads.com/author/show/73154.Kate_Klimo]]></link>
</author>
</authors>
</book>

          <book>
<id>2238093</id>
<title><![CDATA[A Giant Problem (Beyond the Spiderwick Chronicles, #2)]]></title>
<title_without_series>A Giant Problem</title_without_series>
<link><![CDATA[https://www.goodreads.com/book/show/2238093.A_Giant_Problem]]></link>
<small_image_url><![CDATA[https://images.gr-assets.com/books/1489466255s/2238093.jpg]]></small_image_url>
<image_url><![CDATA[https://images.gr-assets.com/books/1489466255m/2238093.jpg]]></image_url>
<num_pages>154</num_pages>
<work>
<id>3032766</id>
</work>
<isbn>0689871325</isbn>
<isbn13>9780689871320</isbn13>
<average_rating>3.83</average_rating>
<ratings_count>5596</ratings_count>
<publication_year>2008</publication_year>
<publication_month>9</publication_month>
<publication_day>16</publication_day>
<authors>
<author>
<id>25422</id>
<name>Holly Black</name>
<link><![CDATA[https://www.goodreads.com/author/show/25422.Holly_Black]]></link>
</author>
</authors>
</book>

          <book>
<id>555500</id>
<title><![CDATA[Peter and the Secret of Rundoon (Peter and the Starcatchers, #3)]]></title>
<title_without_series><![CDATA[Peter and the Secret of Rundoon]]></title_without_series>
<link><![CDATA[https://www.goodreads.com/book/show/555500.Peter_and_the_Secret_of_Rundoon]]></link>
<small_image_url><![CDATA[https://s.gr-assets.com/assets/nophoto/book/50x75-a91bf249278a81aabab721ef782c4a74.png]]></small_image_url>
<image_url><![CDATA[https://s.gr-assets.com/assets/nophoto/book/111x148-bcc042a9c91a29c1d680899eff700a03.png]]></image_url>
<num_pages>482</num_pages>
<work>
<id>2690582</id>
</work>
<isbn>0786837888</isbn>
<isbn13>9780786837885</isbn13>
<average_rating>4.16</average_rating>
<ratings_count>19309</ratings_count>
<publication_year></publication_year>
<publication_month></publication_month>
<publication_day></publication_day>
<authors>
<author>
<id>6245</id>
<name>Dave Barry</name>
<link><![CDATA[https://www.goodreads.com/author/show/6245.Dave_Barry]]></link>
</author>
</authors>
</book>

  </similar_books>
</book>

</GoodreadsResponse>