<?xml version="1.0" encoding="UTF-8"?>
<GoodreadsResponse>
  <Request>
    <authentication>true</authentication>
      <key><![CDATA[all_men_must_serve]]></key>
    <method><![CDATA[book_show]]></method>
  </Request>
  <book>
  <id>10619</id>
  <title>Rose Madder</title>
  <isbn><![CDATA[0340640146]]></isbn>
  <isbn13><![CDATA[9780340640142]]></isbn13>
  <asin><![CDATA[]]></asin>
  <kindle_asin><![CDATA[B003BKZW54]]></kindle_asin>
  <marketplace_id><![CDATA[A1F83G8C2ARO7P]]></marketplace_id>
  <country_code><![CDATA[GB]]></country_code>
  <image_url>https://images.gr-assets.com/books/1375870513m/10619.jpg</image_url>
  <small_image_url>https://images.gr-assets.com/books/1375870513s/10619.jpg</small_image_url>
  <publication_year>1995</publication_year>
  <publication_month></publication_month>
  <publication_day></publication_day>
  <publisher>Hodder and Stoughton</publisher>
  <language_code>eng</language_code>
  <is_ebook>false</is_ebook>
  <description><![CDATA[<i>Alternate cover for this ISBN can be found <a href="https://www.goodreads.com/book/show/32570873-rose-madder" rel="nofollow">here</a></i><br /><br />Roused by a single drop of blood, Rosie Daniels wakes up to the chilling realisation that her husband is going to kill her. And she takes flight - with his credit card. <br /><br />Alone in a strange city, Rosie begins to build a new life: she meets Bill Steiner and she finds an odd junk shop painting, 'Rose Madder', which strangely seems to want her as much as she wants it. <br /><br />But it's hard for Rosie not to keep looking over her shoulder. Rose-maddened and on the rampage, Norman is a corrupt cop with a dog's instinct for tracking people. And he's getting close. Rosie can feel just how close he's getting...]]></description>
  <work>
  <id type="integer">833191</id>
  <books_count type="integer">41</books_count>
  <best_book_id type="integer">10619</best_book_id>
  <reviews_count type="integer">112885</reviews_count>
  <ratings_sum type="integer">279352</ratings_sum>
  <ratings_count type="integer">76295</ratings_count>
  <text_reviews_count type="integer">1716</text_reviews_count>
  <original_publication_year type="integer">1995</original_publication_year>
  <original_publication_month type="integer">6</original_publication_month>
  <original_publication_day type="integer" nil="true"/>
  <original_title>Rose Madder</original_title>
  <original_language_id type="integer" nil="true"/>
  <media_type>book</media_type>
  <rating_dist>5:19966|4:22717|3:23494|2:8054|1:2064|total:76295</rating_dist>
  <desc_user_id type="integer">52810454</desc_user_id>
  <default_chaptering_book_id type="integer" nil="true"/>
  <default_description_language_code nil="true"/>
</work>
  <average_rating>3.66</average_rating>
  <num_pages><![CDATA[608]]></num_pages>
  <format><![CDATA[Paperback]]></format>
  <edition_information><![CDATA[]]></edition_information>
  <ratings_count><![CDATA[70961]]></ratings_count>
  <text_reviews_count><![CDATA[1252]]></text_reviews_count>
  <url><![CDATA[https://www.goodreads.com/book/show/10619.Rose_Madder]]></url>
  <link><![CDATA[https://www.goodreads.com/book/show/10619.Rose_Madder]]></link>
  <authors>
<author>
<id>3389</id>
<name>Stephen King</name>
<role></role>
<image_url nophoto='false'>
<![CDATA[https://images.gr-assets.com/authors/1362814142p5/3389.jpg]]>
</image_url>
<small_image_url nophoto='false'>
<![CDATA[https://images.gr-assets.com/authors/1362814142p2/3389.jpg]]>
</small_image_url>
<link><![CDATA[https://www.goodreads.com/author/show/3389.Stephen_King]]></link>
<average_rating>4.01</average_rating>
<ratings_count>10357276</ratings_count>
<text_reviews_count>349176</text_reviews_count>
</author>
</authors>

    <reviews_widget>
      <![CDATA[
        <style>
  #goodreads-widget {
    font-family: georgia, serif;
    padding: 18px 0;
    width:565px;
  }
  #goodreads-widget h1 {
    font-weight:normal;
    font-size: 16px;
    border-bottom: 1px solid #BBB596;
    margin-bottom: 0;
  }
  #goodreads-widget a {
    text-decoration: none;
    color:#660;
  }
  iframe{
    background-color: #fff;
  }
  #goodreads-widget a:hover { text-decoration: underline; }
  #goodreads-widget a:active {
    color:#660;
  }
  #gr_footer {
    width: 100%;
    border-top: 1px solid #BBB596;
    text-align: right;
  }
  #goodreads-widget .gr_branding{
    color: #382110;
    font-size: 11px;
    text-decoration: none;
    font-family: "Helvetica Neue", Helvetica, Arial, sans-serif;
  }
</style>
<div id="goodreads-widget">
  <div id="gr_header"><h1><a rel="nofollow" href="https://www.goodreads.com/book/show/10619.Rose_Madder">Rose Madder Reviews</a></h1></div>
  <iframe id="the_iframe" src="https://www.goodreads.com/api/reviews_widget_iframe?did=DEVELOPER_ID&amp;format=html&amp;isbn=0340640146&amp;links=660&amp;min_rating=&amp;review_back=fff&amp;stars=000&amp;text=000" width="565" height="400" frameborder="0"></iframe>
  <div id="gr_footer">
    <a class="gr_branding" target="_blank" rel="nofollow" href="https://www.goodreads.com/book/show/10619.Rose_Madder?utm_medium=api&amp;utm_source=reviews_widget">Reviews from Goodreads.com</a>
  </div>
</div>

      ]]>
    </reviews_widget>
  <popular_shelves>
      <shelf name="to-read" count="24184"/>
      <shelf name="horror" count="1816"/>
      <shelf name="stephen-king" count="1472"/>
      <shelf name="fiction" count="703"/>
      <shelf name="currently-reading" count="608"/>
      <shelf name="owned" count="308"/>
      <shelf name="favorites" count="289"/>
      <shelf name="thriller" count="243"/>
      <shelf name="books-i-own" count="233"/>
      <shelf name="king" count="231"/>
      <shelf name="fantasy" count="205"/>
      <shelf name="default" count="199"/>
      <shelf name="owned-books" count="92"/>
      <shelf name="supernatural" count="68"/>
      <shelf name="suspense" count="67"/>
      <shelf name="paranormal" count="60"/>
      <shelf name="my-library" count="57"/>
      <shelf name="my-books" count="56"/>
      <shelf name="library" count="52"/>
      <shelf name="mystery" count="47"/>
      <shelf name="horror-thriller" count="46"/>
      <shelf name="novels" count="44"/>
      <shelf name="adult" count="42"/>
      <shelf name="king-stephen" count="40"/>
      <shelf name="the-king" count="33"/>
      <shelf name="ebook" count="31"/>
      <shelf name="have" count="30"/>
      <shelf name="i-own" count="30"/>
      <shelf name="thrillers" count="30"/>
      <shelf name="ebooks" count="29"/>
      <shelf name="stories" count="28"/>
      <shelf name="kindle" count="27"/>
      <shelf name="psychological" count="26"/>
      <shelf name="art" count="25"/>
      <shelf name="ghost" count="25"/>
      <shelf name="revenge" count="25"/>
      <shelf name="audiobook" count="24"/>
      <shelf name="horror-suspense" count="24"/>
      <shelf name="love" count="23"/>
      <shelf name="to-buy" count="22"/>
      <shelf name="novel" count="22"/>
      <shelf name="s-king" count="21"/>
      <shelf name="runaway" count="21"/>
      <shelf name="general-fiction" count="21"/>
      <shelf name="favourites" count="21"/>
      <shelf name="tales" count="20"/>
      <shelf name="wives" count="20"/>
      <shelf name="contemporary" count="20"/>
      <shelf name="own-it" count="20"/>
      <shelf name="adult-fiction" count="20"/>
      <shelf name="stephenking" count="20"/>
      <shelf name="books" count="19"/>
      <shelf name="english" count="19"/>
      <shelf name="home-library" count="19"/>
      <shelf name="american" count="19"/>
      <shelf name="drama" count="19"/>
      <shelf name="general" count="18"/>
      <shelf name="audiobooks" count="18"/>
      <shelf name="dark-tower" count="18"/>
      <shelf name="suspense-thriller" count="18"/>
      <shelf name="crime" count="17"/>
      <shelf name="audio" count="17"/>
      <shelf name="scary" count="17"/>
      <shelf name="hardcover" count="17"/>
      <shelf name="mystery-thriller" count="17"/>
      <shelf name="fiction-horror" count="17"/>
      <shelf name="calibre" count="16"/>
      <shelf name="stephen-king-books" count="16"/>
      <shelf name="abuse" count="16"/>
      <shelf name="wish-list" count="16"/>
      <shelf name="re-read" count="15"/>
      <shelf name="e-books" count="15"/>
      <shelf name="science-fiction" count="15"/>
      <shelf name="finished" count="15"/>
      <shelf name="sk" count="14"/>
      <shelf name="paperback" count="13"/>
      <shelf name="unread" count="13"/>
      <shelf name="sci-fi-fantasy" count="13"/>
      <shelf name="mine" count="13"/>
      <shelf name="read-in-2015" count="12"/>
      <shelf name="terror" count="12"/>
      <shelf name="bookshelf" count="12"/>
      <shelf name="stephen-king-to-read" count="12"/>
      <shelf name="horror-supernatural" count="12"/>
      <shelf name="mythology" count="12"/>
      <shelf name="audio-books" count="12"/>
      <shelf name="sci-fi" count="12"/>
      <shelf name="favorite-authors" count="12"/>
      <shelf name="suspense-horror" count="12"/>
      <shelf name="horror-fiction" count="12"/>
      <shelf name="stephen-king-collection" count="11"/>
      <shelf name="steven-king" count="11"/>
      <shelf name="contemporary-fiction" count="11"/>
      <shelf name="own-to-read" count="11"/>
      <shelf name="stephen-king-read" count="11"/>
      <shelf name="to-read-owned" count="10"/>
      <shelf name="usa" count="10"/>
      <shelf name="first-edition" count="10"/>
      <shelf name="my-collection" count="10"/>
      <shelf name="other" count="10"/>
  </popular_shelves>
  <book_links>
    <book_link>
  <id>8</id>
  <name>Libraries</name>
  <link>https://www.goodreads.com/book_link/follow/8</link>
</book_link>

  </book_links>
  <buy_links>
    <buy_link>
<id>1</id>
<name>Amazon</name>
<link>https://www.goodreads.com/book_link/follow/1</link>
</buy_link>
<buy_link>
<id>10</id>
<name>Audible</name>
<link>https://www.goodreads.com/book_link/follow/10</link>
</buy_link>
<buy_link>
<id>3</id>
<name>Barnes &amp; Noble</name>
<link>https://www.goodreads.com/book_link/follow/3</link>
</buy_link>
<buy_link>
<id>1027</id>
<name>Kobo</name>
<link>https://www.goodreads.com/book_link/follow/1027</link>
</buy_link>
<buy_link>
<id>2102</id>
<name>Apple iBooks</name>
<link>https://www.goodreads.com/book_link/follow/2102</link>
</buy_link>
<buy_link>
<id>8036</id>
<name>Google Play</name>
<link>https://www.goodreads.com/book_link/follow/8036</link>
</buy_link>
<buy_link>
<id>4</id>
<name>Abebooks</name>
<link>https://www.goodreads.com/book_link/follow/4</link>
</buy_link>
<buy_link>
<id>882</id>
<name>Book Depository</name>
<link>https://www.goodreads.com/book_link/follow/882</link>
</buy_link>
<buy_link>
<id>9</id>
<name>Indigo</name>
<link>https://www.goodreads.com/book_link/follow/9</link>
</buy_link>
<buy_link>
<id>2</id>
<name>Half.com</name>
<link>https://www.goodreads.com/book_link/follow/2</link>
</buy_link>
<buy_link>
<id>5</id>
<name>Alibris</name>
<link>https://www.goodreads.com/book_link/follow/5</link>
</buy_link>
<buy_link>
<id>107</id>
<name>Better World Books</name>
<link>https://www.goodreads.com/book_link/follow/107</link>
</buy_link>
<buy_link>
<id>7</id>
<name>IndieBound</name>
<link>https://www.goodreads.com/book_link/follow/7</link>
</buy_link>

  </buy_links>
  <series_works>
    
  </series_works>
  <similar_books>
          <book>
<id>349473</id>
<title>Blaze</title>
<title_without_series>Blaze</title_without_series>
<link><![CDATA[https://www.goodreads.com/book/show/349473.Blaze]]></link>
<small_image_url><![CDATA[https://s.gr-assets.com/assets/nophoto/book/50x75-a91bf249278a81aabab721ef782c4a74.png]]></small_image_url>
<image_url><![CDATA[https://s.gr-assets.com/assets/nophoto/book/111x148-bcc042a9c91a29c1d680899eff700a03.png]]></image_url>
<num_pages>285</num_pages>
<work>
<id>1322982</id>
</work>
<isbn>141655484X</isbn>
<isbn13>9781416554844</isbn13>
<average_rating>3.66</average_rating>
<ratings_count>30161</ratings_count>
<publication_year></publication_year>
<publication_month></publication_month>
<publication_day></publication_day>
<authors>
<author>
<id>5858</id>
<name>Richard Bachman</name>
<link><![CDATA[https://www.goodreads.com/author/show/5858.Richard_Bachman]]></link>
</author>
</authors>
</book>

          <book>
<id>11532</id>
<title>Night Visions 5</title>
<title_without_series>Night Visions 5</title_without_series>
<link><![CDATA[https://www.goodreads.com/book/show/11532.Night_Visions_5]]></link>
<small_image_url><![CDATA[https://images.gr-assets.com/books/1289330105s/11532.jpg]]></small_image_url>
<image_url><![CDATA[https://images.gr-assets.com/books/1289330105m/11532.jpg]]></image_url>
<num_pages>274</num_pages>
<work>
<id>88730</id>
</work>
<isbn>0913165328</isbn>
<isbn13>9780913165324</isbn13>
<average_rating>3.90</average_rating>
<ratings_count>1362</ratings_count>
<publication_year>1988</publication_year>
<publication_month>5</publication_month>
<publication_day></publication_day>
<authors>
<author>
<id>18351</id>
<name>Douglas E. Winter</name>
<link><![CDATA[https://www.goodreads.com/author/show/18351.Douglas_E_Winter]]></link>
</author>
</authors>
</book>

          <book>
<id>32434</id>
<title>Mr. Murder</title>
<title_without_series>Mr. Murder</title_without_series>
<link><![CDATA[https://www.goodreads.com/book/show/32434.Mr_Murder]]></link>
<small_image_url><![CDATA[https://s.gr-assets.com/assets/nophoto/book/50x75-a91bf249278a81aabab721ef782c4a74.png]]></small_image_url>
<image_url><![CDATA[https://s.gr-assets.com/assets/nophoto/book/111x148-bcc042a9c91a29c1d680899eff700a03.png]]></image_url>
<num_pages>493</num_pages>
<work>
<id>944284</id>
</work>
<isbn>0425210758</isbn>
<isbn13>9780425210758</isbn13>
<average_rating>3.72</average_rating>
<ratings_count>20746</ratings_count>
<publication_year>2006</publication_year>
<publication_month>7</publication_month>
<publication_day>5</publication_day>
<authors>
<author>
<id>9355</id>
<name>Dean Koontz</name>
<link><![CDATA[https://www.goodreads.com/author/show/9355.Dean_Koontz]]></link>
</author>
</authors>
</book>

          <book>
<id>11548</id>
<title>Mine</title>
<title_without_series>Mine</title_without_series>
<link><![CDATA[https://www.goodreads.com/book/show/11548.Mine]]></link>
<small_image_url><![CDATA[https://images.gr-assets.com/books/1340796884s/11548.jpg]]></small_image_url>
<image_url><![CDATA[https://images.gr-assets.com/books/1340796884m/11548.jpg]]></image_url>
<num_pages>496</num_pages>
<work>
<id>16692628</id>
</work>
<isbn>0671739441</isbn>
<isbn13>9780671739447</isbn13>
<average_rating>3.87</average_rating>
<ratings_count>7813</ratings_count>
<publication_year>1991</publication_year>
<publication_month>5</publication_month>
<publication_day>1</publication_day>
<authors>
<author>
<id>5244478</id>
<name>Robert McCammon</name>
<link><![CDATA[https://www.goodreads.com/author/show/5244478.Robert_McCammon]]></link>
</author>
</authors>
</book>

          <book>
<id>65505</id>
<title>The Hellfire Club</title>
<title_without_series>The Hellfire Club</title_without_series>
<link><![CDATA[https://www.goodreads.com/book/show/65505.The_Hellfire_Club]]></link>
<small_image_url><![CDATA[https://s.gr-assets.com/assets/nophoto/book/50x75-a91bf249278a81aabab721ef782c4a74.png]]></small_image_url>
<image_url><![CDATA[https://s.gr-assets.com/assets/nophoto/book/111x148-bcc042a9c91a29c1d680899eff700a03.png]]></image_url>
<num_pages>544</num_pages>
<work>
<id>2712501</id>
</work>
<isbn>0345477278</isbn>
<isbn13>9780345477279</isbn13>
<average_rating>3.75</average_rating>
<ratings_count>5738</ratings_count>
<publication_year>2004</publication_year>
<publication_month>9</publication_month>
<publication_day>28</publication_day>
<authors>
<author>
<id>6941</id>
<name>Peter Straub</name>
<link><![CDATA[https://www.goodreads.com/author/show/6941.Peter_Straub]]></link>
</author>
</authors>
</book>

          <book>
<id>43613</id>
<title><![CDATA[Stephen King's The Dark Tower: The Complete Concordance]]></title>
<title_without_series><![CDATA[Stephen King's The Dark Tower: The Complete Concordance]]></title_without_series>
<link><![CDATA[https://www.goodreads.com/book/show/43613.Stephen_King_s_The_Dark_Tower]]></link>
<small_image_url><![CDATA[https://s.gr-assets.com/assets/nophoto/book/50x75-a91bf249278a81aabab721ef782c4a74.png]]></small_image_url>
<image_url><![CDATA[https://s.gr-assets.com/assets/nophoto/book/111x148-bcc042a9c91a29c1d680899eff700a03.png]]></image_url>
<num_pages>609</num_pages>
<work>
<id>43037</id>
</work>
<isbn>0743297342</isbn>
<isbn13>9780743297349</isbn13>
<average_rating>4.32</average_rating>
<ratings_count>7686</ratings_count>
<publication_year>2006</publication_year>
<publication_month>12</publication_month>
<publication_day>5</publication_day>
<authors>
<author>
<id>3470</id>
<name>Robin Furth</name>
<link><![CDATA[https://www.goodreads.com/author/show/3470.Robin_Furth]]></link>
</author>
</authors>
</book>

          <book>
<id>609731</id>
<title>The Association</title>
<title_without_series>The Association</title_without_series>
<link><![CDATA[https://www.goodreads.com/book/show/609731.The_Association]]></link>
<small_image_url><![CDATA[https://images.gr-assets.com/books/1309285921s/609731.jpg]]></small_image_url>
<image_url><![CDATA[https://images.gr-assets.com/books/1309285921m/609731.jpg]]></image_url>
<num_pages>438</num_pages>
<work>
<id>596214</id>
</work>
<isbn>0451204123</isbn>
<isbn13>9780451204127</isbn13>
<average_rating>3.88</average_rating>
<ratings_count>3975</ratings_count>
<publication_year>2001</publication_year>
<publication_month>9</publication_month>
<publication_day>1</publication_day>
<authors>
<author>
<id>2998</id>
<name>Bentley Little</name>
<link><![CDATA[https://www.goodreads.com/author/show/2998.Bentley_Little]]></link>
</author>
</authors>
</book>

          <book>
<id>929901</id>
<title>48</title>
<title_without_series>48</title_without_series>
<link><![CDATA[https://www.goodreads.com/book/show/929901.48]]></link>
<small_image_url><![CDATA[https://s.gr-assets.com/assets/nophoto/book/50x75-a91bf249278a81aabab721ef782c4a74.png]]></small_image_url>
<image_url><![CDATA[https://s.gr-assets.com/assets/nophoto/book/111x148-bcc042a9c91a29c1d680899eff700a03.png]]></image_url>
<num_pages>336</num_pages>
<work>
<id>914892</id>
</work>
<isbn>2258049040</isbn>
<isbn13>9782258049048</isbn13>
<average_rating>3.73</average_rating>
<ratings_count>2431</ratings_count>
<publication_year>1999</publication_year>
<publication_month></publication_month>
<publication_day></publication_day>
<authors>
<author>
<id>80984</id>
<name>James Herbert</name>
<link><![CDATA[https://www.goodreads.com/author/show/80984.James_Herbert]]></link>
</author>
</authors>
</book>

          <book>
<id>32639</id>
<title>Sacrament</title>
<title_without_series>Sacrament</title_without_series>
<link><![CDATA[https://www.goodreads.com/book/show/32639.Sacrament]]></link>
<small_image_url><![CDATA[https://images.gr-assets.com/books/1456110943s/32639.jpg]]></small_image_url>
<image_url><![CDATA[https://images.gr-assets.com/books/1456110943m/32639.jpg]]></image_url>
<num_pages>594</num_pages>
<work>
<id>2637244</id>
</work>
<isbn>0006482643</isbn>
<isbn13>9780006482642</isbn13>
<average_rating>3.73</average_rating>
<ratings_count>4013</ratings_count>
<publication_year>1997</publication_year>
<publication_month>5</publication_month>
<publication_day>1</publication_day>
<authors>
<author>
<id>10366</id>
<name>Clive Barker</name>
<link><![CDATA[https://www.goodreads.com/author/show/10366.Clive_Barker]]></link>
</author>
</authors>
</book>

          <book>
<id>348599</id>
<title><![CDATA[The Girl Who Loved Tom Gordon: A Pop-up Book]]></title>
<title_without_series><![CDATA[The Girl Who Loved Tom Gordon: A Pop-up Book]]></title_without_series>
<link><![CDATA[https://www.goodreads.com/book/show/348599.The_Girl_Who_Loved_Tom_Gordon]]></link>
<small_image_url><![CDATA[https://s.gr-assets.com/assets/nophoto/book/50x75-a91bf249278a81aabab721ef782c4a74.png]]></small_image_url>
<image_url><![CDATA[https://s.gr-assets.com/assets/nophoto/book/111x148-bcc042a9c91a29c1d680899eff700a03.png]]></image_url>
<num_pages>16</num_pages>
<work>
<id>49994379</id>
</work>
<isbn>0689862725</isbn>
<isbn13>9780689862724</isbn13>
<average_rating>4.00</average_rating>
<ratings_count>2695</ratings_count>
<publication_year>2004</publication_year>
<publication_month>10</publication_month>
<publication_day>12</publication_day>
<authors>
<author>
<id>607</id>
<name>Peter Abrahams</name>
<link><![CDATA[https://www.goodreads.com/author/show/607.Peter_Abrahams]]></link>
</author>
</authors>
</book>

          <book>
<id>760312</id>
<title>Hellfire</title>
<title_without_series>Hellfire</title_without_series>
<link><![CDATA[https://www.goodreads.com/book/show/760312.Hellfire]]></link>
<small_image_url><![CDATA[https://s.gr-assets.com/assets/nophoto/book/50x75-a91bf249278a81aabab721ef782c4a74.png]]></small_image_url>
<image_url><![CDATA[https://s.gr-assets.com/assets/nophoto/book/111x148-bcc042a9c91a29c1d680899eff700a03.png]]></image_url>
<num_pages>344</num_pages>
<work>
<id>492174</id>
</work>
<isbn>0553258648</isbn>
<isbn13>9780553258646</isbn13>
<average_rating>3.81</average_rating>
<ratings_count>2667</ratings_count>
<publication_year>1986</publication_year>
<publication_month>8</publication_month>
<publication_day></publication_day>
<authors>
<author>
<id>4387</id>
<name>John Saul</name>
<link><![CDATA[https://www.goodreads.com/author/show/4387.John_Saul]]></link>
</author>
</authors>
</book>

          <book>
<id>25553227</id>
<title>Shadowfires</title>
<title_without_series>Shadowfires</title_without_series>
<link><![CDATA[https://www.goodreads.com/book/show/25553227-shadowfires]]></link>
<small_image_url><![CDATA[https://images.gr-assets.com/books/1445119878s/25553227.jpg]]></small_image_url>
<image_url><![CDATA[https://images.gr-assets.com/books/1445119878m/25553227.jpg]]></image_url>
<num_pages>436</num_pages>
<work>
<id>442704</id>
</work>
<isbn>0380752136</isbn>
<isbn13></isbn13>
<average_rating>3.77</average_rating>
<ratings_count>11669</ratings_count>
<publication_year>1987</publication_year>
<publication_month>2</publication_month>
<publication_day></publication_day>
<authors>
<author>
<id>215502</id>
<name>Leigh Nichols</name>
<link><![CDATA[https://www.goodreads.com/author/show/215502.Leigh_Nichols]]></link>
</author>
</authors>
</book>

  </similar_books>
</book>

</GoodreadsResponse>