<?xml version="1.0" encoding="UTF-8"?>
<GoodreadsResponse>
  <Request>
    <authentication>true</authentication>
      <key><![CDATA[all_men_must_serve]]></key>
    <method><![CDATA[book_show]]></method>
  </Request>
  <book>
  <id>10626594</id>
  <title>The Scorpio Races</title>
  <isbn><![CDATA[054522490X]]></isbn>
  <isbn13><![CDATA[9780545224901]]></isbn13>
  <asin><![CDATA[]]></asin>
  <kindle_asin><![CDATA[B0069M1KD4]]></kindle_asin>
  <marketplace_id><![CDATA[A1F83G8C2ARO7P]]></marketplace_id>
  <country_code><![CDATA[GB]]></country_code>
  <image_url>https://images.gr-assets.com/books/1461209661m/10626594.jpg</image_url>
  <small_image_url>https://images.gr-assets.com/books/1461209661s/10626594.jpg</small_image_url>
  <publication_year>2011</publication_year>
  <publication_month>10</publication_month>
  <publication_day>18</publication_day>
  <publisher>Scholastic Press</publisher>
  <language_code>eng</language_code>
  <is_ebook>false</is_ebook>
  <description><![CDATA[It happens at the start of every November: the Scorpio Races. Riders attempt to keep hold of their water horses long enough to make it to the finish line. Some riders live. Others die.<br /><br />At age nineteen, Sean Kendrick is the returning champion. He is a young man of few words, and if he has any fears, he keeps them buried deep, where no one else can see them.<br /><br />Puck Connolly is different. She never meant to ride in the Scorpio Races. But fate hasn’t given her much of a chance. So she enters the competition — the first girl ever to do so. She is in no way prepared for what is going to happen.]]></description>
  <work>
  <id type="integer">15535056</id>
  <books_count type="integer">47</books_count>
  <best_book_id type="integer">10626594</best_book_id>
  <reviews_count type="integer">157432</reviews_count>
  <ratings_sum type="integer">311175</ratings_sum>
  <ratings_count type="integer">76273</ratings_count>
  <text_reviews_count type="integer">10429</text_reviews_count>
  <original_publication_year type="integer">2011</original_publication_year>
  <original_publication_month type="integer">10</original_publication_month>
  <original_publication_day type="integer">18</original_publication_day>
  <original_title>The Scorpio Races</original_title>
  <original_language_id type="integer" nil="true"/>
  <media_type>book</media_type>
  <rating_dist>5:32972|4:24726|3:12421|2:3994|1:2160|total:76273</rating_dist>
  <desc_user_id type="integer">5136858</desc_user_id>
  <default_chaptering_book_id type="integer" nil="true"/>
  <default_description_language_code nil="true"/>
</work>
  <average_rating>4.08</average_rating>
  <num_pages><![CDATA[409]]></num_pages>
  <format><![CDATA[Hardcover]]></format>
  <edition_information><![CDATA[]]></edition_information>
  <ratings_count><![CDATA[70375]]></ratings_count>
  <text_reviews_count><![CDATA[8842]]></text_reviews_count>
  <url><![CDATA[https://www.goodreads.com/book/show/10626594-the-scorpio-races]]></url>
  <link><![CDATA[https://www.goodreads.com/book/show/10626594-the-scorpio-races]]></link>
  <authors>
<author>
<id>1330292</id>
<name>Maggie Stiefvater</name>
<role></role>
<image_url nophoto='false'>
<![CDATA[https://images.gr-assets.com/authors/1460918410p5/1330292.jpg]]>
</image_url>
<small_image_url nophoto='false'>
<![CDATA[https://images.gr-assets.com/authors/1460918410p2/1330292.jpg]]>
</small_image_url>
<link><![CDATA[https://www.goodreads.com/author/show/1330292.Maggie_Stiefvater]]></link>
<average_rating>3.96</average_rating>
<ratings_count>1110808</ratings_count>
<text_reviews_count>104966</text_reviews_count>
</author>
</authors>

    <reviews_widget>
      <![CDATA[
        <style>
  #goodreads-widget {
    font-family: georgia, serif;
    padding: 18px 0;
    width:565px;
  }
  #goodreads-widget h1 {
    font-weight:normal;
    font-size: 16px;
    border-bottom: 1px solid #BBB596;
    margin-bottom: 0;
  }
  #goodreads-widget a {
    text-decoration: none;
    color:#660;
  }
  iframe{
    background-color: #fff;
  }
  #goodreads-widget a:hover { text-decoration: underline; }
  #goodreads-widget a:active {
    color:#660;
  }
  #gr_footer {
    width: 100%;
    border-top: 1px solid #BBB596;
    text-align: right;
  }
  #goodreads-widget .gr_branding{
    color: #382110;
    font-size: 11px;
    text-decoration: none;
    font-family: "Helvetica Neue", Helvetica, Arial, sans-serif;
  }
</style>
<div id="goodreads-widget">
  <div id="gr_header"><h1><a rel="nofollow" href="https://www.goodreads.com/book/show/10626594-the-scorpio-races">The Scorpio Races Reviews</a></h1></div>
  <iframe id="the_iframe" src="https://www.goodreads.com/api/reviews_widget_iframe?did=DEVELOPER_ID&amp;format=html&amp;isbn=054522490X&amp;links=660&amp;min_rating=&amp;review_back=fff&amp;stars=000&amp;text=000" width="565" height="400" frameborder="0"></iframe>
  <div id="gr_footer">
    <a class="gr_branding" target="_blank" rel="nofollow" href="https://www.goodreads.com/book/show/10626594-the-scorpio-races?utm_medium=api&amp;utm_source=reviews_widget">Reviews from Goodreads.com</a>
  </div>
</div>

      ]]>
    </reviews_widget>
  <popular_shelves>
      <shelf name="to-read" count="25249"/>
      <shelf name="fantasy" count="3338"/>
      <shelf name="young-adult" count="2678"/>
      <shelf name="ya" count="1659"/>
      <shelf name="currently-reading" count="1426"/>
      <shelf name="favorites" count="1250"/>
      <shelf name="romance" count="690"/>
      <shelf name="books-i-own" count="571"/>
      <shelf name="fiction" count="466"/>
      <shelf name="mythology" count="394"/>
      <shelf name="owned" count="322"/>
      <shelf name="paranormal" count="314"/>
      <shelf name="audiobook" count="308"/>
      <shelf name="favourites" count="270"/>
      <shelf name="teen" count="232"/>
      <shelf name="ya-fantasy" count="232"/>
      <shelf name="audiobooks" count="228"/>
      <shelf name="adventure" count="208"/>
      <shelf name="kindle" count="193"/>
      <shelf name="audio" count="191"/>
      <shelf name="horses" count="189"/>
      <shelf name="stand-alone" count="185"/>
      <shelf name="library" count="169"/>
      <shelf name="animals" count="167"/>
      <shelf name="read-in-2012" count="162"/>
      <shelf name="ya-fiction" count="139"/>
      <shelf name="dnf" count="124"/>
      <shelf name="to-buy" count="124"/>
      <shelf name="owned-books" count="111"/>
      <shelf name="wish-list" count="109"/>
      <shelf name="ebook" count="106"/>
      <shelf name="magic" count="105"/>
      <shelf name="urban-fantasy" count="104"/>
      <shelf name="supernatural" count="102"/>
      <shelf name="maggie-stiefvater" count="102"/>
      <shelf name="standalone" count="97"/>
      <shelf name="read-in-2015" count="94"/>
      <shelf name="read-in-2013" count="94"/>
      <shelf name="magical-realism" count="94"/>
      <shelf name="young-adult-fiction" count="92"/>
      <shelf name="all-time-favorites" count="91"/>
      <shelf name="book-club" count="90"/>
      <shelf name="reviewed" count="89"/>
      <shelf name="audio-books" count="87"/>
      <shelf name="i-own" count="87"/>
      <shelf name="dystopian" count="87"/>
      <shelf name="printz" count="86"/>
      <shelf name="favorite-books" count="81"/>
      <shelf name="read-in-2014" count="77"/>
      <shelf name="stand-alones" count="77"/>
      <shelf name="did-not-finish" count="77"/>
      <shelf name="5-stars" count="76"/>
      <shelf name="favorite" count="75"/>
      <shelf name="ebooks" count="72"/>
      <shelf name="audio-book" count="72"/>
      <shelf name="ya-books" count="71"/>
      <shelf name="ya-lit" count="71"/>
      <shelf name="maybe" count="71"/>
      <shelf name="read-in-2016" count="68"/>
      <shelf name="signed" count="68"/>
      <shelf name="arc" count="68"/>
      <shelf name="read-in-2011" count="65"/>
      <shelf name="dystopia" count="64"/>
      <shelf name="teen-fiction" count="61"/>
      <shelf name="abandoned" count="59"/>
      <shelf name="sci-fi-fantasy" count="59"/>
      <shelf name="read-2012" count="57"/>
      <shelf name="made-me-cry" count="56"/>
      <shelf name="coming-of-age" count="54"/>
      <shelf name="fantasy-sci-fi" count="53"/>
      <shelf name="family" count="52"/>
      <shelf name="tbr" count="50"/>
      <shelf name="re-read" count="47"/>
      <shelf name="read-2016" count="46"/>
      <shelf name="4-stars" count="46"/>
      <shelf name="2012-reads" count="45"/>
      <shelf name="own-it" count="45"/>
      <shelf name="read-2015" count="44"/>
      <shelf name="action" count="44"/>
      <shelf name="young-adult-fantasy" count="44"/>
      <shelf name="standalones" count="43"/>
      <shelf name="recommended" count="43"/>
      <shelf name="my-books" count="42"/>
      <shelf name="read-2013" count="41"/>
      <shelf name="e-book" count="40"/>
      <shelf name="faves" count="40"/>
      <shelf name="contemporary" count="40"/>
      <shelf name="tbr-pile" count="40"/>
      <shelf name="loved" count="39"/>
      <shelf name="unfinished" count="39"/>
      <shelf name="my-library" count="39"/>
      <shelf name="didn-t-finish" count="38"/>
      <shelf name="on-hold" count="38"/>
      <shelf name="youngadult" count="38"/>
      <shelf name="library-books" count="36"/>
      <shelf name="read-2014" count="35"/>
      <shelf name="audible" count="35"/>
      <shelf name="love" count="35"/>
      <shelf name="2013-reads" count="34"/>
      <shelf name="action-adventure" count="34"/>
  </popular_shelves>
  <book_links>
    <book_link>
  <id>8</id>
  <name>Libraries</name>
  <link>https://www.goodreads.com/book_link/follow/8</link>
</book_link>

  </book_links>
  <buy_links>
    <buy_link>
<id>1</id>
<name>Amazon</name>
<link>https://www.goodreads.com/book_link/follow/1</link>
</buy_link>
<buy_link>
<id>10</id>
<name>Audible</name>
<link>https://www.goodreads.com/book_link/follow/10</link>
</buy_link>
<buy_link>
<id>3</id>
<name>Barnes &amp; Noble</name>
<link>https://www.goodreads.com/book_link/follow/3</link>
</buy_link>
<buy_link>
<id>1027</id>
<name>Kobo</name>
<link>https://www.goodreads.com/book_link/follow/1027</link>
</buy_link>
<buy_link>
<id>2102</id>
<name>Apple iBooks</name>
<link>https://www.goodreads.com/book_link/follow/2102</link>
</buy_link>
<buy_link>
<id>8036</id>
<name>Google Play</name>
<link>https://www.goodreads.com/book_link/follow/8036</link>
</buy_link>
<buy_link>
<id>4</id>
<name>Abebooks</name>
<link>https://www.goodreads.com/book_link/follow/4</link>
</buy_link>
<buy_link>
<id>882</id>
<name>Book Depository</name>
<link>https://www.goodreads.com/book_link/follow/882</link>
</buy_link>
<buy_link>
<id>9</id>
<name>Indigo</name>
<link>https://www.goodreads.com/book_link/follow/9</link>
</buy_link>
<buy_link>
<id>2</id>
<name>Half.com</name>
<link>https://www.goodreads.com/book_link/follow/2</link>
</buy_link>
<buy_link>
<id>5</id>
<name>Alibris</name>
<link>https://www.goodreads.com/book_link/follow/5</link>
</buy_link>
<buy_link>
<id>107</id>
<name>Better World Books</name>
<link>https://www.goodreads.com/book_link/follow/107</link>
</buy_link>
<buy_link>
<id>7</id>
<name>IndieBound</name>
<link>https://www.goodreads.com/book_link/follow/7</link>
</buy_link>

  </buy_links>
  <series_works>
    
  </series_works>
  <similar_books>
          <book>
<id>10165727</id>
<title><![CDATA[Froi of the Exiles (Lumatere Chronicles, #2)]]></title>
<title_without_series>Froi of the Exiles</title_without_series>
<link><![CDATA[https://www.goodreads.com/book/show/10165727-froi-of-the-exiles]]></link>
<small_image_url><![CDATA[https://images.gr-assets.com/books/1306866851s/10165727.jpg]]></small_image_url>
<image_url><![CDATA[https://images.gr-assets.com/books/1306866851m/10165727.jpg]]></image_url>
<num_pages>593</num_pages>
<work>
<id>15064442</id>
</work>
<isbn>0670076082</isbn>
<isbn13>9780670076086</isbn13>
<average_rating>4.30</average_rating>
<ratings_count>14221</ratings_count>
<publication_year>2011</publication_year>
<publication_month>10</publication_month>
<publication_day>3</publication_day>
<authors>
<author>
<id>47104</id>
<name>Melina Marchetta</name>
<link><![CDATA[https://www.goodreads.com/author/show/47104.Melina_Marchetta]]></link>
</author>
</authors>
</book>

          <book>
<id>8608525</id>
<title>The Returning</title>
<title_without_series>The Returning</title_without_series>
<link><![CDATA[https://www.goodreads.com/book/show/8608525-the-returning]]></link>
<small_image_url><![CDATA[https://images.gr-assets.com/books/1330581506s/8608525.jpg]]></small_image_url>
<image_url><![CDATA[https://images.gr-assets.com/books/1330581506m/8608525.jpg]]></image_url>
<num_pages>302</num_pages>
<work>
<id>6726930</id>
</work>
<isbn></isbn>
<isbn13></isbn13>
<average_rating>3.11</average_rating>
<ratings_count>823</ratings_count>
<publication_year>2011</publication_year>
<publication_month>4</publication_month>
<publication_day>14</publication_day>
<authors>
<author>
<id>2956424</id>
<name>Christine Hinwood</name>
<link><![CDATA[https://www.goodreads.com/author/show/2956424.Christine_Hinwood]]></link>
</author>
</authors>
</book>

          <book>
<id>6369113</id>
<title>Lips Touch: Three Times</title>
<title_without_series>Lips Touch: Three Times</title_without_series>
<link><![CDATA[https://www.goodreads.com/book/show/6369113-lips-touch]]></link>
<small_image_url><![CDATA[https://images.gr-assets.com/books/1341175359s/6369113.jpg]]></small_image_url>
<image_url><![CDATA[https://images.gr-assets.com/books/1341175359m/6369113.jpg]]></image_url>
<num_pages>266</num_pages>
<work>
<id>6556598</id>
</work>
<isbn>0545055857</isbn>
<isbn13>9780545055857</isbn13>
<average_rating>3.87</average_rating>
<ratings_count>10722</ratings_count>
<publication_year>2009</publication_year>
<publication_month>10</publication_month>
<publication_day>1</publication_day>
<authors>
<author>
<id>324620</id>
<name>Laini Taylor</name>
<link><![CDATA[https://www.goodreads.com/author/show/324620.Laini_Taylor]]></link>
</author>
</authors>
</book>

          <book>
<id>8299165</id>
<title>Chime</title>
<title_without_series>Chime</title_without_series>
<link><![CDATA[https://www.goodreads.com/book/show/8299165-chime]]></link>
<small_image_url><![CDATA[https://s.gr-assets.com/assets/nophoto/book/50x75-a91bf249278a81aabab721ef782c4a74.png]]></small_image_url>
<image_url><![CDATA[https://s.gr-assets.com/assets/nophoto/book/111x148-bcc042a9c91a29c1d680899eff700a03.png]]></image_url>
<num_pages>361</num_pages>
<work>
<id>13147838</id>
</work>
<isbn>0803735529</isbn>
<isbn13>9780803735521</isbn13>
<average_rating>3.62</average_rating>
<ratings_count>11349</ratings_count>
<publication_year></publication_year>
<publication_month></publication_month>
<publication_day></publication_day>
<authors>
<author>
<id>249843</id>
<name>Franny Billingsley</name>
<link><![CDATA[https://www.goodreads.com/author/show/249843.Franny_Billingsley]]></link>
</author>
</authors>
</book>

          <book>
<id>10836471</id>
<title>Midwinterblood</title>
<title_without_series>Midwinterblood</title_without_series>
<link><![CDATA[https://www.goodreads.com/book/show/10836471-midwinterblood]]></link>
<small_image_url><![CDATA[https://images.gr-assets.com/books/1319727124s/10836471.jpg]]></small_image_url>
<image_url><![CDATA[https://images.gr-assets.com/books/1319727124m/10836471.jpg]]></image_url>
<num_pages>264</num_pages>
<work>
<id>15750616</id>
</work>
<isbn>1780620098</isbn>
<isbn13>9781780620091</isbn13>
<average_rating>3.71</average_rating>
<ratings_count>8584</ratings_count>
<publication_year>2011</publication_year>
<publication_month>10</publication_month>
<publication_day>6</publication_day>
<authors>
<author>
<id>110234</id>
<name>Marcus Sedgwick</name>
<link><![CDATA[https://www.goodreads.com/author/show/110234.Marcus_Sedgwick]]></link>
</author>
</authors>
</book>

          <book>
<id>8288246</id>
<title>Red Glove (Curse Workers, #2)</title>
<title_without_series>Red Glove</title_without_series>
<link><![CDATA[https://www.goodreads.com/book/show/8288246-red-glove]]></link>
<small_image_url><![CDATA[https://images.gr-assets.com/books/1327888670s/8288246.jpg]]></small_image_url>
<image_url><![CDATA[https://images.gr-assets.com/books/1327888670m/8288246.jpg]]></image_url>
<num_pages>327</num_pages>
<work>
<id>13136697</id>
</work>
<isbn>144240339X</isbn>
<isbn13>9781442403390</isbn13>
<average_rating>3.98</average_rating>
<ratings_count>17668</ratings_count>
<publication_year>2011</publication_year>
<publication_month>4</publication_month>
<publication_day>5</publication_day>
<authors>
<author>
<id>25422</id>
<name>Holly Black</name>
<link><![CDATA[https://www.goodreads.com/author/show/25422.Holly_Black]]></link>
</author>
</authors>
</book>

          <book>
<id>9943270</id>
<title><![CDATA[Dark Triumph (His Fair Assassin, #2)]]></title>
<title_without_series>Dark Triumph</title_without_series>
<link><![CDATA[https://www.goodreads.com/book/show/9943270-dark-triumph]]></link>
<small_image_url><![CDATA[https://images.gr-assets.com/books/1346852168s/9943270.jpg]]></small_image_url>
<image_url><![CDATA[https://images.gr-assets.com/books/1346852168m/9943270.jpg]]></image_url>
<num_pages>385</num_pages>
<work>
<id>14836636</id>
</work>
<isbn>0547628382</isbn>
<isbn13>9780547628387</isbn13>
<average_rating>4.15</average_rating>
<ratings_count>30107</ratings_count>
<publication_year>2013</publication_year>
<publication_month>4</publication_month>
<publication_day>2</publication_day>
<authors>
<author>
<id>6914204</id>
<name>Robin LaFevers</name>
<link><![CDATA[https://www.goodreads.com/author/show/6914204.Robin_LaFevers]]></link>
</author>
</authors>
</book>

          <book>
<id>16068956</id>
<title><![CDATA[The Story of Owen: Dragon Slayer of Trondheim (The Story of Owen, #1)]]></title>
<title_without_series><![CDATA[The Story of Owen: Dragon Slayer of Trondheim]]></title_without_series>
<link><![CDATA[https://www.goodreads.com/book/show/16068956-the-story-of-owen]]></link>
<small_image_url><![CDATA[https://images.gr-assets.com/books/1385213342s/16068956.jpg]]></small_image_url>
<image_url><![CDATA[https://images.gr-assets.com/books/1385213342m/16068956.jpg]]></image_url>
<num_pages>312</num_pages>
<work>
<id>21861446</id>
</work>
<isbn>1467710660</isbn>
<isbn13>9781467710664</isbn13>
<average_rating>3.72</average_rating>
<ratings_count>2295</ratings_count>
<publication_year>2014</publication_year>
<publication_month>3</publication_month>
<publication_day>1</publication_day>
<authors>
<author>
<id>7418796</id>
<name>E.K. Johnston</name>
<link><![CDATA[https://www.goodreads.com/author/show/7418796.E_K_Johnston]]></link>
</author>
</authors>
</book>

          <book>
<id>19549841</id>
<title>Seraphina (Seraphina, #1)</title>
<title_without_series>Seraphina</title_without_series>
<link><![CDATA[https://www.goodreads.com/book/show/19549841-seraphina]]></link>
<small_image_url><![CDATA[https://images.gr-assets.com/books/1387577872s/19549841.jpg]]></small_image_url>
<image_url><![CDATA[https://images.gr-assets.com/books/1387577872m/19549841.jpg]]></image_url>
<num_pages>499</num_pages>
<work>
<id>17375239</id>
</work>
<isbn></isbn>
<isbn13></isbn13>
<average_rating>3.98</average_rating>
<ratings_count>60050</ratings_count>
<publication_year>2013</publication_year>
<publication_month></publication_month>
<publication_day></publication_day>
<authors>
<author>
<id>357601</id>
<name>Rachel Hartman</name>
<link><![CDATA[https://www.goodreads.com/author/show/357601.Rachel_Hartman]]></link>
</author>
</authors>
</book>

          <book>
<id>7877239</id>
<title>Plain Kate</title>
<title_without_series>Plain Kate</title_without_series>
<link><![CDATA[https://www.goodreads.com/book/show/7877239-plain-kate]]></link>
<small_image_url><![CDATA[https://images.gr-assets.com/books/1328772028s/7877239.jpg]]></small_image_url>
<image_url><![CDATA[https://images.gr-assets.com/books/1328772028m/7877239.jpg]]></image_url>
<num_pages>314</num_pages>
<work>
<id>7160746</id>
</work>
<isbn>0545166640</isbn>
<isbn13>9780545166645</isbn13>
<average_rating>3.74</average_rating>
<ratings_count>5244</ratings_count>
<publication_year>2010</publication_year>
<publication_month>9</publication_month>
<publication_day>1</publication_day>
<authors>
<author>
<id>3099087</id>
<name>Erin Bow</name>
<link><![CDATA[https://www.goodreads.com/author/show/3099087.Erin_Bow]]></link>
</author>
</authors>
</book>

          <book>
<id>13595639</id>
<title><![CDATA[The Name of the Star (Shades of London, #1)]]></title>
<title_without_series>The Name of the Star</title_without_series>
<link><![CDATA[https://www.goodreads.com/book/show/13595639-the-name-of-the-star]]></link>
<small_image_url><![CDATA[https://images.gr-assets.com/books/1338652359s/13595639.jpg]]></small_image_url>
<image_url><![CDATA[https://images.gr-assets.com/books/1338652359m/13595639.jpg]]></image_url>
<num_pages>372</num_pages>
<work>
<id>14037039</id>
</work>
<isbn>0142422053</isbn>
<isbn13>9780142422052</isbn13>
<average_rating>3.90</average_rating>
<ratings_count>40984</ratings_count>
<publication_year>2012</publication_year>
<publication_month>10</publication_month>
<publication_day>2</publication_day>
<authors>
<author>
<id>10317</id>
<name>Maureen Johnson</name>
<link><![CDATA[https://www.goodreads.com/author/show/10317.Maureen_Johnson]]></link>
</author>
</authors>
</book>

          <book>
<id>12009173</id>
<title>The Brides of Rollrock Island</title>
<title_without_series>The Brides of Rollrock Island</title_without_series>
<link><![CDATA[https://www.goodreads.com/book/show/12009173-the-brides-of-rollrock-island]]></link>
<small_image_url><![CDATA[https://images.gr-assets.com/books/1326364399s/12009173.jpg]]></small_image_url>
<image_url><![CDATA[https://images.gr-assets.com/books/1326364399m/12009173.jpg]]></image_url>
<num_pages>320</num_pages>
<work>
<id>13420646</id>
</work>
<isbn>0857560336</isbn>
<isbn13>9780857560339</isbn13>
<average_rating>3.69</average_rating>
<ratings_count>3563</ratings_count>
<publication_year>2012</publication_year>
<publication_month>2</publication_month>
<publication_day>2</publication_day>
<authors>
<author>
<id>277536</id>
<name>Margo Lanagan</name>
<link><![CDATA[https://www.goodreads.com/author/show/277536.Margo_Lanagan]]></link>
</author>
</authors>
</book>

          <book>
<id>27230428</id>
<title><![CDATA[The Strange Maid (The United States of Asgard, #2)]]></title>
<title_without_series>The Strange Maid</title_without_series>
<link><![CDATA[https://www.goodreads.com/book/show/27230428-the-strange-maid]]></link>
<small_image_url><![CDATA[https://images.gr-assets.com/books/1445187264s/27230428.jpg]]></small_image_url>
<image_url><![CDATA[https://images.gr-assets.com/books/1445187264m/27230428.jpg]]></image_url>
<num_pages>418</num_pages>
<work>
<id>25790139</id>
</work>
<isbn></isbn>
<isbn13></isbn13>
<average_rating>3.99</average_rating>
<ratings_count>431</ratings_count>
<publication_year>2015</publication_year>
<publication_month>10</publication_month>
<publication_day>26</publication_day>
<authors>
<author>
<id>3111338</id>
<name>Tessa Gratton</name>
<link><![CDATA[https://www.goodreads.com/author/show/3111338.Tessa_Gratton]]></link>
</author>
</authors>
</book>

          <book>
<id>20345368</id>
<title><![CDATA[Bridge of Snow (The Winner's Trilogy, #0.5)]]></title>
<title_without_series>Bridge of Snow</title_without_series>
<link><![CDATA[https://www.goodreads.com/book/show/20345368-bridge-of-snow]]></link>
<small_image_url><![CDATA[https://images.gr-assets.com/books/1388822013s/20345368.jpg]]></small_image_url>
<image_url><![CDATA[https://images.gr-assets.com/books/1388822013m/20345368.jpg]]></image_url>
<num_pages>32</num_pages>
<work>
<id>28356003</id>
</work>
<isbn>1466861657</isbn>
<isbn13>9781466861657</isbn13>
<average_rating>4.07</average_rating>
<ratings_count>2857</ratings_count>
<publication_year>2014</publication_year>
<publication_month>1</publication_month>
<publication_day>28</publication_day>
<authors>
<author>
<id>1238111</id>
<name>Marie Rutkoski</name>
<link><![CDATA[https://www.goodreads.com/author/show/1238111.Marie_Rutkoski]]></link>
</author>
</authors>
</book>

          <book>
<id>11013228</id>
<title>The Freedom Maze</title>
<title_without_series>The Freedom Maze</title_without_series>
<link><![CDATA[https://www.goodreads.com/book/show/11013228-the-freedom-maze]]></link>
<small_image_url><![CDATA[https://images.gr-assets.com/books/1315239826s/11013228.jpg]]></small_image_url>
<image_url><![CDATA[https://images.gr-assets.com/books/1315239826m/11013228.jpg]]></image_url>
<num_pages>258</num_pages>
<work>
<id>15932304</id>
</work>
<isbn>1931520305</isbn>
<isbn13>9781931520300</isbn13>
<average_rating>3.85</average_rating>
<ratings_count>707</ratings_count>
<publication_year>2011</publication_year>
<publication_month>11</publication_month>
<publication_day>22</publication_day>
<authors>
<author>
<id>24</id>
<name>Delia Sherman</name>
<link><![CDATA[https://www.goodreads.com/author/show/24.Delia_Sherman]]></link>
</author>
</authors>
</book>

          <book>
<id>13590977</id>
<title><![CDATA[The White Bicycle (Wild Orchard, #3)]]></title>
<title_without_series>The White Bicycle</title_without_series>
<link><![CDATA[https://www.goodreads.com/book/show/13590977-the-white-bicycle]]></link>
<small_image_url><![CDATA[https://images.gr-assets.com/books/1352964196s/13590977.jpg]]></small_image_url>
<image_url><![CDATA[https://images.gr-assets.com/books/1352964196m/13590977.jpg]]></image_url>
<num_pages>216</num_pages>
<work>
<id>19178984</id>
</work>
<isbn>0889954836</isbn>
<isbn13>9780889954830</isbn13>
<average_rating>3.60</average_rating>
<ratings_count>345</ratings_count>
<publication_year>2012</publication_year>
<publication_month>10</publication_month>
<publication_day>30</publication_day>
<authors>
<author>
<id>52544</id>
<name>Beverley Brenna</name>
<link><![CDATA[https://www.goodreads.com/author/show/52544.Beverley_Brenna]]></link>
</author>
</authors>
</book>

          <book>
<id>10816908</id>
<title><![CDATA[The Crown of Embers (Fire and Thorns, #2)]]></title>
<title_without_series>The Crown of Embers</title_without_series>
<link><![CDATA[https://www.goodreads.com/book/show/10816908-the-crown-of-embers]]></link>
<small_image_url><![CDATA[https://images.gr-assets.com/books/1335241091s/10816908.jpg]]></small_image_url>
<image_url><![CDATA[https://images.gr-assets.com/books/1335241091m/10816908.jpg]]></image_url>
<num_pages>410</num_pages>
<work>
<id>15730581</id>
</work>
<isbn>0062026518</isbn>
<isbn13>9780062026514</isbn13>
<average_rating>4.20</average_rating>
<ratings_count>35294</ratings_count>
<publication_year>2012</publication_year>
<publication_month>9</publication_month>
<publication_day>18</publication_day>
<authors>
<author>
<id>4074051</id>
<name>Rae Carson</name>
<link><![CDATA[https://www.goodreads.com/author/show/4074051.Rae_Carson]]></link>
</author>
</authors>
</book>

          <book>
<id>9917938</id>
<title><![CDATA[Blood Red Road (Dust Lands, #1)]]></title>
<title_without_series>Blood Red Road</title_without_series>
<link><![CDATA[https://www.goodreads.com/book/show/9917938-blood-red-road]]></link>
<small_image_url><![CDATA[https://images.gr-assets.com/books/1293651959s/9917938.jpg]]></small_image_url>
<image_url><![CDATA[https://images.gr-assets.com/books/1293651959m/9917938.jpg]]></image_url>
<num_pages>459</num_pages>
<work>
<id>14692536</id>
</work>
<isbn>1442429984</isbn>
<isbn13>9781442429987</isbn13>
<average_rating>3.94</average_rating>
<ratings_count>52281</ratings_count>
<publication_year>2011</publication_year>
<publication_month>6</publication_month>
<publication_day>7</publication_day>
<authors>
<author>
<id>4487674</id>
<name>Moira Young</name>
<link><![CDATA[https://www.goodreads.com/author/show/4487674.Moira_Young]]></link>
</author>
</authors>
</book>

  </similar_books>
</book>

</GoodreadsResponse>