<?xml version="1.0" encoding="UTF-8"?>
<GoodreadsResponse>
  <Request>
    <authentication>true</authentication>
      <key><![CDATA[all_men_must_serve]]></key>
    <method><![CDATA[book_show]]></method>
  </Request>
  <book>
  <id>106393</id>
  <title>The Coldest Winter Ever</title>
  <isbn><![CDATA[1416521690]]></isbn>
  <isbn13><![CDATA[9781416521693]]></isbn13>
  <asin><![CDATA[]]></asin>
  <kindle_asin><![CDATA[]]></kindle_asin>
  <marketplace_id><![CDATA[]]></marketplace_id>
  <country_code><![CDATA[GB]]></country_code>
  <image_url>https://s.gr-assets.com/assets/nophoto/book/111x148-bcc042a9c91a29c1d680899eff700a03.png</image_url>
  <small_image_url>https://s.gr-assets.com/assets/nophoto/book/50x75-a91bf249278a81aabab721ef782c4a74.png</small_image_url>
  <publication_year>2006</publication_year>
  <publication_month>2</publication_month>
  <publication_day>1</publication_day>
  <publisher>Pocket Star</publisher>
  <language_code>en-US</language_code>
  <is_ebook>false</is_ebook>
  <description><![CDATA[The stunning national bestseller now features an illuminating discussion with Sister Souljah -- her secret thoughts on creating the story that has sold more than one million copies worldwide and introduced readers everywhere to the real ghetto experience. Here are answers to the questions fans everywhere have been asking; the meanings and inspirations behind such memorable characters as Winter, Midnight, and Santiaga; and insights into why and how Souljah conceived of one of the most powerful novels of our time.]]></description>
  <work>
  <id type="integer">1241552</id>
  <books_count type="integer">21</books_count>
  <best_book_id type="integer">106393</best_book_id>
  <reviews_count type="integer">45207</reviews_count>
  <ratings_sum type="integer">113105</ratings_sum>
  <ratings_count type="integer">25288</ratings_count>
  <text_reviews_count type="integer">1880</text_reviews_count>
  <original_publication_year type="integer">1999</original_publication_year>
  <original_publication_month type="integer">4</original_publication_month>
  <original_publication_day type="integer">1</original_publication_day>
  <original_title>The Coldest Winter Ever</original_title>
  <original_language_id type="integer" nil="true"/>
  <media_type>book</media_type>
  <rating_dist>5:16483|4:5554|3:2283|2:657|1:311|total:25288</rating_dist>
  <desc_user_id type="integer">-9</desc_user_id>
  <default_chaptering_book_id type="integer" nil="true"/>
  <default_description_language_code nil="true"/>
</work>
  <average_rating>4.47</average_rating>
  <num_pages><![CDATA[544]]></num_pages>
  <format><![CDATA[Paperback]]></format>
  <edition_information><![CDATA[]]></edition_information>
  <ratings_count><![CDATA[23748]]></ratings_count>
  <text_reviews_count><![CDATA[1791]]></text_reviews_count>
  <url><![CDATA[https://www.goodreads.com/book/show/106393.The_Coldest_Winter_Ever]]></url>
  <link><![CDATA[https://www.goodreads.com/book/show/106393.The_Coldest_Winter_Ever]]></link>
  <authors>
<author>
<id>29621</id>
<name>Sister Souljah</name>
<role></role>
<image_url nophoto='false'>
<![CDATA[https://images.gr-assets.com/authors/1255334073p5/29621.jpg]]>
</image_url>
<small_image_url nophoto='false'>
<![CDATA[https://images.gr-assets.com/authors/1255334073p2/29621.jpg]]>
</small_image_url>
<link><![CDATA[https://www.goodreads.com/author/show/29621.Sister_Souljah]]></link>
<average_rating>4.33</average_rating>
<ratings_count>41370</ratings_count>
<text_reviews_count>3333</text_reviews_count>
</author>
</authors>

    <reviews_widget>
      <![CDATA[
        <style>
  #goodreads-widget {
    font-family: georgia, serif;
    padding: 18px 0;
    width:565px;
  }
  #goodreads-widget h1 {
    font-weight:normal;
    font-size: 16px;
    border-bottom: 1px solid #BBB596;
    margin-bottom: 0;
  }
  #goodreads-widget a {
    text-decoration: none;
    color:#660;
  }
  iframe{
    background-color: #fff;
  }
  #goodreads-widget a:hover { text-decoration: underline; }
  #goodreads-widget a:active {
    color:#660;
  }
  #gr_footer {
    width: 100%;
    border-top: 1px solid #BBB596;
    text-align: right;
  }
  #goodreads-widget .gr_branding{
    color: #382110;
    font-size: 11px;
    text-decoration: none;
    font-family: "Helvetica Neue", Helvetica, Arial, sans-serif;
  }
</style>
<div id="goodreads-widget">
  <div id="gr_header"><h1><a rel="nofollow" href="https://www.goodreads.com/book/show/106393.The_Coldest_Winter_Ever">The Coldest Winter Ever Reviews</a></h1></div>
  <iframe id="the_iframe" src="https://www.goodreads.com/api/reviews_widget_iframe?did=DEVELOPER_ID&amp;format=html&amp;isbn=1416521690&amp;links=660&amp;min_rating=&amp;review_back=fff&amp;stars=000&amp;text=000" width="565" height="400" frameborder="0"></iframe>
  <div id="gr_footer">
    <a class="gr_branding" target="_blank" rel="nofollow" href="https://www.goodreads.com/book/show/106393.The_Coldest_Winter_Ever?utm_medium=api&amp;utm_source=reviews_widget">Reviews from Goodreads.com</a>
  </div>
</div>

      ]]>
    </reviews_widget>
  <popular_shelves>
      <shelf name="to-read" count="12750"/>
      <shelf name="currently-reading" count="755"/>
      <shelf name="favorites" count="238"/>
      <shelf name="fiction" count="159"/>
      <shelf name="african-american" count="82"/>
      <shelf name="urban-fiction" count="55"/>
      <shelf name="urban" count="48"/>
      <shelf name="young-adult" count="29"/>
      <shelf name="books-i-own" count="28"/>
      <shelf name="african-american-fiction" count="27"/>
      <shelf name="my-books" count="21"/>
      <shelf name="sister-souljah" count="21"/>
      <shelf name="street-lit" count="21"/>
      <shelf name="urban-lit" count="21"/>
      <shelf name="adult-fiction" count="19"/>
      <shelf name="adult" count="19"/>
      <shelf name="owned" count="15"/>
      <shelf name="ya" count="15"/>
      <shelf name="shelfari-favorites" count="14"/>
      <shelf name="my-favorites" count="14"/>
      <shelf name="book-club" count="13"/>
      <shelf name="the-coldest-winter-ever" count="12"/>
      <shelf name="default" count="12"/>
      <shelf name="african-american-literature" count="12"/>
      <shelf name="i-own" count="12"/>
      <shelf name="novels" count="12"/>
      <shelf name="african-american-authors" count="11"/>
      <shelf name="library" count="11"/>
      <shelf name="contemporary" count="10"/>
      <shelf name="favs" count="10"/>
      <shelf name="drugs" count="10"/>
      <shelf name="all-time-favorites" count="9"/>
      <shelf name="urban-books" count="9"/>
      <shelf name="drama" count="9"/>
      <shelf name="coming-of-age" count="9"/>
      <shelf name="chick-lit" count="9"/>
      <shelf name="favorite-books" count="9"/>
      <shelf name="read-again" count="8"/>
      <shelf name="african-american-lit" count="8"/>
      <shelf name="owned-books" count="8"/>
      <shelf name="realistic-fiction" count="8"/>
      <shelf name="black-fiction" count="8"/>
      <shelf name="teen" count="8"/>
      <shelf name="lemonade-syllabus" count="7"/>
      <shelf name="contemporary-fiction" count="7"/>
      <shelf name="re-read" count="7"/>
      <shelf name="books" count="7"/>
      <shelf name="romance" count="7"/>
      <shelf name="kindle" count="7"/>
      <shelf name="classics" count="7"/>
      <shelf name="favorite" count="7"/>
      <shelf name="must-read" count="7"/>
      <shelf name="authors-of-color" count="6"/>
      <shelf name="my-favs" count="6"/>
      <shelf name="1" count="6"/>
      <shelf name="coldest-winter-ever" count="6"/>
      <shelf name="general-fiction" count="6"/>
      <shelf name="crime" count="5"/>
      <shelf name="already-read" count="5"/>
      <shelf name="black" count="5"/>
      <shelf name="aa-fiction" count="5"/>
      <shelf name="own-it" count="5"/>
      <shelf name="gritty" count="5"/>
      <shelf name="lemonade" count="4"/>
      <shelf name="series" count="4"/>
      <shelf name="book" count="4"/>
      <shelf name="books-i-ve-read" count="4"/>
      <shelf name="readers-advisory" count="4"/>
      <shelf name="classic" count="4"/>
      <shelf name="black-lit" count="4"/>
      <shelf name="absolute-favorites" count="4"/>
      <shelf name="done" count="4"/>
      <shelf name="black-chick-lit" count="4"/>
      <shelf name="own-voices" count="3"/>
      <shelf name="me" count="3"/>
      <shelf name="read-in-2016" count="3"/>
      <shelf name="black-experience" count="3"/>
      <shelf name="need" count="3"/>
      <shelf name="wish-list" count="3"/>
      <shelf name="ya-fiction" count="3"/>
      <shelf name="g" count="3"/>
      <shelf name="2015-books" count="3"/>
      <shelf name="5-stars" count="3"/>
      <shelf name="collection" count="3"/>
      <shelf name="read-in-2014" count="3"/>
      <shelf name="dnf" count="3"/>
      <shelf name="reread" count="3"/>
      <shelf name="sister" count="3"/>
      <shelf name="good-books" count="3"/>
      <shelf name="afro-american" count="3"/>
      <shelf name="home-library" count="3"/>
      <shelf name="abandoned" count="3"/>
      <shelf name="poc" count="3"/>
      <shelf name="great-books" count="3"/>
      <shelf name="urban-drama" count="3"/>
      <shelf name="books-i-have" count="3"/>
      <shelf name="books-to-read" count="3"/>
      <shelf name="loved" count="3"/>
      <shelf name="read-in-2012" count="3"/>
      <shelf name="fav" count="3"/>
  </popular_shelves>
  <book_links>
    <book_link>
  <id>8</id>
  <name>Libraries</name>
  <link>https://www.goodreads.com/book_link/follow/8</link>
</book_link>

  </book_links>
  <buy_links>
    <buy_link>
<id>1</id>
<name>Amazon</name>
<link>https://www.goodreads.com/book_link/follow/1</link>
</buy_link>
<buy_link>
<id>10</id>
<name>Audible</name>
<link>https://www.goodreads.com/book_link/follow/10</link>
</buy_link>
<buy_link>
<id>3</id>
<name>Barnes &amp; Noble</name>
<link>https://www.goodreads.com/book_link/follow/3</link>
</buy_link>
<buy_link>
<id>1027</id>
<name>Kobo</name>
<link>https://www.goodreads.com/book_link/follow/1027</link>
</buy_link>
<buy_link>
<id>2102</id>
<name>Apple iBooks</name>
<link>https://www.goodreads.com/book_link/follow/2102</link>
</buy_link>
<buy_link>
<id>8036</id>
<name>Google Play</name>
<link>https://www.goodreads.com/book_link/follow/8036</link>
</buy_link>
<buy_link>
<id>4</id>
<name>Abebooks</name>
<link>https://www.goodreads.com/book_link/follow/4</link>
</buy_link>
<buy_link>
<id>882</id>
<name>Book Depository</name>
<link>https://www.goodreads.com/book_link/follow/882</link>
</buy_link>
<buy_link>
<id>9</id>
<name>Indigo</name>
<link>https://www.goodreads.com/book_link/follow/9</link>
</buy_link>
<buy_link>
<id>2</id>
<name>Half.com</name>
<link>https://www.goodreads.com/book_link/follow/2</link>
</buy_link>
<buy_link>
<id>5</id>
<name>Alibris</name>
<link>https://www.goodreads.com/book_link/follow/5</link>
</buy_link>
<buy_link>
<id>107</id>
<name>Better World Books</name>
<link>https://www.goodreads.com/book_link/follow/107</link>
</buy_link>
<buy_link>
<id>7</id>
<name>IndieBound</name>
<link>https://www.goodreads.com/book_link/follow/7</link>
</buy_link>

  </buy_links>
  <series_works>
    
  </series_works>
  <similar_books>
          <book>
<id>290039</id>
<title>Flyy Girl (Flyy Girl, #1)</title>
<title_without_series>Flyy Girl</title_without_series>
<link><![CDATA[https://www.goodreads.com/book/show/290039.Flyy_Girl]]></link>
<small_image_url><![CDATA[https://images.gr-assets.com/books/1415677404s/290039.jpg]]></small_image_url>
<image_url><![CDATA[https://images.gr-assets.com/books/1415677404m/290039.jpg]]></image_url>
<num_pages>512</num_pages>
<work>
<id>281390</id>
</work>
<isbn>0743218574</isbn>
<isbn13>9780743218573</isbn13>
<average_rating>4.21</average_rating>
<ratings_count>11009</ratings_count>
<publication_year>2001</publication_year>
<publication_month>8</publication_month>
<publication_day>7</publication_day>
<authors>
<author>
<id>87079</id>
<name>Omar Tyree</name>
<link><![CDATA[https://www.goodreads.com/author/show/87079.Omar_Tyree]]></link>
</author>
</authors>
</book>

          <book>
<id>181411</id>
<title>Cheaters</title>
<title_without_series>Cheaters</title_without_series>
<link><![CDATA[https://www.goodreads.com/book/show/181411.Cheaters]]></link>
<small_image_url><![CDATA[https://s.gr-assets.com/assets/nophoto/book/50x75-a91bf249278a81aabab721ef782c4a74.png]]></small_image_url>
<image_url><![CDATA[https://s.gr-assets.com/assets/nophoto/book/111x148-bcc042a9c91a29c1d680899eff700a03.png]]></image_url>
<num_pages>368</num_pages>
<work>
<id>1619017</id>
</work>
<isbn>0451203003</isbn>
<isbn13>9780451203007</isbn13>
<average_rating>4.19</average_rating>
<ratings_count>7694</ratings_count>
<publication_year>2001</publication_year>
<publication_month>5</publication_month>
<publication_day>1</publication_day>
<authors>
<author>
<id>12936</id>
<name>Eric Jerome Dickey</name>
<link><![CDATA[https://www.goodreads.com/author/show/12936.Eric_Jerome_Dickey]]></link>
</author>
</authors>
</book>

          <book>
<id>240141</id>
<title><![CDATA[God Don't Like Ugly (God Don't Like Ugly, #1)]]></title>
<title_without_series>God Don&apos;t Like Ugly</title_without_series>
<link><![CDATA[https://www.goodreads.com/book/show/240141.God_Don_t_Like_Ugly]]></link>
<small_image_url><![CDATA[https://s.gr-assets.com/assets/nophoto/book/50x75-a91bf249278a81aabab721ef782c4a74.png]]></small_image_url>
<image_url><![CDATA[https://s.gr-assets.com/assets/nophoto/book/111x148-bcc042a9c91a29c1d680899eff700a03.png]]></image_url>
<num_pages>432</num_pages>
<work>
<id>894965</id>
</work>
<isbn>0758220324</isbn>
<isbn13>9780758220325</isbn13>
<average_rating>4.29</average_rating>
<ratings_count>7129</ratings_count>
<publication_year>2006</publication_year>
<publication_month>12</publication_month>
<publication_day>1</publication_day>
<authors>
<author>
<id>102990</id>
<name>Mary Monroe</name>
<link><![CDATA[https://www.goodreads.com/author/show/102990.Mary_Monroe]]></link>
</author>
</authors>
</book>

          <book>
<id>339438</id>
<title><![CDATA[B-More Careful: Meow Meow Productions Presents]]></title>
<title_without_series><![CDATA[B-More Careful: Meow Meow Productions Presents]]></title_without_series>
<link><![CDATA[https://www.goodreads.com/book/show/339438.B_More_Careful]]></link>
<small_image_url><![CDATA[https://s.gr-assets.com/assets/nophoto/book/50x75-a91bf249278a81aabab721ef782c4a74.png]]></small_image_url>
<image_url><![CDATA[https://s.gr-assets.com/assets/nophoto/book/111x148-bcc042a9c91a29c1d680899eff700a03.png]]></image_url>
<num_pages>281</num_pages>
<work>
<id>329833</id>
</work>
<isbn>0967224918</isbn>
<isbn13>9780967224916</isbn13>
<average_rating>4.36</average_rating>
<ratings_count>4231</ratings_count>
<publication_year>2001</publication_year>
<publication_month>12</publication_month>
<publication_day>1</publication_day>
<authors>
<author>
<id>16249</id>
<name>Shannon Holmes</name>
<link><![CDATA[https://www.goodreads.com/author/show/16249.Shannon_Holmes]]></link>
</author>
</authors>
</book>

          <book>
<id>181464</id>
<title>Any Way the Wind Blows</title>
<title_without_series>Any Way the Wind Blows</title_without_series>
<link><![CDATA[https://www.goodreads.com/book/show/181464.Any_Way_the_Wind_Blows]]></link>
<small_image_url><![CDATA[https://images.gr-assets.com/books/1320468241s/181464.jpg]]></small_image_url>
<image_url><![CDATA[https://images.gr-assets.com/books/1320468241m/181464.jpg]]></image_url>
<num_pages>368</num_pages>
<work>
<id>1427350</id>
</work>
<isbn>0385721188</isbn>
<isbn13>9780385721189</isbn13>
<average_rating>4.32</average_rating>
<ratings_count>5365</ratings_count>
<publication_year>2002</publication_year>
<publication_month>7</publication_month>
<publication_day>9</publication_day>
<authors>
<author>
<id>81011</id>
<name>E. Lynn Harris</name>
<link><![CDATA[https://www.goodreads.com/author/show/81011.E_Lynn_Harris]]></link>
</author>
</authors>
</book>

          <book>
<id>339443</id>
<title><![CDATA[True to the Game (True to the Game #1)]]></title>
<title_without_series>True to the Game</title_without_series>
<link><![CDATA[https://www.goodreads.com/book/show/339443.True_to_the_Game]]></link>
<small_image_url><![CDATA[https://s.gr-assets.com/assets/nophoto/book/50x75-a91bf249278a81aabab721ef782c4a74.png]]></small_image_url>
<image_url><![CDATA[https://s.gr-assets.com/assets/nophoto/book/111x148-bcc042a9c91a29c1d680899eff700a03.png]]></image_url>
<num_pages>244</num_pages>
<work>
<id>329838</id>
</work>
<isbn>096722490X</isbn>
<isbn13>9780967224909</isbn13>
<average_rating>4.45</average_rating>
<ratings_count>6505</ratings_count>
<publication_year>1999</publication_year>
<publication_month>12</publication_month>
<publication_day>1</publication_day>
<authors>
<author>
<id>90596</id>
<name>Teri Woods</name>
<link><![CDATA[https://www.goodreads.com/author/show/90596.Teri_Woods]]></link>
</author>
</authors>
</book>

          <book>
<id>130529</id>
<title>So You Call Yourself A Man</title>
<title_without_series>So You Call Yourself A Man</title_without_series>
<link><![CDATA[https://www.goodreads.com/book/show/130529.So_You_Call_Yourself_A_Man]]></link>
<small_image_url><![CDATA[https://s.gr-assets.com/assets/nophoto/book/50x75-a91bf249278a81aabab721ef782c4a74.png]]></small_image_url>
<image_url><![CDATA[https://s.gr-assets.com/assets/nophoto/book/111x148-bcc042a9c91a29c1d680899eff700a03.png]]></image_url>
<num_pages>264</num_pages>
<work>
<id>125713</id>
</work>
<isbn>0758207190</isbn>
<isbn13>9780758207197</isbn13>
<average_rating>4.41</average_rating>
<ratings_count>2885</ratings_count>
<publication_year>2006</publication_year>
<publication_month>12</publication_month>
<publication_day>1</publication_day>
<authors>
<author>
<id>2994659</id>
<name>Carl Weber</name>
<link><![CDATA[https://www.goodreads.com/author/show/2994659.Carl_Weber]]></link>
</author>
</authors>
</book>

          <book>
<id>122211</id>
<title>Disappearing Acts</title>
<title_without_series>Disappearing Acts</title_without_series>
<link><![CDATA[https://www.goodreads.com/book/show/122211.Disappearing_Acts]]></link>
<small_image_url><![CDATA[https://s.gr-assets.com/assets/nophoto/book/50x75-a91bf249278a81aabab721ef782c4a74.png]]></small_image_url>
<image_url><![CDATA[https://s.gr-assets.com/assets/nophoto/book/111x148-bcc042a9c91a29c1d680899eff700a03.png]]></image_url>
<num_pages>464</num_pages>
<work>
<id>939528</id>
</work>
<isbn>0451209133</isbn>
<isbn13>9780451209139</isbn13>
<average_rating>4.21</average_rating>
<ratings_count>11588</ratings_count>
<publication_year>2004</publication_year>
<publication_month>1</publication_month>
<publication_day>6</publication_day>
<authors>
<author>
<id>20704</id>
<name>Terry McMillan</name>
<link><![CDATA[https://www.goodreads.com/author/show/20704.Terry_McMillan]]></link>
</author>
</authors>
</book>

          <book>
<id>88363</id>
<title>White Lines (White Lines #1)</title>
<title_without_series>White Lines</title_without_series>
<link><![CDATA[https://www.goodreads.com/book/show/88363.White_Lines]]></link>
<small_image_url><![CDATA[https://s.gr-assets.com/assets/nophoto/book/50x75-a91bf249278a81aabab721ef782c4a74.png]]></small_image_url>
<image_url><![CDATA[https://s.gr-assets.com/assets/nophoto/book/111x148-bcc042a9c91a29c1d680899eff700a03.png]]></image_url>
<num_pages>497</num_pages>
<work>
<id>85269</id>
</work>
<isbn>0312336489</isbn>
<isbn13>9780312336486</isbn13>
<average_rating>4.50</average_rating>
<ratings_count>2645</ratings_count>
<publication_year></publication_year>
<publication_month></publication_month>
<publication_day></publication_day>
<authors>
<author>
<id>3522086</id>
<name>Tracy Brown</name>
<link><![CDATA[https://www.goodreads.com/author/show/3522086.Tracy_Brown]]></link>
</author>
</authors>
</book>

          <book>
<id>181445</id>
<title>The Maintenance Man</title>
<title_without_series>The Maintenance Man</title_without_series>
<link><![CDATA[https://www.goodreads.com/book/show/181445.The_Maintenance_Man]]></link>
<small_image_url><![CDATA[https://s.gr-assets.com/assets/nophoto/book/50x75-a91bf249278a81aabab721ef782c4a74.png]]></small_image_url>
<image_url><![CDATA[https://s.gr-assets.com/assets/nophoto/book/111x148-bcc042a9c91a29c1d680899eff700a03.png]]></image_url>
<num_pages></num_pages>
<work>
<id>175326</id>
</work>
<isbn>0743204786</isbn>
<isbn13>9780743204781</isbn13>
<average_rating>4.21</average_rating>
<ratings_count>5763</ratings_count>
<publication_year></publication_year>
<publication_month></publication_month>
<publication_day></publication_day>
<authors>
<author>
<id>105772</id>
<name>Michael Baisden</name>
<link><![CDATA[https://www.goodreads.com/author/show/105772.Michael_Baisden]]></link>
</author>
</authors>
</book>

          <book>
<id>59748</id>
<title><![CDATA[Soulmates Dissipate (Soulmates Dissipate, #1)]]></title>
<title_without_series>Soulmates Dissipate</title_without_series>
<link><![CDATA[https://www.goodreads.com/book/show/59748.Soulmates_Dissipate]]></link>
<small_image_url><![CDATA[https://s.gr-assets.com/assets/nophoto/book/50x75-a91bf249278a81aabab721ef782c4a74.png]]></small_image_url>
<image_url><![CDATA[https://s.gr-assets.com/assets/nophoto/book/111x148-bcc042a9c91a29c1d680899eff700a03.png]]></image_url>
<num_pages>320</num_pages>
<work>
<id>58143</id>
</work>
<isbn>075820020X</isbn>
<isbn13>9780758200204</isbn13>
<average_rating>4.34</average_rating>
<ratings_count>3705</ratings_count>
<publication_year>2003</publication_year>
<publication_month>4</publication_month>
<publication_day>1</publication_day>
<authors>
<author>
<id>7856</id>
<name>Mary B. Morrison</name>
<link><![CDATA[https://www.goodreads.com/author/show/7856.Mary_B_Morrison]]></link>
</author>
</authors>
</book>

  </similar_books>
</book>

</GoodreadsResponse>