<?xml version="1.0" encoding="UTF-8"?>
<GoodreadsResponse>
  <Request>
    <authentication>true</authentication>
      <key><![CDATA[all_men_must_serve]]></key>
    <method><![CDATA[book_show]]></method>
  </Request>
  <book>
  <id>106646</id>
  <title>The Doomsday Conspiracy</title>
  <isbn><![CDATA[1568650957]]></isbn>
  <isbn13><![CDATA[9781568650951]]></isbn13>
  <asin><![CDATA[]]></asin>
  <kindle_asin><![CDATA[B0086VH0C6]]></kindle_asin>
  <marketplace_id><![CDATA[A1F83G8C2ARO7P]]></marketplace_id>
  <country_code><![CDATA[GB]]></country_code>
  <image_url>https://images.gr-assets.com/books/1408853925m/106646.jpg</image_url>
  <small_image_url>https://images.gr-assets.com/books/1408853925s/106646.jpg</small_image_url>
  <publication_year>1991</publication_year>
  <publication_month></publication_month>
  <publication_day></publication_day>
  <publisher>Doubleday Books</publisher>
  <language_code>eng</language_code>
  <is_ebook>false</is_ebook>
  <description><![CDATA[OPERATION DOOMSDAY ... ACTIVE ... <br /><br />Commander Robert Bellamy of US Naval Intelligence is dispatched on a top secret mission. A weather balloon carrying sensitive military information has crashed in Switzerland. Bellamy must locate the ten witnesses to the incident so that they can be sworn to secrecy. <br /><br />But as he conducts his search Bellamy begins to suspect that he, too, is being hunted, by an unknown lethal force that what he was told about the balloon was only one part of an almost unbelievable happening... <br /><br />From Washington to Zurich, Rome and Paris, the story unfolds to reveal Bellamy's past why the women he loves the most cannot return his love, why his friends become his deadly enemies, and why the world must never learn the incredible secret hidden on the Swiss Alps... ]]></description>
  <work>
  <id type="integer">102794</id>
  <books_count type="integer">66</books_count>
  <best_book_id type="integer">106646</best_book_id>
  <reviews_count type="integer">27337</reviews_count>
  <ratings_sum type="integer">66664</ratings_sum>
  <ratings_count type="integer">18586</ratings_count>
  <text_reviews_count type="integer">602</text_reviews_count>
  <original_publication_year type="integer">1991</original_publication_year>
  <original_publication_month type="integer" nil="true"/>
  <original_publication_day type="integer" nil="true"/>
  <original_title>The Doomsday Conspiracy</original_title>
  <original_language_id type="integer" nil="true"/>
  <media_type>book</media_type>
  <rating_dist>5:3963|4:6183|3:5833|2:2011|1:596|total:18586</rating_dist>
  <desc_user_id type="integer">23113137</desc_user_id>
  <default_chaptering_book_id type="integer" nil="true"/>
  <default_description_language_code nil="true"/>
</work>
  <average_rating>3.59</average_rating>
  <num_pages><![CDATA[448]]></num_pages>
  <format><![CDATA[Hardcover]]></format>
  <edition_information><![CDATA[]]></edition_information>
  <ratings_count><![CDATA[17110]]></ratings_count>
  <text_reviews_count><![CDATA[474]]></text_reviews_count>
  <url><![CDATA[https://www.goodreads.com/book/show/106646.The_Doomsday_Conspiracy]]></url>
  <link><![CDATA[https://www.goodreads.com/book/show/106646.The_Doomsday_Conspiracy]]></link>
  <authors>
<author>
<id>9068</id>
<name>Sidney Sheldon</name>
<role></role>
<image_url nophoto='false'>
<![CDATA[https://images.gr-assets.com/authors/1209169297p5/9068.jpg]]>
</image_url>
<small_image_url nophoto='false'>
<![CDATA[https://images.gr-assets.com/authors/1209169297p2/9068.jpg]]>
</small_image_url>
<link><![CDATA[https://www.goodreads.com/author/show/9068.Sidney_Sheldon]]></link>
<average_rating>3.81</average_rating>
<ratings_count>481812</ratings_count>
<text_reviews_count>14107</text_reviews_count>
</author>
</authors>

    <reviews_widget>
      <![CDATA[
        <style>
  #goodreads-widget {
    font-family: georgia, serif;
    padding: 18px 0;
    width:565px;
  }
  #goodreads-widget h1 {
    font-weight:normal;
    font-size: 16px;
    border-bottom: 1px solid #BBB596;
    margin-bottom: 0;
  }
  #goodreads-widget a {
    text-decoration: none;
    color:#660;
  }
  iframe{
    background-color: #fff;
  }
  #goodreads-widget a:hover { text-decoration: underline; }
  #goodreads-widget a:active {
    color:#660;
  }
  #gr_footer {
    width: 100%;
    border-top: 1px solid #BBB596;
    text-align: right;
  }
  #goodreads-widget .gr_branding{
    color: #382110;
    font-size: 11px;
    text-decoration: none;
    font-family: "Helvetica Neue", Helvetica, Arial, sans-serif;
  }
</style>
<div id="goodreads-widget">
  <div id="gr_header"><h1><a rel="nofollow" href="https://www.goodreads.com/book/show/106646.The_Doomsday_Conspiracy">The Doomsday Conspiracy Reviews</a></h1></div>
  <iframe id="the_iframe" src="https://www.goodreads.com/api/reviews_widget_iframe?did=DEVELOPER_ID&amp;format=html&amp;isbn=1568650957&amp;links=660&amp;min_rating=&amp;review_back=fff&amp;stars=000&amp;text=000" width="565" height="400" frameborder="0"></iframe>
  <div id="gr_footer">
    <a class="gr_branding" target="_blank" rel="nofollow" href="https://www.goodreads.com/book/show/106646.The_Doomsday_Conspiracy?utm_medium=api&amp;utm_source=reviews_widget">Reviews from Goodreads.com</a>
  </div>
</div>

      ]]>
    </reviews_widget>
  <popular_shelves>
      <shelf name="sidney-sheldon" count="247"/>
      <shelf name="fiction" count="238"/>
      <shelf name="currently-reading" count="215"/>
      <shelf name="thriller" count="158"/>
      <shelf name="to-read" count="132"/>
      <shelf name="mystery" count="91"/>
      <shelf name="suspense" count="48"/>
      <shelf name="books-i-own" count="39"/>
      <shelf name="default" count="34"/>
      <shelf name="favorites" count="33"/>
      <shelf name="sci-fi" count="30"/>
      <shelf name="science-fiction" count="28"/>
      <shelf name="novel" count="28"/>
      <shelf name="mystery-thriller" count="24"/>
      <shelf name="sheldon" count="22"/>
      <shelf name="sydney-sheldon" count="20"/>
      <shelf name="owned" count="18"/>
      <shelf name="crime" count="18"/>
      <shelf name="contemporary" count="17"/>
      <shelf name="romance" count="16"/>
      <shelf name="my-library" count="16"/>
      <shelf name="thrillers" count="16"/>
      <shelf name="novels" count="16"/>
      <shelf name="mystery-suspense" count="15"/>
      <shelf name="suspense-thriller" count="14"/>
      <shelf name="english" count="13"/>
      <shelf name="owned-books" count="11"/>
      <shelf name="general-fiction" count="11"/>
      <shelf name="drama" count="10"/>
      <shelf name="aliens" count="9"/>
      <shelf name="crime-thriller" count="9"/>
      <shelf name="i-own" count="9"/>
      <shelf name="library" count="8"/>
      <shelf name="action" count="8"/>
      <shelf name="sidney" count="8"/>
      <shelf name="adventure" count="7"/>
      <shelf name="borrowed" count="7"/>
      <shelf name="my-books" count="7"/>
      <shelf name="paperback" count="7"/>
      <shelf name="mystery-thriller-suspense" count="7"/>
      <shelf name="conspiracy" count="7"/>
      <shelf name="american" count="6"/>
      <shelf name="e-books" count="6"/>
      <shelf name="home-library" count="6"/>
      <shelf name="sheldon-sidney" count="6"/>
      <shelf name="books" count="6"/>
      <shelf name="adult-fiction" count="6"/>
      <shelf name="ebooks" count="5"/>
      <shelf name="favorite" count="5"/>
      <shelf name="to-buy" count="5"/>
      <shelf name="fantasy" count="5"/>
      <shelf name="favourites" count="5"/>
      <shelf name="paranormal" count="5"/>
      <shelf name="adult" count="5"/>
      <shelf name="finished" count="5"/>
      <shelf name="shelfari-favorites" count="4"/>
      <shelf name="mystery-and-thriller" count="4"/>
      <shelf name="favorite-author" count="4"/>
      <shelf name="suspense-thrillers" count="4"/>
      <shelf name="contemporary-fiction" count="4"/>
      <shelf name="mystery-thrillers" count="4"/>
      <shelf name="abandoned" count="4"/>
      <shelf name="popular-fiction" count="4"/>
      <shelf name="sidney-sheldon-s" count="4"/>
      <shelf name="unread" count="4"/>
      <shelf name="crime-mystery-thriller" count="4"/>
      <shelf name="action-adventure" count="4"/>
      <shelf name="crime-fiction" count="4"/>
      <shelf name="terjemahan" count="4"/>
      <shelf name="own-it" count="4"/>
      <shelf name="mystery-crime" count="4"/>
      <shelf name="sidneysheldon" count="4"/>
      <shelf name="fiction-thriller" count="3"/>
      <shelf name="all-books" count="3"/>
      <shelf name="maybe" count="3"/>
      <shelf name="read-books" count="3"/>
      <shelf name="completed" count="3"/>
      <shelf name="1" count="3"/>
      <shelf name="before-goodreads" count="3"/>
      <shelf name="english-fiction" count="3"/>
      <shelf name="have" count="3"/>
      <shelf name="hard-cover" count="3"/>
      <shelf name="owned-read" count="3"/>
      <shelf name="s-sheldon" count="3"/>
      <shelf name="own-to-read" count="3"/>
      <shelf name="ebook" count="3"/>
      <shelf name="i-own-it" count="3"/>
      <shelf name="pulp-fiction" count="3"/>
      <shelf name="suspence" count="3"/>
      <shelf name="supernatural" count="3"/>
      <shelf name="1992" count="3"/>
      <shelf name="thriller-mystery" count="3"/>
      <shelf name="fiksi-terjemahan" count="3"/>
      <shelf name="thriller-suspense" count="3"/>
      <shelf name="stand-alone" count="2"/>
      <shelf name="my-reads" count="2"/>
      <shelf name="want-to-buy" count="2"/>
      <shelf name="to-read-owned" count="2"/>
      <shelf name="shelfari-wishlist" count="2"/>
      <shelf name="1991" count="2"/>
  </popular_shelves>
  <book_links>
    <book_link>
  <id>8</id>
  <name>Libraries</name>
  <link>https://www.goodreads.com/book_link/follow/8</link>
</book_link>

  </book_links>
  <buy_links>
    <buy_link>
<id>1</id>
<name>Amazon</name>
<link>https://www.goodreads.com/book_link/follow/1</link>
</buy_link>
<buy_link>
<id>10</id>
<name>Audible</name>
<link>https://www.goodreads.com/book_link/follow/10</link>
</buy_link>
<buy_link>
<id>3</id>
<name>Barnes &amp; Noble</name>
<link>https://www.goodreads.com/book_link/follow/3</link>
</buy_link>
<buy_link>
<id>1027</id>
<name>Kobo</name>
<link>https://www.goodreads.com/book_link/follow/1027</link>
</buy_link>
<buy_link>
<id>2102</id>
<name>Apple iBooks</name>
<link>https://www.goodreads.com/book_link/follow/2102</link>
</buy_link>
<buy_link>
<id>8036</id>
<name>Google Play</name>
<link>https://www.goodreads.com/book_link/follow/8036</link>
</buy_link>
<buy_link>
<id>4</id>
<name>Abebooks</name>
<link>https://www.goodreads.com/book_link/follow/4</link>
</buy_link>
<buy_link>
<id>882</id>
<name>Book Depository</name>
<link>https://www.goodreads.com/book_link/follow/882</link>
</buy_link>
<buy_link>
<id>9</id>
<name>Indigo</name>
<link>https://www.goodreads.com/book_link/follow/9</link>
</buy_link>
<buy_link>
<id>2</id>
<name>Half.com</name>
<link>https://www.goodreads.com/book_link/follow/2</link>
</buy_link>
<buy_link>
<id>5</id>
<name>Alibris</name>
<link>https://www.goodreads.com/book_link/follow/5</link>
</buy_link>
<buy_link>
<id>107</id>
<name>Better World Books</name>
<link>https://www.goodreads.com/book_link/follow/107</link>
</buy_link>
<buy_link>
<id>7</id>
<name>IndieBound</name>
<link>https://www.goodreads.com/book_link/follow/7</link>
</buy_link>

  </buy_links>
  <series_works>
    
  </series_works>
  <similar_books>
          <book>
<id>78981</id>
<title>Collected Short Stories</title>
<title_without_series>Collected Short Stories</title_without_series>
<link><![CDATA[https://www.goodreads.com/book/show/78981.Collected_Short_Stories]]></link>
<small_image_url><![CDATA[https://s.gr-assets.com/assets/nophoto/book/50x75-a91bf249278a81aabab721ef782c4a74.png]]></small_image_url>
<image_url><![CDATA[https://s.gr-assets.com/assets/nophoto/book/111x148-bcc042a9c91a29c1d680899eff700a03.png]]></image_url>
<num_pages>710</num_pages>
<work>
<id>76262</id>
</work>
<isbn>0006514057</isbn>
<isbn13>9780006514053</isbn13>
<average_rating>3.91</average_rating>
<ratings_count>2069</ratings_count>
<publication_year>1999</publication_year>
<publication_month></publication_month>
<publication_day></publication_day>
<authors>
<author>
<id>4820</id>
<name>Jeffrey Archer</name>
<link><![CDATA[https://www.goodreads.com/author/show/4820.Jeffrey_Archer]]></link>
</author>
</authors>
</book>

          <book>
<id>21858644</id>
<title>Dead of Wynter</title>
<title_without_series>Dead of Wynter</title_without_series>
<link><![CDATA[https://www.goodreads.com/book/show/21858644-dead-of-wynter]]></link>
<small_image_url><![CDATA[https://images.gr-assets.com/books/1396962482s/21858644.jpg]]></small_image_url>
<image_url><![CDATA[https://images.gr-assets.com/books/1396962482m/21858644.jpg]]></image_url>
<num_pages></num_pages>
<work>
<id>14556325</id>
</work>
<isbn></isbn>
<isbn13></isbn13>
<average_rating>3.89</average_rating>
<ratings_count>61</ratings_count>
<publication_year></publication_year>
<publication_month></publication_month>
<publication_day></publication_day>
<authors>
<author>
<id>4452470</id>
<name>Spencer Seidel</name>
<link><![CDATA[https://www.goodreads.com/author/show/4452470.Spencer_Seidel]]></link>
</author>
</authors>
</book>

          <book>
<id>278797</id>
<title>Abduction</title>
<title_without_series>Abduction</title_without_series>
<link><![CDATA[https://www.goodreads.com/book/show/278797.Abduction]]></link>
<small_image_url><![CDATA[https://images.gr-assets.com/books/1356446061s/278797.jpg]]></small_image_url>
<image_url><![CDATA[https://images.gr-assets.com/books/1356446061m/278797.jpg]]></image_url>
<num_pages>406</num_pages>
<work>
<id>2666720</id>
</work>
<isbn>0330369008</isbn>
<isbn13>9780330369008</isbn13>
<average_rating>3.47</average_rating>
<ratings_count>4410</ratings_count>
<publication_year></publication_year>
<publication_month></publication_month>
<publication_day></publication_day>
<authors>
<author>
<id>19697</id>
<name>Robin Cook</name>
<link><![CDATA[https://www.goodreads.com/author/show/19697.Robin_Cook]]></link>
</author>
</authors>
</book>

          <book>
<id>135926</id>
<title>Timothy&apos;s Game</title>
<title_without_series>Timothy&apos;s Game</title_without_series>
<link><![CDATA[https://www.goodreads.com/book/show/135926.Timothy_s_Game]]></link>
<small_image_url><![CDATA[https://images.gr-assets.com/books/1347970707s/135926.jpg]]></small_image_url>
<image_url><![CDATA[https://images.gr-assets.com/books/1347970707m/135926.jpg]]></image_url>
<num_pages>352</num_pages>
<work>
<id>130994</id>
</work>
<isbn>0425116417</isbn>
<isbn13>9780425116418</isbn13>
<average_rating>3.65</average_rating>
<ratings_count>633</ratings_count>
<publication_year>1989</publication_year>
<publication_month>7</publication_month>
<publication_day>1</publication_day>
<authors>
<author>
<id>9598</id>
<name>Lawrence Sanders</name>
<link><![CDATA[https://www.goodreads.com/author/show/9598.Lawrence_Sanders]]></link>
</author>
</authors>
</book>

          <book>
<id>864741</id>
<title>A Perfect Stranger</title>
<title_without_series>A Perfect Stranger</title_without_series>
<link><![CDATA[https://www.goodreads.com/book/show/864741.A_Perfect_Stranger]]></link>
<small_image_url><![CDATA[https://images.gr-assets.com/books/1320465164s/864741.jpg]]></small_image_url>
<image_url><![CDATA[https://images.gr-assets.com/books/1320465164m/864741.jpg]]></image_url>
<num_pages>393</num_pages>
<work>
<id>2977912</id>
</work>
<isbn>0440168724</isbn>
<isbn13>9780440168720</isbn13>
<average_rating>3.75</average_rating>
<ratings_count>6234</ratings_count>
<publication_year>1985</publication_year>
<publication_month>7</publication_month>
<publication_day>1</publication_day>
<authors>
<author>
<id>14255</id>
<name>Danielle Steel</name>
<link><![CDATA[https://www.goodreads.com/author/show/14255.Danielle_Steel]]></link>
</author>
</authors>
</book>

          <book>
<id>308576</id>
<title>Tycoon</title>
<title_without_series>Tycoon</title_without_series>
<link><![CDATA[https://www.goodreads.com/book/show/308576.Tycoon]]></link>
<small_image_url><![CDATA[https://s.gr-assets.com/assets/nophoto/book/50x75-a91bf249278a81aabab721ef782c4a74.png]]></small_image_url>
<image_url><![CDATA[https://s.gr-assets.com/assets/nophoto/book/111x148-bcc042a9c91a29c1d680899eff700a03.png]]></image_url>
<num_pages>432</num_pages>
<work>
<id>3304427</id>
</work>
<isbn>0671872958</isbn>
<isbn13>9780671872953</isbn13>
<average_rating>3.49</average_rating>
<ratings_count>450</ratings_count>
<publication_year>1998</publication_year>
<publication_month>11</publication_month>
<publication_day>1</publication_day>
<authors>
<author>
<id>32005</id>
<name>Harold Robbins</name>
<link><![CDATA[https://www.goodreads.com/author/show/32005.Harold_Robbins]]></link>
</author>
</authors>
</book>

          <book>
<id>478143</id>
<title>The Fan Club</title>
<title_without_series>The Fan Club</title_without_series>
<link><![CDATA[https://www.goodreads.com/book/show/478143.The_Fan_Club]]></link>
<small_image_url><![CDATA[https://images.gr-assets.com/books/1331501061s/478143.jpg]]></small_image_url>
<image_url><![CDATA[https://images.gr-assets.com/books/1331501061m/478143.jpg]]></image_url>
<num_pages>511</num_pages>
<work>
<id>620922</id>
</work>
<isbn>0304293695</isbn>
<isbn13>9780304293698</isbn13>
<average_rating>3.42</average_rating>
<ratings_count>899</ratings_count>
<publication_year>1974</publication_year>
<publication_month>3</publication_month>
<publication_day>29</publication_day>
<authors>
<author>
<id>128499</id>
<name>Irving Wallace</name>
<link><![CDATA[https://www.goodreads.com/author/show/128499.Irving_Wallace]]></link>
</author>
</authors>
</book>

          <book>
<id>1478858</id>
<title><![CDATA[John Saul: Hellfire, The Unwanted, Sleepwalk]]></title>
<title_without_series><![CDATA[John Saul: Hellfire, The Unwanted, Sleepwalk]]></title_without_series>
<link><![CDATA[https://www.goodreads.com/book/show/1478858.John_Saul]]></link>
<small_image_url><![CDATA[https://s.gr-assets.com/assets/nophoto/book/50x75-a91bf249278a81aabab721ef782c4a74.png]]></small_image_url>
<image_url><![CDATA[https://s.gr-assets.com/assets/nophoto/book/111x148-bcc042a9c91a29c1d680899eff700a03.png]]></image_url>
<num_pages>819</num_pages>
<work>
<id>1469912</id>
</work>
<isbn>0517084775</isbn>
<isbn13>9780517084779</isbn13>
<average_rating>4.38</average_rating>
<ratings_count>210</ratings_count>
<publication_year>1992</publication_year>
<publication_month>12</publication_month>
<publication_day>29</publication_day>
<authors>
<author>
<id>4387</id>
<name>John Saul</name>
<link><![CDATA[https://www.goodreads.com/author/show/4387.John_Saul]]></link>
</author>
</authors>
</book>

          <book>
<id>12830589</id>
<title><![CDATA[Last Seen After Midnight (Trese, #4)]]></title>
<title_without_series>Last Seen After Midnight</title_without_series>
<link><![CDATA[https://www.goodreads.com/book/show/12830589-last-seen-after-midnight]]></link>
<small_image_url><![CDATA[https://images.gr-assets.com/books/1318125750s/12830589.jpg]]></small_image_url>
<image_url><![CDATA[https://images.gr-assets.com/books/1318125750m/12830589.jpg]]></image_url>
<num_pages>108</num_pages>
<work>
<id>17980708</id>
</work>
<isbn>9710545078</isbn>
<isbn13>9789710545070</isbn13>
<average_rating>4.24</average_rating>
<ratings_count>761</ratings_count>
<publication_year>2011</publication_year>
<publication_month>9</publication_month>
<publication_day></publication_day>
<authors>
<author>
<id>3085496</id>
<name>Budjette Tan</name>
<link><![CDATA[https://www.goodreads.com/author/show/3085496.Budjette_Tan]]></link>
</author>
</authors>
</book>

  </similar_books>
</book>

</GoodreadsResponse>