<?xml version="1.0" encoding="UTF-8"?>
<GoodreadsResponse>
  <Request>
    <authentication>true</authentication>
      <key><![CDATA[all_men_must_serve]]></key>
    <method><![CDATA[book_show]]></method>
  </Request>
  <book>
  <id>10661081</id>
  <title><![CDATA[Vampire Academy: The Ultimate Guide (Vampire Academy)]]></title>
  <isbn><![CDATA[159514451X]]></isbn>
  <isbn13><![CDATA[9781595144515]]></isbn13>
  <asin><![CDATA[]]></asin>
  <kindle_asin><![CDATA[B005OW82M2]]></kindle_asin>
  <marketplace_id><![CDATA[A1F83G8C2ARO7P]]></marketplace_id>
  <country_code><![CDATA[GB]]></country_code>
  <image_url>https://images.gr-assets.com/books/1327901152m/10661081.jpg</image_url>
  <small_image_url>https://images.gr-assets.com/books/1327901152s/10661081.jpg</small_image_url>
  <publication_year>2011</publication_year>
  <publication_month>12</publication_month>
  <publication_day>22</publication_day>
  <publisher>Razorbill</publisher>
  <language_code>eng</language_code>
  <is_ebook>false</is_ebook>
  <description><![CDATA[<b>Prepare to be Tested.</b><br /><b>The story that kicked off the international #1 bestselling <i>Vampire Academy</i> series is NOW A MAJOR MOTION PICTURE.</b><br /><b>Read it Before it Hits Theaters February 14th, 2014!</b><br /><br /><b>The official guide to the #1 international bestselling Vampire Academy series</b><br /><br />Sink your teeth into the perfect holiday gift and must-have collector's item for every fan of Richelle Mead's totally addicting Vampire Academy series.<br /><br />Discover the history of St. Vladimir's Academy, explore the dark psychology behind Rose and Lissa's spirit bond, and find out even more illicit secrets about Moroi society. This ultimate guide will feature everything readers want and need to go even deeper into the world of <i>Vampire Academy</i>, <i>Frostbite</i>, <i>Shadow Kiss</i>, <i>Blood Promise</i>, <i>Spirit Bound</i>, and <i>Last Sacrifice</i> . . . every heartache, every betrayal, every sacrifice, and so much more!<br /> ]]></description>
  <work>
  <id type="integer">15570344</id>
  <books_count type="integer">7</books_count>
  <best_book_id type="integer">10661081</best_book_id>
  <reviews_count type="integer">46877</reviews_count>
  <ratings_sum type="integer">146601</ratings_sum>
  <ratings_count type="integer">32949</ratings_count>
  <text_reviews_count type="integer">206</text_reviews_count>
  <original_publication_year type="integer">2011</original_publication_year>
  <original_publication_month type="integer">11</original_publication_month>
  <original_publication_day type="integer">23</original_publication_day>
  <original_title></original_title>
  <original_language_id type="integer" nil="true"/>
  <media_type>book</media_type>
  <rating_dist>5:22256|4:5691|3:3288|2:979|1:735|total:32949</rating_dist>
  <desc_user_id type="integer">4632071</desc_user_id>
  <default_chaptering_book_id type="integer" nil="true"/>
  <default_description_language_code nil="true"/>
</work>
  <average_rating>4.45</average_rating>
  <num_pages><![CDATA[305]]></num_pages>
  <format><![CDATA[Paperback]]></format>
  <edition_information><![CDATA[]]></edition_information>
  <ratings_count><![CDATA[32846]]></ratings_count>
  <text_reviews_count><![CDATA[187]]></text_reviews_count>
  <url><![CDATA[https://www.goodreads.com/book/show/10661081-vampire-academy]]></url>
  <link><![CDATA[https://www.goodreads.com/book/show/10661081-vampire-academy]]></link>
  <authors>
<author>
<id>38531</id>
<name>Michelle Rowen</name>
<role></role>
<image_url nophoto='false'>
<![CDATA[https://images.gr-assets.com/authors/1235178439p5/38531.jpg]]>
</image_url>
<small_image_url nophoto='false'>
<![CDATA[https://images.gr-assets.com/authors/1235178439p2/38531.jpg]]>
</small_image_url>
<link><![CDATA[https://www.goodreads.com/author/show/38531.Michelle_Rowen]]></link>
<average_rating>4.08</average_rating>
<ratings_count>167070</ratings_count>
<text_reviews_count>15486</text_reviews_count>
</author>
<author>
<id>137902</id>
<name>Richelle Mead</name>
<role></role>
<image_url nophoto='false'>
<![CDATA[https://images.gr-assets.com/authors/1270374609p5/137902.jpg]]>
</image_url>
<small_image_url nophoto='false'>
<![CDATA[https://images.gr-assets.com/authors/1270374609p2/137902.jpg]]>
</small_image_url>
<link><![CDATA[https://www.goodreads.com/author/show/137902.Richelle_Mead]]></link>
<average_rating>4.27</average_rating>
<ratings_count>2598463</ratings_count>
<text_reviews_count>126494</text_reviews_count>
</author>
</authors>

    <reviews_widget>
      <![CDATA[
        <style>
  #goodreads-widget {
    font-family: georgia, serif;
    padding: 18px 0;
    width:565px;
  }
  #goodreads-widget h1 {
    font-weight:normal;
    font-size: 16px;
    border-bottom: 1px solid #BBB596;
    margin-bottom: 0;
  }
  #goodreads-widget a {
    text-decoration: none;
    color:#660;
  }
  iframe{
    background-color: #fff;
  }
  #goodreads-widget a:hover { text-decoration: underline; }
  #goodreads-widget a:active {
    color:#660;
  }
  #gr_footer {
    width: 100%;
    border-top: 1px solid #BBB596;
    text-align: right;
  }
  #goodreads-widget .gr_branding{
    color: #382110;
    font-size: 11px;
    text-decoration: none;
    font-family: "Helvetica Neue", Helvetica, Arial, sans-serif;
  }
</style>
<div id="goodreads-widget">
  <div id="gr_header"><h1><a rel="nofollow" href="https://www.goodreads.com/book/show/10661081-vampire-academy">Vampire Academy Reviews</a></h1></div>
  <iframe id="the_iframe" src="https://www.goodreads.com/api/reviews_widget_iframe?did=DEVELOPER_ID&amp;format=html&amp;isbn=159514451X&amp;links=660&amp;min_rating=&amp;review_back=fff&amp;stars=000&amp;text=000" width="565" height="400" frameborder="0"></iframe>
  <div id="gr_footer">
    <a class="gr_branding" target="_blank" rel="nofollow" href="https://www.goodreads.com/book/show/10661081-vampire-academy?utm_medium=api&amp;utm_source=reviews_widget">Reviews from Goodreads.com</a>
  </div>
</div>

      ]]>
    </reviews_widget>
  <popular_shelves>
      <shelf name="to-read" count="2515"/>
      <shelf name="vampires" count="138"/>
      <shelf name="books-i-own" count="80"/>
      <shelf name="currently-reading" count="73"/>
      <shelf name="young-adult" count="70"/>
      <shelf name="vampire-academy" count="63"/>
      <shelf name="vampire" count="46"/>
      <shelf name="paranormal" count="44"/>
      <shelf name="favorites" count="43"/>
      <shelf name="richelle-mead" count="40"/>
      <shelf name="fantasy" count="33"/>
      <shelf name="ya" count="31"/>
      <shelf name="to-buy" count="18"/>
      <shelf name="romance" count="17"/>
      <shelf name="series" count="16"/>
      <shelf name="my-books" count="15"/>
      <shelf name="urban-fantasy" count="14"/>
      <shelf name="supernatural" count="14"/>
      <shelf name="i-own" count="13"/>
      <shelf name="wish-list" count="13"/>
      <shelf name="owned-books" count="11"/>
      <shelf name="read-in-2012" count="11"/>
      <shelf name="owned" count="10"/>
      <shelf name="fiction" count="10"/>
      <shelf name="vampire-books" count="9"/>
      <shelf name="magic" count="9"/>
      <shelf name="vamps" count="9"/>
      <shelf name="vampire-academy-series" count="8"/>
      <shelf name="want-to-read" count="8"/>
      <shelf name="paranormal-romance" count="8"/>
      <shelf name="va" count="7"/>
      <shelf name="shelfari-wishlist" count="6"/>
      <shelf name="books-i-have" count="6"/>
      <shelf name="kindle" count="6"/>
      <shelf name="read-in-2015" count="5"/>
      <shelf name="default" count="5"/>
      <shelf name="read-in-2013" count="5"/>
      <shelf name="favourites" count="5"/>
      <shelf name="ya-books" count="5"/>
      <shelf name="non-fiction" count="5"/>
      <shelf name="nonfiction" count="5"/>
      <shelf name="library" count="5"/>
      <shelf name="my-bookshelf" count="5"/>
      <shelf name="tbr" count="5"/>
      <shelf name="2012-reads" count="5"/>
      <shelf name="guides" count="5"/>
      <shelf name="guide" count="5"/>
      <shelf name="teen" count="5"/>
      <shelf name="michelle-rowen" count="5"/>
      <shelf name="bookshelf" count="4"/>
      <shelf name="teen-books" count="4"/>
      <shelf name="ya-fantasy" count="4"/>
      <shelf name="5-stars" count="4"/>
      <shelf name="companion" count="4"/>
      <shelf name="ebooks" count="4"/>
      <shelf name="ebook" count="4"/>
      <shelf name="mine" count="4"/>
      <shelf name="books-read-in-2012" count="4"/>
      <shelf name="reference" count="4"/>
      <shelf name="2011-release" count="4"/>
      <shelf name="ya-paranormal" count="4"/>
      <shelf name="novellas" count="3"/>
      <shelf name="2014-reads" count="3"/>
      <shelf name="bloodlines" count="3"/>
      <shelf name="companion-books" count="3"/>
      <shelf name="books" count="3"/>
      <shelf name="finished-series" count="3"/>
      <shelf name="need-to-get" count="3"/>
      <shelf name="e-book" count="3"/>
      <shelf name="school" count="3"/>
      <shelf name="my-favorites" count="3"/>
      <shelf name="anthologies" count="3"/>
      <shelf name="owned-but-not-read" count="3"/>
      <shelf name="1" count="3"/>
      <shelf name="young-adult-paranormal" count="3"/>
      <shelf name="reviewed" count="3"/>
      <shelf name="read-in-english" count="3"/>
      <shelf name="signed" count="3"/>
      <shelf name="own-it" count="3"/>
      <shelf name="maybe-read" count="3"/>
      <shelf name="favorite-series" count="3"/>
      <shelf name="must-read" count="3"/>
      <shelf name="need-to-buy" count="3"/>
      <shelf name="not-interested" count="2"/>
      <shelf name="will-read" count="2"/>
      <shelf name="read-2016" count="2"/>
      <shelf name="young-adult-fiction" count="2"/>
      <shelf name="my-library" count="2"/>
      <shelf name="physical-copy" count="2"/>
      <shelf name="novels" count="2"/>
      <shelf name="owned-ebooks" count="2"/>
      <shelf name="to-read-series" count="2"/>
      <shelf name="dnf" count="2"/>
      <shelf name="movie" count="2"/>
      <shelf name="2-stars" count="2"/>
      <shelf name="already-read" count="2"/>
      <shelf name="books-that-i-have" count="2"/>
      <shelf name="action" count="2"/>
      <shelf name="finished" count="2"/>
      <shelf name="not-owned" count="2"/>
  </popular_shelves>
  <book_links>
    <book_link>
  <id>8</id>
  <name>Libraries</name>
  <link>https://www.goodreads.com/book_link/follow/8</link>
</book_link>

  </book_links>
  <buy_links>
    <buy_link>
<id>1</id>
<name>Amazon</name>
<link>https://www.goodreads.com/book_link/follow/1</link>
</buy_link>
<buy_link>
<id>10</id>
<name>Audible</name>
<link>https://www.goodreads.com/book_link/follow/10</link>
</buy_link>
<buy_link>
<id>3</id>
<name>Barnes &amp; Noble</name>
<link>https://www.goodreads.com/book_link/follow/3</link>
</buy_link>
<buy_link>
<id>1027</id>
<name>Kobo</name>
<link>https://www.goodreads.com/book_link/follow/1027</link>
</buy_link>
<buy_link>
<id>2102</id>
<name>Apple iBooks</name>
<link>https://www.goodreads.com/book_link/follow/2102</link>
</buy_link>
<buy_link>
<id>8036</id>
<name>Google Play</name>
<link>https://www.goodreads.com/book_link/follow/8036</link>
</buy_link>
<buy_link>
<id>4</id>
<name>Abebooks</name>
<link>https://www.goodreads.com/book_link/follow/4</link>
</buy_link>
<buy_link>
<id>882</id>
<name>Book Depository</name>
<link>https://www.goodreads.com/book_link/follow/882</link>
</buy_link>
<buy_link>
<id>9</id>
<name>Indigo</name>
<link>https://www.goodreads.com/book_link/follow/9</link>
</buy_link>
<buy_link>
<id>2</id>
<name>Half.com</name>
<link>https://www.goodreads.com/book_link/follow/2</link>
</buy_link>
<buy_link>
<id>5</id>
<name>Alibris</name>
<link>https://www.goodreads.com/book_link/follow/5</link>
</buy_link>
<buy_link>
<id>107</id>
<name>Better World Books</name>
<link>https://www.goodreads.com/book_link/follow/107</link>
</buy_link>
<buy_link>
<id>7</id>
<name>IndieBound</name>
<link>https://www.goodreads.com/book_link/follow/7</link>
</buy_link>

  </buy_links>
  <series_works>
    <series_work>
<id>329785</id>
<user_position></user_position>
<series>
<id>42114</id>
<title>
<![CDATA[
    Vampire Academy
]]>
</title>
<description>
<![CDATA[
    Two races of vampires walk our world. One, the Moroi, are alive and wield elemental magical. The other, the Strigoi, are undead and evil-feeding on the innocent to survive. Rose Hathaway-a half-vampire with poor impulse control-is training to be a bodyguard for a Moroi princess. Learning to decapitate and stake is hard enough, but Rose's real danger may lie in an illicit romance with one of her instructors...
    
    See also the spin-off <a href="http://www.goodreads.com/series/54340">Bloodlines series</a> and the <a href="http://www.goodreads.com/series/59598">graphic novel adaptation</a>.
    
    Series also known as:
    <i>* L'accademia dei vampiri</i>
    <i>* Academia vampirilor</i>
    <i>* Vampyrų akademija</i>
]]>
</description>
<note>
<![CDATA[
]]>
</note>
<series_works_count>16</series_works_count>
<primary_work_count>6</primary_work_count>
<numbered>true</numbered>
</series>

</series_work>

  </series_works>
  <similar_books>
          <book>
<id>9723976</id>
<title><![CDATA[Frostbite: The Graphic Novel (Vampire Academy: The Graphic Novel, #2)]]></title>
<title_without_series>Frostbite: The Graphic Novel</title_without_series>
<link><![CDATA[https://www.goodreads.com/book/show/9723976-frostbite]]></link>
<small_image_url><![CDATA[https://images.gr-assets.com/books/1331421398s/9723976.jpg]]></small_image_url>
<image_url><![CDATA[https://images.gr-assets.com/books/1331421398m/9723976.jpg]]></image_url>
<num_pages>156</num_pages>
<work>
<id>17283617</id>
</work>
<isbn>1595144307</isbn>
<isbn13>9781595144300</isbn13>
<average_rating>4.32</average_rating>
<ratings_count>5107</ratings_count>
<publication_year>2012</publication_year>
<publication_month>5</publication_month>
<publication_day>24</publication_day>
<authors>
<author>
<id>137902</id>
<name>Richelle Mead</name>
<link><![CDATA[https://www.goodreads.com/author/show/137902.Richelle_Mead]]></link>
</author>
</authors>
</book>

          <book>
<id>8462184</id>
<title><![CDATA[The Morganville Vampires, Volume 3 (The Morganville Vampires, #5-6)]]></title>
<title_without_series><![CDATA[The Morganville Vampires, Volume 3]]></title_without_series>
<link><![CDATA[https://www.goodreads.com/book/show/8462184-the-morganville-vampires-volume-3]]></link>
<small_image_url><![CDATA[https://s.gr-assets.com/assets/nophoto/book/50x75-a91bf249278a81aabab721ef782c4a74.png]]></small_image_url>
<image_url><![CDATA[https://s.gr-assets.com/assets/nophoto/book/111x148-bcc042a9c91a29c1d680899eff700a03.png]]></image_url>
<num_pages>446</num_pages>
<work>
<id>13783430</id>
</work>
<isbn>0451233557</isbn>
<isbn13>9780451233554</isbn13>
<average_rating>4.39</average_rating>
<ratings_count>13890</ratings_count>
<publication_year>2011</publication_year>
<publication_month>3</publication_month>
<publication_day>1</publication_day>
<authors>
<author>
<id>15292</id>
<name>Rachel Caine</name>
<link><![CDATA[https://www.goodreads.com/author/show/15292.Rachel_Caine]]></link>
</author>
</authors>
</book>

          <book>
<id>6609490</id>
<title><![CDATA[Night World: The Ultimate Fan Guide]]></title>
<title_without_series><![CDATA[Night World: The Ultimate Fan Guide]]></title_without_series>
<link><![CDATA[https://www.goodreads.com/book/show/6609490-night-world]]></link>
<small_image_url><![CDATA[https://s.gr-assets.com/assets/nophoto/book/50x75-a91bf249278a81aabab721ef782c4a74.png]]></small_image_url>
<image_url><![CDATA[https://s.gr-assets.com/assets/nophoto/book/111x148-bcc042a9c91a29c1d680899eff700a03.png]]></image_url>
<num_pages>282</num_pages>
<work>
<id>6989102</id>
</work>
<isbn>1442402849</isbn>
<isbn13>9781442402843</isbn13>
<average_rating>4.36</average_rating>
<ratings_count>13678</ratings_count>
<publication_year>2009</publication_year>
<publication_month>10</publication_month>
<publication_day>27</publication_day>
<authors>
<author>
<id>3152416</id>
<name>Annette Pollert</name>
<link><![CDATA[https://www.goodreads.com/author/show/3152416.Annette_Pollert]]></link>
</author>
</authors>
</book>

          <book>
<id>6484692</id>
<title><![CDATA[Blue Bloods 3-Book Boxed Set (Blue Bloods, #1-3)]]></title>
<title_without_series>Blue Bloods 3-Book Boxed Set</title_without_series>
<link><![CDATA[https://www.goodreads.com/book/show/6484692-blue-bloods-3-book-boxed-set]]></link>
<small_image_url><![CDATA[https://s.gr-assets.com/assets/nophoto/book/50x75-a91bf249278a81aabab721ef782c4a74.png]]></small_image_url>
<image_url><![CDATA[https://s.gr-assets.com/assets/nophoto/book/111x148-bcc042a9c91a29c1d680899eff700a03.png]]></image_url>
<num_pages>944</num_pages>
<work>
<id>6676019</id>
</work>
<isbn>1423125959</isbn>
<isbn13>9781423125952</isbn13>
<average_rating>4.27</average_rating>
<ratings_count>5437</ratings_count>
<publication_year>2009</publication_year>
<publication_month>10</publication_month>
<publication_day>6</publication_day>
<authors>
<author>
<id>21911</id>
<name>Melissa de la Cruz</name>
<link><![CDATA[https://www.goodreads.com/author/show/21911.Melissa_de_la_Cruz]]></link>
</author>
</authors>
</book>

          <book>
<id>7701275</id>
<title><![CDATA[The Immortals Boxed Set (The Immortals, #1-3)]]></title>
<title_without_series>The Immortals Boxed Set</title_without_series>
<link><![CDATA[https://www.goodreads.com/book/show/7701275-the-immortals-boxed-set]]></link>
<small_image_url><![CDATA[https://images.gr-assets.com/books/1311995373s/7701275.jpg]]></small_image_url>
<image_url><![CDATA[https://images.gr-assets.com/books/1311995373m/7701275.jpg]]></image_url>
<num_pages>1264</num_pages>
<work>
<id>10396262</id>
</work>
<isbn>0312534353</isbn>
<isbn13>9780312534356</isbn13>
<average_rating>4.28</average_rating>
<ratings_count>13142</ratings_count>
<publication_year>2010</publication_year>
<publication_month>10</publication_month>
<publication_day>12</publication_day>
<authors>
<author>
<id>200317</id>
<name>Alyson Noel</name>
<link><![CDATA[https://www.goodreads.com/author/show/200317.Alyson_Noel]]></link>
</author>
</authors>
</book>

          <book>
<id>8724779</id>
<title><![CDATA[Marked / Betrayed / Chosen / Untamed / Hunted (House of Night #1-5)]]></title>
<title_without_series><![CDATA[Marked / Betrayed / Chosen / Untamed / Hunted]]></title_without_series>
<link><![CDATA[https://www.goodreads.com/book/show/8724779-marked-betrayed-chosen-untamed-hunted]]></link>
<small_image_url><![CDATA[https://images.gr-assets.com/books/1347018756s/8724779.jpg]]></small_image_url>
<image_url><![CDATA[https://images.gr-assets.com/books/1347018756m/8724779.jpg]]></image_url>
<num_pages></num_pages>
<work>
<id>13597737</id>
</work>
<isbn>0312530641</isbn>
<isbn13>9780312530648</isbn13>
<average_rating>4.43</average_rating>
<ratings_count>20594</ratings_count>
<publication_year>2009</publication_year>
<publication_month>9</publication_month>
<publication_day>29</publication_day>
<authors>
<author>
<id>17015</id>
<name>P.C. Cast</name>
<link><![CDATA[https://www.goodreads.com/author/show/17015.P_C_Cast]]></link>
</author>
</authors>
</book>

          <book>
<id>13533758</id>
<title><![CDATA[Foretold: 14 Tales of Prophecy and Prediction]]></title>
<title_without_series><![CDATA[Foretold: 14 Tales of Prophecy and Prediction]]></title_without_series>
<link><![CDATA[https://www.goodreads.com/book/show/13533758-foretold]]></link>
<small_image_url><![CDATA[https://images.gr-assets.com/books/1331745124s/13533758.jpg]]></small_image_url>
<image_url><![CDATA[https://images.gr-assets.com/books/1331745124m/13533758.jpg]]></image_url>
<num_pages>351</num_pages>
<work>
<id>19095444</id>
</work>
<isbn>0385741294</isbn>
<isbn13>9780385741293</isbn13>
<average_rating>3.98</average_rating>
<ratings_count>7378</ratings_count>
<publication_year>2012</publication_year>
<publication_month>8</publication_month>
<publication_day>28</publication_day>
<authors>
<author>
<id>1443712</id>
<name>Carrie Ryan</name>
<link><![CDATA[https://www.goodreads.com/author/show/1443712.Carrie_Ryan]]></link>
</author>
</authors>
</book>

          <book>
<id>11514260</id>
<title><![CDATA[Hush, Hush (Hush, Hush: The Graphic Novel, #1)]]></title>
<title_without_series>Hush, Hush</title_without_series>
<link><![CDATA[https://www.goodreads.com/book/show/11514260-hush-hush]]></link>
<small_image_url><![CDATA[https://images.gr-assets.com/books/1312079637s/11514260.jpg]]></small_image_url>
<image_url><![CDATA[https://images.gr-assets.com/books/1312079637m/11514260.jpg]]></image_url>
<num_pages>120</num_pages>
<work>
<id>17169945</id>
</work>
<isbn>0983613117</isbn>
<isbn13>9780983613114</isbn13>
<average_rating>4.26</average_rating>
<ratings_count>6991</ratings_count>
<publication_year>2012</publication_year>
<publication_month>3</publication_month>
<publication_day>20</publication_day>
<authors>
<author>
<id>2876763</id>
<name>Becca Fitzpatrick</name>
<link><![CDATA[https://www.goodreads.com/author/show/2876763.Becca_Fitzpatrick]]></link>
</author>
</authors>
</book>

          <book>
<id>18342308</id>
<title><![CDATA[Vampire Academy: The Official Illustrated Movie Companion]]></title>
<title_without_series><![CDATA[Vampire Academy: The Official Illustrated Movie Companion]]></title_without_series>
<link><![CDATA[https://www.goodreads.com/book/show/18342308-vampire-academy]]></link>
<small_image_url><![CDATA[https://images.gr-assets.com/books/1382323930s/18342308.jpg]]></small_image_url>
<image_url><![CDATA[https://images.gr-assets.com/books/1382323930m/18342308.jpg]]></image_url>
<num_pages>144</num_pages>
<work>
<id>25897636</id>
</work>
<isbn>1595147802</isbn>
<isbn13>9781595147806</isbn13>
<average_rating>4.47</average_rating>
<ratings_count>1026</ratings_count>
<publication_year>2013</publication_year>
<publication_month>12</publication_month>
<publication_day>31</publication_day>
<authors>
<author>
<id>32324</id>
<name>Brandon T. Snider</name>
<link><![CDATA[https://www.goodreads.com/author/show/32324.Brandon_T_Snider]]></link>
</author>
</authors>
</book>

          <book>
<id>5489684</id>
<title><![CDATA[Vampire Kisses: The Beginning (Vampire Kisses, #1-3)]]></title>
<title_without_series>Vampire Kisses: The Beginning</title_without_series>
<link><![CDATA[https://www.goodreads.com/book/show/5489684-vampire-kisses]]></link>
<small_image_url><![CDATA[https://s.gr-assets.com/assets/nophoto/book/50x75-a91bf249278a81aabab721ef782c4a74.png]]></small_image_url>
<image_url><![CDATA[https://s.gr-assets.com/assets/nophoto/book/111x148-bcc042a9c91a29c1d680899eff700a03.png]]></image_url>
<num_pages>562</num_pages>
<work>
<id>5557331</id>
</work>
<isbn>006177894X</isbn>
<isbn13>9780061778940</isbn13>
<average_rating>4.12</average_rating>
<ratings_count>25849</ratings_count>
<publication_year></publication_year>
<publication_month></publication_month>
<publication_day></publication_day>
<authors>
<author>
<id>153734</id>
<name>Ellen Schreiber</name>
<link><![CDATA[https://www.goodreads.com/author/show/153734.Ellen_Schreiber]]></link>
</author>
</authors>
</book>

          <book>
<id>8726744</id>
<title><![CDATA[The Twilight Saga Complete Collection  (Twilight, #1-4 + 3.5)]]></title>
<title_without_series><![CDATA[The Twilight Saga Complete Collection]]></title_without_series>
<link><![CDATA[https://www.goodreads.com/book/show/8726744-the-twilight-saga-complete-collection]]></link>
<small_image_url><![CDATA[https://s.gr-assets.com/assets/nophoto/book/50x75-a91bf249278a81aabab721ef782c4a74.png]]></small_image_url>
<image_url><![CDATA[https://s.gr-assets.com/assets/nophoto/book/111x148-bcc042a9c91a29c1d680899eff700a03.png]]></image_url>
<num_pages>2752</num_pages>
<work>
<id>14194990</id>
</work>
<isbn>031613290X</isbn>
<isbn13>9780316132909</isbn13>
<average_rating>4.31</average_rating>
<ratings_count>57847</ratings_count>
<publication_year>2010</publication_year>
<publication_month>10</publication_month>
<publication_day>12</publication_day>
<authors>
<author>
<id>941441</id>
<name>Stephenie Meyer</name>
<link><![CDATA[https://www.goodreads.com/author/show/941441.Stephenie_Meyer]]></link>
</author>
</authors>
</book>

          <book>
<id>7775611</id>
<title><![CDATA[Thirst No. 3: The Eternal Dawn (Thirst, #3)]]></title>
<title_without_series><![CDATA[Thirst No. 3: The Eternal Dawn]]></title_without_series>
<link><![CDATA[https://www.goodreads.com/book/show/7775611-thirst-no-3]]></link>
<small_image_url><![CDATA[https://images.gr-assets.com/books/1327900455s/7775611.jpg]]></small_image_url>
<image_url><![CDATA[https://images.gr-assets.com/books/1327900455m/7775611.jpg]]></image_url>
<num_pages>478</num_pages>
<work>
<id>10682093</id>
</work>
<isbn>1442413174</isbn>
<isbn13>9781442413177</isbn13>
<average_rating>4.14</average_rating>
<ratings_count>17543</ratings_count>
<publication_year>2010</publication_year>
<publication_month>10</publication_month>
<publication_day>5</publication_day>
<authors>
<author>
<id>19954</id>
<name>Christopher Pike</name>
<link><![CDATA[https://www.goodreads.com/author/show/19954.Christopher_Pike]]></link>
</author>
</authors>
</book>

          <book>
<id>6606305</id>
<title><![CDATA[Black Dagger Brotherhood: Boxed Set #1-6]]></title>
<title_without_series><![CDATA[Black Dagger Brotherhood: Boxed Set #1-6]]></title_without_series>
<link><![CDATA[https://www.goodreads.com/book/show/6606305-black-dagger-brotherhood]]></link>
<small_image_url><![CDATA[https://s.gr-assets.com/assets/nophoto/book/50x75-a91bf249278a81aabab721ef782c4a74.png]]></small_image_url>
<image_url><![CDATA[https://s.gr-assets.com/assets/nophoto/book/111x148-bcc042a9c91a29c1d680899eff700a03.png]]></image_url>
<num_pages></num_pages>
<work>
<id>6800220</id>
</work>
<isbn>0451947630</isbn>
<isbn13>9780451947635</isbn13>
<average_rating>4.69</average_rating>
<ratings_count>7829</ratings_count>
<publication_year></publication_year>
<publication_month></publication_month>
<publication_day></publication_day>
<authors>
<author>
<id>20248</id>
<name>J.R. Ward</name>
<link><![CDATA[https://www.goodreads.com/author/show/20248.J_R_Ward]]></link>
</author>
</authors>
</book>

  </similar_books>
</book>

</GoodreadsResponse>