<?xml version="1.0" encoding="UTF-8"?>
<GoodreadsResponse>
  <Request>
    <authentication>true</authentication>
      <key><![CDATA[all_men_must_serve]]></key>
    <method><![CDATA[book_show]]></method>
  </Request>
  <book>
  <id>10664113</id>
  <title><![CDATA[A Dance with Dragons (A Song of Ice and Fire, #5)]]></title>
  <isbn><![CDATA[]]></isbn>
  <isbn13><![CDATA[]]></isbn13>
  <asin><![CDATA[]]></asin>
  <kindle_asin><![CDATA[]]></kindle_asin>
  <marketplace_id><![CDATA[]]></marketplace_id>
  <country_code><![CDATA[GB]]></country_code>
  <image_url>https://images.gr-assets.com/books/1327885335m/10664113.jpg</image_url>
  <small_image_url>https://images.gr-assets.com/books/1327885335s/10664113.jpg</small_image_url>
  <publication_year>2011</publication_year>
  <publication_month>7</publication_month>
  <publication_day>12</publication_day>
  <publisher>Bantam</publisher>
  <language_code>eng</language_code>
  <is_ebook>true</is_ebook>
  <description><![CDATA[In the aftermath of a colossal battle, the future of the Seven Kingdoms hangs in the balance—beset by newly emerging threats from every direction. In the east, Daenerys Targaryen, the last scion of House Targaryen, rules with her three dragons as queen of a city built on dust and death. But Daenerys has thousands of enemies, and many have set out to find her. As they gather, one young man embarks upon his own quest for the queen, with an entirely different goal in mind.<br /><br />Fleeing from Westeros with a price on his head, Tyrion Lannister, too, is making his way to Daenerys. But his newest allies in this quest are not the rag-tag band they seem, and at their heart lies one who could undo Daenerys’s claim to Westeros forever.<br /><br />Meanwhile, to the north lies the mammoth Wall of ice and stone—a structure only as strong as those guarding it. There, Jon Snow, 998th Lord Commander of the Night’s Watch, will face his greatest challenge. For he has powerful foes not only within the Watch but also beyond, in the land of the creatures of ice.<br /><br />From all corners, bitter conflicts reignite, intimate betrayals are perpetrated, and a grand cast of outlaws and priests, soldiers and skinchangers, nobles and slaves, will face seemingly insurmountable obstacles. Some will fail, others will grow in the strength of darkness. But in a time of rising restlessness, the tides of destiny and politics will lead inevitably to the greatest dance of all.]]></description>
  <work>
  <id type="integer">2936175</id>
  <books_count type="integer">115</books_count>
  <best_book_id type="integer">10664113</best_book_id>
  <reviews_count type="integer">665684</reviews_count>
  <ratings_sum type="integer">1830168</ratings_sum>
  <ratings_count type="integer">425007</ratings_count>
  <text_reviews_count type="integer">20082</text_reviews_count>
  <original_publication_year type="integer">2011</original_publication_year>
  <original_publication_month type="integer">7</original_publication_month>
  <original_publication_day type="integer">12</original_publication_day>
  <original_title>A Dance with Dragons</original_title>
  <original_language_id type="integer" nil="true"/>
  <media_type>book</media_type>
  <rating_dist>5:211430|4:147242|3:53780|2:10155|1:2400|total:425007</rating_dist>
  <desc_user_id type="integer">4834537</desc_user_id>
  <default_chaptering_book_id type="integer">10664113</default_chaptering_book_id>
  <default_description_language_code nil="true"/>
</work>
  <average_rating>4.31</average_rating>
  <num_pages><![CDATA[1125]]></num_pages>
  <format><![CDATA[Kindle Edition]]></format>
  <edition_information><![CDATA[]]></edition_information>
  <ratings_count><![CDATA[366277]]></ratings_count>
  <text_reviews_count><![CDATA[16550]]></text_reviews_count>
  <url><![CDATA[https://www.goodreads.com/book/show/10664113-a-dance-with-dragons]]></url>
  <link><![CDATA[https://www.goodreads.com/book/show/10664113-a-dance-with-dragons]]></link>
  <authors>
<author>
<id>346732</id>
<name>George R.R. Martin</name>
<role></role>
<image_url nophoto='false'>
<![CDATA[https://images.gr-assets.com/authors/1351944410p5/346732.jpg]]>
</image_url>
<small_image_url nophoto='false'>
<![CDATA[https://images.gr-assets.com/authors/1351944410p2/346732.jpg]]>
</small_image_url>
<link><![CDATA[https://www.goodreads.com/author/show/346732.George_R_R_Martin]]></link>
<average_rating>4.37</average_rating>
<ratings_count>4164508</ratings_count>
<text_reviews_count>161096</text_reviews_count>
</author>
</authors>

    <reviews_widget>
      <![CDATA[
        <style>
  #goodreads-widget {
    font-family: georgia, serif;
    padding: 18px 0;
    width:565px;
  }
  #goodreads-widget h1 {
    font-weight:normal;
    font-size: 16px;
    border-bottom: 1px solid #BBB596;
    margin-bottom: 0;
  }
  #goodreads-widget a {
    text-decoration: none;
    color:#660;
  }
  iframe{
    background-color: #fff;
  }
  #goodreads-widget a:hover { text-decoration: underline; }
  #goodreads-widget a:active {
    color:#660;
  }
  #gr_footer {
    width: 100%;
    border-top: 1px solid #BBB596;
    text-align: right;
  }
  #goodreads-widget .gr_branding{
    color: #382110;
    font-size: 11px;
    text-decoration: none;
    font-family: "Helvetica Neue", Helvetica, Arial, sans-serif;
  }
</style>
<div id="goodreads-widget">
  <div id="gr_header"><h1><a rel="nofollow" href="https://www.goodreads.com/book/show/10664113-a-dance-with-dragons">A Dance with Dragons Reviews</a></h1></div>
  <iframe id="the_iframe" src="https://www.goodreads.com/api/reviews_widget_iframe?did=DEVELOPER_ID&amp;format=html&amp;links=660&amp;min_rating=&amp;review_back=fff&amp;stars=000&amp;text=000" width="565" height="400" frameborder="0"></iframe>
  <div id="gr_footer">
    <a class="gr_branding" target="_blank" rel="nofollow" href="https://www.goodreads.com/book/show/10664113-a-dance-with-dragons?utm_medium=api&amp;utm_source=reviews_widget">Reviews from Goodreads.com</a>
  </div>
</div>

      ]]>
    </reviews_widget>
  <popular_shelves>
      <shelf name="to-read" count="163132"/>
      <shelf name="currently-reading" count="20601"/>
      <shelf name="fantasy" count="18409"/>
      <shelf name="favorites" count="4214"/>
      <shelf name="fiction" count="3591"/>
      <shelf name="owned" count="1591"/>
      <shelf name="books-i-own" count="1276"/>
      <shelf name="series" count="1114"/>
      <shelf name="epic-fantasy" count="885"/>
      <shelf name="kindle" count="784"/>
      <shelf name="a-song-of-ice-and-fire" count="664"/>
      <shelf name="sci-fi-fantasy" count="650"/>
      <shelf name="high-fantasy" count="542"/>
      <shelf name="dragons" count="490"/>
      <shelf name="game-of-thrones" count="489"/>
      <shelf name="owned-books" count="441"/>
      <shelf name="adult" count="436"/>
      <shelf name="adventure" count="421"/>
      <shelf name="fantasy-sci-fi" count="407"/>
      <shelf name="epic" count="383"/>
      <shelf name="ebook" count="382"/>
      <shelf name="favourites" count="378"/>
      <shelf name="george-r-r-martin" count="373"/>
      <shelf name="audiobook" count="335"/>
      <shelf name="default" count="332"/>
      <shelf name="audiobooks" count="288"/>
      <shelf name="to-buy" count="282"/>
      <shelf name="scifi-fantasy" count="270"/>
      <shelf name="ebooks" count="259"/>
      <shelf name="novels" count="258"/>
      <shelf name="my-books" count="244"/>
      <shelf name="library" count="241"/>
      <shelf name="read-in-2014" count="215"/>
      <shelf name="magic" count="210"/>
      <shelf name="english" count="188"/>
      <shelf name="adult-fiction" count="183"/>
      <shelf name="read-in-2012" count="182"/>
      <shelf name="song-of-ice-and-fire" count="178"/>
      <shelf name="audio" count="177"/>
      <shelf name="science-fiction" count="177"/>
      <shelf name="read-in-2013" count="175"/>
      <shelf name="books" count="174"/>
      <shelf name="war" count="167"/>
      <shelf name="science-fiction-fantasy" count="166"/>
      <shelf name="audible" count="165"/>
      <shelf name="my-library" count="161"/>
      <shelf name="asoiaf" count="159"/>
      <shelf name="sci-fi" count="151"/>
      <shelf name="read-in-2015" count="141"/>
      <shelf name="medieval" count="135"/>
      <shelf name="i-own" count="135"/>
      <shelf name="fantasy-scifi" count="134"/>
      <shelf name="e-book" count="131"/>
      <shelf name="read-in-2011" count="127"/>
      <shelf name="george-rr-martin" count="124"/>
      <shelf name="fantasy-fiction" count="121"/>
      <shelf name="on-hold" count="119"/>
      <shelf name="e-books" count="117"/>
      <shelf name="tbr" count="115"/>
      <shelf name="abandoned" count="111"/>
      <shelf name="novel" count="110"/>
      <shelf name="audio-books" count="109"/>
      <shelf name="sci-fi-and-fantasy" count="109"/>
      <shelf name="wish-list" count="104"/>
      <shelf name="fiction-fantasy" count="103"/>
      <shelf name="fantasia" count="103"/>
      <shelf name="all-time-favorites" count="102"/>
      <shelf name="read-2013" count="101"/>
      <shelf name="historical-fiction" count="100"/>
      <shelf name="read-2014" count="97"/>
      <shelf name="read-in-2016" count="95"/>
      <shelf name="re-read" count="95"/>
      <shelf name="american" count="94"/>
      <shelf name="own-it" count="91"/>
      <shelf name="read-in-english" count="87"/>
      <shelf name="fantasía" count="85"/>
      <shelf name="read-2012" count="85"/>
      <shelf name="have" count="84"/>
      <shelf name="favorite" count="84"/>
      <shelf name="drama" count="81"/>
      <shelf name="nook" count="81"/>
      <shelf name="bookshelf" count="81"/>
      <shelf name="dark-fantasy" count="77"/>
      <shelf name="speculative-fiction" count="76"/>
      <shelf name="audio-book" count="76"/>
      <shelf name="shelfari-favorites" count="74"/>
      <shelf name="kindle-books" count="74"/>
      <shelf name="5-stars" count="72"/>
      <shelf name="read-2015" count="71"/>
      <shelf name="adult-fantasy" count="71"/>
      <shelf name="did-not-finish" count="71"/>
      <shelf name="action" count="69"/>
      <shelf name="favorite-books" count="69"/>
      <shelf name="contemporary" count="69"/>
      <shelf name="martin" count="69"/>
      <shelf name="finished" count="68"/>
      <shelf name="unfinished" count="67"/>
      <shelf name="fantasy-and-sci-fi" count="67"/>
      <shelf name="sf-fantasy" count="66"/>
      <shelf name="fantasy-series" count="66"/>
  </popular_shelves>
  <book_links>
    <book_link>
  <id>8</id>
  <name>Libraries</name>
  <link>https://www.goodreads.com/book_link/follow/8</link>
</book_link>

  </book_links>
  <buy_links>
    <buy_link>
<id>1</id>
<name>Amazon</name>
<link>https://www.goodreads.com/book_link/follow/1</link>
</buy_link>
<buy_link>
<id>10</id>
<name>Audible</name>
<link>https://www.goodreads.com/book_link/follow/10</link>
</buy_link>
<buy_link>
<id>3</id>
<name>Barnes &amp; Noble</name>
<link>https://www.goodreads.com/book_link/follow/3</link>
</buy_link>
<buy_link>
<id>1027</id>
<name>Kobo</name>
<link>https://www.goodreads.com/book_link/follow/1027</link>
</buy_link>
<buy_link>
<id>2102</id>
<name>Apple iBooks</name>
<link>https://www.goodreads.com/book_link/follow/2102</link>
</buy_link>
<buy_link>
<id>8036</id>
<name>Google Play</name>
<link>https://www.goodreads.com/book_link/follow/8036</link>
</buy_link>
<buy_link>
<id>4</id>
<name>Abebooks</name>
<link>https://www.goodreads.com/book_link/follow/4</link>
</buy_link>
<buy_link>
<id>882</id>
<name>Book Depository</name>
<link>https://www.goodreads.com/book_link/follow/882</link>
</buy_link>
<buy_link>
<id>9</id>
<name>Indigo</name>
<link>https://www.goodreads.com/book_link/follow/9</link>
</buy_link>
<buy_link>
<id>2</id>
<name>Half.com</name>
<link>https://www.goodreads.com/book_link/follow/2</link>
</buy_link>
<buy_link>
<id>5</id>
<name>Alibris</name>
<link>https://www.goodreads.com/book_link/follow/5</link>
</buy_link>
<buy_link>
<id>107</id>
<name>Better World Books</name>
<link>https://www.goodreads.com/book_link/follow/107</link>
</buy_link>
<buy_link>
<id>7</id>
<name>IndieBound</name>
<link>https://www.goodreads.com/book_link/follow/7</link>
</buy_link>

  </buy_links>
  <series_works>
    <series_work>
<id>297699</id>
<user_position>5</user_position>
<series>
<id>43790</id>
<title>
<![CDATA[
    A Song of Ice and Fire
]]>
</title>
<description>
<![CDATA[
    The whole series is comprised of one epic story that is still being written. It is intended to be complete in seven volumes, but the author has stated it could go on for longer.
    
    This series is also known as <a href="https://www.goodreads.com/series/105522-as-cr-nicas-de-gelo-e-fogo-das-lied-von-eis-und-feuer">As Crónicas de Gelo e Fogo</a> in Portuguese or "Das Lied von Eis und Feuer" in German, where the majority of the books are split into two parts and receive a separate numbering.
    This is also known as <a href="https://www.goodreads.com/series/104861-le-cronache-del-ghiaccio-e-del-fuoco">Le Cronache del Ghiaccio e del Fuoco</a> in Italian, where the books are split into two or more parts and receive a separate numbering.
    
    <i><a href="http://www.goodreads.com/series/49615-the-hedge-knight">Tales of Dunk and Egg</a></i> prequel novellas can be found in the following anthologies:
    "The Hedge Knight": <a href="http://www.goodreads.com/book/show/77232.Legends">Legends</a> &amp; <a href="http://www.goodreads.com/book/show/417730.Dreamsongs">Dreamsongs II</a>
    "The Sworn Sword": <a href="http://www.goodreads.com/book/show/77563.Legends_II">Legends II</a>
    "The Mystery Knight": <a href="http://www.goodreads.com/book/show/6714177-warriors">Warriors</a>
    
    A Song of Ice and Fire Graphic Novels series:
     <a href="http://www.goodreads.com/series/89481-a-song-of-ice-and-fire-graphic-novels">A Song of Ice and Fire Graphic Novels series</a>
]]>
</description>
<note>
<![CDATA[
    Please do not add translations, so as to not annoy or confuse people. This page is for the main series.
]]>
</note>
<series_works_count>26</series_works_count>
<primary_work_count>17</primary_work_count>
<numbered>true</numbered>
</series>

</series_work>

  </series_works>
  <similar_books>
          <book>
<id>2029361</id>
<title><![CDATA[The Hedge Knight II: Sworn Sword (The Hedge Knight Graphic Novels, #2)]]></title>
<title_without_series><![CDATA[The Hedge Knight II: Sworn Sword]]></title_without_series>
<link><![CDATA[https://www.goodreads.com/book/show/2029361.The_Hedge_Knight_II]]></link>
<small_image_url><![CDATA[https://images.gr-assets.com/books/1345813381s/2029361.jpg]]></small_image_url>
<image_url><![CDATA[https://images.gr-assets.com/books/1345813381m/2029361.jpg]]></image_url>
<num_pages>152</num_pages>
<work>
<id>42827254</id>
</work>
<isbn>0785126503</isbn>
<isbn13>9780785126508</isbn13>
<average_rating>4.10</average_rating>
<ratings_count>5434</ratings_count>
<publication_year>2008</publication_year>
<publication_month>6</publication_month>
<publication_day>18</publication_day>
<authors>
<author>
<id>8454</id>
<name>Ben Avery</name>
<link><![CDATA[https://www.goodreads.com/author/show/8454.Ben_Avery]]></link>
</author>
</authors>
</book>

          <book>
<id>944076</id>
<title><![CDATA[Last Argument of Kings (The First Law, #3)]]></title>
<title_without_series>Last Argument of Kings</title_without_series>
<link><![CDATA[https://www.goodreads.com/book/show/944076.Last_Argument_of_Kings]]></link>
<small_image_url><![CDATA[https://images.gr-assets.com/books/1302062699s/944076.jpg]]></small_image_url>
<image_url><![CDATA[https://images.gr-assets.com/books/1302062699m/944076.jpg]]></image_url>
<num_pages>536</num_pages>
<work>
<id>929012</id>
</work>
<isbn>0575077905</isbn>
<isbn13>9780575077904</isbn13>
<average_rating>4.26</average_rating>
<ratings_count>73223</ratings_count>
<publication_year>2008</publication_year>
<publication_month>3</publication_month>
<publication_day>20</publication_day>
<authors>
<author>
<id>276660</id>
<name>Joe Abercrombie</name>
<link><![CDATA[https://www.goodreads.com/author/show/276660.Joe_Abercrombie]]></link>
</author>
</authors>
</book>

          <book>
<id>55401</id>
<title><![CDATA[Deadhouse Gates (The Malazan Book of the Fallen, #2)]]></title>
<title_without_series>Deadhouse Gates</title_without_series>
<link><![CDATA[https://www.goodreads.com/book/show/55401.Deadhouse_Gates]]></link>
<small_image_url><![CDATA[https://s.gr-assets.com/assets/nophoto/book/50x75-a91bf249278a81aabab721ef782c4a74.png]]></small_image_url>
<image_url><![CDATA[https://s.gr-assets.com/assets/nophoto/book/111x148-bcc042a9c91a29c1d680899eff700a03.png]]></image_url>
<num_pages>604</num_pages>
<work>
<id>3898716</id>
</work>
<isbn>0765310023</isbn>
<isbn13>9780765310026</isbn13>
<average_rating>4.25</average_rating>
<ratings_count>39097</ratings_count>
<publication_year>2005</publication_year>
<publication_month>2</publication_month>
<publication_day>1</publication_day>
<authors>
<author>
<id>31232</id>
<name>Steven Erikson</name>
<link><![CDATA[https://www.goodreads.com/author/show/31232.Steven_Erikson]]></link>
</author>
</authors>
</book>

          <book>
<id>45102</id>
<title><![CDATA[Ship of Destiny (Liveship Traders, #3)]]></title>
<title_without_series>Ship of Destiny</title_without_series>
<link><![CDATA[https://www.goodreads.com/book/show/45102.Ship_of_Destiny]]></link>
<small_image_url><![CDATA[https://images.gr-assets.com/books/1403180325s/45102.jpg]]></small_image_url>
<image_url><![CDATA[https://images.gr-assets.com/books/1403180325m/45102.jpg]]></image_url>
<num_pages>789</num_pages>
<work>
<id>2501194</id>
</work>
<isbn>0553575651</isbn>
<isbn13>9780553575651</isbn13>
<average_rating>4.21</average_rating>
<ratings_count>38241</ratings_count>
<publication_year></publication_year>
<publication_month></publication_month>
<publication_day></publication_day>
<authors>
<author>
<id>25307</id>
<name>Robin Hobb</name>
<link><![CDATA[https://www.goodreads.com/author/show/25307.Robin_Hobb]]></link>
</author>
</authors>
</book>

          <book>
<id>6077427</id>
<title>The Other Lands (Acacia, #2)</title>
<title_without_series>The Other Lands</title_without_series>
<link><![CDATA[https://www.goodreads.com/book/show/6077427-the-other-lands]]></link>
<small_image_url><![CDATA[https://images.gr-assets.com/books/1320495035s/6077427.jpg]]></small_image_url>
<image_url><![CDATA[https://images.gr-assets.com/books/1320495035m/6077427.jpg]]></image_url>
<num_pages>464</num_pages>
<work>
<id>6254038</id>
</work>
<isbn>0385523327</isbn>
<isbn13>9780385523325</isbn13>
<average_rating>3.79</average_rating>
<ratings_count>3199</ratings_count>
<publication_year>2009</publication_year>
<publication_month>9</publication_month>
<publication_day>15</publication_day>
<authors>
<author>
<id>214232</id>
<name>David Anthony Durham</name>
<link><![CDATA[https://www.goodreads.com/author/show/214232.David_Anthony_Durham]]></link>
</author>
</authors>
</book>

          <book>
<id>9832370</id>
<title><![CDATA[BookRags Summary:  A Storm of Swords]]></title>
<title_without_series><![CDATA[BookRags Summary:  A Storm of Swords]]></title_without_series>
<link><![CDATA[https://www.goodreads.com/book/show/9832370-bookrags-summary]]></link>
<small_image_url><![CDATA[https://images.gr-assets.com/books/1369340463s/9832370.jpg]]></small_image_url>
<image_url><![CDATA[https://images.gr-assets.com/books/1369340463m/9832370.jpg]]></image_url>
<num_pages>144</num_pages>
<work>
<id>27881851</id>
</work>
<isbn></isbn>
<isbn13></isbn13>
<average_rating>4.59</average_rating>
<ratings_count>18963</ratings_count>
<publication_year>2010</publication_year>
<publication_month>11</publication_month>
<publication_day>10</publication_day>
<authors>
<author>
<id>4819027</id>
<name>BookRags</name>
<link><![CDATA[https://www.goodreads.com/author/show/4819027.BookRags]]></link>
</author>
</authors>
</book>

          <book>
<id>17608111</id>
<title><![CDATA[The Crimson Campaign (Powder Mage, #2)]]></title>
<title_without_series>The Crimson Campaign</title_without_series>
<link><![CDATA[https://www.goodreads.com/book/show/17608111-the-crimson-campaign]]></link>
<small_image_url><![CDATA[https://images.gr-assets.com/books/1363102695s/17608111.jpg]]></small_image_url>
<image_url><![CDATA[https://images.gr-assets.com/books/1363102695m/17608111.jpg]]></image_url>
<num_pages>596</num_pages>
<work>
<id>24566794</id>
</work>
<isbn>0356502023</isbn>
<isbn13>9780356502021</isbn13>
<average_rating>4.36</average_rating>
<ratings_count>17103</ratings_count>
<publication_year>2014</publication_year>
<publication_month>5</publication_month>
<publication_day>6</publication_day>
<authors>
<author>
<id>6524620</id>
<name>Brian  McClellan</name>
<link><![CDATA[https://www.goodreads.com/author/show/6524620.Brian_McClellan]]></link>
</author>
</authors>
</book>

          <book>
<id>811161</id>
<title><![CDATA[A Betrayal in Winter (Long Price Quartet, #2)]]></title>
<title_without_series>A Betrayal in Winter</title_without_series>
<link><![CDATA[https://www.goodreads.com/book/show/811161.A_Betrayal_in_Winter]]></link>
<small_image_url><![CDATA[https://images.gr-assets.com/books/1393279525s/811161.jpg]]></small_image_url>
<image_url><![CDATA[https://images.gr-assets.com/books/1393279525m/811161.jpg]]></image_url>
<num_pages>320</num_pages>
<work>
<id>797100</id>
</work>
<isbn>0765313413</isbn>
<isbn13>9780765313416</isbn13>
<average_rating>3.87</average_rating>
<ratings_count>5074</ratings_count>
<publication_year>2007</publication_year>
<publication_month>8</publication_month>
<publication_day>21</publication_day>
<authors>
<author>
<id>13557729</id>
<name>Daniel Abraham</name>
<link><![CDATA[https://www.goodreads.com/author/show/13557729.Daniel_Abraham]]></link>
</author>
</authors>
</book>

          <book>
<id>4117865</id>
<title><![CDATA[The Judging Eye (Aspect-Emperor, #1)]]></title>
<title_without_series>The Judging Eye</title_without_series>
<link><![CDATA[https://www.goodreads.com/book/show/4117865-the-judging-eye]]></link>
<small_image_url><![CDATA[https://s.gr-assets.com/assets/nophoto/book/50x75-a91bf249278a81aabab721ef782c4a74.png]]></small_image_url>
<image_url><![CDATA[https://s.gr-assets.com/assets/nophoto/book/111x148-bcc042a9c91a29c1d680899eff700a03.png]]></image_url>
<num_pages></num_pages>
<work>
<id>4165042</id>
</work>
<isbn>1590201698</isbn>
<isbn13>9781590201695</isbn13>
<average_rating>3.98</average_rating>
<ratings_count>4409</ratings_count>
<publication_year></publication_year>
<publication_month></publication_month>
<publication_day></publication_day>
<authors>
<author>
<id>8587</id>
<name>R. Scott Bakker</name>
<link><![CDATA[https://www.goodreads.com/author/show/8587.R_Scott_Bakker]]></link>
</author>
</authors>
</book>

          <book>
<id>2767793</id>
<title><![CDATA[The Hero of Ages (Mistborn, #3)]]></title>
<title_without_series>The Hero of Ages</title_without_series>
<link><![CDATA[https://www.goodreads.com/book/show/2767793-the-hero-of-ages]]></link>
<small_image_url><![CDATA[https://images.gr-assets.com/books/1480717763s/2767793.jpg]]></small_image_url>
<image_url><![CDATA[https://images.gr-assets.com/books/1480717763m/2767793.jpg]]></image_url>
<num_pages>572</num_pages>
<work>
<id>2793516</id>
</work>
<isbn>0765316897</isbn>
<isbn13>9780765316899</isbn13>
<average_rating>4.46</average_rating>
<ratings_count>161336</ratings_count>
<publication_year></publication_year>
<publication_month></publication_month>
<publication_day></publication_day>
<authors>
<author>
<id>38550</id>
<name>Brandon Sanderson</name>
<link><![CDATA[https://www.goodreads.com/author/show/38550.Brandon_Sanderson]]></link>
</author>
</authors>
</book>

          <book>
<id>7743175</id>
<title><![CDATA[A Memory of Light (Wheel of Time, #14)]]></title>
<title_without_series>A Memory of Light</title_without_series>
<link><![CDATA[https://www.goodreads.com/book/show/7743175-a-memory-of-light]]></link>
<small_image_url><![CDATA[https://images.gr-assets.com/books/1336055749s/7743175.jpg]]></small_image_url>
<image_url><![CDATA[https://images.gr-assets.com/books/1336055749m/7743175.jpg]]></image_url>
<num_pages>909</num_pages>
<work>
<id>10558806</id>
</work>
<isbn>0765325950</isbn>
<isbn13>9780765325952</isbn13>
<average_rating>4.50</average_rating>
<ratings_count>75853</ratings_count>
<publication_year>2013</publication_year>
<publication_month>1</publication_month>
<publication_day>8</publication_day>
<authors>
<author>
<id>6252</id>
<name>Robert Jordan</name>
<link><![CDATA[https://www.goodreads.com/author/show/6252.Robert_Jordan]]></link>
</author>
</authors>
</book>

          <book>
<id>12746970</id>
<title><![CDATA[The Viscount and the Witch (Riyria Chronicles, #1.5)]]></title>
<title_without_series>The Viscount and the Witch</title_without_series>
<link><![CDATA[https://www.goodreads.com/book/show/12746970-the-viscount-and-the-witch]]></link>
<small_image_url><![CDATA[https://images.gr-assets.com/books/1317247388s/12746970.jpg]]></small_image_url>
<image_url><![CDATA[https://images.gr-assets.com/books/1317247388m/12746970.jpg]]></image_url>
<num_pages>43</num_pages>
<work>
<id>17886928</id>
</work>
<isbn></isbn>
<isbn13>2940013348295</isbn13>
<average_rating>4.19</average_rating>
<ratings_count>3707</ratings_count>
<publication_year>2011</publication_year>
<publication_month>10</publication_month>
<publication_day>1</publication_day>
<authors>
<author>
<id>2063919</id>
<name>Michael J. Sullivan</name>
<link><![CDATA[https://www.goodreads.com/author/show/2063919.Michael_J_Sullivan]]></link>
</author>
</authors>
</book>

          <book>
<id>9519912</id>
<title><![CDATA[Naamah's Blessing (Naamah Trilogy, #3)]]></title>
<title_without_series>Naamah&apos;s Blessing</title_without_series>
<link><![CDATA[https://www.goodreads.com/book/show/9519912-naamah-s-blessing]]></link>
<small_image_url><![CDATA[https://s.gr-assets.com/assets/nophoto/book/50x75-a91bf249278a81aabab721ef782c4a74.png]]></small_image_url>
<image_url><![CDATA[https://s.gr-assets.com/assets/nophoto/book/111x148-bcc042a9c91a29c1d680899eff700a03.png]]></image_url>
<num_pages>610</num_pages>
<work>
<id>15312149</id>
</work>
<isbn>0446198072</isbn>
<isbn13>9780446198073</isbn13>
<average_rating>4.19</average_rating>
<ratings_count>7912</ratings_count>
<publication_year>2011</publication_year>
<publication_month>6</publication_month>
<publication_day>29</publication_day>
<authors>
<author>
<id>9237</id>
<name>Jacqueline Carey</name>
<link><![CDATA[https://www.goodreads.com/author/show/9237.Jacqueline_Carey]]></link>
</author>
</authors>
</book>

          <book>
<id>6106714</id>
<title><![CDATA[The Ghost King (Forgotten Realms: Transitions, #3; Legend of Drizzt, #19)]]></title>
<title_without_series>The Ghost King</title_without_series>
<link><![CDATA[https://www.goodreads.com/book/show/6106714-the-ghost-king]]></link>
<small_image_url><![CDATA[https://images.gr-assets.com/books/1357506236s/6106714.jpg]]></small_image_url>
<image_url><![CDATA[https://images.gr-assets.com/books/1357506236m/6106714.jpg]]></image_url>
<num_pages></num_pages>
<work>
<id>6284404</id>
</work>
<isbn>0786952334</isbn>
<isbn13>9780786952335</isbn13>
<average_rating>4.15</average_rating>
<ratings_count>7067</ratings_count>
<publication_year></publication_year>
<publication_month></publication_month>
<publication_day></publication_day>
<authors>
<author>
<id>1023510</id>
<name>R.A. Salvatore</name>
<link><![CDATA[https://www.goodreads.com/author/show/1023510.R_A_Salvatore]]></link>
</author>
</authors>
</book>

  </similar_books>
</book>

</GoodreadsResponse>