<?xml version="1.0" encoding="UTF-8"?>
<GoodreadsResponse>
  <Request>
    <authentication>true</authentication>
      <key><![CDATA[all_men_must_serve]]></key>
    <method><![CDATA[book_show]]></method>
  </Request>
  <book>
  <id>10677277</id>
  <title>Article 5 (Article 5, #1)</title>
  <isbn><![CDATA[0765329581]]></isbn>
  <isbn13><![CDATA[9780765329585]]></isbn13>
  <asin><![CDATA[]]></asin>
  <kindle_asin><![CDATA[B007F4WMF0]]></kindle_asin>
  <marketplace_id><![CDATA[A1F83G8C2ARO7P]]></marketplace_id>
  <country_code><![CDATA[GB]]></country_code>
  <image_url>https://images.gr-assets.com/books/1306520962m/10677277.jpg</image_url>
  <small_image_url>https://images.gr-assets.com/books/1306520962s/10677277.jpg</small_image_url>
  <publication_year>2012</publication_year>
  <publication_month>1</publication_month>
  <publication_day>31</publication_day>
  <publisher>Tor Teen</publisher>
  <language_code>en-US</language_code>
  <is_ebook>false</is_ebook>
  <description><![CDATA[New York, Los Angeles, and Washington, D.C., have been abandoned.<br /><br />The Bill of Rights has been revoked, and replaced with the Moral Statutes.<br /><br />There are no more police—instead, there are soldiers. There are no more fines for bad behavior—instead, there are arrests, trials, and maybe worse. People who get arrested usually don't come back.<br /><br />Seventeen-year-old Ember Miller is old enough to remember that things weren't always this way. Living with her rebellious single mother, it's hard for her to forget that people weren't always arrested for reading the wrong books or staying out after dark. It's hard to forget that life in the United States used to be different.<br /><br />Ember has perfected the art of keeping a low profile. She knows how to get the things she needs, like food stamps and hand-me-down clothes, and how to pass the random home inspections by the military. Her life is as close to peaceful as circumstances allow.<br /><br />That is, until her mother is arrested for noncompliance with Article 5 of the Moral Statutes. And one of the arresting officers is none other than Chase Jennings—the only boy Ember has ever loved.]]></description>
  <work>
  <id type="integer">15586973</id>
  <books_count type="integer">17</books_count>
  <best_book_id type="integer">10677277</best_book_id>
  <reviews_count type="integer">83082</reviews_count>
  <ratings_sum type="integer">94468</ratings_sum>
  <ratings_count type="integer">25007</ratings_count>
  <text_reviews_count type="integer">2552</text_reviews_count>
  <original_publication_year type="integer">2012</original_publication_year>
  <original_publication_month type="integer">1</original_publication_month>
  <original_publication_day type="integer">1</original_publication_day>
  <original_title>Article 5</original_title>
  <original_language_id type="integer" nil="true"/>
  <media_type>book</media_type>
  <rating_dist>5:7740|4:8113|3:6016|2:2130|1:1008|total:25007</rating_dist>
  <desc_user_id type="integer">3078995</desc_user_id>
  <default_chaptering_book_id type="integer" nil="true"/>
  <default_description_language_code nil="true"/>
</work>
  <average_rating>3.78</average_rating>
  <num_pages><![CDATA[362]]></num_pages>
  <format><![CDATA[Hardcover]]></format>
  <edition_information><![CDATA[]]></edition_information>
  <ratings_count><![CDATA[23743]]></ratings_count>
  <text_reviews_count><![CDATA[2280]]></text_reviews_count>
  <url><![CDATA[https://www.goodreads.com/book/show/10677277-article-5]]></url>
  <link><![CDATA[https://www.goodreads.com/book/show/10677277-article-5]]></link>
  <authors>
<author>
<id>4692856</id>
<name>Kristen Simmons</name>
<role></role>
<image_url nophoto='false'>
<![CDATA[https://images.gr-assets.com/authors/1403663023p5/4692856.jpg]]>
</image_url>
<small_image_url nophoto='false'>
<![CDATA[https://images.gr-assets.com/authors/1403663023p2/4692856.jpg]]>
</small_image_url>
<link><![CDATA[https://www.goodreads.com/author/show/4692856.Kristen_Simmons]]></link>
<average_rating>3.84</average_rating>
<ratings_count>43563</ratings_count>
<text_reviews_count>4526</text_reviews_count>
</author>
</authors>

    <reviews_widget>
      <![CDATA[
        <style>
  #goodreads-widget {
    font-family: georgia, serif;
    padding: 18px 0;
    width:565px;
  }
  #goodreads-widget h1 {
    font-weight:normal;
    font-size: 16px;
    border-bottom: 1px solid #BBB596;
    margin-bottom: 0;
  }
  #goodreads-widget a {
    text-decoration: none;
    color:#660;
  }
  iframe{
    background-color: #fff;
  }
  #goodreads-widget a:hover { text-decoration: underline; }
  #goodreads-widget a:active {
    color:#660;
  }
  #gr_footer {
    width: 100%;
    border-top: 1px solid #BBB596;
    text-align: right;
  }
  #goodreads-widget .gr_branding{
    color: #382110;
    font-size: 11px;
    text-decoration: none;
    font-family: "Helvetica Neue", Helvetica, Arial, sans-serif;
  }
</style>
<div id="goodreads-widget">
  <div id="gr_header"><h1><a rel="nofollow" href="https://www.goodreads.com/book/show/10677277-article-5">Article 5 Reviews</a></h1></div>
  <iframe id="the_iframe" src="https://www.goodreads.com/api/reviews_widget_iframe?did=DEVELOPER_ID&amp;format=html&amp;isbn=0765329581&amp;links=660&amp;min_rating=&amp;review_back=fff&amp;stars=000&amp;text=000" width="565" height="400" frameborder="0"></iframe>
  <div id="gr_footer">
    <a class="gr_branding" target="_blank" rel="nofollow" href="https://www.goodreads.com/book/show/10677277-article-5?utm_medium=api&amp;utm_source=reviews_widget">Reviews from Goodreads.com</a>
  </div>
</div>

      ]]>
    </reviews_widget>
  <popular_shelves>
      <shelf name="dystopian" count="1014"/>
      <shelf name="young-adult" count="732"/>
      <shelf name="dystopia" count="679"/>
      <shelf name="currently-reading" count="445"/>
      <shelf name="favorites" count="412"/>
      <shelf name="ya" count="395"/>
      <shelf name="series" count="260"/>
      <shelf name="romance" count="256"/>
      <shelf name="books-i-own" count="197"/>
      <shelf name="science-fiction" count="164"/>
      <shelf name="sci-fi" count="137"/>
      <shelf name="fiction" count="122"/>
      <shelf name="post-apocalyptic" count="121"/>
      <shelf name="to-buy" count="90"/>
      <shelf name="library" count="85"/>
      <shelf name="fantasy" count="84"/>
      <shelf name="owned" count="82"/>
      <shelf name="adventure" count="77"/>
      <shelf name="read-in-2012" count="71"/>
      <shelf name="teen" count="66"/>
      <shelf name="wish-list" count="64"/>
      <shelf name="to-read" count="59"/>
      <shelf name="maybe" count="57"/>
      <shelf name="ya-dystopian" count="53"/>
      <shelf name="action" count="49"/>
      <shelf name="dnf" count="48"/>
      <shelf name="kindle" count="47"/>
      <shelf name="dystopian-post-apocalyptic" count="43"/>
      <shelf name="ebook" count="42"/>
      <shelf name="ya-fiction" count="38"/>
      <shelf name="read-in-2013" count="37"/>
      <shelf name="favourites" count="35"/>
      <shelf name="first-in-series" count="33"/>
      <shelf name="2012-reads" count="33"/>
      <shelf name="did-not-finish" count="32"/>
      <shelf name="read-2012" count="31"/>
      <shelf name="owned-books" count="31"/>
      <shelf name="must-read" count="31"/>
      <shelf name="survival" count="30"/>
      <shelf name="ya-dystopia" count="29"/>
      <shelf name="ebooks" count="29"/>
      <shelf name="2012-releases" count="29"/>
      <shelf name="want-to-read" count="28"/>
      <shelf name="2012-release" count="28"/>
      <shelf name="abandoned" count="27"/>
      <shelf name="reviewed" count="27"/>
      <shelf name="apocalyptic" count="27"/>
      <shelf name="audiobook" count="27"/>
      <shelf name="future" count="27"/>
      <shelf name="thriller" count="27"/>
      <shelf name="i-own" count="26"/>
      <shelf name="arc" count="26"/>
      <shelf name="read-in-2014" count="25"/>
      <shelf name="read-2013" count="25"/>
      <shelf name="meh" count="24"/>
      <shelf name="dystopia-utopia" count="23"/>
      <shelf name="sub" count="21"/>
      <shelf name="article-5" count="21"/>
      <shelf name="ya-books" count="21"/>
      <shelf name="read-in-2015" count="20"/>
      <shelf name="series-to-start" count="20"/>
      <shelf name="series-to-read" count="20"/>
      <shelf name="dystopias" count="19"/>
      <shelf name="books-to-buy" count="19"/>
      <shelf name="dystopian-fiction" count="19"/>
      <shelf name="scifi" count="19"/>
      <shelf name="lost-interest" count="19"/>
      <shelf name="favorite-books" count="19"/>
      <shelf name="futuristic" count="19"/>
      <shelf name="really-want-to-read" count="19"/>
      <shelf name="teen-fiction" count="19"/>
      <shelf name="young-adult-fiction" count="19"/>
      <shelf name="favorite" count="18"/>
      <shelf name="distopian" count="18"/>
      <shelf name="maybe-read" count="18"/>
      <shelf name="2012-debut-author-challenge" count="18"/>
      <shelf name="ya-lit" count="17"/>
      <shelf name="trilogy" count="17"/>
      <shelf name="dystopian-novels" count="17"/>
      <shelf name="5-stars" count="16"/>
      <shelf name="tbr" count="16"/>
      <shelf name="distopia" count="15"/>
      <shelf name="might-read" count="15"/>
      <shelf name="signed" count="14"/>
      <shelf name="action-adventure" count="14"/>
      <shelf name="tbr-pile" count="14"/>
      <shelf name="love" count="14"/>
      <shelf name="2012-read" count="14"/>
      <shelf name="audio" count="13"/>
      <shelf name="couldn-t-finish" count="13"/>
      <shelf name="not-interested" count="13"/>
      <shelf name="ya-sci-fi" count="13"/>
      <shelf name="dystopia-post-apocalyptic" count="13"/>
      <shelf name="need-to-buy" count="13"/>
      <shelf name="have" count="13"/>
      <shelf name="1st-in-series" count="13"/>
      <shelf name="2012-books" count="13"/>
      <shelf name="debut" count="13"/>
      <shelf name="read-2014" count="12"/>
      <shelf name="re-read" count="12"/>
  </popular_shelves>
  <book_links>
    <book_link>
  <id>8</id>
  <name>Libraries</name>
  <link>https://www.goodreads.com/book_link/follow/8</link>
</book_link>

  </book_links>
  <buy_links>
    <buy_link>
<id>1</id>
<name>Amazon</name>
<link>https://www.goodreads.com/book_link/follow/1</link>
</buy_link>
<buy_link>
<id>10</id>
<name>Audible</name>
<link>https://www.goodreads.com/book_link/follow/10</link>
</buy_link>
<buy_link>
<id>3</id>
<name>Barnes &amp; Noble</name>
<link>https://www.goodreads.com/book_link/follow/3</link>
</buy_link>
<buy_link>
<id>1027</id>
<name>Kobo</name>
<link>https://www.goodreads.com/book_link/follow/1027</link>
</buy_link>
<buy_link>
<id>2102</id>
<name>Apple iBooks</name>
<link>https://www.goodreads.com/book_link/follow/2102</link>
</buy_link>
<buy_link>
<id>8036</id>
<name>Google Play</name>
<link>https://www.goodreads.com/book_link/follow/8036</link>
</buy_link>
<buy_link>
<id>4</id>
<name>Abebooks</name>
<link>https://www.goodreads.com/book_link/follow/4</link>
</buy_link>
<buy_link>
<id>882</id>
<name>Book Depository</name>
<link>https://www.goodreads.com/book_link/follow/882</link>
</buy_link>
<buy_link>
<id>9</id>
<name>Indigo</name>
<link>https://www.goodreads.com/book_link/follow/9</link>
</buy_link>
<buy_link>
<id>2</id>
<name>Half.com</name>
<link>https://www.goodreads.com/book_link/follow/2</link>
</buy_link>
<buy_link>
<id>5</id>
<name>Alibris</name>
<link>https://www.goodreads.com/book_link/follow/5</link>
</buy_link>
<buy_link>
<id>107</id>
<name>Better World Books</name>
<link>https://www.goodreads.com/book_link/follow/107</link>
</buy_link>
<buy_link>
<id>7</id>
<name>IndieBound</name>
<link>https://www.goodreads.com/book_link/follow/7</link>
</buy_link>

  </buy_links>
  <series_works>
    <series_work>
<id>286704</id>
<user_position>1</user_position>
<series>
<id>65323</id>
<title>
<![CDATA[
    Article 5
]]>
</title>
<description>
<![CDATA[
]]>
</description>
<note>
<![CDATA[
]]>
</note>
<series_works_count>3</series_works_count>
<primary_work_count>3</primary_work_count>
<numbered>true</numbered>
</series>

</series_work>

  </series_works>
  <similar_books>
          <book>
<id>8573632</id>
<title><![CDATA[The Way We Fall (Fallen World, #1)]]></title>
<title_without_series>The Way We Fall</title_without_series>
<link><![CDATA[https://www.goodreads.com/book/show/8573632-the-way-we-fall]]></link>
<small_image_url><![CDATA[https://images.gr-assets.com/books/1316718389s/8573632.jpg]]></small_image_url>
<image_url><![CDATA[https://images.gr-assets.com/books/1316718389m/8573632.jpg]]></image_url>
<num_pages>309</num_pages>
<work>
<id>13442456</id>
</work>
<isbn>1423146166</isbn>
<isbn13>9781423146162</isbn13>
<average_rating>3.68</average_rating>
<ratings_count>6945</ratings_count>
<publication_year>2012</publication_year>
<publication_month>1</publication_month>
<publication_day>24</publication_day>
<authors>
<author>
<id>2839407</id>
<name>Megan Crewe</name>
<link><![CDATA[https://www.goodreads.com/author/show/2839407.Megan_Crewe]]></link>
</author>
</authors>
</book>

          <book>
<id>9554790</id>
<title><![CDATA[The Other Life (The Other Life, #1)]]></title>
<title_without_series>The Other Life</title_without_series>
<link><![CDATA[https://www.goodreads.com/book/show/9554790-the-other-life]]></link>
<small_image_url><![CDATA[https://images.gr-assets.com/books/1312798029s/9554790.jpg]]></small_image_url>
<image_url><![CDATA[https://images.gr-assets.com/books/1312798029m/9554790.jpg]]></image_url>
<num_pages>315</num_pages>
<work>
<id>14441337</id>
</work>
<isbn>1409536084</isbn>
<isbn13>9781409536086</isbn13>
<average_rating>3.66</average_rating>
<ratings_count>2728</ratings_count>
<publication_year>2012</publication_year>
<publication_month>2</publication_month>
<publication_day>1</publication_day>
<authors>
<author>
<id>91168</id>
<name>Susanne Winnacker</name>
<link><![CDATA[https://www.goodreads.com/author/show/91168.Susanne_Winnacker]]></link>
</author>
</authors>
</book>

          <book>
<id>12432229</id>
<title>Struck (Struck, #1)</title>
<title_without_series>Struck</title_without_series>
<link><![CDATA[https://www.goodreads.com/book/show/12432229-struck]]></link>
<small_image_url><![CDATA[https://images.gr-assets.com/books/1314278928s/12432229.jpg]]></small_image_url>
<image_url><![CDATA[https://images.gr-assets.com/books/1314278928m/12432229.jpg]]></image_url>
<num_pages>373</num_pages>
<work>
<id>15556620</id>
</work>
<isbn>0374372837</isbn>
<isbn13>9780374372835</isbn13>
<average_rating>3.68</average_rating>
<ratings_count>7757</ratings_count>
<publication_year>2012</publication_year>
<publication_month>5</publication_month>
<publication_day>8</publication_day>
<authors>
<author>
<id>4687048</id>
<name>Jennifer Bosworth</name>
<link><![CDATA[https://www.goodreads.com/author/show/4687048.Jennifer_Bosworth]]></link>
</author>
</authors>
</book>

          <book>
<id>8526590</id>
<title>Cybernetic</title>
<title_without_series>Cybernetic</title_without_series>
<link><![CDATA[https://www.goodreads.com/book/show/8526590-cybernetic]]></link>
<small_image_url><![CDATA[https://s.gr-assets.com/assets/nophoto/book/50x75-a91bf249278a81aabab721ef782c4a74.png]]></small_image_url>
<image_url><![CDATA[https://s.gr-assets.com/assets/nophoto/book/111x148-bcc042a9c91a29c1d680899eff700a03.png]]></image_url>
<num_pages></num_pages>
<work>
<id>13393601</id>
</work>
<isbn></isbn>
<isbn13></isbn13>
<average_rating>3.53</average_rating>
<ratings_count>176</ratings_count>
<publication_year>2016</publication_year>
<publication_month></publication_month>
<publication_day></publication_day>
<authors>
<author>
<id>4103617</id>
<name>Laura Riken</name>
<link><![CDATA[https://www.goodreads.com/author/show/4103617.Laura_Riken]]></link>
</author>
</authors>
</book>

          <book>
<id>10535458</id>
<title>Glitch (Glitch, #1)</title>
<title_without_series>Glitch</title_without_series>
<link><![CDATA[https://www.goodreads.com/book/show/10535458-glitch]]></link>
<small_image_url><![CDATA[https://images.gr-assets.com/books/1326131169s/10535458.jpg]]></small_image_url>
<image_url><![CDATA[https://images.gr-assets.com/books/1326131169m/10535458.jpg]]></image_url>
<num_pages>308</num_pages>
<work>
<id>15441796</id>
</work>
<isbn>1250002990</isbn>
<isbn13>9781250002990</isbn13>
<average_rating>3.72</average_rating>
<ratings_count>7434</ratings_count>
<publication_year>2012</publication_year>
<publication_month>8</publication_month>
<publication_day>7</publication_day>
<authors>
<author>
<id>4662744</id>
<name>Heather Anastasiu</name>
<link><![CDATA[https://www.goodreads.com/author/show/4662744.Heather_Anastasiu]]></link>
</author>
</authors>
</book>

          <book>
<id>11706625</id>
<title>Truth (XVI, #2)</title>
<title_without_series>Truth</title_without_series>
<link><![CDATA[https://www.goodreads.com/book/show/11706625-truth]]></link>
<small_image_url><![CDATA[https://images.gr-assets.com/books/1327954411s/11706625.jpg]]></small_image_url>
<image_url><![CDATA[https://images.gr-assets.com/books/1327954411m/11706625.jpg]]></image_url>
<num_pages>299</num_pages>
<work>
<id>15751878</id>
</work>
<isbn>0142417726</isbn>
<isbn13>9780142417720</isbn13>
<average_rating>3.72</average_rating>
<ratings_count>1587</ratings_count>
<publication_year>2012</publication_year>
<publication_month>1</publication_month>
<publication_day>19</publication_day>
<authors>
<author>
<id>3100203</id>
<name>Julia Karr</name>
<link><![CDATA[https://www.goodreads.com/author/show/3100203.Julia_Karr]]></link>
</author>
</authors>
</book>

          <book>
<id>10382215</id>
<title>Beta (Annex, #1)</title>
<title_without_series>Beta</title_without_series>
<link><![CDATA[https://www.goodreads.com/book/show/10382215-beta]]></link>
<small_image_url><![CDATA[https://images.gr-assets.com/books/1331120541s/10382215.jpg]]></small_image_url>
<image_url><![CDATA[https://images.gr-assets.com/books/1331120541m/10382215.jpg]]></image_url>
<num_pages>331</num_pages>
<work>
<id>15285765</id>
</work>
<isbn>1423157192</isbn>
<isbn13>9781423157199</isbn13>
<average_rating>3.55</average_rating>
<ratings_count>6875</ratings_count>
<publication_year>2012</publication_year>
<publication_month>10</publication_month>
<publication_day>16</publication_day>
<authors>
<author>
<id>13139</id>
<name>Rachel Cohn</name>
<link><![CDATA[https://www.goodreads.com/author/show/13139.Rachel_Cohn]]></link>
</author>
</authors>
</book>

          <book>
<id>6931234</id>
<title>Shadows Cast By Stars</title>
<title_without_series>Shadows Cast By Stars</title_without_series>
<link><![CDATA[https://www.goodreads.com/book/show/6931234-shadows-cast-by-stars]]></link>
<small_image_url><![CDATA[https://images.gr-assets.com/books/1337472827s/6931234.jpg]]></small_image_url>
<image_url><![CDATA[https://images.gr-assets.com/books/1337472827m/6931234.jpg]]></image_url>
<num_pages>456</num_pages>
<work>
<id>7162224</id>
</work>
<isbn>1442401915</isbn>
<isbn13>9781442401914</isbn13>
<average_rating>3.56</average_rating>
<ratings_count>1607</ratings_count>
<publication_year>2012</publication_year>
<publication_month>6</publication_month>
<publication_day>5</publication_day>
<authors>
<author>
<id>3099505</id>
<name>Catherine Knutsson</name>
<link><![CDATA[https://www.goodreads.com/author/show/3099505.Catherine_Knutsson]]></link>
</author>
</authors>
</book>

          <book>
<id>12355133</id>
<title><![CDATA[The Killables (The Killables, #1)]]></title>
<title_without_series>The Killables</title_without_series>
<link><![CDATA[https://www.goodreads.com/book/show/12355133-the-killables]]></link>
<small_image_url><![CDATA[https://images.gr-assets.com/books/1327915754s/12355133.jpg]]></small_image_url>
<image_url><![CDATA[https://images.gr-assets.com/books/1327915754m/12355133.jpg]]></image_url>
<num_pages>372</num_pages>
<work>
<id>17334869</id>
</work>
<isbn>1444722778</isbn>
<isbn13>9781444722772</isbn13>
<average_rating>3.47</average_rating>
<ratings_count>1732</ratings_count>
<publication_year>2012</publication_year>
<publication_month>3</publication_month>
<publication_day>29</publication_day>
<authors>
<author>
<id>777173</id>
<name>Gemma Malley</name>
<link><![CDATA[https://www.goodreads.com/author/show/777173.Gemma_Malley]]></link>
</author>
</authors>
</book>

          <book>
<id>12367267</id>
<title>The Glimpse (The Glimpse, #1)</title>
<title_without_series>The Glimpse</title_without_series>
<link><![CDATA[https://www.goodreads.com/book/show/12367267-the-glimpse]]></link>
<small_image_url><![CDATA[https://images.gr-assets.com/books/1331650611s/12367267.jpg]]></small_image_url>
<image_url><![CDATA[https://images.gr-assets.com/books/1331650611m/12367267.jpg]]></image_url>
<num_pages>411</num_pages>
<work>
<id>17347490</id>
</work>
<isbn>0571280536</isbn>
<isbn13>9780571280537</isbn13>
<average_rating>3.49</average_rating>
<ratings_count>2030</ratings_count>
<publication_year>2012</publication_year>
<publication_month>6</publication_month>
<publication_day>7</publication_day>
<authors>
<author>
<id>5130544</id>
<name>Claire Merle</name>
<link><![CDATA[https://www.goodreads.com/author/show/5130544.Claire_Merle]]></link>
</author>
</authors>
</book>

          <book>
<id>10352973</id>
<title>Skylark (Skylark, #1)</title>
<title_without_series>Skylark</title_without_series>
<link><![CDATA[https://www.goodreads.com/book/show/10352973-skylark]]></link>
<small_image_url><![CDATA[https://images.gr-assets.com/books/1344304230s/10352973.jpg]]></small_image_url>
<image_url><![CDATA[https://images.gr-assets.com/books/1344304230m/10352973.jpg]]></image_url>
<num_pages>333</num_pages>
<work>
<id>15255881</id>
</work>
<isbn>0761388656</isbn>
<isbn13>9780761388654</isbn13>
<average_rating>3.71</average_rating>
<ratings_count>4389</ratings_count>
<publication_year>2012</publication_year>
<publication_month>8</publication_month>
<publication_day>1</publication_day>
<authors>
<author>
<id>4615776</id>
<name>Meagan Spooner</name>
<link><![CDATA[https://www.goodreads.com/author/show/4615776.Meagan_Spooner]]></link>
</author>
</authors>
</book>

          <book>
<id>10841167</id>
<title>Dark Inside (Dark Inside, #1)</title>
<title_without_series>Dark Inside</title_without_series>
<link><![CDATA[https://www.goodreads.com/book/show/10841167-dark-inside]]></link>
<small_image_url><![CDATA[https://images.gr-assets.com/books/1333198002s/10841167.jpg]]></small_image_url>
<image_url><![CDATA[https://images.gr-assets.com/books/1333198002m/10841167.jpg]]></image_url>
<num_pages>368</num_pages>
<work>
<id>13996404</id>
</work>
<isbn>0230756182</isbn>
<isbn13>9780230756182</isbn13>
<average_rating>3.93</average_rating>
<ratings_count>7975</ratings_count>
<publication_year>2011</publication_year>
<publication_month>9</publication_month>
<publication_day>2</publication_day>
<authors>
<author>
<id>4292165</id>
<name>Jeyn Roberts</name>
<link><![CDATA[https://www.goodreads.com/author/show/4292165.Jeyn_Roberts]]></link>
</author>
</authors>
</book>

          <book>
<id>11250671</id>
<title>Above</title>
<title_without_series>Above</title_without_series>
<link><![CDATA[https://www.goodreads.com/book/show/11250671-above]]></link>
<small_image_url><![CDATA[https://images.gr-assets.com/books/1334007434s/11250671.jpg]]></small_image_url>
<image_url><![CDATA[https://images.gr-assets.com/books/1334007434m/11250671.jpg]]></image_url>
<num_pages>363</num_pages>
<work>
<id>16177154</id>
</work>
<isbn>0545296706</isbn>
<isbn13>9780545296700</isbn13>
<average_rating>3.07</average_rating>
<ratings_count>2688</ratings_count>
<publication_year>2012</publication_year>
<publication_month>4</publication_month>
<publication_day>1</publication_day>
<authors>
<author>
<id>4025590</id>
<name>Leah Bobet</name>
<link><![CDATA[https://www.goodreads.com/author/show/4025590.Leah_Bobet]]></link>
</author>
</authors>
</book>

          <book>
<id>7670714</id>
<title><![CDATA[The Pearl Wars (Skyship Academy, #1)]]></title>
<title_without_series>The Pearl Wars</title_without_series>
<link><![CDATA[https://www.goodreads.com/book/show/7670714-the-pearl-wars]]></link>
<small_image_url><![CDATA[https://images.gr-assets.com/books/1308612590s/7670714.jpg]]></small_image_url>
<image_url><![CDATA[https://images.gr-assets.com/books/1308612590m/7670714.jpg]]></image_url>
<num_pages>376</num_pages>
<work>
<id>10281867</id>
</work>
<isbn>073872341X</isbn>
<isbn13>9780738723419</isbn13>
<average_rating>3.66</average_rating>
<ratings_count>1670</ratings_count>
<publication_year>2011</publication_year>
<publication_month>9</publication_month>
<publication_day>8</publication_day>
<authors>
<author>
<id>4638190</id>
<name>Nick  James</name>
<link><![CDATA[https://www.goodreads.com/author/show/4638190.Nick_James]]></link>
</author>
</authors>
</book>

          <book>
<id>10476572</id>
<title>Scored</title>
<title_without_series>Scored</title_without_series>
<link><![CDATA[https://www.goodreads.com/book/show/10476572-scored]]></link>
<small_image_url><![CDATA[https://images.gr-assets.com/books/1328208952s/10476572.jpg]]></small_image_url>
<image_url><![CDATA[https://images.gr-assets.com/books/1328208952m/10476572.jpg]]></image_url>
<num_pages>242</num_pages>
<work>
<id>15381919</id>
</work>
<isbn></isbn>
<isbn13></isbn13>
<average_rating>3.36</average_rating>
<ratings_count>2150</ratings_count>
<publication_year>2011</publication_year>
<publication_month>10</publication_month>
<publication_day>25</publication_day>
<authors>
<author>
<id>1281119</id>
<name>Lauren McLaughlin</name>
<link><![CDATA[https://www.goodreads.com/author/show/1281119.Lauren_McLaughlin]]></link>
</author>
</authors>
</book>

          <book>
<id>11043618</id>
<title><![CDATA[What's Left of Me (The Hybrid Chronicles, #1)]]></title>
<title_without_series>What&apos;s Left of Me</title_without_series>
<link><![CDATA[https://www.goodreads.com/book/show/11043618-what-s-left-of-me]]></link>
<small_image_url><![CDATA[https://images.gr-assets.com/books/1329477948s/11043618.jpg]]></small_image_url>
<image_url><![CDATA[https://images.gr-assets.com/books/1329477948m/11043618.jpg]]></image_url>
<num_pages>343</num_pages>
<work>
<id>15964230</id>
</work>
<isbn>0062114875</isbn>
<isbn13>9780062114877</isbn13>
<average_rating>3.79</average_rating>
<ratings_count>13838</ratings_count>
<publication_year>2012</publication_year>
<publication_month>9</publication_month>
<publication_day>18</publication_day>
<authors>
<author>
<id>4774478</id>
<name>Kat Zhang</name>
<link><![CDATA[https://www.goodreads.com/author/show/4774478.Kat_Zhang]]></link>
</author>
</authors>
</book>

          <book>
<id>12987192</id>
<title><![CDATA[The Forsaken (The Forsaken, #1)]]></title>
<title_without_series>The Forsaken</title_without_series>
<link><![CDATA[https://www.goodreads.com/book/show/12987192-the-forsaken]]></link>
<small_image_url><![CDATA[https://images.gr-assets.com/books/1332152940s/12987192.jpg]]></small_image_url>
<image_url><![CDATA[https://images.gr-assets.com/books/1332152940m/12987192.jpg]]></image_url>
<num_pages>375</num_pages>
<work>
<id>15854253</id>
</work>
<isbn>1442432659</isbn>
<isbn13>9781442432659</isbn13>
<average_rating>3.67</average_rating>
<ratings_count>6134</ratings_count>
<publication_year>2012</publication_year>
<publication_month>7</publication_month>
<publication_day>10</publication_day>
<authors>
<author>
<id>5306608</id>
<name>Lisa M. Stasse</name>
<link><![CDATA[https://www.goodreads.com/author/show/5306608.Lisa_M_Stasse]]></link>
</author>
</authors>
</book>

          <book>
<id>10634286</id>
<title><![CDATA[Ashes of Twilight (Ashes Trilogy, #1)]]></title>
<title_without_series>Ashes of Twilight</title_without_series>
<link><![CDATA[https://www.goodreads.com/book/show/10634286-ashes-of-twilight]]></link>
<small_image_url><![CDATA[https://images.gr-assets.com/books/1327807205s/10634286.jpg]]></small_image_url>
<image_url><![CDATA[https://images.gr-assets.com/books/1327807205m/10634286.jpg]]></image_url>
<num_pages>320</num_pages>
<work>
<id>15542926</id>
</work>
<isbn>0312641788</isbn>
<isbn13>9780312641788</isbn13>
<average_rating>3.65</average_rating>
<ratings_count>1153</ratings_count>
<publication_year>2012</publication_year>
<publication_month>11</publication_month>
<publication_day>13</publication_day>
<authors>
<author>
<id>796869</id>
<name>Kassy Tayler</name>
<link><![CDATA[https://www.goodreads.com/author/show/796869.Kassy_Tayler]]></link>
</author>
</authors>
</book>

  </similar_books>
</book>

</GoodreadsResponse>