<?xml version="1.0" encoding="UTF-8"?>
<GoodreadsResponse>
  <Request>
    <authentication>true</authentication>
      <key><![CDATA[all_men_must_serve]]></key>
    <method><![CDATA[book_show]]></method>
  </Request>
  <book>
  <id>10692</id>
  <title>The Historian</title>
  <isbn><![CDATA[0751537284]]></isbn>
  <isbn13><![CDATA[9780751537284]]></isbn13>
  <asin><![CDATA[]]></asin>
  <kindle_asin><![CDATA[B003PPDBLW]]></kindle_asin>
  <marketplace_id><![CDATA[A1F83G8C2ARO7P]]></marketplace_id>
  <country_code><![CDATA[GB]]></country_code>
  <image_url>https://images.gr-assets.com/books/1338298031m/10692.jpg</image_url>
  <small_image_url>https://images.gr-assets.com/books/1338298031s/10692.jpg</small_image_url>
  <publication_year>2005</publication_year>
  <publication_month></publication_month>
  <publication_day></publication_day>
  <publisher>Time Warner Books</publisher>
  <language_code>eng</language_code>
  <is_ebook>false</is_ebook>
  <description><![CDATA[<i>To you, perceptive reader, I bequeath my history…</i><br /><br />Late one night, exploring her father’s library, a young woman finds an ancient book and a cache of yellowing letters addressed ominously to ‘My dear and unfortunate successor’. Her discovery plunges her into a world she never dreamed of – a labyrinth where the secrets of her father’s past and her mother’s mysterious fate connect to an evil hidden in the depths of history.]]></description>
  <work>
  <id type="integer">3061272</id>
  <books_count type="integer">129</books_count>
  <best_book_id type="integer">10692</best_book_id>
  <reviews_count type="integer">333745</reviews_count>
  <ratings_sum type="integer">782291</ratings_sum>
  <ratings_count type="integer">207616</ratings_count>
  <text_reviews_count type="integer">14257</text_reviews_count>
  <original_publication_year type="integer">2005</original_publication_year>
  <original_publication_month type="integer">6</original_publication_month>
  <original_publication_day type="integer">14</original_publication_day>
  <original_title>The Historian</original_title>
  <original_language_id type="integer" nil="true"/>
  <media_type>book</media_type>
  <rating_dist>5:63262|4:68806|3:48216|2:18777|1:8555|total:207616</rating_dist>
  <desc_user_id type="integer">45232006</desc_user_id>
  <default_chaptering_book_id type="integer" nil="true"/>
  <default_description_language_code nil="true"/>
</work>
  <average_rating>3.77</average_rating>
  <num_pages><![CDATA[704]]></num_pages>
  <format><![CDATA[Paperback]]></format>
  <edition_information><![CDATA[]]></edition_information>
  <ratings_count><![CDATA[190546]]></ratings_count>
  <text_reviews_count><![CDATA[11450]]></text_reviews_count>
  <url><![CDATA[https://www.goodreads.com/book/show/10692.The_Historian]]></url>
  <link><![CDATA[https://www.goodreads.com/book/show/10692.The_Historian]]></link>
  <authors>
<author>
<id>5918</id>
<name>Elizabeth Kostova</name>
<role></role>
<image_url nophoto='false'>
<![CDATA[https://images.gr-assets.com/authors/1360044214p5/5918.jpg]]>
</image_url>
<small_image_url nophoto='false'>
<![CDATA[https://images.gr-assets.com/authors/1360044214p2/5918.jpg]]>
</small_image_url>
<link><![CDATA[https://www.goodreads.com/author/show/5918.Elizabeth_Kostova]]></link>
<average_rating>3.74</average_rating>
<ratings_count>241174</ratings_count>
<text_reviews_count>19517</text_reviews_count>
</author>
</authors>

    <reviews_widget>
      <![CDATA[
        <style>
  #goodreads-widget {
    font-family: georgia, serif;
    padding: 18px 0;
    width:565px;
  }
  #goodreads-widget h1 {
    font-weight:normal;
    font-size: 16px;
    border-bottom: 1px solid #BBB596;
    margin-bottom: 0;
  }
  #goodreads-widget a {
    text-decoration: none;
    color:#660;
  }
  iframe{
    background-color: #fff;
  }
  #goodreads-widget a:hover { text-decoration: underline; }
  #goodreads-widget a:active {
    color:#660;
  }
  #gr_footer {
    width: 100%;
    border-top: 1px solid #BBB596;
    text-align: right;
  }
  #goodreads-widget .gr_branding{
    color: #382110;
    font-size: 11px;
    text-decoration: none;
    font-family: "Helvetica Neue", Helvetica, Arial, sans-serif;
  }
</style>
<div id="goodreads-widget">
  <div id="gr_header"><h1><a rel="nofollow" href="https://www.goodreads.com/book/show/10692.The_Historian">The Historian Reviews</a></h1></div>
  <iframe id="the_iframe" src="https://www.goodreads.com/api/reviews_widget_iframe?did=DEVELOPER_ID&amp;format=html&amp;isbn=0751537284&amp;links=660&amp;min_rating=&amp;review_back=fff&amp;stars=000&amp;text=000" width="565" height="400" frameborder="0"></iframe>
  <div id="gr_footer">
    <a class="gr_branding" target="_blank" rel="nofollow" href="https://www.goodreads.com/book/show/10692.The_Historian?utm_medium=api&amp;utm_source=reviews_widget">Reviews from Goodreads.com</a>
  </div>
</div>

      ]]>
    </reviews_widget>
  <popular_shelves>
      <shelf name="to-read" count="11451"/>
      <shelf name="fiction" count="3160"/>
      <shelf name="historical-fiction" count="2810"/>
      <shelf name="favorites" count="2103"/>
      <shelf name="fantasy" count="1565"/>
      <shelf name="mystery" count="1084"/>
      <shelf name="historical" count="650"/>
      <shelf name="books-i-own" count="639"/>
      <shelf name="owned" count="599"/>
      <shelf name="paranormal" count="486"/>
      <shelf name="gothic" count="395"/>
      <shelf name="currently-reading" count="386"/>
      <shelf name="vampire" count="342"/>
      <shelf name="thriller" count="324"/>
      <shelf name="book-club" count="287"/>
      <shelf name="supernatural" count="275"/>
      <shelf name="history" count="256"/>
      <shelf name="adult" count="208"/>
      <shelf name="abandoned" count="206"/>
      <shelf name="default" count="197"/>
      <shelf name="owned-books" count="189"/>
      <shelf name="adult-fiction" count="185"/>
      <shelf name="library" count="168"/>
      <shelf name="audiobook" count="161"/>
      <shelf name="suspense" count="154"/>
      <shelf name="audio" count="143"/>
      <shelf name="adventure" count="142"/>
      <shelf name="favourites" count="131"/>
      <shelf name="novels" count="127"/>
      <shelf name="did-not-finish" count="126"/>
      <shelf name="contemporary" count="125"/>
      <shelf name="literature" count="124"/>
      <shelf name="books-about-books" count="123"/>
      <shelf name="general-fiction" count="123"/>
      <shelf name="dracula" count="117"/>
      <shelf name="mystery-thriller" count="114"/>
      <shelf name="audiobooks" count="112"/>
      <shelf name="my-library" count="108"/>
      <shelf name="didn-t-finish" count="99"/>
      <shelf name="unfinished" count="97"/>
      <shelf name="sci-fi-fantasy" count="97"/>
      <shelf name="contemporary-fiction" count="96"/>
      <shelf name="my-books" count="93"/>
      <shelf name="literary-fiction" count="90"/>
      <shelf name="kindle" count="88"/>
      <shelf name="europe" count="88"/>
      <shelf name="i-own" count="87"/>
      <shelf name="novel" count="84"/>
      <shelf name="dnf" count="82"/>
      <shelf name="horror" count="76"/>
      <shelf name="mysteries" count="75"/>
      <shelf name="own-it" count="71"/>
      <shelf name="romance" count="70"/>
      <shelf name="elizabeth-kostova" count="68"/>
      <shelf name="gave-up-on" count="67"/>
      <shelf name="audio-book" count="67"/>
      <shelf name="mystery-suspense" count="63"/>
      <shelf name="bookclub" count="63"/>
      <shelf name="to-buy" count="62"/>
      <shelf name="shelfari-favorites" count="57"/>
      <shelf name="2006" count="57"/>
      <shelf name="urban-fantasy" count="56"/>
      <shelf name="never-finished" count="55"/>
      <shelf name="ebook" count="54"/>
      <shelf name="travel" count="54"/>
      <shelf name="favorite-books" count="54"/>
      <shelf name="eastern-europe" count="54"/>
      <shelf name="couldn-t-finish" count="54"/>
      <shelf name="all-time-favorites" count="54"/>
      <shelf name="home-library" count="53"/>
      <shelf name="fantasy-sci-fi" count="53"/>
      <shelf name="own-to-read" count="52"/>
      <shelf name="wish-list" count="50"/>
      <shelf name="borrowed" count="48"/>
      <shelf name="vampires" count="47"/>
      <shelf name="favorite" count="47"/>
      <shelf name="drama" count="47"/>
      <shelf name="2005" count="47"/>
      <shelf name="audio-books" count="46"/>
      <shelf name="recommended" count="45"/>
      <shelf name="american" count="44"/>
      <shelf name="audible" count="44"/>
      <shelf name="thrillers" count="44"/>
      <shelf name="re-read" count="44"/>
      <shelf name="modern-fiction" count="44"/>
      <shelf name="historical-mystery" count="44"/>
      <shelf name="epistolary" count="44"/>
      <shelf name="21st-century" count="44"/>
      <shelf name="to-read-fiction" count="44"/>
      <shelf name="fiction-historical" count="43"/>
      <shelf name="could-not-finish" count="43"/>
      <shelf name="ebooks" count="42"/>
      <shelf name="maybe" count="41"/>
      <shelf name="stopped-reading" count="41"/>
      <shelf name="english" count="39"/>
      <shelf name="scifi-fantasy" count="39"/>
      <shelf name="read-in-2010" count="38"/>
      <shelf name="magical-realism" count="38"/>
      <shelf name="female-author" count="37"/>
      <shelf name="literary" count="37"/>
  </popular_shelves>
  <book_links>
    <book_link>
  <id>8</id>
  <name>Libraries</name>
  <link>https://www.goodreads.com/book_link/follow/8</link>
</book_link>

  </book_links>
  <buy_links>
    <buy_link>
<id>1</id>
<name>Amazon</name>
<link>https://www.goodreads.com/book_link/follow/1</link>
</buy_link>
<buy_link>
<id>10</id>
<name>Audible</name>
<link>https://www.goodreads.com/book_link/follow/10</link>
</buy_link>
<buy_link>
<id>3</id>
<name>Barnes &amp; Noble</name>
<link>https://www.goodreads.com/book_link/follow/3</link>
</buy_link>
<buy_link>
<id>1027</id>
<name>Kobo</name>
<link>https://www.goodreads.com/book_link/follow/1027</link>
</buy_link>
<buy_link>
<id>2102</id>
<name>Apple iBooks</name>
<link>https://www.goodreads.com/book_link/follow/2102</link>
</buy_link>
<buy_link>
<id>8036</id>
<name>Google Play</name>
<link>https://www.goodreads.com/book_link/follow/8036</link>
</buy_link>
<buy_link>
<id>4</id>
<name>Abebooks</name>
<link>https://www.goodreads.com/book_link/follow/4</link>
</buy_link>
<buy_link>
<id>882</id>
<name>Book Depository</name>
<link>https://www.goodreads.com/book_link/follow/882</link>
</buy_link>
<buy_link>
<id>9</id>
<name>Indigo</name>
<link>https://www.goodreads.com/book_link/follow/9</link>
</buy_link>
<buy_link>
<id>2</id>
<name>Half.com</name>
<link>https://www.goodreads.com/book_link/follow/2</link>
</buy_link>
<buy_link>
<id>5</id>
<name>Alibris</name>
<link>https://www.goodreads.com/book_link/follow/5</link>
</buy_link>
<buy_link>
<id>107</id>
<name>Better World Books</name>
<link>https://www.goodreads.com/book_link/follow/107</link>
</buy_link>
<buy_link>
<id>7</id>
<name>IndieBound</name>
<link>https://www.goodreads.com/book_link/follow/7</link>
</buy_link>

  </buy_links>
  <series_works>
    
  </series_works>
  <similar_books>
          <book>
<id>37722</id>
<title><![CDATA[In Search of Dracula: The History of Dracula and Vampires]]></title>
<title_without_series><![CDATA[In Search of Dracula: The History of Dracula and Vampires]]></title_without_series>
<link><![CDATA[https://www.goodreads.com/book/show/37722.In_Search_of_Dracula]]></link>
<small_image_url><![CDATA[https://s.gr-assets.com/assets/nophoto/book/50x75-a91bf249278a81aabab721ef782c4a74.png]]></small_image_url>
<image_url><![CDATA[https://s.gr-assets.com/assets/nophoto/book/111x148-bcc042a9c91a29c1d680899eff700a03.png]]></image_url>
<num_pages>320</num_pages>
<work>
<id>37540</id>
</work>
<isbn>0395657830</isbn>
<isbn13>9780395657836</isbn13>
<average_rating>3.84</average_rating>
<ratings_count>1178</ratings_count>
<publication_year>1994</publication_year>
<publication_month>10</publication_month>
<publication_day>31</publication_day>
<authors>
<author>
<id>18877</id>
<name>Raymond T. McNally</name>
<link><![CDATA[https://www.goodreads.com/author/show/18877.Raymond_T_McNally]]></link>
</author>
</authors>
</book>

          <book>
<id>177076</id>
<title>The Meaning of Night</title>
<title_without_series>The Meaning of Night</title_without_series>
<link><![CDATA[https://www.goodreads.com/book/show/177076.The_Meaning_of_Night]]></link>
<small_image_url><![CDATA[https://images.gr-assets.com/books/1328002091s/177076.jpg]]></small_image_url>
<image_url><![CDATA[https://images.gr-assets.com/books/1328002091m/177076.jpg]]></image_url>
<num_pages>703</num_pages>
<work>
<id>3340369</id>
</work>
<isbn>0393062031</isbn>
<isbn13>9780393062038</isbn13>
<average_rating>3.70</average_rating>
<ratings_count>7875</ratings_count>
<publication_year>2006</publication_year>
<publication_month>9</publication_month>
<publication_day>17</publication_day>
<authors>
<author>
<id>39412</id>
<name>Michael Cox</name>
<link><![CDATA[https://www.goodreads.com/author/show/39412.Michael_Cox]]></link>
</author>
</authors>
</book>

          <book>
<id>201874</id>
<title><![CDATA[The Rossetti Letter (Claire Donovan #1)]]></title>
<title_without_series>The Rossetti Letter</title_without_series>
<link><![CDATA[https://www.goodreads.com/book/show/201874.The_Rossetti_Letter]]></link>
<small_image_url><![CDATA[https://s.gr-assets.com/assets/nophoto/book/50x75-a91bf249278a81aabab721ef782c4a74.png]]></small_image_url>
<image_url><![CDATA[https://s.gr-assets.com/assets/nophoto/book/111x148-bcc042a9c91a29c1d680899eff700a03.png]]></image_url>
<num_pages>383</num_pages>
<work>
<id>2860683</id>
</work>
<isbn>1416527370</isbn>
<isbn13>9781416527374</isbn13>
<average_rating>3.73</average_rating>
<ratings_count>4561</ratings_count>
<publication_year>2007</publication_year>
<publication_month>3</publication_month>
<publication_day>6</publication_day>
<authors>
<author>
<id>117730</id>
<name>Christi Phillips</name>
<link><![CDATA[https://www.goodreads.com/author/show/117730.Christi_Phillips]]></link>
</author>
</authors>
</book>

          <book>
<id>7763145</id>
<title>Dracula in Love</title>
<title_without_series>Dracula in Love</title_without_series>
<link><![CDATA[https://www.goodreads.com/book/show/7763145-dracula-in-love]]></link>
<small_image_url><![CDATA[https://images.gr-assets.com/books/1320470396s/7763145.jpg]]></small_image_url>
<image_url><![CDATA[https://images.gr-assets.com/books/1320470396m/7763145.jpg]]></image_url>
<num_pages></num_pages>
<work>
<id>10635930</id>
</work>
<isbn>0385528914</isbn>
<isbn13>9780385528917</isbn13>
<average_rating>3.37</average_rating>
<ratings_count>2315</ratings_count>
<publication_year></publication_year>
<publication_month></publication_month>
<publication_day></publication_day>
<authors>
<author>
<id>22528</id>
<name>Karen Essex</name>
<link><![CDATA[https://www.goodreads.com/author/show/22528.Karen_Essex]]></link>
</author>
</authors>
</book>

          <book>
<id>360625</id>
<title>Mary, Called Magdalene</title>
<title_without_series>Mary, Called Magdalene</title_without_series>
<link><![CDATA[https://www.goodreads.com/book/show/360625.Mary_Called_Magdalene]]></link>
<small_image_url><![CDATA[https://s.gr-assets.com/assets/nophoto/book/50x75-a91bf249278a81aabab721ef782c4a74.png]]></small_image_url>
<image_url><![CDATA[https://s.gr-assets.com/assets/nophoto/book/111x148-bcc042a9c91a29c1d680899eff700a03.png]]></image_url>
<num_pages>630</num_pages>
<work>
<id>12853</id>
</work>
<isbn>0142002798</isbn>
<isbn13>9780142002797</isbn13>
<average_rating>3.86</average_rating>
<ratings_count>7265</ratings_count>
<publication_year></publication_year>
<publication_month></publication_month>
<publication_day></publication_day>
<authors>
<author>
<id>6599</id>
<name>Margaret George</name>
<link><![CDATA[https://www.goodreads.com/author/show/6599.Margaret_George]]></link>
</author>
</authors>
</book>

          <book>
<id>4712458</id>
<title>Vlad: The Last Confession</title>
<title_without_series>Vlad: The Last Confession</title_without_series>
<link><![CDATA[https://www.goodreads.com/book/show/4712458-vlad]]></link>
<small_image_url><![CDATA[https://s.gr-assets.com/assets/nophoto/book/50x75-a91bf249278a81aabab721ef782c4a74.png]]></small_image_url>
<image_url><![CDATA[https://s.gr-assets.com/assets/nophoto/book/111x148-bcc042a9c91a29c1d680899eff700a03.png]]></image_url>
<num_pages>366</num_pages>
<work>
<id>4779020</id>
</work>
<isbn>1552787311</isbn>
<isbn13>9781552787311</isbn13>
<average_rating>3.83</average_rating>
<ratings_count>2462</ratings_count>
<publication_year>2008</publication_year>
<publication_month>9</publication_month>
<publication_day>25</publication_day>
<authors>
<author>
<id>80075</id>
<name>C.C. Humphreys</name>
<link><![CDATA[https://www.goodreads.com/author/show/80075.C_C_Humphreys]]></link>
</author>
</authors>
</book>

          <book>
<id>767307</id>
<title><![CDATA[The Angel of Darkness (Dr. Laszlo Kreizler, #2)]]></title>
<title_without_series>The Angel of Darkness</title_without_series>
<link><![CDATA[https://www.goodreads.com/book/show/767307.The_Angel_of_Darkness]]></link>
<small_image_url><![CDATA[https://images.gr-assets.com/books/1433066571s/767307.jpg]]></small_image_url>
<image_url><![CDATA[https://images.gr-assets.com/books/1433066571m/767307.jpg]]></image_url>
<num_pages>752</num_pages>
<work>
<id>1441588</id>
</work>
<isbn>0345427637</isbn>
<isbn13>9780345427632</isbn13>
<average_rating>3.94</average_rating>
<ratings_count>17740</ratings_count>
<publication_year>1997</publication_year>
<publication_month></publication_month>
<publication_day></publication_day>
<authors>
<author>
<id>27779</id>
<name>Caleb Carr</name>
<link><![CDATA[https://www.goodreads.com/author/show/27779.Caleb_Carr]]></link>
</author>
</authors>
</book>

          <book>
<id>14975</id>
<title>Labyrinth (Languedoc, #1)</title>
<title_without_series>Labyrinth</title_without_series>
<link><![CDATA[https://www.goodreads.com/book/show/14975.Labyrinth]]></link>
<small_image_url><![CDATA[https://images.gr-assets.com/books/1312498906s/14975.jpg]]></small_image_url>
<image_url><![CDATA[https://images.gr-assets.com/books/1312498906m/14975.jpg]]></image_url>
<num_pages>515</num_pages>
<work>
<id>1225097</id>
</work>
<isbn>0425213978</isbn>
<isbn13>9780425213971</isbn13>
<average_rating>3.55</average_rating>
<ratings_count>40186</ratings_count>
<publication_year></publication_year>
<publication_month></publication_month>
<publication_day></publication_day>
<authors>
<author>
<id>9343</id>
<name>Kate Mosse</name>
<link><![CDATA[https://www.goodreads.com/author/show/9343.Kate_Mosse]]></link>
</author>
</authors>
</book>

          <book>
<id>4836308</id>
<title><![CDATA[The Physick Book of Deliverance Dane]]></title>
<title_without_series><![CDATA[The Physick Book of Deliverance Dane]]></title_without_series>
<link><![CDATA[https://www.goodreads.com/book/show/4836308-the-physick-book-of-deliverance-dane]]></link>
<small_image_url><![CDATA[https://s.gr-assets.com/assets/nophoto/book/50x75-a91bf249278a81aabab721ef782c4a74.png]]></small_image_url>
<image_url><![CDATA[https://s.gr-assets.com/assets/nophoto/book/111x148-bcc042a9c91a29c1d680899eff700a03.png]]></image_url>
<num_pages>371</num_pages>
<work>
<id>4901516</id>
</work>
<isbn>1401340903</isbn>
<isbn13>9781401340902</isbn13>
<average_rating>3.70</average_rating>
<ratings_count>45365</ratings_count>
<publication_year>2009</publication_year>
<publication_month>5</publication_month>
<publication_day>22</publication_day>
<authors>
<author>
<id>342135</id>
<name>Katherine Howe</name>
<link><![CDATA[https://www.goodreads.com/author/show/342135.Katherine_Howe]]></link>
</author>
</authors>
</book>

          <book>
<id>7720480</id>
<title><![CDATA[The Mischief of the Mistletoe (Pink Carnation, #7)]]></title>
<title_without_series>The Mischief of the Mistletoe</title_without_series>
<link><![CDATA[https://www.goodreads.com/book/show/7720480-the-mischief-of-the-mistletoe]]></link>
<small_image_url><![CDATA[https://images.gr-assets.com/books/1290575915s/7720480.jpg]]></small_image_url>
<image_url><![CDATA[https://images.gr-assets.com/books/1290575915m/7720480.jpg]]></image_url>
<num_pages>340</num_pages>
<work>
<id>10468223</id>
</work>
<isbn>0525951873</isbn>
<isbn13>9780525951872</isbn13>
<average_rating>4.01</average_rating>
<ratings_count>4809</ratings_count>
<publication_year>2010</publication_year>
<publication_month>10</publication_month>
<publication_day>28</publication_day>
<authors>
<author>
<id>14469</id>
<name>Lauren Willig</name>
<link><![CDATA[https://www.goodreads.com/author/show/14469.Lauren_Willig]]></link>
</author>
</authors>
</book>

          <book>
<id>1943742</id>
<title><![CDATA[Silent in the Sanctuary (Lady Julia Grey, #2)]]></title>
<title_without_series>Silent in the Sanctuary</title_without_series>
<link><![CDATA[https://www.goodreads.com/book/show/1943742.Silent_in_the_Sanctuary]]></link>
<small_image_url><![CDATA[https://s.gr-assets.com/assets/nophoto/book/50x75-a91bf249278a81aabab721ef782c4a74.png]]></small_image_url>
<image_url><![CDATA[https://s.gr-assets.com/assets/nophoto/book/111x148-bcc042a9c91a29c1d680899eff700a03.png]]></image_url>
<num_pages>552</num_pages>
<work>
<id>1946375</id>
</work>
<isbn>0778324923</isbn>
<isbn13>9780778324928</isbn13>
<average_rating>4.05</average_rating>
<ratings_count>11161</ratings_count>
<publication_year>2008</publication_year>
<publication_month></publication_month>
<publication_day></publication_day>
<authors>
<author>
<id>156327</id>
<name>Deanna Raybourn</name>
<link><![CDATA[https://www.goodreads.com/author/show/156327.Deanna_Raybourn]]></link>
</author>
</authors>
</book>

          <book>
<id>123031</id>
<title>The Ghost Writer</title>
<title_without_series>The Ghost Writer</title_without_series>
<link><![CDATA[https://www.goodreads.com/book/show/123031.The_Ghost_Writer]]></link>
<small_image_url><![CDATA[https://s.gr-assets.com/assets/nophoto/book/50x75-a91bf249278a81aabab721ef782c4a74.png]]></small_image_url>
<image_url><![CDATA[https://s.gr-assets.com/assets/nophoto/book/111x148-bcc042a9c91a29c1d680899eff700a03.png]]></image_url>
<num_pages>369</num_pages>
<work>
<id>1332325</id>
</work>
<isbn>0156032325</isbn>
<isbn13>9780156032322</isbn13>
<average_rating>3.38</average_rating>
<ratings_count>4329</ratings_count>
<publication_year></publication_year>
<publication_month></publication_month>
<publication_day></publication_day>
<authors>
<author>
<id>70906</id>
<name>John Harwood</name>
<link><![CDATA[https://www.goodreads.com/author/show/70906.John_Harwood]]></link>
</author>
</authors>
</book>

          <book>
<id>148465</id>
<title>Forever</title>
<title_without_series>Forever</title_without_series>
<link><![CDATA[https://www.goodreads.com/book/show/148465.Forever]]></link>
<small_image_url><![CDATA[https://s.gr-assets.com/assets/nophoto/book/50x75-a91bf249278a81aabab721ef782c4a74.png]]></small_image_url>
<image_url><![CDATA[https://s.gr-assets.com/assets/nophoto/book/111x148-bcc042a9c91a29c1d680899eff700a03.png]]></image_url>
<num_pages>613</num_pages>
<work>
<id>1038124</id>
</work>
<isbn>0316735698</isbn>
<isbn13>9780316735698</isbn13>
<average_rating>3.93</average_rating>
<ratings_count>9379</ratings_count>
<publication_year></publication_year>
<publication_month></publication_month>
<publication_day></publication_day>
<authors>
<author>
<id>44942</id>
<name>Pete Hamill</name>
<link><![CDATA[https://www.goodreads.com/author/show/44942.Pete_Hamill]]></link>
</author>
</authors>
</book>

          <book>
<id>7373274</id>
<title><![CDATA[Poison (The Poisoner Mysteries, #1)]]></title>
<title_without_series>Poison</title_without_series>
<link><![CDATA[https://www.goodreads.com/book/show/7373274-poison]]></link>
<small_image_url><![CDATA[https://s.gr-assets.com/assets/nophoto/book/50x75-a91bf249278a81aabab721ef782c4a74.png]]></small_image_url>
<image_url><![CDATA[https://s.gr-assets.com/assets/nophoto/book/111x148-bcc042a9c91a29c1d680899eff700a03.png]]></image_url>
<num_pages>388</num_pages>
<work>
<id>9195007</id>
</work>
<isbn>0312609833</isbn>
<isbn13>9780312609832</isbn13>
<average_rating>3.77</average_rating>
<ratings_count>4305</ratings_count>
<publication_year></publication_year>
<publication_month></publication_month>
<publication_day></publication_day>
<authors>
<author>
<id>596826</id>
<name>Sara Poole</name>
<link><![CDATA[https://www.goodreads.com/author/show/596826.Sara_Poole]]></link>
</author>
</authors>
</book>

          <book>
<id>6780920</id>
<title><![CDATA[The God of the Hive (Mary Russell, #10)]]></title>
<title_without_series>The God of the Hive</title_without_series>
<link><![CDATA[https://www.goodreads.com/book/show/6780920-the-god-of-the-hive]]></link>
<small_image_url><![CDATA[https://s.gr-assets.com/assets/nophoto/book/50x75-a91bf249278a81aabab721ef782c4a74.png]]></small_image_url>
<image_url><![CDATA[https://s.gr-assets.com/assets/nophoto/book/111x148-bcc042a9c91a29c1d680899eff700a03.png]]></image_url>
<num_pages></num_pages>
<work>
<id>6982485</id>
</work>
<isbn>0553805541</isbn>
<isbn13>9780553805543</isbn13>
<average_rating>4.16</average_rating>
<ratings_count>9630</ratings_count>
<publication_year></publication_year>
<publication_month></publication_month>
<publication_day></publication_day>
<authors>
<author>
<id>6760</id>
<name>Laurie R. King</name>
<link><![CDATA[https://www.goodreads.com/author/show/6760.Laurie_R_King]]></link>
</author>
</authors>
</book>

          <book>
<id>5588668</id>
<title>The Last Dickens</title>
<title_without_series>The Last Dickens</title_without_series>
<link><![CDATA[https://www.goodreads.com/book/show/5588668-the-last-dickens]]></link>
<small_image_url><![CDATA[https://s.gr-assets.com/assets/nophoto/book/50x75-a91bf249278a81aabab721ef782c4a74.png]]></small_image_url>
<image_url><![CDATA[https://s.gr-assets.com/assets/nophoto/book/111x148-bcc042a9c91a29c1d680899eff700a03.png]]></image_url>
<num_pages>386</num_pages>
<work>
<id>5760012</id>
</work>
<isbn>1400066565</isbn>
<isbn13>9781400066568</isbn13>
<average_rating>3.56</average_rating>
<ratings_count>5874</ratings_count>
<publication_year></publication_year>
<publication_month></publication_month>
<publication_day></publication_day>
<authors>
<author>
<id>6247</id>
<name>Matthew Pearl</name>
<link><![CDATA[https://www.goodreads.com/author/show/6247.Matthew_Pearl]]></link>
</author>
</authors>
</book>

          <book>
<id>2942664</id>
<title>The Black Tower</title>
<title_without_series>The Black Tower</title_without_series>
<link><![CDATA[https://www.goodreads.com/book/show/2942664-the-black-tower]]></link>
<small_image_url><![CDATA[https://s.gr-assets.com/assets/nophoto/book/50x75-a91bf249278a81aabab721ef782c4a74.png]]></small_image_url>
<image_url><![CDATA[https://s.gr-assets.com/assets/nophoto/book/111x148-bcc042a9c91a29c1d680899eff700a03.png]]></image_url>
<num_pages>368</num_pages>
<work>
<id>2972107</id>
</work>
<isbn>0061173509</isbn>
<isbn13>9780061173509</isbn13>
<average_rating>3.74</average_rating>
<ratings_count>3190</ratings_count>
<publication_year>2008</publication_year>
<publication_month>8</publication_month>
<publication_day>26</publication_day>
<authors>
<author>
<id>63723</id>
<name>Louis Bayard</name>
<link><![CDATA[https://www.goodreads.com/author/show/63723.Louis_Bayard]]></link>
</author>
</authors>
</book>

          <book>
<id>2873264</id>
<title>The Tenth Gift</title>
<title_without_series>The Tenth Gift</title_without_series>
<link><![CDATA[https://www.goodreads.com/book/show/2873264-the-tenth-gift]]></link>
<small_image_url><![CDATA[https://images.gr-assets.com/books/1320481845s/2873264.jpg]]></small_image_url>
<image_url><![CDATA[https://images.gr-assets.com/books/1320481845m/2873264.jpg]]></image_url>
<num_pages>385</num_pages>
<work>
<id>2899427</id>
</work>
<isbn>0385665008</isbn>
<isbn13>9780385665001</isbn13>
<average_rating>3.77</average_rating>
<ratings_count>4215</ratings_count>
<publication_year>2008</publication_year>
<publication_month>5</publication_month>
<publication_day>6</publication_day>
<authors>
<author>
<id>3842</id>
<name>Jane Johnson</name>
<link><![CDATA[https://www.goodreads.com/author/show/3842.Jane_Johnson]]></link>
</author>
</authors>
</book>

  </similar_books>
</book>

</GoodreadsResponse>