<?xml version="1.0" encoding="UTF-8"?>
<GoodreadsResponse>
  <Request>
    <authentication>true</authentication>
      <key><![CDATA[all_men_must_serve]]></key>
    <method><![CDATA[book_show]]></method>
  </Request>
  <book>
  <id>10706120</id>
  <title><![CDATA[A King's Ransom (The 39 Clues: Cahills vs. Vespers, #2)]]></title>
  <isbn><![CDATA[0545298407]]></isbn>
  <isbn13><![CDATA[9780545298407]]></isbn13>
  <asin><![CDATA[]]></asin>
  <kindle_asin><![CDATA[]]></kindle_asin>
  <marketplace_id><![CDATA[]]></marketplace_id>
  <country_code><![CDATA[GB]]></country_code>
  <image_url>https://images.gr-assets.com/books/1329085934m/10706120.jpg</image_url>
  <small_image_url>https://images.gr-assets.com/books/1329085934s/10706120.jpg</small_image_url>
  <publication_year>2011</publication_year>
  <publication_month>12</publication_month>
  <publication_day>6</publication_day>
  <publisher>Scholastic Inc.</publisher>
  <language_code>eng</language_code>
  <is_ebook>false</is_ebook>
  <description><![CDATA[Amy and Dan are in a race for their lives . . . and the enemy may be even closer than they think.<br /><br />When seven members of their family were kidnapped by a sinister organization known as the Vespers, thirteen-year-old Dan Cahill and his older sister, Amy, vowed they'd stop at nothing to bring the hostages home. But then the ransom comes in and the Vespers demand the impossible. Amy and Dan have just days to track down and steal an ancient map. The only catch? No one has seen the map for half a century.<br /><br />Now Amy and Dan are on a desperate search that will lead them to the Nazis, spies, a mad king and some of history's dirtiest secrets. It's the race of their lives . . . and one misstep will mean certain death for the hostages.]]></description>
  <work>
  <id type="integer">15616456</id>
  <books_count type="integer">14</books_count>
  <best_book_id type="integer">10706120</best_book_id>
  <reviews_count type="integer">25083</reviews_count>
  <ratings_sum type="integer">76525</ratings_sum>
  <ratings_count type="integer">18479</ratings_count>
  <text_reviews_count type="integer">355</text_reviews_count>
  <original_publication_year type="integer">2011</original_publication_year>
  <original_publication_month type="integer">11</original_publication_month>
  <original_publication_day type="integer">1</original_publication_day>
  <original_title>A King's Ransom</original_title>
  <original_language_id type="integer" nil="true"/>
  <media_type>book</media_type>
  <rating_dist>5:8689|4:5114|3:3604|2:740|1:332|total:18479</rating_dist>
  <desc_user_id type="integer">2268493</desc_user_id>
  <default_chaptering_book_id type="integer" nil="true"/>
  <default_description_language_code nil="true"/>
</work>
  <average_rating>4.14</average_rating>
  <num_pages><![CDATA[190]]></num_pages>
  <format><![CDATA[Hardcover]]></format>
  <edition_information><![CDATA[]]></edition_information>
  <ratings_count><![CDATA[18178]]></ratings_count>
  <text_reviews_count><![CDATA[333]]></text_reviews_count>
  <url><![CDATA[https://www.goodreads.com/book/show/10706120-a-king-s-ransom]]></url>
  <link><![CDATA[https://www.goodreads.com/book/show/10706120-a-king-s-ransom]]></link>
  <authors>
<author>
<id>11912</id>
<name>Jude Watson</name>
<role></role>
<image_url nophoto='false'>
<![CDATA[https://images.gr-assets.com/authors/1403530689p5/11912.jpg]]>
</image_url>
<small_image_url nophoto='false'>
<![CDATA[https://images.gr-assets.com/authors/1403530689p2/11912.jpg]]>
</small_image_url>
<link><![CDATA[https://www.goodreads.com/author/show/11912.Jude_Watson]]></link>
<average_rating>3.99</average_rating>
<ratings_count>187943</ratings_count>
<text_reviews_count>4985</text_reviews_count>
</author>
</authors>

    <reviews_widget>
      <![CDATA[
        <style>
  #goodreads-widget {
    font-family: georgia, serif;
    padding: 18px 0;
    width:565px;
  }
  #goodreads-widget h1 {
    font-weight:normal;
    font-size: 16px;
    border-bottom: 1px solid #BBB596;
    margin-bottom: 0;
  }
  #goodreads-widget a {
    text-decoration: none;
    color:#660;
  }
  iframe{
    background-color: #fff;
  }
  #goodreads-widget a:hover { text-decoration: underline; }
  #goodreads-widget a:active {
    color:#660;
  }
  #gr_footer {
    width: 100%;
    border-top: 1px solid #BBB596;
    text-align: right;
  }
  #goodreads-widget .gr_branding{
    color: #382110;
    font-size: 11px;
    text-decoration: none;
    font-family: "Helvetica Neue", Helvetica, Arial, sans-serif;
  }
</style>
<div id="goodreads-widget">
  <div id="gr_header"><h1><a rel="nofollow" href="https://www.goodreads.com/book/show/10706120-a-king-s-ransom">A King&#39;s Ransom Reviews</a></h1></div>
  <iframe id="the_iframe" src="https://www.goodreads.com/api/reviews_widget_iframe?did=DEVELOPER_ID&amp;format=html&amp;isbn=0545298407&amp;links=660&amp;min_rating=&amp;review_back=fff&amp;stars=000&amp;text=000" width="565" height="400" frameborder="0"></iframe>
  <div id="gr_footer">
    <a class="gr_branding" target="_blank" rel="nofollow" href="https://www.goodreads.com/book/show/10706120-a-king-s-ransom?utm_medium=api&amp;utm_source=reviews_widget">Reviews from Goodreads.com</a>
  </div>
</div>

      ]]>
    </reviews_widget>
  <popular_shelves>
      <shelf name="to-read" count="5126"/>
      <shelf name="39-clues" count="175"/>
      <shelf name="currently-reading" count="111"/>
      <shelf name="adventure" count="92"/>
      <shelf name="mystery" count="87"/>
      <shelf name="the-39-clues" count="71"/>
      <shelf name="young-adult" count="65"/>
      <shelf name="favorites" count="65"/>
      <shelf name="series" count="53"/>
      <shelf name="fiction" count="47"/>
      <shelf name="middle-grade" count="37"/>
      <shelf name="books-i-own" count="34"/>
      <shelf name="childrens" count="27"/>
      <shelf name="39-clues-series" count="22"/>
      <shelf name="fantasy" count="21"/>
      <shelf name="owned" count="20"/>
      <shelf name="audiobooks" count="19"/>
      <shelf name="juvenile" count="19"/>
      <shelf name="audio" count="18"/>
      <shelf name="ya" count="18"/>
      <shelf name="children" count="18"/>
      <shelf name="children-s" count="18"/>
      <shelf name="audiobook" count="17"/>
      <shelf name="kids" count="17"/>
      <shelf name="cahills-vs-vespers" count="16"/>
      <shelf name="action" count="14"/>
      <shelf name="thriller" count="13"/>
      <shelf name="action-adventure" count="12"/>
      <shelf name="read-in-2012" count="12"/>
      <shelf name="historical-fiction" count="11"/>
      <shelf name="kids-books" count="10"/>
      <shelf name="39-clues-cahills-vs-vespers" count="10"/>
      <shelf name="library" count="10"/>
      <shelf name="read-2012" count="9"/>
      <shelf name="default" count="8"/>
      <shelf name="realistic-fiction" count="8"/>
      <shelf name="audio-books" count="8"/>
      <shelf name="juvenile-fiction" count="8"/>
      <shelf name="owned-books" count="7"/>
      <shelf name="mysteries" count="7"/>
      <shelf name="the-39-clues-cahills-vs-vespers" count="7"/>
      <shelf name="audio-book" count="7"/>
      <shelf name="children-s-books" count="7"/>
      <shelf name="my-books" count="6"/>
      <shelf name="to-buy" count="6"/>
      <shelf name="kindle" count="6"/>
      <shelf name="history" count="6"/>
      <shelf name="childrens-books" count="6"/>
      <shelf name="i-own" count="5"/>
      <shelf name="hardcover" count="5"/>
      <shelf name="tween" count="5"/>
      <shelf name="books" count="5"/>
      <shelf name="family" count="5"/>
      <shelf name="middle-school" count="5"/>
      <shelf name="modern" count="5"/>
      <shelf name="favorite-series" count="5"/>
      <shelf name="my-bookshelf" count="4"/>
      <shelf name="read-in-2015" count="4"/>
      <shelf name="finished" count="4"/>
      <shelf name="read-in-2013" count="4"/>
      <shelf name="middle-school-books" count="4"/>
      <shelf name="39" count="4"/>
      <shelf name="e-book" count="4"/>
      <shelf name="youth" count="4"/>
      <shelf name="science-fiction" count="4"/>
      <shelf name="jude-watson" count="4"/>
      <shelf name="awesome" count="4"/>
      <shelf name="kid-books" count="4"/>
      <shelf name="suspense" count="4"/>
      <shelf name="ya-fiction" count="4"/>
      <shelf name="espionage" count="4"/>
      <shelf name="read-in-2016" count="3"/>
      <shelf name="young" count="3"/>
      <shelf name="children-books" count="3"/>
      <shelf name="children-s-fiction" count="3"/>
      <shelf name="read-in-2014" count="3"/>
      <shelf name="intermediate" count="3"/>
      <shelf name="childrens-lit" count="3"/>
      <shelf name="children-s-literature" count="3"/>
      <shelf name="ebook" count="3"/>
      <shelf name="ya-books" count="3"/>
      <shelf name="4th-grade" count="3"/>
      <shelf name="borrowed" count="3"/>
      <shelf name="4-stars" count="3"/>
      <shelf name="young-readers" count="3"/>
      <shelf name="europe" count="3"/>
      <shelf name="re-read" count="3"/>
      <shelf name="overdrive" count="3"/>
      <shelf name="travel" count="3"/>
      <shelf name="urban-fantasy" count="3"/>
      <shelf name="listened" count="3"/>
      <shelf name="the-39-clues-series" count="3"/>
      <shelf name="young-adult-fiction" count="3"/>
      <shelf name="children-s-lit" count="3"/>
      <shelf name="own-it" count="3"/>
      <shelf name="juvenile-literature" count="3"/>
      <shelf name="library-books" count="3"/>
      <shelf name="clue-hunt" count="3"/>
      <shelf name="all-time-favorites" count="3"/>
      <shelf name="kid-lit" count="3"/>
  </popular_shelves>
  <book_links>
    <book_link>
  <id>8</id>
  <name>Libraries</name>
  <link>https://www.goodreads.com/book_link/follow/8</link>
</book_link>

  </book_links>
  <buy_links>
    <buy_link>
<id>1</id>
<name>Amazon</name>
<link>https://www.goodreads.com/book_link/follow/1</link>
</buy_link>
<buy_link>
<id>10</id>
<name>Audible</name>
<link>https://www.goodreads.com/book_link/follow/10</link>
</buy_link>
<buy_link>
<id>3</id>
<name>Barnes &amp; Noble</name>
<link>https://www.goodreads.com/book_link/follow/3</link>
</buy_link>
<buy_link>
<id>1027</id>
<name>Kobo</name>
<link>https://www.goodreads.com/book_link/follow/1027</link>
</buy_link>
<buy_link>
<id>2102</id>
<name>Apple iBooks</name>
<link>https://www.goodreads.com/book_link/follow/2102</link>
</buy_link>
<buy_link>
<id>8036</id>
<name>Google Play</name>
<link>https://www.goodreads.com/book_link/follow/8036</link>
</buy_link>
<buy_link>
<id>4</id>
<name>Abebooks</name>
<link>https://www.goodreads.com/book_link/follow/4</link>
</buy_link>
<buy_link>
<id>882</id>
<name>Book Depository</name>
<link>https://www.goodreads.com/book_link/follow/882</link>
</buy_link>
<buy_link>
<id>9</id>
<name>Indigo</name>
<link>https://www.goodreads.com/book_link/follow/9</link>
</buy_link>
<buy_link>
<id>2</id>
<name>Half.com</name>
<link>https://www.goodreads.com/book_link/follow/2</link>
</buy_link>
<buy_link>
<id>5</id>
<name>Alibris</name>
<link>https://www.goodreads.com/book_link/follow/5</link>
</buy_link>
<buy_link>
<id>107</id>
<name>Better World Books</name>
<link>https://www.goodreads.com/book_link/follow/107</link>
</buy_link>
<buy_link>
<id>7</id>
<name>IndieBound</name>
<link>https://www.goodreads.com/book_link/follow/7</link>
</buy_link>

  </buy_links>
  <series_works>
    <series_work>
<id>294427</id>
<user_position>2</user_position>
<series>
<id>66620</id>
<title>
<![CDATA[
    The 39 Clues: Cahills vs. Vespers
]]>
</title>
<description>
<![CDATA[
    The Clue Hunt is Over, but now there's a New Danger to the Cahill Clan, an enemy that was established before the siblings ever split, the Vespers.  When they kidnap members of the Cahill family, the clue contestants must band together to find them and get them back.
    
    A Spin Off to the Original 39 Clues Series
    Original Series 
    <a href="http://www.goodreads.com/series/45556-the-39-clues">The 39 Clues</a>
    
    Other Spin Off Series
    <a href="http://www.goodreads.com/series/72020-the-39-clues-rapid-fire">The 39 Clues: Rapid Fire</a>
    <a href="http://www.goodreads.com/series/76169-the-39-clues-the-cahill-files">The 39 Clues: The Cahill Files</a>
    <a href="http://www.goodreads.com/series/105391-the-39-clues-unstoppable">The 39 Clues: Unstoppable</a>
    <a href="https://www.goodreads.com/series/127421-the-39-clues-doublecross">The 39 Clues: Doublecross</a>
]]>
</description>
<note>
<![CDATA[
    This is the second set of books in The 39 clues series. Often referred to Cahills vs. Vespers.
]]>
</note>
<series_works_count>6</series_works_count>
<primary_work_count>6</primary_work_count>
<numbered>true</numbered>
</series>

</series_work>

  </series_works>
  <similar_books>
          <book>
<id>11512688</id>
<title><![CDATA[The Dead of Night (The 39 Clues: Cahills vs. Vespers, #3)]]></title>
<title_without_series>The Dead of Night</title_without_series>
<link><![CDATA[https://www.goodreads.com/book/show/11512688-the-dead-of-night]]></link>
<small_image_url><![CDATA[https://images.gr-assets.com/books/1331686275s/11512688.jpg]]></small_image_url>
<image_url><![CDATA[https://images.gr-assets.com/books/1331686275m/11512688.jpg]]></image_url>
<num_pages>192</num_pages>
<work>
<id>16448834</id>
</work>
<isbn>0545298415</isbn>
<isbn13>9780545298414</isbn13>
<average_rating>4.16</average_rating>
<ratings_count>15657</ratings_count>
<publication_year>2012</publication_year>
<publication_month>3</publication_month>
<publication_day>6</publication_day>
<authors>
<author>
<id>17216</id>
<name>Peter Lerangis</name>
<link><![CDATA[https://www.goodreads.com/author/show/17216.Peter_Lerangis]]></link>
</author>
</authors>
</book>

          <book>
<id>11198312</id>
<title><![CDATA[The Medusa Plot (39 Clues: Cahills vs. Vespers, #1)]]></title>
<title_without_series>The Medusa Plot</title_without_series>
<link><![CDATA[https://www.goodreads.com/book/show/11198312-the-medusa-plot]]></link>
<small_image_url><![CDATA[https://images.gr-assets.com/books/1328836311s/11198312.jpg]]></small_image_url>
<image_url><![CDATA[https://images.gr-assets.com/books/1328836311m/11198312.jpg]]></image_url>
<num_pages>222</num_pages>
<work>
<id>16505286</id>
</work>
<isbn>0545324092</isbn>
<isbn13>9780545324090</isbn13>
<average_rating>4.07</average_rating>
<ratings_count>25109</ratings_count>
<publication_year>2011</publication_year>
<publication_month>8</publication_month>
<publication_day>30</publication_day>
<authors>
<author>
<id>2130</id>
<name>Gordon Korman</name>
<link><![CDATA[https://www.goodreads.com/author/show/2130.Gordon_Korman]]></link>
</author>
</authors>
</book>

          <book>
<id>12107927</id>
<title><![CDATA[Trust No One (The 39 Clues: Cahills vs. Vespers, #5)]]></title>
<title_without_series>Trust No One</title_without_series>
<link><![CDATA[https://www.goodreads.com/book/show/12107927-trust-no-one]]></link>
<small_image_url><![CDATA[https://images.gr-assets.com/books/1358266266s/12107927.jpg]]></small_image_url>
<image_url><![CDATA[https://images.gr-assets.com/books/1358266266m/12107927.jpg]]></image_url>
<num_pages>190</num_pages>
<work>
<id>17076928</id>
</work>
<isbn>0545298431</isbn>
<isbn13>9780545298438</isbn13>
<average_rating>4.20</average_rating>
<ratings_count>12011</ratings_count>
<publication_year>2012</publication_year>
<publication_month>12</publication_month>
<publication_day>4</publication_day>
<authors>
<author>
<id>61707</id>
<name>Linda Sue Park</name>
<link><![CDATA[https://www.goodreads.com/author/show/61707.Linda_Sue_Park]]></link>
</author>
</authors>
</book>

          <book>
<id>12107920</id>
<title><![CDATA[Shatterproof (The 39 Clues: Cahills vs. Vespers, #4)]]></title>
<title_without_series>Shatterproof</title_without_series>
<link><![CDATA[https://www.goodreads.com/book/show/12107920-shatterproof]]></link>
<small_image_url><![CDATA[https://images.gr-assets.com/books/1331078007s/12107920.jpg]]></small_image_url>
<image_url><![CDATA[https://images.gr-assets.com/books/1331078007m/12107920.jpg]]></image_url>
<num_pages>192</num_pages>
<work>
<id>17076921</id>
</work>
<isbn>0545298423</isbn>
<isbn13>9780545298421</isbn13>
<average_rating>4.17</average_rating>
<ratings_count>18180</ratings_count>
<publication_year>2012</publication_year>
<publication_month>9</publication_month>
<publication_day>4</publication_day>
<authors>
<author>
<id>137554</id>
<name>Roland Smith</name>
<link><![CDATA[https://www.goodreads.com/author/show/137554.Roland_Smith]]></link>
</author>
</authors>
</book>

          <book>
<id>13072951</id>
<title><![CDATA[Turbulence (The 39 Clues: Rapid Fire, #5)]]></title>
<title_without_series>Turbulence</title_without_series>
<link><![CDATA[https://www.goodreads.com/book/show/13072951-turbulence]]></link>
<small_image_url><![CDATA[https://images.gr-assets.com/books/1327174326s/13072951.jpg]]></small_image_url>
<image_url><![CDATA[https://images.gr-assets.com/books/1327174326m/13072951.jpg]]></image_url>
<num_pages>24</num_pages>
<work>
<id>18239361</id>
</work>
<isbn></isbn>
<isbn13></isbn13>
<average_rating>4.23</average_rating>
<ratings_count>2776</ratings_count>
<publication_year>2011</publication_year>
<publication_month>12</publication_month>
<publication_day>29</publication_day>
<authors>
<author>
<id>4365772</id>
<name>Clifford Riley</name>
<link><![CDATA[https://www.goodreads.com/author/show/4365772.Clifford_Riley]]></link>
</author>
</authors>
</book>

          <book>
<id>9465845</id>
<title><![CDATA[Vespers Rising (The 39 Clues, #11)]]></title>
<title_without_series>Vespers Rising</title_without_series>
<link><![CDATA[https://www.goodreads.com/book/show/9465845-vespers-rising]]></link>
<small_image_url><![CDATA[https://images.gr-assets.com/books/1357211079s/9465845.jpg]]></small_image_url>
<image_url><![CDATA[https://images.gr-assets.com/books/1357211079m/9465845.jpg]]></image_url>
<num_pages>238</num_pages>
<work>
<id>14279652</id>
</work>
<isbn>0545290597</isbn>
<isbn13>9780545290593</isbn13>
<average_rating>4.12</average_rating>
<ratings_count>29295</ratings_count>
<publication_year></publication_year>
<publication_month></publication_month>
<publication_day></publication_day>
<authors>
<author>
<id>15872</id>
<name>Rick Riordan</name>
<link><![CDATA[https://www.goodreads.com/author/show/15872.Rick_Riordan]]></link>
</author>
</authors>
</book>

          <book>
<id>12107925</id>
<title><![CDATA[Day of Doom (The 39 Clues: Cahills vs. Vespers, #6)]]></title>
<title_without_series>Day of Doom</title_without_series>
<link><![CDATA[https://www.goodreads.com/book/show/12107925-day-of-doom]]></link>
<small_image_url><![CDATA[https://images.gr-assets.com/books/1361785037s/12107925.jpg]]></small_image_url>
<image_url><![CDATA[https://images.gr-assets.com/books/1361785037m/12107925.jpg]]></image_url>
<num_pages>270</num_pages>
<work>
<id>17076926</id>
</work>
<isbn>054529844X</isbn>
<isbn13>9780545298445</isbn13>
<average_rating>4.13</average_rating>
<ratings_count>12018</ratings_count>
<publication_year>2013</publication_year>
<publication_month>3</publication_month>
<publication_day>5</publication_day>
<authors>
<author>
<id>9291</id>
<name>David Baldacci</name>
<link><![CDATA[https://www.goodreads.com/author/show/9291.David_Baldacci]]></link>
</author>
</authors>
</book>

          <book>
<id>6255144</id>
<title><![CDATA[The Black Circle (The 39 Clues, #5)]]></title>
<title_without_series>The Black Circle</title_without_series>
<link><![CDATA[https://www.goodreads.com/book/show/6255144-the-black-circle]]></link>
<small_image_url><![CDATA[https://images.gr-assets.com/books/1357211043s/6255144.jpg]]></small_image_url>
<image_url><![CDATA[https://images.gr-assets.com/books/1357211043m/6255144.jpg]]></image_url>
<num_pages>168</num_pages>
<work>
<id>6438210</id>
</work>
<isbn>0545060451</isbn>
<isbn13>9780545060455</isbn13>
<average_rating>4.00</average_rating>
<ratings_count>42650</ratings_count>
<publication_year></publication_year>
<publication_month></publication_month>
<publication_day></publication_day>
<authors>
<author>
<id>46474</id>
<name>Patrick Carman</name>
<link><![CDATA[https://www.goodreads.com/author/show/46474.Patrick_Carman]]></link>
</author>
</authors>
</book>

          <book>
<id>7182899</id>
<title><![CDATA[Into the Gauntlet (The 39 Clues, #10)]]></title>
<title_without_series>Into the Gauntlet</title_without_series>
<link><![CDATA[https://www.goodreads.com/book/show/7182899-into-the-gauntlet]]></link>
<small_image_url><![CDATA[https://images.gr-assets.com/books/1357211070s/7182899.jpg]]></small_image_url>
<image_url><![CDATA[https://images.gr-assets.com/books/1357211070m/7182899.jpg]]></image_url>
<num_pages>327</num_pages>
<work>
<id>7686205</id>
</work>
<isbn>0545060508</isbn>
<isbn13>9780545060509</isbn13>
<average_rating>3.99</average_rating>
<ratings_count>49003</ratings_count>
<publication_year>2010</publication_year>
<publication_month>8</publication_month>
<publication_day>31</publication_day>
<authors>
<author>
<id>14617</id>
<name>Margaret Peterson Haddix</name>
<link><![CDATA[https://www.goodreads.com/author/show/14617.Margaret_Peterson_Haddix]]></link>
</author>
</authors>
</book>

          <book>
<id>8113297</id>
<title><![CDATA[The Black Book of Buried Secrets]]></title>
<title_without_series><![CDATA[The Black Book of Buried Secrets]]></title_without_series>
<link><![CDATA[https://www.goodreads.com/book/show/8113297-the-black-book-of-buried-secrets]]></link>
<small_image_url><![CDATA[https://images.gr-assets.com/books/1371016537s/8113297.jpg]]></small_image_url>
<image_url><![CDATA[https://images.gr-assets.com/books/1371016537m/8113297.jpg]]></image_url>
<num_pages>189</num_pages>
<work>
<id>12908512</id>
</work>
<isbn>0545285046</isbn>
<isbn13>9780545285049</isbn13>
<average_rating>4.12</average_rating>
<ratings_count>8412</ratings_count>
<publication_year>2010</publication_year>
<publication_month>10</publication_month>
<publication_day>26</publication_day>
<authors>
<author>
<id>4431820</id>
<name>Mallory Kass</name>
<link><![CDATA[https://www.goodreads.com/author/show/4431820.Mallory_Kass]]></link>
</author>
</authors>
</book>

          <book>
<id>8106089</id>
<title>The 39 Clues: Agent Handbook</title>
<title_without_series>The 39 Clues: Agent Handbook</title_without_series>
<link><![CDATA[https://www.goodreads.com/book/show/8106089-the-39-clues]]></link>
<small_image_url><![CDATA[https://s.gr-assets.com/assets/nophoto/book/50x75-a91bf249278a81aabab721ef782c4a74.png]]></small_image_url>
<image_url><![CDATA[https://s.gr-assets.com/assets/nophoto/book/111x148-bcc042a9c91a29c1d680899eff700a03.png]]></image_url>
<num_pages></num_pages>
<work>
<id>12900195</id>
</work>
<isbn>1435125835</isbn>
<isbn13>9781435125834</isbn13>
<average_rating>4.14</average_rating>
<ratings_count>7510</ratings_count>
<publication_year>2010</publication_year>
<publication_month>4</publication_month>
<publication_day>1</publication_day>
<authors>
<author>
<id>5609118</id>
<name>Scholastic Inc.</name>
<link><![CDATA[https://www.goodreads.com/author/show/5609118.Scholastic_Inc_]]></link>
</author>
</authors>
</book>

  </similar_books>
</book>

</GoodreadsResponse>