<?xml version="1.0" encoding="UTF-8"?>
<GoodreadsResponse>
  <Request>
    <authentication>true</authentication>
      <key><![CDATA[all_men_must_serve]]></key>
    <method><![CDATA[book_show]]></method>
  </Request>
  <book>
  <id>107017</id>
  <title>Batman: Hush, Vol. 1</title>
  <isbn><![CDATA[1401200605]]></isbn>
  <isbn13><![CDATA[9781401200602]]></isbn13>
  <asin><![CDATA[]]></asin>
  <kindle_asin><![CDATA[]]></kindle_asin>
  <marketplace_id><![CDATA[]]></marketplace_id>
  <country_code><![CDATA[GB]]></country_code>
  <image_url>https://images.gr-assets.com/books/1460914534m/107017.jpg</image_url>
  <small_image_url>https://images.gr-assets.com/books/1460914534s/107017.jpg</small_image_url>
  <publication_year>2004</publication_year>
  <publication_month>8</publication_month>
  <publication_day>1</publication_day>
  <publisher>DC Comics</publisher>
  <language_code>eng</language_code>
  <is_ebook>false</is_ebook>
  <description><![CDATA[From Jeph Loeb, the author of Batman: Dark Victory (1563898683) and Jim Lee, the founder of Wildstorm Comics.<br />Old friends and enemies find themselves thrown together in a murderous plot hatched by Poison Ivy. What is she plotting? No one quite knows, but by manipulating both Batman and his enemies Killer Croc and Catwoman tensions are high and no one is to be trusted in Gotham City tonight!]]></description>
  <work>
  <id type="integer">3655307</id>
  <books_count type="integer">24</books_count>
  <best_book_id type="integer">107017</best_book_id>
  <reviews_count type="integer">48626</reviews_count>
  <ratings_sum type="integer">131547</ratings_sum>
  <ratings_count type="integer">32087</ratings_count>
  <text_reviews_count type="integer">273</text_reviews_count>
  <original_publication_year type="integer">2002</original_publication_year>
  <original_publication_month type="integer" nil="true"/>
  <original_publication_day type="integer" nil="true"/>
  <original_title>Batman Hush #1</original_title>
  <original_language_id type="integer" nil="true"/>
  <media_type>book</media_type>
  <rating_dist>5:15082|4:9230|3:5017|2:1408|1:1350|total:32087</rating_dist>
  <desc_user_id type="integer" nil="true"/>
  <default_chaptering_book_id type="integer" nil="true"/>
  <default_description_language_code nil="true"/>
</work>
  <average_rating>4.10</average_rating>
  <num_pages><![CDATA[121]]></num_pages>
  <format><![CDATA[Paperback]]></format>
  <edition_information><![CDATA[]]></edition_information>
  <ratings_count><![CDATA[31557]]></ratings_count>
  <text_reviews_count><![CDATA[212]]></text_reviews_count>
  <url><![CDATA[https://www.goodreads.com/book/show/107017.Batman]]></url>
  <link><![CDATA[https://www.goodreads.com/book/show/107017.Batman]]></link>
  <authors>
<author>
<id>32594</id>
<name>Jeph Loeb</name>
<role></role>
<image_url nophoto='false'>
<![CDATA[https://images.gr-assets.com/authors/1214852516p5/32594.jpg]]>
</image_url>
<small_image_url nophoto='false'>
<![CDATA[https://images.gr-assets.com/authors/1214852516p2/32594.jpg]]>
</small_image_url>
<link><![CDATA[https://www.goodreads.com/author/show/32594.Jeph_Loeb]]></link>
<average_rating>4.09</average_rating>
<ratings_count>249153</ratings_count>
<text_reviews_count>8553</text_reviews_count>
</author>
<author>
<id>15090</id>
<name>Jim Lee</name>
<role>Illustrator</role>
<image_url nophoto='false'>
<![CDATA[https://images.gr-assets.com/authors/1298864865p5/15090.jpg]]>
</image_url>
<small_image_url nophoto='false'>
<![CDATA[https://images.gr-assets.com/authors/1298864865p2/15090.jpg]]>
</small_image_url>
<link><![CDATA[https://www.goodreads.com/author/show/15090.Jim_Lee]]></link>
<average_rating>4.02</average_rating>
<ratings_count>125996</ratings_count>
<text_reviews_count>5793</text_reviews_count>
</author>
<author>
<id>5763607</id>
<name>Scott Williams</name>
<role>Illustrator</role>
<image_url nophoto='true'>
<![CDATA[https://s.gr-assets.com/assets/nophoto/user/u_200x266-e183445fd1a1b5cc7075bb1cf7043306.png]]>
</image_url>
<small_image_url nophoto='true'>
<![CDATA[https://s.gr-assets.com/assets/nophoto/user/u_50x66-632230dc9882b4352d753eedf9396530.png]]>
</small_image_url>
<link><![CDATA[https://www.goodreads.com/author/show/5763607.Scott_Williams]]></link>
<average_rating>4.05</average_rating>
<ratings_count>100685</ratings_count>
<text_reviews_count>3985</text_reviews_count>
</author>
</authors>

    <reviews_widget>
      <![CDATA[
        <style>
  #goodreads-widget {
    font-family: georgia, serif;
    padding: 18px 0;
    width:565px;
  }
  #goodreads-widget h1 {
    font-weight:normal;
    font-size: 16px;
    border-bottom: 1px solid #BBB596;
    margin-bottom: 0;
  }
  #goodreads-widget a {
    text-decoration: none;
    color:#660;
  }
  iframe{
    background-color: #fff;
  }
  #goodreads-widget a:hover { text-decoration: underline; }
  #goodreads-widget a:active {
    color:#660;
  }
  #gr_footer {
    width: 100%;
    border-top: 1px solid #BBB596;
    text-align: right;
  }
  #goodreads-widget .gr_branding{
    color: #382110;
    font-size: 11px;
    text-decoration: none;
    font-family: "Helvetica Neue", Helvetica, Arial, sans-serif;
  }
</style>
<div id="goodreads-widget">
  <div id="gr_header"><h1><a rel="nofollow" href="https://www.goodreads.com/book/show/107017.Batman">Batman Reviews</a></h1></div>
  <iframe id="the_iframe" src="https://www.goodreads.com/api/reviews_widget_iframe?did=DEVELOPER_ID&amp;format=html&amp;isbn=1401200605&amp;links=660&amp;min_rating=&amp;review_back=fff&amp;stars=000&amp;text=000" width="565" height="400" frameborder="0"></iframe>
  <div id="gr_footer">
    <a class="gr_branding" target="_blank" rel="nofollow" href="https://www.goodreads.com/book/show/107017.Batman?utm_medium=api&amp;utm_source=reviews_widget">Reviews from Goodreads.com</a>
  </div>
</div>

      ]]>
    </reviews_widget>
  <popular_shelves>
      <shelf name="to-read" count="16187"/>
      <shelf name="comics" count="619"/>
      <shelf name="graphic-novels" count="434"/>
      <shelf name="batman" count="161"/>
      <shelf name="graphic-novel" count="135"/>
      <shelf name="dc" count="86"/>
      <shelf name="currently-reading" count="83"/>
      <shelf name="favorites" count="72"/>
      <shelf name="comic-books" count="57"/>
      <shelf name="superheroes" count="52"/>
      <shelf name="fiction" count="49"/>
      <shelf name="dc-comics" count="48"/>
      <shelf name="comic" count="47"/>
      <shelf name="comics-graphic-novels" count="41"/>
      <shelf name="superhero" count="38"/>
      <shelf name="owned" count="31"/>
      <shelf name="comics-and-graphic-novels" count="28"/>
      <shelf name="graphic-novels-comics" count="26"/>
      <shelf name="mystery" count="22"/>
      <shelf name="books-i-own" count="15"/>
      <shelf name="comics-read" count="14"/>
      <shelf name="fantasy" count="13"/>
      <shelf name="graphic" count="11"/>
      <shelf name="comic-graphic-novel" count="11"/>
      <shelf name="read-comics" count="11"/>
      <shelf name="series" count="11"/>
      <shelf name="to-read-comics" count="10"/>
      <shelf name="graphicnovels" count="10"/>
      <shelf name="comic-book" count="10"/>
      <shelf name="read-in-2015" count="8"/>
      <shelf name="default" count="8"/>
      <shelf name="super-heroes" count="8"/>
      <shelf name="graphic-novels-and-comics" count="8"/>
      <shelf name="dc-universe" count="7"/>
      <shelf name="library" count="7"/>
      <shelf name="comix" count="7"/>
      <shelf name="read-in-2013" count="6"/>
      <shelf name="superhero-comics" count="6"/>
      <shelf name="comics-manga" count="6"/>
      <shelf name="favourites" count="6"/>
      <shelf name="american" count="6"/>
      <shelf name="owned-books" count="5"/>
      <shelf name="my-books" count="5"/>
      <shelf name="graphic-novels-read" count="5"/>
      <shelf name="comics-and-manga" count="5"/>
      <shelf name="comicbooks" count="5"/>
      <shelf name="crime" count="5"/>
      <shelf name="graphicnovel" count="5"/>
      <shelf name="trade-paperbacks" count="5"/>
      <shelf name="hq" count="4"/>
      <shelf name="comic-books-graphic-novels" count="4"/>
      <shelf name="sequential-art" count="4"/>
      <shelf name="read-in-2012" count="4"/>
      <shelf name="action" count="4"/>
      <shelf name="jeph-loeb" count="4"/>
      <shelf name="graphics" count="4"/>
      <shelf name="library-books" count="4"/>
      <shelf name="sci-fi" count="4"/>
      <shelf name="borrowed" count="4"/>
      <shelf name="comics-dc" count="4"/>
      <shelf name="komiks" count="3"/>
      <shelf name="comics-to-read" count="3"/>
      <shelf name="read-2015" count="3"/>
      <shelf name="comics-owned" count="3"/>
      <shelf name="ed-esp" count="3"/>
      <shelf name="illustrated" count="3"/>
      <shelf name="bat-family" count="3"/>
      <shelf name="dc-batman" count="3"/>
      <shelf name="action-adventure" count="3"/>
      <shelf name="comicbook" count="3"/>
      <shelf name="graphic-novels-comic-books" count="3"/>
      <shelf name="comic-trades" count="3"/>
      <shelf name="super-hero" count="3"/>
      <shelf name="graphic-novel-manga" count="3"/>
      <shelf name="capes" count="3"/>
      <shelf name="teen" count="3"/>
      <shelf name="thriller" count="3"/>
      <shelf name="romance" count="3"/>
      <shelf name="batman-graphic-novels" count="3"/>
      <shelf name="2000s" count="3"/>
      <shelf name="reviewed" count="3"/>
      <shelf name="graphic-novel-comic" count="3"/>
      <shelf name="read-in-2010" count="3"/>
      <shelf name="21st-century" count="3"/>
      <shelf name="manga-comics" count="3"/>
      <shelf name="graphic_novels" count="3"/>
      <shelf name="adventure" count="3"/>
      <shelf name="part-of-a-series" count="3"/>
      <shelf name="to-read-graphic-novels" count="2"/>
      <shelf name="read-in-2017" count="2"/>
      <shelf name="2004" count="2"/>
      <shelf name="books-read-2016" count="2"/>
      <shelf name="comic-collection" count="2"/>
      <shelf name="batman-collection" count="2"/>
      <shelf name="graphic-novels-and-comic-books" count="2"/>
      <shelf name="komiksy" count="2"/>
      <shelf name="read-in-2016" count="2"/>
      <shelf name="quadrinhos" count="2"/>
      <shelf name="harley-quinn" count="2"/>
      <shelf name="cómic-americano" count="2"/>
  </popular_shelves>
  <book_links>
    <book_link>
  <id>8</id>
  <name>Libraries</name>
  <link>https://www.goodreads.com/book_link/follow/8</link>
</book_link>

  </book_links>
  <buy_links>
    <buy_link>
<id>1</id>
<name>Amazon</name>
<link>https://www.goodreads.com/book_link/follow/1</link>
</buy_link>
<buy_link>
<id>10</id>
<name>Audible</name>
<link>https://www.goodreads.com/book_link/follow/10</link>
</buy_link>
<buy_link>
<id>3</id>
<name>Barnes &amp; Noble</name>
<link>https://www.goodreads.com/book_link/follow/3</link>
</buy_link>
<buy_link>
<id>1027</id>
<name>Kobo</name>
<link>https://www.goodreads.com/book_link/follow/1027</link>
</buy_link>
<buy_link>
<id>2102</id>
<name>Apple iBooks</name>
<link>https://www.goodreads.com/book_link/follow/2102</link>
</buy_link>
<buy_link>
<id>8036</id>
<name>Google Play</name>
<link>https://www.goodreads.com/book_link/follow/8036</link>
</buy_link>
<buy_link>
<id>4</id>
<name>Abebooks</name>
<link>https://www.goodreads.com/book_link/follow/4</link>
</buy_link>
<buy_link>
<id>882</id>
<name>Book Depository</name>
<link>https://www.goodreads.com/book_link/follow/882</link>
</buy_link>
<buy_link>
<id>9</id>
<name>Indigo</name>
<link>https://www.goodreads.com/book_link/follow/9</link>
</buy_link>
<buy_link>
<id>2</id>
<name>Half.com</name>
<link>https://www.goodreads.com/book_link/follow/2</link>
</buy_link>
<buy_link>
<id>5</id>
<name>Alibris</name>
<link>https://www.goodreads.com/book_link/follow/5</link>
</buy_link>
<buy_link>
<id>107</id>
<name>Better World Books</name>
<link>https://www.goodreads.com/book_link/follow/107</link>
</buy_link>
<buy_link>
<id>7</id>
<name>IndieBound</name>
<link>https://www.goodreads.com/book_link/follow/7</link>
</buy_link>

  </buy_links>
  <series_works>
    <series_work>
<id>727363</id>
<user_position>1</user_position>
<series>
<id>144728</id>
<title>
<![CDATA[
    DC Comics Graphic Novel Collection
]]>
</title>
<description>
<![CDATA[
]]>
</description>
<note>
<![CDATA[
]]>
</note>
<series_works_count>53</series_works_count>
<primary_work_count>53</primary_work_count>
<numbered>true</numbered>
</series>

</series_work>
<series_work>
<id>843821</id>
<user_position>1</user_position>
<series>
<id>166643</id>
<title>
<![CDATA[
    DC Comics Coleção de Graphic Novels
]]>
</title>
<description>
<![CDATA[
]]>
</description>
<note>
<![CDATA[
]]>
</note>
<series_works_count>25</series_works_count>
<primary_work_count>25</primary_work_count>
<numbered>true</numbered>
</series>

</series_work>
<series_work>
<id>193741</id>
<user_position></user_position>
<series>
<id>51192</id>
<title>
<![CDATA[
    Batman
]]>
</title>
<description>
<![CDATA[
    Batman trade collections include several different comic books series and miniseries by DC Comics.
    
    The following series are included in the Batman title:
    * <a href="http://www.goodreads.com/series/51332-batman-chronicles">Batman Chronicles</a>
    * <a href="http://www.goodreads.com/series/80595-dc-comics-archives">DC Comics Archives</a>
    * <a href="http://www.goodreads.com/series/51373-showcase-presents-batman">Showcase Presents: Batman</a>
    * <a href="http://www.goodreads.com/series/51221-batman-black-and-white">Batman Black and White</a>
    * <a href="http://www.goodreads.com/series/51236-batman-knightfall">Batman: Knightfall</a>
    * <a href="http://www.goodreads.com/series/51328-batman-no-man-s-land">Batman: No Man's Land</a>
    * <a href="http://www.goodreads.com/series/51304-batman-new-gotham">Batman: New Gotham</a>
    * <a href="http://www.goodreads.com/series/51327-batman-war-games">Batman: War Games</a>
    * <a href="http://www.goodreads.com/series/50151-batman-hush">Batman: Hush</a>
    * <a href="http://www.goodreads.com/series/51330-batman-under-the-hood">Batman: Under the Hood</a>
    * <a href="http://www.goodreads.com/series/51292-batman-elseworlds">Batman: Elseworlds</a> and subseries
    * <a href="http://www.goodreads.com/series/51326-batman-confidential">Batman: Confidential</a>
    * and more
    
    Single issues of comic books are not listed individually on Goodreads, but are listed as parts of collections.  The Batman title is used for collections of these comic book series:
    * <a href="http://www.goodreads.com/series/51224-legends-of-the-dark-knight-single-issues">Batman: Legends of the Dark Knight</a>
    * <a href="http://www.goodreads.com/series/51350-batman-shadow-of-the-bat-single-issues">Batman: Shadow of the Bat</a>
    * <a href="http://www.goodreads.com/series/51308-batman-gotham-knights-single-issues">Batman: Gotham Knights</a>
    * <a href="http://www.goodreads.com/series/51333-the-batman-chronicles-single-issues">The Batman Chronicles</a>
    * and more
    
    Related series:
    * <a href="http://www.goodreads.com/series/51248">Catwoman</a>
    * <a href="http://www.goodreads.com/series/51217">Batgirl</a>
    * <a href="http://www.goodreads.com/series/51237">Robin</a>
    * <a href="http://www.goodreads.com/series/51244">Nightwing</a>
    * <a href="http://www.goodreads.com/series/51182">Red Robin</a>
    * <a href="http://www.goodreads.com/series/51220">Batman and Robin</a>
    * <a href="http://www.goodreads.com/series/69945">Batwoman</a>
    * <a href="http://www.goodreads.com/series/51271">Birds of Prey</a>
    * <a href="http://www.goodreads.com/series/51222">Gotham Central</a>
    * <a href="http://www.goodreads.com/series/51218">Superman/Batman</a>
    * <a href="http://www.goodreads.com/series/51226">Batman and the Outsiders</a>
    * <a href="http://www.goodreads.com/series/51387">The Brave and the Bold</a>
    * <a href="http://www.goodreads.com/series/52071">JLA</a>
    * <a href="http://www.goodreads.com/series/51371">The Greatest Stories Ever Told</a>
    * and more
    
    For other series titled Batman which are not related to this series, see:
    * <a href="http://www.goodreads.com/series/50231">The Batman Adventures</a>
    * <a href="http://www.goodreads.com/series/49905">The Batman</a>
    * <a href="http://www.goodreads.com/series/51388">Batman: The Brave and the Bold</a>
    * <a href="http://www.goodreads.com/series/62191-batman-la-colecci-n">Batman La Colección</a>
]]>
</description>
<note>
<![CDATA[
    Description is almost at max length!
    Through page 4 of the search "batman", trying to follow the order on the wikipedia "Batman reprints" page....
]]>
</note>
<series_works_count>370</series_works_count>
<primary_work_count>367</primary_work_count>
<numbered>false</numbered>
</series>

</series_work>
<series_work>
<id>267986</id>
<user_position>19</user_position>
<series>
<id>62189</id>
<title>
<![CDATA[
    Coleccionable Batman El Caballero Oscuro
]]>
</title>
<description>
<![CDATA[
    Segundo coleccionable de Batman a cargo de Planeta DeAgostini Comics.
    Continúa las sagas iniciadas en:<a href="http://www.goodreads.com/series/62180-batman-primer-coleccionable-de-planeta">Batman Primer Coleccionable de Planeta</a>.
    Algunos de los tomos de ambas series fueron reimpresos en el coleccionable: <a href="http://www.goodreads.com/series/62191-batman-la-colecci-n">Batman La Colección</a>.
]]>
</description>
<note>
<![CDATA[
    Falta revisar si están los que no aparecen en la búsqueda simple.
]]>
</note>
<series_works_count>20</series_works_count>
<primary_work_count>20</primary_work_count>
<numbered>true</numbered>
</series>

</series_work>

  </series_works>
  <similar_books>
          <book>
<id>3125350</id>
<title>Batman: Private Casebook</title>
<title_without_series>Batman: Private Casebook</title_without_series>
<link><![CDATA[https://www.goodreads.com/book/show/3125350-batman]]></link>
<small_image_url><![CDATA[https://s.gr-assets.com/assets/nophoto/book/50x75-a91bf249278a81aabab721ef782c4a74.png]]></small_image_url>
<image_url><![CDATA[https://s.gr-assets.com/assets/nophoto/book/111x148-bcc042a9c91a29c1d680899eff700a03.png]]></image_url>
<num_pages>160</num_pages>
<work>
<id>3156702</id>
</work>
<isbn>1401220096</isbn>
<isbn13>9781401220099</isbn13>
<average_rating>3.97</average_rating>
<ratings_count>1081</ratings_count>
<publication_year>2008</publication_year>
<publication_month>12</publication_month>
<publication_day>23</publication_day>
<authors>
<author>
<id>61935</id>
<name>Paul Dini</name>
<link><![CDATA[https://www.goodreads.com/author/show/61935.Paul_Dini]]></link>
</author>
</authors>
</book>

          <book>
<id>106063</id>
<title><![CDATA[Batman: Bruce Wayne, Fugitive, Vol. 3]]></title>
<title_without_series><![CDATA[Batman: Bruce Wayne, Fugitive, Vol. 3]]></title_without_series>
<link><![CDATA[https://www.goodreads.com/book/show/106063.Batman]]></link>
<small_image_url><![CDATA[https://s.gr-assets.com/assets/nophoto/book/50x75-a91bf249278a81aabab721ef782c4a74.png]]></small_image_url>
<image_url><![CDATA[https://s.gr-assets.com/assets/nophoto/book/111x148-bcc042a9c91a29c1d680899eff700a03.png]]></image_url>
<num_pages>176</num_pages>
<work>
<id>102239</id>
</work>
<isbn>1401200796</isbn>
<isbn13>9781401200794</isbn13>
<average_rating>3.79</average_rating>
<ratings_count>829</ratings_count>
<publication_year>2003</publication_year>
<publication_month>10</publication_month>
<publication_day>1</publication_day>
<authors>
<author>
<id>18327</id>
<name>Greg Rucka</name>
<link><![CDATA[https://www.goodreads.com/author/show/18327.Greg_Rucka]]></link>
</author>
</authors>
</book>

          <book>
<id>1119046</id>
<title>52, Vol. 4</title>
<title_without_series>52, Vol. 4</title_without_series>
<link><![CDATA[https://www.goodreads.com/book/show/1119046.52_Vol_4]]></link>
<small_image_url><![CDATA[https://images.gr-assets.com/books/1345872846s/1119046.jpg]]></small_image_url>
<image_url><![CDATA[https://images.gr-assets.com/books/1345872846m/1119046.jpg]]></image_url>
<num_pages>320</num_pages>
<work>
<id>1106113</id>
</work>
<isbn>140121486X</isbn>
<isbn13>9781401214869</isbn13>
<average_rating>3.93</average_rating>
<ratings_count>2902</ratings_count>
<publication_year>2007</publication_year>
<publication_month>11</publication_month>
<publication_day>7</publication_day>
<authors>
<author>
<id>10305</id>
<name>Geoff Johns</name>
<link><![CDATA[https://www.goodreads.com/author/show/10305.Geoff_Johns]]></link>
</author>
</authors>
</book>

          <book>
<id>107110</id>
<title>Batman: Crimson Mist</title>
<title_without_series>Batman: Crimson Mist</title_without_series>
<link><![CDATA[https://www.goodreads.com/book/show/107110.Batman]]></link>
<small_image_url><![CDATA[https://images.gr-assets.com/books/1374684386s/107110.jpg]]></small_image_url>
<image_url><![CDATA[https://images.gr-assets.com/books/1374684386m/107110.jpg]]></image_url>
<num_pages>96</num_pages>
<work>
<id>103241</id>
</work>
<isbn>1563894955</isbn>
<isbn13>9781563894954</isbn13>
<average_rating>3.49</average_rating>
<ratings_count>459</ratings_count>
<publication_year>2001</publication_year>
<publication_month>10</publication_month>
<publication_day>1</publication_day>
<authors>
<author>
<id>19886</id>
<name>Doug Moench</name>
<link><![CDATA[https://www.goodreads.com/author/show/19886.Doug_Moench]]></link>
</author>
</authors>
</book>

          <book>
<id>106042</id>
<title><![CDATA[Gotham Central, Vol. 1: In the Line of Duty]]></title>
<title_without_series><![CDATA[Gotham Central, Vol. 1: In the Line of Duty]]></title_without_series>
<link><![CDATA[https://www.goodreads.com/book/show/106042.Gotham_Central_Vol_1]]></link>
<small_image_url><![CDATA[https://images.gr-assets.com/books/1305952407s/106042.jpg]]></small_image_url>
<image_url><![CDATA[https://images.gr-assets.com/books/1305952407m/106042.jpg]]></image_url>
<num_pages>128</num_pages>
<work>
<id>102218</id>
</work>
<isbn>1401201997</isbn>
<isbn13>9781401201999</isbn13>
<average_rating>4.19</average_rating>
<ratings_count>4157</ratings_count>
<publication_year>2004</publication_year>
<publication_month>5</publication_month>
<publication_day>1</publication_day>
<authors>
<author>
<id>37450</id>
<name>Ed Brubaker</name>
<link><![CDATA[https://www.goodreads.com/author/show/37450.Ed_Brubaker]]></link>
</author>
</authors>
</book>

          <book>
<id>74302</id>
<title><![CDATA[Batman: War Games, Act 2: Tides]]></title>
<title_without_series><![CDATA[Batman: War Games, Act 2: Tides]]></title_without_series>
<link><![CDATA[https://www.goodreads.com/book/show/74302.Batman]]></link>
<small_image_url><![CDATA[https://s.gr-assets.com/assets/nophoto/book/50x75-a91bf249278a81aabab721ef782c4a74.png]]></small_image_url>
<image_url><![CDATA[https://s.gr-assets.com/assets/nophoto/book/111x148-bcc042a9c91a29c1d680899eff700a03.png]]></image_url>
<num_pages>192</num_pages>
<work>
<id>71888</id>
</work>
<isbn>1401204309</isbn>
<isbn13>9781401204303</isbn13>
<average_rating>3.80</average_rating>
<ratings_count>1174</ratings_count>
<publication_year>2005</publication_year>
<publication_month>7</publication_month>
<publication_day>1</publication_day>
<authors>
<author>
<id>61924</id>
<name>Andersen Gabrych</name>
<link><![CDATA[https://www.goodreads.com/author/show/61924.Andersen_Gabrych]]></link>
</author>
</authors>
</book>

          <book>
<id>1309276</id>
<title>Batman: Ego and Other Tails</title>
<title_without_series>Batman: Ego and Other Tails</title_without_series>
<link><![CDATA[https://www.goodreads.com/book/show/1309276.Batman]]></link>
<small_image_url><![CDATA[https://s.gr-assets.com/assets/nophoto/book/50x75-a91bf249278a81aabab721ef782c4a74.png]]></small_image_url>
<image_url><![CDATA[https://s.gr-assets.com/assets/nophoto/book/111x148-bcc042a9c91a29c1d680899eff700a03.png]]></image_url>
<num_pages>200</num_pages>
<work>
<id>103298</id>
</work>
<isbn>1401215297</isbn>
<isbn13>9781401215293</isbn13>
<average_rating>3.91</average_rating>
<ratings_count>1710</ratings_count>
<publication_year>2007</publication_year>
<publication_month>6</publication_month>
<publication_day>6</publication_day>
<authors>
<author>
<id>61386</id>
<name>Darwyn Cooke</name>
<link><![CDATA[https://www.goodreads.com/author/show/61386.Darwyn_Cooke]]></link>
</author>
</authors>
</book>

          <book>
<id>106065</id>
<title><![CDATA[Batman: Bruce Wayne, Fugitive, Vol. 1]]></title>
<title_without_series><![CDATA[Batman: Bruce Wayne, Fugitive, Vol. 1]]></title_without_series>
<link><![CDATA[https://www.goodreads.com/book/show/106065.Batman]]></link>
<small_image_url><![CDATA[https://s.gr-assets.com/assets/nophoto/book/50x75-a91bf249278a81aabab721ef782c4a74.png]]></small_image_url>
<image_url><![CDATA[https://s.gr-assets.com/assets/nophoto/book/111x148-bcc042a9c91a29c1d680899eff700a03.png]]></image_url>
<num_pages>160</num_pages>
<work>
<id>102241</id>
</work>
<isbn>1563899337</isbn>
<isbn13>9781563899331</isbn13>
<average_rating>4.00</average_rating>
<ratings_count>3173</ratings_count>
<publication_year>2002</publication_year>
<publication_month>12</publication_month>
<publication_day>1</publication_day>
<authors>
<author>
<id>42126</id>
<name>Devin Grayson</name>
<link><![CDATA[https://www.goodreads.com/author/show/42126.Devin_Grayson]]></link>
</author>
</authors>
</book>

          <book>
<id>107128</id>
<title>Batman: The Cult</title>
<title_without_series>Batman: The Cult</title_without_series>
<link><![CDATA[https://www.goodreads.com/book/show/107128.Batman]]></link>
<small_image_url><![CDATA[https://images.gr-assets.com/books/1354682112s/107128.jpg]]></small_image_url>
<image_url><![CDATA[https://images.gr-assets.com/books/1354682112m/107128.jpg]]></image_url>
<num_pages>184</num_pages>
<work>
<id>103259</id>
</work>
<isbn>0930289854</isbn>
<isbn13>9780930289850</isbn13>
<average_rating>3.90</average_rating>
<ratings_count>3998</ratings_count>
<publication_year>2009</publication_year>
<publication_month>12</publication_month>
<publication_day>15</publication_day>
<authors>
<author>
<id>18313</id>
<name>Jim Starlin</name>
<link><![CDATA[https://www.goodreads.com/author/show/18313.Jim_Starlin]]></link>
</author>
</authors>
</book>

          <book>
<id>107096</id>
<title>Batman: Son of the Demon</title>
<title_without_series>Batman: Son of the Demon</title_without_series>
<link><![CDATA[https://www.goodreads.com/book/show/107096.Batman]]></link>
<small_image_url><![CDATA[https://images.gr-assets.com/books/1404547821s/107096.jpg]]></small_image_url>
<image_url><![CDATA[https://images.gr-assets.com/books/1404547821m/107096.jpg]]></image_url>
<num_pages></num_pages>
<work>
<id>103227</id>
</work>
<isbn>0930289250</isbn>
<isbn13>9780930289256</isbn13>
<average_rating>3.95</average_rating>
<ratings_count>4087</ratings_count>
<publication_year></publication_year>
<publication_month></publication_month>
<publication_day></publication_day>
<authors>
<author>
<id>61955</id>
<name>Mike W. Barr</name>
<link><![CDATA[https://www.goodreads.com/author/show/61955.Mike_W_Barr]]></link>
</author>
</authors>
</book>

  </similar_books>
</book>

</GoodreadsResponse>