<?xml version="1.0" encoding="UTF-8"?>
<GoodreadsResponse>
  <Request>
    <authentication>true</authentication>
      <key><![CDATA[all_men_must_serve]]></key>
    <method><![CDATA[book_show]]></method>
  </Request>
  <book>
  <id>10710392</id>
  <title>Chopsticks</title>
  <isbn><![CDATA[1595144358]]></isbn>
  <isbn13><![CDATA[9781595144355]]></isbn13>
  <asin><![CDATA[]]></asin>
  <kindle_asin><![CDATA[]]></kindle_asin>
  <marketplace_id><![CDATA[]]></marketplace_id>
  <country_code><![CDATA[GB]]></country_code>
  <image_url>https://images.gr-assets.com/books/1364073067m/10710392.jpg</image_url>
  <small_image_url>https://images.gr-assets.com/books/1364073067s/10710392.jpg</small_image_url>
  <publication_year>2012</publication_year>
  <publication_month>2</publication_month>
  <publication_day>2</publication_day>
  <publisher>Razorbill</publisher>
  <language_code>eng</language_code>
  <is_ebook>false</is_ebook>
  <description><![CDATA[After her mother died, Glory retreated into herself and her music. Her single father raised her as a piano prodigy, with a rigid schedule and the goal of playing sold-out shows across the globe. Now, as a teenager, Glory has disappeared. As we flash back to the events leading up to her disappearance, we see a girl on the precipice of disaster. Brilliant and lonely, Glory is drawn to an artistic new boy, Frank, who moves in next door. The farther she falls, the deeper she spirals into madness. Before long, Glory is unable to play anything but the song "Chopsticks."<br /><br /> But nothing is what it seems, and Glory's reality is not reality at all. In this stunningly moving novel told in photographs, pictures, and words, it's up to the reader to decide what is real, what is imagined, and what has been madness all along....]]></description>
  <work>
  <id type="integer">15620818</id>
  <books_count type="integer">3</books_count>
  <best_book_id type="integer">10710392</best_book_id>
  <reviews_count type="integer">41937</reviews_count>
  <ratings_sum type="integer">68385</ratings_sum>
  <ratings_count type="integer">18380</ratings_count>
  <text_reviews_count type="integer">1508</text_reviews_count>
  <original_publication_year type="integer">2012</original_publication_year>
  <original_publication_month type="integer">2</original_publication_month>
  <original_publication_day type="integer">2</original_publication_day>
  <original_title></original_title>
  <original_language_id type="integer" nil="true"/>
  <media_type>book</media_type>
  <rating_dist>5:6093|4:4964|3:4481|2:1779|1:1063|total:18380</rating_dist>
  <desc_user_id type="integer">5037727</desc_user_id>
  <default_chaptering_book_id type="integer" nil="true"/>
  <default_description_language_code nil="true"/>
</work>
  <average_rating>3.72</average_rating>
  <num_pages><![CDATA[272]]></num_pages>
  <format><![CDATA[Paperback]]></format>
  <edition_information><![CDATA[]]></edition_information>
  <ratings_count><![CDATA[18378]]></ratings_count>
  <text_reviews_count><![CDATA[1507]]></text_reviews_count>
  <url><![CDATA[https://www.goodreads.com/book/show/10710392-chopsticks]]></url>
  <link><![CDATA[https://www.goodreads.com/book/show/10710392-chopsticks]]></link>
  <authors>
<author>
<id>80769</id>
<name>Jessica Anthony</name>
<role></role>
<image_url nophoto='false'>
<![CDATA[https://images.gr-assets.com/authors/1392494629p5/80769.jpg]]>
</image_url>
<small_image_url nophoto='false'>
<![CDATA[https://images.gr-assets.com/authors/1392494629p2/80769.jpg]]>
</small_image_url>
<link><![CDATA[https://www.goodreads.com/author/show/80769.Jessica_Anthony]]></link>
<average_rating>3.72</average_rating>
<ratings_count>19083</ratings_count>
<text_reviews_count>1624</text_reviews_count>
</author>
<author>
<id>3124779</id>
<name>Rodrigo Corral</name>
<role>Illustrator</role>
<image_url nophoto='false'>
<![CDATA[https://images.gr-assets.com/authors/1351452027p5/3124779.jpg]]>
</image_url>
<small_image_url nophoto='false'>
<![CDATA[https://images.gr-assets.com/authors/1351452027p2/3124779.jpg]]>
</small_image_url>
<link><![CDATA[https://www.goodreads.com/author/show/3124779.Rodrigo_Corral]]></link>
<average_rating>3.67</average_rating>
<ratings_count>24323</ratings_count>
<text_reviews_count>2056</text_reviews_count>
</author>
</authors>

    <reviews_widget>
      <![CDATA[
        <style>
  #goodreads-widget {
    font-family: georgia, serif;
    padding: 18px 0;
    width:565px;
  }
  #goodreads-widget h1 {
    font-weight:normal;
    font-size: 16px;
    border-bottom: 1px solid #BBB596;
    margin-bottom: 0;
  }
  #goodreads-widget a {
    text-decoration: none;
    color:#660;
  }
  iframe{
    background-color: #fff;
  }
  #goodreads-widget a:hover { text-decoration: underline; }
  #goodreads-widget a:active {
    color:#660;
  }
  #gr_footer {
    width: 100%;
    border-top: 1px solid #BBB596;
    text-align: right;
  }
  #goodreads-widget .gr_branding{
    color: #382110;
    font-size: 11px;
    text-decoration: none;
    font-family: "Helvetica Neue", Helvetica, Arial, sans-serif;
  }
</style>
<div id="goodreads-widget">
  <div id="gr_header"><h1><a rel="nofollow" href="https://www.goodreads.com/book/show/10710392-chopsticks">Chopsticks Reviews</a></h1></div>
  <iframe id="the_iframe" src="https://www.goodreads.com/api/reviews_widget_iframe?did=DEVELOPER_ID&amp;format=html&amp;isbn=1595144358&amp;links=660&amp;min_rating=&amp;review_back=fff&amp;stars=000&amp;text=000" width="565" height="400" frameborder="0"></iframe>
  <div id="gr_footer">
    <a class="gr_branding" target="_blank" rel="nofollow" href="https://www.goodreads.com/book/show/10710392-chopsticks?utm_medium=api&amp;utm_source=reviews_widget">Reviews from Goodreads.com</a>
  </div>
</div>

      ]]>
    </reviews_widget>
  <popular_shelves>
      <shelf name="to-read" count="23890"/>
      <shelf name="young-adult" count="407"/>
      <shelf name="graphic-novels" count="298"/>
      <shelf name="ya" count="287"/>
      <shelf name="graphic-novel" count="207"/>
      <shelf name="romance" count="203"/>
      <shelf name="contemporary" count="115"/>
      <shelf name="favorites" count="108"/>
      <shelf name="fiction" count="87"/>
      <shelf name="teen" count="77"/>
      <shelf name="music" count="70"/>
      <shelf name="realistic-fiction" count="67"/>
      <shelf name="mystery" count="62"/>
      <shelf name="books-i-own" count="54"/>
      <shelf name="currently-reading" count="49"/>
      <shelf name="library" count="48"/>
      <shelf name="read-in-2012" count="44"/>
      <shelf name="art" count="39"/>
      <shelf name="read-in-2014" count="34"/>
      <shelf name="to-buy" count="31"/>
      <shelf name="mental-illness" count="30"/>
      <shelf name="ya-fiction" count="28"/>
      <shelf name="young-adult-fiction" count="28"/>
      <shelf name="wish-list" count="27"/>
      <shelf name="realistic" count="25"/>
      <shelf name="graphic" count="25"/>
      <shelf name="owned" count="24"/>
      <shelf name="high-school" count="20"/>
      <shelf name="ya-lit" count="20"/>
      <shelf name="comics" count="19"/>
      <shelf name="teen-fiction" count="19"/>
      <shelf name="illustrated" count="18"/>
      <shelf name="2014-reads" count="16"/>
      <shelf name="love" count="16"/>
      <shelf name="ya-books" count="16"/>
      <shelf name="mental-health" count="15"/>
      <shelf name="library-books" count="15"/>
      <shelf name="photography" count="15"/>
      <shelf name="love-story" count="15"/>
      <shelf name="picture-books" count="15"/>
      <shelf name="maybe" count="15"/>
      <shelf name="family" count="14"/>
      <shelf name="read-2012" count="14"/>
      <shelf name="read-in-2016" count="12"/>
      <shelf name="read-in-2013" count="12"/>
      <shelf name="comics-graphic-novels" count="12"/>
      <shelf name="relationships" count="12"/>
      <shelf name="borrowed" count="12"/>
      <shelf name="favourites" count="12"/>
      <shelf name="youngadult" count="12"/>
      <shelf name="contemporary-ya" count="12"/>
      <shelf name="graphic-novels-comics" count="11"/>
      <shelf name="2012-reads" count="11"/>
      <shelf name="book-club" count="10"/>
      <shelf name="ya-romance" count="10"/>
      <shelf name="contemporary-fiction" count="10"/>
      <shelf name="ya-contemporary" count="10"/>
      <shelf name="read-in-2015" count="9"/>
      <shelf name="picture-book" count="9"/>
      <shelf name="coming-of-age" count="9"/>
      <shelf name="teens" count="9"/>
      <shelf name="read-2015" count="8"/>
      <shelf name="mixed-media" count="8"/>
      <shelf name="stand-alone" count="8"/>
      <shelf name="stand-alones" count="8"/>
      <shelf name="4-stars" count="8"/>
      <shelf name="novel" count="8"/>
      <shelf name="from-the-library" count="8"/>
      <shelf name="sequential-art" count="8"/>
      <shelf name="standalone" count="8"/>
      <shelf name="2013-reads" count="7"/>
      <shelf name="5-stars" count="7"/>
      <shelf name="ya-realistic-fiction" count="7"/>
      <shelf name="i-own" count="7"/>
      <shelf name="piano" count="7"/>
      <shelf name="owned-books" count="7"/>
      <shelf name="young-adult-lit" count="7"/>
      <shelf name="young-adult-literature" count="7"/>
      <shelf name="arc" count="7"/>
      <shelf name="freadom2read" count="6"/>
      <shelf name="pretty-covers" count="6"/>
      <shelf name="read-2013" count="6"/>
      <shelf name="my-books" count="6"/>
      <shelf name="unreliable-narrator" count="6"/>
      <shelf name="new-york" count="6"/>
      <shelf name="own-it" count="6"/>
      <shelf name="comics-and-graphic-novels" count="6"/>
      <shelf name="teen-romance" count="6"/>
      <shelf name="teen-books" count="6"/>
      <shelf name="want-to-read" count="6"/>
      <shelf name="2016-reads" count="5"/>
      <shelf name="2015-reads" count="5"/>
      <shelf name="read-2014" count="5"/>
      <shelf name="3-stars" count="5"/>
      <shelf name="pictures" count="5"/>
      <shelf name="books-to-buy" count="5"/>
      <shelf name="quick-reads" count="5"/>
      <shelf name="reviewed" count="5"/>
      <shelf name="young-adult-books" count="5"/>
      <shelf name="y-a" count="5"/>
  </popular_shelves>
  <book_links>
    <book_link>
  <id>8</id>
  <name>Libraries</name>
  <link>https://www.goodreads.com/book_link/follow/8</link>
</book_link>

  </book_links>
  <buy_links>
    <buy_link>
<id>1</id>
<name>Amazon</name>
<link>https://www.goodreads.com/book_link/follow/1</link>
</buy_link>
<buy_link>
<id>10</id>
<name>Audible</name>
<link>https://www.goodreads.com/book_link/follow/10</link>
</buy_link>
<buy_link>
<id>3</id>
<name>Barnes &amp; Noble</name>
<link>https://www.goodreads.com/book_link/follow/3</link>
</buy_link>
<buy_link>
<id>1027</id>
<name>Kobo</name>
<link>https://www.goodreads.com/book_link/follow/1027</link>
</buy_link>
<buy_link>
<id>2102</id>
<name>Apple iBooks</name>
<link>https://www.goodreads.com/book_link/follow/2102</link>
</buy_link>
<buy_link>
<id>8036</id>
<name>Google Play</name>
<link>https://www.goodreads.com/book_link/follow/8036</link>
</buy_link>
<buy_link>
<id>4</id>
<name>Abebooks</name>
<link>https://www.goodreads.com/book_link/follow/4</link>
</buy_link>
<buy_link>
<id>882</id>
<name>Book Depository</name>
<link>https://www.goodreads.com/book_link/follow/882</link>
</buy_link>
<buy_link>
<id>9</id>
<name>Indigo</name>
<link>https://www.goodreads.com/book_link/follow/9</link>
</buy_link>
<buy_link>
<id>2</id>
<name>Half.com</name>
<link>https://www.goodreads.com/book_link/follow/2</link>
</buy_link>
<buy_link>
<id>5</id>
<name>Alibris</name>
<link>https://www.goodreads.com/book_link/follow/5</link>
</buy_link>
<buy_link>
<id>107</id>
<name>Better World Books</name>
<link>https://www.goodreads.com/book_link/follow/107</link>
</buy_link>
<buy_link>
<id>7</id>
<name>IndieBound</name>
<link>https://www.goodreads.com/book_link/follow/7</link>
</buy_link>

  </buy_links>
  <series_works>
    
  </series_works>
  <similar_books>
          <book>
<id>11101772</id>
<title><![CDATA[The Scrapbook of Frankie Pratt]]></title>
<title_without_series><![CDATA[The Scrapbook of Frankie Pratt]]></title_without_series>
<link><![CDATA[https://www.goodreads.com/book/show/11101772-the-scrapbook-of-frankie-pratt]]></link>
<small_image_url><![CDATA[https://s.gr-assets.com/assets/nophoto/book/50x75-a91bf249278a81aabab721ef782c4a74.png]]></small_image_url>
<image_url><![CDATA[https://s.gr-assets.com/assets/nophoto/book/111x148-bcc042a9c91a29c1d680899eff700a03.png]]></image_url>
<num_pages>233</num_pages>
<work>
<id>16023890</id>
</work>
<isbn>0061966908</isbn>
<isbn13>9780061966903</isbn13>
<average_rating>3.72</average_rating>
<ratings_count>20573</ratings_count>
<publication_year>2011</publication_year>
<publication_month></publication_month>
<publication_day></publication_day>
<authors>
<author>
<id>7086</id>
<name>Caroline Preston</name>
<link><![CDATA[https://www.goodreads.com/author/show/7086.Caroline_Preston]]></link>
</author>
</authors>
</book>

          <book>
<id>11699055</id>
<title>The Disenchantments</title>
<title_without_series>The Disenchantments</title_without_series>
<link><![CDATA[https://www.goodreads.com/book/show/11699055-the-disenchantments]]></link>
<small_image_url><![CDATA[https://images.gr-assets.com/books/1309200951s/11699055.jpg]]></small_image_url>
<image_url><![CDATA[https://images.gr-assets.com/books/1309200951m/11699055.jpg]]></image_url>
<num_pages>310</num_pages>
<work>
<id>16646156</id>
</work>
<isbn>0525422196</isbn>
<isbn13>9780525422198</isbn13>
<average_rating>3.74</average_rating>
<ratings_count>7805</ratings_count>
<publication_year>2012</publication_year>
<publication_month>2</publication_month>
<publication_day>16</publication_day>
<authors>
<author>
<id>2889003</id>
<name>Nina LaCour</name>
<link><![CDATA[https://www.goodreads.com/author/show/2889003.Nina_LaCour]]></link>
</author>
</authors>
</book>

          <book>
<id>10836810</id>
<title>The Last Nude</title>
<title_without_series>The Last Nude</title_without_series>
<link><![CDATA[https://www.goodreads.com/book/show/10836810-the-last-nude]]></link>
<small_image_url><![CDATA[https://images.gr-assets.com/books/1305496356s/10836810.jpg]]></small_image_url>
<image_url><![CDATA[https://images.gr-assets.com/books/1305496356m/10836810.jpg]]></image_url>
<num_pages>320</num_pages>
<work>
<id>15467346</id>
</work>
<isbn>1594488134</isbn>
<isbn13>9781594488139</isbn13>
<average_rating>3.77</average_rating>
<ratings_count>13426</ratings_count>
<publication_year>2012</publication_year>
<publication_month>1</publication_month>
<publication_day>5</publication_day>
<authors>
<author>
<id>26770</id>
<name>Ellis Avery</name>
<link><![CDATA[https://www.goodreads.com/author/show/26770.Ellis_Avery]]></link>
</author>
</authors>
</book>

          <book>
<id>11996019</id>
<title>The King&apos;s Agent</title>
<title_without_series>The King&apos;s Agent</title_without_series>
<link><![CDATA[https://www.goodreads.com/book/show/11996019-the-king-s-agent]]></link>
<small_image_url><![CDATA[https://images.gr-assets.com/books/1313276211s/11996019.jpg]]></small_image_url>
<image_url><![CDATA[https://images.gr-assets.com/books/1313276211m/11996019.jpg]]></image_url>
<num_pages>411</num_pages>
<work>
<id>16960201</id>
</work>
<isbn>075824682X</isbn>
<isbn13>9780758246820</isbn13>
<average_rating>3.81</average_rating>
<ratings_count>8261</ratings_count>
<publication_year></publication_year>
<publication_month></publication_month>
<publication_day></publication_day>
<authors>
<author>
<id>2729597</id>
<name>Donna Russo Morin</name>
<link><![CDATA[https://www.goodreads.com/author/show/2729597.Donna_Russo_Morin]]></link>
</author>
</authors>
</book>

          <book>
<id>10508526</id>
<title><![CDATA[The Chronicles of Harris Burdick: 14 Amazing Authors Tell the Tales]]></title>
<title_without_series><![CDATA[The Chronicles of Harris Burdick: 14 Amazing Authors Tell the Tales]]></title_without_series>
<link><![CDATA[https://www.goodreads.com/book/show/10508526-the-chronicles-of-harris-burdick]]></link>
<small_image_url><![CDATA[https://images.gr-assets.com/books/1327949098s/10508526.jpg]]></small_image_url>
<image_url><![CDATA[https://images.gr-assets.com/books/1327949098m/10508526.jpg]]></image_url>
<num_pages>221</num_pages>
<work>
<id>15414441</id>
</work>
<isbn>0547548109</isbn>
<isbn13>9780547548104</isbn13>
<average_rating>3.91</average_rating>
<ratings_count>13354</ratings_count>
<publication_year></publication_year>
<publication_month></publication_month>
<publication_day></publication_day>
<authors>
<author>
<id>9685</id>
<name>Chris Van Allsburg</name>
<link><![CDATA[https://www.goodreads.com/author/show/9685.Chris_Van_Allsburg]]></link>
</author>
</authors>
</book>

          <book>
<id>13541584</id>
<title>Will &amp; Whit</title>
<title_without_series>Will &amp; Whit</title_without_series>
<link><![CDATA[https://www.goodreads.com/book/show/13541584-will-whit]]></link>
<small_image_url><![CDATA[https://images.gr-assets.com/books/1459240394s/13541584.jpg]]></small_image_url>
<image_url><![CDATA[https://images.gr-assets.com/books/1459240394m/13541584.jpg]]></image_url>
<num_pages>192</num_pages>
<work>
<id>19105354</id>
</work>
<isbn>1419705466</isbn>
<isbn13>9781419705465</isbn13>
<average_rating>3.72</average_rating>
<ratings_count>2741</ratings_count>
<publication_year>2013</publication_year>
<publication_month>5</publication_month>
<publication_day>7</publication_day>
<authors>
<author>
<id>4215822</id>
<name>Laura Lee Gulledge</name>
<link><![CDATA[https://www.goodreads.com/author/show/4215822.Laura_Lee_Gulledge]]></link>
</author>
</authors>
</book>

          <book>
<id>12510886</id>
<title>The Year of the Beasts</title>
<title_without_series>The Year of the Beasts</title_without_series>
<link><![CDATA[https://www.goodreads.com/book/show/12510886-the-year-of-the-beasts]]></link>
<small_image_url><![CDATA[https://images.gr-assets.com/books/1323525222s/12510886.jpg]]></small_image_url>
<image_url><![CDATA[https://images.gr-assets.com/books/1323525222m/12510886.jpg]]></image_url>
<num_pages>192</num_pages>
<work>
<id>17496629</id>
</work>
<isbn>1596436867</isbn>
<isbn13>9781596436862</isbn13>
<average_rating>3.55</average_rating>
<ratings_count>725</ratings_count>
<publication_year>2012</publication_year>
<publication_month>5</publication_month>
<publication_day>22</publication_day>
<authors>
<author>
<id>146783</id>
<name>Cecil Castellucci</name>
<link><![CDATA[https://www.goodreads.com/author/show/146783.Cecil_Castellucci]]></link>
</author>
</authors>
</book>

          <book>
<id>13773346</id>
<title><![CDATA[A Game for Swallows: To Die, to Leave, to Return]]></title>
<title_without_series><![CDATA[A Game for Swallows: To Die, to Leave, to Return]]></title_without_series>
<link><![CDATA[https://www.goodreads.com/book/show/13773346-a-game-for-swallows]]></link>
<small_image_url><![CDATA[https://images.gr-assets.com/books/1346958476s/13773346.jpg]]></small_image_url>
<image_url><![CDATA[https://images.gr-assets.com/books/1346958476m/13773346.jpg]]></image_url>
<num_pages>188</num_pages>
<work>
<id>2769651</id>
</work>
<isbn>0761385681</isbn>
<isbn13>9780761385684</isbn13>
<average_rating>3.73</average_rating>
<ratings_count>2187</ratings_count>
<publication_year>2012</publication_year>
<publication_month>9</publication_month>
<publication_day>1</publication_day>
<authors>
<author>
<id>1199701</id>
<name>Zeina Abirached</name>
<link><![CDATA[https://www.goodreads.com/author/show/1199701.Zeina_Abirached]]></link>
</author>
</authors>
</book>

          <book>
<id>12458860</id>
<title><![CDATA[No Crystal Stair: A Documentary Novel of the Life and Work of Lewis Michaux, Harlem Bookseller]]></title>
<title_without_series><![CDATA[No Crystal Stair: A Documentary Novel of the Life and Work of Lewis Michaux, Harlem Bookseller]]></title_without_series>
<link><![CDATA[https://www.goodreads.com/book/show/12458860-no-crystal-stair]]></link>
<small_image_url><![CDATA[https://s.gr-assets.com/assets/nophoto/book/50x75-a91bf249278a81aabab721ef782c4a74.png]]></small_image_url>
<image_url><![CDATA[https://s.gr-assets.com/assets/nophoto/book/111x148-bcc042a9c91a29c1d680899eff700a03.png]]></image_url>
<num_pages>188</num_pages>
<work>
<id>17442476</id>
</work>
<isbn>0761361693</isbn>
<isbn13>9780761361695</isbn13>
<average_rating>3.91</average_rating>
<ratings_count>1349</ratings_count>
<publication_year>2012</publication_year>
<publication_month>2</publication_month>
<publication_day>1</publication_day>
<authors>
<author>
<id>57823</id>
<name>Vaunda Micheaux Nelson</name>
<link><![CDATA[https://www.goodreads.com/author/show/57823.Vaunda_Micheaux_Nelson]]></link>
</author>
</authors>
</book>

          <book>
<id>7841518</id>
<title>A Certain October</title>
<title_without_series>A Certain October</title_without_series>
<link><![CDATA[https://www.goodreads.com/book/show/7841518-a-certain-october]]></link>
<small_image_url><![CDATA[https://images.gr-assets.com/books/1338825557s/7841518.jpg]]></small_image_url>
<image_url><![CDATA[https://images.gr-assets.com/books/1338825557m/7841518.jpg]]></image_url>
<num_pages>176</num_pages>
<work>
<id>10934830</id>
</work>
<isbn>0689865058</isbn>
<isbn13>9780689865053</isbn13>
<average_rating>3.49</average_rating>
<ratings_count>423</ratings_count>
<publication_year>2012</publication_year>
<publication_month>8</publication_month>
<publication_day>28</publication_day>
<authors>
<author>
<id>62358</id>
<name>Angela Johnson</name>
<link><![CDATA[https://www.goodreads.com/author/show/62358.Angela_Johnson]]></link>
</author>
</authors>
</book>

          <book>
<id>10702453</id>
<title>Girl Reading</title>
<title_without_series>Girl Reading</title_without_series>
<link><![CDATA[https://www.goodreads.com/book/show/10702453-girl-reading]]></link>
<small_image_url><![CDATA[https://images.gr-assets.com/books/1327932980s/10702453.jpg]]></small_image_url>
<image_url><![CDATA[https://images.gr-assets.com/books/1327932980m/10702453.jpg]]></image_url>
<num_pages>342</num_pages>
<work>
<id>15612733</id>
</work>
<isbn>1844087387</isbn>
<isbn13>9781844087389</isbn13>
<average_rating>3.51</average_rating>
<ratings_count>2108</ratings_count>
<publication_year>2011</publication_year>
<publication_month>5</publication_month>
<publication_day></publication_day>
<authors>
<author>
<id>5458621</id>
<name>Katie  Ward</name>
<link><![CDATA[https://www.goodreads.com/author/show/5458621.Katie_Ward]]></link>
</author>
</authors>
</book>

          <book>
<id>12429979</id>
<title><![CDATA[Girl Meets Boy: Because There Are Two Sides to Every Story]]></title>
<title_without_series><![CDATA[Girl Meets Boy: Because There Are Two Sides to Every Story]]></title_without_series>
<link><![CDATA[https://www.goodreads.com/book/show/12429979-girl-meets-boy]]></link>
<small_image_url><![CDATA[https://images.gr-assets.com/books/1315604933s/12429979.jpg]]></small_image_url>
<image_url><![CDATA[https://images.gr-assets.com/books/1315604933m/12429979.jpg]]></image_url>
<num_pages>204</num_pages>
<work>
<id>17412379</id>
</work>
<isbn>1452102643</isbn>
<isbn13>9781452102641</isbn13>
<average_rating>3.09</average_rating>
<ratings_count>724</ratings_count>
<publication_year>2011</publication_year>
<publication_month>12</publication_month>
<publication_day>28</publication_day>
<authors>
<author>
<id>262003</id>
<name>Kelly Milner Halls</name>
<link><![CDATA[https://www.goodreads.com/author/show/262003.Kelly_Milner_Halls]]></link>
</author>
</authors>
</book>

          <book>
<id>7863274</id>
<title>Graffiti Moon</title>
<title_without_series>Graffiti Moon</title_without_series>
<link><![CDATA[https://www.goodreads.com/book/show/7863274-graffiti-moon]]></link>
<small_image_url><![CDATA[https://images.gr-assets.com/books/1320129868s/7863274.jpg]]></small_image_url>
<image_url><![CDATA[https://images.gr-assets.com/books/1320129868m/7863274.jpg]]></image_url>
<num_pages>264</num_pages>
<work>
<id>11018320</id>
</work>
<isbn>0330425781</isbn>
<isbn13>9780330425780</isbn13>
<average_rating>3.90</average_rating>
<ratings_count>16498</ratings_count>
<publication_year>2010</publication_year>
<publication_month>8</publication_month>
<publication_day>1</publication_day>
<authors>
<author>
<id>1348627</id>
<name>Cath Crowley</name>
<link><![CDATA[https://www.goodreads.com/author/show/1348627.Cath_Crowley]]></link>
</author>
</authors>
</book>

          <book>
<id>12065943</id>
<title><![CDATA[Extra Yarn (E. B. White Read-Aloud Award. Picture Books)]]></title>
<title_without_series>Extra Yarn</title_without_series>
<link><![CDATA[https://www.goodreads.com/book/show/12065943-extra-yarn]]></link>
<small_image_url><![CDATA[https://images.gr-assets.com/books/1424982446s/12065943.jpg]]></small_image_url>
<image_url><![CDATA[https://images.gr-assets.com/books/1424982446m/12065943.jpg]]></image_url>
<num_pages></num_pages>
<work>
<id>17033359</id>
</work>
<isbn>0061953385</isbn>
<isbn13>9780061953385</isbn13>
<average_rating>4.07</average_rating>
<ratings_count>12714</ratings_count>
<publication_year></publication_year>
<publication_month></publication_month>
<publication_day></publication_day>
<authors>
<author>
<id>2855221</id>
<name>Mac Barnett</name>
<link><![CDATA[https://www.goodreads.com/author/show/2855221.Mac_Barnett]]></link>
</author>
</authors>
</book>

          <book>
<id>10361139</id>
<title>Americus</title>
<title_without_series>Americus</title_without_series>
<link><![CDATA[https://www.goodreads.com/book/show/10361139-americus]]></link>
<small_image_url><![CDATA[https://images.gr-assets.com/books/1316639036s/10361139.jpg]]></small_image_url>
<image_url><![CDATA[https://images.gr-assets.com/books/1316639036m/10361139.jpg]]></image_url>
<num_pages>216</num_pages>
<work>
<id>15264151</id>
</work>
<isbn>1596436018</isbn>
<isbn13>9781596436015</isbn13>
<average_rating>3.79</average_rating>
<ratings_count>1787</ratings_count>
<publication_year>2011</publication_year>
<publication_month>8</publication_month>
<publication_day>30</publication_day>
<authors>
<author>
<id>3059011</id>
<name>M.K. Reed</name>
<link><![CDATA[https://www.goodreads.com/author/show/3059011.M_K_Reed]]></link>
</author>
</authors>
</book>

          <book>
<id>13351300</id>
<title>Preloved</title>
<title_without_series>Preloved</title_without_series>
<link><![CDATA[https://www.goodreads.com/book/show/13351300-preloved]]></link>
<small_image_url><![CDATA[https://images.gr-assets.com/books/1331027825s/13351300.jpg]]></small_image_url>
<image_url><![CDATA[https://images.gr-assets.com/books/1331027825m/13351300.jpg]]></image_url>
<num_pages>272</num_pages>
<work>
<id>18574059</id>
</work>
<isbn>1742031900</isbn>
<isbn13>9781742031903</isbn13>
<average_rating>3.70</average_rating>
<ratings_count>599</ratings_count>
<publication_year>2012</publication_year>
<publication_month>4</publication_month>
<publication_day>1</publication_day>
<authors>
<author>
<id>3524215</id>
<name>Shirley Marr</name>
<link><![CDATA[https://www.goodreads.com/author/show/3524215.Shirley_Marr]]></link>
</author>
</authors>
</book>

          <book>
<id>13330664</id>
<title>Peanut</title>
<title_without_series>Peanut</title_without_series>
<link><![CDATA[https://www.goodreads.com/book/show/13330664-peanut]]></link>
<small_image_url><![CDATA[https://images.gr-assets.com/books/1337116185s/13330664.jpg]]></small_image_url>
<image_url><![CDATA[https://images.gr-assets.com/books/1337116185m/13330664.jpg]]></image_url>
<num_pages>216</num_pages>
<work>
<id>18538279</id>
</work>
<isbn>037586590X</isbn>
<isbn13>9780375865909</isbn13>
<average_rating>3.31</average_rating>
<ratings_count>1982</ratings_count>
<publication_year>2013</publication_year>
<publication_month></publication_month>
<publication_day></publication_day>
<authors>
<author>
<id>5099</id>
<name>Ayun Halliday</name>
<link><![CDATA[https://www.goodreads.com/author/show/5099.Ayun_Halliday]]></link>
</author>
</authors>
</book>

          <book>
<id>9539092</id>
<title>Lost &amp; Found</title>
<title_without_series>Lost &amp; Found</title_without_series>
<link><![CDATA[https://www.goodreads.com/book/show/9539092-lost-found]]></link>
<small_image_url><![CDATA[https://s.gr-assets.com/assets/nophoto/book/50x75-a91bf249278a81aabab721ef782c4a74.png]]></small_image_url>
<image_url><![CDATA[https://s.gr-assets.com/assets/nophoto/book/111x148-bcc042a9c91a29c1d680899eff700a03.png]]></image_url>
<num_pages>128</num_pages>
<work>
<id>14425313</id>
</work>
<isbn>0545229243</isbn>
<isbn13>9780545229241</isbn13>
<average_rating>4.18</average_rating>
<ratings_count>6371</ratings_count>
<publication_year>2011</publication_year>
<publication_month>3</publication_month>
<publication_day>1</publication_day>
<authors>
<author>
<id>38954</id>
<name>Shaun Tan</name>
<link><![CDATA[https://www.goodreads.com/author/show/38954.Shaun_Tan]]></link>
</author>
</authors>
</book>

  </similar_books>
</book>

</GoodreadsResponse>