<?xml version="1.0" encoding="UTF-8"?>
<GoodreadsResponse>
  <Request>
    <authentication>true</authentication>
      <key><![CDATA[all_men_must_serve]]></key>
    <method><![CDATA[book_show]]></method>
  </Request>
  <book>
  <id>107664</id>
  <title><![CDATA[Raven's Gate (The Gatekeepers, #1)]]></title>
  <isbn><![CDATA[0439680093]]></isbn>
  <isbn13><![CDATA[9780439680097]]></isbn13>
  <asin><![CDATA[]]></asin>
  <kindle_asin><![CDATA[B004J35DWO]]></kindle_asin>
  <marketplace_id><![CDATA[A1F83G8C2ARO7P]]></marketplace_id>
  <country_code><![CDATA[GB]]></country_code>
  <image_url>https://images.gr-assets.com/books/1328842690m/107664.jpg</image_url>
  <small_image_url>https://images.gr-assets.com/books/1328842690s/107664.jpg</small_image_url>
  <publication_year>2006</publication_year>
  <publication_month>10</publication_month>
  <publication_day></publication_day>
  <publisher>Scholastic</publisher>
  <language_code></language_code>
  <is_ebook>false</is_ebook>
  <description><![CDATA[<b>He always knew he was different.<br />First there were the dreams.<br />Then the deaths began.</b> <br /><br />When Matt Freeman gets into trouble with the police, he's sent to be fostered in Yorkshire. It's not long before he senses there's something wrong with his guardian: with the whole village. <br /><br />Then Matt learns about the Old Ones and begins to understand just how he is different. But no one will believe him; no one can help. <br /><br /><b>There is no proof. There is no logic. There is just the Gate.</b>]]></description>
  <work>
  <id type="integer">3327491</id>
  <books_count type="integer">58</books_count>
  <best_book_id type="integer">107664</best_book_id>
  <reviews_count type="integer">33894</reviews_count>
  <ratings_sum type="integer">79073</ratings_sum>
  <ratings_count type="integer">20266</ratings_count>
  <text_reviews_count type="integer">1201</text_reviews_count>
  <original_publication_year type="integer">2005</original_publication_year>
  <original_publication_month type="integer">1</original_publication_month>
  <original_publication_day type="integer">1</original_publication_day>
  <original_title>Raven's Gate</original_title>
  <original_language_id type="integer" nil="true"/>
  <media_type>book</media_type>
  <rating_dist>5:6617|4:7192|3:4730|2:1303|1:424|total:20266</rating_dist>
  <desc_user_id type="integer">4773717</desc_user_id>
  <default_chaptering_book_id type="integer" nil="true"/>
  <default_description_language_code nil="true"/>
</work>
  <average_rating>3.90</average_rating>
  <num_pages><![CDATA[270]]></num_pages>
  <format><![CDATA[Paperback]]></format>
  <edition_information><![CDATA[]]></edition_information>
  <ratings_count><![CDATA[18256]]></ratings_count>
  <text_reviews_count><![CDATA[1009]]></text_reviews_count>
  <url><![CDATA[https://www.goodreads.com/book/show/107664.Raven_s_Gate]]></url>
  <link><![CDATA[https://www.goodreads.com/book/show/107664.Raven_s_Gate]]></link>
  <authors>
<author>
<id>32590</id>
<name>Anthony Horowitz</name>
<role></role>
<image_url nophoto='false'>
<![CDATA[https://images.gr-assets.com/authors/1301176549p5/32590.jpg]]>
</image_url>
<small_image_url nophoto='false'>
<![CDATA[https://images.gr-assets.com/authors/1301176549p2/32590.jpg]]>
</small_image_url>
<link><![CDATA[https://www.goodreads.com/author/show/32590.Anthony_Horowitz]]></link>
<average_rating>4.06</average_rating>
<ratings_count>514813</ratings_count>
<text_reviews_count>25993</text_reviews_count>
</author>
</authors>

    <reviews_widget>
      <![CDATA[
        <style>
  #goodreads-widget {
    font-family: georgia, serif;
    padding: 18px 0;
    width:565px;
  }
  #goodreads-widget h1 {
    font-weight:normal;
    font-size: 16px;
    border-bottom: 1px solid #BBB596;
    margin-bottom: 0;
  }
  #goodreads-widget a {
    text-decoration: none;
    color:#660;
  }
  iframe{
    background-color: #fff;
  }
  #goodreads-widget a:hover { text-decoration: underline; }
  #goodreads-widget a:active {
    color:#660;
  }
  #gr_footer {
    width: 100%;
    border-top: 1px solid #BBB596;
    text-align: right;
  }
  #goodreads-widget .gr_branding{
    color: #382110;
    font-size: 11px;
    text-decoration: none;
    font-family: "Helvetica Neue", Helvetica, Arial, sans-serif;
  }
</style>
<div id="goodreads-widget">
  <div id="gr_header"><h1><a rel="nofollow" href="https://www.goodreads.com/book/show/107664.Raven_s_Gate">Raven&#39;s Gate Reviews</a></h1></div>
  <iframe id="the_iframe" src="https://www.goodreads.com/api/reviews_widget_iframe?did=DEVELOPER_ID&amp;format=html&amp;isbn=0439680093&amp;links=660&amp;min_rating=&amp;review_back=fff&amp;stars=000&amp;text=000" width="565" height="400" frameborder="0"></iframe>
  <div id="gr_footer">
    <a class="gr_branding" target="_blank" rel="nofollow" href="https://www.goodreads.com/book/show/107664.Raven_s_Gate?utm_medium=api&amp;utm_source=reviews_widget">Reviews from Goodreads.com</a>
  </div>
</div>

      ]]>
    </reviews_widget>
  <popular_shelves>
      <shelf name="to-read" count="4973"/>
      <shelf name="fantasy" count="558"/>
      <shelf name="young-adult" count="323"/>
      <shelf name="favorites" count="192"/>
      <shelf name="currently-reading" count="154"/>
      <shelf name="ya" count="149"/>
      <shelf name="horror" count="136"/>
      <shelf name="books-i-own" count="102"/>
      <shelf name="series" count="100"/>
      <shelf name="adventure" count="94"/>
      <shelf name="owned" count="89"/>
      <shelf name="paranormal" count="87"/>
      <shelf name="supernatural" count="81"/>
      <shelf name="anthony-horowitz" count="78"/>
      <shelf name="fiction" count="77"/>
      <shelf name="mystery" count="65"/>
      <shelf name="magic" count="58"/>
      <shelf name="thriller" count="52"/>
      <shelf name="urban-fantasy" count="41"/>
      <shelf name="teen" count="36"/>
      <shelf name="default" count="34"/>
      <shelf name="owned-books" count="28"/>
      <shelf name="science-fiction" count="28"/>
      <shelf name="my-books" count="28"/>
      <shelf name="library" count="27"/>
      <shelf name="favourites" count="25"/>
      <shelf name="childrens" count="24"/>
      <shelf name="childhood" count="23"/>
      <shelf name="sci-fi" count="22"/>
      <shelf name="ya-fantasy" count="22"/>
      <shelf name="to-buy" count="22"/>
      <shelf name="action" count="19"/>
      <shelf name="gatekeepers" count="19"/>
      <shelf name="audiobook" count="18"/>
      <shelf name="audio" count="18"/>
      <shelf name="the-gatekeepers" count="18"/>
      <shelf name="action-adventure" count="16"/>
      <shelf name="kids" count="15"/>
      <shelf name="ya-fiction" count="15"/>
      <shelf name="books" count="14"/>
      <shelf name="youth" count="14"/>
      <shelf name="i-own" count="12"/>
      <shelf name="middle-school" count="12"/>
      <shelf name="my-library" count="11"/>
      <shelf name="maybe" count="11"/>
      <shelf name="young-adult-fiction" count="11"/>
      <shelf name="4-stars" count="10"/>
      <shelf name="borrowed" count="10"/>
      <shelf name="have" count="10"/>
      <shelf name="sci-fi-fantasy" count="10"/>
      <shelf name="first-in-series" count="10"/>
      <shelf name="ebook" count="9"/>
      <shelf name="kindle" count="9"/>
      <shelf name="children-s" count="9"/>
      <shelf name="witches" count="9"/>
      <shelf name="the-power-of-five" count="9"/>
      <shelf name="ya-paranormal" count="9"/>
      <shelf name="wish-list" count="9"/>
      <shelf name="teen-fiction" count="9"/>
      <shelf name="to-re-read" count="9"/>
      <shelf name="ya-books" count="9"/>
      <shelf name="english" count="8"/>
      <shelf name="reread" count="8"/>
      <shelf name="childhood-books" count="8"/>
      <shelf name="completed-series" count="8"/>
      <shelf name="4-star" count="8"/>
      <shelf name="audio-books" count="8"/>
      <shelf name="audiobooks" count="8"/>
      <shelf name="scifi-fantasy" count="8"/>
      <shelf name="youngadult" count="8"/>
      <shelf name="read-in-2015" count="7"/>
      <shelf name="middle-grade" count="7"/>
      <shelf name="re-read" count="7"/>
      <shelf name="novels" count="7"/>
      <shelf name="first-in-a-series" count="7"/>
      <shelf name="books-i-have" count="7"/>
      <shelf name="need-to-buy" count="7"/>
      <shelf name="classroom-library" count="7"/>
      <shelf name="kids-books" count="7"/>
      <shelf name="childrens-books" count="7"/>
      <shelf name="abandoned" count="7"/>
      <shelf name="shelfari-wishlist" count="6"/>
      <shelf name="bookshelf" count="6"/>
      <shelf name="meh" count="6"/>
      <shelf name="3-stars" count="6"/>
      <shelf name="on-shelf" count="6"/>
      <shelf name="ebooks" count="6"/>
      <shelf name="contemporary" count="6"/>
      <shelf name="children" count="6"/>
      <shelf name="family" count="6"/>
      <shelf name="british" count="6"/>
      <shelf name="part-of-a-series" count="6"/>
      <shelf name="gate-keepers" count="6"/>
      <shelf name="suspense" count="6"/>
      <shelf name="library-books" count="6"/>
      <shelf name="england" count="5"/>
      <shelf name="h" count="5"/>
      <shelf name="e-book" count="5"/>
      <shelf name="read-2013" count="5"/>
      <shelf name="power-of-five" count="5"/>
  </popular_shelves>
  <book_links>
    <book_link>
  <id>8</id>
  <name>Libraries</name>
  <link>https://www.goodreads.com/book_link/follow/8</link>
</book_link>

  </book_links>
  <buy_links>
    <buy_link>
<id>1</id>
<name>Amazon</name>
<link>https://www.goodreads.com/book_link/follow/1</link>
</buy_link>
<buy_link>
<id>10</id>
<name>Audible</name>
<link>https://www.goodreads.com/book_link/follow/10</link>
</buy_link>
<buy_link>
<id>3</id>
<name>Barnes &amp; Noble</name>
<link>https://www.goodreads.com/book_link/follow/3</link>
</buy_link>
<buy_link>
<id>1027</id>
<name>Kobo</name>
<link>https://www.goodreads.com/book_link/follow/1027</link>
</buy_link>
<buy_link>
<id>2102</id>
<name>Apple iBooks</name>
<link>https://www.goodreads.com/book_link/follow/2102</link>
</buy_link>
<buy_link>
<id>8036</id>
<name>Google Play</name>
<link>https://www.goodreads.com/book_link/follow/8036</link>
</buy_link>
<buy_link>
<id>4</id>
<name>Abebooks</name>
<link>https://www.goodreads.com/book_link/follow/4</link>
</buy_link>
<buy_link>
<id>882</id>
<name>Book Depository</name>
<link>https://www.goodreads.com/book_link/follow/882</link>
</buy_link>
<buy_link>
<id>9</id>
<name>Indigo</name>
<link>https://www.goodreads.com/book_link/follow/9</link>
</buy_link>
<buy_link>
<id>2</id>
<name>Half.com</name>
<link>https://www.goodreads.com/book_link/follow/2</link>
</buy_link>
<buy_link>
<id>5</id>
<name>Alibris</name>
<link>https://www.goodreads.com/book_link/follow/5</link>
</buy_link>
<buy_link>
<id>107</id>
<name>Better World Books</name>
<link>https://www.goodreads.com/book_link/follow/107</link>
</buy_link>
<buy_link>
<id>7</id>
<name>IndieBound</name>
<link>https://www.goodreads.com/book_link/follow/7</link>
</buy_link>

  </buy_links>
  <series_works>
    <series_work>
<id>202712</id>
<user_position>1</user_position>
<series>
<id>52308</id>
<title>
<![CDATA[
    The Gatekeepers
]]>
</title>
<description>
<![CDATA[
    Also known as:
    - The Power of Five
    - O Poder dos Guardiães
    - Le Pouvoir des Cinq
    - Die fünf Tore
    - Los cinco guardianes
    - I 5 guardiani
    - Moč Petih [Slovenian]
]]>
</description>
<note>
<![CDATA[
]]>
</note>
<series_works_count>6</series_works_count>
<primary_work_count>5</primary_work_count>
<numbered>true</numbered>
</series>

</series_work>

  </series_works>
  <similar_books>
          <book>
<id>278794</id>
<title>Blood Fever (Young Bond, #2)</title>
<title_without_series>Blood Fever</title_without_series>
<link><![CDATA[https://www.goodreads.com/book/show/278794.Blood_Fever]]></link>
<small_image_url><![CDATA[https://s.gr-assets.com/assets/nophoto/book/50x75-a91bf249278a81aabab721ef782c4a74.png]]></small_image_url>
<image_url><![CDATA[https://s.gr-assets.com/assets/nophoto/book/111x148-bcc042a9c91a29c1d680899eff700a03.png]]></image_url>
<num_pages></num_pages>
<work>
<id>270408</id>
</work>
<isbn>0786836628</isbn>
<isbn13>9780786836628</isbn13>
<average_rating>4.01</average_rating>
<ratings_count>5405</ratings_count>
<publication_year></publication_year>
<publication_month></publication_month>
<publication_day></publication_day>
<authors>
<author>
<id>162326</id>
<name>Charlie Higson</name>
<link><![CDATA[https://www.goodreads.com/author/show/162326.Charlie_Higson]]></link>
</author>
</authors>
</book>

          <book>
<id>591822</id>
<title>Traitor (Boy Soldier, #1)</title>
<title_without_series>Traitor</title_without_series>
<link><![CDATA[https://www.goodreads.com/book/show/591822.Traitor]]></link>
<small_image_url><![CDATA[https://s.gr-assets.com/assets/nophoto/book/50x75-a91bf249278a81aabab721ef782c4a74.png]]></small_image_url>
<image_url><![CDATA[https://s.gr-assets.com/assets/nophoto/book/111x148-bcc042a9c91a29c1d680899eff700a03.png]]></image_url>
<num_pages>288</num_pages>
<work>
<id>578567</id>
</work>
<isbn>0142407275</isbn>
<isbn13>9780142407271</isbn13>
<average_rating>3.86</average_rating>
<ratings_count>1721</ratings_count>
<publication_year>2006</publication_year>
<publication_month>7</publication_month>
<publication_day>6</publication_day>
<authors>
<author>
<id>12673</id>
<name>Andy McNab</name>
<link><![CDATA[https://www.goodreads.com/author/show/12673.Andy_McNab]]></link>
</author>
</authors>
</book>

          <book>
<id>2164409</id>
<title><![CDATA[Demon Apocalypse (The Demonata, #6)]]></title>
<title_without_series>Demon Apocalypse</title_without_series>
<link><![CDATA[https://www.goodreads.com/book/show/2164409.Demon_Apocalypse]]></link>
<small_image_url><![CDATA[https://images.gr-assets.com/books/1344266165s/2164409.jpg]]></small_image_url>
<image_url><![CDATA[https://images.gr-assets.com/books/1344266165m/2164409.jpg]]></image_url>
<num_pages>200</num_pages>
<work>
<id>2169936</id>
</work>
<isbn>0316003794</isbn>
<isbn13>9780316003797</isbn13>
<average_rating>4.25</average_rating>
<ratings_count>8187</ratings_count>
<publication_year>2008</publication_year>
<publication_month>5</publication_month>
<publication_day>1</publication_day>
<authors>
<author>
<id>5816</id>
<name>Darren Shan</name>
<link><![CDATA[https://www.goodreads.com/author/show/5816.Darren_Shan]]></link>
</author>
</authors>
</book>

          <book>
<id>17177999</id>
<title>Release (The Protector, #3)</title>
<title_without_series>Release</title_without_series>
<link><![CDATA[https://www.goodreads.com/book/show/17177999-release]]></link>
<small_image_url><![CDATA[https://images.gr-assets.com/books/1357878728s/17177999.jpg]]></small_image_url>
<image_url><![CDATA[https://images.gr-assets.com/books/1357878728m/17177999.jpg]]></image_url>
<num_pages>372</num_pages>
<work>
<id>21830266</id>
</work>
<isbn>0987726277</isbn>
<isbn13>9780987726278</isbn13>
<average_rating>3.98</average_rating>
<ratings_count>755</ratings_count>
<publication_year>2012</publication_year>
<publication_month>11</publication_month>
<publication_day>21</publication_day>
<authors>
<author>
<id>4968404</id>
<name>M.R. Merrick</name>
<link><![CDATA[https://www.goodreads.com/author/show/4968404.M_R_Merrick]]></link>
</author>
</authors>
</book>

          <book>
<id>8113344</id>
<title><![CDATA[Mortal Coil (Skulduggery Pleasant, #5)]]></title>
<title_without_series>Mortal Coil</title_without_series>
<link><![CDATA[https://www.goodreads.com/book/show/8113344-mortal-coil]]></link>
<small_image_url><![CDATA[https://images.gr-assets.com/books/1442456495s/8113344.jpg]]></small_image_url>
<image_url><![CDATA[https://images.gr-assets.com/books/1442456495m/8113344.jpg]]></image_url>
<num_pages>604</num_pages>
<work>
<id>12908561</id>
</work>
<isbn>0007325983</isbn>
<isbn13>9780007325986</isbn13>
<average_rating>4.48</average_rating>
<ratings_count>12078</ratings_count>
<publication_year>2010</publication_year>
<publication_month>9</publication_month>
<publication_day>2</publication_day>
<authors>
<author>
<id>165168</id>
<name>Derek Landy</name>
<link><![CDATA[https://www.goodreads.com/author/show/165168.Derek_Landy]]></link>
</author>
</authors>
</book>

          <book>
<id>8707554</id>
<title>The Black (Morpheus Road, #2)</title>
<title_without_series>The Black</title_without_series>
<link><![CDATA[https://www.goodreads.com/book/show/8707554-the-black]]></link>
<small_image_url><![CDATA[https://s.gr-assets.com/assets/nophoto/book/50x75-a91bf249278a81aabab721ef782c4a74.png]]></small_image_url>
<image_url><![CDATA[https://s.gr-assets.com/assets/nophoto/book/111x148-bcc042a9c91a29c1d680899eff700a03.png]]></image_url>
<num_pages>416</num_pages>
<work>
<id>13301213</id>
</work>
<isbn>1416965173</isbn>
<isbn13>9781416965176</isbn13>
<average_rating>4.14</average_rating>
<ratings_count>1342</ratings_count>
<publication_year>2011</publication_year>
<publication_month>4</publication_month>
<publication_day>19</publication_day>
<authors>
<author>
<id>74046</id>
<name>D.J. MacHale</name>
<link><![CDATA[https://www.goodreads.com/author/show/74046.D_J_MacHale]]></link>
</author>
</authors>
</book>

          <book>
<id>4617762</id>
<title><![CDATA[Escape Velocity (H.I.V.E., #3)]]></title>
<title_without_series>Escape Velocity</title_without_series>
<link><![CDATA[https://www.goodreads.com/book/show/4617762-escape-velocity]]></link>
<small_image_url><![CDATA[https://images.gr-assets.com/books/1327889302s/4617762.jpg]]></small_image_url>
<image_url><![CDATA[https://images.gr-assets.com/books/1327889302m/4617762.jpg]]></image_url>
<num_pages>343</num_pages>
<work>
<id>4667673</id>
</work>
<isbn>0747594856</isbn>
<isbn13>9780747594857</isbn13>
<average_rating>4.27</average_rating>
<ratings_count>4910</ratings_count>
<publication_year></publication_year>
<publication_month></publication_month>
<publication_day></publication_day>
<authors>
<author>
<id>487718</id>
<name>Mark Walden</name>
<link><![CDATA[https://www.goodreads.com/author/show/487718.Mark_Walden]]></link>
</author>
</authors>
</book>

          <book>
<id>5332742</id>
<title><![CDATA[The Lab (Agent Six of Hearts, #1)]]></title>
<title_without_series>The Lab</title_without_series>
<link><![CDATA[https://www.goodreads.com/book/show/5332742-the-lab]]></link>
<small_image_url><![CDATA[https://images.gr-assets.com/books/1328838492s/5332742.jpg]]></small_image_url>
<image_url><![CDATA[https://images.gr-assets.com/books/1328838492m/5332742.jpg]]></image_url>
<num_pages>320</num_pages>
<work>
<id>5400228</id>
</work>
<isbn>0545068606</isbn>
<isbn13>9780545068604</isbn13>
<average_rating>3.87</average_rating>
<ratings_count>1685</ratings_count>
<publication_year>2008</publication_year>
<publication_month>11</publication_month>
<publication_day>1</publication_day>
<authors>
<author>
<id>2295135</id>
<name>Jack Heath</name>
<link><![CDATA[https://www.goodreads.com/author/show/2295135.Jack_Heath]]></link>
</author>
</authors>
</book>

          <book>
<id>47620</id>
<title><![CDATA[Grim Tuesday (The Keys to the Kingdom, #2)]]></title>
<title_without_series>Grim Tuesday</title_without_series>
<link><![CDATA[https://www.goodreads.com/book/show/47620.Grim_Tuesday]]></link>
<small_image_url><![CDATA[https://images.gr-assets.com/books/1304528058s/47620.jpg]]></small_image_url>
<image_url><![CDATA[https://images.gr-assets.com/books/1304528058m/47620.jpg]]></image_url>
<num_pages>336</num_pages>
<work>
<id>3209595</id>
</work>
<isbn>0439703700</isbn>
<isbn13>9780439703703</isbn13>
<average_rating>3.86</average_rating>
<ratings_count>20630</ratings_count>
<publication_year>2005</publication_year>
<publication_month>3</publication_month>
<publication_day>1</publication_day>
<authors>
<author>
<id>8347</id>
<name>Garth Nix</name>
<link><![CDATA[https://www.goodreads.com/author/show/8347.Garth_Nix]]></link>
</author>
</authors>
</book>

          <book>
<id>334978</id>
<title>Black Gold (Alpha Force, #9)</title>
<title_without_series>Black Gold</title_without_series>
<link><![CDATA[https://www.goodreads.com/book/show/334978.Black_Gold]]></link>
<small_image_url><![CDATA[https://images.gr-assets.com/books/1358488391s/334978.jpg]]></small_image_url>
<image_url><![CDATA[https://images.gr-assets.com/books/1358488391m/334978.jpg]]></image_url>
<num_pages>328</num_pages>
<work>
<id>325458</id>
</work>
<isbn>0099482320</isbn>
<isbn13>9780099482321</isbn13>
<average_rating>3.99</average_rating>
<ratings_count>326</ratings_count>
<publication_year>2005</publication_year>
<publication_month>10</publication_month>
<publication_day>25</publication_day>
<authors>
<author>
<id>2542</id>
<name>Chris Ryan</name>
<link><![CDATA[https://www.goodreads.com/author/show/2542.Chris_Ryan]]></link>
</author>
</authors>
</book>

  </similar_books>
</book>

</GoodreadsResponse>