<?xml version="1.0" encoding="UTF-8"?>
<GoodreadsResponse>
  <Request>
    <authentication>true</authentication>
      <key><![CDATA[all_men_must_serve]]></key>
    <method><![CDATA[book_show]]></method>
  </Request>
  <book>
  <id>10766509</id>
  <title>The Best of Me</title>
  <isbn><![CDATA[0446547654]]></isbn>
  <isbn13><![CDATA[9780446547659]]></isbn13>
  <asin><![CDATA[]]></asin>
  <kindle_asin><![CDATA[B005I548B4]]></kindle_asin>
  <marketplace_id><![CDATA[A1F83G8C2ARO7P]]></marketplace_id>
  <country_code><![CDATA[GB]]></country_code>
  <image_url>https://images.gr-assets.com/books/1301685366m/10766509.jpg</image_url>
  <small_image_url>https://images.gr-assets.com/books/1301685366s/10766509.jpg</small_image_url>
  <publication_year>2011</publication_year>
  <publication_month>10</publication_month>
  <publication_day>11</publication_day>
  <publisher>Grand Central Publishing</publisher>
  <language_code>en-US</language_code>
  <is_ebook>false</is_ebook>
  <description><![CDATA[THE BEST OF ME is the heart-rending story of two small-town former high school sweethearts from opposite sides of the tracks. Now middle-aged, they've taken wildly divergent paths, but neither has lived the life they imagined . . . and neither can forget the passionate first love that forever altered their world. When they are both called back to their hometown for the funeral of the mentor who once gave them shelter, they will be forced to confront the choices each has made, and ask whether love can truly rewrite the past.]]></description>
  <work>
  <id type="integer">15677976</id>
  <books_count type="integer">91</books_count>
  <best_book_id type="integer">10766509</best_book_id>
  <reviews_count type="integer">214337</reviews_count>
  <ratings_sum type="integer">487377</ratings_sum>
  <ratings_count type="integer">124646</ratings_count>
  <text_reviews_count type="integer">9614</text_reviews_count>
  <original_publication_year type="integer">2010</original_publication_year>
  <original_publication_month type="integer">9</original_publication_month>
  <original_publication_day type="integer">14</original_publication_day>
  <original_title>The Best of Me</original_title>
  <original_language_id type="integer" nil="true"/>
  <media_type>book</media_type>
  <rating_dist>5:43773|4:40401|3:28656|2:9124|1:2692|total:124646</rating_dist>
  <desc_user_id type="integer">4391094</desc_user_id>
  <default_chaptering_book_id type="integer" nil="true"/>
  <default_description_language_code nil="true"/>
</work>
  <average_rating>3.91</average_rating>
  <num_pages><![CDATA[292]]></num_pages>
  <format><![CDATA[Hardcover]]></format>
  <edition_information><![CDATA[]]></edition_information>
  <ratings_count><![CDATA[103978]]></ratings_count>
  <text_reviews_count><![CDATA[8325]]></text_reviews_count>
  <url><![CDATA[https://www.goodreads.com/book/show/10766509-the-best-of-me]]></url>
  <link><![CDATA[https://www.goodreads.com/book/show/10766509-the-best-of-me]]></link>
  <authors>
<author>
<id>2345</id>
<name>Nicholas Sparks</name>
<role></role>
<image_url nophoto='false'>
<![CDATA[https://images.gr-assets.com/authors/1468247396p5/2345.jpg]]>
</image_url>
<small_image_url nophoto='false'>
<![CDATA[https://images.gr-assets.com/authors/1468247396p2/2345.jpg]]>
</small_image_url>
<link><![CDATA[https://www.goodreads.com/author/show/2345.Nicholas_Sparks]]></link>
<average_rating>4.06</average_rating>
<ratings_count>4540190</ratings_count>
<text_reviews_count>136941</text_reviews_count>
</author>
</authors>

    <reviews_widget>
      <![CDATA[
        <style>
  #goodreads-widget {
    font-family: georgia, serif;
    padding: 18px 0;
    width:565px;
  }
  #goodreads-widget h1 {
    font-weight:normal;
    font-size: 16px;
    border-bottom: 1px solid #BBB596;
    margin-bottom: 0;
  }
  #goodreads-widget a {
    text-decoration: none;
    color:#660;
  }
  iframe{
    background-color: #fff;
  }
  #goodreads-widget a:hover { text-decoration: underline; }
  #goodreads-widget a:active {
    color:#660;
  }
  #gr_footer {
    width: 100%;
    border-top: 1px solid #BBB596;
    text-align: right;
  }
  #goodreads-widget .gr_branding{
    color: #382110;
    font-size: 11px;
    text-decoration: none;
    font-family: "Helvetica Neue", Helvetica, Arial, sans-serif;
  }
</style>
<div id="goodreads-widget">
  <div id="gr_header"><h1><a rel="nofollow" href="https://www.goodreads.com/book/show/10766509-the-best-of-me">The Best of Me Reviews</a></h1></div>
  <iframe id="the_iframe" src="https://www.goodreads.com/api/reviews_widget_iframe?did=DEVELOPER_ID&amp;format=html&amp;isbn=0446547654&amp;links=660&amp;min_rating=&amp;review_back=fff&amp;stars=000&amp;text=000" width="565" height="400" frameborder="0"></iframe>
  <div id="gr_footer">
    <a class="gr_branding" target="_blank" rel="nofollow" href="https://www.goodreads.com/book/show/10766509-the-best-of-me?utm_medium=api&amp;utm_source=reviews_widget">Reviews from Goodreads.com</a>
  </div>
</div>

      ]]>
    </reviews_widget>
  <popular_shelves>
      <shelf name="to-read" count="65596"/>
      <shelf name="currently-reading" count="4238"/>
      <shelf name="nicholas-sparks" count="1253"/>
      <shelf name="romance" count="1236"/>
      <shelf name="favorites" count="555"/>
      <shelf name="fiction" count="541"/>
      <shelf name="books-i-own" count="498"/>
      <shelf name="chick-lit" count="304"/>
      <shelf name="owned" count="265"/>
      <shelf name="contemporary" count="185"/>
      <shelf name="adult" count="155"/>
      <shelf name="owned-books" count="140"/>
      <shelf name="sparks" count="114"/>
      <shelf name="my-books" count="110"/>
      <shelf name="library" count="106"/>
      <shelf name="adult-fiction" count="97"/>
      <shelf name="default" count="90"/>
      <shelf name="book-club" count="88"/>
      <shelf name="drama" count="82"/>
      <shelf name="audiobooks" count="81"/>
      <shelf name="read-in-2014" count="80"/>
      <shelf name="audiobook" count="79"/>
      <shelf name="to-buy" count="78"/>
      <shelf name="kindle" count="75"/>
      <shelf name="love" count="73"/>
      <shelf name="contemporary-romance" count="67"/>
      <shelf name="read-in-2015" count="66"/>
      <shelf name="read-in-2012" count="63"/>
      <shelf name="audio" count="63"/>
      <shelf name="i-own" count="56"/>
      <shelf name="love-stories" count="55"/>
      <shelf name="ebooks" count="55"/>
      <shelf name="audio-books" count="54"/>
      <shelf name="my-library" count="50"/>
      <shelf name="realistic-fiction" count="47"/>
      <shelf name="sparks-nicholas" count="47"/>
      <shelf name="ebook" count="45"/>
      <shelf name="audio-book" count="45"/>
      <shelf name="read-2014" count="42"/>
      <shelf name="contemporary-fiction" count="41"/>
      <shelf name="novels" count="40"/>
      <shelf name="read-in-2013" count="39"/>
      <shelf name="read-2015" count="37"/>
      <shelf name="books-i-have" count="37"/>
      <shelf name="wish-list" count="36"/>
      <shelf name="books-to-movies" count="35"/>
      <shelf name="read-in-2011" count="35"/>
      <shelf name="movies" count="34"/>
      <shelf name="books" count="34"/>
      <shelf name="young-adult" count="33"/>
      <shelf name="nicholas-sparks-books" count="33"/>
      <shelf name="tbr" count="32"/>
      <shelf name="have" count="32"/>
      <shelf name="book-to-movie" count="32"/>
      <shelf name="favourites" count="31"/>
      <shelf name="finished" count="31"/>
      <shelf name="stand-alone" count="30"/>
      <shelf name="tear-jerker" count="29"/>
      <shelf name="read-2012" count="29"/>
      <shelf name="on-my-shelf" count="28"/>
      <shelf name="own-it" count="28"/>
      <shelf name="nook" count="28"/>
      <shelf name="borrowed" count="27"/>
      <shelf name="read-2011" count="27"/>
      <shelf name="love-story" count="27"/>
      <shelf name="abandoned" count="26"/>
      <shelf name="my-bookshelf" count="26"/>
      <shelf name="did-not-finish" count="26"/>
      <shelf name="romantic" count="25"/>
      <shelf name="e-books" count="25"/>
      <shelf name="family" count="25"/>
      <shelf name="e-book" count="24"/>
      <shelf name="2014-books" count="23"/>
      <shelf name="2014-reads" count="23"/>
      <shelf name="friendship" count="23"/>
      <shelf name="2012-books" count="23"/>
      <shelf name="bookshelf" count="23"/>
      <shelf name="relationships" count="23"/>
      <shelf name="general-fiction" count="23"/>
      <shelf name="chic-lit" count="23"/>
      <shelf name="movie" count="22"/>
      <shelf name="purchased" count="22"/>
      <shelf name="audible" count="22"/>
      <shelf name="favorite-books" count="22"/>
      <shelf name="2015-books" count="21"/>
      <shelf name="read-2013" count="21"/>
      <shelf name="listened-to" count="21"/>
      <shelf name="nicolas-sparks" count="21"/>
      <shelf name="2012-reads" count="21"/>
      <shelf name="lost-love" count="20"/>
      <shelf name="2014-read" count="20"/>
      <shelf name="english" count="20"/>
      <shelf name="made-me-cry" count="20"/>
      <shelf name="favorite" count="20"/>
      <shelf name="5-stars" count="20"/>
      <shelf name="need-to-buy" count="20"/>
      <shelf name="paperback" count="19"/>
      <shelf name="own-to-read" count="19"/>
      <shelf name="must-read" count="19"/>
      <shelf name="mine" count="19"/>
  </popular_shelves>
  <book_links>
    <book_link>
  <id>8</id>
  <name>Libraries</name>
  <link>https://www.goodreads.com/book_link/follow/8</link>
</book_link>

  </book_links>
  <buy_links>
    <buy_link>
<id>1</id>
<name>Amazon</name>
<link>https://www.goodreads.com/book_link/follow/1</link>
</buy_link>
<buy_link>
<id>10</id>
<name>Audible</name>
<link>https://www.goodreads.com/book_link/follow/10</link>
</buy_link>
<buy_link>
<id>3</id>
<name>Barnes &amp; Noble</name>
<link>https://www.goodreads.com/book_link/follow/3</link>
</buy_link>
<buy_link>
<id>1027</id>
<name>Kobo</name>
<link>https://www.goodreads.com/book_link/follow/1027</link>
</buy_link>
<buy_link>
<id>2102</id>
<name>Apple iBooks</name>
<link>https://www.goodreads.com/book_link/follow/2102</link>
</buy_link>
<buy_link>
<id>8036</id>
<name>Google Play</name>
<link>https://www.goodreads.com/book_link/follow/8036</link>
</buy_link>
<buy_link>
<id>4</id>
<name>Abebooks</name>
<link>https://www.goodreads.com/book_link/follow/4</link>
</buy_link>
<buy_link>
<id>882</id>
<name>Book Depository</name>
<link>https://www.goodreads.com/book_link/follow/882</link>
</buy_link>
<buy_link>
<id>9</id>
<name>Indigo</name>
<link>https://www.goodreads.com/book_link/follow/9</link>
</buy_link>
<buy_link>
<id>2</id>
<name>Half.com</name>
<link>https://www.goodreads.com/book_link/follow/2</link>
</buy_link>
<buy_link>
<id>5</id>
<name>Alibris</name>
<link>https://www.goodreads.com/book_link/follow/5</link>
</buy_link>
<buy_link>
<id>107</id>
<name>Better World Books</name>
<link>https://www.goodreads.com/book_link/follow/107</link>
</buy_link>
<buy_link>
<id>7</id>
<name>IndieBound</name>
<link>https://www.goodreads.com/book_link/follow/7</link>
</buy_link>

  </buy_links>
  <series_works>
    
  </series_works>
  <similar_books>
          <book>
<id>9962321</id>
<title>Nicholas Sparks</title>
<title_without_series>Nicholas Sparks</title_without_series>
<link><![CDATA[https://www.goodreads.com/book/show/9962321-nicholas-sparks]]></link>
<small_image_url><![CDATA[https://s.gr-assets.com/assets/nophoto/book/50x75-a91bf249278a81aabab721ef782c4a74.png]]></small_image_url>
<image_url><![CDATA[https://s.gr-assets.com/assets/nophoto/book/111x148-bcc042a9c91a29c1d680899eff700a03.png]]></image_url>
<num_pages></num_pages>
<work>
<id>14856254</id>
</work>
<isbn>1159203482</isbn>
<isbn13>9781159203481</isbn13>
<average_rating>4.25</average_rating>
<ratings_count>358</ratings_count>
<publication_year></publication_year>
<publication_month></publication_month>
<publication_day></publication_day>
<authors>
<author>
<id>5153555</id>
<name>Source Wikipedia</name>
<link><![CDATA[https://www.goodreads.com/author/show/5153555.Source_Wikipedia]]></link>
</author>
</authors>
</book>

          <book>
<id>11110218</id>
<title>Lost December</title>
<title_without_series>Lost December</title_without_series>
<link><![CDATA[https://www.goodreads.com/book/show/11110218-lost-december]]></link>
<small_image_url><![CDATA[https://images.gr-assets.com/books/1327877588s/11110218.jpg]]></small_image_url>
<image_url><![CDATA[https://images.gr-assets.com/books/1327877588m/11110218.jpg]]></image_url>
<num_pages>346</num_pages>
<work>
<id>15970786</id>
</work>
<isbn>1451628005</isbn>
<isbn13>9781451628005</isbn13>
<average_rating>4.14</average_rating>
<ratings_count>5917</ratings_count>
<publication_year>2011</publication_year>
<publication_month>11</publication_month>
<publication_day>1</publication_day>
<authors>
<author>
<id>46097</id>
<name>Richard Paul Evans</name>
<link><![CDATA[https://www.goodreads.com/author/show/46097.Richard_Paul_Evans]]></link>
</author>
</authors>
</book>

          <book>
<id>609870</id>
<title><![CDATA[The Vow: The Kim & Krickitt Carpenter Story]]></title>
<title_without_series><![CDATA[The Vow: The Kim & Krickitt Carpenter Story]]></title_without_series>
<link><![CDATA[https://www.goodreads.com/book/show/609870.The_Vow]]></link>
<small_image_url><![CDATA[https://s.gr-assets.com/assets/nophoto/book/50x75-a91bf249278a81aabab721ef782c4a74.png]]></small_image_url>
<image_url><![CDATA[https://s.gr-assets.com/assets/nophoto/book/111x148-bcc042a9c91a29c1d680899eff700a03.png]]></image_url>
<num_pages></num_pages>
<work>
<id>596352</id>
</work>
<isbn>0805421300</isbn>
<isbn13>9780805421309</isbn13>
<average_rating>3.77</average_rating>
<ratings_count>23049</ratings_count>
<publication_year>2000</publication_year>
<publication_month>6</publication_month>
<publication_day>1</publication_day>
<authors>
<author>
<id>330382</id>
<name>Kim Carpenter</name>
<link><![CDATA[https://www.goodreads.com/author/show/330382.Kim_Carpenter]]></link>
</author>
</authors>
</book>

          <book>
<id>9747109</id>
<title><![CDATA[A Turn in the Road (Blossom Street, #8)]]></title>
<title_without_series>A Turn in the Road</title_without_series>
<link><![CDATA[https://www.goodreads.com/book/show/9747109-a-turn-in-the-road]]></link>
<small_image_url><![CDATA[https://images.gr-assets.com/books/1327878925s/9747109.jpg]]></small_image_url>
<image_url><![CDATA[https://images.gr-assets.com/books/1327878925m/9747109.jpg]]></image_url>
<num_pages>336</num_pages>
<work>
<id>14636277</id>
</work>
<isbn>0778329836</isbn>
<isbn13>9780778329831</isbn13>
<average_rating>4.08</average_rating>
<ratings_count>8489</ratings_count>
<publication_year>2011</publication_year>
<publication_month>4</publication_month>
<publication_day>26</publication_day>
<authors>
<author>
<id>11349</id>
<name>Debbie Macomber</name>
<link><![CDATA[https://www.goodreads.com/author/show/11349.Debbie_Macomber]]></link>
</author>
</authors>
</book>

          <book>
<id>9509289</id>
<title>One Summer</title>
<title_without_series>One Summer</title_without_series>
<link><![CDATA[https://www.goodreads.com/book/show/9509289-one-summer]]></link>
<small_image_url><![CDATA[https://images.gr-assets.com/books/1344267627s/9509289.jpg]]></small_image_url>
<image_url><![CDATA[https://images.gr-assets.com/books/1344267627m/9509289.jpg]]></image_url>
<num_pages>351</num_pages>
<work>
<id>14395007</id>
</work>
<isbn>0446583146</isbn>
<isbn13>9780446583145</isbn13>
<average_rating>3.72</average_rating>
<ratings_count>18730</ratings_count>
<publication_year></publication_year>
<publication_month></publication_month>
<publication_day></publication_day>
<authors>
<author>
<id>9291</id>
<name>David Baldacci</name>
<link><![CDATA[https://www.goodreads.com/author/show/9291.David_Baldacci]]></link>
</author>
</authors>
</book>

          <book>
<id>6693012</id>
<title><![CDATA[Take Three (Above the Line, #3)]]></title>
<title_without_series>Take Three</title_without_series>
<link><![CDATA[https://www.goodreads.com/book/show/6693012-take-three]]></link>
<small_image_url><![CDATA[https://s.gr-assets.com/assets/nophoto/book/50x75-a91bf249278a81aabab721ef782c4a74.png]]></small_image_url>
<image_url><![CDATA[https://s.gr-assets.com/assets/nophoto/book/111x148-bcc042a9c91a29c1d680899eff700a03.png]]></image_url>
<num_pages></num_pages>
<work>
<id>6888506</id>
</work>
<isbn>0310266262</isbn>
<isbn13>9780310266266</isbn13>
<average_rating>4.31</average_rating>
<ratings_count>4989</ratings_count>
<publication_year></publication_year>
<publication_month></publication_month>
<publication_day></publication_day>
<authors>
<author>
<id>3159984</id>
<name>Karen Kingsbury</name>
<link><![CDATA[https://www.goodreads.com/author/show/3159984.Karen_Kingsbury]]></link>
</author>
</authors>
</book>

          <book>
<id>15930</id>
<title><![CDATA[Wokini: A Lakota Journey to Happiness and Self-Understanding]]></title>
<title_without_series><![CDATA[Wokini: A Lakota Journey to Happiness and Self-Understanding]]></title_without_series>
<link><![CDATA[https://www.goodreads.com/book/show/15930.Wokini]]></link>
<small_image_url><![CDATA[https://s.gr-assets.com/assets/nophoto/book/50x75-a91bf249278a81aabab721ef782c4a74.png]]></small_image_url>
<image_url><![CDATA[https://s.gr-assets.com/assets/nophoto/book/111x148-bcc042a9c91a29c1d680899eff700a03.png]]></image_url>
<num_pages></num_pages>
<work>
<id>42029393</id>
</work>
<isbn>1561706604</isbn>
<isbn13>9781561706600</isbn13>
<average_rating>3.58</average_rating>
<ratings_count>507</ratings_count>
<publication_year>2003</publication_year>
<publication_month>6</publication_month>
<publication_day>1</publication_day>
<authors>
<author>
<id>9850</id>
<name>Billy Mills</name>
<link><![CDATA[https://www.goodreads.com/author/show/9850.Billy_Mills]]></link>
</author>
</authors>
</book>

          <book>
<id>278101</id>
<title>Amazing Grace</title>
<title_without_series>Amazing Grace</title_without_series>
<link><![CDATA[https://www.goodreads.com/book/show/278101.Amazing_Grace]]></link>
<small_image_url><![CDATA[https://s.gr-assets.com/assets/nophoto/book/50x75-a91bf249278a81aabab721ef782c4a74.png]]></small_image_url>
<image_url><![CDATA[https://s.gr-assets.com/assets/nophoto/book/111x148-bcc042a9c91a29c1d680899eff700a03.png]]></image_url>
<num_pages></num_pages>
<work>
<id>26534446</id>
</work>
<isbn>0385340230</isbn>
<isbn13>9780385340236</isbn13>
<average_rating>3.79</average_rating>
<ratings_count>5770</ratings_count>
<publication_year></publication_year>
<publication_month></publication_month>
<publication_day></publication_day>
<authors>
<author>
<id>14255</id>
<name>Danielle Steel</name>
<link><![CDATA[https://www.goodreads.com/author/show/14255.Danielle_Steel]]></link>
</author>
</authors>
</book>

          <book>
<id>6276229</id>
<title><![CDATA[Reader's Digest Select Editions, Volume 291, 2007 #3: Dear John / The Two Minute Rule / Can't Wait to Get to Heaven / A Whole New Life]]></title>
<title_without_series><![CDATA[Reader's Digest Select Editions, Volume 291, 2007 #3: Dear John / The Two Minute Rule / Can't Wait to Get to Heaven / A Whole New Life]]></title_without_series>
<link><![CDATA[https://www.goodreads.com/book/show/6276229-reader-s-digest-select-editions-volume-291-2007-3]]></link>
<small_image_url><![CDATA[https://images.gr-assets.com/books/1412522522s/6276229.jpg]]></small_image_url>
<image_url><![CDATA[https://images.gr-assets.com/books/1412522522m/6276229.jpg]]></image_url>
<num_pages>573</num_pages>
<work>
<id>6459712</id>
</work>
<isbn>1606520962</isbn>
<isbn13>9781606520963</isbn13>
<average_rating>4.46</average_rating>
<ratings_count>82</ratings_count>
<publication_year>2007</publication_year>
<publication_month></publication_month>
<publication_day></publication_day>
<authors>
<author>
<id>3353821</id>
<name>Reader&apos;s Digest Association</name>
<link><![CDATA[https://www.goodreads.com/author/show/3353821.Reader_s_Digest_Association]]></link>
</author>
</authors>
</book>

          <book>
<id>297135</id>
<title>Summer Island</title>
<title_without_series>Summer Island</title_without_series>
<link><![CDATA[https://www.goodreads.com/book/show/297135.Summer_Island]]></link>
<small_image_url><![CDATA[https://images.gr-assets.com/books/1320540976s/297135.jpg]]></small_image_url>
<image_url><![CDATA[https://images.gr-assets.com/books/1320540976m/297135.jpg]]></image_url>
<num_pages>448</num_pages>
<work>
<id>1563523</id>
</work>
<isbn>0345483448</isbn>
<isbn13>9780345483447</isbn13>
<average_rating>3.98</average_rating>
<ratings_count>25526</ratings_count>
<publication_year>2004</publication_year>
<publication_month>11</publication_month>
<publication_day>2</publication_day>
<authors>
<author>
<id>54493</id>
<name>Kristin Hannah</name>
<link><![CDATA[https://www.goodreads.com/author/show/54493.Kristin_Hannah]]></link>
</author>
</authors>
</book>

          <book>
<id>605730</id>
<title>The Ocean Between Us</title>
<title_without_series>The Ocean Between Us</title_without_series>
<link><![CDATA[https://www.goodreads.com/book/show/605730.The_Ocean_Between_Us]]></link>
<small_image_url><![CDATA[https://images.gr-assets.com/books/1319761894s/605730.jpg]]></small_image_url>
<image_url><![CDATA[https://images.gr-assets.com/books/1319761894m/605730.jpg]]></image_url>
<num_pages>489</num_pages>
<work>
<id>592278</id>
</work>
<isbn>0778321479</isbn>
<isbn13>9780778321477</isbn13>
<average_rating>4.09</average_rating>
<ratings_count>5591</ratings_count>
<publication_year></publication_year>
<publication_month></publication_month>
<publication_day></publication_day>
<authors>
<author>
<id>21155</id>
<name>Susan Wiggs</name>
<link><![CDATA[https://www.goodreads.com/author/show/21155.Susan_Wiggs]]></link>
</author>
</authors>
</book>

  </similar_books>
</book>

</GoodreadsResponse>