<?xml version="1.0" encoding="UTF-8"?>
<GoodreadsResponse>
  <Request>
    <authentication>true</authentication>
      <key><![CDATA[all_men_must_serve]]></key>
    <method><![CDATA[book_show]]></method>
  </Request>
  <book>
  <id>107770</id>
  <title><![CDATA[The Secret (Highlands' Lairds #1)]]></title>
  <isbn><![CDATA[0671744216]]></isbn>
  <isbn13><![CDATA[9780671744212]]></isbn13>
  <asin><![CDATA[]]></asin>
  <kindle_asin><![CDATA[B0050ON37S]]></kindle_asin>
  <marketplace_id><![CDATA[A1F83G8C2ARO7P]]></marketplace_id>
  <country_code><![CDATA[GB]]></country_code>
  <image_url>https://images.gr-assets.com/books/1312123398m/107770.jpg</image_url>
  <small_image_url>https://images.gr-assets.com/books/1312123398s/107770.jpg</small_image_url>
  <publication_year>1992</publication_year>
  <publication_month>5</publication_month>
  <publication_day>1</publication_day>
  <publisher>Pocket Books</publisher>
  <language_code>eng</language_code>
  <is_ebook>false</is_ebook>
  <description><![CDATA[Judith Hampton was as beautiful as she was proud, as purposeful as she was loyal. The dear Scottish friend of her childhood was about to give birth, and Judith had promised to be at her side. But there was another, private reason for the journey from her bleak English home to the Highlands to meet the father she had never known, the Laird Maclean. Nothing prepared her for the sight of the Scottish barbarian who was to escort her into his land...Iain Maitland, Laird of his clan, a man more powerfully compelling than any she had ever encountered.<br /><br />In a spirited clash of wills and customs, Judith revelled in the melting bliss of Iain's searching kisses, his passionate caresses. Perplexed by her sprightly defiance, bemused by her tender nature, Iain felt his soul growing into the light and warmth of her love. Surely nothing would wrench her from the affection and trust of Iain and his clan...not even the truth about her father, a devastating secret that could shatter the boldest alliance, and the most glorious of loves.]]></description>
  <work>
  <id type="integer">734169</id>
  <books_count type="integer">54</books_count>
  <best_book_id type="integer">107770</best_book_id>
  <reviews_count type="integer">50901</reviews_count>
  <ratings_sum type="integer">147842</ratings_sum>
  <ratings_count type="integer">34725</ratings_count>
  <text_reviews_count type="integer">1183</text_reviews_count>
  <original_publication_year type="integer">1992</original_publication_year>
  <original_publication_month type="integer" nil="true"/>
  <original_publication_day type="integer" nil="true"/>
  <original_title>The Secret</original_title>
  <original_language_id type="integer" nil="true"/>
  <media_type>book</media_type>
  <rating_dist>5:16820|4:11525|3:5186|2:890|1:304|total:34725</rating_dist>
  <desc_user_id type="integer">-1010</desc_user_id>
  <default_chaptering_book_id type="integer" nil="true"/>
  <default_description_language_code nil="true"/>
</work>
  <average_rating>4.26</average_rating>
  <num_pages><![CDATA[379]]></num_pages>
  <format><![CDATA[Mass Market Paperback]]></format>
  <edition_information><![CDATA[]]></edition_information>
  <ratings_count><![CDATA[32106]]></ratings_count>
  <text_reviews_count><![CDATA[924]]></text_reviews_count>
  <url><![CDATA[https://www.goodreads.com/book/show/107770.The_Secret]]></url>
  <link><![CDATA[https://www.goodreads.com/book/show/107770.The_Secret]]></link>
  <authors>
<author>
<id>6251</id>
<name>Julie Garwood</name>
<role></role>
<image_url nophoto='false'>
<![CDATA[https://images.gr-assets.com/authors/1414607796p5/6251.jpg]]>
</image_url>
<small_image_url nophoto='false'>
<![CDATA[https://images.gr-assets.com/authors/1414607796p2/6251.jpg]]>
</small_image_url>
<link><![CDATA[https://www.goodreads.com/author/show/6251.Julie_Garwood]]></link>
<average_rating>4.10</average_rating>
<ratings_count>475124</ratings_count>
<text_reviews_count>17259</text_reviews_count>
</author>
</authors>

    <reviews_widget>
      <![CDATA[
        <style>
  #goodreads-widget {
    font-family: georgia, serif;
    padding: 18px 0;
    width:565px;
  }
  #goodreads-widget h1 {
    font-weight:normal;
    font-size: 16px;
    border-bottom: 1px solid #BBB596;
    margin-bottom: 0;
  }
  #goodreads-widget a {
    text-decoration: none;
    color:#660;
  }
  iframe{
    background-color: #fff;
  }
  #goodreads-widget a:hover { text-decoration: underline; }
  #goodreads-widget a:active {
    color:#660;
  }
  #gr_footer {
    width: 100%;
    border-top: 1px solid #BBB596;
    text-align: right;
  }
  #goodreads-widget .gr_branding{
    color: #382110;
    font-size: 11px;
    text-decoration: none;
    font-family: "Helvetica Neue", Helvetica, Arial, sans-serif;
  }
</style>
<div id="goodreads-widget">
  <div id="gr_header"><h1><a rel="nofollow" href="https://www.goodreads.com/book/show/107770.The_Secret">The Secret Reviews</a></h1></div>
  <iframe id="the_iframe" src="https://www.goodreads.com/api/reviews_widget_iframe?did=DEVELOPER_ID&amp;format=html&amp;isbn=0671744216&amp;links=660&amp;min_rating=&amp;review_back=fff&amp;stars=000&amp;text=000" width="565" height="400" frameborder="0"></iframe>
  <div id="gr_footer">
    <a class="gr_branding" target="_blank" rel="nofollow" href="https://www.goodreads.com/book/show/107770.The_Secret?utm_medium=api&amp;utm_source=reviews_widget">Reviews from Goodreads.com</a>
  </div>
</div>

      ]]>
    </reviews_widget>
  <popular_shelves>
      <shelf name="historical-romance" count="1280"/>
      <shelf name="to-read" count="1133"/>
      <shelf name="historical" count="620"/>
      <shelf name="favorites" count="458"/>
      <shelf name="currently-reading" count="369"/>
      <shelf name="romance" count="334"/>
      <shelf name="julie-garwood" count="332"/>
      <shelf name="historical-fiction" count="184"/>
      <shelf name="medieval" count="162"/>
      <shelf name="highlander" count="145"/>
      <shelf name="highlanders" count="137"/>
      <shelf name="series" count="119"/>
      <shelf name="scotland" count="115"/>
      <shelf name="adult" count="86"/>
      <shelf name="fiction" count="83"/>
      <shelf name="romance-historical" count="77"/>
      <shelf name="medieval-romance" count="60"/>
      <shelf name="owned" count="59"/>
      <shelf name="books-i-own" count="58"/>
      <shelf name="scottish" count="44"/>
      <shelf name="highlander-romance" count="41"/>
      <shelf name="re-read" count="41"/>
      <shelf name="audiobook" count="40"/>
      <shelf name="virgin-heroine" count="40"/>
      <shelf name="highland-romance" count="37"/>
      <shelf name="ebook" count="35"/>
      <shelf name="default" count="34"/>
      <shelf name="alpha-male" count="34"/>
      <shelf name="library" count="33"/>
      <shelf name="garwood" count="33"/>
      <shelf name="5-stars" count="32"/>
      <shelf name="kindle" count="32"/>
      <shelf name="favorite" count="32"/>
      <shelf name="e-book" count="29"/>
      <shelf name="first-in-series" count="29"/>
      <shelf name="highland" count="29"/>
      <shelf name="funny" count="29"/>
      <shelf name="audio" count="28"/>
      <shelf name="highlands" count="27"/>
      <shelf name="part-of-a-series" count="26"/>
      <shelf name="garwood-julie" count="25"/>
      <shelf name="favourites" count="25"/>
      <shelf name="audible" count="23"/>
      <shelf name="chick-lit" count="23"/>
      <shelf name="scottish-romance" count="22"/>
      <shelf name="historic-romance" count="22"/>
      <shelf name="paperback" count="20"/>
      <shelf name="ebooks" count="20"/>
      <shelf name="humor" count="20"/>
      <shelf name="historical-romances" count="18"/>
      <shelf name="adult-fiction" count="18"/>
      <shelf name="hr" count="18"/>
      <shelf name="owned-books" count="17"/>
      <shelf name="4-stars" count="17"/>
      <shelf name="historicals" count="17"/>
      <shelf name="audiobooks" count="16"/>
      <shelf name="read-in-2010" count="16"/>
      <shelf name="read-in-2015" count="15"/>
      <shelf name="keeper" count="15"/>
      <shelf name="favorite-authors" count="15"/>
      <shelf name="own-it" count="15"/>
      <shelf name="dnf" count="14"/>
      <shelf name="m-f" count="14"/>
      <shelf name="history" count="13"/>
      <shelf name="loved-it" count="13"/>
      <shelf name="5-star" count="13"/>
      <shelf name="to-buy" count="13"/>
      <shelf name="1st-in-series" count="13"/>
      <shelf name="favorite-books" count="13"/>
      <shelf name="alpha-hero" count="13"/>
      <shelf name="romance-novels" count="13"/>
      <shelf name="shelfari-favorites" count="12"/>
      <shelf name="read-in-2014" count="12"/>
      <shelf name="reread" count="12"/>
      <shelf name="regency" count="12"/>
      <shelf name="adult-romance" count="12"/>
      <shelf name="i-own" count="12"/>
      <shelf name="read-in-2016" count="11"/>
      <shelf name="read-2015" count="11"/>
      <shelf name="read-2013" count="11"/>
      <shelf name="maybe" count="11"/>
      <shelf name="favorite-series" count="11"/>
      <shelf name="nook" count="11"/>
      <shelf name="favourite" count="11"/>
      <shelf name="genre-historical" count="11"/>
      <shelf name="marriage" count="11"/>
      <shelf name="guilty-pleasures" count="11"/>
      <shelf name="england" count="11"/>
      <shelf name="scottish-historical-romance" count="11"/>
      <shelf name="favs" count="11"/>
      <shelf name="read-2016" count="10"/>
      <shelf name="historic" count="10"/>
      <shelf name="regency-romance" count="10"/>
      <shelf name="read-in-2013" count="10"/>
      <shelf name="my-books" count="10"/>
      <shelf name="e-books" count="10"/>
      <shelf name="romance-medieval" count="10"/>
      <shelf name="wish-list" count="10"/>
      <shelf name="virgin" count="9"/>
      <shelf name="love" count="9"/>
  </popular_shelves>
  <book_links>
    <book_link>
  <id>8</id>
  <name>Libraries</name>
  <link>https://www.goodreads.com/book_link/follow/8</link>
</book_link>

  </book_links>
  <buy_links>
    <buy_link>
<id>1</id>
<name>Amazon</name>
<link>https://www.goodreads.com/book_link/follow/1</link>
</buy_link>
<buy_link>
<id>10</id>
<name>Audible</name>
<link>https://www.goodreads.com/book_link/follow/10</link>
</buy_link>
<buy_link>
<id>3</id>
<name>Barnes &amp; Noble</name>
<link>https://www.goodreads.com/book_link/follow/3</link>
</buy_link>
<buy_link>
<id>1027</id>
<name>Kobo</name>
<link>https://www.goodreads.com/book_link/follow/1027</link>
</buy_link>
<buy_link>
<id>2102</id>
<name>Apple iBooks</name>
<link>https://www.goodreads.com/book_link/follow/2102</link>
</buy_link>
<buy_link>
<id>8036</id>
<name>Google Play</name>
<link>https://www.goodreads.com/book_link/follow/8036</link>
</buy_link>
<buy_link>
<id>4</id>
<name>Abebooks</name>
<link>https://www.goodreads.com/book_link/follow/4</link>
</buy_link>
<buy_link>
<id>882</id>
<name>Book Depository</name>
<link>https://www.goodreads.com/book_link/follow/882</link>
</buy_link>
<buy_link>
<id>9</id>
<name>Indigo</name>
<link>https://www.goodreads.com/book_link/follow/9</link>
</buy_link>
<buy_link>
<id>2</id>
<name>Half.com</name>
<link>https://www.goodreads.com/book_link/follow/2</link>
</buy_link>
<buy_link>
<id>5</id>
<name>Alibris</name>
<link>https://www.goodreads.com/book_link/follow/5</link>
</buy_link>
<buy_link>
<id>107</id>
<name>Better World Books</name>
<link>https://www.goodreads.com/book_link/follow/107</link>
</buy_link>
<buy_link>
<id>7</id>
<name>IndieBound</name>
<link>https://www.goodreads.com/book_link/follow/7</link>
</buy_link>

  </buy_links>
  <series_works>
    <series_work>
<id>152066</id>
<user_position>1</user_position>
<series>
<id>43295</id>
<title>
<![CDATA[
    Highlands' Lairds
]]>
</title>
<description>
<![CDATA[
]]>
</description>
<note>
<![CDATA[
]]>
</note>
<series_works_count>4</series_works_count>
<primary_work_count>3</primary_work_count>
<numbered>true</numbered>
</series>

</series_work>

  </series_works>
  <similar_books>
          <book>
<id>247093</id>
<title><![CDATA[Born in Sin (Brotherhood of the Sword #3/MacAllister, #2)]]></title>
<title_without_series>Born in Sin</title_without_series>
<link><![CDATA[https://www.goodreads.com/book/show/247093.Born_in_Sin]]></link>
<small_image_url><![CDATA[https://images.gr-assets.com/books/1327876212s/247093.jpg]]></small_image_url>
<image_url><![CDATA[https://images.gr-assets.com/books/1327876212m/247093.jpg]]></image_url>
<num_pages>372</num_pages>
<work>
<id>239390</id>
</work>
<isbn>038081790X</isbn>
<isbn13>9780380817900</isbn13>
<average_rating>4.24</average_rating>
<ratings_count>7529</ratings_count>
<publication_year>2003</publication_year>
<publication_month></publication_month>
<publication_day></publication_day>
<authors>
<author>
<id>34820</id>
<name>Kinley MacGregor</name>
<link><![CDATA[https://www.goodreads.com/author/show/34820.Kinley_MacGregor]]></link>
</author>
</authors>
</book>

          <book>
<id>7379335</id>
<title>The Hawk (Highland Guard, #2)</title>
<title_without_series>The Hawk</title_without_series>
<link><![CDATA[https://www.goodreads.com/book/show/7379335-the-hawk]]></link>
<small_image_url><![CDATA[https://images.gr-assets.com/books/1351572353s/7379335.jpg]]></small_image_url>
<image_url><![CDATA[https://images.gr-assets.com/books/1351572353m/7379335.jpg]]></image_url>
<num_pages>382</num_pages>
<work>
<id>9216792</id>
</work>
<isbn>0345518241</isbn>
<isbn13>9780345518248</isbn13>
<average_rating>4.22</average_rating>
<ratings_count>7136</ratings_count>
<publication_year></publication_year>
<publication_month></publication_month>
<publication_day></publication_day>
<authors>
<author>
<id>589737</id>
<name>Monica McCarty</name>
<link><![CDATA[https://www.goodreads.com/author/show/589737.Monica_McCarty]]></link>
</author>
</authors>
</book>

          <book>
<id>129616</id>
<title><![CDATA[Something Wonderful (Sequels, #2)]]></title>
<title_without_series>Something Wonderful</title_without_series>
<link><![CDATA[https://www.goodreads.com/book/show/129616.Something_Wonderful]]></link>
<small_image_url><![CDATA[https://images.gr-assets.com/books/1435634530s/129616.jpg]]></small_image_url>
<image_url><![CDATA[https://images.gr-assets.com/books/1435634530m/129616.jpg]]></image_url>
<num_pages>418</num_pages>
<work>
<id>124838</id>
</work>
<isbn>0671737635</isbn>
<isbn13>9780671737634</isbn13>
<average_rating>4.33</average_rating>
<ratings_count>20941</ratings_count>
<publication_year>1991</publication_year>
<publication_month>1</publication_month>
<publication_day>1</publication_day>
<authors>
<author>
<id>9885</id>
<name>Judith McNaught</name>
<link><![CDATA[https://www.goodreads.com/author/show/9885.Judith_McNaught]]></link>
</author>
</authors>
</book>

          <book>
<id>13360101</id>
<title><![CDATA[Never Seduce a Scot (The Montgomerys and Armstrongs, #1)]]></title>
<title_without_series>Never Seduce a Scot</title_without_series>
<link><![CDATA[https://www.goodreads.com/book/show/13360101-never-seduce-a-scot]]></link>
<small_image_url><![CDATA[https://images.gr-assets.com/books/1328116176s/13360101.jpg]]></small_image_url>
<image_url><![CDATA[https://images.gr-assets.com/books/1328116176m/13360101.jpg]]></image_url>
<num_pages>372</num_pages>
<work>
<id>18588471</id>
</work>
<isbn>0345533232</isbn>
<isbn13>9780345533234</isbn13>
<average_rating>4.19</average_rating>
<ratings_count>17888</ratings_count>
<publication_year>2012</publication_year>
<publication_month>9</publication_month>
<publication_day>25</publication_day>
<authors>
<author>
<id>24978</id>
<name>Maya Banks</name>
<link><![CDATA[https://www.goodreads.com/author/show/24978.Maya_Banks]]></link>
</author>
</authors>
</book>

          <book>
<id>1530868</id>
<title><![CDATA[Laird of the Mist (MacGregors, #1)]]></title>
<title_without_series>Laird of the Mist</title_without_series>
<link><![CDATA[https://www.goodreads.com/book/show/1530868.Laird_of_the_Mist]]></link>
<small_image_url><![CDATA[https://images.gr-assets.com/books/1331943549s/1530868.jpg]]></small_image_url>
<image_url><![CDATA[https://images.gr-assets.com/books/1331943549m/1530868.jpg]]></image_url>
<num_pages>311</num_pages>
<work>
<id>1522891</id>
</work>
<isbn>0446619124</isbn>
<isbn13>9780446619127</isbn13>
<average_rating>4.01</average_rating>
<ratings_count>5620</ratings_count>
<publication_year>2007</publication_year>
<publication_month>12</publication_month>
<publication_day>1</publication_day>
<authors>
<author>
<id>253272</id>
<name>Paula Quinn</name>
<link><![CDATA[https://www.goodreads.com/author/show/253272.Paula_Quinn]]></link>
</author>
</authors>
</book>

          <book>
<id>656836</id>
<title><![CDATA[Surrender (MacKinnon’s Rangers,  #1)]]></title>
<title_without_series>Surrender</title_without_series>
<link><![CDATA[https://www.goodreads.com/book/show/656836.Surrender]]></link>
<small_image_url><![CDATA[https://s.gr-assets.com/assets/nophoto/book/50x75-a91bf249278a81aabab721ef782c4a74.png]]></small_image_url>
<image_url><![CDATA[https://s.gr-assets.com/assets/nophoto/book/111x148-bcc042a9c91a29c1d680899eff700a03.png]]></image_url>
<num_pages>355</num_pages>
<work>
<id>642925</id>
</work>
<isbn></isbn>
<isbn13></isbn13>
<average_rating>4.06</average_rating>
<ratings_count>5266</ratings_count>
<publication_year>2008</publication_year>
<publication_month>10</publication_month>
<publication_day>28</publication_day>
<authors>
<author>
<id>92650</id>
<name>Pamela Clare</name>
<link><![CDATA[https://www.goodreads.com/author/show/92650.Pamela_Clare]]></link>
</author>
</authors>
</book>

          <book>
<id>8563824</id>
<title><![CDATA[The Many Sins of Lord Cameron (MacKenzies & McBrides, #3)]]></title>
<title_without_series>The Many Sins of Lord Cameron</title_without_series>
<link><![CDATA[https://www.goodreads.com/book/show/8563824-the-many-sins-of-lord-cameron]]></link>
<small_image_url><![CDATA[https://images.gr-assets.com/books/1300209650s/8563824.jpg]]></small_image_url>
<image_url><![CDATA[https://images.gr-assets.com/books/1300209650m/8563824.jpg]]></image_url>
<num_pages>298</num_pages>
<work>
<id>13432297</id>
</work>
<isbn>0425240495</isbn>
<isbn13>9780425240496</isbn13>
<average_rating>4.10</average_rating>
<ratings_count>10530</ratings_count>
<publication_year>2011</publication_year>
<publication_month>8</publication_month>
<publication_day>2</publication_day>
<authors>
<author>
<id>28569</id>
<name>Jennifer Ashley</name>
<link><![CDATA[https://www.goodreads.com/author/show/28569.Jennifer_Ashley]]></link>
</author>
</authors>
</book>

          <book>
<id>114170</id>
<title><![CDATA[Then Came You (The Gamblers, #1)]]></title>
<title_without_series>Then Came You</title_without_series>
<link><![CDATA[https://www.goodreads.com/book/show/114170.Then_Came_You]]></link>
<small_image_url><![CDATA[https://images.gr-assets.com/books/1417410330s/114170.jpg]]></small_image_url>
<image_url><![CDATA[https://images.gr-assets.com/books/1417410330m/114170.jpg]]></image_url>
<num_pages>384</num_pages>
<work>
<id>2820344</id>
</work>
<isbn></isbn>
<isbn13></isbn13>
<average_rating>3.99</average_rating>
<ratings_count>18417</ratings_count>
<publication_year>2015</publication_year>
<publication_month>6</publication_month>
<publication_day>30</publication_day>
<authors>
<author>
<id>27847</id>
<name>Lisa Kleypas</name>
<link><![CDATA[https://www.goodreads.com/author/show/27847.Lisa_Kleypas]]></link>
</author>
</authors>
</book>

          <book>
<id>774060</id>
<title>Prisoner of My Desire</title>
<title_without_series>Prisoner of My Desire</title_without_series>
<link><![CDATA[https://www.goodreads.com/book/show/774060.Prisoner_of_My_Desire]]></link>
<small_image_url><![CDATA[https://s.gr-assets.com/assets/nophoto/book/50x75-a91bf249278a81aabab721ef782c4a74.png]]></small_image_url>
<image_url><![CDATA[https://s.gr-assets.com/assets/nophoto/book/111x148-bcc042a9c91a29c1d680899eff700a03.png]]></image_url>
<num_pages>425</num_pages>
<work>
<id>1299871</id>
</work>
<isbn>0380756277</isbn>
<isbn13>9780380756278</isbn13>
<average_rating>4.06</average_rating>
<ratings_count>13985</ratings_count>
<publication_year>1991</publication_year>
<publication_month>12</publication_month>
<publication_day>1</publication_day>
<authors>
<author>
<id>29542</id>
<name>Johanna Lindsey</name>
<link><![CDATA[https://www.goodreads.com/author/show/29542.Johanna_Lindsey]]></link>
</author>
</authors>
</book>

          <book>
<id>422222</id>
<title>The Warlord (Montagues, #1)</title>
<title_without_series>The Warlord</title_without_series>
<link><![CDATA[https://www.goodreads.com/book/show/422222.The_Warlord]]></link>
<small_image_url><![CDATA[https://images.gr-assets.com/books/1322483395s/422222.jpg]]></small_image_url>
<image_url><![CDATA[https://images.gr-assets.com/books/1322483395m/422222.jpg]]></image_url>
<num_pages>386</num_pages>
<work>
<id>411338</id>
</work>
<isbn>0553569104</isbn>
<isbn13>9780553569100</isbn13>
<average_rating>3.91</average_rating>
<ratings_count>1621</ratings_count>
<publication_year>1995</publication_year>
<publication_month>6</publication_month>
<publication_day>1</publication_day>
<authors>
<author>
<id>238127</id>
<name>Elizabeth Elliott</name>
<link><![CDATA[https://www.goodreads.com/author/show/238127.Elizabeth_Elliott]]></link>
</author>
</authors>
</book>

  </similar_books>
</book>

</GoodreadsResponse>