<?xml version="1.0" encoding="UTF-8"?>
<GoodreadsResponse>
  <Request>
    <authentication>true</authentication>
      <key><![CDATA[all_men_must_serve]]></key>
    <method><![CDATA[book_show]]></method>
  </Request>
  <book>
  <id>107774</id>
  <title>Honor&apos;s Splendour</title>
  <isbn><![CDATA[0671737821]]></isbn>
  <isbn13><![CDATA[9780671737825]]></isbn13>
  <asin><![CDATA[]]></asin>
  <kindle_asin><![CDATA[B006GIPP4G]]></kindle_asin>
  <marketplace_id><![CDATA[A1F83G8C2ARO7P]]></marketplace_id>
  <country_code><![CDATA[GB]]></country_code>
  <image_url>https://images.gr-assets.com/books/1313525352m/107774.jpg</image_url>
  <small_image_url>https://images.gr-assets.com/books/1313525352s/107774.jpg</small_image_url>
  <publication_year></publication_year>
  <publication_month></publication_month>
  <publication_day></publication_day>
  <publisher></publisher>
  <language_code>eng</language_code>
  <is_ebook>false</is_ebook>
  <description><![CDATA[This classic medieval romance from <i>New York Times </i>bestselling author Julie Garwood is a fan favorite—a beautiful lady needs rescue from a knight in shining armor, and gets an alpha warrior instead.<br /><br />In the feuding English court, gentle Lady Madelyne suffered the cruel whims of her ruthless brother, Baron Louddon. Then, in vengeance for a bitter crime, Baron Duncan of Wexton—the Wolf—unleashed his warriors against Louddon. Exquisite Madelyne was the prize he catured...but when he gazed upon the proud beauty, he pledged to protect her with his life. In his rough-hewn castle, Duncan proved true to his honor. But when at last their noble passion conquered them both, she surrendered with all her soul. Now, for love, Madelyne would stand fast...as bravely as her Lord, the powerful Wolf who fought for...<i>Honor’s Splendour.</i>]]></description>
  <work>
  <id type="integer">1424362</id>
  <books_count type="integer">49</books_count>
  <best_book_id type="integer">107774</best_book_id>
  <reviews_count type="integer">31680</reviews_count>
  <ratings_sum type="integer">98951</ratings_sum>
  <ratings_count type="integer">23462</ratings_count>
  <text_reviews_count type="integer">672</text_reviews_count>
  <original_publication_year type="integer">1987</original_publication_year>
  <original_publication_month type="integer">12</original_publication_month>
  <original_publication_day type="integer" nil="true"/>
  <original_title>Honor's Splendour</original_title>
  <original_language_id type="integer" nil="true"/>
  <media_type>book</media_type>
  <rating_dist>5:10706|4:8105|3:3865|2:620|1:166|total:23462</rating_dist>
  <desc_user_id type="integer">4066061</desc_user_id>
  <default_chaptering_book_id type="integer" nil="true"/>
  <default_description_language_code nil="true"/>
</work>
  <average_rating>4.22</average_rating>
  <num_pages><![CDATA[374]]></num_pages>
  <format><![CDATA[Mass Market Paperback]]></format>
  <edition_information><![CDATA[Reissue editon]]></edition_information>
  <ratings_count><![CDATA[21934]]></ratings_count>
  <text_reviews_count><![CDATA[540]]></text_reviews_count>
  <url><![CDATA[https://www.goodreads.com/book/show/107774.Honor_s_Splendour]]></url>
  <link><![CDATA[https://www.goodreads.com/book/show/107774.Honor_s_Splendour]]></link>
  <authors>
<author>
<id>6251</id>
<name>Julie Garwood</name>
<role></role>
<image_url nophoto='false'>
<![CDATA[https://images.gr-assets.com/authors/1414607796p5/6251.jpg]]>
</image_url>
<small_image_url nophoto='false'>
<![CDATA[https://images.gr-assets.com/authors/1414607796p2/6251.jpg]]>
</small_image_url>
<link><![CDATA[https://www.goodreads.com/author/show/6251.Julie_Garwood]]></link>
<average_rating>4.10</average_rating>
<ratings_count>475124</ratings_count>
<text_reviews_count>17259</text_reviews_count>
</author>
</authors>

    <reviews_widget>
      <![CDATA[
        <style>
  #goodreads-widget {
    font-family: georgia, serif;
    padding: 18px 0;
    width:565px;
  }
  #goodreads-widget h1 {
    font-weight:normal;
    font-size: 16px;
    border-bottom: 1px solid #BBB596;
    margin-bottom: 0;
  }
  #goodreads-widget a {
    text-decoration: none;
    color:#660;
  }
  iframe{
    background-color: #fff;
  }
  #goodreads-widget a:hover { text-decoration: underline; }
  #goodreads-widget a:active {
    color:#660;
  }
  #gr_footer {
    width: 100%;
    border-top: 1px solid #BBB596;
    text-align: right;
  }
  #goodreads-widget .gr_branding{
    color: #382110;
    font-size: 11px;
    text-decoration: none;
    font-family: "Helvetica Neue", Helvetica, Arial, sans-serif;
  }
</style>
<div id="goodreads-widget">
  <div id="gr_header"><h1><a rel="nofollow" href="https://www.goodreads.com/book/show/107774.Honor_s_Splendour">Honor&#39;s Splendour Reviews</a></h1></div>
  <iframe id="the_iframe" src="https://www.goodreads.com/api/reviews_widget_iframe?did=DEVELOPER_ID&amp;format=html&amp;isbn=0671737821&amp;links=660&amp;min_rating=&amp;review_back=fff&amp;stars=000&amp;text=000" width="565" height="400" frameborder="0"></iframe>
  <div id="gr_footer">
    <a class="gr_branding" target="_blank" rel="nofollow" href="https://www.goodreads.com/book/show/107774.Honor_s_Splendour?utm_medium=api&amp;utm_source=reviews_widget">Reviews from Goodreads.com</a>
  </div>
</div>

      ]]>
    </reviews_widget>
  <popular_shelves>
      <shelf name="to-read" count="5070"/>
      <shelf name="historical-romance" count="888"/>
      <shelf name="romance" count="722"/>
      <shelf name="historical" count="463"/>
      <shelf name="favorites" count="288"/>
      <shelf name="currently-reading" count="264"/>
      <shelf name="julie-garwood" count="246"/>
      <shelf name="medieval" count="144"/>
      <shelf name="historical-fiction" count="93"/>
      <shelf name="romance-historical" count="63"/>
      <shelf name="medieval-romance" count="56"/>
      <shelf name="adult" count="50"/>
      <shelf name="fiction" count="50"/>
      <shelf name="owned" count="40"/>
      <shelf name="virgin-heroine" count="34"/>
      <shelf name="books-i-own" count="34"/>
      <shelf name="garwood-julie" count="29"/>
      <shelf name="default" count="28"/>
      <shelf name="re-read" count="25"/>
      <shelf name="5-stars" count="24"/>
      <shelf name="kindle" count="23"/>
      <shelf name="highlanders" count="23"/>
      <shelf name="audiobook" count="22"/>
      <shelf name="revenge" count="22"/>
      <shelf name="england" count="21"/>
      <shelf name="funny" count="20"/>
      <shelf name="alpha-male" count="20"/>
      <shelf name="audiobooks" count="20"/>
      <shelf name="garwood" count="20"/>
      <shelf name="favourites" count="19"/>
      <shelf name="ebook" count="19"/>
      <shelf name="audio" count="19"/>
      <shelf name="stand-alone" count="18"/>
      <shelf name="owned-books" count="16"/>
      <shelf name="library" count="16"/>
      <shelf name="keeper" count="16"/>
      <shelf name="dnf" count="16"/>
      <shelf name="highlander" count="15"/>
      <shelf name="historicals" count="15"/>
      <shelf name="hr" count="14"/>
      <shelf name="4-stars" count="14"/>
      <shelf name="all-time-favorites" count="14"/>
      <shelf name="favorite" count="14"/>
      <shelf name="captive" count="14"/>
      <shelf name="historical-romances" count="14"/>
      <shelf name="paperback" count="13"/>
      <shelf name="favourite" count="13"/>
      <shelf name="audible" count="13"/>
      <shelf name="author-julie-garwood" count="13"/>
      <shelf name="alpha-hero" count="13"/>
      <shelf name="regency-romance" count="12"/>
      <shelf name="humor" count="12"/>
      <shelf name="enemies-to-lovers" count="12"/>
      <shelf name="favorite-author" count="11"/>
      <shelf name="did-not-finish" count="11"/>
      <shelf name="historic-romance" count="11"/>
      <shelf name="chick-lit" count="10"/>
      <shelf name="romance-medieval" count="10"/>
      <shelf name="ebooks" count="10"/>
      <shelf name="3-stars" count="9"/>
      <shelf name="standalone" count="9"/>
      <shelf name="suspense" count="9"/>
      <shelf name="hot" count="9"/>
      <shelf name="kidnapped" count="9"/>
      <shelf name="favorite-books" count="9"/>
      <shelf name="regency" count="9"/>
      <shelf name="to-buy" count="9"/>
      <shelf name="5-star" count="9"/>
      <shelf name="genre-historical" count="9"/>
      <shelf name="romance-novels" count="9"/>
      <shelf name="i-own" count="9"/>
      <shelf name="shelfari-favorites" count="8"/>
      <shelf name="2015-reads" count="8"/>
      <shelf name="read-2013" count="8"/>
      <shelf name="highland-romance" count="8"/>
      <shelf name="warrior" count="8"/>
      <shelf name="read-in-2012" count="8"/>
      <shelf name="historical-medieval" count="8"/>
      <shelf name="audio-book" count="8"/>
      <shelf name="highlander-romance" count="8"/>
      <shelf name="aar-top-100" count="8"/>
      <shelf name="pregnancy" count="8"/>
      <shelf name="e-book" count="8"/>
      <shelf name="read-in-2010" count="8"/>
      <shelf name="reread" count="8"/>
      <shelf name="guilty-pleasures" count="8"/>
      <shelf name="my-books" count="8"/>
      <shelf name="2016-reads" count="7"/>
      <shelf name="historic" count="7"/>
      <shelf name="loved-it" count="7"/>
      <shelf name="read-in-2014" count="7"/>
      <shelf name="bodice-ripper" count="7"/>
      <shelf name="genre-historical-romance" count="7"/>
      <shelf name="re-reads" count="7"/>
      <shelf name="m-f" count="7"/>
      <shelf name="virgin" count="7"/>
      <shelf name="family" count="7"/>
      <shelf name="4-star" count="7"/>
      <shelf name="read-in-2011" count="7"/>
      <shelf name="adult-fiction" count="7"/>
  </popular_shelves>
  <book_links>
    <book_link>
  <id>8</id>
  <name>Libraries</name>
  <link>https://www.goodreads.com/book_link/follow/8</link>
</book_link>

  </book_links>
  <buy_links>
    <buy_link>
<id>1</id>
<name>Amazon</name>
<link>https://www.goodreads.com/book_link/follow/1</link>
</buy_link>
<buy_link>
<id>10</id>
<name>Audible</name>
<link>https://www.goodreads.com/book_link/follow/10</link>
</buy_link>
<buy_link>
<id>3</id>
<name>Barnes &amp; Noble</name>
<link>https://www.goodreads.com/book_link/follow/3</link>
</buy_link>
<buy_link>
<id>1027</id>
<name>Kobo</name>
<link>https://www.goodreads.com/book_link/follow/1027</link>
</buy_link>
<buy_link>
<id>2102</id>
<name>Apple iBooks</name>
<link>https://www.goodreads.com/book_link/follow/2102</link>
</buy_link>
<buy_link>
<id>8036</id>
<name>Google Play</name>
<link>https://www.goodreads.com/book_link/follow/8036</link>
</buy_link>
<buy_link>
<id>4</id>
<name>Abebooks</name>
<link>https://www.goodreads.com/book_link/follow/4</link>
</buy_link>
<buy_link>
<id>882</id>
<name>Book Depository</name>
<link>https://www.goodreads.com/book_link/follow/882</link>
</buy_link>
<buy_link>
<id>9</id>
<name>Indigo</name>
<link>https://www.goodreads.com/book_link/follow/9</link>
</buy_link>
<buy_link>
<id>2</id>
<name>Half.com</name>
<link>https://www.goodreads.com/book_link/follow/2</link>
</buy_link>
<buy_link>
<id>5</id>
<name>Alibris</name>
<link>https://www.goodreads.com/book_link/follow/5</link>
</buy_link>
<buy_link>
<id>107</id>
<name>Better World Books</name>
<link>https://www.goodreads.com/book_link/follow/107</link>
</buy_link>
<buy_link>
<id>7</id>
<name>IndieBound</name>
<link>https://www.goodreads.com/book_link/follow/7</link>
</buy_link>

  </buy_links>
  <series_works>
    
  </series_works>
  <similar_books>
          <book>
<id>422222</id>
<title>The Warlord (Montagues, #1)</title>
<title_without_series>The Warlord</title_without_series>
<link><![CDATA[https://www.goodreads.com/book/show/422222.The_Warlord]]></link>
<small_image_url><![CDATA[https://images.gr-assets.com/books/1322483395s/422222.jpg]]></small_image_url>
<image_url><![CDATA[https://images.gr-assets.com/books/1322483395m/422222.jpg]]></image_url>
<num_pages>386</num_pages>
<work>
<id>411338</id>
</work>
<isbn>0553569104</isbn>
<isbn13>9780553569100</isbn13>
<average_rating>3.91</average_rating>
<ratings_count>1621</ratings_count>
<publication_year>1995</publication_year>
<publication_month>6</publication_month>
<publication_day>1</publication_day>
<authors>
<author>
<id>238127</id>
<name>Elizabeth Elliott</name>
<link><![CDATA[https://www.goodreads.com/author/show/238127.Elizabeth_Elliott]]></link>
</author>
</authors>
</book>

          <book>
<id>50718</id>
<title><![CDATA[This Is All I Ask (de Piaget, #6; de Piaget/MacLeod, #3)]]></title>
<title_without_series>This Is All I Ask</title_without_series>
<link><![CDATA[https://www.goodreads.com/book/show/50718.This_Is_All_I_Ask]]></link>
<small_image_url><![CDATA[https://s.gr-assets.com/assets/nophoto/book/50x75-a91bf249278a81aabab721ef782c4a74.png]]></small_image_url>
<image_url><![CDATA[https://s.gr-assets.com/assets/nophoto/book/111x148-bcc042a9c91a29c1d680899eff700a03.png]]></image_url>
<num_pages></num_pages>
<work>
<id>2301993</id>
</work>
<isbn>0425180336</isbn>
<isbn13>9780425180334</isbn13>
<average_rating>4.29</average_rating>
<ratings_count>3401</ratings_count>
<publication_year></publication_year>
<publication_month></publication_month>
<publication_day></publication_day>
<authors>
<author>
<id>10359</id>
<name>Lynn Kurland</name>
<link><![CDATA[https://www.goodreads.com/author/show/10359.Lynn_Kurland]]></link>
</author>
</authors>
</book>

          <book>
<id>129621</id>
<title>Almost Heaven (Sequels, #3)</title>
<title_without_series>Almost Heaven</title_without_series>
<link><![CDATA[https://www.goodreads.com/book/show/129621.Almost_Heaven]]></link>
<small_image_url><![CDATA[https://images.gr-assets.com/books/1351327172s/129621.jpg]]></small_image_url>
<image_url><![CDATA[https://images.gr-assets.com/books/1351327172m/129621.jpg]]></image_url>
<num_pages>544</num_pages>
<work>
<id>1395013</id>
</work>
<isbn>0671011332</isbn>
<isbn13>9780671011338</isbn13>
<average_rating>4.33</average_rating>
<ratings_count>21423</ratings_count>
<publication_year>1999</publication_year>
<publication_month>1</publication_month>
<publication_day>1</publication_day>
<authors>
<author>
<id>9885</id>
<name>Judith McNaught</name>
<link><![CDATA[https://www.goodreads.com/author/show/9885.Judith_McNaught]]></link>
</author>
</authors>
</book>

          <book>
<id>247093</id>
<title><![CDATA[Born in Sin (Brotherhood of the Sword #3/MacAllister, #2)]]></title>
<title_without_series>Born in Sin</title_without_series>
<link><![CDATA[https://www.goodreads.com/book/show/247093.Born_in_Sin]]></link>
<small_image_url><![CDATA[https://images.gr-assets.com/books/1327876212s/247093.jpg]]></small_image_url>
<image_url><![CDATA[https://images.gr-assets.com/books/1327876212m/247093.jpg]]></image_url>
<num_pages>372</num_pages>
<work>
<id>239390</id>
</work>
<isbn>038081790X</isbn>
<isbn13>9780380817900</isbn13>
<average_rating>4.24</average_rating>
<ratings_count>7529</ratings_count>
<publication_year>2003</publication_year>
<publication_month></publication_month>
<publication_day></publication_day>
<authors>
<author>
<id>34820</id>
<name>Kinley MacGregor</name>
<link><![CDATA[https://www.goodreads.com/author/show/34820.Kinley_MacGregor]]></link>
</author>
</authors>
</book>

          <book>
<id>768313</id>
<title>Untamed (Medieval, #1)</title>
<title_without_series>Untamed</title_without_series>
<link><![CDATA[https://www.goodreads.com/book/show/768313.Untamed]]></link>
<small_image_url><![CDATA[https://s.gr-assets.com/assets/nophoto/book/50x75-a91bf249278a81aabab721ef782c4a74.png]]></small_image_url>
<image_url><![CDATA[https://s.gr-assets.com/assets/nophoto/book/111x148-bcc042a9c91a29c1d680899eff700a03.png]]></image_url>
<num_pages></num_pages>
<work>
<id>6767864</id>
</work>
<isbn>0380769530</isbn>
<isbn13>9780380769537</isbn13>
<average_rating>4.01</average_rating>
<ratings_count>5906</ratings_count>
<publication_year></publication_year>
<publication_month></publication_month>
<publication_day></publication_day>
<authors>
<author>
<id>19051</id>
<name>Elizabeth Lowell</name>
<link><![CDATA[https://www.goodreads.com/author/show/19051.Elizabeth_Lowell]]></link>
</author>
</authors>
</book>

          <book>
<id>3711150</id>
<title><![CDATA[Untamed (MacKinnon's Rangers, #2)]]></title>
<title_without_series>Untamed</title_without_series>
<link><![CDATA[https://www.goodreads.com/book/show/3711150-untamed]]></link>
<small_image_url><![CDATA[https://images.gr-assets.com/books/1325216112s/3711150.jpg]]></small_image_url>
<image_url><![CDATA[https://images.gr-assets.com/books/1325216112m/3711150.jpg]]></image_url>
<num_pages>347</num_pages>
<work>
<id>3754715</id>
</work>
<isbn>0843954892</isbn>
<isbn13>9780843954890</isbn13>
<average_rating>4.26</average_rating>
<ratings_count>3196</ratings_count>
<publication_year></publication_year>
<publication_month></publication_month>
<publication_day></publication_day>
<authors>
<author>
<id>92650</id>
<name>Pamela Clare</name>
<link><![CDATA[https://www.goodreads.com/author/show/92650.Pamela_Clare]]></link>
</author>
</authors>
</book>

          <book>
<id>1438363</id>
<title><![CDATA[Texas Splendor (Leigh Brothers Texas Trilogy, #3)]]></title>
<title_without_series>Texas Splendor</title_without_series>
<link><![CDATA[https://www.goodreads.com/book/show/1438363.Texas_Splendor]]></link>
<small_image_url><![CDATA[https://s.gr-assets.com/assets/nophoto/book/50x75-a91bf249278a81aabab721ef782c4a74.png]]></small_image_url>
<image_url><![CDATA[https://s.gr-assets.com/assets/nophoto/book/111x148-bcc042a9c91a29c1d680899eff700a03.png]]></image_url>
<num_pages>320</num_pages>
<work>
<id>1814114</id>
</work>
<isbn>0451407547</isbn>
<isbn13>9780451407542</isbn13>
<average_rating>4.02</average_rating>
<ratings_count>2252</ratings_count>
<publication_year>1999</publication_year>
<publication_month>1</publication_month>
<publication_day>1</publication_day>
<authors>
<author>
<id>104926</id>
<name>Lorraine Heath</name>
<link><![CDATA[https://www.goodreads.com/author/show/104926.Lorraine_Heath]]></link>
</author>
</authors>
</book>

          <book>
<id>89356</id>
<title>Cherish</title>
<title_without_series>Cherish</title_without_series>
<link><![CDATA[https://www.goodreads.com/book/show/89356.Cherish]]></link>
<small_image_url><![CDATA[https://s.gr-assets.com/assets/nophoto/book/50x75-a91bf249278a81aabab721ef782c4a74.png]]></small_image_url>
<image_url><![CDATA[https://s.gr-assets.com/assets/nophoto/book/111x148-bcc042a9c91a29c1d680899eff700a03.png]]></image_url>
<num_pages>385</num_pages>
<work>
<id>86238</id>
</work>
<isbn>0380799367</isbn>
<isbn13>9780380799367</isbn13>
<average_rating>4.04</average_rating>
<ratings_count>2784</ratings_count>
<publication_year>2008</publication_year>
<publication_month>11</publication_month>
<publication_day>25</publication_day>
<authors>
<author>
<id>51304</id>
<name>Catherine Anderson</name>
<link><![CDATA[https://www.goodreads.com/author/show/51304.Catherine_Anderson]]></link>
</author>
</authors>
</book>

          <book>
<id>330721</id>
<title><![CDATA[Dreaming of You (The Gamblers, #2)]]></title>
<title_without_series>Dreaming of You</title_without_series>
<link><![CDATA[https://www.goodreads.com/book/show/330721.Dreaming_of_You]]></link>
<small_image_url><![CDATA[https://images.gr-assets.com/books/1443223862s/330721.jpg]]></small_image_url>
<image_url><![CDATA[https://images.gr-assets.com/books/1443223862m/330721.jpg]]></image_url>
<num_pages>373</num_pages>
<work>
<id>679378</id>
</work>
<isbn>038077352X</isbn>
<isbn13>9780380773527</isbn13>
<average_rating>4.22</average_rating>
<ratings_count>26399</ratings_count>
<publication_year></publication_year>
<publication_month></publication_month>
<publication_day></publication_day>
<authors>
<author>
<id>27847</id>
<name>Lisa Kleypas</name>
<link><![CDATA[https://www.goodreads.com/author/show/27847.Lisa_Kleypas]]></link>
</author>
</authors>
</book>

          <book>
<id>6290445</id>
<title><![CDATA[Knight of Desire (All the King's Men #1)]]></title>
<title_without_series>Knight of Desire</title_without_series>
<link><![CDATA[https://www.goodreads.com/book/show/6290445-knight-of-desire]]></link>
<small_image_url><![CDATA[https://images.gr-assets.com/books/1306611178s/6290445.jpg]]></small_image_url>
<image_url><![CDATA[https://images.gr-assets.com/books/1306611178m/6290445.jpg]]></image_url>
<num_pages>354</num_pages>
<work>
<id>6474806</id>
</work>
<isbn>0446553395</isbn>
<isbn13>9780446553391</isbn13>
<average_rating>3.91</average_rating>
<ratings_count>1179</ratings_count>
<publication_year>2009</publication_year>
<publication_month>7</publication_month>
<publication_day>1</publication_day>
<authors>
<author>
<id>2858606</id>
<name>Margaret Mallory</name>
<link><![CDATA[https://www.goodreads.com/author/show/2858606.Margaret_Mallory]]></link>
</author>
</authors>
</book>

          <book>
<id>448078</id>
<title>His Wicked Ways (MacKay, #1)</title>
<title_without_series>His Wicked Ways</title_without_series>
<link><![CDATA[https://www.goodreads.com/book/show/448078.His_Wicked_Ways]]></link>
<small_image_url><![CDATA[https://s.gr-assets.com/assets/nophoto/book/50x75-a91bf249278a81aabab721ef782c4a74.png]]></small_image_url>
<image_url><![CDATA[https://s.gr-assets.com/assets/nophoto/book/111x148-bcc042a9c91a29c1d680899eff700a03.png]]></image_url>
<num_pages>356</num_pages>
<work>
<id>436738</id>
</work>
<isbn>0380805863</isbn>
<isbn13>9780380805860</isbn13>
<average_rating>3.82</average_rating>
<ratings_count>1505</ratings_count>
<publication_year></publication_year>
<publication_month></publication_month>
<publication_day></publication_day>
<authors>
<author>
<id>89881</id>
<name>Samantha James</name>
<link><![CDATA[https://www.goodreads.com/author/show/89881.Samantha_James]]></link>
</author>
</authors>
</book>

          <book>
<id>450924</id>
<title><![CDATA[Charming the Prince (Once Upon A Time, #1)]]></title>
<title_without_series>Charming the Prince</title_without_series>
<link><![CDATA[https://www.goodreads.com/book/show/450924.Charming_the_Prince]]></link>
<small_image_url><![CDATA[https://s.gr-assets.com/assets/nophoto/book/50x75-a91bf249278a81aabab721ef782c4a74.png]]></small_image_url>
<image_url><![CDATA[https://s.gr-assets.com/assets/nophoto/book/111x148-bcc042a9c91a29c1d680899eff700a03.png]]></image_url>
<num_pages>342</num_pages>
<work>
<id>439559</id>
</work>
<isbn>0553575023</isbn>
<isbn13>9780553575026</isbn13>
<average_rating>3.92</average_rating>
<ratings_count>4728</ratings_count>
<publication_year></publication_year>
<publication_month></publication_month>
<publication_day></publication_day>
<authors>
<author>
<id>19971</id>
<name>Teresa Medeiros</name>
<link><![CDATA[https://www.goodreads.com/author/show/19971.Teresa_Medeiros]]></link>
</author>
</authors>
</book>

          <book>
<id>774060</id>
<title>Prisoner of My Desire</title>
<title_without_series>Prisoner of My Desire</title_without_series>
<link><![CDATA[https://www.goodreads.com/book/show/774060.Prisoner_of_My_Desire]]></link>
<small_image_url><![CDATA[https://s.gr-assets.com/assets/nophoto/book/50x75-a91bf249278a81aabab721ef782c4a74.png]]></small_image_url>
<image_url><![CDATA[https://s.gr-assets.com/assets/nophoto/book/111x148-bcc042a9c91a29c1d680899eff700a03.png]]></image_url>
<num_pages>425</num_pages>
<work>
<id>1299871</id>
</work>
<isbn>0380756277</isbn>
<isbn13>9780380756278</isbn13>
<average_rating>4.06</average_rating>
<ratings_count>13985</ratings_count>
<publication_year>1991</publication_year>
<publication_month>12</publication_month>
<publication_day>1</publication_day>
<authors>
<author>
<id>29542</id>
<name>Johanna Lindsey</name>
<link><![CDATA[https://www.goodreads.com/author/show/29542.Johanna_Lindsey]]></link>
</author>
</authors>
</book>

          <book>
<id>629124</id>
<title><![CDATA[Dream of Me/Believe in Me (Viking & Saxon, #1 & #2)]]></title>
<title_without_series>Dream of Me/Believe in Me</title_without_series>
<link><![CDATA[https://www.goodreads.com/book/show/629124.Dream_of_Me_Believe_in_Me]]></link>
<small_image_url><![CDATA[https://images.gr-assets.com/books/1320469553s/629124.jpg]]></small_image_url>
<image_url><![CDATA[https://images.gr-assets.com/books/1320469553m/629124.jpg]]></image_url>
<num_pages>816</num_pages>
<work>
<id>615459</id>
</work>
<isbn>0553584367</isbn>
<isbn13>9780553584363</isbn13>
<average_rating>4.17</average_rating>
<ratings_count>1363</ratings_count>
<publication_year>2001</publication_year>
<publication_month>10</publication_month>
<publication_day>2</publication_day>
<authors>
<author>
<id>339874</id>
<name>Josie Litton</name>
<link><![CDATA[https://www.goodreads.com/author/show/339874.Josie_Litton]]></link>
</author>
</authors>
</book>

  </similar_books>
</book>

</GoodreadsResponse>