<?xml version="1.0" encoding="UTF-8"?>
<GoodreadsResponse>
  <Request>
    <authentication>true</authentication>
      <key><![CDATA[all_men_must_serve]]></key>
    <method><![CDATA[book_show]]></method>
  </Request>
  <book>
  <id>10778410</id>
  <title>The Fire (Witch &amp; Wizard, #3)</title>
  <isbn><![CDATA[1611139856]]></isbn>
  <isbn13><![CDATA[9781611139853]]></isbn13>
  <asin><![CDATA[]]></asin>
  <kindle_asin><![CDATA[B005LPE4PG]]></kindle_asin>
  <marketplace_id><![CDATA[A1F83G8C2ARO7P]]></marketplace_id>
  <country_code><![CDATA[GB]]></country_code>
  <image_url>https://images.gr-assets.com/books/1472948949m/10778410.jpg</image_url>
  <small_image_url>https://images.gr-assets.com/books/1472948949s/10778410.jpg</small_image_url>
  <publication_year>2011</publication_year>
  <publication_month>12</publication_month>
  <publication_day>5</publication_day>
  <publisher>Jimmy Patterson</publisher>
  <language_code></language_code>
  <is_ebook>false</is_ebook>
  <description><![CDATA[Whit and Wisty Allgood have sacrificed everything to lead the resistance against the merciless totalitarian regime that governs their world. Its supreme leader, The One Who Is The One, has banned everything they hold dear: books, music, art, and imagination. But the growing strength of the siblings' magic hasn't been enough to stop the One's evil rampage, and now he's executed the only family they had left.<br /><br />Wisty knows that the time has finally come for her to face The One. But her fight and her fire only channel more power to this already invincible being. How can she and Whit possibly prepare for their imminent showdown with the ruthless villain that devastated their world-before he can truly become all-powerful?<br /><br />In this stunning climax of the epic Witch &amp; Wizard series, the stakes have never been higher-and the consequences will change <i>everything.</i>]]></description>
  <work>
  <id type="integer">15690266</id>
  <books_count type="integer">40</books_count>
  <best_book_id type="integer">10778410</best_book_id>
  <reviews_count type="integer">32040</reviews_count>
  <ratings_sum type="integer">61465</ratings_sum>
  <ratings_count type="integer">15884</ratings_count>
  <text_reviews_count type="integer">840</text_reviews_count>
  <original_publication_year type="integer">2011</original_publication_year>
  <original_publication_month type="integer" nil="true"/>
  <original_publication_day type="integer" nil="true"/>
  <original_title></original_title>
  <original_language_id type="integer" nil="true"/>
  <media_type>book</media_type>
  <rating_dist>5:5478|4:4925|3:3839|2:1216|1:426|total:15884</rating_dist>
  <desc_user_id type="integer">3625145</desc_user_id>
  <default_chaptering_book_id type="integer" nil="true"/>
  <default_description_language_code nil="true"/>
</work>
  <average_rating>3.87</average_rating>
  <num_pages><![CDATA[352]]></num_pages>
  <format><![CDATA[Audio CD]]></format>
  <edition_information><![CDATA[]]></edition_information>
  <ratings_count><![CDATA[11792]]></ratings_count>
  <text_reviews_count><![CDATA[567]]></text_reviews_count>
  <url><![CDATA[https://www.goodreads.com/book/show/10778410-the-fire]]></url>
  <link><![CDATA[https://www.goodreads.com/book/show/10778410-the-fire]]></link>
  <authors>
<author>
<id>3780</id>
<name>James Patterson</name>
<role></role>
<image_url nophoto='false'>
<![CDATA[https://images.gr-assets.com/authors/1468347205p5/3780.jpg]]>
</image_url>
<small_image_url nophoto='false'>
<![CDATA[https://images.gr-assets.com/authors/1468347205p2/3780.jpg]]>
</small_image_url>
<link><![CDATA[https://www.goodreads.com/author/show/3780.James_Patterson]]></link>
<average_rating>3.97</average_rating>
<ratings_count>4601927</ratings_count>
<text_reviews_count>214831</text_reviews_count>
</author>
<author>
<id>4713885</id>
<name>Jill Dembowski</name>
<role></role>
<image_url nophoto='true'>
<![CDATA[https://s.gr-assets.com/assets/nophoto/user/u_200x266-e183445fd1a1b5cc7075bb1cf7043306.png]]>
</image_url>
<small_image_url nophoto='true'>
<![CDATA[https://s.gr-assets.com/assets/nophoto/user/u_50x66-632230dc9882b4352d753eedf9396530.png]]>
</small_image_url>
<link><![CDATA[https://www.goodreads.com/author/show/4713885.Jill_Dembowski]]></link>
<average_rating>3.88</average_rating>
<ratings_count>23481</ratings_count>
<text_reviews_count>1382</text_reviews_count>
</author>
<author>
<id>3022555</id>
<name>Elijah Wood</name>
<role>Reading</role>
<image_url nophoto='true'>
<![CDATA[https://s.gr-assets.com/assets/nophoto/user/u_200x266-e183445fd1a1b5cc7075bb1cf7043306.png]]>
</image_url>
<small_image_url nophoto='true'>
<![CDATA[https://s.gr-assets.com/assets/nophoto/user/u_50x66-632230dc9882b4352d753eedf9396530.png]]>
</small_image_url>
<link><![CDATA[https://www.goodreads.com/author/show/3022555.Elijah_Wood]]></link>
<average_rating>3.84</average_rating>
<ratings_count>14675</ratings_count>
<text_reviews_count>902</text_reviews_count>
</author>
<author>
<id>3022554</id>
<name>Spencer Locke</name>
<role>Reading</role>
<image_url nophoto='true'>
<![CDATA[https://s.gr-assets.com/assets/nophoto/user/u_200x266-e183445fd1a1b5cc7075bb1cf7043306.png]]>
</image_url>
<small_image_url nophoto='true'>
<![CDATA[https://s.gr-assets.com/assets/nophoto/user/u_50x66-632230dc9882b4352d753eedf9396530.png]]>
</small_image_url>
<link><![CDATA[https://www.goodreads.com/author/show/3022554.Spencer_Locke]]></link>
<average_rating>3.84</average_rating>
<ratings_count>14471</ratings_count>
<text_reviews_count>842</text_reviews_count>
</author>
</authors>

    <reviews_widget>
      <![CDATA[
        <style>
  #goodreads-widget {
    font-family: georgia, serif;
    padding: 18px 0;
    width:565px;
  }
  #goodreads-widget h1 {
    font-weight:normal;
    font-size: 16px;
    border-bottom: 1px solid #BBB596;
    margin-bottom: 0;
  }
  #goodreads-widget a {
    text-decoration: none;
    color:#660;
  }
  iframe{
    background-color: #fff;
  }
  #goodreads-widget a:hover { text-decoration: underline; }
  #goodreads-widget a:active {
    color:#660;
  }
  #gr_footer {
    width: 100%;
    border-top: 1px solid #BBB596;
    text-align: right;
  }
  #goodreads-widget .gr_branding{
    color: #382110;
    font-size: 11px;
    text-decoration: none;
    font-family: "Helvetica Neue", Helvetica, Arial, sans-serif;
  }
</style>
<div id="goodreads-widget">
  <div id="gr_header"><h1><a rel="nofollow" href="https://www.goodreads.com/book/show/10778410-the-fire">The Fire Reviews</a></h1></div>
  <iframe id="the_iframe" src="https://www.goodreads.com/api/reviews_widget_iframe?did=DEVELOPER_ID&amp;format=html&amp;isbn=1611139856&amp;links=660&amp;min_rating=&amp;review_back=fff&amp;stars=000&amp;text=000" width="565" height="400" frameborder="0"></iframe>
  <div id="gr_footer">
    <a class="gr_branding" target="_blank" rel="nofollow" href="https://www.goodreads.com/book/show/10778410-the-fire?utm_medium=api&amp;utm_source=reviews_widget">Reviews from Goodreads.com</a>
  </div>
</div>

      ]]>
    </reviews_widget>
  <popular_shelves>
      <shelf name="to-read" count="1493"/>
      <shelf name="currently-reading" count="395"/>
      <shelf name="fantasy" count="267"/>
      <shelf name="james-patterson" count="240"/>
      <shelf name="young-adult" count="208"/>
      <shelf name="favorites" count="112"/>
      <shelf name="books-i-own" count="102"/>
      <shelf name="series" count="98"/>
      <shelf name="owned" count="89"/>
      <shelf name="dystopian" count="89"/>
      <shelf name="ya" count="78"/>
      <shelf name="magic" count="70"/>
      <shelf name="witch-and-wizard" count="57"/>
      <shelf name="default" count="50"/>
      <shelf name="dystopia" count="47"/>
      <shelf name="paranormal" count="46"/>
      <shelf name="fiction" count="45"/>
      <shelf name="my-books" count="36"/>
      <shelf name="to-buy" count="36"/>
      <shelf name="witch-wizard" count="34"/>
      <shelf name="supernatural" count="34"/>
      <shelf name="library" count="34"/>
      <shelf name="witches" count="34"/>
      <shelf name="patterson" count="33"/>
      <shelf name="owned-books" count="30"/>
      <shelf name="adventure" count="25"/>
      <shelf name="wish-list" count="21"/>
      <shelf name="my-library" count="20"/>
      <shelf name="science-fiction" count="19"/>
      <shelf name="teen" count="19"/>
      <shelf name="i-own" count="19"/>
      <shelf name="audio" count="19"/>
      <shelf name="ebooks" count="17"/>
      <shelf name="witch-and-wizard-series" count="16"/>
      <shelf name="read-in-2012" count="16"/>
      <shelf name="kindle" count="16"/>
      <shelf name="sci-fi" count="15"/>
      <shelf name="have" count="14"/>
      <shelf name="urban-fantasy" count="14"/>
      <shelf name="sci-fi-fantasy" count="13"/>
      <shelf name="audiobook" count="13"/>
      <shelf name="nook" count="12"/>
      <shelf name="audio-books" count="12"/>
      <shelf name="patterson-james" count="11"/>
      <shelf name="books-i-have" count="11"/>
      <shelf name="ebook" count="11"/>
      <shelf name="wizards" count="11"/>
      <shelf name="audiobooks" count="10"/>
      <shelf name="action-adventure" count="10"/>
      <shelf name="read-2012" count="10"/>
      <shelf name="witches-and-wizards" count="9"/>
      <shelf name="ya-fiction" count="9"/>
      <shelf name="want" count="9"/>
      <shelf name="ya-fantasy" count="9"/>
      <shelf name="young-adult-fiction" count="9"/>
      <shelf name="on-kindle" count="8"/>
      <shelf name="action" count="8"/>
      <shelf name="need-to-buy" count="8"/>
      <shelf name="witch-wizard-series" count="7"/>
      <shelf name="romance" count="7"/>
      <shelf name="books" count="7"/>
      <shelf name="dystopian-novels" count="7"/>
      <shelf name="teen-fiction" count="7"/>
      <shelf name="books-to-buy" count="7"/>
      <shelf name="want-to-own" count="7"/>
      <shelf name="own-to-read" count="6"/>
      <shelf name="witches-wizards" count="6"/>
      <shelf name="series-to-finish" count="6"/>
      <shelf name="re-read" count="6"/>
      <shelf name="finished" count="6"/>
      <shelf name="read-2013" count="6"/>
      <shelf name="paperback" count="6"/>
      <shelf name="my-shelf" count="6"/>
      <shelf name="survival" count="6"/>
      <shelf name="listened-to" count="6"/>
      <shelf name="futuristic" count="6"/>
      <shelf name="e-book" count="6"/>
      <shelf name="bought" count="6"/>
      <shelf name="distopian" count="6"/>
      <shelf name="book-3" count="5"/>
      <shelf name="tbr" count="5"/>
      <shelf name="home-library" count="5"/>
      <shelf name="witch" count="5"/>
      <shelf name="favourites" count="5"/>
      <shelf name="borrowed-books" count="5"/>
      <shelf name="meh" count="5"/>
      <shelf name="e-books" count="5"/>
      <shelf name="middle-school" count="5"/>
      <shelf name="4-stars" count="5"/>
      <shelf name="audio-book" count="5"/>
      <shelf name="3-stars" count="5"/>
      <shelf name="young-adult-books" count="5"/>
      <shelf name="maybe" count="5"/>
      <shelf name="book-series" count="5"/>
      <shelf name="wizard" count="5"/>
      <shelf name="witchy" count="5"/>
      <shelf name="childrens" count="5"/>
      <shelf name="2012-reads" count="5"/>
      <shelf name="want-to-read" count="5"/>
      <shelf name="mystery" count="5"/>
  </popular_shelves>
  <book_links>
    <book_link>
  <id>8</id>
  <name>Libraries</name>
  <link>https://www.goodreads.com/book_link/follow/8</link>
</book_link>

  </book_links>
  <buy_links>
    <buy_link>
<id>1</id>
<name>Amazon</name>
<link>https://www.goodreads.com/book_link/follow/1</link>
</buy_link>
<buy_link>
<id>10</id>
<name>Audible</name>
<link>https://www.goodreads.com/book_link/follow/10</link>
</buy_link>
<buy_link>
<id>3</id>
<name>Barnes &amp; Noble</name>
<link>https://www.goodreads.com/book_link/follow/3</link>
</buy_link>
<buy_link>
<id>1027</id>
<name>Kobo</name>
<link>https://www.goodreads.com/book_link/follow/1027</link>
</buy_link>
<buy_link>
<id>2102</id>
<name>Apple iBooks</name>
<link>https://www.goodreads.com/book_link/follow/2102</link>
</buy_link>
<buy_link>
<id>8036</id>
<name>Google Play</name>
<link>https://www.goodreads.com/book_link/follow/8036</link>
</buy_link>
<buy_link>
<id>4</id>
<name>Abebooks</name>
<link>https://www.goodreads.com/book_link/follow/4</link>
</buy_link>
<buy_link>
<id>882</id>
<name>Book Depository</name>
<link>https://www.goodreads.com/book_link/follow/882</link>
</buy_link>
<buy_link>
<id>9</id>
<name>Indigo</name>
<link>https://www.goodreads.com/book_link/follow/9</link>
</buy_link>
<buy_link>
<id>2</id>
<name>Half.com</name>
<link>https://www.goodreads.com/book_link/follow/2</link>
</buy_link>
<buy_link>
<id>5</id>
<name>Alibris</name>
<link>https://www.goodreads.com/book_link/follow/5</link>
</buy_link>
<buy_link>
<id>107</id>
<name>Better World Books</name>
<link>https://www.goodreads.com/book_link/follow/107</link>
</buy_link>
<buy_link>
<id>7</id>
<name>IndieBound</name>
<link>https://www.goodreads.com/book_link/follow/7</link>
</buy_link>

  </buy_links>
  <series_works>
    <series_work>
<id>266908</id>
<user_position>3</user_position>
<series>
<id>52607</id>
<title>
<![CDATA[
    Witch & Wizard
]]>
</title>
<description>
<![CDATA[
    See also:
    * <a href="http://www.goodreads.com/series/68608-witch-wizard-the-comic">Witch & Wizard: The Comic</a>
    * <a href="http://www.goodreads.com/series/68610-witch-wizard-the-manga">Witch & Wizard: The Manga</a>
]]>
</description>
<note>
<![CDATA[
]]>
</note>
<series_works_count>6</series_works_count>
<primary_work_count>5</primary_work_count>
<numbered>true</numbered>
</series>

</series_work>

  </series_works>
  <similar_books>
          <book>
<id>18163370</id>
<title>POD&apos;s</title>
<title_without_series>POD&apos;s</title_without_series>
<link><![CDATA[https://www.goodreads.com/book/show/18163370-pod-s]]></link>
<small_image_url><![CDATA[https://images.gr-assets.com/books/1373033246s/18163370.jpg]]></small_image_url>
<image_url><![CDATA[https://images.gr-assets.com/books/1373033246m/18163370.jpg]]></image_url>
<num_pages>288</num_pages>
<work>
<id>25525976</id>
</work>
<isbn></isbn>
<isbn13></isbn13>
<average_rating>3.75</average_rating>
<ratings_count>209</ratings_count>
<publication_year>2013</publication_year>
<publication_month>6</publication_month>
<publication_day>4</publication_day>
<authors>
<author>
<id>7161682</id>
<name>Michelle Picket</name>
<link><![CDATA[https://www.goodreads.com/author/show/7161682.Michelle_Picket]]></link>
</author>
</authors>
</book>

          <book>
<id>24457914</id>
<title><![CDATA[Imminent Danger: And How to Fly Straight into It (Imminent Danger #1)]]></title>
<title_without_series><![CDATA[Imminent Danger: And How to Fly Straight into It]]></title_without_series>
<link><![CDATA[https://www.goodreads.com/book/show/24457914-imminent-danger]]></link>
<small_image_url><![CDATA[https://s.gr-assets.com/assets/nophoto/book/50x75-a91bf249278a81aabab721ef782c4a74.png]]></small_image_url>
<image_url><![CDATA[https://s.gr-assets.com/assets/nophoto/book/111x148-bcc042a9c91a29c1d680899eff700a03.png]]></image_url>
<num_pages></num_pages>
<work>
<id>23804571</id>
</work>
<isbn></isbn>
<isbn13></isbn13>
<average_rating>4.00</average_rating>
<ratings_count>207</ratings_count>
<publication_year></publication_year>
<publication_month></publication_month>
<publication_day></publication_day>
<authors>
<author>
<id>6891675</id>
<name>Michelle Proulx</name>
<link><![CDATA[https://www.goodreads.com/author/show/6891675.Michelle_Proulx]]></link>
</author>
</authors>
</book>

          <book>
<id>17286745</id>
<title><![CDATA[The Severed Tower (Conquered Earth, #2)]]></title>
<title_without_series>The Severed Tower</title_without_series>
<link><![CDATA[https://www.goodreads.com/book/show/17286745-the-severed-tower]]></link>
<small_image_url><![CDATA[https://images.gr-assets.com/books/1361026447s/17286745.jpg]]></small_image_url>
<image_url><![CDATA[https://images.gr-assets.com/books/1361026447m/17286745.jpg]]></image_url>
<num_pages>400</num_pages>
<work>
<id>23681926</id>
</work>
<isbn>1250009472</isbn>
<isbn13>9781250009470</isbn13>
<average_rating>4.17</average_rating>
<ratings_count>448</ratings_count>
<publication_year>2013</publication_year>
<publication_month>11</publication_month>
<publication_day>19</publication_day>
<authors>
<author>
<id>3413271</id>
<name>J. Barton Mitchell</name>
<link><![CDATA[https://www.goodreads.com/author/show/3413271.J_Barton_Mitchell]]></link>
</author>
</authors>
</book>

          <book>
<id>23203095</id>
<title><![CDATA[Paper Dolls (Dark Carousel, #2)]]></title>
<title_without_series>Paper Dolls</title_without_series>
<link><![CDATA[https://www.goodreads.com/book/show/23203095-paper-dolls]]></link>
<small_image_url><![CDATA[https://images.gr-assets.com/books/1410472760s/23203095.jpg]]></small_image_url>
<image_url><![CDATA[https://images.gr-assets.com/books/1410472760m/23203095.jpg]]></image_url>
<num_pages></num_pages>
<work>
<id>22983270</id>
</work>
<isbn></isbn>
<isbn13></isbn13>
<average_rating>3.98</average_rating>
<ratings_count>902</ratings_count>
<publication_year>2014</publication_year>
<publication_month>9</publication_month>
<publication_day>5</publication_day>
<authors>
<author>
<id>5786232</id>
<name>Anya Allyn</name>
<link><![CDATA[https://www.goodreads.com/author/show/5786232.Anya_Allyn]]></link>
</author>
</authors>
</book>

          <book>
<id>21534165</id>
<title><![CDATA[Through Glass, Episode Four (Through Glass, #4)]]></title>
<title_without_series>Through Glass, Episode Four</title_without_series>
<link><![CDATA[https://www.goodreads.com/book/show/21534165-through-glass-episode-four]]></link>
<small_image_url><![CDATA[https://s.gr-assets.com/assets/nophoto/book/50x75-a91bf249278a81aabab721ef782c4a74.png]]></small_image_url>
<image_url><![CDATA[https://s.gr-assets.com/assets/nophoto/book/111x148-bcc042a9c91a29c1d680899eff700a03.png]]></image_url>
<num_pages></num_pages>
<work>
<id>40863466</id>
</work>
<isbn></isbn>
<isbn13></isbn13>
<average_rating>4.14</average_rating>
<ratings_count>146</ratings_count>
<publication_year></publication_year>
<publication_month></publication_month>
<publication_day></publication_day>
<authors>
<author>
<id>6563633</id>
<name>Rebecca Ethington</name>
<link><![CDATA[https://www.goodreads.com/author/show/6563633.Rebecca_Ethington]]></link>
</author>
</authors>
</book>

          <book>
<id>17727208</id>
<title>Holocaust Scream</title>
<title_without_series>Holocaust Scream</title_without_series>
<link><![CDATA[https://www.goodreads.com/book/show/17727208-holocaust-scream]]></link>
<small_image_url><![CDATA[https://s.gr-assets.com/assets/nophoto/book/50x75-a91bf249278a81aabab721ef782c4a74.png]]></small_image_url>
<image_url><![CDATA[https://s.gr-assets.com/assets/nophoto/book/111x148-bcc042a9c91a29c1d680899eff700a03.png]]></image_url>
<num_pages></num_pages>
<work>
<id>24322014</id>
</work>
<isbn></isbn>
<isbn13></isbn13>
<average_rating>3.73</average_rating>
<ratings_count>165</ratings_count>
<publication_year></publication_year>
<publication_month></publication_month>
<publication_day></publication_day>
<authors>
<author>
<id>6964724</id>
<name>Rachel Rosenberg</name>
<link><![CDATA[https://www.goodreads.com/author/show/6964724.Rachel_Rosenberg]]></link>
</author>
</authors>
</book>

          <book>
<id>17924944</id>
<title><![CDATA[The Lovely and the Lost (The Dispossessed, #2)]]></title>
<title_without_series>The Lovely and the Lost</title_without_series>
<link><![CDATA[https://www.goodreads.com/book/show/17924944-the-lovely-and-the-lost]]></link>
<small_image_url><![CDATA[https://images.gr-assets.com/books/1377057533s/17924944.jpg]]></small_image_url>
<image_url><![CDATA[https://images.gr-assets.com/books/1377057533m/17924944.jpg]]></image_url>
<num_pages>368</num_pages>
<work>
<id>25121239</id>
</work>
<isbn></isbn>
<isbn13></isbn13>
<average_rating>4.03</average_rating>
<ratings_count>1105</ratings_count>
<publication_year>2014</publication_year>
<publication_month>5</publication_month>
<publication_day>13</publication_day>
<authors>
<author>
<id>739875</id>
<name>Page Morgan</name>
<link><![CDATA[https://www.goodreads.com/author/show/739875.Page_Morgan]]></link>
</author>
</authors>
</book>

          <book>
<id>8709640</id>
<title>Seizure (Virals, #2)</title>
<title_without_series>Seizure</title_without_series>
<link><![CDATA[https://www.goodreads.com/book/show/8709640-seizure]]></link>
<small_image_url><![CDATA[https://images.gr-assets.com/books/1311173107s/8709640.jpg]]></small_image_url>
<image_url><![CDATA[https://images.gr-assets.com/books/1311173107m/8709640.jpg]]></image_url>
<num_pages>496</num_pages>
<work>
<id>13582488</id>
</work>
<isbn>0099543885</isbn>
<isbn13>9780099543886</isbn13>
<average_rating>4.16</average_rating>
<ratings_count>11977</ratings_count>
<publication_year>2011</publication_year>
<publication_month>10</publication_month>
<publication_day>18</publication_day>
<authors>
<author>
<id>26372</id>
<name>Kathy Reichs</name>
<link><![CDATA[https://www.goodreads.com/author/show/26372.Kathy_Reichs]]></link>
</author>
</authors>
</book>

          <book>
<id>9460533</id>
<title><![CDATA[You'll Like It Here (Everybody Does)]]></title>
<title_without_series>You&apos;ll Like It Here</title_without_series>
<link><![CDATA[https://www.goodreads.com/book/show/9460533-you-ll-like-it-here]]></link>
<small_image_url><![CDATA[https://images.gr-assets.com/books/1320558226s/9460533.jpg]]></small_image_url>
<image_url><![CDATA[https://images.gr-assets.com/books/1320558226m/9460533.jpg]]></image_url>
<num_pages>272</num_pages>
<work>
<id>14345418</id>
</work>
<isbn>0385739982</isbn>
<isbn13>9780385739986</isbn13>
<average_rating>3.52</average_rating>
<ratings_count>671</ratings_count>
<publication_year>2011</publication_year>
<publication_month>6</publication_month>
<publication_day>14</publication_day>
<authors>
<author>
<id>8923</id>
<name>Ruth White</name>
<link><![CDATA[https://www.goodreads.com/author/show/8923.Ruth_White]]></link>
</author>
</authors>
</book>

          <book>
<id>13383122</id>
<title><![CDATA[The Unseen 2 (The Unseen, #3-4)]]></title>
<title_without_series>The Unseen 2</title_without_series>
<link><![CDATA[https://www.goodreads.com/book/show/13383122-the-unseen-2]]></link>
<small_image_url><![CDATA[https://images.gr-assets.com/books/1325833915s/13383122.jpg]]></small_image_url>
<image_url><![CDATA[https://images.gr-assets.com/books/1325833915m/13383122.jpg]]></image_url>
<num_pages>624</num_pages>
<work>
<id>18613357</id>
</work>
<isbn></isbn>
<isbn13>9780142421475</isbn13>
<average_rating>3.92</average_rating>
<ratings_count>462</ratings_count>
<publication_year></publication_year>
<publication_month></publication_month>
<publication_day></publication_day>
<authors>
<author>
<id>13733</id>
<name>Richie Tankersley Cusick</name>
<link><![CDATA[https://www.goodreads.com/author/show/13733.Richie_Tankersley_Cusick]]></link>
</author>
</authors>
</book>

          <book>
<id>17444634</id>
<title><![CDATA[Relativity (Sage Hannigan Time Warper, #2)]]></title>
<title_without_series>Relativity</title_without_series>
<link><![CDATA[https://www.goodreads.com/book/show/17444634-relativity]]></link>
<small_image_url><![CDATA[https://images.gr-assets.com/books/1377886326s/17444634.jpg]]></small_image_url>
<image_url><![CDATA[https://images.gr-assets.com/books/1377886326m/17444634.jpg]]></image_url>
<num_pages>280</num_pages>
<work>
<id>23979617</id>
</work>
<isbn>1482564599</isbn>
<isbn13>9781482564594</isbn13>
<average_rating>4.26</average_rating>
<ratings_count>113</ratings_count>
<publication_year>2013</publication_year>
<publication_month>2</publication_month>
<publication_day>20</publication_day>
<authors>
<author>
<id>6431865</id>
<name>Peggy Martinez</name>
<link><![CDATA[https://www.goodreads.com/author/show/6431865.Peggy_Martinez]]></link>
</author>
</authors>
</book>

          <book>
<id>12849226</id>
<title>The Vindico (The Vindico, #1)</title>
<title_without_series>The Vindico</title_without_series>
<link><![CDATA[https://www.goodreads.com/book/show/12849226-the-vindico]]></link>
<small_image_url><![CDATA[https://images.gr-assets.com/books/1341265400s/12849226.jpg]]></small_image_url>
<image_url><![CDATA[https://images.gr-assets.com/books/1341265400m/12849226.jpg]]></image_url>
<num_pages>272</num_pages>
<work>
<id>18000455</id>
</work>
<isbn>0399256547</isbn>
<isbn13>9780399256547</isbn13>
<average_rating>3.88</average_rating>
<ratings_count>1406</ratings_count>
<publication_year>2012</publication_year>
<publication_month>6</publication_month>
<publication_day>14</publication_day>
<authors>
<author>
<id>1666468</id>
<name>Wesley King</name>
<link><![CDATA[https://www.goodreads.com/author/show/1666468.Wesley_King]]></link>
</author>
</authors>
</book>

          <book>
<id>18041321</id>
<title>Starbreak (Starglass, #2)</title>
<title_without_series>Starbreak</title_without_series>
<link><![CDATA[https://www.goodreads.com/book/show/18041321-starbreak]]></link>
<small_image_url><![CDATA[https://images.gr-assets.com/books/1380126085s/18041321.jpg]]></small_image_url>
<image_url><![CDATA[https://images.gr-assets.com/books/1380126085m/18041321.jpg]]></image_url>
<num_pages>421</num_pages>
<work>
<id>25316295</id>
</work>
<isbn></isbn>
<isbn13></isbn13>
<average_rating>3.56</average_rating>
<ratings_count>514</ratings_count>
<publication_year>2014</publication_year>
<publication_month>7</publication_month>
<publication_day>15</publication_day>
<authors>
<author>
<id>4649673</id>
<name>Phoebe North</name>
<link><![CDATA[https://www.goodreads.com/author/show/4649673.Phoebe_North]]></link>
</author>
</authors>
</book>

          <book>
<id>8811401</id>
<title>Rip Tide (Dark Life, #2)</title>
<title_without_series>Rip Tide</title_without_series>
<link><![CDATA[https://www.goodreads.com/book/show/8811401-rip-tide]]></link>
<small_image_url><![CDATA[https://images.gr-assets.com/books/1312395944s/8811401.jpg]]></small_image_url>
<image_url><![CDATA[https://images.gr-assets.com/books/1312395944m/8811401.jpg]]></image_url>
<num_pages>320</num_pages>
<work>
<id>13685644</id>
</work>
<isbn>1847387624</isbn>
<isbn13>9781847387622</isbn13>
<average_rating>3.97</average_rating>
<ratings_count>3711</ratings_count>
<publication_year>2011</publication_year>
<publication_month>8</publication_month>
<publication_day>4</publication_day>
<authors>
<author>
<id>3131761</id>
<name>Kat Falls</name>
<link><![CDATA[https://www.goodreads.com/author/show/3131761.Kat_Falls]]></link>
</author>
</authors>
</book>

          <book>
<id>268530</id>
<title><![CDATA[The Day America Told the Truth]]></title>
<title_without_series><![CDATA[The Day America Told the Truth]]></title_without_series>
<link><![CDATA[https://www.goodreads.com/book/show/268530.The_Day_America_Told_the_Truth]]></link>
<small_image_url><![CDATA[https://s.gr-assets.com/assets/nophoto/book/50x75-a91bf249278a81aabab721ef782c4a74.png]]></small_image_url>
<image_url><![CDATA[https://s.gr-assets.com/assets/nophoto/book/111x148-bcc042a9c91a29c1d680899eff700a03.png]]></image_url>
<num_pages>288</num_pages>
<work>
<id>389734</id>
</work>
<isbn>0452268087</isbn>
<isbn13>9780452268081</isbn13>
<average_rating>3.58</average_rating>
<ratings_count>64</ratings_count>
<publication_year>1992</publication_year>
<publication_month>6</publication_month>
<publication_day>1</publication_day>
<authors>
<author>
<id>15889427</id>
<name>James    Patterson</name>
<link><![CDATA[https://www.goodreads.com/author/show/15889427.James_Patterson]]></link>
</author>
</authors>
</book>

          <book>
<id>17280122</id>
<title>Burn Bright (Dark Star, #2)</title>
<title_without_series>Burn Bright</title_without_series>
<link><![CDATA[https://www.goodreads.com/book/show/17280122-burn-bright]]></link>
<small_image_url><![CDATA[https://images.gr-assets.com/books/1362514590s/17280122.jpg]]></small_image_url>
<image_url><![CDATA[https://images.gr-assets.com/books/1362514590m/17280122.jpg]]></image_url>
<num_pages>352</num_pages>
<work>
<id>23895290</id>
</work>
<isbn>1423146662</isbn>
<isbn13>9781423146667</isbn13>
<average_rating>4.06</average_rating>
<ratings_count>779</ratings_count>
<publication_year>2014</publication_year>
<publication_month>2</publication_month>
<publication_day>25</publication_day>
<authors>
<author>
<id>5626120</id>
<name>Bethany Frenette</name>
<link><![CDATA[https://www.goodreads.com/author/show/5626120.Bethany_Frenette]]></link>
</author>
</authors>
</book>

          <book>
<id>10710208</id>
<title><![CDATA[Sisters of Isis: Volume 1 (Sisters of Isis, #1-2)]]></title>
<title_without_series>Sisters of Isis: Volume 1</title_without_series>
<link><![CDATA[https://www.goodreads.com/book/show/10710208-sisters-of-isis]]></link>
<small_image_url><![CDATA[https://images.gr-assets.com/books/1327720608s/10710208.jpg]]></small_image_url>
<image_url><![CDATA[https://images.gr-assets.com/books/1327720608m/10710208.jpg]]></image_url>
<num_pages>528</num_pages>
<work>
<id>15620632</id>
</work>
<isbn>1423144023</isbn>
<isbn13>9781423144021</isbn13>
<average_rating>3.86</average_rating>
<ratings_count>210</ratings_count>
<publication_year>2011</publication_year>
<publication_month>12</publication_month>
<publication_day>13</publication_day>
<authors>
<author>
<id>33461</id>
<name>Lynne Ewing</name>
<link><![CDATA[https://www.goodreads.com/author/show/33461.Lynne_Ewing]]></link>
</author>
</authors>
</book>

          <book>
<id>22609297</id>
<title><![CDATA[Christopher's Diary: Echoes of Dollanganger (Diaries, #2)]]></title>
<title_without_series><![CDATA[Christopher's Diary: Echoes of Dollanganger]]></title_without_series>
<link><![CDATA[https://www.goodreads.com/book/show/22609297-christopher-s-diary]]></link>
<small_image_url><![CDATA[https://images.gr-assets.com/books/1422297026s/22609297.jpg]]></small_image_url>
<image_url><![CDATA[https://images.gr-assets.com/books/1422297026m/22609297.jpg]]></image_url>
<num_pages>384</num_pages>
<work>
<id>41179860</id>
</work>
<isbn>1476790620</isbn>
<isbn13>9781476790626</isbn13>
<average_rating>3.37</average_rating>
<ratings_count>1264</ratings_count>
<publication_year>2015</publication_year>
<publication_month>1</publication_month>
<publication_day>27</publication_day>
<authors>
<author>
<id>1353301</id>
<name>V.C. Andrews</name>
<link><![CDATA[https://www.goodreads.com/author/show/1353301.V_C_Andrews]]></link>
</author>
</authors>
</book>

  </similar_books>
</book>

</GoodreadsResponse>