<?xml version="1.0" encoding="UTF-8"?>
<GoodreadsResponse>
  <Request>
    <authentication>true</authentication>
      <key><![CDATA[all_men_must_serve]]></key>
    <method><![CDATA[book_show]]></method>
  </Request>
  <book>
  <id>107781</id>
  <title>The Gift (Crown&apos;s Spies, #3)</title>
  <isbn><![CDATA[0671702505]]></isbn>
  <isbn13><![CDATA[9780671702502]]></isbn13>
  <asin><![CDATA[]]></asin>
  <kindle_asin><![CDATA[B004XFYNEM]]></kindle_asin>
  <marketplace_id><![CDATA[A1F83G8C2ARO7P]]></marketplace_id>
  <country_code><![CDATA[GB]]></country_code>
  <image_url>https://images.gr-assets.com/books/1329160736m/107781.jpg</image_url>
  <small_image_url>https://images.gr-assets.com/books/1329160736s/107781.jpg</small_image_url>
  <publication_year>1991</publication_year>
  <publication_month>1</publication_month>
  <publication_day>1</publication_day>
  <publisher>Pocket Books</publisher>
  <language_code>eng</language_code>
  <is_ebook>false</is_ebook>
  <description><![CDATA[<i>Alternate cover for this ISBN can be found <a href="https://www.goodreads.com/book/show/15721194-the-gift" rel="nofollow">here</a></i><br /><br />A child bride, Sara Winchester had grown into a winsome beauty, joyfully anticipating the day when her husband Nathan, Marquess of St. James, would return to claim her heart at last. Charmingly innocent, she dismissed the ancient feud that divided Nathan's family from her own...and she was totally unaware of his past exploits as the notorious pirate, Pagan. The man who now stood before her was perplexing, arrogant and powerfully handsome...a warrior-gentleman whose gentle touch aroused her to the wildest, deepest pleasures of love. <br /> Nathan had never bared his soul to any woman, but he was soon utterly beguiled and exasperated by Sara's sweet, defiant ways. Aboard his ship, <i>The Seahawk,</i> she was brave, imperious and determined to win his heart completely -- yet upon their return to England, her love would be sorely tested as a vile conspiracy tried to tear them apart. With their future at stake, they would discover the true destiny of their passion...for all time!]]></description>
  <work>
  <id type="integer">2643640</id>
  <books_count type="integer">51</books_count>
  <best_book_id type="integer">107781</best_book_id>
  <reviews_count type="integer">20287</reviews_count>
  <ratings_sum type="integer">62669</ratings_sum>
  <ratings_count type="integer">15033</ratings_count>
  <text_reviews_count type="integer">421</text_reviews_count>
  <original_publication_year type="integer">1991</original_publication_year>
  <original_publication_month type="integer" nil="true"/>
  <original_publication_day type="integer" nil="true"/>
  <original_title>The Gift</original_title>
  <original_language_id type="integer" nil="true"/>
  <media_type>book</media_type>
  <rating_dist>5:6666|4:4972|3:2783|2:490|1:122|total:15033</rating_dist>
  <desc_user_id type="integer">-30</desc_user_id>
  <default_chaptering_book_id type="integer" nil="true"/>
  <default_description_language_code nil="true"/>
</work>
  <average_rating>4.17</average_rating>
  <num_pages><![CDATA[373]]></num_pages>
  <format><![CDATA[Mass Market Paperback]]></format>
  <edition_information><![CDATA[]]></edition_information>
  <ratings_count><![CDATA[13982]]></ratings_count>
  <text_reviews_count><![CDATA[317]]></text_reviews_count>
  <url><![CDATA[https://www.goodreads.com/book/show/107781.The_Gift]]></url>
  <link><![CDATA[https://www.goodreads.com/book/show/107781.The_Gift]]></link>
  <authors>
<author>
<id>6251</id>
<name>Julie Garwood</name>
<role></role>
<image_url nophoto='false'>
<![CDATA[https://images.gr-assets.com/authors/1414607796p5/6251.jpg]]>
</image_url>
<small_image_url nophoto='false'>
<![CDATA[https://images.gr-assets.com/authors/1414607796p2/6251.jpg]]>
</small_image_url>
<link><![CDATA[https://www.goodreads.com/author/show/6251.Julie_Garwood]]></link>
<average_rating>4.10</average_rating>
<ratings_count>475129</ratings_count>
<text_reviews_count>17259</text_reviews_count>
</author>
</authors>

    <reviews_widget>
      <![CDATA[
        <style>
  #goodreads-widget {
    font-family: georgia, serif;
    padding: 18px 0;
    width:565px;
  }
  #goodreads-widget h1 {
    font-weight:normal;
    font-size: 16px;
    border-bottom: 1px solid #BBB596;
    margin-bottom: 0;
  }
  #goodreads-widget a {
    text-decoration: none;
    color:#660;
  }
  iframe{
    background-color: #fff;
  }
  #goodreads-widget a:hover { text-decoration: underline; }
  #goodreads-widget a:active {
    color:#660;
  }
  #gr_footer {
    width: 100%;
    border-top: 1px solid #BBB596;
    text-align: right;
  }
  #goodreads-widget .gr_branding{
    color: #382110;
    font-size: 11px;
    text-decoration: none;
    font-family: "Helvetica Neue", Helvetica, Arial, sans-serif;
  }
</style>
<div id="goodreads-widget">
  <div id="gr_header"><h1><a rel="nofollow" href="https://www.goodreads.com/book/show/107781.The_Gift">The Gift Reviews</a></h1></div>
  <iframe id="the_iframe" src="https://www.goodreads.com/api/reviews_widget_iframe?did=DEVELOPER_ID&amp;format=html&amp;isbn=0671702505&amp;links=660&amp;min_rating=&amp;review_back=fff&amp;stars=000&amp;text=000" width="565" height="400" frameborder="0"></iframe>
  <div id="gr_footer">
    <a class="gr_branding" target="_blank" rel="nofollow" href="https://www.goodreads.com/book/show/107781.The_Gift?utm_medium=api&amp;utm_source=reviews_widget">Reviews from Goodreads.com</a>
  </div>
</div>

      ]]>
    </reviews_widget>
  <popular_shelves>
      <shelf name="historical-romance" count="590"/>
      <shelf name="romance" count="565"/>
      <shelf name="historical" count="286"/>
      <shelf name="julie-garwood" count="232"/>
      <shelf name="favorites" count="144"/>
      <shelf name="currently-reading" count="115"/>
      <shelf name="to-read" count="88"/>
      <shelf name="regency" count="59"/>
      <shelf name="romance-historical" count="58"/>
      <shelf name="series" count="46"/>
      <shelf name="pirates" count="46"/>
      <shelf name="historical-fiction" count="43"/>
      <shelf name="owned" count="38"/>
      <shelf name="fiction" count="36"/>
      <shelf name="garwood-julie" count="33"/>
      <shelf name="books-i-own" count="29"/>
      <shelf name="adult" count="27"/>
      <shelf name="regency-romance" count="26"/>
      <shelf name="default" count="24"/>
      <shelf name="garwood" count="21"/>
      <shelf name="virgin-heroine" count="20"/>
      <shelf name="paperback" count="19"/>
      <shelf name="arranged-marriage" count="17"/>
      <shelf name="pirate" count="17"/>
      <shelf name="england" count="17"/>
      <shelf name="kindle" count="15"/>
      <shelf name="funny" count="14"/>
      <shelf name="ebook" count="14"/>
      <shelf name="library" count="14"/>
      <shelf name="5-stars" count="13"/>
      <shelf name="author-julie-garwood" count="12"/>
      <shelf name="audiobooks" count="11"/>
      <shelf name="owned-books" count="11"/>
      <shelf name="re-read" count="11"/>
      <shelf name="audiobook" count="10"/>
      <shelf name="favorite" count="10"/>
      <shelf name="dnf" count="9"/>
      <shelf name="part-of-a-series" count="9"/>
      <shelf name="e-book" count="9"/>
      <shelf name="historical-romances" count="9"/>
      <shelf name="marriage-of-convenience" count="8"/>
      <shelf name="4-stars" count="8"/>
      <shelf name="chick-lit" count="8"/>
      <shelf name="favorite-author" count="8"/>
      <shelf name="humor" count="8"/>
      <shelf name="all-time-favorites" count="8"/>
      <shelf name="historicals" count="8"/>
      <shelf name="adult-fiction" count="8"/>
      <shelf name="part-of-series" count="7"/>
      <shelf name="favourites" count="7"/>
      <shelf name="historic-romance" count="7"/>
      <shelf name="own-it" count="7"/>
      <shelf name="i-own" count="7"/>
      <shelf name="audible" count="6"/>
      <shelf name="loved-it" count="6"/>
      <shelf name="audio" count="6"/>
      <shelf name="hr" count="6"/>
      <shelf name="romantic-suspense" count="6"/>
      <shelf name="humorous" count="6"/>
      <shelf name="my-books" count="6"/>
      <shelf name="medieval" count="6"/>
      <shelf name="keeper" count="6"/>
      <shelf name="my-favorites" count="6"/>
      <shelf name="favorite-authors" count="6"/>
      <shelf name="adult-romance" count="6"/>
      <shelf name="shelfari-favorites" count="5"/>
      <shelf name="historic" count="5"/>
      <shelf name="book" count="5"/>
      <shelf name="adventure" count="5"/>
      <shelf name="steamy" count="5"/>
      <shelf name="19th-century" count="5"/>
      <shelf name="3-stars" count="5"/>
      <shelf name="e-books" count="5"/>
      <shelf name="ebooks" count="5"/>
      <shelf name="genre-historical" count="5"/>
      <shelf name="read-romance" count="5"/>
      <shelf name="2016-read" count="4"/>
      <shelf name="alpha-hero" count="4"/>
      <shelf name="spies" count="4"/>
      <shelf name="to-read-historical" count="4"/>
      <shelf name="julie" count="4"/>
      <shelf name="historical-england" count="4"/>
      <shelf name="alpha-male" count="4"/>
      <shelf name="favourite" count="4"/>
      <shelf name="history" count="4"/>
      <shelf name="favorite-series" count="4"/>
      <shelf name="historical-series" count="4"/>
      <shelf name="genre-historical-romance" count="4"/>
      <shelf name="m-f" count="4"/>
      <shelf name="mf" count="4"/>
      <shelf name="read-2011" count="4"/>
      <shelf name="bodice-ripper" count="4"/>
      <shelf name="have" count="4"/>
      <shelf name="trashy-romance" count="4"/>
      <shelf name="romance-regency" count="4"/>
      <shelf name="guilty-pleasures" count="4"/>
      <shelf name="cheesy-romance" count="4"/>
      <shelf name="loved" count="4"/>
      <shelf name="romance-novels" count="4"/>
      <shelf name="nautical" count="4"/>
  </popular_shelves>
  <book_links>
    <book_link>
  <id>8</id>
  <name>Libraries</name>
  <link>https://www.goodreads.com/book_link/follow/8</link>
</book_link>

  </book_links>
  <buy_links>
    <buy_link>
<id>1</id>
<name>Amazon</name>
<link>https://www.goodreads.com/book_link/follow/1</link>
</buy_link>
<buy_link>
<id>10</id>
<name>Audible</name>
<link>https://www.goodreads.com/book_link/follow/10</link>
</buy_link>
<buy_link>
<id>3</id>
<name>Barnes &amp; Noble</name>
<link>https://www.goodreads.com/book_link/follow/3</link>
</buy_link>
<buy_link>
<id>1027</id>
<name>Kobo</name>
<link>https://www.goodreads.com/book_link/follow/1027</link>
</buy_link>
<buy_link>
<id>2102</id>
<name>Apple iBooks</name>
<link>https://www.goodreads.com/book_link/follow/2102</link>
</buy_link>
<buy_link>
<id>8036</id>
<name>Google Play</name>
<link>https://www.goodreads.com/book_link/follow/8036</link>
</buy_link>
<buy_link>
<id>4</id>
<name>Abebooks</name>
<link>https://www.goodreads.com/book_link/follow/4</link>
</buy_link>
<buy_link>
<id>882</id>
<name>Book Depository</name>
<link>https://www.goodreads.com/book_link/follow/882</link>
</buy_link>
<buy_link>
<id>9</id>
<name>Indigo</name>
<link>https://www.goodreads.com/book_link/follow/9</link>
</buy_link>
<buy_link>
<id>2</id>
<name>Half.com</name>
<link>https://www.goodreads.com/book_link/follow/2</link>
</buy_link>
<buy_link>
<id>5</id>
<name>Alibris</name>
<link>https://www.goodreads.com/book_link/follow/5</link>
</buy_link>
<buy_link>
<id>107</id>
<name>Better World Books</name>
<link>https://www.goodreads.com/book_link/follow/107</link>
</buy_link>
<buy_link>
<id>7</id>
<name>IndieBound</name>
<link>https://www.goodreads.com/book_link/follow/7</link>
</buy_link>

  </buy_links>
  <series_works>
    <series_work>
<id>163103</id>
<user_position>3</user_position>
<series>
<id>41161</id>
<title>
<![CDATA[
    Crown's Spies
]]>
</title>
<description>
<![CDATA[
]]>
</description>
<note>
<![CDATA[
]]>
</note>
<series_works_count>6</series_works_count>
<primary_work_count>4</primary_work_count>
<numbered>true</numbered>
</series>

</series_work>

  </series_works>
  <similar_books>
          <book>
<id>129616</id>
<title><![CDATA[Something Wonderful (Sequels, #2)]]></title>
<title_without_series>Something Wonderful</title_without_series>
<link><![CDATA[https://www.goodreads.com/book/show/129616.Something_Wonderful]]></link>
<small_image_url><![CDATA[https://images.gr-assets.com/books/1435634530s/129616.jpg]]></small_image_url>
<image_url><![CDATA[https://images.gr-assets.com/books/1435634530m/129616.jpg]]></image_url>
<num_pages>418</num_pages>
<work>
<id>124838</id>
</work>
<isbn>0671737635</isbn>
<isbn13>9780671737634</isbn13>
<average_rating>4.33</average_rating>
<ratings_count>20941</ratings_count>
<publication_year>1991</publication_year>
<publication_month>1</publication_month>
<publication_day>1</publication_day>
<authors>
<author>
<id>9885</id>
<name>Judith McNaught</name>
<link><![CDATA[https://www.goodreads.com/author/show/9885.Judith_McNaught]]></link>
</author>
</authors>
</book>

          <book>
<id>350710</id>
<title><![CDATA[The Magic of You (Malory-Anderson Family, #4)]]></title>
<title_without_series>The Magic of You</title_without_series>
<link><![CDATA[https://www.goodreads.com/book/show/350710.The_Magic_of_You]]></link>
<small_image_url><![CDATA[https://images.gr-assets.com/books/1358293494s/350710.jpg]]></small_image_url>
<image_url><![CDATA[https://images.gr-assets.com/books/1358293494m/350710.jpg]]></image_url>
<num_pages>407</num_pages>
<work>
<id>3062730</id>
</work>
<isbn>0380756293</isbn>
<isbn13>9780380756292</isbn13>
<average_rating>4.17</average_rating>
<ratings_count>11654</ratings_count>
<publication_year></publication_year>
<publication_month></publication_month>
<publication_day></publication_day>
<authors>
<author>
<id>29542</id>
<name>Johanna Lindsey</name>
<link><![CDATA[https://www.goodreads.com/author/show/29542.Johanna_Lindsey]]></link>
</author>
</authors>
</book>

          <book>
<id>490422</id>
<title><![CDATA[One Kiss From You (Switching Places, #2)]]></title>
<title_without_series>One Kiss From You</title_without_series>
<link><![CDATA[https://www.goodreads.com/book/show/490422.One_Kiss_From_You]]></link>
<small_image_url><![CDATA[https://images.gr-assets.com/books/1264958242s/490422.jpg]]></small_image_url>
<image_url><![CDATA[https://images.gr-assets.com/books/1264958242m/490422.jpg]]></image_url>
<num_pages>358</num_pages>
<work>
<id>478653</id>
</work>
<isbn>0060092661</isbn>
<isbn13>9780060092665</isbn13>
<average_rating>3.84</average_rating>
<ratings_count>1905</ratings_count>
<publication_year>2003</publication_year>
<publication_month>10</publication_month>
<publication_day>28</publication_day>
<authors>
<author>
<id>12695</id>
<name>Christina Dodd</name>
<link><![CDATA[https://www.goodreads.com/author/show/12695.Christina_Dodd]]></link>
</author>
</authors>
</book>

          <book>
<id>164234</id>
<title><![CDATA[His Wicked Kiss (Knight Miscellany, #7)]]></title>
<title_without_series>His Wicked Kiss</title_without_series>
<link><![CDATA[https://www.goodreads.com/book/show/164234.His_Wicked_Kiss]]></link>
<small_image_url><![CDATA[https://s.gr-assets.com/assets/nophoto/book/50x75-a91bf249278a81aabab721ef782c4a74.png]]></small_image_url>
<image_url><![CDATA[https://s.gr-assets.com/assets/nophoto/book/111x148-bcc042a9c91a29c1d680899eff700a03.png]]></image_url>
<num_pages>434</num_pages>
<work>
<id>1104092</id>
</work>
<isbn>0345480104</isbn>
<isbn13>9780345480101</isbn13>
<average_rating>3.96</average_rating>
<ratings_count>2510</ratings_count>
<publication_year>2006</publication_year>
<publication_month>4</publication_month>
<publication_day>25</publication_day>
<authors>
<author>
<id>83086</id>
<name>Gaelen Foley</name>
<link><![CDATA[https://www.goodreads.com/author/show/83086.Gaelen_Foley]]></link>
</author>
</authors>
</book>

          <book>
<id>247093</id>
<title><![CDATA[Born in Sin (Brotherhood of the Sword #3/MacAllister, #2)]]></title>
<title_without_series>Born in Sin</title_without_series>
<link><![CDATA[https://www.goodreads.com/book/show/247093.Born_in_Sin]]></link>
<small_image_url><![CDATA[https://images.gr-assets.com/books/1327876212s/247093.jpg]]></small_image_url>
<image_url><![CDATA[https://images.gr-assets.com/books/1327876212m/247093.jpg]]></image_url>
<num_pages>372</num_pages>
<work>
<id>239390</id>
</work>
<isbn>038081790X</isbn>
<isbn13>9780380817900</isbn13>
<average_rating>4.24</average_rating>
<ratings_count>7529</ratings_count>
<publication_year>2003</publication_year>
<publication_month></publication_month>
<publication_day></publication_day>
<authors>
<author>
<id>34820</id>
<name>Kinley MacGregor</name>
<link><![CDATA[https://www.goodreads.com/author/show/34820.Kinley_MacGregor]]></link>
</author>
</authors>
</book>

          <book>
<id>110392</id>
<title><![CDATA[Minx (The Splendid Trilogy, #3)]]></title>
<title_without_series>Minx</title_without_series>
<link><![CDATA[https://www.goodreads.com/book/show/110392.Minx]]></link>
<small_image_url><![CDATA[https://images.gr-assets.com/books/1274211962s/110392.jpg]]></small_image_url>
<image_url><![CDATA[https://images.gr-assets.com/books/1274211962m/110392.jpg]]></image_url>
<num_pages>391</num_pages>
<work>
<id>106385</id>
</work>
<isbn>0380785625</isbn>
<isbn13>9780380785629</isbn13>
<average_rating>3.86</average_rating>
<ratings_count>10552</ratings_count>
<publication_year>2004</publication_year>
<publication_month>7</publication_month>
<publication_day>27</publication_day>
<authors>
<author>
<id>63898</id>
<name>Julia Quinn</name>
<link><![CDATA[https://www.goodreads.com/author/show/63898.Julia_Quinn]]></link>
</author>
</authors>
</book>

          <book>
<id>303202</id>
<title><![CDATA[Beware a Scot's Revenge (School for Heiresses, #3)]]></title>
<title_without_series>Beware a Scot&apos;s Revenge</title_without_series>
<link><![CDATA[https://www.goodreads.com/book/show/303202.Beware_a_Scot_s_Revenge]]></link>
<small_image_url><![CDATA[https://images.gr-assets.com/books/1378705907s/303202.jpg]]></small_image_url>
<image_url><![CDATA[https://images.gr-assets.com/books/1378705907m/303202.jpg]]></image_url>
<num_pages>384</num_pages>
<work>
<id>26220965</id>
</work>
<isbn>1416516107</isbn>
<isbn13>9781416516101</isbn13>
<average_rating>4.01</average_rating>
<ratings_count>3783</ratings_count>
<publication_year>2007</publication_year>
<publication_month>5</publication_month>
<publication_day>22</publication_day>
<authors>
<author>
<id>50886</id>
<name>Sabrina Jeffries</name>
<link><![CDATA[https://www.goodreads.com/author/show/50886.Sabrina_Jeffries]]></link>
</author>
</authors>
</book>

          <book>
<id>50803</id>
<title><![CDATA[Velvet Angel (Velvet Montgomery Annuals Quadrilogy #4)]]></title>
<title_without_series>Velvet Angel</title_without_series>
<link><![CDATA[https://www.goodreads.com/book/show/50803.Velvet_Angel]]></link>
<small_image_url><![CDATA[https://s.gr-assets.com/assets/nophoto/book/50x75-a91bf249278a81aabab721ef782c4a74.png]]></small_image_url>
<image_url><![CDATA[https://s.gr-assets.com/assets/nophoto/book/111x148-bcc042a9c91a29c1d680899eff700a03.png]]></image_url>
<num_pages>352</num_pages>
<work>
<id>1465355</id>
</work>
<isbn>0671739735</isbn>
<isbn13>9780671739737</isbn13>
<average_rating>4.12</average_rating>
<ratings_count>9962</ratings_count>
<publication_year>1991</publication_year>
<publication_month>1</publication_month>
<publication_day>1</publication_day>
<authors>
<author>
<id>28574</id>
<name>Jude Deveraux</name>
<link><![CDATA[https://www.goodreads.com/author/show/28574.Jude_Deveraux]]></link>
</author>
</authors>
</book>

          <book>
<id>508261</id>
<title>Dreaming</title>
<title_without_series>Dreaming</title_without_series>
<link><![CDATA[https://www.goodreads.com/book/show/508261.Dreaming]]></link>
<small_image_url><![CDATA[https://images.gr-assets.com/books/1307154577s/508261.jpg]]></small_image_url>
<image_url><![CDATA[https://images.gr-assets.com/books/1307154577m/508261.jpg]]></image_url>
<num_pages>326</num_pages>
<work>
<id>496284</id>
</work>
<isbn>0671778684</isbn>
<isbn13>9780671778682</isbn13>
<average_rating>3.87</average_rating>
<ratings_count>938</ratings_count>
<publication_year>2002</publication_year>
<publication_month>2</publication_month>
<publication_day>26</publication_day>
<authors>
<author>
<id>71185</id>
<name>Jill Barnett</name>
<link><![CDATA[https://www.goodreads.com/author/show/71185.Jill_Barnett]]></link>
</author>
</authors>
</book>

          <book>
<id>958678</id>
<title>The Wild Baron (Baron, #1)</title>
<title_without_series>The Wild Baron</title_without_series>
<link><![CDATA[https://www.goodreads.com/book/show/958678.The_Wild_Baron]]></link>
<small_image_url><![CDATA[https://images.gr-assets.com/books/1309283072s/958678.jpg]]></small_image_url>
<image_url><![CDATA[https://images.gr-assets.com/books/1309283072m/958678.jpg]]></image_url>
<num_pages>370</num_pages>
<work>
<id>943588</id>
</work>
<isbn>0515120448</isbn>
<isbn13>9780515120448</isbn13>
<average_rating>3.80</average_rating>
<ratings_count>1660</ratings_count>
<publication_year>1997</publication_year>
<publication_month>4</publication_month>
<publication_day>1</publication_day>
<authors>
<author>
<id>1239</id>
<name>Catherine Coulter</name>
<link><![CDATA[https://www.goodreads.com/author/show/1239.Catherine_Coulter]]></link>
</author>
</authors>
</book>

          <book>
<id>833685</id>
<title>Fairest of Them All</title>
<title_without_series>Fairest of Them All</title_without_series>
<link><![CDATA[https://www.goodreads.com/book/show/833685.Fairest_of_Them_All]]></link>
<small_image_url><![CDATA[https://images.gr-assets.com/books/1403165976s/833685.jpg]]></small_image_url>
<image_url><![CDATA[https://images.gr-assets.com/books/1403165976m/833685.jpg]]></image_url>
<num_pages>372</num_pages>
<work>
<id>819311</id>
</work>
<isbn>0553563335</isbn>
<isbn13>9780553563337</isbn13>
<average_rating>3.83</average_rating>
<ratings_count>2152</ratings_count>
<publication_year>2011</publication_year>
<publication_month>1</publication_month>
<publication_day>12</publication_day>
<authors>
<author>
<id>19971</id>
<name>Teresa Medeiros</name>
<link><![CDATA[https://www.goodreads.com/author/show/19971.Teresa_Medeiros]]></link>
</author>
</authors>
</book>

  </similar_books>
</book>

</GoodreadsResponse>