<?xml version="1.0" encoding="UTF-8"?>
<GoodreadsResponse>
  <Request>
    <authentication>true</authentication>
      <key><![CDATA[all_men_must_serve]]></key>
    <method><![CDATA[book_show]]></method>
  </Request>
  <book>
  <id>10775</id>
  <title>The Garden of Eden</title>
  <isbn><![CDATA[0684804522]]></isbn>
  <isbn13><![CDATA[9780684804521]]></isbn13>
  <asin><![CDATA[]]></asin>
  <kindle_asin><![CDATA[B00FU7V8K4]]></kindle_asin>
  <marketplace_id><![CDATA[A1F83G8C2ARO7P]]></marketplace_id>
  <country_code><![CDATA[GB]]></country_code>
  <image_url>https://s.gr-assets.com/assets/nophoto/book/111x148-bcc042a9c91a29c1d680899eff700a03.png</image_url>
  <small_image_url>https://s.gr-assets.com/assets/nophoto/book/50x75-a91bf249278a81aabab721ef782c4a74.png</small_image_url>
  <publication_year>2003</publication_year>
  <publication_month></publication_month>
  <publication_day></publication_day>
  <publisher>Scribner </publisher>
  <language_code>en-US</language_code>
  <is_ebook>false</is_ebook>
  <description><![CDATA[A sensational bestseller when it appeared in 1986, <i>The Garden of Eden</i> is the last uncompleted novel of Ernest Hemingway, which he worked on intermittently from 1946 until his death in 1961. Set on the Côte d'Azur in the 1920s, it is the story of a young American writer, David Bourne, his glamorous wife, Catherine, and the dangerous, erotic game they play when they fall in love with the same woman. "A lean, sensuous narrative...taut, chic, and strangely contemporary," <i>The Garden of Eden</i> represents vintage Hemingway, the master "doing what nobody did better" (R. Z. Sheppard, <i>Time).</i>]]></description>
  <work>
  <id type="integer">476408</id>
  <books_count type="integer">77</books_count>
  <best_book_id type="integer">10775</best_book_id>
  <reviews_count type="integer">29540</reviews_count>
  <ratings_sum type="integer">51892</ratings_sum>
  <ratings_count type="integer">13863</ratings_count>
  <text_reviews_count type="integer">888</text_reviews_count>
  <original_publication_year type="integer">1985</original_publication_year>
  <original_publication_month type="integer" nil="true"/>
  <original_publication_day type="integer" nil="true"/>
  <original_title>The Garden of Eden</original_title>
  <original_language_id type="integer" nil="true"/>
  <media_type>book</media_type>
  <rating_dist>5:3611|4:4960|3:3752|2:1201|1:339|total:13863</rating_dist>
  <desc_user_id type="integer">5008685</desc_user_id>
  <default_chaptering_book_id type="integer" nil="true"/>
  <default_description_language_code nil="true"/>
</work>
  <average_rating>3.74</average_rating>
  <num_pages><![CDATA[248]]></num_pages>
  <format><![CDATA[Paperback]]></format>
  <edition_information><![CDATA[]]></edition_information>
  <ratings_count><![CDATA[12958]]></ratings_count>
  <text_reviews_count><![CDATA[789]]></text_reviews_count>
  <url><![CDATA[https://www.goodreads.com/book/show/10775.The_Garden_of_Eden]]></url>
  <link><![CDATA[https://www.goodreads.com/book/show/10775.The_Garden_of_Eden]]></link>
  <authors>
<author>
<id>1455</id>
<name>Ernest Hemingway</name>
<role></role>
<image_url nophoto='false'>
<![CDATA[https://images.gr-assets.com/authors/1406040005p5/1455.jpg]]>
</image_url>
<small_image_url nophoto='false'>
<![CDATA[https://images.gr-assets.com/authors/1406040005p2/1455.jpg]]>
</small_image_url>
<link><![CDATA[https://www.goodreads.com/author/show/1455.Ernest_Hemingway]]></link>
<average_rating>3.82</average_rating>
<ratings_count>1583210</ratings_count>
<text_reviews_count>55049</text_reviews_count>
</author>
</authors>

    <reviews_widget>
      <![CDATA[
        <style>
  #goodreads-widget {
    font-family: georgia, serif;
    padding: 18px 0;
    width:565px;
  }
  #goodreads-widget h1 {
    font-weight:normal;
    font-size: 16px;
    border-bottom: 1px solid #BBB596;
    margin-bottom: 0;
  }
  #goodreads-widget a {
    text-decoration: none;
    color:#660;
  }
  iframe{
    background-color: #fff;
  }
  #goodreads-widget a:hover { text-decoration: underline; }
  #goodreads-widget a:active {
    color:#660;
  }
  #gr_footer {
    width: 100%;
    border-top: 1px solid #BBB596;
    text-align: right;
  }
  #goodreads-widget .gr_branding{
    color: #382110;
    font-size: 11px;
    text-decoration: none;
    font-family: "Helvetica Neue", Helvetica, Arial, sans-serif;
  }
</style>
<div id="goodreads-widget">
  <div id="gr_header"><h1><a rel="nofollow" href="https://www.goodreads.com/book/show/10775.The_Garden_of_Eden">The Garden of Eden Reviews</a></h1></div>
  <iframe id="the_iframe" src="https://www.goodreads.com/api/reviews_widget_iframe?did=DEVELOPER_ID&amp;format=html&amp;isbn=0684804522&amp;links=660&amp;min_rating=&amp;review_back=fff&amp;stars=000&amp;text=000" width="565" height="400" frameborder="0"></iframe>
  <div id="gr_footer">
    <a class="gr_branding" target="_blank" rel="nofollow" href="https://www.goodreads.com/book/show/10775.The_Garden_of_Eden?utm_medium=api&amp;utm_source=reviews_widget">Reviews from Goodreads.com</a>
  </div>
</div>

      ]]>
    </reviews_widget>
  <popular_shelves>
      <shelf name="to-read" count="2834"/>
      <shelf name="classics" count="309"/>
      <shelf name="favorites" count="159"/>
      <shelf name="currently-reading" count="100"/>
      <shelf name="hemingway" count="79"/>
      <shelf name="fiction" count="76"/>
      <shelf name="classic" count="62"/>
      <shelf name="books-i-own" count="43"/>
      <shelf name="american-literature" count="38"/>
      <shelf name="novels" count="35"/>
      <shelf name="owned" count="34"/>
      <shelf name="ernest-hemingway" count="32"/>
      <shelf name="american" count="24"/>
      <shelf name="owned-books" count="23"/>
      <shelf name="france" count="17"/>
      <shelf name="literary-fiction" count="16"/>
      <shelf name="literature" count="15"/>
      <shelf name="american-lit" count="15"/>
      <shelf name="classics-to-read" count="15"/>
      <shelf name="20th-century" count="14"/>
      <shelf name="to-buy" count="13"/>
      <shelf name="classic-literature" count="13"/>
      <shelf name="wish-list" count="13"/>
      <shelf name="my-books" count="12"/>
      <shelf name="my-library" count="11"/>
      <shelf name="literary" count="11"/>
      <shelf name="book-club" count="11"/>
      <shelf name="contemporary" count="10"/>
      <shelf name="to-read-fiction" count="10"/>
      <shelf name="nobel-prize" count="10"/>
      <shelf name="adult-fiction" count="10"/>
      <shelf name="lit" count="9"/>
      <shelf name="general-fiction" count="9"/>
      <shelf name="classic-lit" count="9"/>
      <shelf name="default" count="8"/>
      <shelf name="kindle" count="8"/>
      <shelf name="lost-generation" count="8"/>
      <shelf name="favourites" count="8"/>
      <shelf name="classic-fiction" count="7"/>
      <shelf name="love" count="7"/>
      <shelf name="historical-fiction" count="7"/>
      <shelf name="modern-classics" count="7"/>
      <shelf name="ebook" count="7"/>
      <shelf name="relationships" count="7"/>
      <shelf name="general" count="7"/>
      <shelf name="stories" count="7"/>
      <shelf name="travel" count="7"/>
      <shelf name="favorite" count="7"/>
      <shelf name="adult" count="7"/>
      <shelf name="all-time-favorites" count="7"/>
      <shelf name="novel" count="6"/>
      <shelf name="romance" count="6"/>
      <shelf name="nobel" count="6"/>
      <shelf name="usa" count="6"/>
      <shelf name="english" count="6"/>
      <shelf name="to-read-classics" count="6"/>
      <shelf name="riviera" count="6"/>
      <shelf name="audiobook" count="6"/>
      <shelf name="audiobooks" count="6"/>
      <shelf name="literatura" count="5"/>
      <shelf name="fiction-classics" count="5"/>
      <shelf name="1980s" count="5"/>
      <shelf name="e-book" count="5"/>
      <shelf name="american-fiction" count="5"/>
      <shelf name="read-in-2012" count="5"/>
      <shelf name="the-lost-generation" count="5"/>
      <shelf name="other" count="5"/>
      <shelf name="favourite" count="5"/>
      <shelf name="spouses" count="5"/>
      <shelf name="people" count="5"/>
      <shelf name="married" count="5"/>
      <shelf name="man-woman" count="5"/>
      <shelf name="americans" count="5"/>
      <shelf name="queer" count="5"/>
      <shelf name="home-library" count="5"/>
      <shelf name="own-it" count="4"/>
      <shelf name="e-books" count="4"/>
      <shelf name="bookshelf" count="4"/>
      <shelf name="favorite-books" count="4"/>
      <shelf name="american-classics" count="4"/>
      <shelf name="lgbt" count="4"/>
      <shelf name="ebooks" count="4"/>
      <shelf name="sexuality" count="4"/>
      <shelf name="i-own" count="4"/>
      <shelf name="owned-to-read" count="4"/>
      <shelf name="recommended" count="4"/>
      <shelf name="modernism" count="4"/>
      <shelf name="drama" count="4"/>
      <shelf name="americana" count="4"/>
      <shelf name="modern-fiction" count="4"/>
      <shelf name="fiction-american" count="3"/>
      <shelf name="shelfari-wishlist" count="3"/>
      <shelf name="reviewed" count="3"/>
      <shelf name="read-2015" count="3"/>
      <shelf name="hemingway-ernest" count="3"/>
      <shelf name="great-reads" count="3"/>
      <shelf name="fiction-literature" count="3"/>
      <shelf name="read-2014" count="3"/>
      <shelf name="to-be-read" count="3"/>
      <shelf name="nobel-laureates" count="3"/>
  </popular_shelves>
  <book_links>
    <book_link>
  <id>8</id>
  <name>Libraries</name>
  <link>https://www.goodreads.com/book_link/follow/8</link>
</book_link>

  </book_links>
  <buy_links>
    <buy_link>
<id>1</id>
<name>Amazon</name>
<link>https://www.goodreads.com/book_link/follow/1</link>
</buy_link>
<buy_link>
<id>10</id>
<name>Audible</name>
<link>https://www.goodreads.com/book_link/follow/10</link>
</buy_link>
<buy_link>
<id>3</id>
<name>Barnes &amp; Noble</name>
<link>https://www.goodreads.com/book_link/follow/3</link>
</buy_link>
<buy_link>
<id>1027</id>
<name>Kobo</name>
<link>https://www.goodreads.com/book_link/follow/1027</link>
</buy_link>
<buy_link>
<id>2102</id>
<name>Apple iBooks</name>
<link>https://www.goodreads.com/book_link/follow/2102</link>
</buy_link>
<buy_link>
<id>8036</id>
<name>Google Play</name>
<link>https://www.goodreads.com/book_link/follow/8036</link>
</buy_link>
<buy_link>
<id>4</id>
<name>Abebooks</name>
<link>https://www.goodreads.com/book_link/follow/4</link>
</buy_link>
<buy_link>
<id>882</id>
<name>Book Depository</name>
<link>https://www.goodreads.com/book_link/follow/882</link>
</buy_link>
<buy_link>
<id>9</id>
<name>Indigo</name>
<link>https://www.goodreads.com/book_link/follow/9</link>
</buy_link>
<buy_link>
<id>2</id>
<name>Half.com</name>
<link>https://www.goodreads.com/book_link/follow/2</link>
</buy_link>
<buy_link>
<id>5</id>
<name>Alibris</name>
<link>https://www.goodreads.com/book_link/follow/5</link>
</buy_link>
<buy_link>
<id>107</id>
<name>Better World Books</name>
<link>https://www.goodreads.com/book_link/follow/107</link>
</buy_link>
<buy_link>
<id>7</id>
<name>IndieBound</name>
<link>https://www.goodreads.com/book_link/follow/7</link>
</buy_link>

  </buy_links>
  <series_works>
    
  </series_works>
  <similar_books>
          <book>
<id>206228</id>
<title><![CDATA[Distant View of a Minaret and Other Stories]]></title>
<title_without_series><![CDATA[Distant View of a Minaret and Other Stories]]></title_without_series>
<link><![CDATA[https://www.goodreads.com/book/show/206228.Distant_View_of_a_Minaret_and_Other_Stories]]></link>
<small_image_url><![CDATA[https://s.gr-assets.com/assets/nophoto/book/50x75-a91bf249278a81aabab721ef782c4a74.png]]></small_image_url>
<image_url><![CDATA[https://s.gr-assets.com/assets/nophoto/book/111x148-bcc042a9c91a29c1d680899eff700a03.png]]></image_url>
<num_pages>116</num_pages>
<work>
<id>199588</id>
</work>
<isbn>0435909126</isbn>
<isbn13>9780435909123</isbn13>
<average_rating>3.88</average_rating>
<ratings_count>410</ratings_count>
<publication_year></publication_year>
<publication_month></publication_month>
<publication_day></publication_day>
<authors>
<author>
<id>120529</id>
<name>Alifa Rifaat</name>
<link><![CDATA[https://www.goodreads.com/author/show/120529.Alifa_Rifaat]]></link>
</author>
</authors>
</book>

          <book>
<id>3292695</id>
<title><![CDATA[Seductive Delusions: How Everyday People Catch STDs]]></title>
<title_without_series><![CDATA[Seductive Delusions: How Everyday People Catch STDs]]></title_without_series>
<link><![CDATA[https://www.goodreads.com/book/show/3292695-seductive-delusions]]></link>
<small_image_url><![CDATA[https://s.gr-assets.com/assets/nophoto/book/50x75-a91bf249278a81aabab721ef782c4a74.png]]></small_image_url>
<image_url><![CDATA[https://s.gr-assets.com/assets/nophoto/book/111x148-bcc042a9c91a29c1d680899eff700a03.png]]></image_url>
<num_pages>280</num_pages>
<work>
<id>3329191</id>
</work>
<isbn>0801890675</isbn>
<isbn13>9780801890673</isbn13>
<average_rating>4.24</average_rating>
<ratings_count>21</ratings_count>
<publication_year>2008</publication_year>
<publication_month>10</publication_month>
<publication_day>6</publication_day>
<authors>
<author>
<id>1394776</id>
<name>Jill Grimes</name>
<link><![CDATA[https://www.goodreads.com/author/show/1394776.Jill_Grimes]]></link>
</author>
</authors>
</book>

          <book>
<id>3371637</id>
<title>A Costa dos Murmúrios</title>
<title_without_series>A Costa dos Murmúrios</title_without_series>
<link><![CDATA[https://www.goodreads.com/book/show/3371637-a-costa-dos-murm-rios]]></link>
<small_image_url><![CDATA[https://s.gr-assets.com/assets/nophoto/book/50x75-a91bf249278a81aabab721ef782c4a74.png]]></small_image_url>
<image_url><![CDATA[https://s.gr-assets.com/assets/nophoto/book/111x148-bcc042a9c91a29c1d680899eff700a03.png]]></image_url>
<num_pages>224</num_pages>
<work>
<id>202936</id>
</work>
<isbn>8493264512</isbn>
<isbn13>9788493264512</isbn13>
<average_rating>3.34</average_rating>
<ratings_count>274</ratings_count>
<publication_year>2002</publication_year>
<publication_month></publication_month>
<publication_day></publication_day>
<authors>
<author>
<id>1001034</id>
<name>Lídia Jorge</name>
<link><![CDATA[https://www.goodreads.com/author/show/1001034.L_dia_Jorge]]></link>
</author>
</authors>
</book>

          <book>
<id>6507717</id>
<title>Fanny Owen</title>
<title_without_series>Fanny Owen</title_without_series>
<link><![CDATA[https://www.goodreads.com/book/show/6507717-fanny-owen]]></link>
<small_image_url><![CDATA[https://s.gr-assets.com/assets/nophoto/book/50x75-a91bf249278a81aabab721ef782c4a74.png]]></small_image_url>
<image_url><![CDATA[https://s.gr-assets.com/assets/nophoto/book/111x148-bcc042a9c91a29c1d680899eff700a03.png]]></image_url>
<num_pages>222</num_pages>
<work>
<id>6699329</id>
</work>
<isbn>8496075591</isbn>
<isbn13></isbn13>
<average_rating>3.34</average_rating>
<ratings_count>186</ratings_count>
<publication_year>2002</publication_year>
<publication_month></publication_month>
<publication_day></publication_day>
<authors>
<author>
<id>768025</id>
<name>Agustina Bessa-Luís</name>
<link><![CDATA[https://www.goodreads.com/author/show/768025.Agustina_Bessa_Lu_s]]></link>
</author>
</authors>
</book>

          <book>
<id>6377369</id>
<title>O Senhor Ventura</title>
<title_without_series>O Senhor Ventura</title_without_series>
<link><![CDATA[https://www.goodreads.com/book/show/6377369-o-senhor-ventura]]></link>
<small_image_url><![CDATA[https://images.gr-assets.com/books/1327331935s/6377369.jpg]]></small_image_url>
<image_url><![CDATA[https://images.gr-assets.com/books/1327331935m/6377369.jpg]]></image_url>
<num_pages>160</num_pages>
<work>
<id>6565122</id>
</work>
<isbn>849614237X</isbn>
<isbn13>9788496142374</isbn13>
<average_rating>3.45</average_rating>
<ratings_count>165</ratings_count>
<publication_year>2003</publication_year>
<publication_month></publication_month>
<publication_day></publication_day>
<authors>
<author>
<id>417737</id>
<name>Miguel Torga</name>
<link><![CDATA[https://www.goodreads.com/author/show/417737.Miguel_Torga]]></link>
</author>
</authors>
</book>

          <book>
<id>1871903</id>
<title><![CDATA[Era Bom Que Trocássemos Umas Ideias Sobre O Assunto]]></title>
<title_without_series><![CDATA[Era Bom Que Trocássemos Umas Ideias Sobre O Assunto]]></title_without_series>
<link><![CDATA[https://www.goodreads.com/book/show/1871903.Era_Bom_Que_Troc_ssemos_Umas_Ideias_Sobre_O_Assunto]]></link>
<small_image_url><![CDATA[https://s.gr-assets.com/assets/nophoto/book/50x75-a91bf249278a81aabab721ef782c4a74.png]]></small_image_url>
<image_url><![CDATA[https://s.gr-assets.com/assets/nophoto/book/111x148-bcc042a9c91a29c1d680899eff700a03.png]]></image_url>
<num_pages>213</num_pages>
<work>
<id>1872777</id>
</work>
<isbn>9722110195</isbn>
<isbn13>9789722110198</isbn13>
<average_rating>3.76</average_rating>
<ratings_count>265</ratings_count>
<publication_year>1995</publication_year>
<publication_month></publication_month>
<publication_day></publication_day>
<authors>
<author>
<id>546023</id>
<name>Mário de Carvalho</name>
<link><![CDATA[https://www.goodreads.com/author/show/546023.M_rio_de_Carvalho]]></link>
</author>
</authors>
</book>

          <book>
<id>6396289</id>
<title>O Caso Morel</title>
<title_without_series>O Caso Morel</title_without_series>
<link><![CDATA[https://www.goodreads.com/book/show/6396289-o-caso-morel]]></link>
<small_image_url><![CDATA[https://s.gr-assets.com/assets/nophoto/book/50x75-a91bf249278a81aabab721ef782c4a74.png]]></small_image_url>
<image_url><![CDATA[https://s.gr-assets.com/assets/nophoto/book/111x148-bcc042a9c91a29c1d680899eff700a03.png]]></image_url>
<num_pages>190</num_pages>
<work>
<id>6584909</id>
</work>
<isbn>8497892550</isbn>
<isbn13></isbn13>
<average_rating>3.81</average_rating>
<ratings_count>307</ratings_count>
<publication_year>2004</publication_year>
<publication_month>1</publication_month>
<publication_day></publication_day>
<authors>
<author>
<id>99606</id>
<name>Rubem Fonseca</name>
<link><![CDATA[https://www.goodreads.com/author/show/99606.Rubem_Fonseca]]></link>
</author>
</authors>
</book>

          <book>
<id>6359364</id>
<title>Húmus</title>
<title_without_series>Húmus</title_without_series>
<link><![CDATA[https://www.goodreads.com/book/show/6359364-h-mus]]></link>
<small_image_url><![CDATA[https://images.gr-assets.com/books/1446133332s/6359364.jpg]]></small_image_url>
<image_url><![CDATA[https://images.gr-assets.com/books/1446133332m/6359364.jpg]]></image_url>
<num_pages>221</num_pages>
<work>
<id>6546412</id>
</work>
<isbn>8496075605</isbn>
<isbn13></isbn13>
<average_rating>3.99</average_rating>
<ratings_count>259</ratings_count>
<publication_year>2003</publication_year>
<publication_month></publication_month>
<publication_day></publication_day>
<authors>
<author>
<id>2892642</id>
<name>Raul Brandão</name>
<link><![CDATA[https://www.goodreads.com/author/show/2892642.Raul_Brand_o]]></link>
</author>
</authors>
</book>

          <book>
<id>6510185</id>
<title>Sinais de Fogo</title>
<title_without_series>Sinais de Fogo</title_without_series>
<link><![CDATA[https://www.goodreads.com/book/show/6510185-sinais-de-fogo]]></link>
<small_image_url><![CDATA[https://images.gr-assets.com/books/1433982563s/6510185.jpg]]></small_image_url>
<image_url><![CDATA[https://images.gr-assets.com/books/1433982563m/6510185.jpg]]></image_url>
<num_pages>543</num_pages>
<work>
<id>1821823</id>
</work>
<isbn></isbn>
<isbn13></isbn13>
<average_rating>4.27</average_rating>
<ratings_count>318</ratings_count>
<publication_year>2003</publication_year>
<publication_month></publication_month>
<publication_day></publication_day>
<authors>
<author>
<id>211003</id>
<name>Jorge de Sena</name>
<link><![CDATA[https://www.goodreads.com/author/show/211003.Jorge_de_Sena]]></link>
</author>
</authors>
</book>

          <book>
<id>6484873</id>
<title>Gente Feliz com Lágrimas</title>
<title_without_series>Gente Feliz com Lágrimas</title_without_series>
<link><![CDATA[https://www.goodreads.com/book/show/6484873-gente-feliz-com-l-grimas]]></link>
<small_image_url><![CDATA[https://s.gr-assets.com/assets/nophoto/book/50x75-a91bf249278a81aabab721ef782c4a74.png]]></small_image_url>
<image_url><![CDATA[https://s.gr-assets.com/assets/nophoto/book/111x148-bcc042a9c91a29c1d680899eff700a03.png]]></image_url>
<num_pages>415</num_pages>
<work>
<id>6676204</id>
</work>
<isbn>8496075427</isbn>
<isbn13></isbn13>
<average_rating>3.80</average_rating>
<ratings_count>228</ratings_count>
<publication_year>2002</publication_year>
<publication_month></publication_month>
<publication_day></publication_day>
<authors>
<author>
<id>5555680</id>
<name>João de Melo</name>
<link><![CDATA[https://www.goodreads.com/author/show/5555680.Jo_o_de_Melo]]></link>
</author>
</authors>
</book>

          <book>
<id>181358</id>
<title>Hemingway: a Life Story</title>
<title_without_series>Hemingway: a Life Story</title_without_series>
<link><![CDATA[https://www.goodreads.com/book/show/181358.Hemingway]]></link>
<small_image_url><![CDATA[https://images.gr-assets.com/books/1391733936s/181358.jpg]]></small_image_url>
<image_url><![CDATA[https://images.gr-assets.com/books/1391733936m/181358.jpg]]></image_url>
<num_pages></num_pages>
<work>
<id>175240</id>
</work>
<isbn>068545827X</isbn>
<isbn13>9780685458273</isbn13>
<average_rating>4.14</average_rating>
<ratings_count>684</ratings_count>
<publication_year></publication_year>
<publication_month></publication_month>
<publication_day></publication_day>
<authors>
<author>
<id>7058</id>
<name>Carlos Baker</name>
<link><![CDATA[https://www.goodreads.com/author/show/7058.Carlos_Baker]]></link>
</author>
</authors>
</book>

          <book>
<id>1388454</id>
<title>Balada da Praia dos Cães</title>
<title_without_series>Balada da Praia dos Cães</title_without_series>
<link><![CDATA[https://www.goodreads.com/book/show/1388454.Balada_da_Praia_dos_C_es]]></link>
<small_image_url><![CDATA[https://images.gr-assets.com/books/1270000367s/1388454.jpg]]></small_image_url>
<image_url><![CDATA[https://images.gr-assets.com/books/1270000367m/1388454.jpg]]></image_url>
<num_pages>302</num_pages>
<work>
<id>1658074</id>
</work>
<isbn>9722007165</isbn>
<isbn13>9789722007160</isbn13>
<average_rating>3.66</average_rating>
<ratings_count>601</ratings_count>
<publication_year>2007</publication_year>
<publication_month></publication_month>
<publication_day></publication_day>
<authors>
<author>
<id>529551</id>
<name>José Cardoso Pires</name>
<link><![CDATA[https://www.goodreads.com/author/show/529551.Jos_Cardoso_Pires]]></link>
</author>
</authors>
</book>

          <book>
<id>10791</id>
<title>Papa Hemingway</title>
<title_without_series>Papa Hemingway</title_without_series>
<link><![CDATA[https://www.goodreads.com/book/show/10791.Papa_Hemingway]]></link>
<small_image_url><![CDATA[https://images.gr-assets.com/books/1322677932s/10791.jpg]]></small_image_url>
<image_url><![CDATA[https://images.gr-assets.com/books/1322677932m/10791.jpg]]></image_url>
<num_pages>381</num_pages>
<work>
<id>1259323</id>
</work>
<isbn></isbn>
<isbn13></isbn13>
<average_rating>4.09</average_rating>
<ratings_count>1441</ratings_count>
<publication_year>1966</publication_year>
<publication_month></publication_month>
<publication_day></publication_day>
<authors>
<author>
<id>2937536</id>
<name>A.E. Hotchner</name>
<link><![CDATA[https://www.goodreads.com/author/show/2937536.A_E_Hotchner]]></link>
</author>
</authors>
</book>

          <book>
<id>257504</id>
<title>The Electronic Revolution</title>
<title_without_series>The Electronic Revolution</title_without_series>
<link><![CDATA[https://www.goodreads.com/book/show/257504.The_Electronic_Revolution]]></link>
<small_image_url><![CDATA[https://s.gr-assets.com/assets/nophoto/book/50x75-a91bf249278a81aabab721ef782c4a74.png]]></small_image_url>
<image_url><![CDATA[https://s.gr-assets.com/assets/nophoto/book/111x148-bcc042a9c91a29c1d680899eff700a03.png]]></image_url>
<num_pages>136</num_pages>
<work>
<id>1893486</id>
</work>
<isbn>388030002X</isbn>
<isbn13>9783880300026</isbn13>
<average_rating>3.87</average_rating>
<ratings_count>334</ratings_count>
<publication_year></publication_year>
<publication_month></publication_month>
<publication_day></publication_day>
<authors>
<author>
<id>4462369</id>
<name>William S. Burroughs</name>
<link><![CDATA[https://www.goodreads.com/author/show/4462369.William_S_Burroughs]]></link>
</author>
</authors>
</book>

          <book>
<id>37390</id>
<title>The Pat Hobby Stories</title>
<title_without_series>The Pat Hobby Stories</title_without_series>
<link><![CDATA[https://www.goodreads.com/book/show/37390.The_Pat_Hobby_Stories]]></link>
<small_image_url><![CDATA[https://s.gr-assets.com/assets/nophoto/book/50x75-a91bf249278a81aabab721ef782c4a74.png]]></small_image_url>
<image_url><![CDATA[https://s.gr-assets.com/assets/nophoto/book/111x148-bcc042a9c91a29c1d680899eff700a03.png]]></image_url>
<num_pages>192</num_pages>
<work>
<id>1694360</id>
</work>
<isbn>0684804425</isbn>
<isbn13>9780684804422</isbn13>
<average_rating>3.59</average_rating>
<ratings_count>924</ratings_count>
<publication_year>1995</publication_year>
<publication_month>12</publication_month>
<publication_day>6</publication_day>
<authors>
<author>
<id>3190</id>
<name>F. Scott Fitzgerald</name>
<link><![CDATA[https://www.goodreads.com/author/show/3190.F_Scott_Fitzgerald]]></link>
</author>
</authors>
</book>

          <book>
<id>108219</id>
<title>Hemingway</title>
<title_without_series>Hemingway</title_without_series>
<link><![CDATA[https://www.goodreads.com/book/show/108219.Hemingway]]></link>
<small_image_url><![CDATA[https://s.gr-assets.com/assets/nophoto/book/50x75-a91bf249278a81aabab721ef782c4a74.png]]></small_image_url>
<image_url><![CDATA[https://s.gr-assets.com/assets/nophoto/book/111x148-bcc042a9c91a29c1d680899eff700a03.png]]></image_url>
<num_pages>702</num_pages>
<work>
<id>104286</id>
</work>
<isbn>0674387325</isbn>
<isbn13>9780674387324</isbn13>
<average_rating>3.93</average_rating>
<ratings_count>281</ratings_count>
<publication_year>1995</publication_year>
<publication_month>3</publication_month>
<publication_day>3</publication_day>
<authors>
<author>
<id>62585</id>
<name>Kenneth S. Lynn</name>
<link><![CDATA[https://www.goodreads.com/author/show/62585.Kenneth_S_Lynn]]></link>
</author>
</authors>
</book>

          <book>
<id>15606</id>
<title>McSweeney&apos;s #24</title>
<title_without_series>McSweeney&apos;s #24</title_without_series>
<link><![CDATA[https://www.goodreads.com/book/show/15606.McSweeney_s_24]]></link>
<small_image_url><![CDATA[https://images.gr-assets.com/books/1371308005s/15606.jpg]]></small_image_url>
<image_url><![CDATA[https://images.gr-assets.com/books/1371308005m/15606.jpg]]></image_url>
<num_pages>300</num_pages>
<work>
<id>2087245</id>
</work>
<isbn>1932416773</isbn>
<isbn13>9781932416770</isbn13>
<average_rating>3.81</average_rating>
<ratings_count>295</ratings_count>
<publication_year>2007</publication_year>
<publication_month>5</publication_month>
<publication_day>28</publication_day>
<authors>
<author>
<id>3371</id>
<name>Dave Eggers</name>
<link><![CDATA[https://www.goodreads.com/author/show/3371.Dave_Eggers]]></link>
</author>
</authors>
</book>

          <book>
<id>8190312</id>
<title>Nação Crioula</title>
<title_without_series>Nação Crioula</title_without_series>
<link><![CDATA[https://www.goodreads.com/book/show/8190312-na-o-crioula]]></link>
<small_image_url><![CDATA[https://s.gr-assets.com/assets/nophoto/book/50x75-a91bf249278a81aabab721ef782c4a74.png]]></small_image_url>
<image_url><![CDATA[https://s.gr-assets.com/assets/nophoto/book/111x148-bcc042a9c91a29c1d680899eff700a03.png]]></image_url>
<num_pages>160</num_pages>
<work>
<id>940161</id>
</work>
<isbn></isbn>
<isbn13></isbn13>
<average_rating>3.81</average_rating>
<ratings_count>349</ratings_count>
<publication_year>2010</publication_year>
<publication_month>4</publication_month>
<publication_day></publication_day>
<authors>
<author>
<id>484376</id>
<name>José Eduardo Agualusa</name>
<link><![CDATA[https://www.goodreads.com/author/show/484376.Jos_Eduardo_Agualusa]]></link>
</author>
</authors>
</book>

  </similar_books>
</book>

</GoodreadsResponse>