<?xml version="1.0" encoding="UTF-8"?>
<GoodreadsResponse>
  <Request>
    <authentication>true</authentication>
      <key><![CDATA[all_men_must_serve]]></key>
    <method><![CDATA[book_show]]></method>
  </Request>
  <book>
  <id>107783</id>
  <title><![CDATA[The Lion's Lady (Crown's Spies, #1)]]></title>
  <isbn><![CDATA[067173783X]]></isbn>
  <isbn13><![CDATA[9780671737832]]></isbn13>
  <asin><![CDATA[]]></asin>
  <kindle_asin><![CDATA[]]></kindle_asin>
  <marketplace_id><![CDATA[]]></marketplace_id>
  <country_code><![CDATA[GB]]></country_code>
  <image_url>https://images.gr-assets.com/books/1348750925m/107783.jpg</image_url>
  <small_image_url>https://images.gr-assets.com/books/1348750925s/107783.jpg</small_image_url>
  <publication_year>1991</publication_year>
  <publication_month>3</publication_month>
  <publication_day>1</publication_day>
  <publisher>Pocket Books</publisher>
  <language_code>eng</language_code>
  <is_ebook>false</is_ebook>
  <description><![CDATA[Christina Bennett had taken London society by storm. The ravishing beauty guarded the secret of her mysterious past until the night Lyon, Marquis of Lyonwood, stole a searching, sensuous kiss. An arrogant nobleman with a pirate's passions, he tasted the wild fire smoldering beneath Christina's cool charm and swore to possess her...<br /><br />But the feisty and defiant Christina would not be so easily conquered. Mistress of her heart and of her fortune, she resisted Lyon's sensuous caresses. She dared not surrender to his love...for then, she must also forsake her precious secret...and her promised destiny!]]></description>
  <work>
  <id type="integer">3245791</id>
  <books_count type="integer">40</books_count>
  <best_book_id type="integer">107783</best_book_id>
  <reviews_count type="integer">24613</reviews_count>
  <ratings_sum type="integer">71353</ratings_sum>
  <ratings_count type="integer">17158</ratings_count>
  <text_reviews_count type="integer">566</text_reviews_count>
  <original_publication_year type="integer">1988</original_publication_year>
  <original_publication_month type="integer">12</original_publication_month>
  <original_publication_day type="integer">1</original_publication_day>
  <original_title>The Lion's Lady</original_title>
  <original_language_id type="integer" nil="true"/>
  <media_type>book</media_type>
  <rating_dist>5:7391|4:5929|3:3129|2:586|1:123|total:17158</rating_dist>
  <desc_user_id type="integer">3848494</desc_user_id>
  <default_chaptering_book_id type="integer" nil="true"/>
  <default_description_language_code nil="true"/>
</work>
  <average_rating>4.16</average_rating>
  <num_pages><![CDATA[360]]></num_pages>
  <format><![CDATA[Mass Market Paperback]]></format>
  <edition_information><![CDATA[]]></edition_information>
  <ratings_count><![CDATA[15620]]></ratings_count>
  <text_reviews_count><![CDATA[431]]></text_reviews_count>
  <url><![CDATA[https://www.goodreads.com/book/show/107783.The_Lion_s_Lady]]></url>
  <link><![CDATA[https://www.goodreads.com/book/show/107783.The_Lion_s_Lady]]></link>
  <authors>
<author>
<id>6251</id>
<name>Julie Garwood</name>
<role></role>
<image_url nophoto='false'>
<![CDATA[https://images.gr-assets.com/authors/1414607796p5/6251.jpg]]>
</image_url>
<small_image_url nophoto='false'>
<![CDATA[https://images.gr-assets.com/authors/1414607796p2/6251.jpg]]>
</small_image_url>
<link><![CDATA[https://www.goodreads.com/author/show/6251.Julie_Garwood]]></link>
<average_rating>4.10</average_rating>
<ratings_count>475129</ratings_count>
<text_reviews_count>17259</text_reviews_count>
</author>
</authors>

    <reviews_widget>
      <![CDATA[
        <style>
  #goodreads-widget {
    font-family: georgia, serif;
    padding: 18px 0;
    width:565px;
  }
  #goodreads-widget h1 {
    font-weight:normal;
    font-size: 16px;
    border-bottom: 1px solid #BBB596;
    margin-bottom: 0;
  }
  #goodreads-widget a {
    text-decoration: none;
    color:#660;
  }
  iframe{
    background-color: #fff;
  }
  #goodreads-widget a:hover { text-decoration: underline; }
  #goodreads-widget a:active {
    color:#660;
  }
  #gr_footer {
    width: 100%;
    border-top: 1px solid #BBB596;
    text-align: right;
  }
  #goodreads-widget .gr_branding{
    color: #382110;
    font-size: 11px;
    text-decoration: none;
    font-family: "Helvetica Neue", Helvetica, Arial, sans-serif;
  }
</style>
<div id="goodreads-widget">
  <div id="gr_header"><h1><a rel="nofollow" href="https://www.goodreads.com/book/show/107783.The_Lion_s_Lady">The Lion&#39;s Lady Reviews</a></h1></div>
  <iframe id="the_iframe" src="https://www.goodreads.com/api/reviews_widget_iframe?did=DEVELOPER_ID&amp;format=html&amp;isbn=067173783X&amp;links=660&amp;min_rating=&amp;review_back=fff&amp;stars=000&amp;text=000" width="565" height="400" frameborder="0"></iframe>
  <div id="gr_footer">
    <a class="gr_branding" target="_blank" rel="nofollow" href="https://www.goodreads.com/book/show/107783.The_Lion_s_Lady?utm_medium=api&amp;utm_source=reviews_widget">Reviews from Goodreads.com</a>
  </div>
</div>

      ]]>
    </reviews_widget>
  <popular_shelves>
      <shelf name="historical-romance" count="768"/>
      <shelf name="historical" count="375"/>
      <shelf name="romance" count="314"/>
      <shelf name="julie-garwood" count="250"/>
      <shelf name="currently-reading" count="193"/>
      <shelf name="favorites" count="186"/>
      <shelf name="to-read" count="86"/>
      <shelf name="historical-fiction" count="83"/>
      <shelf name="regency" count="82"/>
      <shelf name="romance-historical" count="62"/>
      <shelf name="series" count="62"/>
      <shelf name="fiction" count="43"/>
      <shelf name="owned" count="42"/>
      <shelf name="adult" count="38"/>
      <shelf name="regency-romance" count="33"/>
      <shelf name="funny" count="28"/>
      <shelf name="kindle" count="28"/>
      <shelf name="ebook" count="25"/>
      <shelf name="default" count="24"/>
      <shelf name="garwood-julie" count="22"/>
      <shelf name="england" count="22"/>
      <shelf name="garwood" count="22"/>
      <shelf name="re-read" count="20"/>
      <shelf name="humor" count="18"/>
      <shelf name="virgin-heroine" count="17"/>
      <shelf name="paperback" count="17"/>
      <shelf name="books-i-own" count="16"/>
      <shelf name="first-in-series" count="16"/>
      <shelf name="favorite" count="15"/>
      <shelf name="5-stars" count="15"/>
      <shelf name="ebooks" count="13"/>
      <shelf name="e-book" count="13"/>
      <shelf name="alpha-male" count="12"/>
      <shelf name="audio" count="12"/>
      <shelf name="4-stars" count="12"/>
      <shelf name="historicals" count="12"/>
      <shelf name="audiobook" count="11"/>
      <shelf name="audiobooks" count="11"/>
      <shelf name="hr" count="11"/>
      <shelf name="read-in-2015" count="10"/>
      <shelf name="audible" count="10"/>
      <shelf name="e-books" count="10"/>
      <shelf name="alpha-hero" count="10"/>
      <shelf name="historical-romances" count="10"/>
      <shelf name="mystery" count="10"/>
      <shelf name="read-in-2016" count="9"/>
      <shelf name="historic" count="9"/>
      <shelf name="favorite-author" count="9"/>
      <shelf name="kick-ass-heroine" count="9"/>
      <shelf name="dnf" count="9"/>
      <shelf name="adult-fiction" count="9"/>
      <shelf name="1st-in-series" count="9"/>
      <shelf name="favourites" count="8"/>
      <shelf name="spy" count="8"/>
      <shelf name="my-books" count="8"/>
      <shelf name="favorite-authors" count="8"/>
      <shelf name="3-stars" count="7"/>
      <shelf name="favourite" count="7"/>
      <shelf name="part-of-series" count="7"/>
      <shelf name="favorite-books" count="7"/>
      <shelf name="4-star" count="7"/>
      <shelf name="humorous" count="7"/>
      <shelf name="part-of-a-series" count="7"/>
      <shelf name="read-in-2011" count="7"/>
      <shelf name="own-it" count="7"/>
      <shelf name="library" count="7"/>
      <shelf name="genre-historical" count="7"/>
      <shelf name="all-time-favorites" count="7"/>
      <shelf name="keeper" count="7"/>
      <shelf name="guilty-pleasures" count="7"/>
      <shelf name="read-in-2014" count="6"/>
      <shelf name="to-read-historical" count="6"/>
      <shelf name="native-american" count="6"/>
      <shelf name="maybe" count="6"/>
      <shelf name="kickass-heroine" count="6"/>
      <shelf name="romantic-suspense" count="6"/>
      <shelf name="pregnancy" count="6"/>
      <shelf name="suspense" count="6"/>
      <shelf name="read-historical" count="6"/>
      <shelf name="m-f" count="6"/>
      <shelf name="regency-era" count="6"/>
      <shelf name="my-library" count="6"/>
      <shelf name="historic-romance" count="6"/>
      <shelf name="nook" count="6"/>
      <shelf name="pirates" count="6"/>
      <shelf name="wish-list" count="6"/>
      <shelf name="historical-regency" count="6"/>
      <shelf name="historical-rom" count="6"/>
      <shelf name="2016-reads" count="5"/>
      <shelf name="virgin" count="5"/>
      <shelf name="amazon" count="5"/>
      <shelf name="guilty-pleasure" count="5"/>
      <shelf name="humour" count="5"/>
      <shelf name="audio-book" count="5"/>
      <shelf name="royalty" count="5"/>
      <shelf name="alpha" count="5"/>
      <shelf name="cute" count="5"/>
      <shelf name="audio-books" count="5"/>
      <shelf name="read-in-2013" count="5"/>
      <shelf name="possessive-hero" count="5"/>
  </popular_shelves>
  <book_links>
    <book_link>
  <id>8</id>
  <name>Libraries</name>
  <link>https://www.goodreads.com/book_link/follow/8</link>
</book_link>

  </book_links>
  <buy_links>
    <buy_link>
<id>1</id>
<name>Amazon</name>
<link>https://www.goodreads.com/book_link/follow/1</link>
</buy_link>
<buy_link>
<id>10</id>
<name>Audible</name>
<link>https://www.goodreads.com/book_link/follow/10</link>
</buy_link>
<buy_link>
<id>3</id>
<name>Barnes &amp; Noble</name>
<link>https://www.goodreads.com/book_link/follow/3</link>
</buy_link>
<buy_link>
<id>1027</id>
<name>Kobo</name>
<link>https://www.goodreads.com/book_link/follow/1027</link>
</buy_link>
<buy_link>
<id>2102</id>
<name>Apple iBooks</name>
<link>https://www.goodreads.com/book_link/follow/2102</link>
</buy_link>
<buy_link>
<id>8036</id>
<name>Google Play</name>
<link>https://www.goodreads.com/book_link/follow/8036</link>
</buy_link>
<buy_link>
<id>4</id>
<name>Abebooks</name>
<link>https://www.goodreads.com/book_link/follow/4</link>
</buy_link>
<buy_link>
<id>882</id>
<name>Book Depository</name>
<link>https://www.goodreads.com/book_link/follow/882</link>
</buy_link>
<buy_link>
<id>9</id>
<name>Indigo</name>
<link>https://www.goodreads.com/book_link/follow/9</link>
</buy_link>
<buy_link>
<id>2</id>
<name>Half.com</name>
<link>https://www.goodreads.com/book_link/follow/2</link>
</buy_link>
<buy_link>
<id>5</id>
<name>Alibris</name>
<link>https://www.goodreads.com/book_link/follow/5</link>
</buy_link>
<buy_link>
<id>107</id>
<name>Better World Books</name>
<link>https://www.goodreads.com/book_link/follow/107</link>
</buy_link>
<buy_link>
<id>7</id>
<name>IndieBound</name>
<link>https://www.goodreads.com/book_link/follow/7</link>
</buy_link>

  </buy_links>
  <series_works>
    <series_work>
<id>165777</id>
<user_position>1</user_position>
<series>
<id>41161</id>
<title>
<![CDATA[
    Crown's Spies
]]>
</title>
<description>
<![CDATA[
]]>
</description>
<note>
<![CDATA[
]]>
</note>
<series_works_count>6</series_works_count>
<primary_work_count>4</primary_work_count>
<numbered>true</numbered>
</series>

</series_work>

  </series_works>
  <similar_books>
          <book>
<id>201440</id>
<title><![CDATA[Tender Rebel (Malory-Anderson Family, #2)]]></title>
<title_without_series>Tender Rebel</title_without_series>
<link><![CDATA[https://www.goodreads.com/book/show/201440.Tender_Rebel]]></link>
<small_image_url><![CDATA[https://images.gr-assets.com/books/1331330032s/201440.jpg]]></small_image_url>
<image_url><![CDATA[https://images.gr-assets.com/books/1331330032m/201440.jpg]]></image_url>
<num_pages></num_pages>
<work>
<id>3105470</id>
</work>
<isbn>0380750864</isbn>
<isbn13>9780380750863</isbn13>
<average_rating>4.13</average_rating>
<ratings_count>12294</ratings_count>
<publication_year></publication_year>
<publication_month></publication_month>
<publication_day></publication_day>
<authors>
<author>
<id>29542</id>
<name>Johanna Lindsey</name>
<link><![CDATA[https://www.goodreads.com/author/show/29542.Johanna_Lindsey]]></link>
</author>
</authors>
</book>

          <book>
<id>958537</id>
<title><![CDATA[Lord of Fire (Knight Miscellany, #2)]]></title>
<title_without_series>Lord of Fire</title_without_series>
<link><![CDATA[https://www.goodreads.com/book/show/958537.Lord_of_Fire]]></link>
<small_image_url><![CDATA[https://s.gr-assets.com/assets/nophoto/book/50x75-a91bf249278a81aabab721ef782c4a74.png]]></small_image_url>
<image_url><![CDATA[https://s.gr-assets.com/assets/nophoto/book/111x148-bcc042a9c91a29c1d680899eff700a03.png]]></image_url>
<num_pages>407</num_pages>
<work>
<id>943447</id>
</work>
<isbn>0449006379</isbn>
<isbn13>9780449006375</isbn13>
<average_rating>4.03</average_rating>
<ratings_count>5171</ratings_count>
<publication_year>2002</publication_year>
<publication_month>3</publication_month>
<publication_day>26</publication_day>
<authors>
<author>
<id>83086</id>
<name>Gaelen Foley</name>
<link><![CDATA[https://www.goodreads.com/author/show/83086.Gaelen_Foley]]></link>
</author>
</authors>
</book>

          <book>
<id>129616</id>
<title><![CDATA[Something Wonderful (Sequels, #2)]]></title>
<title_without_series>Something Wonderful</title_without_series>
<link><![CDATA[https://www.goodreads.com/book/show/129616.Something_Wonderful]]></link>
<small_image_url><![CDATA[https://images.gr-assets.com/books/1435634530s/129616.jpg]]></small_image_url>
<image_url><![CDATA[https://images.gr-assets.com/books/1435634530m/129616.jpg]]></image_url>
<num_pages>418</num_pages>
<work>
<id>124838</id>
</work>
<isbn>0671737635</isbn>
<isbn13>9780671737634</isbn13>
<average_rating>4.33</average_rating>
<ratings_count>20941</ratings_count>
<publication_year>1991</publication_year>
<publication_month>1</publication_month>
<publication_day>1</publication_day>
<authors>
<author>
<id>9885</id>
<name>Judith McNaught</name>
<link><![CDATA[https://www.goodreads.com/author/show/9885.Judith_McNaught]]></link>
</author>
</authors>
</book>

          <book>
<id>6264710</id>
<title><![CDATA[Tempt Me at Twilight (The Hathaways, #3)]]></title>
<title_without_series>Tempt Me at Twilight</title_without_series>
<link><![CDATA[https://www.goodreads.com/book/show/6264710-tempt-me-at-twilight]]></link>
<small_image_url><![CDATA[https://images.gr-assets.com/books/1380326419s/6264710.jpg]]></small_image_url>
<image_url><![CDATA[https://images.gr-assets.com/books/1380326419m/6264710.jpg]]></image_url>
<num_pages>373</num_pages>
<work>
<id>6447962</id>
</work>
<isbn>0312949820</isbn>
<isbn13>9780312949822</isbn13>
<average_rating>4.18</average_rating>
<ratings_count>25070</ratings_count>
<publication_year>2009</publication_year>
<publication_month>9</publication_month>
<publication_day>22</publication_day>
<authors>
<author>
<id>27847</id>
<name>Lisa Kleypas</name>
<link><![CDATA[https://www.goodreads.com/author/show/27847.Lisa_Kleypas]]></link>
</author>
</authors>
</book>

          <book>
<id>833923</id>
<title><![CDATA[England's Perfect Hero (Lessons in Love, #3)]]></title>
<title_without_series>England&apos;s Perfect Hero</title_without_series>
<link><![CDATA[https://www.goodreads.com/book/show/833923.England_s_Perfect_Hero]]></link>
<small_image_url><![CDATA[https://images.gr-assets.com/books/1331516514s/833923.jpg]]></small_image_url>
<image_url><![CDATA[https://images.gr-assets.com/books/1331516514m/833923.jpg]]></image_url>
<num_pages>374</num_pages>
<work>
<id>2556108</id>
</work>
<isbn>0060543132</isbn>
<isbn13>9780060543136</isbn13>
<average_rating>4.08</average_rating>
<ratings_count>5395</ratings_count>
<publication_year>2004</publication_year>
<publication_month>2</publication_month>
<publication_day>24</publication_day>
<authors>
<author>
<id>23294</id>
<name>Suzanne Enoch</name>
<link><![CDATA[https://www.goodreads.com/author/show/23294.Suzanne_Enoch]]></link>
</author>
</authors>
</book>

          <book>
<id>363499</id>
<title>Devil&apos;s Bride (Cynster, #1)</title>
<title_without_series>Devil&apos;s Bride</title_without_series>
<link><![CDATA[https://www.goodreads.com/book/show/363499.Devil_s_Bride]]></link>
<small_image_url><![CDATA[https://s.gr-assets.com/assets/nophoto/book/50x75-a91bf249278a81aabab721ef782c4a74.png]]></small_image_url>
<image_url><![CDATA[https://s.gr-assets.com/assets/nophoto/book/111x148-bcc042a9c91a29c1d680899eff700a03.png]]></image_url>
<num_pages>388</num_pages>
<work>
<id>2524956</id>
</work>
<isbn>038079456X</isbn>
<isbn13>9780380794560</isbn13>
<average_rating>4.10</average_rating>
<ratings_count>14861</ratings_count>
<publication_year></publication_year>
<publication_month></publication_month>
<publication_day></publication_day>
<authors>
<author>
<id>9241</id>
<name>Stephanie Laurens</name>
<link><![CDATA[https://www.goodreads.com/author/show/9241.Stephanie_Laurens]]></link>
</author>
</authors>
</book>

          <book>
<id>247093</id>
<title><![CDATA[Born in Sin (Brotherhood of the Sword #3/MacAllister, #2)]]></title>
<title_without_series>Born in Sin</title_without_series>
<link><![CDATA[https://www.goodreads.com/book/show/247093.Born_in_Sin]]></link>
<small_image_url><![CDATA[https://images.gr-assets.com/books/1327876212s/247093.jpg]]></small_image_url>
<image_url><![CDATA[https://images.gr-assets.com/books/1327876212m/247093.jpg]]></image_url>
<num_pages>372</num_pages>
<work>
<id>239390</id>
</work>
<isbn>038081790X</isbn>
<isbn13>9780380817900</isbn13>
<average_rating>4.24</average_rating>
<ratings_count>7529</ratings_count>
<publication_year>2003</publication_year>
<publication_month></publication_month>
<publication_day></publication_day>
<authors>
<author>
<id>34820</id>
<name>Kinley MacGregor</name>
<link><![CDATA[https://www.goodreads.com/author/show/34820.Kinley_MacGregor]]></link>
</author>
</authors>
</book>

          <book>
<id>110382</id>
<title><![CDATA[Splendid (The Splendid Trilogy, #1)]]></title>
<title_without_series>Splendid</title_without_series>
<link><![CDATA[https://www.goodreads.com/book/show/110382.Splendid]]></link>
<small_image_url><![CDATA[https://images.gr-assets.com/books/1274212629s/110382.jpg]]></small_image_url>
<image_url><![CDATA[https://images.gr-assets.com/books/1274212629m/110382.jpg]]></image_url>
<num_pages>396</num_pages>
<work>
<id>106381</id>
</work>
<isbn>0380780747</isbn>
<isbn13>9780380780747</isbn13>
<average_rating>3.93</average_rating>
<ratings_count>13036</ratings_count>
<publication_year>2003</publication_year>
<publication_month>8</publication_month>
<publication_day>26</publication_day>
<authors>
<author>
<id>63898</id>
<name>Julia Quinn</name>
<link><![CDATA[https://www.goodreads.com/author/show/63898.Julia_Quinn]]></link>
</author>
</authors>
</book>

          <book>
<id>247373</id>
<title>Dangerous</title>
<title_without_series>Dangerous</title_without_series>
<link><![CDATA[https://www.goodreads.com/book/show/247373.Dangerous]]></link>
<small_image_url><![CDATA[https://s.gr-assets.com/assets/nophoto/book/50x75-a91bf249278a81aabab721ef782c4a74.png]]></small_image_url>
<image_url><![CDATA[https://s.gr-assets.com/assets/nophoto/book/111x148-bcc042a9c91a29c1d680899eff700a03.png]]></image_url>
<num_pages>339</num_pages>
<work>
<id>2028618</id>
</work>
<isbn>0553293176</isbn>
<isbn13>9780553293173</isbn13>
<average_rating>3.95</average_rating>
<ratings_count>7256</ratings_count>
<publication_year>1993</publication_year>
<publication_month>4</publication_month>
<publication_day></publication_day>
<authors>
<author>
<id>42211</id>
<name>Amanda Quick</name>
<link><![CDATA[https://www.goodreads.com/author/show/42211.Amanda_Quick]]></link>
</author>
</authors>
</book>

          <book>
<id>7070067</id>
<title><![CDATA[Lady Isabella's Scandalous Marriage (MacKenzies & McBrides, #2)]]></title>
<title_without_series><![CDATA[Lady Isabella's Scandalous Marriage]]></title_without_series>
<link><![CDATA[https://www.goodreads.com/book/show/7070067-lady-isabella-s-scandalous-marriage]]></link>
<small_image_url><![CDATA[https://images.gr-assets.com/books/1322336962s/7070067.jpg]]></small_image_url>
<image_url><![CDATA[https://images.gr-assets.com/books/1322336962m/7070067.jpg]]></image_url>
<num_pages>316</num_pages>
<work>
<id>7323377</id>
</work>
<isbn>0425235459</isbn>
<isbn13>9780425235454</isbn13>
<average_rating>3.95</average_rating>
<ratings_count>11124</ratings_count>
<publication_year>2010</publication_year>
<publication_month>7</publication_month>
<publication_day>6</publication_day>
<authors>
<author>
<id>28569</id>
<name>Jennifer Ashley</name>
<link><![CDATA[https://www.goodreads.com/author/show/28569.Jennifer_Ashley]]></link>
</author>
</authors>
</book>

          <book>
<id>5841519</id>
<title><![CDATA[Surrender to the Devil (Scoundrels of St. James, #3)]]></title>
<title_without_series>Surrender to the Devil</title_without_series>
<link><![CDATA[https://www.goodreads.com/book/show/5841519-surrender-to-the-devil]]></link>
<small_image_url><![CDATA[https://images.gr-assets.com/books/1322214177s/5841519.jpg]]></small_image_url>
<image_url><![CDATA[https://images.gr-assets.com/books/1322214177m/5841519.jpg]]></image_url>
<num_pages>384</num_pages>
<work>
<id>6013659</id>
</work>
<isbn>0061733997</isbn>
<isbn13>9780061733994</isbn13>
<average_rating>3.99</average_rating>
<ratings_count>4384</ratings_count>
<publication_year>2009</publication_year>
<publication_month>6</publication_month>
<publication_day>30</publication_day>
<authors>
<author>
<id>104926</id>
<name>Lorraine Heath</name>
<link><![CDATA[https://www.goodreads.com/author/show/104926.Lorraine_Heath]]></link>
</author>
</authors>
</book>

  </similar_books>
</book>

</GoodreadsResponse>