<?xml version="1.0" encoding="UTF-8"?>
<GoodreadsResponse>
  <Request>
    <authentication>true</authentication>
      <key><![CDATA[all_men_must_serve]]></key>
    <method><![CDATA[book_show]]></method>
  </Request>
  <book>
  <id>10798416</id>
  <title><![CDATA[The Statistical Probability of Love at First Sight]]></title>
  <isbn><![CDATA[0316122386]]></isbn>
  <isbn13><![CDATA[9780316122382]]></isbn13>
  <asin><![CDATA[]]></asin>
  <kindle_asin><![CDATA[B00699MAEU]]></kindle_asin>
  <marketplace_id><![CDATA[A1F83G8C2ARO7P]]></marketplace_id>
  <country_code><![CDATA[GB]]></country_code>
  <image_url>https://images.gr-assets.com/books/1337187623m/10798416.jpg</image_url>
  <small_image_url>https://images.gr-assets.com/books/1337187623s/10798416.jpg</small_image_url>
  <publication_year>2012</publication_year>
  <publication_month>1</publication_month>
  <publication_day>2</publication_day>
  <publisher>Poppy/Little Brown</publisher>
  <language_code>eng</language_code>
  <is_ebook>false</is_ebook>
  <description><![CDATA[Who would have guessed that four minutes could change everything?<br /><br />Today should be one of the worst days of seventeen-year-old Hadley Sullivan's life. Having missed her flight, she's stuck at JFK airport and late to her father's second wedding, which is taking place in London and involves a soon-to-be stepmother Hadley's never even met. Then she meets the perfect boy in the airport's cramped waiting area. His name is Oliver, he's British, and he's sitting in her row.<br /><br />A long night on the plane passes in the blink of an eye, and Hadley and Oliver lose track of each other in the airport chaos upon arrival. Can fate intervene to bring them together once more?<br /><br />Quirks of timing play out in this romantic and cinematic novel about family connections, second chances, and first loves. Set over a twenty-four-hour-period, Hadley and Oliver's story will make you believe that true love finds you when you're least expecting it.]]></description>
  <work>
  <id type="integer">15464655</id>
  <books_count type="integer">59</books_count>
  <best_book_id type="integer">10798416</best_book_id>
  <reviews_count type="integer">226520</reviews_count>
  <ratings_sum type="integer">364031</ratings_sum>
  <ratings_count type="integer">95902</ratings_count>
  <text_reviews_count type="integer">9598</text_reviews_count>
  <original_publication_year type="integer">2012</original_publication_year>
  <original_publication_month type="integer">1</original_publication_month>
  <original_publication_day type="integer">2</original_publication_day>
  <original_title>The Statistical Probability of Love at First Sight</original_title>
  <original_language_id type="integer" nil="true"/>
  <media_type>book</media_type>
  <rating_dist>5:28364|4:32120|3:25465|2:7383|1:2570|total:95902</rating_dist>
  <desc_user_id type="integer">13895631</desc_user_id>
  <default_chaptering_book_id type="integer" nil="true"/>
  <default_description_language_code nil="true"/>
</work>
  <average_rating>3.80</average_rating>
  <num_pages><![CDATA[236]]></num_pages>
  <format><![CDATA[Hardcover]]></format>
  <edition_information><![CDATA[]]></edition_information>
  <ratings_count><![CDATA[89402]]></ratings_count>
  <text_reviews_count><![CDATA[8293]]></text_reviews_count>
  <url><![CDATA[https://www.goodreads.com/book/show/10798416-the-statistical-probability-of-love-at-first-sight]]></url>
  <link><![CDATA[https://www.goodreads.com/book/show/10798416-the-statistical-probability-of-love-at-first-sight]]></link>
  <authors>
<author>
<id>805184</id>
<name>Jennifer E. Smith</name>
<role></role>
<image_url nophoto='false'>
<![CDATA[https://images.gr-assets.com/authors/1485744854p5/805184.jpg]]>
</image_url>
<small_image_url nophoto='false'>
<![CDATA[https://images.gr-assets.com/authors/1485744854p2/805184.jpg]]>
</small_image_url>
<link><![CDATA[https://www.goodreads.com/author/show/805184.Jennifer_E_Smith]]></link>
<average_rating>3.74</average_rating>
<ratings_count>189036</ratings_count>
<text_reviews_count>22377</text_reviews_count>
</author>
</authors>

    <reviews_widget>
      <![CDATA[
        <style>
  #goodreads-widget {
    font-family: georgia, serif;
    padding: 18px 0;
    width:565px;
  }
  #goodreads-widget h1 {
    font-weight:normal;
    font-size: 16px;
    border-bottom: 1px solid #BBB596;
    margin-bottom: 0;
  }
  #goodreads-widget a {
    text-decoration: none;
    color:#660;
  }
  iframe{
    background-color: #fff;
  }
  #goodreads-widget a:hover { text-decoration: underline; }
  #goodreads-widget a:active {
    color:#660;
  }
  #gr_footer {
    width: 100%;
    border-top: 1px solid #BBB596;
    text-align: right;
  }
  #goodreads-widget .gr_branding{
    color: #382110;
    font-size: 11px;
    text-decoration: none;
    font-family: "Helvetica Neue", Helvetica, Arial, sans-serif;
  }
</style>
<div id="goodreads-widget">
  <div id="gr_header"><h1><a rel="nofollow" href="https://www.goodreads.com/book/show/10798416-the-statistical-probability-of-love-at-first-sight">The Statistical Probability of Love at First Sight Reviews</a></h1></div>
  <iframe id="the_iframe" src="https://www.goodreads.com/api/reviews_widget_iframe?did=DEVELOPER_ID&amp;format=html&amp;isbn=0316122386&amp;links=660&amp;min_rating=&amp;review_back=fff&amp;stars=000&amp;text=000" width="565" height="400" frameborder="0"></iframe>
  <div id="gr_footer">
    <a class="gr_branding" target="_blank" rel="nofollow" href="https://www.goodreads.com/book/show/10798416-the-statistical-probability-of-love-at-first-sight?utm_medium=api&amp;utm_source=reviews_widget">Reviews from Goodreads.com</a>
  </div>
</div>

      ]]>
    </reviews_widget>
  <popular_shelves>
      <shelf name="to-read" count="121685"/>
      <shelf name="young-adult" count="2201"/>
      <shelf name="romance" count="1760"/>
      <shelf name="favorites" count="1708"/>
      <shelf name="contemporary" count="1321"/>
      <shelf name="currently-reading" count="1319"/>
      <shelf name="ya" count="1151"/>
      <shelf name="books-i-own" count="676"/>
      <shelf name="fiction" count="370"/>
      <shelf name="realistic-fiction" count="347"/>
      <shelf name="owned" count="320"/>
      <shelf name="chick-lit" count="318"/>
      <shelf name="read-in-2012" count="247"/>
      <shelf name="to-buy" count="211"/>
      <shelf name="read-in-2014" count="191"/>
      <shelf name="ya-contemporary" count="181"/>
      <shelf name="read-in-2013" count="174"/>
      <shelf name="stand-alone" count="174"/>
      <shelf name="ebook" count="171"/>
      <shelf name="owned-books" count="149"/>
      <shelf name="favourites" count="144"/>
      <shelf name="kindle" count="144"/>
      <shelf name="teen" count="139"/>
      <shelf name="ebooks" count="138"/>
      <shelf name="library" count="130"/>
      <shelf name="ya-fiction" count="120"/>
      <shelf name="wish-list" count="117"/>
      <shelf name="ya-romance" count="111"/>
      <shelf name="contemporary-romance" count="111"/>
      <shelf name="read-in-2015" count="94"/>
      <shelf name="love" count="93"/>
      <shelf name="read-2012" count="85"/>
      <shelf name="family" count="83"/>
      <shelf name="realistic" count="80"/>
      <shelf name="young-adult-fiction" count="78"/>
      <shelf name="read-2013" count="77"/>
      <shelf name="cute" count="75"/>
      <shelf name="i-own" count="75"/>
      <shelf name="my-books" count="74"/>
      <shelf name="read-2014" count="74"/>
      <shelf name="reviewed" count="72"/>
      <shelf name="2012-reads" count="69"/>
      <shelf name="stand-alones" count="69"/>
      <shelf name="standalone" count="68"/>
      <shelf name="contemporary-fiction" count="67"/>
      <shelf name="2013-reads" count="64"/>
      <shelf name="e-books" count="63"/>
      <shelf name="travel" count="63"/>
      <shelf name="4-stars" count="59"/>
      <shelf name="e-book" count="59"/>
      <shelf name="2014-reads" count="59"/>
      <shelf name="ya-lit" count="56"/>
      <shelf name="read-in-2016" count="54"/>
      <shelf name="ya-books" count="53"/>
      <shelf name="favorite-books" count="52"/>
      <shelf name="contemporary-ya" count="52"/>
      <shelf name="3-stars" count="52"/>
      <shelf name="teen-fiction" count="51"/>
      <shelf name="read-2015" count="49"/>
      <shelf name="cover-love" count="47"/>
      <shelf name="summer-reads" count="47"/>
      <shelf name="favorite" count="45"/>
      <shelf name="meh" count="44"/>
      <shelf name="teen-romance" count="43"/>
      <shelf name="5-stars" count="43"/>
      <shelf name="2015-reads" count="42"/>
      <shelf name="read-in-english" count="42"/>
      <shelf name="drama" count="42"/>
      <shelf name="library-books" count="41"/>
      <shelf name="all-time-favorites" count="41"/>
      <shelf name="maybe" count="40"/>
      <shelf name="dnf" count="39"/>
      <shelf name="want-to-read" count="39"/>
      <shelf name="made-me-cry" count="38"/>
      <shelf name="books" count="38"/>
      <shelf name="books-to-buy" count="38"/>
      <shelf name="2012-release" count="38"/>
      <shelf name="audiobook" count="37"/>
      <shelf name="on-my-shelf" count="37"/>
      <shelf name="love-story" count="36"/>
      <shelf name="high-school" count="36"/>
      <shelf name="english" count="35"/>
      <shelf name="standalones" count="35"/>
      <shelf name="england" count="35"/>
      <shelf name="tbr" count="34"/>
      <shelf name="coming-of-age" count="34"/>
      <shelf name="arc" count="34"/>
      <shelf name="london" count="33"/>
      <shelf name="love-stories" count="33"/>
      <shelf name="my-bookshelf" count="33"/>
      <shelf name="have" count="33"/>
      <shelf name="borrowed" count="32"/>
      <shelf name="novels" count="32"/>
      <shelf name="netgalley" count="32"/>
      <shelf name="young-adult-romance" count="32"/>
      <shelf name="need-to-buy" count="32"/>
      <shelf name="divorce" count="30"/>
      <shelf name="must-read" count="29"/>
      <shelf name="jennifer-e-smith" count="29"/>
      <shelf name="finished" count="29"/>
  </popular_shelves>
  <book_links>
    <book_link>
  <id>8</id>
  <name>Libraries</name>
  <link>https://www.goodreads.com/book_link/follow/8</link>
</book_link>

  </book_links>
  <buy_links>
    <buy_link>
<id>1</id>
<name>Amazon</name>
<link>https://www.goodreads.com/book_link/follow/1</link>
</buy_link>
<buy_link>
<id>10</id>
<name>Audible</name>
<link>https://www.goodreads.com/book_link/follow/10</link>
</buy_link>
<buy_link>
<id>3</id>
<name>Barnes &amp; Noble</name>
<link>https://www.goodreads.com/book_link/follow/3</link>
</buy_link>
<buy_link>
<id>1027</id>
<name>Kobo</name>
<link>https://www.goodreads.com/book_link/follow/1027</link>
</buy_link>
<buy_link>
<id>2102</id>
<name>Apple iBooks</name>
<link>https://www.goodreads.com/book_link/follow/2102</link>
</buy_link>
<buy_link>
<id>8036</id>
<name>Google Play</name>
<link>https://www.goodreads.com/book_link/follow/8036</link>
</buy_link>
<buy_link>
<id>4</id>
<name>Abebooks</name>
<link>https://www.goodreads.com/book_link/follow/4</link>
</buy_link>
<buy_link>
<id>882</id>
<name>Book Depository</name>
<link>https://www.goodreads.com/book_link/follow/882</link>
</buy_link>
<buy_link>
<id>9</id>
<name>Indigo</name>
<link>https://www.goodreads.com/book_link/follow/9</link>
</buy_link>
<buy_link>
<id>2</id>
<name>Half.com</name>
<link>https://www.goodreads.com/book_link/follow/2</link>
</buy_link>
<buy_link>
<id>5</id>
<name>Alibris</name>
<link>https://www.goodreads.com/book_link/follow/5</link>
</buy_link>
<buy_link>
<id>107</id>
<name>Better World Books</name>
<link>https://www.goodreads.com/book_link/follow/107</link>
</buy_link>
<buy_link>
<id>7</id>
<name>IndieBound</name>
<link>https://www.goodreads.com/book_link/follow/7</link>
</buy_link>

  </buy_links>
  <series_works>
    
  </series_works>
  <similar_books>
          <book>
<id>10194548</id>
<title>Ditched: A Love Story</title>
<title_without_series>Ditched: A Love Story</title_without_series>
<link><![CDATA[https://www.goodreads.com/book/show/10194548-ditched]]></link>
<small_image_url><![CDATA[https://images.gr-assets.com/books/1327879478s/10194548.jpg]]></small_image_url>
<image_url><![CDATA[https://images.gr-assets.com/books/1327879478m/10194548.jpg]]></image_url>
<num_pages>277</num_pages>
<work>
<id>15093724</id>
</work>
<isbn>1423143388</isbn>
<isbn13>9781423143383</isbn13>
<average_rating>3.60</average_rating>
<ratings_count>3205</ratings_count>
<publication_year>2012</publication_year>
<publication_month>1</publication_month>
<publication_day>10</publication_day>
<authors>
<author>
<id>4575379</id>
<name>Robin Mellom</name>
<link><![CDATA[https://www.goodreads.com/author/show/4575379.Robin_Mellom]]></link>
</author>
</authors>
</book>

          <book>
<id>11699055</id>
<title>The Disenchantments</title>
<title_without_series>The Disenchantments</title_without_series>
<link><![CDATA[https://www.goodreads.com/book/show/11699055-the-disenchantments]]></link>
<small_image_url><![CDATA[https://images.gr-assets.com/books/1309200951s/11699055.jpg]]></small_image_url>
<image_url><![CDATA[https://images.gr-assets.com/books/1309200951m/11699055.jpg]]></image_url>
<num_pages>310</num_pages>
<work>
<id>16646156</id>
</work>
<isbn>0525422196</isbn>
<isbn13>9780525422198</isbn13>
<average_rating>3.74</average_rating>
<ratings_count>7805</ratings_count>
<publication_year>2012</publication_year>
<publication_month>2</publication_month>
<publication_day>16</publication_day>
<authors>
<author>
<id>2889003</id>
<name>Nina LaCour</name>
<link><![CDATA[https://www.goodreads.com/author/show/2889003.Nina_LaCour]]></link>
</author>
</authors>
</book>

          <book>
<id>11698943</id>
<title>The Fine Art of Truth or Dare</title>
<title_without_series>The Fine Art of Truth or Dare</title_without_series>
<link><![CDATA[https://www.goodreads.com/book/show/11698943-the-fine-art-of-truth-or-dare]]></link>
<small_image_url><![CDATA[https://images.gr-assets.com/books/1310841888s/11698943.jpg]]></small_image_url>
<image_url><![CDATA[https://images.gr-assets.com/books/1310841888m/11698943.jpg]]></image_url>
<num_pages>380</num_pages>
<work>
<id>16646043</id>
</work>
<isbn>0142420905</isbn>
<isbn13>9780142420904</isbn13>
<average_rating>3.32</average_rating>
<ratings_count>7354</ratings_count>
<publication_year>2012</publication_year>
<publication_month>2</publication_month>
<publication_day>16</publication_day>
<authors>
<author>
<id>4432824</id>
<name>Melissa Jensen</name>
<link><![CDATA[https://www.goodreads.com/author/show/4432824.Melissa_Jensen]]></link>
</author>
</authors>
</book>

          <book>
<id>8734467</id>
<title>Sean Griswold&apos;s Head</title>
<title_without_series>Sean Griswold&apos;s Head</title_without_series>
<link><![CDATA[https://www.goodreads.com/book/show/8734467-sean-griswold-s-head]]></link>
<small_image_url><![CDATA[https://images.gr-assets.com/books/1312038442s/8734467.jpg]]></small_image_url>
<image_url><![CDATA[https://images.gr-assets.com/books/1312038442m/8734467.jpg]]></image_url>
<num_pages>288</num_pages>
<work>
<id>13492111</id>
</work>
<isbn>1599904985</isbn>
<isbn13>9781599904986</isbn13>
<average_rating>3.78</average_rating>
<ratings_count>5748</ratings_count>
<publication_year>2011</publication_year>
<publication_month>3</publication_month>
<publication_day>1</publication_day>
<authors>
<author>
<id>2945688</id>
<name>Lindsey Leavitt</name>
<link><![CDATA[https://www.goodreads.com/author/show/2945688.Lindsey_Leavitt]]></link>
</author>
</authors>
</book>

          <book>
<id>11387392</id>
<title><![CDATA[The Catastrophic History of You and Me]]></title>
<title_without_series><![CDATA[The Catastrophic History of You and Me]]></title_without_series>
<link><![CDATA[https://www.goodreads.com/book/show/11387392-the-catastrophic-history-of-you-and-me]]></link>
<small_image_url><![CDATA[https://images.gr-assets.com/books/1327879884s/11387392.jpg]]></small_image_url>
<image_url><![CDATA[https://images.gr-assets.com/books/1327879884m/11387392.jpg]]></image_url>
<num_pages>375</num_pages>
<work>
<id>10965894</id>
</work>
<isbn>0803737203</isbn>
<isbn13>9780803737204</isbn13>
<average_rating>4.04</average_rating>
<ratings_count>14184</ratings_count>
<publication_year>2012</publication_year>
<publication_month>2</publication_month>
<publication_day>21</publication_day>
<authors>
<author>
<id>3415819</id>
<name>Jess Rothenberg</name>
<link><![CDATA[https://www.goodreads.com/author/show/3415819.Jess_Rothenberg]]></link>
</author>
</authors>
</book>

          <book>
<id>12154294</id>
<title>Getting Over Garrett Delaney</title>
<title_without_series>Getting Over Garrett Delaney</title_without_series>
<link><![CDATA[https://www.goodreads.com/book/show/12154294-getting-over-garrett-delaney]]></link>
<small_image_url><![CDATA[https://images.gr-assets.com/books/1316979607s/12154294.jpg]]></small_image_url>
<image_url><![CDATA[https://images.gr-assets.com/books/1316979607m/12154294.jpg]]></image_url>
<num_pages>336</num_pages>
<work>
<id>17125047</id>
</work>
<isbn>0763655074</isbn>
<isbn13>9780763655075</isbn13>
<average_rating>3.75</average_rating>
<ratings_count>5664</ratings_count>
<publication_year>2012</publication_year>
<publication_month>1</publication_month>
<publication_day>24</publication_day>
<authors>
<author>
<id>2717365</id>
<name>Abby McDonald</name>
<link><![CDATA[https://www.goodreads.com/author/show/2717365.Abby_McDonald]]></link>
</author>
</authors>
</book>

          <book>
<id>10378650</id>
<title>Try Not to Breathe</title>
<title_without_series>Try Not to Breathe</title_without_series>
<link><![CDATA[https://www.goodreads.com/book/show/10378650-try-not-to-breathe]]></link>
<small_image_url><![CDATA[https://images.gr-assets.com/books/1320531249s/10378650.jpg]]></small_image_url>
<image_url><![CDATA[https://images.gr-assets.com/books/1320531249m/10378650.jpg]]></image_url>
<num_pages>272</num_pages>
<work>
<id>15282107</id>
</work>
<isbn>1101566906</isbn>
<isbn13>9781101566909</isbn13>
<average_rating>3.69</average_rating>
<ratings_count>2644</ratings_count>
<publication_year>2012</publication_year>
<publication_month>1</publication_month>
<publication_day>19</publication_day>
<authors>
<author>
<id>15985883</id>
<name>Jennifer R. Hubbard</name>
<link><![CDATA[https://www.goodreads.com/author/show/15985883.Jennifer_R_Hubbard]]></link>
</author>
</authors>
</book>

          <book>
<id>12049227</id>
<title>In Honor</title>
<title_without_series>In Honor</title_without_series>
<link><![CDATA[https://www.goodreads.com/book/show/12049227-in-honor]]></link>
<small_image_url><![CDATA[https://images.gr-assets.com/books/1333626377s/12049227.jpg]]></small_image_url>
<image_url><![CDATA[https://images.gr-assets.com/books/1333626377m/12049227.jpg]]></image_url>
<num_pages>235</num_pages>
<work>
<id>17016133</id>
</work>
<isbn>1442416971</isbn>
<isbn13>9781442416970</isbn13>
<average_rating>3.70</average_rating>
<ratings_count>8128</ratings_count>
<publication_year>2012</publication_year>
<publication_month>5</publication_month>
<publication_day>8</publication_day>
<authors>
<author>
<id>4106087</id>
<name>Jessi Kirby</name>
<link><![CDATA[https://www.goodreads.com/author/show/4106087.Jessi_Kirby]]></link>
</author>
</authors>
</book>

          <book>
<id>12478533</id>
<title>Bittersweet</title>
<title_without_series>Bittersweet</title_without_series>
<link><![CDATA[https://www.goodreads.com/book/show/12478533-bittersweet]]></link>
<small_image_url><![CDATA[https://images.gr-assets.com/books/1319941064s/12478533.jpg]]></small_image_url>
<image_url><![CDATA[https://images.gr-assets.com/books/1319941064m/12478533.jpg]]></image_url>
<num_pages>378</num_pages>
<work>
<id>17462973</id>
</work>
<isbn>1442430354</isbn>
<isbn13>9781442430358</isbn13>
<average_rating>3.77</average_rating>
<ratings_count>11083</ratings_count>
<publication_year>2012</publication_year>
<publication_month>1</publication_month>
<publication_day>3</publication_day>
<authors>
<author>
<id>2188726</id>
<name>Sarah Ockler</name>
<link><![CDATA[https://www.goodreads.com/author/show/2188726.Sarah_Ockler]]></link>
</author>
</authors>
</book>

          <book>
<id>9807262</id>
<title>Wanderlove</title>
<title_without_series>Wanderlove</title_without_series>
<link><![CDATA[https://www.goodreads.com/book/show/9807262-wanderlove]]></link>
<small_image_url><![CDATA[https://images.gr-assets.com/books/1327877152s/9807262.jpg]]></small_image_url>
<image_url><![CDATA[https://images.gr-assets.com/books/1327877152m/9807262.jpg]]></image_url>
<num_pages>338</num_pages>
<work>
<id>14697582</id>
</work>
<isbn>0385739370</isbn>
<isbn13>9780385739375</isbn13>
<average_rating>3.91</average_rating>
<ratings_count>8333</ratings_count>
<publication_year>2012</publication_year>
<publication_month>3</publication_month>
<publication_day>13</publication_day>
<authors>
<author>
<id>3101315</id>
<name>Kirsten Hubbard</name>
<link><![CDATA[https://www.goodreads.com/author/show/3101315.Kirsten_Hubbard]]></link>
</author>
</authors>
</book>

          <book>
<id>11979900</id>
<title>Take a Bow</title>
<title_without_series>Take a Bow</title_without_series>
<link><![CDATA[https://www.goodreads.com/book/show/11979900-take-a-bow]]></link>
<small_image_url><![CDATA[https://images.gr-assets.com/books/1344675629s/11979900.jpg]]></small_image_url>
<image_url><![CDATA[https://images.gr-assets.com/books/1344675629m/11979900.jpg]]></image_url>
<num_pages>278</num_pages>
<work>
<id>16943257</id>
</work>
<isbn>0545334748</isbn>
<isbn13>9780545334747</isbn13>
<average_rating>3.91</average_rating>
<ratings_count>6001</ratings_count>
<publication_year>2012</publication_year>
<publication_month>4</publication_month>
<publication_day>1</publication_day>
<authors>
<author>
<id>2983974</id>
<name>Elizabeth Eulberg</name>
<link><![CDATA[https://www.goodreads.com/author/show/2983974.Elizabeth_Eulberg]]></link>
</author>
</authors>
</book>

          <book>
<id>13060734</id>
<title>Unbreak My Heart</title>
<title_without_series>Unbreak My Heart</title_without_series>
<link><![CDATA[https://www.goodreads.com/book/show/13060734-unbreak-my-heart]]></link>
<small_image_url><![CDATA[https://images.gr-assets.com/books/1324618881s/13060734.jpg]]></small_image_url>
<image_url><![CDATA[https://images.gr-assets.com/books/1324618881m/13060734.jpg]]></image_url>
<num_pages>232</num_pages>
<work>
<id>18226128</id>
</work>
<isbn>1599905280</isbn>
<isbn13>9781599905280</isbn13>
<average_rating>3.81</average_rating>
<ratings_count>5314</ratings_count>
<publication_year>2012</publication_year>
<publication_month>5</publication_month>
<publication_day>22</publication_day>
<authors>
<author>
<id>888893</id>
<name>Melissa C. Walker</name>
<link><![CDATA[https://www.goodreads.com/author/show/888893.Melissa_C_Walker]]></link>
</author>
</authors>
</book>

          <book>
<id>12951695</id>
<title>Guitar Notes</title>
<title_without_series>Guitar Notes</title_without_series>
<link><![CDATA[https://www.goodreads.com/book/show/12951695-guitar-notes]]></link>
<small_image_url><![CDATA[https://images.gr-assets.com/books/1319462433s/12951695.jpg]]></small_image_url>
<image_url><![CDATA[https://images.gr-assets.com/books/1319462433m/12951695.jpg]]></image_url>
<num_pages>272</num_pages>
<work>
<id>18108597</id>
</work>
<isbn>1606841246</isbn>
<isbn13>9781606841242</isbn13>
<average_rating>4.05</average_rating>
<ratings_count>4642</ratings_count>
<publication_year>2012</publication_year>
<publication_month>7</publication_month>
<publication_day>24</publication_day>
<authors>
<author>
<id>121651</id>
<name>Mary Amato</name>
<link><![CDATA[https://www.goodreads.com/author/show/121651.Mary_Amato]]></link>
</author>
</authors>
</book>

          <book>
<id>11071466</id>
<title>Second Chance Summer</title>
<title_without_series>Second Chance Summer</title_without_series>
<link><![CDATA[https://www.goodreads.com/book/show/11071466-second-chance-summer]]></link>
<small_image_url><![CDATA[https://images.gr-assets.com/books/1337189920s/11071466.jpg]]></small_image_url>
<image_url><![CDATA[https://images.gr-assets.com/books/1337189920m/11071466.jpg]]></image_url>
<num_pages>468</num_pages>
<work>
<id>15992791</id>
</work>
<isbn>1416990674</isbn>
<isbn13>9781416990673</isbn13>
<average_rating>4.16</average_rating>
<ratings_count>34953</ratings_count>
<publication_year>2012</publication_year>
<publication_month>5</publication_month>
<publication_day>8</publication_day>
<authors>
<author>
<id>3351454</id>
<name>Morgan Matson</name>
<link><![CDATA[https://www.goodreads.com/author/show/3351454.Morgan_Matson]]></link>
</author>
</authors>
</book>

          <book>
<id>8079815</id>
<title>Good Oil</title>
<title_without_series>Good Oil</title_without_series>
<link><![CDATA[https://www.goodreads.com/book/show/8079815-good-oil]]></link>
<small_image_url><![CDATA[https://images.gr-assets.com/books/1298925793s/8079815.jpg]]></small_image_url>
<image_url><![CDATA[https://images.gr-assets.com/books/1298925793m/8079815.jpg]]></image_url>
<num_pages>283</num_pages>
<work>
<id>12803237</id>
</work>
<isbn>1741759978</isbn>
<isbn13>9781741759976</isbn13>
<average_rating>3.52</average_rating>
<ratings_count>7162</ratings_count>
<publication_year>2010</publication_year>
<publication_month>8</publication_month>
<publication_day></publication_day>
<authors>
<author>
<id>3498017</id>
<name>Laura Buzo</name>
<link><![CDATA[https://www.goodreads.com/author/show/3498017.Laura_Buzo]]></link>
</author>
</authors>
</book>

          <book>
<id>12551077</id>
<title>Stealing Parker</title>
<title_without_series>Stealing Parker</title_without_series>
<link><![CDATA[https://www.goodreads.com/book/show/12551077-stealing-parker]]></link>
<small_image_url><![CDATA[https://images.gr-assets.com/books/1334451985s/12551077.jpg]]></small_image_url>
<image_url><![CDATA[https://images.gr-assets.com/books/1334451985m/12551077.jpg]]></image_url>
<num_pages>242</num_pages>
<work>
<id>17552643</id>
</work>
<isbn>1402271875</isbn>
<isbn13>9781402271878</isbn13>
<average_rating>3.88</average_rating>
<ratings_count>16799</ratings_count>
<publication_year>2012</publication_year>
<publication_month>10</publication_month>
<publication_day>1</publication_day>
<authors>
<author>
<id>4506073</id>
<name>Miranda Kenneally</name>
<link><![CDATA[https://www.goodreads.com/author/show/4506073.Miranda_Kenneally]]></link>
</author>
</authors>
</book>

          <book>
<id>11325353</id>
<title>Awkward (Smith High, #1)</title>
<title_without_series>Awkward</title_without_series>
<link><![CDATA[https://www.goodreads.com/book/show/11325353-awkward]]></link>
<small_image_url><![CDATA[https://images.gr-assets.com/books/1326114502s/11325353.jpg]]></small_image_url>
<image_url><![CDATA[https://images.gr-assets.com/books/1326114502m/11325353.jpg]]></image_url>
<num_pages>239</num_pages>
<work>
<id>16253608</id>
</work>
<isbn>0758269374</isbn>
<isbn13>9780758269379</isbn13>
<average_rating>3.91</average_rating>
<ratings_count>4361</ratings_count>
<publication_year>2012</publication_year>
<publication_month>1</publication_month>
<publication_day>1</publication_day>
<authors>
<author>
<id>2899271</id>
<name>Marni Bates</name>
<link><![CDATA[https://www.goodreads.com/author/show/2899271.Marni_Bates]]></link>
</author>
</authors>
</book>

          <book>
<id>12022765</id>
<title>When You Were Mine</title>
<title_without_series>When You Were Mine</title_without_series>
<link><![CDATA[https://www.goodreads.com/book/show/12022765-when-you-were-mine]]></link>
<small_image_url><![CDATA[https://images.gr-assets.com/books/1329273643s/12022765.jpg]]></small_image_url>
<image_url><![CDATA[https://images.gr-assets.com/books/1329273643m/12022765.jpg]]></image_url>
<num_pages>334</num_pages>
<work>
<id>15854226</id>
</work>
<isbn>1442433132</isbn>
<isbn13>9781442433137</isbn13>
<average_rating>3.77</average_rating>
<ratings_count>4320</ratings_count>
<publication_year>2012</publication_year>
<publication_month>5</publication_month>
<publication_day>1</publication_day>
<authors>
<author>
<id>3192845</id>
<name>Rebecca Serle</name>
<link><![CDATA[https://www.goodreads.com/author/show/3192845.Rebecca_Serle]]></link>
</author>
</authors>
</book>

  </similar_books>
</book>

</GoodreadsResponse>