<?xml version="1.0" encoding="UTF-8"?>
<GoodreadsResponse>
  <Request>
    <authentication>true</authentication>
      <key><![CDATA[all_men_must_serve]]></key>
    <method><![CDATA[book_show]]></method>
  </Request>
  <book>
  <id>10799</id>
  <title>A Farewell to Arms</title>
  <isbn><![CDATA[0099910101]]></isbn>
  <isbn13><![CDATA[9780099910107]]></isbn13>
  <asin><![CDATA[]]></asin>
  <kindle_asin><![CDATA[B00FU7VBBA]]></kindle_asin>
  <marketplace_id><![CDATA[A1F83G8C2ARO7P]]></marketplace_id>
  <country_code><![CDATA[GB]]></country_code>
  <image_url>https://images.gr-assets.com/books/1313714836m/10799.jpg</image_url>
  <small_image_url>https://images.gr-assets.com/books/1313714836s/10799.jpg</small_image_url>
  <publication_year>2004</publication_year>
  <publication_month></publication_month>
  <publication_day></publication_day>
  <publisher>Arrow Books</publisher>
  <language_code>en-US</language_code>
  <is_ebook>false</is_ebook>
  <description><![CDATA[In 1918 Ernest Hemingway went to war, to the <i>war to end all wars</i>. He volunteered for ambulance service in Italy, was wounded, and twice decorated. Out of his experiences came <i>A Farewell to Arms</i>. Hemingway's description of war is unforgettable. He recreates the fear, the comradeship, the courage of his young American volunteer, and the men and women he meets in Italy with total conviction. But <i>A Farewell to Arms</i> is not only a novel of war. In it, Hemingway has also created a love story of immense drama and uncompromising passion.]]></description>
  <work>
  <id type="integer">4652599</id>
  <books_count type="integer">424</books_count>
  <best_book_id type="integer">10799</best_book_id>
  <reviews_count type="integer">358966</reviews_count>
  <ratings_sum type="integer">786402</ratings_sum>
  <ratings_count type="integer">207659</ratings_count>
  <text_reviews_count type="integer">7256</text_reviews_count>
  <original_publication_year type="integer">1929</original_publication_year>
  <original_publication_month type="integer" nil="true"/>
  <original_publication_day type="integer" nil="true"/>
  <original_title>A Farewell to Arms</original_title>
  <original_language_id type="integer" nil="true"/>
  <media_type>book</media_type>
  <rating_dist>5:57458|4:77151|3:50634|2:16190|1:6226|total:207659</rating_dist>
  <desc_user_id type="integer">32203515</desc_user_id>
  <default_chaptering_book_id type="integer" nil="true"/>
  <default_description_language_code nil="true"/>
</work>
  <average_rating>3.79</average_rating>
  <num_pages><![CDATA[293]]></num_pages>
  <format><![CDATA[Paperback]]></format>
  <edition_information><![CDATA[]]></edition_information>
  <ratings_count><![CDATA[186727]]></ratings_count>
  <text_reviews_count><![CDATA[5316]]></text_reviews_count>
  <url><![CDATA[https://www.goodreads.com/book/show/10799.A_Farewell_to_Arms]]></url>
  <link><![CDATA[https://www.goodreads.com/book/show/10799.A_Farewell_to_Arms]]></link>
  <authors>
<author>
<id>1455</id>
<name>Ernest Hemingway</name>
<role></role>
<image_url nophoto='false'>
<![CDATA[https://images.gr-assets.com/authors/1406040005p5/1455.jpg]]>
</image_url>
<small_image_url nophoto='false'>
<![CDATA[https://images.gr-assets.com/authors/1406040005p2/1455.jpg]]>
</small_image_url>
<link><![CDATA[https://www.goodreads.com/author/show/1455.Ernest_Hemingway]]></link>
<average_rating>3.82</average_rating>
<ratings_count>1583142</ratings_count>
<text_reviews_count>55046</text_reviews_count>
</author>
</authors>

    <reviews_widget>
      <![CDATA[
        <style>
  #goodreads-widget {
    font-family: georgia, serif;
    padding: 18px 0;
    width:565px;
  }
  #goodreads-widget h1 {
    font-weight:normal;
    font-size: 16px;
    border-bottom: 1px solid #BBB596;
    margin-bottom: 0;
  }
  #goodreads-widget a {
    text-decoration: none;
    color:#660;
  }
  iframe{
    background-color: #fff;
  }
  #goodreads-widget a:hover { text-decoration: underline; }
  #goodreads-widget a:active {
    color:#660;
  }
  #gr_footer {
    width: 100%;
    border-top: 1px solid #BBB596;
    text-align: right;
  }
  #goodreads-widget .gr_branding{
    color: #382110;
    font-size: 11px;
    text-decoration: none;
    font-family: "Helvetica Neue", Helvetica, Arial, sans-serif;
  }
</style>
<div id="goodreads-widget">
  <div id="gr_header"><h1><a rel="nofollow" href="https://www.goodreads.com/book/show/10799.A_Farewell_to_Arms">A Farewell to Arms Reviews</a></h1></div>
  <iframe id="the_iframe" src="https://www.goodreads.com/api/reviews_widget_iframe?did=DEVELOPER_ID&amp;format=html&amp;isbn=0099910101&amp;links=660&amp;min_rating=&amp;review_back=fff&amp;stars=000&amp;text=000" width="565" height="400" frameborder="0"></iframe>
  <div id="gr_footer">
    <a class="gr_branding" target="_blank" rel="nofollow" href="https://www.goodreads.com/book/show/10799.A_Farewell_to_Arms?utm_medium=api&amp;utm_source=reviews_widget">Reviews from Goodreads.com</a>
  </div>
</div>

      ]]>
    </reviews_widget>
  <popular_shelves>
      <shelf name="classics" count="5149"/>
      <shelf name="currently-reading" count="4196"/>
      <shelf name="fiction" count="3380"/>
      <shelf name="to-read" count="1748"/>
      <shelf name="favorites" count="1474"/>
      <shelf name="classic" count="783"/>
      <shelf name="literature" count="702"/>
      <shelf name="war" count="697"/>
      <shelf name="historical-fiction" count="686"/>
      <shelf name="owned" count="532"/>
      <shelf name="books-i-own" count="497"/>
      <shelf name="novels" count="337"/>
      <shelf name="american" count="313"/>
      <shelf name="american-literature" count="311"/>
      <shelf name="romance" count="269"/>
      <shelf name="1001-books" count="232"/>
      <shelf name="hemingway" count="230"/>
      <shelf name="novel" count="203"/>
      <shelf name="owned-books" count="201"/>
      <shelf name="school" count="182"/>
      <shelf name="classic-literature" count="180"/>
      <shelf name="20th-century" count="166"/>
      <shelf name="to-buy" count="159"/>
      <shelf name="library" count="152"/>
      <shelf name="default" count="151"/>
      <shelf name="1001" count="147"/>
      <shelf name="wwi" count="146"/>
      <shelf name="historical" count="145"/>
      <shelf name="american-lit" count="140"/>
      <shelf name="italy" count="134"/>
      <shelf name="history" count="128"/>
      <shelf name="classics-to-read" count="120"/>
      <shelf name="literary-fiction" count="119"/>
      <shelf name="my-library" count="113"/>
      <shelf name="book-club" count="112"/>
      <shelf name="high-school" count="102"/>
      <shelf name="classic-fiction" count="101"/>
      <shelf name="modern-classics" count="94"/>
      <shelf name="ernest-hemingway" count="92"/>
      <shelf name="favourites" count="88"/>
      <shelf name="adult" count="85"/>
      <shelf name="world-war-i" count="85"/>
      <shelf name="1001-books-to-read-before-you-die" count="85"/>
      <shelf name="classic-lit" count="84"/>
      <shelf name="literary" count="84"/>
      <shelf name="my-books" count="82"/>
      <shelf name="kindle" count="79"/>
      <shelf name="read-for-school" count="78"/>
      <shelf name="banned-books" count="77"/>
      <shelf name="military" count="75"/>
      <shelf name="to-read-classics" count="75"/>
      <shelf name="lost-generation" count="75"/>
      <shelf name="ww1" count="73"/>
      <shelf name="american-classics" count="73"/>
      <shelf name="adult-fiction" count="73"/>
      <shelf name="general-fiction" count="72"/>
      <shelf name="for-school" count="71"/>
      <shelf name="english" count="70"/>
      <shelf name="nobel" count="64"/>
      <shelf name="nobel-prize" count="62"/>
      <shelf name="abandoned" count="62"/>
      <shelf name="lit" count="62"/>
      <shelf name="ebook" count="56"/>
      <shelf name="europe" count="56"/>
      <shelf name="audiobooks" count="55"/>
      <shelf name="modernism" count="55"/>
      <shelf name="school-books" count="55"/>
      <shelf name="usa" count="54"/>
      <shelf name="1920s" count="53"/>
      <shelf name="re-read" count="53"/>
      <shelf name="ebooks" count="51"/>
      <shelf name="to-read-fiction" count="51"/>
      <shelf name="modern-library-top-100" count="51"/>
      <shelf name="wish-list" count="51"/>
      <shelf name="drama" count="50"/>
      <shelf name="audiobook" count="50"/>
      <shelf name="books" count="50"/>
      <shelf name="own-it" count="49"/>
      <shelf name="the-classics" count="48"/>
      <shelf name="modern-library-100" count="47"/>
      <shelf name="college" count="46"/>
      <shelf name="i-own" count="46"/>
      <shelf name="world-war-1" count="44"/>
      <shelf name="to-re-read" count="44"/>
      <shelf name="all-time-favorites" count="42"/>
      <shelf name="favorite-books" count="41"/>
      <shelf name="american-fiction" count="41"/>
      <shelf name="audio" count="40"/>
      <shelf name="1001-books-you-must-read-before-you" count="40"/>
      <shelf name="fiction-classics" count="39"/>
      <shelf name="modern-library-100-best-novels" count="39"/>
      <shelf name="personal-library" count="39"/>
      <shelf name="1001-books-to-read" count="38"/>
      <shelf name="fiction-literature" count="38"/>
      <shelf name="read-in-2013" count="34"/>
      <shelf name="home-library" count="34"/>
      <shelf name="unfinished" count="34"/>
      <shelf name="nobel-laureates" count="32"/>
      <shelf name="my-bookshelf" count="31"/>
      <shelf name="banned" count="31"/>
  </popular_shelves>
  <book_links>
    <book_link>
  <id>8</id>
  <name>Libraries</name>
  <link>https://www.goodreads.com/book_link/follow/8</link>
</book_link>

  </book_links>
  <buy_links>
    <buy_link>
<id>1</id>
<name>Amazon</name>
<link>https://www.goodreads.com/book_link/follow/1</link>
</buy_link>
<buy_link>
<id>10</id>
<name>Audible</name>
<link>https://www.goodreads.com/book_link/follow/10</link>
</buy_link>
<buy_link>
<id>3</id>
<name>Barnes &amp; Noble</name>
<link>https://www.goodreads.com/book_link/follow/3</link>
</buy_link>
<buy_link>
<id>1027</id>
<name>Kobo</name>
<link>https://www.goodreads.com/book_link/follow/1027</link>
</buy_link>
<buy_link>
<id>2102</id>
<name>Apple iBooks</name>
<link>https://www.goodreads.com/book_link/follow/2102</link>
</buy_link>
<buy_link>
<id>8036</id>
<name>Google Play</name>
<link>https://www.goodreads.com/book_link/follow/8036</link>
</buy_link>
<buy_link>
<id>4</id>
<name>Abebooks</name>
<link>https://www.goodreads.com/book_link/follow/4</link>
</buy_link>
<buy_link>
<id>882</id>
<name>Book Depository</name>
<link>https://www.goodreads.com/book_link/follow/882</link>
</buy_link>
<buy_link>
<id>9</id>
<name>Indigo</name>
<link>https://www.goodreads.com/book_link/follow/9</link>
</buy_link>
<buy_link>
<id>2</id>
<name>Half.com</name>
<link>https://www.goodreads.com/book_link/follow/2</link>
</buy_link>
<buy_link>
<id>5</id>
<name>Alibris</name>
<link>https://www.goodreads.com/book_link/follow/5</link>
</buy_link>
<buy_link>
<id>107</id>
<name>Better World Books</name>
<link>https://www.goodreads.com/book_link/follow/107</link>
</buy_link>
<buy_link>
<id>7</id>
<name>IndieBound</name>
<link>https://www.goodreads.com/book_link/follow/7</link>
</buy_link>

  </buy_links>
  <series_works>
    
  </series_works>
  <similar_books>
          <book>
<id>11908</id>
<title>The Adventures of Augie March</title>
<title_without_series>The Adventures of Augie March</title_without_series>
<link><![CDATA[https://www.goodreads.com/book/show/11908.The_Adventures_of_Augie_March]]></link>
<small_image_url><![CDATA[https://s.gr-assets.com/assets/nophoto/book/50x75-a91bf249278a81aabab721ef782c4a74.png]]></small_image_url>
<image_url><![CDATA[https://s.gr-assets.com/assets/nophoto/book/111x148-bcc042a9c91a29c1d680899eff700a03.png]]></image_url>
<num_pages>586</num_pages>
<work>
<id>2453177</id>
</work>
<isbn>0143039571</isbn>
<isbn13>9780143039570</isbn13>
<average_rating>3.85</average_rating>
<ratings_count>13751</ratings_count>
<publication_year>2006</publication_year>
<publication_month>10</publication_month>
<publication_day>3</publication_day>
<authors>
<author>
<id>4391</id>
<name>Saul Bellow</name>
<link><![CDATA[https://www.goodreads.com/author/show/4391.Saul_Bellow]]></link>
</author>
</authors>
</book>

          <book>
<id>126603</id>
<title>Studs Lonigan</title>
<title_without_series>Studs Lonigan</title_without_series>
<link><![CDATA[https://www.goodreads.com/book/show/126603.Studs_Lonigan]]></link>
<small_image_url><![CDATA[https://s.gr-assets.com/assets/nophoto/book/50x75-a91bf249278a81aabab721ef782c4a74.png]]></small_image_url>
<image_url><![CDATA[https://s.gr-assets.com/assets/nophoto/book/111x148-bcc042a9c91a29c1d680899eff700a03.png]]></image_url>
<num_pages></num_pages>
<work>
<id>121922</id>
</work>
<isbn>1931082553</isbn>
<isbn13>9781931082556</isbn13>
<average_rating>3.80</average_rating>
<ratings_count>1919</ratings_count>
<publication_year>2004</publication_year>
<publication_month></publication_month>
<publication_day></publication_day>
<authors>
<author>
<id>6165</id>
<name>James T. Farrell</name>
<link><![CDATA[https://www.goodreads.com/author/show/6165.James_T_Farrell]]></link>
</author>
</authors>
</book>

          <book>
<id>83169</id>
<title><![CDATA[Boy Scouts of America : The Official Handbook for Boys (Reprint of Original 1911 Edition)]]></title>
<title_without_series><![CDATA[Boy Scouts of America : The Official Handbook for Boys]]></title_without_series>
<link><![CDATA[https://www.goodreads.com/book/show/83169.Boy_Scouts_of_America_]]></link>
<small_image_url><![CDATA[https://images.gr-assets.com/books/1328756846s/83169.jpg]]></small_image_url>
<image_url><![CDATA[https://images.gr-assets.com/books/1328756846m/83169.jpg]]></image_url>
<num_pages>416</num_pages>
<work>
<id>51613052</id>
</work>
<isbn>1557094411</isbn>
<isbn13>9781557094414</isbn13>
<average_rating>4.12</average_rating>
<ratings_count>290</ratings_count>
<publication_year>1997</publication_year>
<publication_month>8</publication_month>
<publication_day>1</publication_day>
<authors>
<author>
<id>47515</id>
<name>Boy Scouts of America</name>
<link><![CDATA[https://www.goodreads.com/author/show/47515.Boy_Scouts_of_America]]></link>
</author>
</authors>
</book>

          <book>
<id>45195</id>
<title>A Passage to India</title>
<title_without_series>A Passage to India</title_without_series>
<link><![CDATA[https://www.goodreads.com/book/show/45195.A_Passage_to_India]]></link>
<small_image_url><![CDATA[https://images.gr-assets.com/books/1421883612s/45195.jpg]]></small_image_url>
<image_url><![CDATA[https://images.gr-assets.com/books/1421883612m/45195.jpg]]></image_url>
<num_pages>376</num_pages>
<work>
<id>4574850</id>
</work>
<isbn>014144116X</isbn>
<isbn13>9780141441160</isbn13>
<average_rating>3.66</average_rating>
<ratings_count>52939</ratings_count>
<publication_year>2005</publication_year>
<publication_month>7</publication_month>
<publication_day>28</publication_day>
<authors>
<author>
<id>86404</id>
<name>E.M. Forster</name>
<link><![CDATA[https://www.goodreads.com/author/show/86404.E_M_Forster]]></link>
</author>
</authors>
</book>

          <book>
<id>777824</id>
<title>Parade&apos;s End</title>
<title_without_series>Parade&apos;s End</title_without_series>
<link><![CDATA[https://www.goodreads.com/book/show/777824.Parade_s_End]]></link>
<small_image_url><![CDATA[https://images.gr-assets.com/books/1450231478s/777824.jpg]]></small_image_url>
<image_url><![CDATA[https://images.gr-assets.com/books/1450231478m/777824.jpg]]></image_url>
<num_pages>836</num_pages>
<work>
<id>2244425</id>
</work>
<isbn>0141186615</isbn>
<isbn13>9780141186610</isbn13>
<average_rating>3.92</average_rating>
<ratings_count>4536</ratings_count>
<publication_year>2001</publication_year>
<publication_month>6</publication_month>
<publication_day>1</publication_day>
<authors>
<author>
<id>1209</id>
<name>Ford Madox Ford</name>
<link><![CDATA[https://www.goodreads.com/author/show/1209.Ford_Madox_Ford]]></link>
</author>
</authors>
</book>

          <book>
<id>12194</id>
<title>Lord Jim</title>
<title_without_series>Lord Jim</title_without_series>
<link><![CDATA[https://www.goodreads.com/book/show/12194.Lord_Jim]]></link>
<small_image_url><![CDATA[https://images.gr-assets.com/books/1372366969s/12194.jpg]]></small_image_url>
<image_url><![CDATA[https://images.gr-assets.com/books/1372366969m/12194.jpg]]></image_url>
<num_pages>455</num_pages>
<work>
<id>2578988</id>
</work>
<isbn>1551111721</isbn>
<isbn13>9781551111728</isbn13>
<average_rating>3.61</average_rating>
<ratings_count>22723</ratings_count>
<publication_year>2000</publication_year>
<publication_month>11</publication_month>
<publication_day>7</publication_day>
<authors>
<author>
<id>3345</id>
<name>Joseph Conrad</name>
<link><![CDATA[https://www.goodreads.com/author/show/3345.Joseph_Conrad]]></link>
</author>
</authors>
</book>

          <book>
<id>188454</id>
<title>The Old Wives&apos; Tale</title>
<title_without_series>The Old Wives&apos; Tale</title_without_series>
<link><![CDATA[https://www.goodreads.com/book/show/188454.The_Old_Wives_Tale]]></link>
<small_image_url><![CDATA[https://images.gr-assets.com/books/1489465786s/188454.jpg]]></small_image_url>
<image_url><![CDATA[https://images.gr-assets.com/books/1489465786m/188454.jpg]]></image_url>
<num_pages>565</num_pages>
<work>
<id>2248867</id>
</work>
<isbn>0375754903</isbn>
<isbn13>9780375754906</isbn13>
<average_rating>3.80</average_rating>
<ratings_count>3373</ratings_count>
<publication_year>1999</publication_year>
<publication_month>11</publication_month>
<publication_day>1</publication_day>
<authors>
<author>
<id>3314</id>
<name>Arnold Bennett</name>
<link><![CDATA[https://www.goodreads.com/author/show/3314.Arnold_Bennett]]></link>
</author>
</authors>
</book>

          <book>
<id>16115</id>
<title><![CDATA[A Dance to the Music of Time: 2nd Movement (A Dance to the Music of Time, #4-6)]]></title>
<title_without_series><![CDATA[A Dance to the Music of Time: 2nd Movement]]></title_without_series>
<link><![CDATA[https://www.goodreads.com/book/show/16115.A_Dance_to_the_Music_of_Time]]></link>
<small_image_url><![CDATA[https://s.gr-assets.com/assets/nophoto/book/50x75-a91bf249278a81aabab721ef782c4a74.png]]></small_image_url>
<image_url><![CDATA[https://s.gr-assets.com/assets/nophoto/book/111x148-bcc042a9c91a29c1d680899eff700a03.png]]></image_url>
<num_pages>722</num_pages>
<work>
<id>1844144</id>
</work>
<isbn>0226677168</isbn>
<isbn13>9780226677163</isbn13>
<average_rating>4.28</average_rating>
<ratings_count>1073</ratings_count>
<publication_year>1995</publication_year>
<publication_month>6</publication_month>
<publication_day>15</publication_day>
<authors>
<author>
<id>9947</id>
<name>Anthony Powell</name>
<link><![CDATA[https://www.goodreads.com/author/show/9947.Anthony_Powell]]></link>
</author>
</authors>
</book>

          <book>
<id>913719</id>
<title><![CDATA[The Book of Deeds of Arms and of Chivalry]]></title>
<title_without_series><![CDATA[The Book of Deeds of Arms and of Chivalry]]></title_without_series>
<link><![CDATA[https://www.goodreads.com/book/show/913719.The_Book_of_Deeds_of_Arms_and_of_Chivalry]]></link>
<small_image_url><![CDATA[https://images.gr-assets.com/books/1369161706s/913719.jpg]]></small_image_url>
<image_url><![CDATA[https://images.gr-assets.com/books/1369161706m/913719.jpg]]></image_url>
<num_pages>232</num_pages>
<work>
<id>898817</id>
</work>
<isbn>027101881X</isbn>
<isbn13>9780271018812</isbn13>
<average_rating>3.55</average_rating>
<ratings_count>419</ratings_count>
<publication_year>1999</publication_year>
<publication_month>4</publication_month>
<publication_day>22</publication_day>
<authors>
<author>
<id>51133</id>
<name>Christine de Pizan</name>
<link><![CDATA[https://www.goodreads.com/author/show/51133.Christine_de_Pizan]]></link>
</author>
</authors>
</book>

          <book>
<id>12165</id>
<title><![CDATA[Babylon Revisited and Other Stories]]></title>
<title_without_series><![CDATA[Babylon Revisited and Other Stories]]></title_without_series>
<link><![CDATA[https://www.goodreads.com/book/show/12165.Babylon_Revisited_and_Other_Stories]]></link>
<small_image_url><![CDATA[https://s.gr-assets.com/assets/nophoto/book/50x75-a91bf249278a81aabab721ef782c4a74.png]]></small_image_url>
<image_url><![CDATA[https://s.gr-assets.com/assets/nophoto/book/111x148-bcc042a9c91a29c1d680899eff700a03.png]]></image_url>
<num_pages>260</num_pages>
<work>
<id>7309839</id>
</work>
<isbn>0684824485</isbn>
<isbn13>9780684824482</isbn13>
<average_rating>4.00</average_rating>
<ratings_count>4530</ratings_count>
<publication_year>2003</publication_year>
<publication_month></publication_month>
<publication_day></publication_day>
<authors>
<author>
<id>3190</id>
<name>F. Scott Fitzgerald</name>
<link><![CDATA[https://www.goodreads.com/author/show/3190.F_Scott_Fitzgerald]]></link>
</author>
</authors>
</book>

          <book>
<id>261441</id>
<title><![CDATA[USA: The 42nd Parallel / 1919 / The Big Money]]></title>
<title_without_series><![CDATA[USA: The 42nd Parallel / 1919 / The Big Money]]></title_without_series>
<link><![CDATA[https://www.goodreads.com/book/show/261441.USA]]></link>
<small_image_url><![CDATA[https://images.gr-assets.com/books/1309200622s/261441.jpg]]></small_image_url>
<image_url><![CDATA[https://images.gr-assets.com/books/1309200622m/261441.jpg]]></image_url>
<num_pages>1312</num_pages>
<work>
<id>6503267</id>
</work>
<isbn>1883011140</isbn>
<isbn13>9781883011147</isbn13>
<average_rating>4.09</average_rating>
<ratings_count>4043</ratings_count>
<publication_year>1996</publication_year>
<publication_month></publication_month>
<publication_day></publication_day>
<authors>
<author>
<id>4778</id>
<name>John Dos Passos</name>
<link><![CDATA[https://www.goodreads.com/author/show/4778.John_Dos_Passos]]></link>
</author>
</authors>
</book>

          <book>
<id>11389</id>
<title>Arrowsmith</title>
<title_without_series>Arrowsmith</title_without_series>
<link><![CDATA[https://www.goodreads.com/book/show/11389.Arrowsmith]]></link>
<small_image_url><![CDATA[https://images.gr-assets.com/books/1328006651s/11389.jpg]]></small_image_url>
<image_url><![CDATA[https://images.gr-assets.com/books/1328006651m/11389.jpg]]></image_url>
<num_pages>428</num_pages>
<work>
<id>1446230</id>
</work>
<isbn>0451526910</isbn>
<isbn13>9780451526915</isbn13>
<average_rating>3.81</average_rating>
<ratings_count>5719</ratings_count>
<publication_year>1953</publication_year>
<publication_month>6</publication_month>
<publication_day>1</publication_day>
<authors>
<author>
<id>7330</id>
<name>Sinclair Lewis</name>
<link><![CDATA[https://www.goodreads.com/author/show/7330.Sinclair_Lewis]]></link>
</author>
</authors>
</book>

          <book>
<id>775366</id>
<title>The Ambassadors</title>
<title_without_series>The Ambassadors</title_without_series>
<link><![CDATA[https://www.goodreads.com/book/show/775366.The_Ambassadors]]></link>
<small_image_url><![CDATA[https://s.gr-assets.com/assets/nophoto/book/50x75-a91bf249278a81aabab721ef782c4a74.png]]></small_image_url>
<image_url><![CDATA[https://s.gr-assets.com/assets/nophoto/book/111x148-bcc042a9c91a29c1d680899eff700a03.png]]></image_url>
<num_pages>528</num_pages>
<work>
<id>1395409</id>
</work>
<isbn>0140432337</isbn>
<isbn13>9780140432336</isbn13>
<average_rating>3.65</average_rating>
<ratings_count>9770</ratings_count>
<publication_year>1987</publication_year>
<publication_month>3</publication_month>
<publication_day>3</publication_day>
<authors>
<author>
<id>159</id>
<name>Henry James</name>
<link><![CDATA[https://www.goodreads.com/author/show/159.Henry_James]]></link>
</author>
</authors>
</book>

          <book>
<id>338798</id>
<title>Ulysses</title>
<title_without_series>Ulysses</title_without_series>
<link><![CDATA[https://www.goodreads.com/book/show/338798.Ulysses]]></link>
<small_image_url><![CDATA[https://images.gr-assets.com/books/1428891345s/338798.jpg]]></small_image_url>
<image_url><![CDATA[https://images.gr-assets.com/books/1428891345m/338798.jpg]]></image_url>
<num_pages>810</num_pages>
<work>
<id>2368224</id>
</work>
<isbn>0679722769</isbn>
<isbn13>9780679722762</isbn13>
<average_rating>3.74</average_rating>
<ratings_count>86545</ratings_count>
<publication_year>1990</publication_year>
<publication_month></publication_month>
<publication_day></publication_day>
<authors>
<author>
<id>5144</id>
<name>James Joyce</name>
<link><![CDATA[https://www.goodreads.com/author/show/5144.James_Joyce]]></link>
</author>
</authors>
</book>

          <book>
<id>10979</id>
<title>Light in August</title>
<title_without_series>Light in August</title_without_series>
<link><![CDATA[https://www.goodreads.com/book/show/10979.Light_in_August]]></link>
<small_image_url><![CDATA[https://images.gr-assets.com/books/1355360091s/10979.jpg]]></small_image_url>
<image_url><![CDATA[https://images.gr-assets.com/books/1355360091m/10979.jpg]]></image_url>
<num_pages>507</num_pages>
<work>
<id>1595500</id>
</work>
<isbn>0679732268</isbn>
<isbn13>9780679732266</isbn13>
<average_rating>3.93</average_rating>
<ratings_count>44443</ratings_count>
<publication_year></publication_year>
<publication_month></publication_month>
<publication_day></publication_day>
<authors>
<author>
<id>3535</id>
<name>William Faulkner</name>
<link><![CDATA[https://www.goodreads.com/author/show/3535.William_Faulkner]]></link>
</author>
</authors>
</book>

          <book>
<id>294459</id>
<title><![CDATA[Miss Lonelyhearts / The Day of the Locust]]></title>
<title_without_series><![CDATA[Miss Lonelyhearts / The Day of the Locust]]></title_without_series>
<link><![CDATA[https://www.goodreads.com/book/show/294459.Miss_Lonelyhearts_The_Day_of_the_Locust]]></link>
<small_image_url><![CDATA[https://s.gr-assets.com/assets/nophoto/book/50x75-a91bf249278a81aabab721ef782c4a74.png]]></small_image_url>
<image_url><![CDATA[https://s.gr-assets.com/assets/nophoto/book/111x148-bcc042a9c91a29c1d680899eff700a03.png]]></image_url>
<num_pages></num_pages>
<work>
<id>236076</id>
</work>
<isbn>0811202151</isbn>
<isbn13>9780811202152</isbn13>
<average_rating>3.91</average_rating>
<ratings_count>8141</ratings_count>
<publication_year>1969</publication_year>
<publication_month>6</publication_month>
<publication_day>1</publication_day>
<authors>
<author>
<id>65685</id>
<name>Nathanael West</name>
<link><![CDATA[https://www.goodreads.com/author/show/65685.Nathanael_West]]></link>
</author>
</authors>
</book>

          <book>
<id>530748</id>
<title><![CDATA[Essential Manners for Men: What to Do, When to Do It, and Why]]></title>
<title_without_series><![CDATA[Essential Manners for Men: What to Do, When to Do It, and Why]]></title_without_series>
<link><![CDATA[https://www.goodreads.com/book/show/530748.Essential_Manners_for_Men]]></link>
<small_image_url><![CDATA[https://s.gr-assets.com/assets/nophoto/book/50x75-a91bf249278a81aabab721ef782c4a74.png]]></small_image_url>
<image_url><![CDATA[https://s.gr-assets.com/assets/nophoto/book/111x148-bcc042a9c91a29c1d680899eff700a03.png]]></image_url>
<num_pages></num_pages>
<work>
<id>518376</id>
</work>
<isbn>0060539801</isbn>
<isbn13>9780060539801</isbn13>
<average_rating>3.63</average_rating>
<ratings_count>759</ratings_count>
<publication_year></publication_year>
<publication_month></publication_month>
<publication_day></publication_day>
<authors>
<author>
<id>105457</id>
<name>Peter  Post</name>
<link><![CDATA[https://www.goodreads.com/author/show/105457.Peter_Post]]></link>
</author>
</authors>
</book>

          <book>
<id>17143</id>
<title>Go Tell It on the Mountain</title>
<title_without_series>Go Tell It on the Mountain</title_without_series>
<link><![CDATA[https://www.goodreads.com/book/show/17143.Go_Tell_It_on_the_Mountain]]></link>
<small_image_url><![CDATA[https://s.gr-assets.com/assets/nophoto/book/50x75-a91bf249278a81aabab721ef782c4a74.png]]></small_image_url>
<image_url><![CDATA[https://s.gr-assets.com/assets/nophoto/book/111x148-bcc042a9c91a29c1d680899eff700a03.png]]></image_url>
<num_pages>256</num_pages>
<work>
<id>1027995</id>
</work>
<isbn>0141185910</isbn>
<isbn13>9780141185910</isbn13>
<average_rating>4.00</average_rating>
<ratings_count>30765</ratings_count>
<publication_year>2001</publication_year>
<publication_month></publication_month>
<publication_day></publication_day>
<authors>
<author>
<id>10427</id>
<name>James     Baldwin</name>
<link><![CDATA[https://www.goodreads.com/author/show/10427.James_Baldwin]]></link>
</author>
</authors>
</book>

  </similar_books>
</book>

</GoodreadsResponse>