<?xml version="1.0" encoding="UTF-8"?>
<GoodreadsResponse>
  <Request>
    <authentication>true</authentication>
      <key><![CDATA[all_men_must_serve]]></key>
    <method><![CDATA[book_show]]></method>
  </Request>
  <book>
  <id>10799881</id>
  <title>Underworld (Abandon, #2)</title>
  <isbn><![CDATA[0545415071]]></isbn>
  <isbn13><![CDATA[9780545415071]]></isbn13>
  <asin><![CDATA[]]></asin>
  <kindle_asin><![CDATA[]]></kindle_asin>
  <marketplace_id><![CDATA[]]></marketplace_id>
  <country_code><![CDATA[GB]]></country_code>
  <image_url>https://images.gr-assets.com/books/1319987494m/10799881.jpg</image_url>
  <small_image_url>https://images.gr-assets.com/books/1319987494s/10799881.jpg</small_image_url>
  <publication_year>2012</publication_year>
  <publication_month>5</publication_month>
  <publication_day>8</publication_day>
  <publisher>Point</publisher>
  <language_code>eng</language_code>
  <is_ebook>true</is_ebook>
  <description><![CDATA[Escape from the realm of the dead is impossible when someone there wants you back.<br /><br />Seventeen-year-old Pierce Oliviera isn’t dead.<br /><br />Not this time.<br /><br />But she is being held against her will in the dim, twilit world between heaven and hell, where the spirits of the deceased wait before embarking upon their final journey.<br /><br />Her captor, John Hayden, claims it’s for her own safety. Because not all the departed are dear. Some are so unhappy with where they ended up after leaving the Underworld, they’ve come back as Furies, intent on vengeance…on the one who sent them there and on the one whom he loves.<br /><br />But while Pierce might be safe from the Furies in the Underworld, far worse dangers could be lurking for her there…and they might have more to do with its ruler than with his enemies.<br /><br />And unless Pierce is careful, this time there’ll be no escape.]]></description>
  <work>
  <id type="integer">15712619</id>
  <books_count type="integer">23</books_count>
  <best_book_id type="integer">10799881</best_book_id>
  <reviews_count type="integer">37359</reviews_count>
  <ratings_sum type="integer">76393</ratings_sum>
  <ratings_count type="integer">19649</ratings_count>
  <text_reviews_count type="integer">1391</text_reviews_count>
  <original_publication_year type="integer">2012</original_publication_year>
  <original_publication_month type="integer">5</original_publication_month>
  <original_publication_day type="integer">8</original_publication_day>
  <original_title>Underworld</original_title>
  <original_language_id type="integer" nil="true"/>
  <media_type>book</media_type>
  <rating_dist>5:6734|4:6300|3:4714|2:1480|1:421|total:19649</rating_dist>
  <desc_user_id type="integer">3078995</desc_user_id>
  <default_chaptering_book_id type="integer" nil="true"/>
  <default_description_language_code nil="true"/>
</work>
  <average_rating>3.89</average_rating>
  <num_pages><![CDATA[336]]></num_pages>
  <format><![CDATA[ebook]]></format>
  <edition_information><![CDATA[]]></edition_information>
  <ratings_count><![CDATA[17887]]></ratings_count>
  <text_reviews_count><![CDATA[1100]]></text_reviews_count>
  <url><![CDATA[https://www.goodreads.com/book/show/10799881-underworld]]></url>
  <link><![CDATA[https://www.goodreads.com/book/show/10799881-underworld]]></link>
  <authors>
<author>
<id>11654</id>
<name>Meg Cabot</name>
<role></role>
<image_url nophoto='false'>
<![CDATA[https://images.gr-assets.com/authors/1197201648p5/11654.jpg]]>
</image_url>
<small_image_url nophoto='false'>
<![CDATA[https://images.gr-assets.com/authors/1197201648p2/11654.jpg]]>
</small_image_url>
<link><![CDATA[https://www.goodreads.com/author/show/11654.Meg_Cabot]]></link>
<average_rating>3.80</average_rating>
<ratings_count>1674006</ratings_count>
<text_reviews_count>68455</text_reviews_count>
</author>
</authors>

    <reviews_widget>
      <![CDATA[
        <style>
  #goodreads-widget {
    font-family: georgia, serif;
    padding: 18px 0;
    width:565px;
  }
  #goodreads-widget h1 {
    font-weight:normal;
    font-size: 16px;
    border-bottom: 1px solid #BBB596;
    margin-bottom: 0;
  }
  #goodreads-widget a {
    text-decoration: none;
    color:#660;
  }
  iframe{
    background-color: #fff;
  }
  #goodreads-widget a:hover { text-decoration: underline; }
  #goodreads-widget a:active {
    color:#660;
  }
  #gr_footer {
    width: 100%;
    border-top: 1px solid #BBB596;
    text-align: right;
  }
  #goodreads-widget .gr_branding{
    color: #382110;
    font-size: 11px;
    text-decoration: none;
    font-family: "Helvetica Neue", Helvetica, Arial, sans-serif;
  }
</style>
<div id="goodreads-widget">
  <div id="gr_header"><h1><a rel="nofollow" href="https://www.goodreads.com/book/show/10799881-underworld">Underworld Reviews</a></h1></div>
  <iframe id="the_iframe" src="https://www.goodreads.com/api/reviews_widget_iframe?did=DEVELOPER_ID&amp;format=html&amp;isbn=0545415071&amp;links=660&amp;min_rating=&amp;review_back=fff&amp;stars=000&amp;text=000" width="565" height="400" frameborder="0"></iframe>
  <div id="gr_footer">
    <a class="gr_branding" target="_blank" rel="nofollow" href="https://www.goodreads.com/book/show/10799881-underworld?utm_medium=api&amp;utm_source=reviews_widget">Reviews from Goodreads.com</a>
  </div>
</div>

      ]]>
    </reviews_widget>
  <popular_shelves>
      <shelf name="to-read" count="13836"/>
      <shelf name="young-adult" count="517"/>
      <shelf name="fantasy" count="358"/>
      <shelf name="mythology" count="326"/>
      <shelf name="currently-reading" count="290"/>
      <shelf name="favorites" count="273"/>
      <shelf name="ya" count="260"/>
      <shelf name="romance" count="259"/>
      <shelf name="paranormal" count="225"/>
      <shelf name="series" count="163"/>
      <shelf name="books-i-own" count="137"/>
      <shelf name="meg-cabot" count="117"/>
      <shelf name="supernatural" count="93"/>
      <shelf name="greek-mythology" count="91"/>
      <shelf name="paranormal-romance" count="79"/>
      <shelf name="owned" count="68"/>
      <shelf name="fiction" count="68"/>
      <shelf name="library" count="54"/>
      <shelf name="teen" count="52"/>
      <shelf name="read-in-2012" count="51"/>
      <shelf name="retellings" count="38"/>
      <shelf name="magic" count="35"/>
      <shelf name="ya-fantasy" count="34"/>
      <shelf name="to-buy" count="32"/>
      <shelf name="urban-fantasy" count="30"/>
      <shelf name="abandon-trilogy" count="29"/>
      <shelf name="chick-lit" count="28"/>
      <shelf name="abandon" count="28"/>
      <shelf name="i-own" count="27"/>
      <shelf name="read-in-2013" count="26"/>
      <shelf name="ebook" count="25"/>
      <shelf name="ebooks" count="25"/>
      <shelf name="kindle" count="25"/>
      <shelf name="owned-books" count="25"/>
      <shelf name="death" count="24"/>
      <shelf name="my-books" count="23"/>
      <shelf name="underworld" count="22"/>
      <shelf name="wish-list" count="22"/>
      <shelf name="trilogy" count="21"/>
      <shelf name="ya-paranormal" count="21"/>
      <shelf name="arc" count="20"/>
      <shelf name="favourites" count="19"/>
      <shelf name="contemporary" count="18"/>
      <shelf name="retelling" count="18"/>
      <shelf name="teen-fiction" count="16"/>
      <shelf name="ya-romance" count="16"/>
      <shelf name="read-2012" count="15"/>
      <shelf name="books" count="14"/>
      <shelf name="myths" count="14"/>
      <shelf name="2012-releases" count="14"/>
      <shelf name="library-books" count="13"/>
      <shelf name="love" count="13"/>
      <shelf name="myth" count="13"/>
      <shelf name="read-in-english" count="13"/>
      <shelf name="have" count="13"/>
      <shelf name="mystery" count="13"/>
      <shelf name="part-of-a-series" count="13"/>
      <shelf name="ya-books" count="13"/>
      <shelf name="paranormal-fantasy" count="13"/>
      <shelf name="2012-release" count="13"/>
      <shelf name="read-in-2014" count="12"/>
      <shelf name="default" count="12"/>
      <shelf name="ya-lit" count="12"/>
      <shelf name="hardcover" count="12"/>
      <shelf name="greek-myths" count="12"/>
      <shelf name="ghosts" count="12"/>
      <shelf name="need-to-buy" count="12"/>
      <shelf name="demons" count="12"/>
      <shelf name="read-2014" count="11"/>
      <shelf name="read-2013" count="11"/>
      <shelf name="did-not-finish" count="11"/>
      <shelf name="action" count="11"/>
      <shelf name="trilogies" count="11"/>
      <shelf name="adventure" count="11"/>
      <shelf name="summer-2012" count="11"/>
      <shelf name="2012-reads" count="11"/>
      <shelf name="young-adult-fiction" count="11"/>
      <shelf name="arcs" count="11"/>
      <shelf name="books-to-buy" count="11"/>
      <shelf name="lost-interest" count="10"/>
      <shelf name="abandoned" count="10"/>
      <shelf name="greek" count="10"/>
      <shelf name="high-school" count="10"/>
      <shelf name="3-stars" count="10"/>
      <shelf name="fantasy-paranormal" count="10"/>
      <shelf name="books-i-have" count="10"/>
      <shelf name="fantasy-sci-fi" count="10"/>
      <shelf name="reviewed" count="10"/>
      <shelf name="gods" count="10"/>
      <shelf name="greek-myth" count="10"/>
      <shelf name="must-read" count="10"/>
      <shelf name="read-in-2016" count="9"/>
      <shelf name="e-books" count="9"/>
      <shelf name="audiobook" count="9"/>
      <shelf name="own-it" count="9"/>
      <shelf name="young-adult-fantasy" count="9"/>
      <shelf name="loved" count="9"/>
      <shelf name="books-read-in-2012" count="9"/>
      <shelf name="paranormal-supernatural" count="9"/>
      <shelf name="romantic" count="9"/>
  </popular_shelves>
  <book_links>
    <book_link>
  <id>8</id>
  <name>Libraries</name>
  <link>https://www.goodreads.com/book_link/follow/8</link>
</book_link>

  </book_links>
  <buy_links>
    <buy_link>
<id>1</id>
<name>Amazon</name>
<link>https://www.goodreads.com/book_link/follow/1</link>
</buy_link>
<buy_link>
<id>10</id>
<name>Audible</name>
<link>https://www.goodreads.com/book_link/follow/10</link>
</buy_link>
<buy_link>
<id>3</id>
<name>Barnes &amp; Noble</name>
<link>https://www.goodreads.com/book_link/follow/3</link>
</buy_link>
<buy_link>
<id>1027</id>
<name>Kobo</name>
<link>https://www.goodreads.com/book_link/follow/1027</link>
</buy_link>
<buy_link>
<id>2102</id>
<name>Apple iBooks</name>
<link>https://www.goodreads.com/book_link/follow/2102</link>
</buy_link>
<buy_link>
<id>8036</id>
<name>Google Play</name>
<link>https://www.goodreads.com/book_link/follow/8036</link>
</buy_link>
<buy_link>
<id>4</id>
<name>Abebooks</name>
<link>https://www.goodreads.com/book_link/follow/4</link>
</buy_link>
<buy_link>
<id>882</id>
<name>Book Depository</name>
<link>https://www.goodreads.com/book_link/follow/882</link>
</buy_link>
<buy_link>
<id>9</id>
<name>Indigo</name>
<link>https://www.goodreads.com/book_link/follow/9</link>
</buy_link>
<buy_link>
<id>2</id>
<name>Half.com</name>
<link>https://www.goodreads.com/book_link/follow/2</link>
</buy_link>
<buy_link>
<id>5</id>
<name>Alibris</name>
<link>https://www.goodreads.com/book_link/follow/5</link>
</buy_link>
<buy_link>
<id>107</id>
<name>Better World Books</name>
<link>https://www.goodreads.com/book_link/follow/107</link>
</buy_link>
<buy_link>
<id>7</id>
<name>IndieBound</name>
<link>https://www.goodreads.com/book_link/follow/7</link>
</buy_link>

  </buy_links>
  <series_works>
    <series_work>
<id>242781</id>
<user_position>2</user_position>
<series>
<id>57816</id>
<title>
<![CDATA[
    Abandon
]]>
</title>
<description>
<![CDATA[
    An urban-fantasy young-adult trilogy.
    
    Official webpage: http://www.megcabot.com/abandon/index.php
]]>
</description>
<note>
<![CDATA[
]]>
</note>
<series_works_count>4</series_works_count>
<primary_work_count>3</primary_work_count>
<numbered>true</numbered>
</series>

</series_work>

  </series_works>
  <similar_books>
          <book>
<id>9396162</id>
<title>Perception (Clarity, #2)</title>
<title_without_series>Perception</title_without_series>
<link><![CDATA[https://www.goodreads.com/book/show/9396162-perception]]></link>
<small_image_url><![CDATA[https://images.gr-assets.com/books/1310145085s/9396162.jpg]]></small_image_url>
<image_url><![CDATA[https://images.gr-assets.com/books/1310145085m/9396162.jpg]]></image_url>
<num_pages>275</num_pages>
<work>
<id>14279954</id>
</work>
<isbn>0545230535</isbn>
<isbn13>9780545230537</isbn13>
<average_rating>4.00</average_rating>
<ratings_count>4022</ratings_count>
<publication_year>2012</publication_year>
<publication_month>3</publication_month>
<publication_day>1</publication_day>
<authors>
<author>
<id>3111339</id>
<name>Kim Harrington</name>
<link><![CDATA[https://www.goodreads.com/author/show/3111339.Kim_Harrington]]></link>
</author>
</authors>
</book>

          <book>
<id>12986169</id>
<title><![CDATA[Embers and Echoes (Wildefire, #2)]]></title>
<title_without_series>Embers and Echoes</title_without_series>
<link><![CDATA[https://www.goodreads.com/book/show/12986169-embers-and-echoes]]></link>
<small_image_url><![CDATA[https://images.gr-assets.com/books/1358195430s/12986169.jpg]]></small_image_url>
<image_url><![CDATA[https://images.gr-assets.com/books/1358195430m/12986169.jpg]]></image_url>
<num_pages>461</num_pages>
<work>
<id>17048855</id>
</work>
<isbn>1442450304</isbn>
<isbn13>9781442450301</isbn13>
<average_rating>4.07</average_rating>
<ratings_count>1855</ratings_count>
<publication_year>2012</publication_year>
<publication_month>8</publication_month>
<publication_day>28</publication_day>
<authors>
<author>
<id>4074044</id>
<name>Karsten Knight</name>
<link><![CDATA[https://www.goodreads.com/author/show/4074044.Karsten_Knight]]></link>
</author>
</authors>
</book>

          <book>
<id>10640020</id>
<title><![CDATA[Dreaming Awake (Falling Under, #2)]]></title>
<title_without_series>Dreaming Awake</title_without_series>
<link><![CDATA[https://www.goodreads.com/book/show/10640020-dreaming-awake]]></link>
<small_image_url><![CDATA[https://images.gr-assets.com/books/1322761482s/10640020.jpg]]></small_image_url>
<image_url><![CDATA[https://images.gr-assets.com/books/1322761482m/10640020.jpg]]></image_url>
<num_pages>336</num_pages>
<work>
<id>15548769</id>
</work>
<isbn>0451235541</isbn>
<isbn13>9780451235541</isbn13>
<average_rating>3.96</average_rating>
<ratings_count>4907</ratings_count>
<publication_year>2012</publication_year>
<publication_month>1</publication_month>
<publication_day>3</publication_day>
<authors>
<author>
<id>2812835</id>
<name>Gwen Hayes</name>
<link><![CDATA[https://www.goodreads.com/author/show/2812835.Gwen_Hayes]]></link>
</author>
</authors>
</book>

          <book>
<id>8109141</id>
<title><![CDATA[A Beautiful Evil (Gods & Monsters, #2)]]></title>
<title_without_series>A Beautiful Evil</title_without_series>
<link><![CDATA[https://www.goodreads.com/book/show/8109141-a-beautiful-evil]]></link>
<small_image_url><![CDATA[https://images.gr-assets.com/books/1328028788s/8109141.jpg]]></small_image_url>
<image_url><![CDATA[https://images.gr-assets.com/books/1328028788m/8109141.jpg]]></image_url>
<num_pages>285</num_pages>
<work>
<id>12903791</id>
</work>
<isbn>1442409274</isbn>
<isbn13>9781442409279</isbn13>
<average_rating>4.16</average_rating>
<ratings_count>6314</ratings_count>
<publication_year>2012</publication_year>
<publication_month>2</publication_month>
<publication_day>21</publication_day>
<authors>
<author>
<id>3508354</id>
<name>Kelly Keaton</name>
<link><![CDATA[https://www.goodreads.com/author/show/3508354.Kelly_Keaton]]></link>
</author>
</authors>
</book>

          <book>
<id>12025637</id>
<title><![CDATA[Sweet Shadows (Medusa Girls, #2)]]></title>
<title_without_series>Sweet Shadows</title_without_series>
<link><![CDATA[https://www.goodreads.com/book/show/12025637-sweet-shadows]]></link>
<small_image_url><![CDATA[https://images.gr-assets.com/books/1326125444s/12025637.jpg]]></small_image_url>
<image_url><![CDATA[https://images.gr-assets.com/books/1326125444m/12025637.jpg]]></image_url>
<num_pages>328</num_pages>
<work>
<id>16991624</id>
</work>
<isbn>0062001833</isbn>
<isbn13>9780062001832</isbn13>
<average_rating>4.06</average_rating>
<ratings_count>4586</ratings_count>
<publication_year>2012</publication_year>
<publication_month>9</publication_month>
<publication_day>4</publication_day>
<authors>
<author>
<id>1051591</id>
<name>Tera Lynn Childs</name>
<link><![CDATA[https://www.goodreads.com/author/show/1051591.Tera_Lynn_Childs]]></link>
</author>
</authors>
</book>

          <book>
<id>14408610</id>
<title><![CDATA[Jezebel's Ladder (Jezebel's Ladder, #1)]]></title>
<title_without_series>Jezebel&apos;s Ladder</title_without_series>
<link><![CDATA[https://www.goodreads.com/book/show/14408610-jezebel-s-ladder]]></link>
<small_image_url><![CDATA[https://s.gr-assets.com/assets/nophoto/book/50x75-a91bf249278a81aabab721ef782c4a74.png]]></small_image_url>
<image_url><![CDATA[https://s.gr-assets.com/assets/nophoto/book/111x148-bcc042a9c91a29c1d680899eff700a03.png]]></image_url>
<num_pages>424</num_pages>
<work>
<id>17575493</id>
</work>
<isbn>1466320508</isbn>
<isbn13>9781466320505</isbn13>
<average_rating>3.58</average_rating>
<ratings_count>165</ratings_count>
<publication_year>2012</publication_year>
<publication_month>3</publication_month>
<publication_day>1</publication_day>
<authors>
<author>
<id>4729212</id>
<name>Scott Rhine</name>
<link><![CDATA[https://www.goodreads.com/author/show/4729212.Scott_Rhine]]></link>
</author>
</authors>
</book>

          <book>
<id>12637490</id>
<title><![CDATA[Goddess Interrupted (Goddess Test, #2)]]></title>
<title_without_series>Goddess Interrupted</title_without_series>
<link><![CDATA[https://www.goodreads.com/book/show/12637490-goddess-interrupted]]></link>
<small_image_url><![CDATA[https://images.gr-assets.com/books/1397956745s/12637490.jpg]]></small_image_url>
<image_url><![CDATA[https://images.gr-assets.com/books/1397956745m/12637490.jpg]]></image_url>
<num_pages>305</num_pages>
<work>
<id>15011943</id>
</work>
<isbn>0373210450</isbn>
<isbn13>9780373210459</isbn13>
<average_rating>4.02</average_rating>
<ratings_count>27372</ratings_count>
<publication_year>2012</publication_year>
<publication_month>3</publication_month>
<publication_day>27</publication_day>
<authors>
<author>
<id>767317</id>
<name>Aimee Carter</name>
<link><![CDATA[https://www.goodreads.com/author/show/767317.Aimee_Carter]]></link>
</author>
</authors>
</book>

          <book>
<id>12995284</id>
<title>Dreamless (Starcrossed, #2)</title>
<title_without_series>Dreamless</title_without_series>
<link><![CDATA[https://www.goodreads.com/book/show/12995284-dreamless]]></link>
<small_image_url><![CDATA[https://images.gr-assets.com/books/1320248839s/12995284.jpg]]></small_image_url>
<image_url><![CDATA[https://images.gr-assets.com/books/1320248839m/12995284.jpg]]></image_url>
<num_pages>487</num_pages>
<work>
<id>10965443</id>
</work>
<isbn>0062012010</isbn>
<isbn13>9780062012012</isbn13>
<average_rating>4.20</average_rating>
<ratings_count>33847</ratings_count>
<publication_year>2012</publication_year>
<publication_month>5</publication_month>
<publication_day>29</publication_day>
<authors>
<author>
<id>3406550</id>
<name>Josephine Angelini</name>
<link><![CDATA[https://www.goodreads.com/author/show/3406550.Josephine_Angelini]]></link>
</author>
</authors>
</book>

          <book>
<id>12908877</id>
<title>Until I Die (Revenants, #2)</title>
<title_without_series>Until I Die</title_without_series>
<link><![CDATA[https://www.goodreads.com/book/show/12908877-until-i-die]]></link>
<small_image_url><![CDATA[https://images.gr-assets.com/books/1335240840s/12908877.jpg]]></small_image_url>
<image_url><![CDATA[https://images.gr-assets.com/books/1335240840m/12908877.jpg]]></image_url>
<num_pages>353</num_pages>
<work>
<id>14612013</id>
</work>
<isbn>0062004042</isbn>
<isbn13>9780062004048</isbn13>
<average_rating>4.17</average_rating>
<ratings_count>25375</ratings_count>
<publication_year>2012</publication_year>
<publication_month>5</publication_month>
<publication_day>8</publication_day>
<authors>
<author>
<id>3353516</id>
<name>Amy Plum</name>
<link><![CDATA[https://www.goodreads.com/author/show/3353516.Amy_Plum]]></link>
</author>
</authors>
</book>

          <book>
<id>12270931</id>
<title>Arise (Hereafter, #2)</title>
<title_without_series>Arise</title_without_series>
<link><![CDATA[https://www.goodreads.com/book/show/12270931-arise]]></link>
<small_image_url><![CDATA[https://images.gr-assets.com/books/1327551541s/12270931.jpg]]></small_image_url>
<image_url><![CDATA[https://images.gr-assets.com/books/1327551541m/12270931.jpg]]></image_url>
<num_pages>404</num_pages>
<work>
<id>16346171</id>
</work>
<isbn>0007437285</isbn>
<isbn13>9780007437283</isbn13>
<average_rating>3.93</average_rating>
<ratings_count>4712</ratings_count>
<publication_year>2012</publication_year>
<publication_month>6</publication_month>
<publication_day>5</publication_day>
<authors>
<author>
<id>4336590</id>
<name>Tara Hudson</name>
<link><![CDATA[https://www.goodreads.com/author/show/4336590.Tara_Hudson]]></link>
</author>
</authors>
</book>

          <book>
<id>10025007</id>
<title><![CDATA[Jessica Rules the Dark Side (Jessica, #2)]]></title>
<title_without_series>Jessica Rules the Dark Side</title_without_series>
<link><![CDATA[https://www.goodreads.com/book/show/10025007-jessica-rules-the-dark-side]]></link>
<small_image_url><![CDATA[https://images.gr-assets.com/books/1298043293s/10025007.jpg]]></small_image_url>
<image_url><![CDATA[https://images.gr-assets.com/books/1298043293m/10025007.jpg]]></image_url>
<num_pages>309</num_pages>
<work>
<id>14920478</id>
</work>
<isbn>0547393091</isbn>
<isbn13>9780547393094</isbn13>
<average_rating>3.91</average_rating>
<ratings_count>8667</ratings_count>
<publication_year>2012</publication_year>
<publication_month>1</publication_month>
<publication_day>10</publication_day>
<authors>
<author>
<id>1428675</id>
<name>Beth Fantaskey</name>
<link><![CDATA[https://www.goodreads.com/author/show/1428675.Beth_Fantaskey]]></link>
</author>
</authors>
</book>

          <book>
<id>12180240</id>
<title><![CDATA[The Springsweet (The Vespertine, #2)]]></title>
<title_without_series>The Springsweet</title_without_series>
<link><![CDATA[https://www.goodreads.com/book/show/12180240-the-springsweet]]></link>
<small_image_url><![CDATA[https://images.gr-assets.com/books/1314932129s/12180240.jpg]]></small_image_url>
<image_url><![CDATA[https://images.gr-assets.com/books/1314932129m/12180240.jpg]]></image_url>
<num_pages>275</num_pages>
<work>
<id>15013096</id>
</work>
<isbn>054760842X</isbn>
<isbn13>9780547608426</isbn13>
<average_rating>3.82</average_rating>
<ratings_count>763</ratings_count>
<publication_year>2012</publication_year>
<publication_month>4</publication_month>
<publication_day>17</publication_day>
<authors>
<author>
<id>1415543</id>
<name>Saundra Mitchell</name>
<link><![CDATA[https://www.goodreads.com/author/show/1415543.Saundra_Mitchell]]></link>
</author>
</authors>
</book>

          <book>
<id>9064899</id>
<title>Endlessly (Paranormalcy, #3)</title>
<title_without_series>Endlessly</title_without_series>
<link><![CDATA[https://www.goodreads.com/book/show/9064899-endlessly]]></link>
<small_image_url><![CDATA[https://images.gr-assets.com/books/1320349604s/9064899.jpg]]></small_image_url>
<image_url><![CDATA[https://images.gr-assets.com/books/1320349604m/9064899.jpg]]></image_url>
<num_pages>385</num_pages>
<work>
<id>13942966</id>
</work>
<isbn>0061985880</isbn>
<isbn13>9780061985881</isbn13>
<average_rating>3.99</average_rating>
<ratings_count>19499</ratings_count>
<publication_year>2012</publication_year>
<publication_month>7</publication_month>
<publication_day>24</publication_day>
<authors>
<author>
<id>3027554</id>
<name>Kiersten White</name>
<link><![CDATA[https://www.goodreads.com/author/show/3027554.Kiersten_White]]></link>
</author>
</authors>
</book>

          <book>
<id>13115995</id>
<title>Everbound (Everneath, #2)</title>
<title_without_series>Everbound</title_without_series>
<link><![CDATA[https://www.goodreads.com/book/show/13115995-everbound]]></link>
<small_image_url><![CDATA[https://images.gr-assets.com/books/1359138201s/13115995.jpg]]></small_image_url>
<image_url><![CDATA[https://images.gr-assets.com/books/1359138201m/13115995.jpg]]></image_url>
<num_pages>358</num_pages>
<work>
<id>18289996</id>
</work>
<isbn>0062071165</isbn>
<isbn13>9780062071163</isbn13>
<average_rating>4.06</average_rating>
<ratings_count>16568</ratings_count>
<publication_year>2013</publication_year>
<publication_month>1</publication_month>
<publication_day>22</publication_day>
<authors>
<author>
<id>4384465</id>
<name>Brodi Ashton</name>
<link><![CDATA[https://www.goodreads.com/author/show/4384465.Brodi_Ashton]]></link>
</author>
</authors>
</book>

          <book>
<id>13367329</id>
<title><![CDATA[The Mephisto Kiss (The Mephisto Covenant #2)]]></title>
<title_without_series>The Mephisto Kiss</title_without_series>
<link><![CDATA[https://www.goodreads.com/book/show/13367329-the-mephisto-kiss]]></link>
<small_image_url><![CDATA[https://images.gr-assets.com/books/1336784951s/13367329.jpg]]></small_image_url>
<image_url><![CDATA[https://images.gr-assets.com/books/1336784951m/13367329.jpg]]></image_url>
<num_pages>448</num_pages>
<work>
<id>18596335</id>
</work>
<isbn>1606841718</isbn>
<isbn13>9781606841716</isbn13>
<average_rating>4.24</average_rating>
<ratings_count>1108</ratings_count>
<publication_year>2012</publication_year>
<publication_month>9</publication_month>
<publication_day>25</publication_day>
<authors>
<author>
<id>4430487</id>
<name>Trinity Faegen</name>
<link><![CDATA[https://www.goodreads.com/author/show/4430487.Trinity_Faegen]]></link>
</author>
</authors>
</book>

          <book>
<id>12924307</id>
<title><![CDATA[A Want So Wicked (A Need So Beautiful, #2)]]></title>
<title_without_series>A Want So Wicked</title_without_series>
<link><![CDATA[https://www.goodreads.com/book/show/12924307-a-want-so-wicked]]></link>
<small_image_url><![CDATA[https://images.gr-assets.com/books/1320688664s/12924307.jpg]]></small_image_url>
<image_url><![CDATA[https://images.gr-assets.com/books/1320688664m/12924307.jpg]]></image_url>
<num_pages>282</num_pages>
<work>
<id>16753760</id>
</work>
<isbn>0062008269</isbn>
<isbn13>9780062008268</isbn13>
<average_rating>3.99</average_rating>
<ratings_count>1893</ratings_count>
<publication_year>2012</publication_year>
<publication_month>6</publication_month>
<publication_day>26</publication_day>
<authors>
<author>
<id>164576</id>
<name>Suzanne Young</name>
<link><![CDATA[https://www.goodreads.com/author/show/164576.Suzanne_Young]]></link>
</author>
</authors>
</book>

          <book>
<id>12387704</id>
<title>Mirage (Winterhaven, #2)</title>
<title_without_series>Mirage</title_without_series>
<link><![CDATA[https://www.goodreads.com/book/show/12387704-mirage]]></link>
<small_image_url><![CDATA[https://images.gr-assets.com/books/1323721455s/12387704.jpg]]></small_image_url>
<image_url><![CDATA[https://images.gr-assets.com/books/1323721455m/12387704.jpg]]></image_url>
<num_pages></num_pages>
<work>
<id>17368655</id>
</work>
<isbn></isbn>
<isbn13></isbn13>
<average_rating>4.11</average_rating>
<ratings_count>2987</ratings_count>
<publication_year>2012</publication_year>
<publication_month>6</publication_month>
<publication_day>5</publication_day>
<authors>
<author>
<id>3169806</id>
<name>Kristi Cook</name>
<link><![CDATA[https://www.goodreads.com/author/show/3169806.Kristi_Cook]]></link>
</author>
</authors>
</book>

          <book>
<id>15739689</id>
<title>Bone Wires</title>
<title_without_series>Bone Wires</title_without_series>
<link><![CDATA[https://www.goodreads.com/book/show/15739689-bone-wires]]></link>
<small_image_url><![CDATA[https://images.gr-assets.com/books/1341622265s/15739689.jpg]]></small_image_url>
<image_url><![CDATA[https://images.gr-assets.com/books/1341622265m/15739689.jpg]]></image_url>
<num_pages>380</num_pages>
<work>
<id>21425236</id>
</work>
<isbn>1620070693</isbn>
<isbn13>9781620070697</isbn13>
<average_rating>3.74</average_rating>
<ratings_count>206</ratings_count>
<publication_year>2012</publication_year>
<publication_month>7</publication_month>
<publication_day>13</publication_day>
<authors>
<author>
<id>4978843</id>
<name>Michael Shean</name>
<link><![CDATA[https://www.goodreads.com/author/show/4978843.Michael_Shean]]></link>
</author>
</authors>
</book>

  </similar_books>
</book>

</GoodreadsResponse>