<?xml version="1.0" encoding="UTF-8"?>
<GoodreadsResponse>
  <Request>
    <authentication>true</authentication>
      <key><![CDATA[all_men_must_serve]]></key>
    <method><![CDATA[book_show]]></method>
  </Request>
  <book>
  <id>10790376</id>
  <title><![CDATA[A Modern Witch (A Modern Witch, #1)]]></title>
  <isbn><![CDATA[]]></isbn>
  <isbn13><![CDATA[]]></isbn13>
  <asin><![CDATA[B004RZ2660]]></asin>
  <kindle_asin><![CDATA[]]></kindle_asin>
  <marketplace_id><![CDATA[]]></marketplace_id>
  <country_code><![CDATA[GB]]></country_code>
  <image_url>https://images.gr-assets.com/books/1334346928m/10790376.jpg</image_url>
  <small_image_url>https://images.gr-assets.com/books/1334346928s/10790376.jpg</small_image_url>
  <publication_year>2011</publication_year>
  <publication_month></publication_month>
  <publication_day></publication_day>
  <publisher>Fireweed Publishing</publisher>
  <language_code>eng</language_code>
  <is_ebook>true</is_ebook>
  <description><![CDATA[Can you live 28 years without discovering you're a witch? — Lauren is downtown Chicago's youngest elite realtor. She's also a witch. She must be - the fetching spell for Witches' Chat isn't supposed to make mistakes. So says the woman who coded the spell, at least. — The tall, dark, and handsome guy sent to assess her is a witch too (and no, that doesn't end the way you might think). What he finds in Lauren will change lives, mess with a perfectly good career, and require lots of ice cream therapy.]]></description>
  <work>
  <id type="integer">15702658</id>
  <books_count type="integer">16</books_count>
  <best_book_id type="integer">10790376</best_book_id>
  <reviews_count type="integer">24521</reviews_count>
  <ratings_sum type="integer">42780</ratings_sum>
  <ratings_count type="integer">11479</ratings_count>
  <text_reviews_count type="integer">1018</text_reviews_count>
  <original_publication_year type="integer">2011</original_publication_year>
  <original_publication_month type="integer" nil="true"/>
  <original_publication_day type="integer" nil="true"/>
  <original_title>A Modern Witch</original_title>
  <original_language_id type="integer" nil="true"/>
  <media_type>book</media_type>
  <rating_dist>5:3615|4:3410|3:2728|2:1155|1:571|total:11479</rating_dist>
  <desc_user_id type="integer">-30</desc_user_id>
  <default_chaptering_book_id type="integer" nil="true"/>
  <default_description_language_code nil="true"/>
</work>
  <average_rating>3.73</average_rating>
  <num_pages><![CDATA[420]]></num_pages>
  <format><![CDATA[Kindle Edition]]></format>
  <edition_information><![CDATA[]]></edition_information>
  <ratings_count><![CDATA[11268]]></ratings_count>
  <text_reviews_count><![CDATA[978]]></text_reviews_count>
  <url><![CDATA[https://www.goodreads.com/book/show/10790376-a-modern-witch]]></url>
  <link><![CDATA[https://www.goodreads.com/book/show/10790376-a-modern-witch]]></link>
  <authors>
<author>
<id>4654545</id>
<name>Debora Geary</name>
<role></role>
<image_url nophoto='false'>
<![CDATA[https://images.gr-assets.com/authors/1298082908p5/4654545.jpg]]>
</image_url>
<small_image_url nophoto='false'>
<![CDATA[https://images.gr-assets.com/authors/1298082908p2/4654545.jpg]]>
</small_image_url>
<link><![CDATA[https://www.goodreads.com/author/show/4654545.Debora_Geary]]></link>
<average_rating>4.14</average_rating>
<ratings_count>71769</ratings_count>
<text_reviews_count>3923</text_reviews_count>
</author>
</authors>

    <reviews_widget>
      <![CDATA[
        <style>
  #goodreads-widget {
    font-family: georgia, serif;
    padding: 18px 0;
    width:565px;
  }
  #goodreads-widget h1 {
    font-weight:normal;
    font-size: 16px;
    border-bottom: 1px solid #BBB596;
    margin-bottom: 0;
  }
  #goodreads-widget a {
    text-decoration: none;
    color:#660;
  }
  iframe{
    background-color: #fff;
  }
  #goodreads-widget a:hover { text-decoration: underline; }
  #goodreads-widget a:active {
    color:#660;
  }
  #gr_footer {
    width: 100%;
    border-top: 1px solid #BBB596;
    text-align: right;
  }
  #goodreads-widget .gr_branding{
    color: #382110;
    font-size: 11px;
    text-decoration: none;
    font-family: "Helvetica Neue", Helvetica, Arial, sans-serif;
  }
</style>
<div id="goodreads-widget">
  <div id="gr_header"><h1><a rel="nofollow" href="https://www.goodreads.com/book/show/10790376-a-modern-witch">A Modern Witch Reviews</a></h1></div>
  <iframe id="the_iframe" src="https://www.goodreads.com/api/reviews_widget_iframe?did=DEVELOPER_ID&amp;format=html&amp;isbn=B004RZ2660&amp;links=660&amp;min_rating=&amp;review_back=fff&amp;stars=000&amp;text=000" width="565" height="400" frameborder="0"></iframe>
  <div id="gr_footer">
    <a class="gr_branding" target="_blank" rel="nofollow" href="https://www.goodreads.com/book/show/10790376-a-modern-witch?utm_medium=api&amp;utm_source=reviews_widget">Reviews from Goodreads.com</a>
  </div>
</div>

      ]]>
    </reviews_widget>
  <popular_shelves>
      <shelf name="fantasy" count="245"/>
      <shelf name="currently-reading" count="209"/>
      <shelf name="paranormal" count="161"/>
      <shelf name="kindle" count="142"/>
      <shelf name="witches" count="119"/>
      <shelf name="urban-fantasy" count="99"/>
      <shelf name="romance" count="71"/>
      <shelf name="series" count="71"/>
      <shelf name="magic" count="68"/>
      <shelf name="to-read" count="66"/>
      <shelf name="fiction" count="59"/>
      <shelf name="favorites" count="54"/>
      <shelf name="ebook" count="38"/>
      <shelf name="paranormal-romance" count="32"/>
      <shelf name="audible" count="29"/>
      <shelf name="chick-lit" count="26"/>
      <shelf name="debora-geary" count="24"/>
      <shelf name="supernatural" count="23"/>
      <shelf name="ebooks" count="21"/>
      <shelf name="audiobook" count="20"/>
      <shelf name="contemporary" count="19"/>
      <shelf name="audiobooks" count="17"/>
      <shelf name="read-in-2012" count="17"/>
      <shelf name="owned" count="17"/>
      <shelf name="audio" count="16"/>
      <shelf name="witch" count="16"/>
      <shelf name="kindle-unlimited" count="15"/>
      <shelf name="kindle-books" count="14"/>
      <shelf name="paranormal-fantasy" count="12"/>
      <shelf name="maybe" count="12"/>
      <shelf name="books-i-own" count="12"/>
      <shelf name="read-in-2013" count="11"/>
      <shelf name="first-in-series" count="10"/>
      <shelf name="e-book" count="10"/>
      <shelf name="audio-books" count="9"/>
      <shelf name="to-buy" count="9"/>
      <shelf name="abandoned" count="9"/>
      <shelf name="read-2012" count="9"/>
      <shelf name="own-ebook" count="9"/>
      <shelf name="e-books" count="9"/>
      <shelf name="own-to-read" count="8"/>
      <shelf name="fluff" count="8"/>
      <shelf name="sci-fi-fantasy" count="8"/>
      <shelf name="witchy" count="8"/>
      <shelf name="adult" count="8"/>
      <shelf name="didn-t-finish" count="8"/>
      <shelf name="did-not-finish" count="7"/>
      <shelf name="not-at-library" count="7"/>
      <shelf name="geary-debora" count="7"/>
      <shelf name="couldn-t-finish" count="7"/>
      <shelf name="library" count="7"/>
      <shelf name="modern-witch" count="7"/>
      <shelf name="humor" count="7"/>
      <shelf name="read-2015" count="6"/>
      <shelf name="read-in-2014" count="6"/>
      <shelf name="read-2013" count="6"/>
      <shelf name="adult-fiction" count="6"/>
      <shelf name="fantasy-paranormal" count="6"/>
      <shelf name="dnf" count="6"/>
      <shelf name="witchcraft" count="6"/>
      <shelf name="fantasy-urban" count="6"/>
      <shelf name="kindle-book" count="6"/>
      <shelf name="borrowed" count="6"/>
      <shelf name="i-own" count="6"/>
      <shelf name="chic-lit" count="6"/>
      <shelf name="family" count="6"/>
      <shelf name="recommended" count="6"/>
      <shelf name="contemporary-fantasy" count="6"/>
      <shelf name="book-club" count="5"/>
      <shelf name="cozy" count="5"/>
      <shelf name="audio-book" count="5"/>
      <shelf name="2013-reads" count="5"/>
      <shelf name="chicklit" count="5"/>
      <shelf name="own-kindle" count="5"/>
      <shelf name="finished" count="5"/>
      <shelf name="on-kindle" count="5"/>
      <shelf name="uf" count="5"/>
      <shelf name="books-read-in-2012" count="5"/>
      <shelf name="fantasy-sci-fi" count="5"/>
      <shelf name="paranormal-witches" count="4"/>
      <shelf name="owned-ebook" count="4"/>
      <shelf name="books" count="4"/>
      <shelf name="read-2014" count="4"/>
      <shelf name="could-not-finish" count="4"/>
      <shelf name="witch-central" count="4"/>
      <shelf name="witches-wizards-warlocks" count="4"/>
      <shelf name="not-interested" count="4"/>
      <shelf name="2012-read" count="4"/>
      <shelf name="need-to-buy" count="4"/>
      <shelf name="kindle-lending-library" count="4"/>
      <shelf name="chicago" count="4"/>
      <shelf name="fantasy-romance" count="4"/>
      <shelf name="pagan" count="4"/>
      <shelf name="sci-fi-and-fantasy" count="4"/>
      <shelf name="a-modern-witch-series" count="4"/>
      <shelf name="paranormal-urban-fantasy" count="4"/>
      <shelf name="young-adult" count="4"/>
      <shelf name="series-to-read" count="4"/>
      <shelf name="reviewed" count="4"/>
      <shelf name="read-in-2011" count="4"/>
  </popular_shelves>
  <book_links>
    <book_link>
  <id>8</id>
  <name>Libraries</name>
  <link>https://www.goodreads.com/book_link/follow/8</link>
</book_link>

  </book_links>
  <buy_links>
    <buy_link>
<id>1</id>
<name>Amazon</name>
<link>https://www.goodreads.com/book_link/follow/1</link>
</buy_link>
<buy_link>
<id>10</id>
<name>Audible</name>
<link>https://www.goodreads.com/book_link/follow/10</link>
</buy_link>
<buy_link>
<id>3</id>
<name>Barnes &amp; Noble</name>
<link>https://www.goodreads.com/book_link/follow/3</link>
</buy_link>
<buy_link>
<id>1027</id>
<name>Kobo</name>
<link>https://www.goodreads.com/book_link/follow/1027</link>
</buy_link>
<buy_link>
<id>2102</id>
<name>Apple iBooks</name>
<link>https://www.goodreads.com/book_link/follow/2102</link>
</buy_link>
<buy_link>
<id>8036</id>
<name>Google Play</name>
<link>https://www.goodreads.com/book_link/follow/8036</link>
</buy_link>
<buy_link>
<id>4</id>
<name>Abebooks</name>
<link>https://www.goodreads.com/book_link/follow/4</link>
</buy_link>
<buy_link>
<id>882</id>
<name>Book Depository</name>
<link>https://www.goodreads.com/book_link/follow/882</link>
</buy_link>
<buy_link>
<id>9</id>
<name>Indigo</name>
<link>https://www.goodreads.com/book_link/follow/9</link>
</buy_link>
<buy_link>
<id>2</id>
<name>Half.com</name>
<link>https://www.goodreads.com/book_link/follow/2</link>
</buy_link>
<buy_link>
<id>5</id>
<name>Alibris</name>
<link>https://www.goodreads.com/book_link/follow/5</link>
</buy_link>
<buy_link>
<id>107</id>
<name>Better World Books</name>
<link>https://www.goodreads.com/book_link/follow/107</link>
</buy_link>
<buy_link>
<id>7</id>
<name>IndieBound</name>
<link>https://www.goodreads.com/book_link/follow/7</link>
</buy_link>

  </buy_links>
  <series_works>
    <series_work>
<id>282331</id>
<user_position>1</user_position>
<series>
<id>64614</id>
<title>
<![CDATA[
    A Modern Witch
]]>
</title>
<description>
<![CDATA[
    Introducing a new light fantasy series.
    
    Love, laughter, and 21st century witches amongst us…
    
    Come meet the characters who have captured thousands of reader hearts!
]]>
</description>
<note>
<![CDATA[
]]>
</note>
<series_works_count>11</series_works_count>
<primary_work_count>8</primary_work_count>
<numbered>true</numbered>
</series>

</series_work>

  </series_works>
  <similar_books>
          <book>
<id>11534460</id>
<title><![CDATA[No Shoes, No Shirt, No Spells (Mystic Cafe, #1)]]></title>
<title_without_series>No Shoes, No Shirt, No Spells</title_without_series>
<link><![CDATA[https://www.goodreads.com/book/show/11534460-no-shoes-no-shirt-no-spells]]></link>
<small_image_url><![CDATA[https://images.gr-assets.com/books/1328202448s/11534460.jpg]]></small_image_url>
<image_url><![CDATA[https://images.gr-assets.com/books/1328202448m/11534460.jpg]]></image_url>
<num_pages>247</num_pages>
<work>
<id>16472910</id>
</work>
<isbn></isbn>
<isbn13></isbn13>
<average_rating>3.73</average_rating>
<ratings_count>1243</ratings_count>
<publication_year>2011</publication_year>
<publication_month>6</publication_month>
<publication_day>1</publication_day>
<authors>
<author>
<id>1188608</id>
<name>Rose Pressey</name>
<link><![CDATA[https://www.goodreads.com/author/show/1188608.Rose_Pressey]]></link>
</author>
</authors>
</book>

          <book>
<id>12571086</id>
<title><![CDATA[Blood Prophecy (Witch Fairy, #2)]]></title>
<title_without_series>Blood Prophecy</title_without_series>
<link><![CDATA[https://www.goodreads.com/book/show/12571086-blood-prophecy]]></link>
<small_image_url><![CDATA[https://s.gr-assets.com/assets/nophoto/book/50x75-a91bf249278a81aabab721ef782c4a74.png]]></small_image_url>
<image_url><![CDATA[https://s.gr-assets.com/assets/nophoto/book/111x148-bcc042a9c91a29c1d680899eff700a03.png]]></image_url>
<num_pages></num_pages>
<work>
<id>17581664</id>
</work>
<isbn></isbn>
<isbn13></isbn13>
<average_rating>4.24</average_rating>
<ratings_count>1208</ratings_count>
<publication_year></publication_year>
<publication_month></publication_month>
<publication_day></publication_day>
<authors>
<author>
<id>4529282</id>
<name>Bonnie Lamer</name>
<link><![CDATA[https://www.goodreads.com/author/show/4529282.Bonnie_Lamer]]></link>
</author>
</authors>
</book>

          <book>
<id>12519614</id>
<title><![CDATA[A Witch Before Dying (A Wishcraft Mystery, #2)]]></title>
<title_without_series>A Witch Before Dying</title_without_series>
<link><![CDATA[https://www.goodreads.com/book/show/12519614-a-witch-before-dying]]></link>
<small_image_url><![CDATA[https://images.gr-assets.com/books/1334022311s/12519614.jpg]]></small_image_url>
<image_url><![CDATA[https://images.gr-assets.com/books/1334022311m/12519614.jpg]]></image_url>
<num_pages>298</num_pages>
<work>
<id>17505758</id>
</work>
<isbn>0451237633</isbn>
<isbn13>9780451237637</isbn13>
<average_rating>4.13</average_rating>
<ratings_count>3327</ratings_count>
<publication_year></publication_year>
<publication_month></publication_month>
<publication_day></publication_day>
<authors>
<author>
<id>3178457</id>
<name>Heather Blake</name>
<link><![CDATA[https://www.goodreads.com/author/show/3178457.Heather_Blake]]></link>
</author>
</authors>
</book>

          <book>
<id>8542839</id>
<title><![CDATA[Fire Burn and Cauldron Bubble (Jolie Wilkins, #1)]]></title>
<title_without_series>Fire Burn and Cauldron Bubble</title_without_series>
<link><![CDATA[https://www.goodreads.com/book/show/8542839-fire-burn-and-cauldron-bubble]]></link>
<small_image_url><![CDATA[https://images.gr-assets.com/books/1329352960s/8542839.jpg]]></small_image_url>
<image_url><![CDATA[https://images.gr-assets.com/books/1329352960m/8542839.jpg]]></image_url>
<num_pages>304</num_pages>
<work>
<id>13410545</id>
</work>
<isbn></isbn>
<isbn13>9781452365862</isbn13>
<average_rating>3.85</average_rating>
<ratings_count>13940</ratings_count>
<publication_year>2010</publication_year>
<publication_month>7</publication_month>
<publication_day></publication_day>
<authors>
<author>
<id>4108184</id>
<name>H.P. Mallory</name>
<link><![CDATA[https://www.goodreads.com/author/show/4108184.H_P_Mallory]]></link>
</author>
</authors>
</book>

          <book>
<id>9628111</id>
<title><![CDATA[Opal Fire (A Stacy Justice Mystery, #1)]]></title>
<title_without_series>Opal Fire</title_without_series>
<link><![CDATA[https://www.goodreads.com/book/show/9628111-opal-fire]]></link>
<small_image_url><![CDATA[https://images.gr-assets.com/books/1357463421s/9628111.jpg]]></small_image_url>
<image_url><![CDATA[https://images.gr-assets.com/books/1357463421m/9628111.jpg]]></image_url>
<num_pages>236</num_pages>
<work>
<id>14763791</id>
</work>
<isbn>1935407902</isbn>
<isbn13>9781935407904</isbn13>
<average_rating>3.71</average_rating>
<ratings_count>4551</ratings_count>
<publication_year>2011</publication_year>
<publication_month>1</publication_month>
<publication_day>12</publication_day>
<authors>
<author>
<id>2894399</id>
<name>Barbra Annino</name>
<link><![CDATA[https://www.goodreads.com/author/show/2894399.Barbra_Annino]]></link>
</author>
</authors>
</book>

          <book>
<id>17373966</id>
<title><![CDATA[Undead Sublet (Half-Moon Hollow, #2.5)]]></title>
<title_without_series>Undead Sublet</title_without_series>
<link><![CDATA[https://www.goodreads.com/book/show/17373966-undead-sublet]]></link>
<small_image_url><![CDATA[https://images.gr-assets.com/books/1360857520s/17373966.jpg]]></small_image_url>
<image_url><![CDATA[https://images.gr-assets.com/books/1360857520m/17373966.jpg]]></image_url>
<num_pages>156</num_pages>
<work>
<id>24161955</id>
</work>
<isbn></isbn>
<isbn13></isbn13>
<average_rating>4.05</average_rating>
<ratings_count>1764</ratings_count>
<publication_year>2013</publication_year>
<publication_month>2</publication_month>
<publication_day>13</publication_day>
<authors>
<author>
<id>2503028</id>
<name>Molly Harper</name>
<link><![CDATA[https://www.goodreads.com/author/show/2503028.Molly_Harper]]></link>
</author>
</authors>
</book>

          <book>
<id>9494168</id>
<title><![CDATA[Under Witch Moon (Moon Shadows, #1)]]></title>
<title_without_series>Under Witch Moon</title_without_series>
<link><![CDATA[https://www.goodreads.com/book/show/9494168-under-witch-moon]]></link>
<small_image_url><![CDATA[https://images.gr-assets.com/books/1286958002s/9494168.jpg]]></small_image_url>
<image_url><![CDATA[https://images.gr-assets.com/books/1286958002m/9494168.jpg]]></image_url>
<num_pages>273</num_pages>
<work>
<id>14379649</id>
</work>
<isbn></isbn>
<isbn13></isbn13>
<average_rating>3.83</average_rating>
<ratings_count>185</ratings_count>
<publication_year></publication_year>
<publication_month></publication_month>
<publication_day></publication_day>
<authors>
<author>
<id>3235992</id>
<name>Maria E. Schneider</name>
<link><![CDATA[https://www.goodreads.com/author/show/3235992.Maria_E_Schneider]]></link>
</author>
</authors>
</book>

          <book>
<id>5999949</id>
<title><![CDATA[Wicked by Any Other Name (Hex, #3)]]></title>
<title_without_series>Wicked by Any Other Name</title_without_series>
<link><![CDATA[https://www.goodreads.com/book/show/5999949-wicked-by-any-other-name]]></link>
<small_image_url><![CDATA[https://s.gr-assets.com/assets/nophoto/book/50x75-a91bf249278a81aabab721ef782c4a74.png]]></small_image_url>
<image_url><![CDATA[https://s.gr-assets.com/assets/nophoto/book/111x148-bcc042a9c91a29c1d680899eff700a03.png]]></image_url>
<num_pages>364</num_pages>
<work>
<id>6174795</id>
</work>
<isbn>1402217730</isbn>
<isbn13>9781402217739</isbn13>
<average_rating>4.03</average_rating>
<ratings_count>1324</ratings_count>
<publication_year>2009</publication_year>
<publication_month></publication_month>
<publication_day></publication_day>
<authors>
<author>
<id>128231</id>
<name>Linda Wisdom</name>
<link><![CDATA[https://www.goodreads.com/author/show/128231.Linda_Wisdom]]></link>
</author>
</authors>
</book>

          <book>
<id>12973625</id>
<title><![CDATA[Binding of a Witch (The Savannah Coven #3)]]></title>
<title_without_series>Binding of a Witch</title_without_series>
<link><![CDATA[https://www.goodreads.com/book/show/12973625-binding-of-a-witch]]></link>
<small_image_url><![CDATA[https://images.gr-assets.com/books/1328138326s/12973625.jpg]]></small_image_url>
<image_url><![CDATA[https://images.gr-assets.com/books/1328138326m/12973625.jpg]]></image_url>
<num_pages>262</num_pages>
<work>
<id>18132127</id>
</work>
<isbn></isbn>
<isbn13></isbn13>
<average_rating>4.19</average_rating>
<ratings_count>643</ratings_count>
<publication_year></publication_year>
<publication_month></publication_month>
<publication_day></publication_day>
<authors>
<author>
<id>4094825</id>
<name>Suza Kates</name>
<link><![CDATA[https://www.goodreads.com/author/show/4094825.Suza_Kates]]></link>
</author>
</authors>
</book>

          <book>
<id>1956954</id>
<title><![CDATA[Don't Hex with Texas (Enchanted, Inc., #4)]]></title>
<title_without_series>Don&apos;t Hex with Texas</title_without_series>
<link><![CDATA[https://www.goodreads.com/book/show/1956954.Don_t_Hex_with_Texas]]></link>
<small_image_url><![CDATA[https://images.gr-assets.com/books/1320396105s/1956954.jpg]]></small_image_url>
<image_url><![CDATA[https://images.gr-assets.com/books/1320396105m/1956954.jpg]]></image_url>
<num_pages>292</num_pages>
<work>
<id>1959935</id>
</work>
<isbn>0345492935</isbn>
<isbn13>9780345492937</isbn13>
<average_rating>3.96</average_rating>
<ratings_count>4829</ratings_count>
<publication_year>2008</publication_year>
<publication_month>4</publication_month>
<publication_day>29</publication_day>
<authors>
<author>
<id>326338</id>
<name>Shanna Swendson</name>
<link><![CDATA[https://www.goodreads.com/author/show/326338.Shanna_Swendson]]></link>
</author>
</authors>
</book>

          <book>
<id>526797</id>
<title><![CDATA[The Witch Is Dead (Ophelia & Abby, #5)]]></title>
<title_without_series>The Witch Is Dead</title_without_series>
<link><![CDATA[https://www.goodreads.com/book/show/526797.The_Witch_Is_Dead]]></link>
<small_image_url><![CDATA[https://s.gr-assets.com/assets/nophoto/book/50x75-a91bf249278a81aabab721ef782c4a74.png]]></small_image_url>
<image_url><![CDATA[https://s.gr-assets.com/assets/nophoto/book/111x148-bcc042a9c91a29c1d680899eff700a03.png]]></image_url>
<num_pages>292</num_pages>
<work>
<id>514591</id>
</work>
<isbn>0061147230</isbn>
<isbn13>9780061147234</isbn13>
<average_rating>4.06</average_rating>
<ratings_count>1644</ratings_count>
<publication_year>2007</publication_year>
<publication_month>8</publication_month>
<publication_day>28</publication_day>
<authors>
<author>
<id>81338</id>
<name>Shirley Damsgaard</name>
<link><![CDATA[https://www.goodreads.com/author/show/81338.Shirley_Damsgaard]]></link>
</author>
</authors>
</book>

  </similar_books>
</book>

</GoodreadsResponse>