<?xml version="1.0" encoding="UTF-8"?>
<GoodreadsResponse>
  <Request>
    <authentication>true</authentication>
      <key><![CDATA[all_men_must_serve]]></key>
    <method><![CDATA[book_show]]></method>
  </Request>
  <book>
  <id>10803121</id>
  <title><![CDATA[The Alloy of Law (Mistborn, #4)]]></title>
  <isbn><![CDATA[0765330423]]></isbn>
  <isbn13><![CDATA[9780765330420]]></isbn13>
  <asin><![CDATA[]]></asin>
  <kindle_asin><![CDATA[B005I54882]]></kindle_asin>
  <marketplace_id><![CDATA[A1F83G8C2ARO7P]]></marketplace_id>
  <country_code><![CDATA[GB]]></country_code>
  <image_url>https://s.gr-assets.com/assets/nophoto/book/111x148-bcc042a9c91a29c1d680899eff700a03.png</image_url>
  <small_image_url>https://s.gr-assets.com/assets/nophoto/book/50x75-a91bf249278a81aabab721ef782c4a74.png</small_image_url>
  <publication_year>2011</publication_year>
  <publication_month>11</publication_month>
  <publication_day>8</publication_day>
  <publisher>Tor Books</publisher>
  <language_code>eng</language_code>
  <is_ebook>false</is_ebook>
  <description><![CDATA[Centuries after the Mistborn trilogy, Scadrial is on the verge of modernity - railroads, electric street lights, and skyscrapers. Waxillium Ladrian can Push on metals with his Allomancy and use Feruchemy to become lighter or heavier at will. After 20 years in the dusty Roughs, in the city of Elendel, the new head of a noble house may need to keep his guns.]]></description>
  <work>
  <id type="integer">15035863</id>
  <books_count type="integer">45</books_count>
  <best_book_id type="integer">10803121</best_book_id>
  <reviews_count type="integer">139852</reviews_count>
  <ratings_sum type="integer">357394</ratings_sum>
  <ratings_count type="integer">85020</ratings_count>
  <text_reviews_count type="integer">5308</text_reviews_count>
  <original_publication_year type="integer">2011</original_publication_year>
  <original_publication_month type="integer">11</original_publication_month>
  <original_publication_day type="integer">8</original_publication_day>
  <original_title>The Alloy of Law</original_title>
  <original_language_id type="integer" nil="true"/>
  <media_type>book</media_type>
  <rating_dist>5:33860|4:36810|3:12425|2:1654|1:271|total:85020</rating_dist>
  <desc_user_id type="integer">15822735</desc_user_id>
  <default_chaptering_book_id type="integer" nil="true"/>
  <default_description_language_code nil="true"/>
</work>
  <average_rating>4.20</average_rating>
  <num_pages><![CDATA[332]]></num_pages>
  <format><![CDATA[]]></format>
  <edition_information><![CDATA[]]></edition_information>
  <ratings_count><![CDATA[72279]]></ratings_count>
  <text_reviews_count><![CDATA[4259]]></text_reviews_count>
  <url><![CDATA[https://www.goodreads.com/book/show/10803121-the-alloy-of-law]]></url>
  <link><![CDATA[https://www.goodreads.com/book/show/10803121-the-alloy-of-law]]></link>
  <authors>
<author>
<id>38550</id>
<name>Brandon Sanderson</name>
<role></role>
<image_url nophoto='false'>
<![CDATA[https://images.gr-assets.com/authors/1394044556p5/38550.jpg]]>
</image_url>
<small_image_url nophoto='false'>
<![CDATA[https://images.gr-assets.com/authors/1394044556p2/38550.jpg]]>
</small_image_url>
<link><![CDATA[https://www.goodreads.com/author/show/38550.Brandon_Sanderson]]></link>
<average_rating>4.37</average_rating>
<ratings_count>1976716</ratings_count>
<text_reviews_count>130447</text_reviews_count>
</author>
</authors>

    <reviews_widget>
      <![CDATA[
        <style>
  #goodreads-widget {
    font-family: georgia, serif;
    padding: 18px 0;
    width:565px;
  }
  #goodreads-widget h1 {
    font-weight:normal;
    font-size: 16px;
    border-bottom: 1px solid #BBB596;
    margin-bottom: 0;
  }
  #goodreads-widget a {
    text-decoration: none;
    color:#660;
  }
  iframe{
    background-color: #fff;
  }
  #goodreads-widget a:hover { text-decoration: underline; }
  #goodreads-widget a:active {
    color:#660;
  }
  #gr_footer {
    width: 100%;
    border-top: 1px solid #BBB596;
    text-align: right;
  }
  #goodreads-widget .gr_branding{
    color: #382110;
    font-size: 11px;
    text-decoration: none;
    font-family: "Helvetica Neue", Helvetica, Arial, sans-serif;
  }
</style>
<div id="goodreads-widget">
  <div id="gr_header"><h1><a rel="nofollow" href="https://www.goodreads.com/book/show/10803121-the-alloy-of-law">The Alloy of Law Reviews</a></h1></div>
  <iframe id="the_iframe" src="https://www.goodreads.com/api/reviews_widget_iframe?did=DEVELOPER_ID&amp;format=html&amp;isbn=0765330423&amp;links=660&amp;min_rating=&amp;review_back=fff&amp;stars=000&amp;text=000" width="565" height="400" frameborder="0"></iframe>
  <div id="gr_footer">
    <a class="gr_branding" target="_blank" rel="nofollow" href="https://www.goodreads.com/book/show/10803121-the-alloy-of-law?utm_medium=api&amp;utm_source=reviews_widget">Reviews from Goodreads.com</a>
  </div>
</div>

      ]]>
    </reviews_widget>
  <popular_shelves>
      <shelf name="fantasy" count="5242"/>
      <shelf name="to-read" count="5026"/>
      <shelf name="favorites" count="764"/>
      <shelf name="fiction" count="482"/>
      <shelf name="steampunk" count="437"/>
      <shelf name="currently-reading" count="341"/>
      <shelf name="brandon-sanderson" count="337"/>
      <shelf name="owned" count="277"/>
      <shelf name="cosmere" count="230"/>
      <shelf name="epic-fantasy" count="228"/>
      <shelf name="mistborn" count="202"/>
      <shelf name="series" count="195"/>
      <shelf name="audiobook" count="180"/>
      <shelf name="books-i-own" count="178"/>
      <shelf name="high-fantasy" count="175"/>
      <shelf name="kindle" count="153"/>
      <shelf name="sci-fi-fantasy" count="147"/>
      <shelf name="magic" count="146"/>
      <shelf name="to-buy" count="131"/>
      <shelf name="sanderson" count="124"/>
      <shelf name="urban-fantasy" count="117"/>
      <shelf name="audiobooks" count="115"/>
      <shelf name="adult" count="109"/>
      <shelf name="science-fiction" count="107"/>
      <shelf name="western" count="105"/>
      <shelf name="mystery" count="97"/>
      <shelf name="fantasy-sci-fi" count="97"/>
      <shelf name="ebook" count="96"/>
      <shelf name="sci-fi" count="91"/>
      <shelf name="adventure" count="89"/>
      <shelf name="audio" count="74"/>
      <shelf name="audible" count="73"/>
      <shelf name="owned-books" count="70"/>
      <shelf name="library" count="65"/>
      <shelf name="default" count="62"/>
      <shelf name="scifi-fantasy" count="62"/>
      <shelf name="read-in-2015" count="61"/>
      <shelf name="read-in-2016" count="57"/>
      <shelf name="favourites" count="56"/>
      <shelf name="ebooks" count="53"/>
      <shelf name="wish-list" count="48"/>
      <shelf name="read-2016" count="47"/>
      <shelf name="young-adult" count="43"/>
      <shelf name="epic" count="43"/>
      <shelf name="science-fiction-fantasy" count="40"/>
      <shelf name="fantasy-scifi" count="38"/>
      <shelf name="action" count="37"/>
      <shelf name="english" count="36"/>
      <shelf name="crime" count="34"/>
      <shelf name="my-books" count="33"/>
      <shelf name="adult-fiction" count="33"/>
      <shelf name="novels" count="32"/>
      <shelf name="audio-books" count="32"/>
      <shelf name="read-in-2012" count="32"/>
      <shelf name="read-in-2017" count="31"/>
      <shelf name="read-2015" count="31"/>
      <shelf name="steam-punk" count="30"/>
      <shelf name="read-in-2014" count="29"/>
      <shelf name="my-library" count="29"/>
      <shelf name="audio-book" count="29"/>
      <shelf name="to-read-fantasy" count="29"/>
      <shelf name="read-2014" count="28"/>
      <shelf name="action-adventure" count="28"/>
      <shelf name="fantasy-series" count="28"/>
      <shelf name="books" count="28"/>
      <shelf name="tbr" count="27"/>
      <shelf name="read-in-2013" count="26"/>
      <shelf name="i-own" count="26"/>
      <shelf name="e-book" count="26"/>
      <shelf name="re-read" count="25"/>
      <shelf name="e-books" count="25"/>
      <shelf name="favorite" count="25"/>
      <shelf name="read-2017" count="24"/>
      <shelf name="4-stars" count="24"/>
      <shelf name="adult-fantasy" count="24"/>
      <shelf name="sci-fi-and-fantasy" count="24"/>
      <shelf name="reviewed" count="24"/>
      <shelf name="favorite-authors" count="24"/>
      <shelf name="the-cosmere" count="23"/>
      <shelf name="romance" count="23"/>
      <shelf name="own-it" count="23"/>
      <shelf name="fantasy-epic" count="23"/>
      <shelf name="need-to-buy" count="22"/>
      <shelf name="fantasy-read" count="22"/>
      <shelf name="sanderson-brandon" count="22"/>
      <shelf name="unfinished-series" count="22"/>
      <shelf name="2016-reads" count="21"/>
      <shelf name="fantasia" count="21"/>
      <shelf name="fantasía" count="21"/>
      <shelf name="fantasy-fiction" count="21"/>
      <shelf name="read-2012" count="21"/>
      <shelf name="scifi" count="21"/>
      <shelf name="read-in-2011" count="21"/>
      <shelf name="genre-fantasy" count="21"/>
      <shelf name="reread" count="19"/>
      <shelf name="read-fantasy" count="19"/>
      <shelf name="want" count="19"/>
      <shelf name="fiction-fantasy" count="18"/>
      <shelf name="novel" count="18"/>
      <shelf name="listened-to" count="18"/>
  </popular_shelves>
  <book_links>
    <book_link>
  <id>8</id>
  <name>Libraries</name>
  <link>https://www.goodreads.com/book_link/follow/8</link>
</book_link>

  </book_links>
  <buy_links>
    <buy_link>
<id>1</id>
<name>Amazon</name>
<link>https://www.goodreads.com/book_link/follow/1</link>
</buy_link>
<buy_link>
<id>10</id>
<name>Audible</name>
<link>https://www.goodreads.com/book_link/follow/10</link>
</buy_link>
<buy_link>
<id>3</id>
<name>Barnes &amp; Noble</name>
<link>https://www.goodreads.com/book_link/follow/3</link>
</buy_link>
<buy_link>
<id>1027</id>
<name>Kobo</name>
<link>https://www.goodreads.com/book_link/follow/1027</link>
</buy_link>
<buy_link>
<id>2102</id>
<name>Apple iBooks</name>
<link>https://www.goodreads.com/book_link/follow/2102</link>
</buy_link>
<buy_link>
<id>8036</id>
<name>Google Play</name>
<link>https://www.goodreads.com/book_link/follow/8036</link>
</buy_link>
<buy_link>
<id>4</id>
<name>Abebooks</name>
<link>https://www.goodreads.com/book_link/follow/4</link>
</buy_link>
<buy_link>
<id>882</id>
<name>Book Depository</name>
<link>https://www.goodreads.com/book_link/follow/882</link>
</buy_link>
<buy_link>
<id>9</id>
<name>Indigo</name>
<link>https://www.goodreads.com/book_link/follow/9</link>
</buy_link>
<buy_link>
<id>2</id>
<name>Half.com</name>
<link>https://www.goodreads.com/book_link/follow/2</link>
</buy_link>
<buy_link>
<id>5</id>
<name>Alibris</name>
<link>https://www.goodreads.com/book_link/follow/5</link>
</buy_link>
<buy_link>
<id>107</id>
<name>Better World Books</name>
<link>https://www.goodreads.com/book_link/follow/107</link>
</buy_link>
<buy_link>
<id>7</id>
<name>IndieBound</name>
<link>https://www.goodreads.com/book_link/follow/7</link>
</buy_link>

  </buy_links>
  <series_works>
    <series_work>
<id>598626</id>
<user_position>1</user_position>
<series>
<id>123082</id>
<title>
<![CDATA[
    Mistborn - Alloy Era
]]>
</title>
<description>
<![CDATA[
    <i>Mistborn - Alloy Era</i> is a 4-book series of novellas set in the Mistborn world, 300 years after the end of the initial <i>Mistborn Trilogy</i>. It is not the planned second series in this world, but an interim series of novellas. See the full series here: <a href="https://www.goodreads.com/series/40910-mistborn">Mistborn</a>
]]>
</description>
<note>
<![CDATA[
]]>
</note>
<series_works_count>4</series_works_count>
<primary_work_count>4</primary_work_count>
<numbered>true</numbered>
</series>

</series_work>
<series_work>
<id>438168</id>
<user_position>4</user_position>
<series>
<id>40910</id>
<title>
<![CDATA[
    Mistborn
]]>
</title>
<description>
<![CDATA[
    Books #1-3 are a trilogy to be read together.
    Books #4-7 are sequels that take place 300 years later.
    
    For editions split in multiple volumes, see <a href="https://www.goodreads.com/series/191576-mistborn-split-volume-edition">Mistborn Split-Volume Edition series</a>.
    
    Mistborn is an epic fantasy trilogy and a heist story of political intrigue, surprises and magical martial-arts action. The saga dares to turn a genre on its head by asking a simple question: What if the hero of prophecy fails? What kind of world results when the Dark Lord is in charge?
    
    Known as:
    *迷雾之子 (Chinese, simplified)
    *迷霧之子 (Chinese, traditional)
    *Рожденный туманом (Russian)
    *הערפילאים (Hebrew)
]]>
</description>
<note>
<![CDATA[
    http://us.macmillan.com/series/Mistborn
]]>
</note>
<series_works_count>10</series_works_count>
<primary_work_count>7</primary_work_count>
<numbered>true</numbered>
</series>

</series_work>
<series_work>
<id>675267</id>
<user_position></user_position>
<series>
<id>135117</id>
<title>
<![CDATA[
    The Cosmere
]]>
</title>
<description>
<![CDATA[
    The Cosmere is the greater universe in which The Stormlight Archive and all other Brandon Sanderson's adult fiction books take place. That is, each book he writes is set on a unique world, and each of these worlds is set in the same Cosmere. All of the books share a single creation myth, a single cosmology and are connected by an overarching story. However, none of them dominate the storyline of any of the books.
]]>
</description>
<note>
<![CDATA[
]]>
</note>
<series_works_count>23</series_works_count>
<primary_work_count>18</primary_work_count>
<numbered>false</numbered>
</series>

</series_work>

  </series_works>
  <similar_books>
          <book>
<id>8697584</id>
<title><![CDATA[Wintertide (The Riyria Revelations, #5)]]></title>
<title_without_series>Wintertide</title_without_series>
<link><![CDATA[https://www.goodreads.com/book/show/8697584-wintertide]]></link>
<small_image_url><![CDATA[https://images.gr-assets.com/books/1280765503s/8697584.jpg]]></small_image_url>
<image_url><![CDATA[https://images.gr-assets.com/books/1280765503m/8697584.jpg]]></image_url>
<num_pages>317</num_pages>
<work>
<id>13570262</id>
</work>
<isbn>0982514581</isbn>
<isbn13>9780982514580</isbn13>
<average_rating>4.42</average_rating>
<ratings_count>5660</ratings_count>
<publication_year></publication_year>
<publication_month></publication_month>
<publication_day></publication_day>
<authors>
<author>
<id>2063919</id>
<name>Michael J. Sullivan</name>
<link><![CDATA[https://www.goodreads.com/author/show/2063919.Michael_J_Sullivan]]></link>
</author>
</authors>
</book>

          <book>
<id>20614529</id>
<title>Forsworn (Powder Mage, #0.1)</title>
<title_without_series>Forsworn</title_without_series>
<link><![CDATA[https://www.goodreads.com/book/show/20614529-forsworn]]></link>
<small_image_url><![CDATA[https://images.gr-assets.com/books/1390349495s/20614529.jpg]]></small_image_url>
<image_url><![CDATA[https://images.gr-assets.com/books/1390349495m/20614529.jpg]]></image_url>
<num_pages>64</num_pages>
<work>
<id>39896391</id>
</work>
<isbn></isbn>
<isbn13></isbn13>
<average_rating>4.03</average_rating>
<ratings_count>1858</ratings_count>
<publication_year>2014</publication_year>
<publication_month>1</publication_month>
<publication_day>21</publication_day>
<authors>
<author>
<id>6524620</id>
<name>Brian  McClellan</name>
<link><![CDATA[https://www.goodreads.com/author/show/6524620.Brian_McClellan]]></link>
</author>
</authors>
</book>

          <book>
<id>9268487</id>
<title><![CDATA[The Daylight War (Demon Cycle, #3)]]></title>
<title_without_series>The Daylight War</title_without_series>
<link><![CDATA[https://www.goodreads.com/book/show/9268487-the-daylight-war]]></link>
<small_image_url><![CDATA[https://images.gr-assets.com/books/1360777092s/9268487.jpg]]></small_image_url>
<image_url><![CDATA[https://images.gr-assets.com/books/1360777092m/9268487.jpg]]></image_url>
<num_pages>639</num_pages>
<work>
<id>14150105</id>
</work>
<isbn>0345503821</isbn>
<isbn13>9780345503824</isbn13>
<average_rating>4.23</average_rating>
<ratings_count>39227</ratings_count>
<publication_year>2013</publication_year>
<publication_month>2</publication_month>
<publication_day>12</publication_day>
<authors>
<author>
<id>1405152</id>
<name>Peter V. Brett</name>
<link><![CDATA[https://www.goodreads.com/author/show/1405152.Peter_V_Brett]]></link>
</author>
</authors>
</book>

          <book>
<id>12652457</id>
<title><![CDATA[The Broken Eye (Lightbringer, #3)]]></title>
<title_without_series>The Broken Eye</title_without_series>
<link><![CDATA[https://www.goodreads.com/book/show/12652457-the-broken-eye]]></link>
<small_image_url><![CDATA[https://images.gr-assets.com/books/1376583941s/12652457.jpg]]></small_image_url>
<image_url><![CDATA[https://images.gr-assets.com/books/1376583941m/12652457.jpg]]></image_url>
<num_pages>846</num_pages>
<work>
<id>17766175</id>
</work>
<isbn></isbn>
<isbn13></isbn13>
<average_rating>4.46</average_rating>
<ratings_count>30044</ratings_count>
<publication_year>2014</publication_year>
<publication_month>8</publication_month>
<publication_day>26</publication_day>
<authors>
<author>
<id>1370283</id>
<name>Brent Weeks</name>
<link><![CDATA[https://www.goodreads.com/author/show/1370283.Brent_Weeks]]></link>
</author>
</authors>
</book>

          <book>
<id>7743175</id>
<title><![CDATA[A Memory of Light (Wheel of Time, #14)]]></title>
<title_without_series>A Memory of Light</title_without_series>
<link><![CDATA[https://www.goodreads.com/book/show/7743175-a-memory-of-light]]></link>
<small_image_url><![CDATA[https://images.gr-assets.com/books/1336055749s/7743175.jpg]]></small_image_url>
<image_url><![CDATA[https://images.gr-assets.com/books/1336055749m/7743175.jpg]]></image_url>
<num_pages>909</num_pages>
<work>
<id>10558806</id>
</work>
<isbn>0765325950</isbn>
<isbn13>9780765325952</isbn13>
<average_rating>4.50</average_rating>
<ratings_count>75853</ratings_count>
<publication_year>2013</publication_year>
<publication_month>1</publication_month>
<publication_day>8</publication_day>
<authors>
<author>
<id>6252</id>
<name>Robert Jordan</name>
<link><![CDATA[https://www.goodreads.com/author/show/6252.Robert_Jordan]]></link>
</author>
</authors>
</book>

          <book>
<id>15790816</id>
<title><![CDATA[The Tyrant's Law (The Dagger and the Coin, #3)]]></title>
<title_without_series>The Tyrant&apos;s Law</title_without_series>
<link><![CDATA[https://www.goodreads.com/book/show/15790816-the-tyrant-s-law]]></link>
<small_image_url><![CDATA[https://images.gr-assets.com/books/1351071320s/15790816.jpg]]></small_image_url>
<image_url><![CDATA[https://images.gr-assets.com/books/1351071320m/15790816.jpg]]></image_url>
<num_pages>497</num_pages>
<work>
<id>21512368</id>
</work>
<isbn>0316080705</isbn>
<isbn13>9780316080705</isbn13>
<average_rating>4.07</average_rating>
<ratings_count>7088</ratings_count>
<publication_year>2013</publication_year>
<publication_month>5</publication_month>
<publication_day>14</publication_day>
<authors>
<author>
<id>13557729</id>
<name>Daniel Abraham</name>
<link><![CDATA[https://www.goodreads.com/author/show/13557729.Daniel_Abraham]]></link>
</author>
</authors>
</book>

          <book>
<id>13118885</id>
<title><![CDATA[Princeps (Imager Portfolio, #5)]]></title>
<title_without_series>Princeps</title_without_series>
<link><![CDATA[https://www.goodreads.com/book/show/13118885-princeps]]></link>
<small_image_url><![CDATA[https://images.gr-assets.com/books/1344317727s/13118885.jpg]]></small_image_url>
<image_url><![CDATA[https://images.gr-assets.com/books/1344317727m/13118885.jpg]]></image_url>
<num_pages></num_pages>
<work>
<id>18293875</id>
</work>
<isbn>0765330954</isbn>
<isbn13>9780765330956</isbn13>
<average_rating>4.19</average_rating>
<ratings_count>2215</ratings_count>
<publication_year></publication_year>
<publication_month></publication_month>
<publication_day></publication_day>
<authors>
<author>
<id>1301649</id>
<name>L.E. Modesitt Jr.</name>
<link><![CDATA[https://www.goodreads.com/author/show/1301649.L_E_Modesitt_Jr_]]></link>
</author>
</authors>
</book>

          <book>
<id>478951</id>
<title><![CDATA[The Bonehunters (Malazan Book of the Fallen, #6)]]></title>
<title_without_series>The Bonehunters</title_without_series>
<link><![CDATA[https://www.goodreads.com/book/show/478951.The_Bonehunters]]></link>
<small_image_url><![CDATA[https://images.gr-assets.com/books/1399934281s/478951.jpg]]></small_image_url>
<image_url><![CDATA[https://images.gr-assets.com/books/1399934281m/478951.jpg]]></image_url>
<num_pages>1231</num_pages>
<work>
<id>3898723</id>
</work>
<isbn>0553813153</isbn>
<isbn13>9780553813159</isbn13>
<average_rating>4.42</average_rating>
<ratings_count>22704</ratings_count>
<publication_year>2007</publication_year>
<publication_month>4</publication_month>
<publication_day>2</publication_day>
<authors>
<author>
<id>31232</id>
<name>Steven Erikson</name>
<link><![CDATA[https://www.goodreads.com/author/show/31232.Steven_Erikson]]></link>
</author>
</authors>
</book>

          <book>
<id>133664</id>
<title><![CDATA[Academ's Fury (Codex Alera, #2)]]></title>
<title_without_series>Academ&apos;s Fury</title_without_series>
<link><![CDATA[https://www.goodreads.com/book/show/133664.Academ_s_Fury]]></link>
<small_image_url><![CDATA[https://images.gr-assets.com/books/1381026900s/133664.jpg]]></small_image_url>
<image_url><![CDATA[https://images.gr-assets.com/books/1381026900m/133664.jpg]]></image_url>
<num_pages>704</num_pages>
<work>
<id>6614430</id>
</work>
<isbn>0441013406</isbn>
<isbn13>9780441013401</isbn13>
<average_rating>4.27</average_rating>
<ratings_count>47711</ratings_count>
<publication_year>2006</publication_year>
<publication_month>11</publication_month>
<publication_day>28</publication_day>
<authors>
<author>
<id>10746</id>
<name>Jim Butcher</name>
<link><![CDATA[https://www.goodreads.com/author/show/10746.Jim_Butcher]]></link>
</author>
</authors>
</book>

          <book>
<id>887877</id>
<title><![CDATA[Red Seas Under Red Skies (Gentleman Bastard, #2)]]></title>
<title_without_series>Red Seas Under Red Skies</title_without_series>
<link><![CDATA[https://www.goodreads.com/book/show/887877.Red_Seas_Under_Red_Skies]]></link>
<small_image_url><![CDATA[https://s.gr-assets.com/assets/nophoto/book/50x75-a91bf249278a81aabab721ef782c4a74.png]]></small_image_url>
<image_url><![CDATA[https://s.gr-assets.com/assets/nophoto/book/111x148-bcc042a9c91a29c1d680899eff700a03.png]]></image_url>
<num_pages>558</num_pages>
<work>
<id>856785</id>
</work>
<isbn>0553804685</isbn>
<isbn13>9780553804683</isbn13>
<average_rating>4.23</average_rating>
<ratings_count>78682</ratings_count>
<publication_year>2007</publication_year>
<publication_month>8</publication_month>
<publication_day></publication_day>
<authors>
<author>
<id>73149</id>
<name>Scott Lynch</name>
<link><![CDATA[https://www.goodreads.com/author/show/73149.Scott_Lynch]]></link>
</author>
</authors>
</book>

  </similar_books>
</book>

</GoodreadsResponse>