<?xml version="1.0" encoding="UTF-8"?>
<GoodreadsResponse>
  <Request>
    <authentication>true</authentication>
      <key><![CDATA[all_men_must_serve]]></key>
    <method><![CDATA[book_show]]></method>
  </Request>
  <book>
  <id>108077</id>
  <title><![CDATA[The Watsons Go to Birmingham - 1963]]></title>
  <isbn><![CDATA[044022800X]]></isbn>
  <isbn13><![CDATA[9780440228004]]></isbn13>
  <asin><![CDATA[]]></asin>
  <kindle_asin><![CDATA[]]></kindle_asin>
  <marketplace_id><![CDATA[]]></marketplace_id>
  <country_code><![CDATA[GB]]></country_code>
  <image_url>https://images.gr-assets.com/books/1320496341m/108077.jpg</image_url>
  <small_image_url>https://images.gr-assets.com/books/1320496341s/108077.jpg</small_image_url>
  <publication_year>2000</publication_year>
  <publication_month>12</publication_month>
  <publication_day>12</publication_day>
  <publisher>Laurel Leaf</publisher>
  <language_code>eng</language_code>
  <is_ebook>false</is_ebook>
  <description><![CDATA[The Newbery Honor-winning American classic, <i> The Watsons Go to Birmingham--1963 </i>, celebrates 20 years with this anniversary edition featuring a special letter from Christopher Paul Curtis and an introduction by noted educator Dr. Pauletta Bracy.<br /> Enter the hilarious world of ten-year-old Kenny and his family, the Weird Watsons of Flint, Michigan. There's Momma, Dad, little sister Joetta, and brother Byron, who's thirteen and an "official juvenile delinquent." When Momma and Dad decide it's time for a visit to Grandma, Dad comes home with the amazing Ultra-Glide, and the Watsons set out on a trip like no other. They're heading South to Birmingham, Alabama, toward one of the darkest moments in America's history.]]></description>
  <work>
  <id type="integer">4593761</id>
  <books_count type="integer">52</books_count>
  <best_book_id type="integer">108077</best_book_id>
  <reviews_count type="integer">62939</reviews_count>
  <ratings_sum type="integer">183301</ratings_sum>
  <ratings_count type="integer">46449</ratings_count>
  <text_reviews_count type="integer">3569</text_reviews_count>
  <original_publication_year type="integer">1995</original_publication_year>
  <original_publication_month type="integer">1</original_publication_month>
  <original_publication_day type="integer">1</original_publication_day>
  <original_title>The Watsons Go to Birmingham - 1963</original_title>
  <original_language_id type="integer" nil="true"/>
  <media_type>book</media_type>
  <rating_dist>5:16550|4:15865|3:10047|2:2963|1:1024|total:46449</rating_dist>
  <desc_user_id type="integer" nil="true"/>
  <default_chaptering_book_id type="integer" nil="true"/>
  <default_description_language_code nil="true"/>
</work>
  <average_rating>3.95</average_rating>
  <num_pages><![CDATA[224]]></num_pages>
  <format><![CDATA[Paperback]]></format>
  <edition_information><![CDATA[]]></edition_information>
  <ratings_count><![CDATA[44845]]></ratings_count>
  <text_reviews_count><![CDATA[3317]]></text_reviews_count>
  <url><![CDATA[https://www.goodreads.com/book/show/108077.The_Watsons_Go_to_Birmingham_1963]]></url>
  <link><![CDATA[https://www.goodreads.com/book/show/108077.The_Watsons_Go_to_Birmingham_1963]]></link>
  <authors>
<author>
<id>6846</id>
<name>Christopher Paul Curtis</name>
<role></role>
<image_url nophoto='false'>
<![CDATA[https://images.gr-assets.com/authors/1457184329p5/6846.jpg]]>
</image_url>
<small_image_url nophoto='false'>
<![CDATA[https://images.gr-assets.com/authors/1457184329p2/6846.jpg]]>
</small_image_url>
<link><![CDATA[https://www.goodreads.com/author/show/6846.Christopher_Paul_Curtis]]></link>
<average_rating>3.92</average_rating>
<ratings_count>149260</ratings_count>
<text_reviews_count>10935</text_reviews_count>
</author>
</authors>

    <reviews_widget>
      <![CDATA[
        <style>
  #goodreads-widget {
    font-family: georgia, serif;
    padding: 18px 0;
    width:565px;
  }
  #goodreads-widget h1 {
    font-weight:normal;
    font-size: 16px;
    border-bottom: 1px solid #BBB596;
    margin-bottom: 0;
  }
  #goodreads-widget a {
    text-decoration: none;
    color:#660;
  }
  iframe{
    background-color: #fff;
  }
  #goodreads-widget a:hover { text-decoration: underline; }
  #goodreads-widget a:active {
    color:#660;
  }
  #gr_footer {
    width: 100%;
    border-top: 1px solid #BBB596;
    text-align: right;
  }
  #goodreads-widget .gr_branding{
    color: #382110;
    font-size: 11px;
    text-decoration: none;
    font-family: "Helvetica Neue", Helvetica, Arial, sans-serif;
  }
</style>
<div id="goodreads-widget">
  <div id="gr_header"><h1><a rel="nofollow" href="https://www.goodreads.com/book/show/108077.The_Watsons_Go_to_Birmingham_1963">The Watsons Go to Birmingham - 1963 Reviews</a></h1></div>
  <iframe id="the_iframe" src="https://www.goodreads.com/api/reviews_widget_iframe?did=DEVELOPER_ID&amp;format=html&amp;isbn=044022800X&amp;links=660&amp;min_rating=&amp;review_back=fff&amp;stars=000&amp;text=000" width="565" height="400" frameborder="0"></iframe>
  <div id="gr_footer">
    <a class="gr_branding" target="_blank" rel="nofollow" href="https://www.goodreads.com/book/show/108077.The_Watsons_Go_to_Birmingham_1963?utm_medium=api&amp;utm_source=reviews_widget">Reviews from Goodreads.com</a>
  </div>
</div>

      ]]>
    </reviews_widget>
  <popular_shelves>
      <shelf name="to-read" count="10266"/>
      <shelf name="historical-fiction" count="1123"/>
      <shelf name="currently-reading" count="768"/>
      <shelf name="young-adult" count="384"/>
      <shelf name="favorites" count="239"/>
      <shelf name="fiction" count="214"/>
      <shelf name="childrens" count="198"/>
      <shelf name="historical" count="181"/>
      <shelf name="middle-grade" count="159"/>
      <shelf name="ya" count="149"/>
      <shelf name="children-s-books" count="131"/>
      <shelf name="school" count="129"/>
      <shelf name="newbery" count="127"/>
      <shelf name="african-american" count="117"/>
      <shelf name="children-s" count="116"/>
      <shelf name="civil-rights" count="106"/>
      <shelf name="children" count="106"/>
      <shelf name="newbery-honor" count="84"/>
      <shelf name="family" count="83"/>
      <shelf name="middle-school" count="81"/>
      <shelf name="kids" count="81"/>
      <shelf name="social-studies" count="73"/>
      <shelf name="humor" count="73"/>
      <shelf name="children-s-lit" count="73"/>
      <shelf name="realistic-fiction" count="66"/>
      <shelf name="history" count="66"/>
      <shelf name="childhood" count="66"/>
      <shelf name="juvenile" count="66"/>
      <shelf name="juvenile-fiction" count="65"/>
      <shelf name="for-school" count="63"/>
      <shelf name="read-for-school" count="63"/>
      <shelf name="classics" count="63"/>
      <shelf name="chapter-books" count="60"/>
      <shelf name="books-i-own" count="58"/>
      <shelf name="multicultural" count="57"/>
      <shelf name="owned" count="53"/>
      <shelf name="childrens-books" count="49"/>
      <shelf name="children-s-literature" count="47"/>
      <shelf name="school-books" count="43"/>
      <shelf name="kids-books" count="42"/>
      <shelf name="classroom-library" count="40"/>
      <shelf name="audio" count="35"/>
      <shelf name="race" count="34"/>
      <shelf name="audiobook" count="33"/>
      <shelf name="audiobooks" count="33"/>
      <shelf name="7th-grade-novels" count="32"/>
      <shelf name="award-winner" count="32"/>
      <shelf name="newbery-award" count="31"/>
      <shelf name="middle-grades" count="30"/>
      <shelf name="award-winners" count="30"/>
      <shelf name="youth" count="29"/>
      <shelf name="default" count="28"/>
      <shelf name="young-adult-fiction" count="28"/>
      <shelf name="childrens-lit" count="28"/>
      <shelf name="american-history" count="27"/>
      <shelf name="racism" count="27"/>
      <shelf name="read-alouds" count="27"/>
      <shelf name="civil-rights-movement" count="26"/>
      <shelf name="alabama" count="25"/>
      <shelf name="michigan" count="24"/>
      <shelf name="ya-lit" count="24"/>
      <shelf name="childhood-favorites" count="24"/>
      <shelf name="battle-of-the-books" count="23"/>
      <shelf name="library" count="23"/>
      <shelf name="chapter-book" count="23"/>
      <shelf name="tween" count="23"/>
      <shelf name="classroom" count="22"/>
      <shelf name="elementary" count="22"/>
      <shelf name="coretta-scott-king-award" count="22"/>
      <shelf name="read-aloud" count="22"/>
      <shelf name="book-club" count="22"/>
      <shelf name="ya-fiction" count="22"/>
      <shelf name="1960s" count="21"/>
      <shelf name="funny" count="21"/>
      <shelf name="award-winning" count="21"/>
      <shelf name="kid-lit" count="21"/>
      <shelf name="audio-books" count="20"/>
      <shelf name="novels" count="20"/>
      <shelf name="5th-grade" count="20"/>
      <shelf name="newberry" count="20"/>
      <shelf name="children-s-fiction" count="20"/>
      <shelf name="diversity" count="19"/>
      <shelf name="historical-fiction-chapter-books" count="19"/>
      <shelf name="teen" count="19"/>
      <shelf name="newberry-honor" count="18"/>
      <shelf name="read-in-2014" count="17"/>
      <shelf name="kid-books" count="17"/>
      <shelf name="classic" count="17"/>
      <shelf name="classroom-books" count="17"/>
      <shelf name="childrens-fiction" count="17"/>
      <shelf name="owned-books" count="16"/>
      <shelf name="newbery-books" count="16"/>
      <shelf name="segregation" count="16"/>
      <shelf name="christopher-paul-curtis" count="16"/>
      <shelf name="ya-books" count="16"/>
      <shelf name="books-for-school" count="16"/>
      <shelf name="school-reads" count="16"/>
      <shelf name="southern" count="15"/>
      <shelf name="audio-book" count="15"/>
      <shelf name="childhood-books" count="15"/>
  </popular_shelves>
  <book_links>
    <book_link>
  <id>8</id>
  <name>Libraries</name>
  <link>https://www.goodreads.com/book_link/follow/8</link>
</book_link>

  </book_links>
  <buy_links>
    <buy_link>
<id>1</id>
<name>Amazon</name>
<link>https://www.goodreads.com/book_link/follow/1</link>
</buy_link>
<buy_link>
<id>10</id>
<name>Audible</name>
<link>https://www.goodreads.com/book_link/follow/10</link>
</buy_link>
<buy_link>
<id>3</id>
<name>Barnes &amp; Noble</name>
<link>https://www.goodreads.com/book_link/follow/3</link>
</buy_link>
<buy_link>
<id>1027</id>
<name>Kobo</name>
<link>https://www.goodreads.com/book_link/follow/1027</link>
</buy_link>
<buy_link>
<id>2102</id>
<name>Apple iBooks</name>
<link>https://www.goodreads.com/book_link/follow/2102</link>
</buy_link>
<buy_link>
<id>8036</id>
<name>Google Play</name>
<link>https://www.goodreads.com/book_link/follow/8036</link>
</buy_link>
<buy_link>
<id>4</id>
<name>Abebooks</name>
<link>https://www.goodreads.com/book_link/follow/4</link>
</buy_link>
<buy_link>
<id>882</id>
<name>Book Depository</name>
<link>https://www.goodreads.com/book_link/follow/882</link>
</buy_link>
<buy_link>
<id>9</id>
<name>Indigo</name>
<link>https://www.goodreads.com/book_link/follow/9</link>
</buy_link>
<buy_link>
<id>2</id>
<name>Half.com</name>
<link>https://www.goodreads.com/book_link/follow/2</link>
</buy_link>
<buy_link>
<id>5</id>
<name>Alibris</name>
<link>https://www.goodreads.com/book_link/follow/5</link>
</buy_link>
<buy_link>
<id>107</id>
<name>Better World Books</name>
<link>https://www.goodreads.com/book_link/follow/107</link>
</buy_link>
<buy_link>
<id>7</id>
<name>IndieBound</name>
<link>https://www.goodreads.com/book_link/follow/7</link>
</buy_link>

  </buy_links>
  <series_works>
    
  </series_works>
  <similar_books>
          <book>
<id>808017</id>
<title><![CDATA[My Brother Martin: A Sister Remembers Growing Up with the Rev. Dr. Martin Luther King Jr.]]></title>
<title_without_series><![CDATA[My Brother Martin: A Sister Remembers Growing Up with the Rev. Dr. Martin Luther King Jr.]]></title_without_series>
<link><![CDATA[https://www.goodreads.com/book/show/808017.My_Brother_Martin]]></link>
<small_image_url><![CDATA[https://s.gr-assets.com/assets/nophoto/book/50x75-a91bf249278a81aabab721ef782c4a74.png]]></small_image_url>
<image_url><![CDATA[https://s.gr-assets.com/assets/nophoto/book/111x148-bcc042a9c91a29c1d680899eff700a03.png]]></image_url>
<num_pages></num_pages>
<work>
<id>793958</id>
</work>
<isbn>0689843887</isbn>
<isbn13>9780689843884</isbn13>
<average_rating>4.27</average_rating>
<ratings_count>1658</ratings_count>
<publication_year></publication_year>
<publication_month></publication_month>
<publication_day></publication_day>
<authors>
<author>
<id>93277</id>
<name>Christine King Farris</name>
<link><![CDATA[https://www.goodreads.com/author/show/93277.Christine_King_Farris]]></link>
</author>
</authors>
</book>

          <book>
<id>394920</id>
<title>Yolonda&apos;s Genius</title>
<title_without_series>Yolonda&apos;s Genius</title_without_series>
<link><![CDATA[https://www.goodreads.com/book/show/394920.Yolonda_s_Genius]]></link>
<small_image_url><![CDATA[https://images.gr-assets.com/books/1312640013s/394920.jpg]]></small_image_url>
<image_url><![CDATA[https://images.gr-assets.com/books/1312640013m/394920.jpg]]></image_url>
<num_pages></num_pages>
<work>
<id>384442</id>
</work>
<isbn>0689821727</isbn>
<isbn13>9780689821721</isbn13>
<average_rating>3.79</average_rating>
<ratings_count>1905</ratings_count>
<publication_year></publication_year>
<publication_month></publication_month>
<publication_day></publication_day>
<authors>
<author>
<id>224206</id>
<name>Carol Fenner</name>
<link><![CDATA[https://www.goodreads.com/author/show/224206.Carol_Fenner]]></link>
</author>
</authors>
</book>

          <book>
<id>6609764</id>
<title><![CDATA[One Crazy Summer (Gaither Sisters, #1)]]></title>
<title_without_series>One Crazy Summer</title_without_series>
<link><![CDATA[https://www.goodreads.com/book/show/6609764-one-crazy-summer]]></link>
<small_image_url><![CDATA[https://s.gr-assets.com/assets/nophoto/book/50x75-a91bf249278a81aabab721ef782c4a74.png]]></small_image_url>
<image_url><![CDATA[https://s.gr-assets.com/assets/nophoto/book/111x148-bcc042a9c91a29c1d680899eff700a03.png]]></image_url>
<num_pages>224</num_pages>
<work>
<id>6803731</id>
</work>
<isbn>0060760885</isbn>
<isbn13>9780060760885</isbn13>
<average_rating>3.95</average_rating>
<ratings_count>20231</ratings_count>
<publication_year>2010</publication_year>
<publication_month>1</publication_month>
<publication_day>26</publication_day>
<authors>
<author>
<id>123330</id>
<name>Rita Williams-Garcia</name>
<link><![CDATA[https://www.goodreads.com/author/show/123330.Rita_Williams_Garcia]]></link>
</author>
</authors>
</book>

          <book>
<id>272343</id>
<title>Show Way</title>
<title_without_series>Show Way</title_without_series>
<link><![CDATA[https://www.goodreads.com/book/show/272343.Show_Way]]></link>
<small_image_url><![CDATA[https://images.gr-assets.com/books/1309210328s/272343.jpg]]></small_image_url>
<image_url><![CDATA[https://images.gr-assets.com/books/1309210328m/272343.jpg]]></image_url>
<num_pages>48</num_pages>
<work>
<id>264050</id>
</work>
<isbn>0399237496</isbn>
<isbn13>9780399237492</isbn13>
<average_rating>4.20</average_rating>
<ratings_count>2334</ratings_count>
<publication_year>2005</publication_year>
<publication_month>9</publication_month>
<publication_day>8</publication_day>
<authors>
<author>
<id>74640</id>
<name>Jacqueline Woodson</name>
<link><![CDATA[https://www.goodreads.com/author/show/74640.Jacqueline_Woodson]]></link>
</author>
</authors>
</book>

          <book>
<id>892027</id>
<title>Mapping Penny&apos;s World</title>
<title_without_series>Mapping Penny&apos;s World</title_without_series>
<link><![CDATA[https://www.goodreads.com/book/show/892027.Mapping_Penny_s_World]]></link>
<small_image_url><![CDATA[https://images.gr-assets.com/books/1316130600s/892027.jpg]]></small_image_url>
<image_url><![CDATA[https://images.gr-assets.com/books/1316130600m/892027.jpg]]></image_url>
<num_pages>32</num_pages>
<work>
<id>877264</id>
</work>
<isbn>0805072624</isbn>
<isbn13>9780805072624</isbn13>
<average_rating>3.96</average_rating>
<ratings_count>426</ratings_count>
<publication_year>2003</publication_year>
<publication_month>8</publication_month>
<publication_day>1</publication_day>
<authors>
<author>
<id>36199</id>
<name>Loreen Leedy</name>
<link><![CDATA[https://www.goodreads.com/author/show/36199.Loreen_Leedy]]></link>
</author>
</authors>
</book>

          <book>
<id>5201814</id>
<title><![CDATA[Claudette Colvin: Twice Toward Justice]]></title>
<title_without_series><![CDATA[Claudette Colvin: Twice Toward Justice]]></title_without_series>
<link><![CDATA[https://www.goodreads.com/book/show/5201814-claudette-colvin]]></link>
<small_image_url><![CDATA[https://images.gr-assets.com/books/1317793048s/5201814.jpg]]></small_image_url>
<image_url><![CDATA[https://images.gr-assets.com/books/1317793048m/5201814.jpg]]></image_url>
<num_pages>133</num_pages>
<work>
<id>5268969</id>
</work>
<isbn>0374313229</isbn>
<isbn13>9780374313227</isbn13>
<average_rating>4.02</average_rating>
<ratings_count>4363</ratings_count>
<publication_year>2009</publication_year>
<publication_month>1</publication_month>
<publication_day>20</publication_day>
<authors>
<author>
<id>66579</id>
<name>Phillip M. Hoose</name>
<link><![CDATA[https://www.goodreads.com/author/show/66579.Phillip_M_Hoose]]></link>
</author>
</authors>
</book>

          <book>
<id>107465</id>
<title><![CDATA[Moses: When Harriet Tubman Led Her People to Freedom ]]></title>
<title_without_series><![CDATA[Moses: When Harriet Tubman Led Her People to Freedom]]></title_without_series>
<link><![CDATA[https://www.goodreads.com/book/show/107465.Moses]]></link>
<small_image_url><![CDATA[https://s.gr-assets.com/assets/nophoto/book/50x75-a91bf249278a81aabab721ef782c4a74.png]]></small_image_url>
<image_url><![CDATA[https://s.gr-assets.com/assets/nophoto/book/111x148-bcc042a9c91a29c1d680899eff700a03.png]]></image_url>
<num_pages></num_pages>
<work>
<id>103574</id>
</work>
<isbn>0786851759</isbn>
<isbn13>9780786851751</isbn13>
<average_rating>4.35</average_rating>
<ratings_count>4421</ratings_count>
<publication_year></publication_year>
<publication_month></publication_month>
<publication_day></publication_day>
<authors>
<author>
<id>57825</id>
<name>Carole Boston Weatherford</name>
<link><![CDATA[https://www.goodreads.com/author/show/57825.Carole_Boston_Weatherford]]></link>
</author>
</authors>
</book>

          <book>
<id>11336</id>
<title><![CDATA[Remember: The Journey to School Integration]]></title>
<title_without_series><![CDATA[Remember: The Journey to School Integration]]></title_without_series>
<link><![CDATA[https://www.goodreads.com/book/show/11336.Remember]]></link>
<small_image_url><![CDATA[https://s.gr-assets.com/assets/nophoto/book/50x75-a91bf249278a81aabab721ef782c4a74.png]]></small_image_url>
<image_url><![CDATA[https://s.gr-assets.com/assets/nophoto/book/111x148-bcc042a9c91a29c1d680899eff700a03.png]]></image_url>
<num_pages></num_pages>
<work>
<id>3002322</id>
</work>
<isbn>061839740X</isbn>
<isbn13>9780618397402</isbn13>
<average_rating>4.41</average_rating>
<ratings_count>534</ratings_count>
<publication_year></publication_year>
<publication_month></publication_month>
<publication_day></publication_day>
<authors>
<author>
<id>3534</id>
<name>Toni Morrison</name>
<link><![CDATA[https://www.goodreads.com/author/show/3534.Toni_Morrison]]></link>
</author>
</authors>
</book>

          <book>
<id>159666</id>
<title>The Birchbark House</title>
<title_without_series>The Birchbark House</title_without_series>
<link><![CDATA[https://www.goodreads.com/book/show/159666.The_Birchbark_House]]></link>
<small_image_url><![CDATA[https://images.gr-assets.com/books/1280242695s/159666.jpg]]></small_image_url>
<image_url><![CDATA[https://images.gr-assets.com/books/1280242695m/159666.jpg]]></image_url>
<num_pages>244</num_pages>
<work>
<id>154105</id>
</work>
<isbn>0786814543</isbn>
<isbn13>9780786814541</isbn13>
<average_rating>3.92</average_rating>
<ratings_count>4348</ratings_count>
<publication_year>2002</publication_year>
<publication_month>5</publication_month>
<publication_day>13</publication_day>
<authors>
<author>
<id>9388</id>
<name>Louise Erdrich</name>
<link><![CDATA[https://www.goodreads.com/author/show/9388.Louise_Erdrich]]></link>
</author>
</authors>
</book>

          <book>
<id>14403</id>
<title>The Story of Ruby Bridges</title>
<title_without_series>The Story of Ruby Bridges</title_without_series>
<link><![CDATA[https://www.goodreads.com/book/show/14403.The_Story_of_Ruby_Bridges]]></link>
<small_image_url><![CDATA[https://s.gr-assets.com/assets/nophoto/book/50x75-a91bf249278a81aabab721ef782c4a74.png]]></small_image_url>
<image_url><![CDATA[https://s.gr-assets.com/assets/nophoto/book/111x148-bcc042a9c91a29c1d680899eff700a03.png]]></image_url>
<num_pages>32</num_pages>
<work>
<id>1952010</id>
</work>
<isbn>0439598443</isbn>
<isbn13>9780439598446</isbn13>
<average_rating>4.41</average_rating>
<ratings_count>9913</ratings_count>
<publication_year>2004</publication_year>
<publication_month>6</publication_month>
<publication_day>1</publication_day>
<authors>
<author>
<id>8942</id>
<name>Robert Coles</name>
<link><![CDATA[https://www.goodreads.com/author/show/8942.Robert_Coles]]></link>
</author>
</authors>
</book>

          <book>
<id>4414890</id>
<title><![CDATA[The Mostly True Adventures of Homer P. Figg]]></title>
<title_without_series><![CDATA[The Mostly True Adventures of Homer P. Figg]]></title_without_series>
<link><![CDATA[https://www.goodreads.com/book/show/4414890-the-mostly-true-adventures-of-homer-p-figg]]></link>
<small_image_url><![CDATA[https://images.gr-assets.com/books/1328842672s/4414890.jpg]]></small_image_url>
<image_url><![CDATA[https://images.gr-assets.com/books/1328842672m/4414890.jpg]]></image_url>
<num_pages>224</num_pages>
<work>
<id>4463054</id>
</work>
<isbn>0439668182</isbn>
<isbn13>9780439668187</isbn13>
<average_rating>3.67</average_rating>
<ratings_count>6051</ratings_count>
<publication_year>2009</publication_year>
<publication_month>1</publication_month>
<publication_day>1</publication_day>
<authors>
<author>
<id>5817</id>
<name>Rodman Philbrick</name>
<link><![CDATA[https://www.goodreads.com/author/show/5817.Rodman_Philbrick]]></link>
</author>
</authors>
</book>

          <book>
<id>39963</id>
<title><![CDATA[A Long Way from Chicago (A Long Way from Chicago, #1)]]></title>
<title_without_series>A Long Way from Chicago</title_without_series>
<link><![CDATA[https://www.goodreads.com/book/show/39963.A_Long_Way_from_Chicago]]></link>
<small_image_url><![CDATA[https://s.gr-assets.com/assets/nophoto/book/50x75-a91bf249278a81aabab721ef782c4a74.png]]></small_image_url>
<image_url><![CDATA[https://s.gr-assets.com/assets/nophoto/book/111x148-bcc042a9c91a29c1d680899eff700a03.png]]></image_url>
<num_pages>160</num_pages>
<work>
<id>1207111</id>
</work>
<isbn>0142401102</isbn>
<isbn13>9780142401101</isbn13>
<average_rating>3.92</average_rating>
<ratings_count>28545</ratings_count>
<publication_year>2004</publication_year>
<publication_month>4</publication_month>
<publication_day>12</publication_day>
<authors>
<author>
<id>22414</id>
<name>Richard Peck</name>
<link><![CDATA[https://www.goodreads.com/author/show/22414.Richard_Peck]]></link>
</author>
</authors>
</book>

          <book>
<id>409184</id>
<title><![CDATA[Our Only May Amelia (May Amelia, #1)]]></title>
<title_without_series>Our Only May Amelia</title_without_series>
<link><![CDATA[https://www.goodreads.com/book/show/409184.Our_Only_May_Amelia]]></link>
<small_image_url><![CDATA[https://s.gr-assets.com/assets/nophoto/book/50x75-a91bf249278a81aabab721ef782c4a74.png]]></small_image_url>
<image_url><![CDATA[https://s.gr-assets.com/assets/nophoto/book/111x148-bcc042a9c91a29c1d680899eff700a03.png]]></image_url>
<num_pages>272</num_pages>
<work>
<id>398480</id>
</work>
<isbn>0064408566</isbn>
<isbn13>9780064408561</isbn13>
<average_rating>3.82</average_rating>
<ratings_count>6862</ratings_count>
<publication_year>2001</publication_year>
<publication_month>4</publication_month>
<publication_day>24</publication_day>
<authors>
<author>
<id>137561</id>
<name>Jennifer L. Holm</name>
<link><![CDATA[https://www.goodreads.com/author/show/137561.Jennifer_L_Holm]]></link>
</author>
</authors>
</book>

          <book>
<id>165856</id>
<title><![CDATA[Lizzie Bright and the Buckminster Boy]]></title>
<title_without_series><![CDATA[Lizzie Bright and the Buckminster Boy]]></title_without_series>
<link><![CDATA[https://www.goodreads.com/book/show/165856.Lizzie_Bright_and_the_Buckminster_Boy]]></link>
<small_image_url><![CDATA[https://images.gr-assets.com/books/1320479821s/165856.jpg]]></small_image_url>
<image_url><![CDATA[https://images.gr-assets.com/books/1320479821m/165856.jpg]]></image_url>
<num_pages>219</num_pages>
<work>
<id>636261</id>
</work>
<isbn>0553494953</isbn>
<isbn13>9780553494952</isbn13>
<average_rating>3.85</average_rating>
<ratings_count>7860</ratings_count>
<publication_year></publication_year>
<publication_month></publication_month>
<publication_day></publication_day>
<authors>
<author>
<id>96375</id>
<name>Gary D. Schmidt</name>
<link><![CDATA[https://www.goodreads.com/author/show/96375.Gary_D_Schmidt]]></link>
</author>
</authors>
</book>

          <book>
<id>532469</id>
<title>Baseball Saved Us</title>
<title_without_series>Baseball Saved Us</title_without_series>
<link><![CDATA[https://www.goodreads.com/book/show/532469.Baseball_Saved_Us]]></link>
<small_image_url><![CDATA[https://s.gr-assets.com/assets/nophoto/book/50x75-a91bf249278a81aabab721ef782c4a74.png]]></small_image_url>
<image_url><![CDATA[https://s.gr-assets.com/assets/nophoto/book/111x148-bcc042a9c91a29c1d680899eff700a03.png]]></image_url>
<num_pages>30</num_pages>
<work>
<id>520026</id>
</work>
<isbn>1880000199</isbn>
<isbn13>9781880000199</isbn13>
<average_rating>4.23</average_rating>
<ratings_count>2719</ratings_count>
<publication_year>1993</publication_year>
<publication_month>3</publication_month>
<publication_day>1</publication_day>
<authors>
<author>
<id>294371</id>
<name>Ken Mochizuki</name>
<link><![CDATA[https://www.goodreads.com/author/show/294371.Ken_Mochizuki]]></link>
</author>
</authors>
</book>

          <book>
<id>22546133</id>
<title>Stella by Starlight</title>
<title_without_series>Stella by Starlight</title_without_series>
<link><![CDATA[https://www.goodreads.com/book/show/22546133-stella-by-starlight]]></link>
<small_image_url><![CDATA[https://images.gr-assets.com/books/1420938354s/22546133.jpg]]></small_image_url>
<image_url><![CDATA[https://images.gr-assets.com/books/1420938354m/22546133.jpg]]></image_url>
<num_pages>320</num_pages>
<work>
<id>42002485</id>
</work>
<isbn>1442494972</isbn>
<isbn13>9781442494978</isbn13>
<average_rating>4.05</average_rating>
<ratings_count>6000</ratings_count>
<publication_year>2015</publication_year>
<publication_month>1</publication_month>
<publication_day>6</publication_day>
<authors>
<author>
<id>51942</id>
<name>Sharon M. Draper</name>
<link><![CDATA[https://www.goodreads.com/author/show/51942.Sharon_M_Draper]]></link>
</author>
</authors>
</book>

          <book>
<id>2871746</id>
<title><![CDATA[The Surrender Tree: Poems of Cuba's Struggle for Freedom]]></title>
<title_without_series><![CDATA[The Surrender Tree: Poems of Cuba's Struggle for Freedom]]></title_without_series>
<link><![CDATA[https://www.goodreads.com/book/show/2871746-the-surrender-tree]]></link>
<small_image_url><![CDATA[https://images.gr-assets.com/books/1312055321s/2871746.jpg]]></small_image_url>
<image_url><![CDATA[https://images.gr-assets.com/books/1312055321m/2871746.jpg]]></image_url>
<num_pages>169</num_pages>
<work>
<id>2897901</id>
</work>
<isbn>0805086749</isbn>
<isbn13>9780805086744</isbn13>
<average_rating>3.94</average_rating>
<ratings_count>1879</ratings_count>
<publication_year></publication_year>
<publication_month></publication_month>
<publication_day></publication_day>
<authors>
<author>
<id>103963</id>
<name>Margarita Engle</name>
<link><![CDATA[https://www.goodreads.com/author/show/103963.Margarita_Engle]]></link>
</author>
</authors>
</book>

          <book>
<id>78218</id>
<title><![CDATA[The Liberation of Gabriel King]]></title>
<title_without_series><![CDATA[The Liberation of Gabriel King]]></title_without_series>
<link><![CDATA[https://www.goodreads.com/book/show/78218.The_Liberation_of_Gabriel_King]]></link>
<small_image_url><![CDATA[https://s.gr-assets.com/assets/nophoto/book/50x75-a91bf249278a81aabab721ef782c4a74.png]]></small_image_url>
<image_url><![CDATA[https://s.gr-assets.com/assets/nophoto/book/111x148-bcc042a9c91a29c1d680899eff700a03.png]]></image_url>
<num_pages></num_pages>
<work>
<id>2976294</id>
</work>
<isbn>0142407666</isbn>
<isbn13>9780142407660</isbn13>
<average_rating>3.94</average_rating>
<ratings_count>1540</ratings_count>
<publication_year></publication_year>
<publication_month></publication_month>
<publication_day></publication_day>
<authors>
<author>
<id>1046844</id>
<name>K.L. Going</name>
<link><![CDATA[https://www.goodreads.com/author/show/1046844.K_L_Going]]></link>
</author>
</authors>
</book>

  </similar_books>
</book>

</GoodreadsResponse>