<?xml version="1.0" encoding="UTF-8"?>
<GoodreadsResponse>
  <Request>
    <authentication>true</authentication>
      <key><![CDATA[all_men_must_serve]]></key>
    <method><![CDATA[book_show]]></method>
  </Request>
  <book>
  <id>10800916</id>
  <title><![CDATA[Awake at Dawn (Shadow Falls, #2)]]></title>
  <isbn><![CDATA[0312624689]]></isbn>
  <isbn13><![CDATA[9780312624682]]></isbn13>
  <asin><![CDATA[]]></asin>
  <kindle_asin><![CDATA[B0050IGWLI]]></kindle_asin>
  <marketplace_id><![CDATA[A1F83G8C2ARO7P]]></marketplace_id>
  <country_code><![CDATA[GB]]></country_code>
  <image_url>https://s.gr-assets.com/assets/nophoto/book/111x148-bcc042a9c91a29c1d680899eff700a03.png</image_url>
  <small_image_url>https://s.gr-assets.com/assets/nophoto/book/50x75-a91bf249278a81aabab721ef782c4a74.png</small_image_url>
  <publication_year>2011</publication_year>
  <publication_month>10</publication_month>
  <publication_day>11</publication_day>
  <publisher>St. Martin's Griffin</publisher>
  <language_code>en-US</language_code>
  <is_ebook>false</is_ebook>
  <description><![CDATA[<i>Step into the world of Shadow Falls, a camp that helps teens tap into their special... talents. Once you visit, you’ll never forget it—and you’ll never, ever be the same.</i><br /><br />From the moment Kylie Galen arrived at Shadow Falls Camp, she’s had one burning question: What am I? Surrounded by vampires, werewolves, shape-shifters, fairies and witches, Kylie longs to figure out her own supernatural identity…and what her burgeoning powers mean. And now she’ll need them more than ever, because she’s being haunted by a new spirit who insists that someone Kylie knows—and loves—will die before the end of the summer. If only she only knew who she was supposed to save. And how...<br /><br />But giving Kylie the most trouble is her aching heart. Gorgeous werewolf Lucas left camp with another girl, but he’s still visiting Kylie in her dreams. And Derek, a sexy half Fae who’s always been there for her when she needed him, is pushing to get more serious—and growing impatient, especially when Lucas returns. Kylie knows she needs to decide between the boys, and it’s tearing her up inside. <br /><br />Yet romance will have to wait, because something from the dark side of the supernatural world is hiding in Shadow Falls. It’s about to threaten everything she holds dear... and bring her closer to her destiny.]]></description>
  <work>
  <id type="integer">14442368</id>
  <books_count type="integer">20</books_count>
  <best_book_id type="integer">10800916</best_book_id>
  <reviews_count type="integer">77429</reviews_count>
  <ratings_sum type="integer">206060</ratings_sum>
  <ratings_count type="integer">47989</ratings_count>
  <text_reviews_count type="integer">1660</text_reviews_count>
  <original_publication_year type="integer">2011</original_publication_year>
  <original_publication_month type="integer">10</original_publication_month>
  <original_publication_day type="integer">11</original_publication_day>
  <original_title>Awake at Dawn</original_title>
  <original_language_id type="integer" nil="true"/>
  <media_type>book</media_type>
  <rating_dist>5:24815|4:14670|3:6718|2:1365|1:421|total:47989</rating_dist>
  <desc_user_id type="integer">3481616</desc_user_id>
  <default_chaptering_book_id type="integer" nil="true"/>
  <default_description_language_code nil="true"/>
</work>
  <average_rating>4.29</average_rating>
  <num_pages><![CDATA[383]]></num_pages>
  <format><![CDATA[Paperback]]></format>
  <edition_information><![CDATA[]]></edition_information>
  <ratings_count><![CDATA[46293]]></ratings_count>
  <text_reviews_count><![CDATA[1569]]></text_reviews_count>
  <url><![CDATA[https://www.goodreads.com/book/show/10800916-awake-at-dawn]]></url>
  <link><![CDATA[https://www.goodreads.com/book/show/10800916-awake-at-dawn]]></link>
  <authors>
<author>
<id>4154802</id>
<name>C.C. Hunter</name>
<role></role>
<image_url nophoto='false'>
<![CDATA[https://images.gr-assets.com/authors/1285587993p5/4154802.jpg]]>
</image_url>
<small_image_url nophoto='false'>
<![CDATA[https://images.gr-assets.com/authors/1285587993p2/4154802.jpg]]>
</small_image_url>
<link><![CDATA[https://www.goodreads.com/author/show/4154802.C_C_Hunter]]></link>
<average_rating>4.27</average_rating>
<ratings_count>241479</ratings_count>
<text_reviews_count>11934</text_reviews_count>
</author>
</authors>

    <reviews_widget>
      <![CDATA[
        <style>
  #goodreads-widget {
    font-family: georgia, serif;
    padding: 18px 0;
    width:565px;
  }
  #goodreads-widget h1 {
    font-weight:normal;
    font-size: 16px;
    border-bottom: 1px solid #BBB596;
    margin-bottom: 0;
  }
  #goodreads-widget a {
    text-decoration: none;
    color:#660;
  }
  iframe{
    background-color: #fff;
  }
  #goodreads-widget a:hover { text-decoration: underline; }
  #goodreads-widget a:active {
    color:#660;
  }
  #gr_footer {
    width: 100%;
    border-top: 1px solid #BBB596;
    text-align: right;
  }
  #goodreads-widget .gr_branding{
    color: #382110;
    font-size: 11px;
    text-decoration: none;
    font-family: "Helvetica Neue", Helvetica, Arial, sans-serif;
  }
</style>
<div id="goodreads-widget">
  <div id="gr_header"><h1><a rel="nofollow" href="https://www.goodreads.com/book/show/10800916-awake-at-dawn">Awake at Dawn Reviews</a></h1></div>
  <iframe id="the_iframe" src="https://www.goodreads.com/api/reviews_widget_iframe?did=DEVELOPER_ID&amp;format=html&amp;isbn=0312624689&amp;links=660&amp;min_rating=&amp;review_back=fff&amp;stars=000&amp;text=000" width="565" height="400" frameborder="0"></iframe>
  <div id="gr_footer">
    <a class="gr_branding" target="_blank" rel="nofollow" href="https://www.goodreads.com/book/show/10800916-awake-at-dawn?utm_medium=api&amp;utm_source=reviews_widget">Reviews from Goodreads.com</a>
  </div>
</div>

      ]]>
    </reviews_widget>
  <popular_shelves>
      <shelf name="to-read" count="3925"/>
      <shelf name="paranormal" count="531"/>
      <shelf name="vampires" count="448"/>
      <shelf name="fantasy" count="419"/>
      <shelf name="favorites" count="345"/>
      <shelf name="ya" count="269"/>
      <shelf name="romance" count="258"/>
      <shelf name="werewolves" count="255"/>
      <shelf name="series" count="205"/>
      <shelf name="young-adult" count="187"/>
      <shelf name="currently-reading" count="187"/>
      <shelf name="shadow-falls" count="181"/>
      <shelf name="magic" count="173"/>
      <shelf name="paranormal-romance" count="145"/>
      <shelf name="books-i-own" count="136"/>
      <shelf name="ghosts" count="128"/>
      <shelf name="owned" count="100"/>
      <shelf name="supernatural" count="87"/>
      <shelf name="urban-fantasy" count="85"/>
      <shelf name="love-triangle" count="84"/>
      <shelf name="faeries" count="84"/>
      <shelf name="fae" count="71"/>
      <shelf name="fairies" count="68"/>
      <shelf name="shapeshifters" count="68"/>
      <shelf name="c-c-hunter" count="59"/>
      <shelf name="owned-books" count="58"/>
      <shelf name="shifters" count="56"/>
      <shelf name="teen" count="52"/>
      <shelf name="my-books" count="49"/>
      <shelf name="witches" count="47"/>
      <shelf name="favourites" count="46"/>
      <shelf name="ya-paranormal" count="43"/>
      <shelf name="werewolf" count="42"/>
      <shelf name="ebook" count="40"/>
      <shelf name="ebooks" count="38"/>
      <shelf name="to-buy" count="38"/>
      <shelf name="library" count="37"/>
      <shelf name="read-in-2012" count="36"/>
      <shelf name="i-own" count="36"/>
      <shelf name="ya-fantasy" count="34"/>
      <shelf name="read-in-2013" count="33"/>
      <shelf name="shadow-falls-series" count="32"/>
      <shelf name="fiction" count="31"/>
      <shelf name="ghost" count="31"/>
      <shelf name="favorite-books" count="30"/>
      <shelf name="vampire" count="29"/>
      <shelf name="default" count="29"/>
      <shelf name="kindle" count="29"/>
      <shelf name="have" count="28"/>
      <shelf name="favorite" count="27"/>
      <shelf name="mystery" count="27"/>
      <shelf name="love-triangles" count="26"/>
      <shelf name="angels" count="26"/>
      <shelf name="wolves" count="26"/>
      <shelf name="shape-shifters" count="26"/>
      <shelf name="ya-books" count="26"/>
      <shelf name="books" count="24"/>
      <shelf name="fey" count="24"/>
      <shelf name="boarding-school" count="24"/>
      <shelf name="4-stars" count="23"/>
      <shelf name="vamps" count="23"/>
      <shelf name="high-school" count="22"/>
      <shelf name="ya-romance" count="22"/>
      <shelf name="wish-list" count="22"/>
      <shelf name="witch" count="21"/>
      <shelf name="cc-hunter" count="21"/>
      <shelf name="read-in-2016" count="20"/>
      <shelf name="read-in-2015" count="20"/>
      <shelf name="read-2014" count="20"/>
      <shelf name="read-2013" count="20"/>
      <shelf name="paranormal-fantasy" count="20"/>
      <shelf name="e-books" count="20"/>
      <shelf name="shapeshifter" count="19"/>
      <shelf name="re-read" count="19"/>
      <shelf name="5-stars" count="19"/>
      <shelf name="e-book" count="19"/>
      <shelf name="my-favorites" count="18"/>
      <shelf name="shifter" count="18"/>
      <shelf name="read-in-2014" count="17"/>
      <shelf name="5-star" count="17"/>
      <shelf name="action" count="17"/>
      <shelf name="read-2012" count="16"/>
      <shelf name="already-read" count="16"/>
      <shelf name="books-i-have" count="16"/>
      <shelf name="adventure" count="16"/>
      <shelf name="read-in-2011" count="16"/>
      <shelf name="nook" count="16"/>
      <shelf name="fantasy-paranormal" count="16"/>
      <shelf name="2012-reads" count="15"/>
      <shelf name="love" count="14"/>
      <shelf name="finished-series" count="13"/>
      <shelf name="paperback" count="13"/>
      <shelf name="ya-fiction" count="13"/>
      <shelf name="best-books-ever" count="13"/>
      <shelf name="loved-it" count="13"/>
      <shelf name="own-it" count="13"/>
      <shelf name="young-adult-fantasy" count="13"/>
      <shelf name="young-adult-paranormal" count="13"/>
      <shelf name="part-of-a-series" count="13"/>
      <shelf name="audiobooks" count="12"/>
  </popular_shelves>
  <book_links>
    <book_link>
  <id>8</id>
  <name>Libraries</name>
  <link>https://www.goodreads.com/book_link/follow/8</link>
</book_link>

  </book_links>
  <buy_links>
    <buy_link>
<id>1</id>
<name>Amazon</name>
<link>https://www.goodreads.com/book_link/follow/1</link>
</buy_link>
<buy_link>
<id>10</id>
<name>Audible</name>
<link>https://www.goodreads.com/book_link/follow/10</link>
</buy_link>
<buy_link>
<id>3</id>
<name>Barnes &amp; Noble</name>
<link>https://www.goodreads.com/book_link/follow/3</link>
</buy_link>
<buy_link>
<id>1027</id>
<name>Kobo</name>
<link>https://www.goodreads.com/book_link/follow/1027</link>
</buy_link>
<buy_link>
<id>2102</id>
<name>Apple iBooks</name>
<link>https://www.goodreads.com/book_link/follow/2102</link>
</buy_link>
<buy_link>
<id>8036</id>
<name>Google Play</name>
<link>https://www.goodreads.com/book_link/follow/8036</link>
</buy_link>
<buy_link>
<id>4</id>
<name>Abebooks</name>
<link>https://www.goodreads.com/book_link/follow/4</link>
</buy_link>
<buy_link>
<id>882</id>
<name>Book Depository</name>
<link>https://www.goodreads.com/book_link/follow/882</link>
</buy_link>
<buy_link>
<id>9</id>
<name>Indigo</name>
<link>https://www.goodreads.com/book_link/follow/9</link>
</buy_link>
<buy_link>
<id>2</id>
<name>Half.com</name>
<link>https://www.goodreads.com/book_link/follow/2</link>
</buy_link>
<buy_link>
<id>5</id>
<name>Alibris</name>
<link>https://www.goodreads.com/book_link/follow/5</link>
</buy_link>
<buy_link>
<id>107</id>
<name>Better World Books</name>
<link>https://www.goodreads.com/book_link/follow/107</link>
</buy_link>
<buy_link>
<id>7</id>
<name>IndieBound</name>
<link>https://www.goodreads.com/book_link/follow/7</link>
</buy_link>

  </buy_links>
  <series_works>
    <series_work>
<id>206027</id>
<user_position>2</user_position>
<series>
<id>52856</id>
<title>
<![CDATA[
    Shadow Falls
]]>
</title>
<description>
<![CDATA[
    Spin-off: <a href="http://www.goodreads.com/series/107944-shadow-falls-after-dark">After Dark</a>
    
    To the outside world Shadow Falls is just an ordinary camp for troubled teens nestled deep in the woods. But the kids at Shadow Falls are far from ordinary. They’re supernatural. And from the moment high school student Kylie Galen enters this world of fairies, vampires, werewolves, and shapeshifters, she’s had one burning question: What am I? With her new powers, new friends, and two sexy paranormal boys vying for her attention, Kylie’s whole world is about to change. A spectacular debut from author C. C. Hunter, the Shadow Falls series follows Kylie as she learns to control her powers, confront her heritage, and face her destiny. 
    
    http://us.macmillan.com/series/AShadowFallsNovel
]]>
</description>
<note>
<![CDATA[
]]>
</note>
<series_works_count>9</series_works_count>
<primary_work_count>6</primary_work_count>
<numbered>true</numbered>
</series>

</series_work>

  </series_works>
  <similar_books>
          <book>
<id>10421530</id>
<title><![CDATA[Kiss of Frost (Mythos Academy, #2)]]></title>
<title_without_series>Kiss of Frost</title_without_series>
<link><![CDATA[https://www.goodreads.com/book/show/10421530-kiss-of-frost]]></link>
<small_image_url><![CDATA[https://images.gr-assets.com/books/1310420615s/10421530.jpg]]></small_image_url>
<image_url><![CDATA[https://images.gr-assets.com/books/1310420615m/10421530.jpg]]></image_url>
<num_pages>337</num_pages>
<work>
<id>15324210</id>
</work>
<isbn>0758266944</isbn>
<isbn13>9780758266941</isbn13>
<average_rating>4.05</average_rating>
<ratings_count>20043</ratings_count>
<publication_year>2011</publication_year>
<publication_month>11</publication_month>
<publication_day>29</publication_day>
<authors>
<author>
<id>580315</id>
<name>Jennifer Estep</name>
<link><![CDATA[https://www.goodreads.com/author/show/580315.Jennifer_Estep]]></link>
</author>
</authors>
</book>

          <book>
<id>8662410</id>
<title><![CDATA[Secrets and Shadows (13 to Life, #2)]]></title>
<title_without_series>Secrets and Shadows</title_without_series>
<link><![CDATA[https://www.goodreads.com/book/show/8662410-secrets-and-shadows]]></link>
<small_image_url><![CDATA[https://s.gr-assets.com/assets/nophoto/book/50x75-a91bf249278a81aabab721ef782c4a74.png]]></small_image_url>
<image_url><![CDATA[https://s.gr-assets.com/assets/nophoto/book/111x148-bcc042a9c91a29c1d680899eff700a03.png]]></image_url>
<num_pages></num_pages>
<work>
<id>13533872</id>
</work>
<isbn>0312609159</isbn>
<isbn13>9780312609153</isbn13>
<average_rating>4.03</average_rating>
<ratings_count>5244</ratings_count>
<publication_year></publication_year>
<publication_month></publication_month>
<publication_day></publication_day>
<authors>
<author>
<id>3200239</id>
<name>Shannon Delany</name>
<link><![CDATA[https://www.goodreads.com/author/show/3200239.Shannon_Delany]]></link>
</author>
</authors>
</book>

          <book>
<id>9720766</id>
<title>Sirensong (Faeriewalker, #3)</title>
<title_without_series>Sirensong</title_without_series>
<link><![CDATA[https://www.goodreads.com/book/show/9720766-sirensong]]></link>
<small_image_url><![CDATA[https://s.gr-assets.com/assets/nophoto/book/50x75-a91bf249278a81aabab721ef782c4a74.png]]></small_image_url>
<image_url><![CDATA[https://s.gr-assets.com/assets/nophoto/book/111x148-bcc042a9c91a29c1d680899eff700a03.png]]></image_url>
<num_pages>312</num_pages>
<work>
<id>14609381</id>
</work>
<isbn>0312575955</isbn>
<isbn13>9780312575953</isbn13>
<average_rating>3.95</average_rating>
<ratings_count>8523</ratings_count>
<publication_year></publication_year>
<publication_month></publication_month>
<publication_day></publication_day>
<authors>
<author>
<id>51118</id>
<name>Jenna Black</name>
<link><![CDATA[https://www.goodreads.com/author/show/51118.Jenna_Black]]></link>
</author>
</authors>
</book>

          <book>
<id>10442127</id>
<title><![CDATA[River Cast (The Tale of Lunarmorte, #2)]]></title>
<title_without_series>River Cast</title_without_series>
<link><![CDATA[https://www.goodreads.com/book/show/10442127-river-cast]]></link>
<small_image_url><![CDATA[https://images.gr-assets.com/books/1328788409s/10442127.jpg]]></small_image_url>
<image_url><![CDATA[https://images.gr-assets.com/books/1328788409m/10442127.jpg]]></image_url>
<num_pages>385</num_pages>
<work>
<id>15346786</id>
</work>
<isbn>1466445661</isbn>
<isbn13>9781466445666</isbn13>
<average_rating>4.15</average_rating>
<ratings_count>6872</ratings_count>
<publication_year>2011</publication_year>
<publication_month>10</publication_month>
<publication_day>10</publication_day>
<authors>
<author>
<id>4167378</id>
<name>Samantha Young</name>
<link><![CDATA[https://www.goodreads.com/author/show/4167378.Samantha_Young]]></link>
</author>
</authors>
</book>

          <book>
<id>10710406</id>
<title><![CDATA[Reckoning (Strange Angels, #5)]]></title>
<title_without_series>Reckoning</title_without_series>
<link><![CDATA[https://www.goodreads.com/book/show/10710406-reckoning]]></link>
<small_image_url><![CDATA[https://s.gr-assets.com/assets/nophoto/book/50x75-a91bf249278a81aabab721ef782c4a74.png]]></small_image_url>
<image_url><![CDATA[https://s.gr-assets.com/assets/nophoto/book/111x148-bcc042a9c91a29c1d680899eff700a03.png]]></image_url>
<num_pages>307</num_pages>
<work>
<id>15104836</id>
</work>
<isbn>1595143955</isbn>
<isbn13>9781595143952</isbn13>
<average_rating>4.11</average_rating>
<ratings_count>12129</ratings_count>
<publication_year>2011</publication_year>
<publication_month>11</publication_month>
<publication_day>1</publication_day>
<authors>
<author>
<id>3408349</id>
<name>Lili St. Crow</name>
<link><![CDATA[https://www.goodreads.com/author/show/3408349.Lili_St_Crow]]></link>
</author>
</authors>
</book>

          <book>
<id>12488998</id>
<title><![CDATA[Blood Fever (The Watchers, #3)]]></title>
<title_without_series>Blood Fever</title_without_series>
<link><![CDATA[https://www.goodreads.com/book/show/12488998-blood-fever]]></link>
<small_image_url><![CDATA[https://images.gr-assets.com/books/1339722190s/12488998.jpg]]></small_image_url>
<image_url><![CDATA[https://images.gr-assets.com/books/1339722190m/12488998.jpg]]></image_url>
<num_pages>290</num_pages>
<work>
<id>17473958</id>
</work>
<isbn></isbn>
<isbn13></isbn13>
<average_rating>4.10</average_rating>
<ratings_count>1564</ratings_count>
<publication_year>2012</publication_year>
<publication_month>8</publication_month>
<publication_day>7</publication_day>
<authors>
<author>
<id>1140298</id>
<name>Veronica Wolff</name>
<link><![CDATA[https://www.goodreads.com/author/show/1140298.Veronica_Wolff]]></link>
</author>
</authors>
</book>

          <book>
<id>10578952</id>
<title><![CDATA[Surrender  (Haunting Emma, #3)]]></title>
<title_without_series>Surrender</title_without_series>
<link><![CDATA[https://www.goodreads.com/book/show/10578952-surrender]]></link>
<small_image_url><![CDATA[https://images.gr-assets.com/books/1317793855s/10578952.jpg]]></small_image_url>
<image_url><![CDATA[https://images.gr-assets.com/books/1317793855m/10578952.jpg]]></image_url>
<num_pages>258</num_pages>
<work>
<id>15486073</id>
</work>
<isbn>1599904233</isbn>
<isbn13>9781599904238</isbn13>
<average_rating>3.97</average_rating>
<ratings_count>1421</ratings_count>
<publication_year></publication_year>
<publication_month></publication_month>
<publication_day></publication_day>
<authors>
<author>
<id>60577</id>
<name>Lee Nichols</name>
<link><![CDATA[https://www.goodreads.com/author/show/60577.Lee_Nichols]]></link>
</author>
</authors>
</book>

          <book>
<id>8428064</id>
<title>Demonglass (Hex Hall, #2)</title>
<title_without_series>Demonglass</title_without_series>
<link><![CDATA[https://www.goodreads.com/book/show/8428064-demonglass]]></link>
<small_image_url><![CDATA[https://images.gr-assets.com/books/1287692542s/8428064.jpg]]></small_image_url>
<image_url><![CDATA[https://images.gr-assets.com/books/1287692542m/8428064.jpg]]></image_url>
<num_pages>359</num_pages>
<work>
<id>11015791</id>
</work>
<isbn>1423121317</isbn>
<isbn13>9781423121312</isbn13>
<average_rating>4.13</average_rating>
<ratings_count>77669</ratings_count>
<publication_year>2011</publication_year>
<publication_month>3</publication_month>
<publication_day>22</publication_day>
<authors>
<author>
<id>2261547</id>
<name>Rachel Hawkins</name>
<link><![CDATA[https://www.goodreads.com/author/show/2261547.Rachel_Hawkins]]></link>
</author>
</authors>
</book>

          <book>
<id>9369687</id>
<title><![CDATA[Trial by Fire (Raised by Wolves, #2)]]></title>
<title_without_series>Trial by Fire</title_without_series>
<link><![CDATA[https://www.goodreads.com/book/show/9369687-trial-by-fire]]></link>
<small_image_url><![CDATA[https://s.gr-assets.com/assets/nophoto/book/50x75-a91bf249278a81aabab721ef782c4a74.png]]></small_image_url>
<image_url><![CDATA[https://s.gr-assets.com/assets/nophoto/book/111x148-bcc042a9c91a29c1d680899eff700a03.png]]></image_url>
<num_pages>357</num_pages>
<work>
<id>13082661</id>
</work>
<isbn>1606841688</isbn>
<isbn13>9781606841686</isbn13>
<average_rating>4.13</average_rating>
<ratings_count>12813</ratings_count>
<publication_year>2011</publication_year>
<publication_month>6</publication_month>
<publication_day>14</publication_day>
<authors>
<author>
<id>164187</id>
<name>Jennifer Lynn Barnes</name>
<link><![CDATA[https://www.goodreads.com/author/show/164187.Jennifer_Lynn_Barnes]]></link>
</author>
</authors>
</book>

          <book>
<id>8581936</id>
<title><![CDATA[Supernaturally (Paranormalcy, #2)]]></title>
<title_without_series>Supernaturally</title_without_series>
<link><![CDATA[https://www.goodreads.com/book/show/8581936-supernaturally]]></link>
<small_image_url><![CDATA[https://images.gr-assets.com/books/1371926956s/8581936.jpg]]></small_image_url>
<image_url><![CDATA[https://images.gr-assets.com/books/1371926956m/8581936.jpg]]></image_url>
<num_pages>336</num_pages>
<work>
<id>13451137</id>
</work>
<isbn>0061985864</isbn>
<isbn13>9780061985867</isbn13>
<average_rating>3.92</average_rating>
<ratings_count>34003</ratings_count>
<publication_year>2011</publication_year>
<publication_month>7</publication_month>
<publication_day>26</publication_day>
<authors>
<author>
<id>3027554</id>
<name>Kiersten White</name>
<link><![CDATA[https://www.goodreads.com/author/show/3027554.Kiersten_White]]></link>
</author>
</authors>
</book>

          <book>
<id>10308452</id>
<title><![CDATA[Forbidden (The Demon Trappers, #2)]]></title>
<title_without_series>Forbidden</title_without_series>
<link><![CDATA[https://www.goodreads.com/book/show/10308452-forbidden]]></link>
<small_image_url><![CDATA[https://images.gr-assets.com/books/1307459509s/10308452.jpg]]></small_image_url>
<image_url><![CDATA[https://images.gr-assets.com/books/1307459509m/10308452.jpg]]></image_url>
<num_pages>418</num_pages>
<work>
<id>21902147</id>
</work>
<isbn>0330519484</isbn>
<isbn13>9780330519489</isbn13>
<average_rating>4.19</average_rating>
<ratings_count>9387</ratings_count>
<publication_year>2011</publication_year>
<publication_month>8</publication_month>
<publication_day>5</publication_day>
<authors>
<author>
<id>4105961</id>
<name>Jana Oliver</name>
<link><![CDATA[https://www.goodreads.com/author/show/4105961.Jana_Oliver]]></link>
</author>
</authors>
</book>

          <book>
<id>10345642</id>
<title><![CDATA[The Savage Grace (The Dark Divine, #3)]]></title>
<title_without_series>The Savage Grace</title_without_series>
<link><![CDATA[https://www.goodreads.com/book/show/10345642-the-savage-grace]]></link>
<small_image_url><![CDATA[https://images.gr-assets.com/books/1318627217s/10345642.jpg]]></small_image_url>
<image_url><![CDATA[https://images.gr-assets.com/books/1318627217m/10345642.jpg]]></image_url>
<num_pages>488</num_pages>
<work>
<id>15248417</id>
</work>
<isbn>1606842218</isbn>
<isbn13>9781606842218</isbn13>
<average_rating>4.13</average_rating>
<ratings_count>6778</ratings_count>
<publication_year>2012</publication_year>
<publication_month>3</publication_month>
<publication_day>13</publication_day>
<authors>
<author>
<id>2891503</id>
<name>Bree Despain</name>
<link><![CDATA[https://www.goodreads.com/author/show/2891503.Bree_Despain]]></link>
</author>
</authors>
</book>

          <book>
<id>9306028</id>
<title><![CDATA[Blood Ties (Blood Coven Vampire, #6)]]></title>
<title_without_series>Blood Ties</title_without_series>
<link><![CDATA[https://www.goodreads.com/book/show/9306028-blood-ties]]></link>
<small_image_url><![CDATA[https://images.gr-assets.com/books/1284500494s/9306028.jpg]]></small_image_url>
<image_url><![CDATA[https://images.gr-assets.com/books/1284500494m/9306028.jpg]]></image_url>
<num_pages>242</num_pages>
<work>
<id>14188997</id>
</work>
<isbn></isbn>
<isbn13></isbn13>
<average_rating>4.13</average_rating>
<ratings_count>2072</ratings_count>
<publication_year>2011</publication_year>
<publication_month>8</publication_month>
<publication_day>2</publication_day>
<authors>
<author>
<id>21701</id>
<name>Mari Mancusi</name>
<link><![CDATA[https://www.goodreads.com/author/show/21701.Mari_Mancusi]]></link>
</author>
</authors>
</book>

          <book>
<id>7476122</id>
<title><![CDATA[My Soul to Keep (Soul Screamers, #3)]]></title>
<title_without_series>My Soul to Keep</title_without_series>
<link><![CDATA[https://www.goodreads.com/book/show/7476122-my-soul-to-keep]]></link>
<small_image_url><![CDATA[https://images.gr-assets.com/books/1268059270s/7476122.jpg]]></small_image_url>
<image_url><![CDATA[https://images.gr-assets.com/books/1268059270m/7476122.jpg]]></image_url>
<num_pages>296</num_pages>
<work>
<id>6847345</id>
</work>
<isbn>0373210051</isbn>
<isbn13>9780373210053</isbn13>
<average_rating>4.09</average_rating>
<ratings_count>17860</ratings_count>
<publication_year>2010</publication_year>
<publication_month>6</publication_month>
<publication_day>1</publication_day>
<authors>
<author>
<id>415967</id>
<name>Rachel Vincent</name>
<link><![CDATA[https://www.goodreads.com/author/show/415967.Rachel_Vincent]]></link>
</author>
</authors>
</book>

          <book>
<id>13548152</id>
<title>Covet (The Clann, #2)</title>
<title_without_series>Covet</title_without_series>
<link><![CDATA[https://www.goodreads.com/book/show/13548152-covet]]></link>
<small_image_url><![CDATA[https://images.gr-assets.com/books/1344663986s/13548152.jpg]]></small_image_url>
<image_url><![CDATA[https://images.gr-assets.com/books/1344663986m/13548152.jpg]]></image_url>
<num_pages>473</num_pages>
<work>
<id>17349794</id>
</work>
<isbn>0373210566</isbn>
<isbn13>9780373210565</isbn13>
<average_rating>4.13</average_rating>
<ratings_count>4285</ratings_count>
<publication_year>2012</publication_year>
<publication_month>9</publication_month>
<publication_day>25</publication_day>
<authors>
<author>
<id>3497970</id>
<name>Melissa Darnell</name>
<link><![CDATA[https://www.goodreads.com/author/show/3497970.Melissa_Darnell]]></link>
</author>
</authors>
</book>

  </similar_books>
</book>

</GoodreadsResponse>