<?xml version="1.0" encoding="UTF-8"?>
<GoodreadsResponse>
  <Request>
    <authentication>true</authentication>
      <key><![CDATA[all_men_must_serve]]></key>
    <method><![CDATA[book_show]]></method>
  </Request>
  <book>
  <id>10818853</id>
  <title><![CDATA[Fifty Shades of Grey (Fifty Shades, #1)]]></title>
  <isbn><![CDATA[1612130291]]></isbn>
  <isbn13><![CDATA[9781612130293]]></isbn13>
  <asin><![CDATA[]]></asin>
  <kindle_asin><![CDATA[]]></kindle_asin>
  <marketplace_id><![CDATA[]]></marketplace_id>
  <country_code><![CDATA[GB]]></country_code>
  <image_url>https://images.gr-assets.com/books/1385207843m/10818853.jpg</image_url>
  <small_image_url>https://images.gr-assets.com/books/1385207843s/10818853.jpg</small_image_url>
  <publication_year>2011</publication_year>
  <publication_month>5</publication_month>
  <publication_day>25</publication_day>
  <publisher>Vintage</publisher>
  <language_code>eng</language_code>
  <is_ebook>true</is_ebook>
  <description><![CDATA[When literature student Anastasia Steele goes to interview young entrepreneur Christian Grey, she encounters a man who is beautiful, brilliant, and intimidating. The unworldly, innocent Ana is startled to realize she wants this man and, despite his enigmatic reserve, finds she is desperate to get close to him. Unable to resist Ana’s quiet beauty, wit, and independent spirit, Grey admits he wants her, too—but on his own terms.<br /> <br />Shocked yet thrilled by Grey’s singular erotic tastes, Ana hesitates. For all the trappings of success—his multinational businesses, his vast wealth, his loving family—Grey is a man tormented by demons and consumed by the need to control. When the couple embarks on a daring, passionately physical affair, Ana discovers Christian Grey’s secrets and explores her own dark desires.<br /><br />Erotic, amusing, and deeply moving, the Fifty Shades Trilogy is a tale that will obsess you, possess you, and stay with you forever.<br /><br /><b>This book is intended for mature audiences.</b>]]></description>
  <work>
  <id type="integer">15732562</id>
  <books_count type="integer">169</books_count>
  <best_book_id type="integer">10818853</best_book_id>
  <reviews_count type="integer">1917481</reviews_count>
  <ratings_sum type="integer">5267565</ratings_sum>
  <ratings_count type="integer">1437284</ratings_count>
  <text_reviews_count type="integer">75450</text_reviews_count>
  <original_publication_year type="integer">2011</original_publication_year>
  <original_publication_month type="integer">6</original_publication_month>
  <original_publication_day type="integer">20</original_publication_day>
  <original_title>Fifty Shades of Grey</original_title>
  <original_language_id type="integer" nil="true"/>
  <media_type>book</media_type>
  <rating_dist>5:572036|4:295077|3:252279|2:152348|1:165544|total:1437284</rating_dist>
  <desc_user_id type="integer">6014669</desc_user_id>
  <default_chaptering_book_id type="integer">10818853</default_chaptering_book_id>
  <default_description_language_code nil="true"/>
</work>
  <average_rating>3.66</average_rating>
  <num_pages><![CDATA[356]]></num_pages>
  <format><![CDATA[ebook]]></format>
  <edition_information><![CDATA[]]></edition_information>
  <ratings_count><![CDATA[1338875]]></ratings_count>
  <text_reviews_count><![CDATA[66944]]></text_reviews_count>
  <url><![CDATA[https://www.goodreads.com/book/show/10818853-fifty-shades-of-grey]]></url>
  <link><![CDATA[https://www.goodreads.com/book/show/10818853-fifty-shades-of-grey]]></link>
  <authors>
<author>
<id>4725841</id>
<name>E.L. James</name>
<role></role>
<image_url nophoto='false'>
<![CDATA[https://images.gr-assets.com/authors/1308409727p5/4725841.jpg]]>
</image_url>
<small_image_url nophoto='false'>
<![CDATA[https://images.gr-assets.com/authors/1308409727p2/4725841.jpg]]>
</small_image_url>
<link><![CDATA[https://www.goodreads.com/author/show/4725841.E_L_James]]></link>
<average_rating>3.78</average_rating>
<ratings_count>2890480</ratings_count>
<text_reviews_count>145498</text_reviews_count>
</author>
</authors>

    <reviews_widget>
      <![CDATA[
        <style>
  #goodreads-widget {
    font-family: georgia, serif;
    padding: 18px 0;
    width:565px;
  }
  #goodreads-widget h1 {
    font-weight:normal;
    font-size: 16px;
    border-bottom: 1px solid #BBB596;
    margin-bottom: 0;
  }
  #goodreads-widget a {
    text-decoration: none;
    color:#660;
  }
  iframe{
    background-color: #fff;
  }
  #goodreads-widget a:hover { text-decoration: underline; }
  #goodreads-widget a:active {
    color:#660;
  }
  #gr_footer {
    width: 100%;
    border-top: 1px solid #BBB596;
    text-align: right;
  }
  #goodreads-widget .gr_branding{
    color: #382110;
    font-size: 11px;
    text-decoration: none;
    font-family: "Helvetica Neue", Helvetica, Arial, sans-serif;
  }
</style>
<div id="goodreads-widget">
  <div id="gr_header"><h1><a rel="nofollow" href="https://www.goodreads.com/book/show/10818853-fifty-shades-of-grey">Fifty Shades of Grey Reviews</a></h1></div>
  <iframe id="the_iframe" src="https://www.goodreads.com/api/reviews_widget_iframe?did=DEVELOPER_ID&amp;format=html&amp;isbn=1612130291&amp;links=660&amp;min_rating=&amp;review_back=fff&amp;stars=000&amp;text=000" width="565" height="400" frameborder="0"></iframe>
  <div id="gr_footer">
    <a class="gr_branding" target="_blank" rel="nofollow" href="https://www.goodreads.com/book/show/10818853-fifty-shades-of-grey?utm_medium=api&amp;utm_source=reviews_widget">Reviews from Goodreads.com</a>
  </div>
</div>

      ]]>
    </reviews_widget>
  <popular_shelves>
      <shelf name="to-read" count="7780"/>
      <shelf name="currently-reading" count="2669"/>
      <shelf name="romance" count="1093"/>
      <shelf name="book-club" count="792"/>
      <shelf name="fifty-shades" count="528"/>
      <shelf name="fiction" count="521"/>
      <shelf name="abandoned" count="507"/>
      <shelf name="my-books" count="480"/>
      <shelf name="new-adult" count="441"/>
      <shelf name="fifty-shades-of-grey" count="385"/>
      <shelf name="erótica" count="384"/>
      <shelf name="alpha-male" count="348"/>
      <shelf name="books" count="342"/>
      <shelf name="favourites" count="324"/>
      <shelf name="favorite" count="319"/>
      <shelf name="books-i-own" count="303"/>
      <shelf name="love" count="289"/>
      <shelf name="favorites" count="286"/>
      <shelf name="re-read" count="280"/>
      <shelf name="finished" count="276"/>
      <shelf name="adult-romance" count="262"/>
      <shelf name="bdsm" count="257"/>
      <shelf name="owned" count="246"/>
      <shelf name="read-in-2013" count="225"/>
      <shelf name="guilty-pleasures" count="225"/>
      <shelf name="read-in-2015" count="220"/>
      <shelf name="steamy" count="219"/>
      <shelf name="adult" count="217"/>
      <shelf name="series" count="213"/>
      <shelf name="unfinished" count="212"/>
      <shelf name="couldn-t-finish" count="208"/>
      <shelf name="50-shades" count="202"/>
      <shelf name="contemporary" count="198"/>
      <shelf name="drama" count="192"/>
      <shelf name="5-stars" count="192"/>
      <shelf name="didn-t-finish" count="189"/>
      <shelf name="my-favorites" count="188"/>
      <shelf name="dnf" count="187"/>
      <shelf name="library" count="185"/>
      <shelf name="erotic-romance" count="182"/>
      <shelf name="guilty-pleasure" count="177"/>
      <shelf name="default" count="172"/>
      <shelf name="favorite-books" count="163"/>
      <shelf name="audiobook" count="162"/>
      <shelf name="sexy" count="158"/>
      <shelf name="borrowed" count="157"/>
      <shelf name="kindle-books" count="154"/>
      <shelf name="never-again" count="153"/>
      <shelf name="favs" count="151"/>
      <shelf name="contemporary-romance" count="149"/>
      <shelf name="my-library" count="149"/>
      <shelf name="owned-books" count="144"/>
      <shelf name="read-2013" count="142"/>
      <shelf name="e-l-james" count="140"/>
      <shelf name="50-shades-of-grey" count="140"/>
      <shelf name="done" count="138"/>
      <shelf name="2012-read" count="138"/>
      <shelf name="fifty-shades-series" count="133"/>
      <shelf name="faves" count="132"/>
      <shelf name="books-read-in-2012" count="131"/>
      <shelf name="dark" count="129"/>
      <shelf name="sex" count="128"/>
      <shelf name="audiobooks" count="122"/>
      <shelf name="mine" count="121"/>
      <shelf name="bookclub" count="121"/>
      <shelf name="hot" count="119"/>
      <shelf name="adult-fiction" count="117"/>
      <shelf name="billionaire" count="117"/>
      <shelf name="book-boyfriends" count="116"/>
      <shelf name="1" count="116"/>
      <shelf name="gave-up" count="115"/>
      <shelf name="loved" count="114"/>
      <shelf name="dropped" count="113"/>
      <shelf name="nope" count="112"/>
      <shelf name="alpha-males" count="110"/>
      <shelf name="1-star" count="105"/>
      <shelf name="romantic" count="105"/>
      <shelf name="never-finished" count="104"/>
      <shelf name="chic-lit" count="103"/>
      <shelf name="already-read" count="103"/>
      <shelf name="young-adult" count="103"/>
      <shelf name="wtf" count="102"/>
      <shelf name="read-2014" count="96"/>
      <shelf name="realistic-fiction" count="96"/>
      <shelf name="audio" count="94"/>
      <shelf name="romance-erotica" count="94"/>
      <shelf name="paperback" count="93"/>
      <shelf name="chicklit" count="92"/>
      <shelf name="4-stars" count="90"/>
      <shelf name="college" count="90"/>
      <shelf name="chick-lit" count="89"/>
      <shelf name="must-read" count="88"/>
      <shelf name="audible" count="88"/>
      <shelf name="my-ebooks" count="87"/>
      <shelf name="meh" count="87"/>
      <shelf name="re-reads" count="86"/>
      <shelf name="other" count="85"/>
      <shelf name="virgin-heroine" count="84"/>
      <shelf name="m-f" count="83"/>
      <shelf name="waste-of-time" count="82"/>
  </popular_shelves>
  <book_links>
    <book_link>
  <id>8</id>
  <name>Libraries</name>
  <link>https://www.goodreads.com/book_link/follow/8</link>
</book_link>

  </book_links>
  <buy_links>
    <buy_link>
<id>1</id>
<name>Amazon</name>
<link>https://www.goodreads.com/book_link/follow/1</link>
</buy_link>
<buy_link>
<id>10</id>
<name>Audible</name>
<link>https://www.goodreads.com/book_link/follow/10</link>
</buy_link>
<buy_link>
<id>3</id>
<name>Barnes &amp; Noble</name>
<link>https://www.goodreads.com/book_link/follow/3</link>
</buy_link>
<buy_link>
<id>1027</id>
<name>Kobo</name>
<link>https://www.goodreads.com/book_link/follow/1027</link>
</buy_link>
<buy_link>
<id>2102</id>
<name>Apple iBooks</name>
<link>https://www.goodreads.com/book_link/follow/2102</link>
</buy_link>
<buy_link>
<id>8036</id>
<name>Google Play</name>
<link>https://www.goodreads.com/book_link/follow/8036</link>
</buy_link>
<buy_link>
<id>4</id>
<name>Abebooks</name>
<link>https://www.goodreads.com/book_link/follow/4</link>
</buy_link>
<buy_link>
<id>882</id>
<name>Book Depository</name>
<link>https://www.goodreads.com/book_link/follow/882</link>
</buy_link>
<buy_link>
<id>9</id>
<name>Indigo</name>
<link>https://www.goodreads.com/book_link/follow/9</link>
</buy_link>
<buy_link>
<id>2</id>
<name>Half.com</name>
<link>https://www.goodreads.com/book_link/follow/2</link>
</buy_link>
<buy_link>
<id>5</id>
<name>Alibris</name>
<link>https://www.goodreads.com/book_link/follow/5</link>
</buy_link>
<buy_link>
<id>107</id>
<name>Better World Books</name>
<link>https://www.goodreads.com/book_link/follow/107</link>
</buy_link>
<buy_link>
<id>7</id>
<name>IndieBound</name>
<link>https://www.goodreads.com/book_link/follow/7</link>
</buy_link>

  </buy_links>
  <series_works>
    <series_work>
<id>273035</id>
<user_position>1</user_position>
<series>
<id>63134</id>
<title>
<![CDATA[
    Fifty Shades
]]>
</title>
<description>
<![CDATA[
]]>
</description>
<note>
<![CDATA[
    Re Grey: This is a full-length novel, not a novella. And in the absence of a reason not to do so, sticking with publication order seems best.
    
    Therefore, set as book #4 and a primary series entry.
]]>
</note>
<series_works_count>8</series_works_count>
<primary_work_count>5</primary_work_count>
<numbered>true</numbered>
</series>

</series_work>

  </series_works>
  <similar_books>
          <book>
<id>16136959</id>
<title>Mile High (Up in the Air, #2)</title>
<title_without_series>Mile High</title_without_series>
<link><![CDATA[https://www.goodreads.com/book/show/16136959-mile-high]]></link>
<small_image_url><![CDATA[https://images.gr-assets.com/books/1352489991s/16136959.jpg]]></small_image_url>
<image_url><![CDATA[https://images.gr-assets.com/books/1352489991m/16136959.jpg]]></image_url>
<num_pages>283</num_pages>
<work>
<id>21965727</id>
</work>
<isbn></isbn>
<isbn13></isbn13>
<average_rating>4.21</average_rating>
<ratings_count>60612</ratings_count>
<publication_year>2012</publication_year>
<publication_month>11</publication_month>
<publication_day>2</publication_day>
<authors>
<author>
<id>6574132</id>
<name>R.K. Lilley</name>
<link><![CDATA[https://www.goodreads.com/author/show/6574132.R_K_Lilley]]></link>
</author>
</authors>
</book>

          <book>
<id>13612739</id>
<title><![CDATA[Seduced in the Dark (The Dark Duet, #2)]]></title>
<title_without_series>Seduced in the Dark</title_without_series>
<link><![CDATA[https://www.goodreads.com/book/show/13612739-seduced-in-the-dark]]></link>
<small_image_url><![CDATA[https://images.gr-assets.com/books/1335114363s/13612739.jpg]]></small_image_url>
<image_url><![CDATA[https://images.gr-assets.com/books/1335114363m/13612739.jpg]]></image_url>
<num_pages>505</num_pages>
<work>
<id>19212100</id>
</work>
<isbn></isbn>
<isbn13></isbn13>
<average_rating>4.32</average_rating>
<ratings_count>46356</ratings_count>
<publication_year>2012</publication_year>
<publication_month>8</publication_month>
<publication_day>30</publication_day>
<authors>
<author>
<id>5174152</id>
<name>C.J. Roberts</name>
<link><![CDATA[https://www.goodreads.com/author/show/5174152.C_J_Roberts]]></link>
</author>
</authors>
</book>

          <book>
<id>13560262</id>
<title><![CDATA[Avoiding Responsibility (Avoiding, #2)]]></title>
<title_without_series>Avoiding Responsibility</title_without_series>
<link><![CDATA[https://www.goodreads.com/book/show/13560262-avoiding-responsibility]]></link>
<small_image_url><![CDATA[https://images.gr-assets.com/books/1351018683s/13560262.jpg]]></small_image_url>
<image_url><![CDATA[https://images.gr-assets.com/books/1351018683m/13560262.jpg]]></image_url>
<num_pages>350</num_pages>
<work>
<id>19134343</id>
</work>
<isbn>1481060953</isbn>
<isbn13>9781481060953</isbn13>
<average_rating>4.07</average_rating>
<ratings_count>22707</ratings_count>
<publication_year>2012</publication_year>
<publication_month>12</publication_month>
<publication_day>1</publication_day>
<authors>
<author>
<id>5421050</id>
<name>K.A. Linde</name>
<link><![CDATA[https://www.goodreads.com/author/show/5421050.K_A_Linde]]></link>
</author>
</authors>
</book>

          <book>
<id>12958487</id>
<title><![CDATA[Lady Luck (Colorado Mountain, #3)]]></title>
<title_without_series>Lady Luck</title_without_series>
<link><![CDATA[https://www.goodreads.com/book/show/12958487-lady-luck]]></link>
<small_image_url><![CDATA[https://images.gr-assets.com/books/1327912930s/12958487.jpg]]></small_image_url>
<image_url><![CDATA[https://images.gr-assets.com/books/1327912930m/12958487.jpg]]></image_url>
<num_pages>535</num_pages>
<work>
<id>18115826</id>
</work>
<isbn></isbn>
<isbn13></isbn13>
<average_rating>4.44</average_rating>
<ratings_count>30790</ratings_count>
<publication_year>2011</publication_year>
<publication_month>10</publication_month>
<publication_day>22</publication_day>
<authors>
<author>
<id>2958084</id>
<name>Kristen Ashley</name>
<link><![CDATA[https://www.goodreads.com/author/show/2958084.Kristen_Ashley]]></link>
</author>
</authors>
</book>

          <book>
<id>8135807</id>
<title>Rock Me (Ross Siblings, #2)</title>
<title_without_series>Rock Me</title_without_series>
<link><![CDATA[https://www.goodreads.com/book/show/8135807-rock-me]]></link>
<small_image_url><![CDATA[https://s.gr-assets.com/assets/nophoto/book/50x75-a91bf249278a81aabab721ef782c4a74.png]]></small_image_url>
<image_url><![CDATA[https://s.gr-assets.com/assets/nophoto/book/111x148-bcc042a9c91a29c1d680899eff700a03.png]]></image_url>
<num_pages>280</num_pages>
<work>
<id>12932079</id>
</work>
<isbn></isbn>
<isbn13></isbn13>
<average_rating>4.09</average_rating>
<ratings_count>43976</ratings_count>
<publication_year>2010</publication_year>
<publication_month>5</publication_month>
<publication_day>4</publication_day>
<authors>
<author>
<id>3190428</id>
<name>Cherrie Lynn</name>
<link><![CDATA[https://www.goodreads.com/author/show/3190428.Cherrie_Lynn]]></link>
</author>
</authors>
</book>

          <book>
<id>16070018</id>
<title>Truth (Consequences, #2)</title>
<title_without_series>Truth</title_without_series>
<link><![CDATA[https://www.goodreads.com/book/show/16070018-truth]]></link>
<small_image_url><![CDATA[https://images.gr-assets.com/books/1398768721s/16070018.jpg]]></small_image_url>
<image_url><![CDATA[https://images.gr-assets.com/books/1398768721m/16070018.jpg]]></image_url>
<num_pages>480</num_pages>
<work>
<id>21863110</id>
</work>
<isbn>0988489112</isbn>
<isbn13>9780988489110</isbn13>
<average_rating>4.38</average_rating>
<ratings_count>28031</ratings_count>
<publication_year>2012</publication_year>
<publication_month>11</publication_month>
<publication_day></publication_day>
<authors>
<author>
<id>5131072</id>
<name>Aleatha Romig</name>
<link><![CDATA[https://www.goodreads.com/author/show/5131072.Aleatha_Romig]]></link>
</author>
</authors>
</book>

          <book>
<id>34453559</id>
<title>Strangers</title>
<title_without_series>Strangers</title_without_series>
<link><![CDATA[https://www.goodreads.com/book/show/34453559-strangers]]></link>
<small_image_url><![CDATA[https://images.gr-assets.com/books/1488534757s/34453559.jpg]]></small_image_url>
<image_url><![CDATA[https://images.gr-assets.com/books/1488534757m/34453559.jpg]]></image_url>
<num_pages>309</num_pages>
<work>
<id>8331201</id>
</work>
<isbn>137017389X</isbn>
<isbn13></isbn13>
<average_rating>3.92</average_rating>
<ratings_count>9104</ratings_count>
<publication_year>2017</publication_year>
<publication_month>2</publication_month>
<publication_day>18</publication_day>
<authors>
<author>
<id>2856948</id>
<name>Barbara Elsborg</name>
<link><![CDATA[https://www.goodreads.com/author/show/2856948.Barbara_Elsborg]]></link>
</author>
</authors>
</book>

          <book>
<id>8204005</id>
<title>Love Unscripted (Love, #1)</title>
<title_without_series>Love Unscripted</title_without_series>
<link><![CDATA[https://www.goodreads.com/book/show/8204005-love-unscripted]]></link>
<small_image_url><![CDATA[https://images.gr-assets.com/books/1327889844s/8204005.jpg]]></small_image_url>
<image_url><![CDATA[https://images.gr-assets.com/books/1327889844m/8204005.jpg]]></image_url>
<num_pages></num_pages>
<work>
<id>13051038</id>
</work>
<isbn>1451533969</isbn>
<isbn13>9781451533965</isbn13>
<average_rating>4.04</average_rating>
<ratings_count>62380</ratings_count>
<publication_year></publication_year>
<publication_month></publication_month>
<publication_day></publication_day>
<authors>
<author>
<id>3980637</id>
<name>Tina Reber</name>
<link><![CDATA[https://www.goodreads.com/author/show/3980637.Tina_Reber]]></link>
</author>
</authors>
</book>

          <book>
<id>17255265</id>
<title><![CDATA[This Man Confessed (This Man, #3)]]></title>
<title_without_series>This Man Confessed</title_without_series>
<link><![CDATA[https://www.goodreads.com/book/show/17255265-this-man-confessed]]></link>
<small_image_url><![CDATA[https://images.gr-assets.com/books/1368274129s/17255265.jpg]]></small_image_url>
<image_url><![CDATA[https://images.gr-assets.com/books/1368274129m/17255265.jpg]]></image_url>
<num_pages>501</num_pages>
<work>
<id>23847880</id>
</work>
<isbn></isbn>
<isbn13></isbn13>
<average_rating>4.43</average_rating>
<ratings_count>64606</ratings_count>
<publication_year>2013</publication_year>
<publication_month>7</publication_month>
<publication_day>2</publication_day>
<authors>
<author>
<id>6576110</id>
<name>Jodi Ellen Malpas</name>
<link><![CDATA[https://www.goodreads.com/author/show/6576110.Jodi_Ellen_Malpas]]></link>
</author>
</authors>
</book>

          <book>
<id>15761330</id>
<title><![CDATA[Because You Must Learn (Because You Are Mine, #1.4)]]></title>
<title_without_series>Because You Must Learn</title_without_series>
<link><![CDATA[https://www.goodreads.com/book/show/15761330-because-you-must-learn]]></link>
<small_image_url><![CDATA[https://images.gr-assets.com/books/1342782101s/15761330.jpg]]></small_image_url>
<image_url><![CDATA[https://images.gr-assets.com/books/1342782101m/15761330.jpg]]></image_url>
<num_pages>49</num_pages>
<work>
<id>21462047</id>
</work>
<isbn>1101608528</isbn>
<isbn13>9781101608524</isbn13>
<average_rating>3.92</average_rating>
<ratings_count>5375</ratings_count>
<publication_year>2012</publication_year>
<publication_month>8</publication_month>
<publication_day>21</publication_day>
<authors>
<author>
<id>1294984</id>
<name>Beth Kery</name>
<link><![CDATA[https://www.goodreads.com/author/show/1294984.Beth_Kery]]></link>
</author>
</authors>
</book>

          <book>
<id>19453641</id>
<title>The Dom&apos;s Dungeon</title>
<title_without_series>The Dom&apos;s Dungeon</title_without_series>
<link><![CDATA[https://www.goodreads.com/book/show/19453641-the-dom-s-dungeon]]></link>
<small_image_url><![CDATA[https://s.gr-assets.com/assets/nophoto/book/50x75-a91bf249278a81aabab721ef782c4a74.png]]></small_image_url>
<image_url><![CDATA[https://s.gr-assets.com/assets/nophoto/book/111x148-bcc042a9c91a29c1d680899eff700a03.png]]></image_url>
<num_pages>255</num_pages>
<work>
<id>9212285</id>
</work>
<isbn></isbn>
<isbn13></isbn13>
<average_rating>4.15</average_rating>
<ratings_count>9876</ratings_count>
<publication_year></publication_year>
<publication_month></publication_month>
<publication_day></publication_day>
<authors>
<author>
<id>2882485</id>
<name>Cherise Sinclair</name>
<link><![CDATA[https://www.goodreads.com/author/show/2882485.Cherise_Sinclair]]></link>
</author>
</authors>
</book>

          <book>
<id>13548075</id>
<title><![CDATA[The Angel (The Original Sinners, #2)]]></title>
<title_without_series>The Angel</title_without_series>
<link><![CDATA[https://www.goodreads.com/book/show/13548075-the-angel]]></link>
<small_image_url><![CDATA[https://images.gr-assets.com/books/1337044736s/13548075.jpg]]></small_image_url>
<image_url><![CDATA[https://images.gr-assets.com/books/1337044736m/13548075.jpg]]></image_url>
<num_pages>410</num_pages>
<work>
<id>19113247</id>
</work>
<isbn>0778313999</isbn>
<isbn13>9780778313991</isbn13>
<average_rating>4.47</average_rating>
<ratings_count>12674</ratings_count>
<publication_year>2012</publication_year>
<publication_month>9</publication_month>
<publication_day>25</publication_day>
<authors>
<author>
<id>4480131</id>
<name>Tiffany Reisz</name>
<link><![CDATA[https://www.goodreads.com/author/show/4480131.Tiffany_Reisz]]></link>
</author>
</authors>
</book>

          <book>
<id>13596809</id>
<title><![CDATA[Reflected in You (Crossfire, #2)]]></title>
<title_without_series>Reflected in You</title_without_series>
<link><![CDATA[https://www.goodreads.com/book/show/13596809-reflected-in-you]]></link>
<small_image_url><![CDATA[https://images.gr-assets.com/books/1477802540s/13596809.jpg]]></small_image_url>
<image_url><![CDATA[https://images.gr-assets.com/books/1477802540m/13596809.jpg]]></image_url>
<num_pages>338</num_pages>
<work>
<id>19186128</id>
</work>
<isbn>0425263916</isbn>
<isbn13>9780425263914</isbn13>
<average_rating>4.33</average_rating>
<ratings_count>267694</ratings_count>
<publication_year>2012</publication_year>
<publication_month>10</publication_month>
<publication_day>23</publication_day>
<authors>
<author>
<id>19823</id>
<name>Sylvia Day</name>
<link><![CDATA[https://www.goodreads.com/author/show/19823.Sylvia_Day]]></link>
</author>
</authors>
</book>

          <book>
<id>15746858</id>
<title><![CDATA[The Dex-Files (Experiment in Terror, #5.7)]]></title>
<title_without_series>The Dex-Files</title_without_series>
<link><![CDATA[https://www.goodreads.com/book/show/15746858-the-dex-files]]></link>
<small_image_url><![CDATA[https://images.gr-assets.com/books/1344824329s/15746858.jpg]]></small_image_url>
<image_url><![CDATA[https://images.gr-assets.com/books/1344824329m/15746858.jpg]]></image_url>
<num_pages>139</num_pages>
<work>
<id>21437922</id>
</work>
<isbn></isbn>
<isbn13></isbn13>
<average_rating>4.50</average_rating>
<ratings_count>3793</ratings_count>
<publication_year>2012</publication_year>
<publication_month>8</publication_month>
<publication_day>13</publication_day>
<authors>
<author>
<id>4785031</id>
<name>Karina Halle</name>
<link><![CDATA[https://www.goodreads.com/author/show/4785031.Karina_Halle]]></link>
</author>
</authors>
</book>

          <book>
<id>31315123</id>
<title>Need (Finding Anna #2)</title>
<title_without_series>Need</title_without_series>
<link><![CDATA[https://www.goodreads.com/book/show/31315123-need]]></link>
<small_image_url><![CDATA[https://images.gr-assets.com/books/1470109409s/31315123.jpg]]></small_image_url>
<image_url><![CDATA[https://images.gr-assets.com/books/1470109409m/31315123.jpg]]></image_url>
<num_pages>228</num_pages>
<work>
<id>19200254</id>
</work>
<isbn></isbn>
<isbn13></isbn13>
<average_rating>4.09</average_rating>
<ratings_count>3231</ratings_count>
<publication_year>2016</publication_year>
<publication_month>8</publication_month>
<publication_day>1</publication_day>
<authors>
<author>
<id>4496779</id>
<name>Sherri Hayes</name>
<link><![CDATA[https://www.goodreads.com/author/show/4496779.Sherri_Hayes]]></link>
</author>
</authors>
</book>

          <book>
<id>16087848</id>
<title><![CDATA[Mine to Hold (Wicked Lovers, #6)]]></title>
<title_without_series>Mine to Hold</title_without_series>
<link><![CDATA[https://www.goodreads.com/book/show/16087848-mine-to-hold]]></link>
<small_image_url><![CDATA[https://s.gr-assets.com/assets/nophoto/book/50x75-a91bf249278a81aabab721ef782c4a74.png]]></small_image_url>
<image_url><![CDATA[https://s.gr-assets.com/assets/nophoto/book/111x148-bcc042a9c91a29c1d680899eff700a03.png]]></image_url>
<num_pages>352</num_pages>
<work>
<id>15768299</id>
</work>
<isbn>0425268195</isbn>
<isbn13>9780425268193</isbn13>
<average_rating>4.27</average_rating>
<ratings_count>9492</ratings_count>
<publication_year>2013</publication_year>
<publication_month>9</publication_month>
<publication_day>3</publication_day>
<authors>
<author>
<id>20983</id>
<name>Shayla Black</name>
<link><![CDATA[https://www.goodreads.com/author/show/20983.Shayla_Black]]></link>
</author>
</authors>
</book>

  </similar_books>
</book>

</GoodreadsResponse>