<?xml version="1.0" encoding="UTF-8"?>
<GoodreadsResponse>
  <Request>
    <authentication>true</authentication>
      <key><![CDATA[all_men_must_serve]]></key>
    <method><![CDATA[book_show]]></method>
  </Request>
  <book>
  <id>108229</id>
  <title><![CDATA[The Perfect Storm: A True Story of Men Against the Sea]]></title>
  <isbn><![CDATA[0393050327]]></isbn>
  <isbn13><![CDATA[9780393050325]]></isbn13>
  <asin><![CDATA[]]></asin>
  <kindle_asin><![CDATA[B004APA538]]></kindle_asin>
  <marketplace_id><![CDATA[A1F83G8C2ARO7P]]></marketplace_id>
  <country_code><![CDATA[GB]]></country_code>
  <image_url>https://s.gr-assets.com/assets/nophoto/book/111x148-bcc042a9c91a29c1d680899eff700a03.png</image_url>
  <small_image_url>https://s.gr-assets.com/assets/nophoto/book/50x75-a91bf249278a81aabab721ef782c4a74.png</small_image_url>
  <publication_year>1997</publication_year>
  <publication_month>1</publication_month>
  <publication_day>1</publication_day>
  <publisher>W. W. Norton &amp; Company</publisher>
  <language_code>en-US</language_code>
  <is_ebook>false</is_ebook>
  <description><![CDATA[It was the storm of the centurya tempest created by so rare a combination of factors that meteorologists deemed it "the perfect storm."<br /><br />When it struck in October, 1991, there was virtually no warning. "She's comin' on, boys, and she's comin' on strong," radioed Captain Billy Tyne of the Andrea Gail from off the coast of Nova Scotia. Soon afterward, the boat and its crew of six disappeared without a trace.<p><br /><br /><i>The Perfect Storm</i> is a real-life thriller, a stark and compelling journey into the dark heart of nature that leaves listeners with a breathless sense of what it feels like to be caught, helpless, in the grip of a force beyond understanding or control.</p>]]></description>
  <work>
  <id type="integer">1887699</id>
  <books_count type="integer">62</books_count>
  <best_book_id type="integer">6545608</best_book_id>
  <reviews_count type="integer">110577</reviews_count>
  <ratings_sum type="integer">354154</ratings_sum>
  <ratings_count type="integer">87018</ratings_count>
  <text_reviews_count type="integer">1419</text_reviews_count>
  <original_publication_year type="integer">1997</original_publication_year>
  <original_publication_month type="integer">5</original_publication_month>
  <original_publication_day type="integer">17</original_publication_day>
  <original_title>The Perfect Storm: A True Story of Men Against the Sea</original_title>
  <original_language_id type="integer" nil="true"/>
  <media_type>book</media_type>
  <rating_dist>5:31156|4:35393|3:16769|2:2795|1:905|total:87018</rating_dist>
  <desc_user_id type="integer" nil="true"/>
  <default_chaptering_book_id type="integer" nil="true"/>
  <default_description_language_code nil="true"/>
</work>
  <average_rating>4.07</average_rating>
  <num_pages><![CDATA[227]]></num_pages>
  <format><![CDATA[Hardcover]]></format>
  <edition_information><![CDATA[]]></edition_information>
  <ratings_count><![CDATA[45383]]></ratings_count>
  <text_reviews_count><![CDATA[826]]></text_reviews_count>
  <url><![CDATA[https://www.goodreads.com/book/show/108229.The_Perfect_Storm]]></url>
  <link><![CDATA[https://www.goodreads.com/book/show/108229.The_Perfect_Storm]]></link>
  <authors>
<author>
<id>16494</id>
<name>Sebastian Junger</name>
<role></role>
<image_url nophoto='false'>
<![CDATA[https://images.gr-assets.com/authors/1458242367p5/16494.jpg]]>
</image_url>
<small_image_url nophoto='false'>
<![CDATA[https://images.gr-assets.com/authors/1458242367p2/16494.jpg]]>
</small_image_url>
<link><![CDATA[https://www.goodreads.com/author/show/16494.Sebastian_Junger]]></link>
<average_rating>4.07</average_rating>
<ratings_count>120684</ratings_count>
<text_reviews_count>5280</text_reviews_count>
</author>
</authors>

    <reviews_widget>
      <![CDATA[
        <style>
  #goodreads-widget {
    font-family: georgia, serif;
    padding: 18px 0;
    width:565px;
  }
  #goodreads-widget h1 {
    font-weight:normal;
    font-size: 16px;
    border-bottom: 1px solid #BBB596;
    margin-bottom: 0;
  }
  #goodreads-widget a {
    text-decoration: none;
    color:#660;
  }
  iframe{
    background-color: #fff;
  }
  #goodreads-widget a:hover { text-decoration: underline; }
  #goodreads-widget a:active {
    color:#660;
  }
  #gr_footer {
    width: 100%;
    border-top: 1px solid #BBB596;
    text-align: right;
  }
  #goodreads-widget .gr_branding{
    color: #382110;
    font-size: 11px;
    text-decoration: none;
    font-family: "Helvetica Neue", Helvetica, Arial, sans-serif;
  }
</style>
<div id="goodreads-widget">
  <div id="gr_header"><h1><a rel="nofollow" href="https://www.goodreads.com/book/show/108229.The_Perfect_Storm">The Perfect Storm Reviews</a></h1></div>
  <iframe id="the_iframe" src="https://www.goodreads.com/api/reviews_widget_iframe?did=DEVELOPER_ID&amp;format=html&amp;isbn=0393050327&amp;links=660&amp;min_rating=&amp;review_back=fff&amp;stars=000&amp;text=000" width="565" height="400" frameborder="0"></iframe>
  <div id="gr_footer">
    <a class="gr_branding" target="_blank" rel="nofollow" href="https://www.goodreads.com/book/show/108229.The_Perfect_Storm?utm_medium=api&amp;utm_source=reviews_widget">Reviews from Goodreads.com</a>
  </div>
</div>

      ]]>
    </reviews_widget>
  <popular_shelves>
      <shelf name="to-read" count="11831"/>
      <shelf name="non-fiction" count="1156"/>
      <shelf name="nonfiction" count="462"/>
      <shelf name="history" count="348"/>
      <shelf name="currently-reading" count="341"/>
      <shelf name="adventure" count="286"/>
      <shelf name="favorites" count="171"/>
      <shelf name="owned" count="116"/>
      <shelf name="biography" count="108"/>
      <shelf name="nature" count="81"/>
      <shelf name="survival" count="78"/>
      <shelf name="fiction" count="74"/>
      <shelf name="books-i-own" count="69"/>
      <shelf name="historical" count="49"/>
      <shelf name="default" count="48"/>
      <shelf name="science" count="47"/>
      <shelf name="disaster" count="34"/>
      <shelf name="nautical" count="34"/>
      <shelf name="owned-books" count="32"/>
      <shelf name="library" count="32"/>
      <shelf name="audio" count="32"/>
      <shelf name="audiobooks" count="31"/>
      <shelf name="kindle" count="30"/>
      <shelf name="travel" count="27"/>
      <shelf name="audiobook" count="26"/>
      <shelf name="weather" count="26"/>
      <shelf name="book-club" count="26"/>
      <shelf name="thriller" count="25"/>
      <shelf name="new-england" count="25"/>
      <shelf name="memoir" count="24"/>
      <shelf name="disasters" count="24"/>
      <shelf name="novels" count="23"/>
      <shelf name="movie" count="21"/>
      <shelf name="adult" count="20"/>
      <shelf name="general-non-fiction" count="20"/>
      <shelf name="journalism" count="19"/>
      <shelf name="maritime" count="19"/>
      <shelf name="fishing" count="18"/>
      <shelf name="my-books" count="17"/>
      <shelf name="sailing" count="17"/>
      <shelf name="england" count="17"/>
      <shelf name="outdoors" count="17"/>
      <shelf name="biography-memoir" count="17"/>
      <shelf name="new" count="16"/>
      <shelf name="true-story" count="16"/>
      <shelf name="to-buy" count="15"/>
      <shelf name="storms" count="15"/>
      <shelf name="natural" count="15"/>
      <shelf name="i-own" count="15"/>
      <shelf name="fisheries" count="15"/>
      <shelf name="sea" count="15"/>
      <shelf name="my-library" count="15"/>
      <shelf name="humble-bundle" count="14"/>
      <shelf name="mass" count="14"/>
      <shelf name="seas" count="14"/>
      <shelf name="oceans" count="14"/>
      <shelf name="autobiography" count="14"/>
      <shelf name="northeast" count="14"/>
      <shelf name="gloucester" count="14"/>
      <shelf name="movies" count="14"/>
      <shelf name="award" count="13"/>
      <shelf name="habitats" count="13"/>
      <shelf name="ecosystems" count="13"/>
      <shelf name="climatology" count="13"/>
      <shelf name="meteorology" count="13"/>
      <shelf name="novel" count="13"/>
      <shelf name="social" count="13"/>
      <shelf name="own-it" count="13"/>
      <shelf name="customs" count="13"/>
      <shelf name="1997" count="13"/>
      <shelf name="ships" count="13"/>
      <shelf name="alex" count="13"/>
      <shelf name="historical-fiction" count="13"/>
      <shelf name="calibre" count="12"/>
      <shelf name="transportation" count="12"/>
      <shelf name="traditions" count="12"/>
      <shelf name="groups" count="12"/>
      <shelf name="specific" count="12"/>
      <shelf name="ecology" count="12"/>
      <shelf name="sciences" count="12"/>
      <shelf name="earth" count="12"/>
      <shelf name="general" count="12"/>
      <shelf name="true-adventure" count="12"/>
      <shelf name="true-stories" count="12"/>
      <shelf name="unread" count="12"/>
      <shelf name="to-read-nonfiction" count="11"/>
      <shelf name="ebooks" count="11"/>
      <shelf name="hurricane" count="11"/>
      <shelf name="ebook" count="11"/>
      <shelf name="biographies" count="11"/>
      <shelf name="storm" count="11"/>
      <shelf name="american-history" count="11"/>
      <shelf name="memoirs" count="11"/>
      <shelf name="american" count="11"/>
      <shelf name="the-sea" count="10"/>
      <shelf name="tropical" count="10"/>
      <shelf name="swordfish" count="10"/>
      <shelf name="sea-stories" count="10"/>
      <shelf name="nor-easter" count="10"/>
      <shelf name="halloween" count="10"/>
  </popular_shelves>
  <book_links>
    <book_link>
  <id>8</id>
  <name>Libraries</name>
  <link>https://www.goodreads.com/book_link/follow/8</link>
</book_link>

  </book_links>
  <buy_links>
    <buy_link>
<id>1</id>
<name>Amazon</name>
<link>https://www.goodreads.com/book_link/follow/1</link>
</buy_link>
<buy_link>
<id>10</id>
<name>Audible</name>
<link>https://www.goodreads.com/book_link/follow/10</link>
</buy_link>
<buy_link>
<id>3</id>
<name>Barnes &amp; Noble</name>
<link>https://www.goodreads.com/book_link/follow/3</link>
</buy_link>
<buy_link>
<id>1027</id>
<name>Kobo</name>
<link>https://www.goodreads.com/book_link/follow/1027</link>
</buy_link>
<buy_link>
<id>2102</id>
<name>Apple iBooks</name>
<link>https://www.goodreads.com/book_link/follow/2102</link>
</buy_link>
<buy_link>
<id>8036</id>
<name>Google Play</name>
<link>https://www.goodreads.com/book_link/follow/8036</link>
</buy_link>
<buy_link>
<id>4</id>
<name>Abebooks</name>
<link>https://www.goodreads.com/book_link/follow/4</link>
</buy_link>
<buy_link>
<id>882</id>
<name>Book Depository</name>
<link>https://www.goodreads.com/book_link/follow/882</link>
</buy_link>
<buy_link>
<id>9</id>
<name>Indigo</name>
<link>https://www.goodreads.com/book_link/follow/9</link>
</buy_link>
<buy_link>
<id>2</id>
<name>Half.com</name>
<link>https://www.goodreads.com/book_link/follow/2</link>
</buy_link>
<buy_link>
<id>5</id>
<name>Alibris</name>
<link>https://www.goodreads.com/book_link/follow/5</link>
</buy_link>
<buy_link>
<id>107</id>
<name>Better World Books</name>
<link>https://www.goodreads.com/book_link/follow/107</link>
</buy_link>
<buy_link>
<id>7</id>
<name>IndieBound</name>
<link>https://www.goodreads.com/book_link/follow/7</link>
</buy_link>

  </buy_links>
  <series_works>
    
  </series_works>
  <similar_books>
          <book>
<id>173165</id>
<title><![CDATA[The Hungry Ocean: A Swordboat Captain's Journey]]></title>
<title_without_series><![CDATA[The Hungry Ocean: A Swordboat Captain's Journey]]></title_without_series>
<link><![CDATA[https://www.goodreads.com/book/show/173165.The_Hungry_Ocean]]></link>
<small_image_url><![CDATA[https://s.gr-assets.com/assets/nophoto/book/50x75-a91bf249278a81aabab721ef782c4a74.png]]></small_image_url>
<image_url><![CDATA[https://s.gr-assets.com/assets/nophoto/book/111x148-bcc042a9c91a29c1d680899eff700a03.png]]></image_url>
<num_pages>265</num_pages>
<work>
<id>1842743</id>
</work>
<isbn>0786885416</isbn>
<isbn13>9780786885411</isbn13>
<average_rating>3.79</average_rating>
<ratings_count>4374</ratings_count>
<publication_year>2000</publication_year>
<publication_month>6</publication_month>
<publication_day>7</publication_day>
<authors>
<author>
<id>101007</id>
<name>Linda Greenlaw</name>
<link><![CDATA[https://www.goodreads.com/author/show/101007.Linda_Greenlaw]]></link>
</author>
</authors>
</book>

          <book>
<id>401514</id>
<title><![CDATA[Alive: The Story of the Andes Survivors]]></title>
<title_without_series><![CDATA[Alive: The Story of the Andes Survivors]]></title_without_series>
<link><![CDATA[https://www.goodreads.com/book/show/401514.Alive]]></link>
<small_image_url><![CDATA[https://images.gr-assets.com/books/1404247131s/401514.jpg]]></small_image_url>
<image_url><![CDATA[https://images.gr-assets.com/books/1404247131m/401514.jpg]]></image_url>
<num_pages>318</num_pages>
<work>
<id>525961</id>
</work>
<isbn>038000321X</isbn>
<isbn13>9780380003211</isbn13>
<average_rating>4.08</average_rating>
<ratings_count>50674</ratings_count>
<publication_year>1975</publication_year>
<publication_month>12</publication_month>
<publication_day>3</publication_day>
<authors>
<author>
<id>40311</id>
<name>Piers Paul Read</name>
<link><![CDATA[https://www.goodreads.com/author/show/40311.Piers_Paul_Read]]></link>
</author>
</authors>
</book>

          <book>
<id>537375</id>
<title><![CDATA[The Endurance: Shackleton's Legendary Antarctic Expedition]]></title>
<title_without_series><![CDATA[The Endurance: Shackleton's Legendary Antarctic Expedition]]></title_without_series>
<link><![CDATA[https://www.goodreads.com/book/show/537375.The_Endurance]]></link>
<small_image_url><![CDATA[https://images.gr-assets.com/books/1320487170s/537375.jpg]]></small_image_url>
<image_url><![CDATA[https://images.gr-assets.com/books/1320487170m/537375.jpg]]></image_url>
<num_pages>224</num_pages>
<work>
<id>277716</id>
</work>
<isbn>0375404031</isbn>
<isbn13>9780375404030</isbn13>
<average_rating>4.31</average_rating>
<ratings_count>14784</ratings_count>
<publication_year>1998</publication_year>
<publication_month>11</publication_month>
<publication_day>3</publication_day>
<authors>
<author>
<id>59027</id>
<name>Caroline Alexander</name>
<link><![CDATA[https://www.goodreads.com/author/show/59027.Caroline_Alexander]]></link>
</author>
</authors>
</book>

          <book>
<id>607537</id>
<title><![CDATA[Ten Hours Until Dawn: The True Story of Heroism and Tragedy Aboard the Can Do]]></title>
<title_without_series><![CDATA[Ten Hours Until Dawn: The True Story of Heroism and Tragedy Aboard the Can Do]]></title_without_series>
<link><![CDATA[https://www.goodreads.com/book/show/607537.Ten_Hours_Until_Dawn]]></link>
<small_image_url><![CDATA[https://images.gr-assets.com/books/1316638575s/607537.jpg]]></small_image_url>
<image_url><![CDATA[https://images.gr-assets.com/books/1316638575m/607537.jpg]]></image_url>
<num_pages></num_pages>
<work>
<id>594050</id>
</work>
<isbn>0312334362</isbn>
<isbn13>9780312334369</isbn13>
<average_rating>4.04</average_rating>
<ratings_count>341</ratings_count>
<publication_year></publication_year>
<publication_month></publication_month>
<publication_day></publication_day>
<authors>
<author>
<id>5799428</id>
<name>Michael Tougias</name>
<link><![CDATA[https://www.goodreads.com/author/show/5799428.Michael_Tougias]]></link>
</author>
</authors>
</book>

          <book>
<id>318755</id>
<title>Everest: The West Ridge</title>
<title_without_series>Everest: The West Ridge</title_without_series>
<link><![CDATA[https://www.goodreads.com/book/show/318755.Everest]]></link>
<small_image_url><![CDATA[https://s.gr-assets.com/assets/nophoto/book/50x75-a91bf249278a81aabab721ef782c4a74.png]]></small_image_url>
<image_url><![CDATA[https://s.gr-assets.com/assets/nophoto/book/111x148-bcc042a9c91a29c1d680899eff700a03.png]]></image_url>
<num_pages>181</num_pages>
<work>
<id>309537</id>
</work>
<isbn>0898866162</isbn>
<isbn13>9780898866162</isbn13>
<average_rating>4.14</average_rating>
<ratings_count>307</ratings_count>
<publication_year>1998</publication_year>
<publication_month>7</publication_month>
<publication_day>1</publication_day>
<authors>
<author>
<id>7505342</id>
<name>Thomas F. Hornbein</name>
<link><![CDATA[https://www.goodreads.com/author/show/7505342.Thomas_F_Hornbein]]></link>
</author>
</authors>
</book>

          <book>
<id>701780</id>
<title><![CDATA[Ship of Gold in the Deep Blue Sea]]></title>
<title_without_series><![CDATA[Ship of Gold in the Deep Blue Sea]]></title_without_series>
<link><![CDATA[https://www.goodreads.com/book/show/701780.Ship_of_Gold_in_the_Deep_Blue_Sea]]></link>
<small_image_url><![CDATA[https://s.gr-assets.com/assets/nophoto/book/50x75-a91bf249278a81aabab721ef782c4a74.png]]></small_image_url>
<image_url><![CDATA[https://s.gr-assets.com/assets/nophoto/book/111x148-bcc042a9c91a29c1d680899eff700a03.png]]></image_url>
<num_pages>560</num_pages>
<work>
<id>3218614</id>
</work>
<isbn>0375703373</isbn>
<isbn13>9780375703379</isbn13>
<average_rating>4.23</average_rating>
<ratings_count>3378</ratings_count>
<publication_year>1999</publication_year>
<publication_month>5</publication_month>
<publication_day>11</publication_day>
<authors>
<author>
<id>62713</id>
<name>Gary Kinder</name>
<link><![CDATA[https://www.goodreads.com/author/show/62713.Gary_Kinder]]></link>
</author>
</authors>
</book>

          <book>
<id>112033</id>
<title><![CDATA[K2, The Savage Mountain: The Classic True Story of Disaster and Survival on the World's Second Highest Mountain]]></title>
<title_without_series><![CDATA[K2, The Savage Mountain: The Classic True Story of Disaster and Survival on the World's Second Highest Mountain]]></title_without_series>
<link><![CDATA[https://www.goodreads.com/book/show/112033.K2_The_Savage_Mountain]]></link>
<small_image_url><![CDATA[https://s.gr-assets.com/assets/nophoto/book/50x75-a91bf249278a81aabab721ef782c4a74.png]]></small_image_url>
<image_url><![CDATA[https://s.gr-assets.com/assets/nophoto/book/111x148-bcc042a9c91a29c1d680899eff700a03.png]]></image_url>
<num_pages>336</num_pages>
<work>
<id>107883</id>
</work>
<isbn>1585740136</isbn>
<isbn13>9781585740130</isbn13>
<average_rating>4.03</average_rating>
<ratings_count>2328</ratings_count>
<publication_year>2000</publication_year>
<publication_month>5</publication_month>
<publication_day>1</publication_day>
<authors>
<author>
<id>457669</id>
<name>Charles S. Houston</name>
<link><![CDATA[https://www.goodreads.com/author/show/457669.Charles_S_Houston]]></link>
</author>
</authors>
</book>

          <book>
<id>30044</id>
<title>Young Men and Fire</title>
<title_without_series>Young Men and Fire</title_without_series>
<link><![CDATA[https://www.goodreads.com/book/show/30044.Young_Men_and_Fire]]></link>
<small_image_url><![CDATA[https://s.gr-assets.com/assets/nophoto/book/50x75-a91bf249278a81aabab721ef782c4a74.png]]></small_image_url>
<image_url><![CDATA[https://s.gr-assets.com/assets/nophoto/book/111x148-bcc042a9c91a29c1d680899eff700a03.png]]></image_url>
<num_pages>301</num_pages>
<work>
<id>2963503</id>
</work>
<isbn>0226500624</isbn>
<isbn13>9780226500621</isbn13>
<average_rating>4.07</average_rating>
<ratings_count>3819</ratings_count>
<publication_year>1993</publication_year>
<publication_month>11</publication_month>
<publication_day>5</publication_day>
<authors>
<author>
<id>16943</id>
<name>Norman Maclean</name>
<link><![CDATA[https://www.goodreads.com/author/show/16943.Norman_Maclean]]></link>
</author>
</authors>
</book>

          <book>
<id>143999</id>
<title><![CDATA[South: The Story of Shackleton's Last Expedition 1914 - 1917]]></title>
<title_without_series><![CDATA[South: The Story of Shackleton's Last Expedition 1914 - 1917]]></title_without_series>
<link><![CDATA[https://www.goodreads.com/book/show/143999.South]]></link>
<small_image_url><![CDATA[https://s.gr-assets.com/assets/nophoto/book/50x75-a91bf249278a81aabab721ef782c4a74.png]]></small_image_url>
<image_url><![CDATA[https://s.gr-assets.com/assets/nophoto/book/111x148-bcc042a9c91a29c1d680899eff700a03.png]]></image_url>
<num_pages>374</num_pages>
<work>
<id>134121</id>
</work>
<isbn>0712664122</isbn>
<isbn13>9780712664127</isbn13>
<average_rating>4.21</average_rating>
<ratings_count>6261</ratings_count>
<publication_year>2002</publication_year>
<publication_month></publication_month>
<publication_day></publication_day>
<authors>
<author>
<id>80438</id>
<name>Ernest Shackleton</name>
<link><![CDATA[https://www.goodreads.com/author/show/80438.Ernest_Shackleton]]></link>
</author>
</authors>
</book>

          <book>
<id>925367</id>
<title><![CDATA[The Climb: Tragic Ambitions on Everest]]></title>
<title_without_series><![CDATA[The Climb: Tragic Ambitions on Everest]]></title_without_series>
<link><![CDATA[https://www.goodreads.com/book/show/925367.The_Climb]]></link>
<small_image_url><![CDATA[https://images.gr-assets.com/books/1311995989s/925367.jpg]]></small_image_url>
<image_url><![CDATA[https://images.gr-assets.com/books/1311995989m/925367.jpg]]></image_url>
<num_pages></num_pages>
<work>
<id>910376</id>
</work>
<isbn>0312965338</isbn>
<isbn13>9780312965334</isbn13>
<average_rating>3.89</average_rating>
<ratings_count>10298</ratings_count>
<publication_year></publication_year>
<publication_month></publication_month>
<publication_day></publication_day>
<authors>
<author>
<id>68714</id>
<name>Anatoli Boukreev</name>
<link><![CDATA[https://www.goodreads.com/author/show/68714.Anatoli_Boukreev]]></link>
</author>
</authors>
</book>

          <book>
<id>1156181</id>
<title><![CDATA[The Home Of The Blizzard: A True Story Of Antarctic Survival]]></title>
<title_without_series><![CDATA[The Home Of The Blizzard: A True Story Of Antarctic Survival]]></title_without_series>
<link><![CDATA[https://www.goodreads.com/book/show/1156181.The_Home_Of_The_Blizzard]]></link>
<small_image_url><![CDATA[https://s.gr-assets.com/assets/nophoto/book/50x75-a91bf249278a81aabab721ef782c4a74.png]]></small_image_url>
<image_url><![CDATA[https://s.gr-assets.com/assets/nophoto/book/111x148-bcc042a9c91a29c1d680899eff700a03.png]]></image_url>
<num_pages>484</num_pages>
<work>
<id>1143762</id>
</work>
<isbn>1602391440</isbn>
<isbn13>9781602391444</isbn13>
<average_rating>4.12</average_rating>
<ratings_count>300</ratings_count>
<publication_year>2007</publication_year>
<publication_month>9</publication_month>
<publication_day>1</publication_day>
<authors>
<author>
<id>417276</id>
<name>Douglas Mawson</name>
<link><![CDATA[https://www.goodreads.com/author/show/417276.Douglas_Mawson]]></link>
</author>
</authors>
</book>

          <book>
<id>239186</id>
<title><![CDATA[Isaac's Storm: A Man, a Time, and the Deadliest Hurricane in History]]></title>
<title_without_series><![CDATA[Isaac's Storm: A Man, a Time, and the Deadliest Hurricane in History]]></title_without_series>
<link><![CDATA[https://www.goodreads.com/book/show/239186.Isaac_s_Storm]]></link>
<small_image_url><![CDATA[https://images.gr-assets.com/books/1403179592s/239186.jpg]]></small_image_url>
<image_url><![CDATA[https://images.gr-assets.com/books/1403179592m/239186.jpg]]></image_url>
<num_pages></num_pages>
<work>
<id>1605</id>
</work>
<isbn>0375708278</isbn>
<isbn13>9780375708275</isbn13>
<average_rating>4.05</average_rating>
<ratings_count>33368</ratings_count>
<publication_year></publication_year>
<publication_month></publication_month>
<publication_day></publication_day>
<authors>
<author>
<id>5869</id>
<name>Erik Larson</name>
<link><![CDATA[https://www.goodreads.com/author/show/5869.Erik_Larson]]></link>
</author>
</authors>
</book>

          <book>
<id>121410</id>
<title><![CDATA[Adrift: Seventy-Six Days Lost at Sea]]></title>
<title_without_series><![CDATA[Adrift: Seventy-Six Days Lost at Sea]]></title_without_series>
<link><![CDATA[https://www.goodreads.com/book/show/121410.Adrift]]></link>
<small_image_url><![CDATA[https://images.gr-assets.com/books/1356596323s/121410.jpg]]></small_image_url>
<image_url><![CDATA[https://images.gr-assets.com/books/1356596323m/121410.jpg]]></image_url>
<num_pages>344</num_pages>
<work>
<id>551874</id>
</work>
<isbn>0618257322</isbn>
<isbn13>9780618257324</isbn13>
<average_rating>4.09</average_rating>
<ratings_count>11557</ratings_count>
<publication_year></publication_year>
<publication_month></publication_month>
<publication_day></publication_day>
<authors>
<author>
<id>63760</id>
<name>Steven Callahan</name>
<link><![CDATA[https://www.goodreads.com/author/show/63760.Steven_Callahan]]></link>
</author>
</authors>
</book>

          <book>
<id>139069</id>
<title><![CDATA[Endurance: Shackleton's Incredible Voyage]]></title>
<title_without_series><![CDATA[Endurance: Shackleton's Incredible Voyage]]></title_without_series>
<link><![CDATA[https://www.goodreads.com/book/show/139069.Endurance]]></link>
<small_image_url><![CDATA[https://images.gr-assets.com/books/1391329559s/139069.jpg]]></small_image_url>
<image_url><![CDATA[https://images.gr-assets.com/books/1391329559m/139069.jpg]]></image_url>
<num_pages>282</num_pages>
<work>
<id>900140</id>
</work>
<isbn>078670621X</isbn>
<isbn13>9780786706211</isbn13>
<average_rating>4.36</average_rating>
<ratings_count>54095</ratings_count>
<publication_year></publication_year>
<publication_month></publication_month>
<publication_day></publication_day>
<authors>
<author>
<id>29034</id>
<name>Alfred Lansing</name>
<link><![CDATA[https://www.goodreads.com/author/show/29034.Alfred_Lansing]]></link>
</author>
</authors>
</book>

          <book>
<id>27397</id>
<title>A Civil Action</title>
<title_without_series>A Civil Action</title_without_series>
<link><![CDATA[https://www.goodreads.com/book/show/27397.A_Civil_Action]]></link>
<small_image_url><![CDATA[https://s.gr-assets.com/assets/nophoto/book/50x75-a91bf249278a81aabab721ef782c4a74.png]]></small_image_url>
<image_url><![CDATA[https://s.gr-assets.com/assets/nophoto/book/111x148-bcc042a9c91a29c1d680899eff700a03.png]]></image_url>
<num_pages></num_pages>
<work>
<id>227861</id>
</work>
<isbn>0679772677</isbn>
<isbn13>9780679772675</isbn13>
<average_rating>3.94</average_rating>
<ratings_count>12312</ratings_count>
<publication_year></publication_year>
<publication_month></publication_month>
<publication_day></publication_day>
<authors>
<author>
<id>7519</id>
<name>Jonathan Harr</name>
<link><![CDATA[https://www.goodreads.com/author/show/7519.Jonathan_Harr]]></link>
</author>
</authors>
</book>

          <book>
<id>572242</id>
<title><![CDATA[Through the Brazilian Wilderness]]></title>
<title_without_series><![CDATA[Through the Brazilian Wilderness]]></title_without_series>
<link><![CDATA[https://www.goodreads.com/book/show/572242.Through_the_Brazilian_Wilderness]]></link>
<small_image_url><![CDATA[https://s.gr-assets.com/assets/nophoto/book/50x75-a91bf249278a81aabab721ef782c4a74.png]]></small_image_url>
<image_url><![CDATA[https://s.gr-assets.com/assets/nophoto/book/111x148-bcc042a9c91a29c1d680899eff700a03.png]]></image_url>
<num_pages></num_pages>
<work>
<id>559270</id>
</work>
<isbn>1426455984</isbn>
<isbn13>9781426455988</isbn13>
<average_rating>3.84</average_rating>
<ratings_count>441</ratings_count>
<publication_year></publication_year>
<publication_month></publication_month>
<publication_day></publication_day>
<authors>
<author>
<id>44567</id>
<name>Theodore Roosevelt</name>
<link><![CDATA[https://www.goodreads.com/author/show/44567.Theodore_Roosevelt]]></link>
</author>
</authors>
</book>

          <book>
<id>1895</id>
<title><![CDATA[High Exposure: An Enduring Passion for Everest and Unforgiving Places]]></title>
<title_without_series><![CDATA[High Exposure: An Enduring Passion for Everest and Unforgiving Places]]></title_without_series>
<link><![CDATA[https://www.goodreads.com/book/show/1895.High_Exposure]]></link>
<small_image_url><![CDATA[https://s.gr-assets.com/assets/nophoto/book/50x75-a91bf249278a81aabab721ef782c4a74.png]]></small_image_url>
<image_url><![CDATA[https://s.gr-assets.com/assets/nophoto/book/111x148-bcc042a9c91a29c1d680899eff700a03.png]]></image_url>
<num_pages></num_pages>
<work>
<id>1639815</id>
</work>
<isbn>0684865459</isbn>
<isbn13>9780684865454</isbn13>
<average_rating>3.87</average_rating>
<ratings_count>2835</ratings_count>
<publication_year></publication_year>
<publication_month></publication_month>
<publication_day></publication_day>
<authors>
<author>
<id>1271</id>
<name>David Breashears</name>
<link><![CDATA[https://www.goodreads.com/author/show/1271.David_Breashears]]></link>
</author>
</authors>
</book>

          <book>
<id>27082</id>
<title>Gipsy Moth Circles the World</title>
<title_without_series>Gipsy Moth Circles the World</title_without_series>
<link><![CDATA[https://www.goodreads.com/book/show/27082.Gipsy_Moth_Circles_the_World]]></link>
<small_image_url><![CDATA[https://images.gr-assets.com/books/1332441904s/27082.jpg]]></small_image_url>
<image_url><![CDATA[https://images.gr-assets.com/books/1332441904m/27082.jpg]]></image_url>
<num_pages>269</num_pages>
<work>
<id>27736</id>
</work>
<isbn>0340004843</isbn>
<isbn13>9780340004845</isbn13>
<average_rating>4.07</average_rating>
<ratings_count>920</ratings_count>
<publication_year>1967</publication_year>
<publication_month></publication_month>
<publication_day></publication_day>
<authors>
<author>
<id>1668748</id>
<name>Francis Chichester</name>
<link><![CDATA[https://www.goodreads.com/author/show/1668748.Francis_Chichester]]></link>
</author>
</authors>
</book>

  </similar_books>
</book>

</GoodreadsResponse>