<?xml version="1.0" encoding="UTF-8"?>
<GoodreadsResponse>
  <Request>
    <authentication>true</authentication>
      <key><![CDATA[all_men_must_serve]]></key>
    <method><![CDATA[book_show]]></method>
  </Request>
  <book>
  <id>10822858</id>
  <title><![CDATA[The Keeper of Lost Causes (Department Q, #1)]]></title>
  <isbn><![CDATA[0525952489]]></isbn>
  <isbn13><![CDATA[9780525952480]]></isbn13>
  <asin><![CDATA[]]></asin>
  <kindle_asin><![CDATA[]]></kindle_asin>
  <marketplace_id><![CDATA[]]></marketplace_id>
  <country_code><![CDATA[GB]]></country_code>
  <image_url>https://s.gr-assets.com/assets/nophoto/book/111x148-bcc042a9c91a29c1d680899eff700a03.png</image_url>
  <small_image_url>https://s.gr-assets.com/assets/nophoto/book/50x75-a91bf249278a81aabab721ef782c4a74.png</small_image_url>
  <publication_year>2011</publication_year>
  <publication_month>8</publication_month>
  <publication_day>23</publication_day>
  <publisher>Dutton Adult</publisher>
  <language_code>eng</language_code>
  <is_ebook>false</is_ebook>
  <description><![CDATA[Carl Mørck used to be one of Copenhagen’s best homicide detectives. Then a hail of bullets destroyed the lives of two fellow cops, and Carl—who didn’t draw his weapon—blames himself. So a promotion is the last thing he expects. But Department Q is a department of one, and Carl’s got only a stack of Copenhagen’s coldest cases for company. His colleagues snicker, but Carl may have the last laugh, because one file keeps nagging at him: a liberal politician vanished five years earlier and is presumed dead. But she isn’t dead … yet. ]]></description>
  <work>
  <id type="integer">7211561</id>
  <books_count type="integer">111</books_count>
  <best_book_id type="integer">10822858</best_book_id>
  <reviews_count type="integer">103251</reviews_count>
  <ratings_sum type="integer">184700</ratings_sum>
  <ratings_count type="integer">46450</ratings_count>
  <text_reviews_count type="integer">3964</text_reviews_count>
  <original_publication_year type="integer">2007</original_publication_year>
  <original_publication_month type="integer" nil="true"/>
  <original_publication_day type="integer" nil="true"/>
  <original_title>Kvinden i buret</original_title>
  <original_language_id type="integer" nil="true"/>
  <media_type>book</media_type>
  <rating_dist>5:13845|4:20964|3:9100|2:1778|1:763|total:46450</rating_dist>
  <desc_user_id type="integer">17149794</desc_user_id>
  <default_chaptering_book_id type="integer" nil="true"/>
  <default_description_language_code nil="true"/>
</work>
  <average_rating>3.98</average_rating>
  <num_pages><![CDATA[395]]></num_pages>
  <format><![CDATA[Hardcover]]></format>
  <edition_information><![CDATA[]]></edition_information>
  <ratings_count><![CDATA[36858]]></ratings_count>
  <text_reviews_count><![CDATA[3045]]></text_reviews_count>
  <url><![CDATA[https://www.goodreads.com/book/show/10822858-the-keeper-of-lost-causes]]></url>
  <link><![CDATA[https://www.goodreads.com/book/show/10822858-the-keeper-of-lost-causes]]></link>
  <authors>
<author>
<id>1734716</id>
<name>Jussi Adler-Olsen</name>
<role></role>
<image_url nophoto='false'>
<![CDATA[https://images.gr-assets.com/authors/1411461376p5/1734716.jpg]]>
</image_url>
<small_image_url nophoto='false'>
<![CDATA[https://images.gr-assets.com/authors/1411461376p2/1734716.jpg]]>
</small_image_url>
<link><![CDATA[https://www.goodreads.com/author/show/1734716.Jussi_Adler_Olsen]]></link>
<average_rating>3.93</average_rating>
<ratings_count>121631</ratings_count>
<text_reviews_count>10532</text_reviews_count>
</author>
<author>
<id>5157473</id>
<name>Lisa Hartford</name>
<role>Translator</role>
<image_url nophoto='true'>
<![CDATA[https://s.gr-assets.com/assets/nophoto/user/u_200x266-e183445fd1a1b5cc7075bb1cf7043306.png]]>
</image_url>
<small_image_url nophoto='true'>
<![CDATA[https://s.gr-assets.com/assets/nophoto/user/u_50x66-632230dc9882b4352d753eedf9396530.png]]>
</small_image_url>
<link><![CDATA[https://www.goodreads.com/author/show/5157473.Lisa_Hartford]]></link>
<average_rating>3.98</average_rating>
<ratings_count>39501</ratings_count>
<text_reviews_count>3225</text_reviews_count>
</author>
</authors>

    <reviews_widget>
      <![CDATA[
        <style>
  #goodreads-widget {
    font-family: georgia, serif;
    padding: 18px 0;
    width:565px;
  }
  #goodreads-widget h1 {
    font-weight:normal;
    font-size: 16px;
    border-bottom: 1px solid #BBB596;
    margin-bottom: 0;
  }
  #goodreads-widget a {
    text-decoration: none;
    color:#660;
  }
  iframe{
    background-color: #fff;
  }
  #goodreads-widget a:hover { text-decoration: underline; }
  #goodreads-widget a:active {
    color:#660;
  }
  #gr_footer {
    width: 100%;
    border-top: 1px solid #BBB596;
    text-align: right;
  }
  #goodreads-widget .gr_branding{
    color: #382110;
    font-size: 11px;
    text-decoration: none;
    font-family: "Helvetica Neue", Helvetica, Arial, sans-serif;
  }
</style>
<div id="goodreads-widget">
  <div id="gr_header"><h1><a rel="nofollow" href="https://www.goodreads.com/book/show/10822858-the-keeper-of-lost-causes">The Keeper of Lost Causes Reviews</a></h1></div>
  <iframe id="the_iframe" src="https://www.goodreads.com/api/reviews_widget_iframe?did=DEVELOPER_ID&amp;format=html&amp;isbn=0525952489&amp;links=660&amp;min_rating=&amp;review_back=fff&amp;stars=000&amp;text=000" width="565" height="400" frameborder="0"></iframe>
  <div id="gr_footer">
    <a class="gr_branding" target="_blank" rel="nofollow" href="https://www.goodreads.com/book/show/10822858-the-keeper-of-lost-causes?utm_medium=api&amp;utm_source=reviews_widget">Reviews from Goodreads.com</a>
  </div>
</div>

      ]]>
    </reviews_widget>
  <popular_shelves>
      <shelf name="to-read" count="51635"/>
      <shelf name="mystery" count="994"/>
      <shelf name="currently-reading" count="861"/>
      <shelf name="crime" count="490"/>
      <shelf name="fiction" count="439"/>
      <shelf name="thriller" count="366"/>
      <shelf name="favorites" count="178"/>
      <shelf name="series" count="174"/>
      <shelf name="scandinavian" count="142"/>
      <shelf name="mysteries" count="141"/>
      <shelf name="mystery-thriller" count="141"/>
      <shelf name="denmark" count="116"/>
      <shelf name="default" count="110"/>
      <shelf name="kindle" count="93"/>
      <shelf name="audiobook" count="83"/>
      <shelf name="suspense" count="80"/>
      <shelf name="library" count="77"/>
      <shelf name="audiobooks" count="75"/>
      <shelf name="owned" count="74"/>
      <shelf name="ebook" count="74"/>
      <shelf name="krimi" count="70"/>
      <shelf name="audio" count="69"/>
      <shelf name="books-i-own" count="68"/>
      <shelf name="detective" count="66"/>
      <shelf name="nordic-noir" count="63"/>
      <shelf name="crime-fiction" count="61"/>
      <shelf name="scandinavia" count="59"/>
      <shelf name="jussi-adler-olsen" count="58"/>
      <shelf name="book-club" count="55"/>
      <shelf name="thrillers" count="53"/>
      <shelf name="adult" count="45"/>
      <shelf name="ebooks" count="45"/>
      <shelf name="danish" count="44"/>
      <shelf name="mystery-suspense" count="44"/>
      <shelf name="crime-mystery" count="41"/>
      <shelf name="crime-thriller" count="40"/>
      <shelf name="to-buy" count="36"/>
      <shelf name="scandinavian-crime" count="36"/>
      <shelf name="read-in-2013" count="35"/>
      <shelf name="nordic" count="35"/>
      <shelf name="police-procedural" count="35"/>
      <shelf name="owned-books" count="33"/>
      <shelf name="audio-book" count="31"/>
      <shelf name="mystery-crime" count="31"/>
      <shelf name="audible" count="30"/>
      <shelf name="read-2015" count="29"/>
      <shelf name="contemporary" count="29"/>
      <shelf name="adult-fiction" count="29"/>
      <shelf name="read-in-2014" count="28"/>
      <shelf name="first-in-series" count="28"/>
      <shelf name="audio-books" count="28"/>
      <shelf name="read-in-2015" count="27"/>
      <shelf name="translation" count="27"/>
      <shelf name="europe" count="26"/>
      <shelf name="translated" count="25"/>
      <shelf name="sub" count="24"/>
      <shelf name="read-in-2012" count="24"/>
      <shelf name="scandinavian-literature" count="24"/>
      <shelf name="wish-list" count="24"/>
      <shelf name="read-in-2011" count="23"/>
      <shelf name="read-in-2016" count="22"/>
      <shelf name="read-2013" count="22"/>
      <shelf name="e-book" count="22"/>
      <shelf name="read-2014" count="20"/>
      <shelf name="read-in-2017" count="19"/>
      <shelf name="my-books" count="19"/>
      <shelf name="novels" count="19"/>
      <shelf name="read-2016" count="18"/>
      <shelf name="department-q" count="18"/>
      <shelf name="scandinavian-thrillers" count="18"/>
      <shelf name="police" count="18"/>
      <shelf name="adler-olsen" count="17"/>
      <shelf name="international" count="17"/>
      <shelf name="library-book" count="17"/>
      <shelf name="murder-mystery" count="16"/>
      <shelf name="novel" count="16"/>
      <shelf name="read-2012" count="16"/>
      <shelf name="mystery-thrillers" count="16"/>
      <shelf name="nordic-crime" count="15"/>
      <shelf name="overdrive" count="15"/>
      <shelf name="scandinavian-mystery" count="15"/>
      <shelf name="krim" count="15"/>
      <shelf name="read-2011" count="15"/>
      <shelf name="krimi-thriller" count="15"/>
      <shelf name="favourites" count="14"/>
      <shelf name="i-own" count="14"/>
      <shelf name="crime-and-mystery" count="14"/>
      <shelf name="to-read-fiction" count="14"/>
      <shelf name="noir" count="14"/>
      <shelf name="mystery-thriller-suspense" count="14"/>
      <shelf name="deckare" count="13"/>
      <shelf name="crime-mystery-thriller" count="13"/>
      <shelf name="mystery-detective" count="13"/>
      <shelf name="e-books" count="13"/>
      <shelf name="nook" count="13"/>
      <shelf name="mysteries-thrillers" count="13"/>
      <shelf name="books" count="12"/>
      <shelf name="abandoned" count="12"/>
      <shelf name="detectives" count="12"/>
      <shelf name="crime-novels" count="12"/>
  </popular_shelves>
  <book_links>
    <book_link>
  <id>8</id>
  <name>Libraries</name>
  <link>https://www.goodreads.com/book_link/follow/8</link>
</book_link>

  </book_links>
  <buy_links>
    <buy_link>
<id>1</id>
<name>Amazon</name>
<link>https://www.goodreads.com/book_link/follow/1</link>
</buy_link>
<buy_link>
<id>10</id>
<name>Audible</name>
<link>https://www.goodreads.com/book_link/follow/10</link>
</buy_link>
<buy_link>
<id>3</id>
<name>Barnes &amp; Noble</name>
<link>https://www.goodreads.com/book_link/follow/3</link>
</buy_link>
<buy_link>
<id>1027</id>
<name>Kobo</name>
<link>https://www.goodreads.com/book_link/follow/1027</link>
</buy_link>
<buy_link>
<id>2102</id>
<name>Apple iBooks</name>
<link>https://www.goodreads.com/book_link/follow/2102</link>
</buy_link>
<buy_link>
<id>8036</id>
<name>Google Play</name>
<link>https://www.goodreads.com/book_link/follow/8036</link>
</buy_link>
<buy_link>
<id>4</id>
<name>Abebooks</name>
<link>https://www.goodreads.com/book_link/follow/4</link>
</buy_link>
<buy_link>
<id>882</id>
<name>Book Depository</name>
<link>https://www.goodreads.com/book_link/follow/882</link>
</buy_link>
<buy_link>
<id>9</id>
<name>Indigo</name>
<link>https://www.goodreads.com/book_link/follow/9</link>
</buy_link>
<buy_link>
<id>2</id>
<name>Half.com</name>
<link>https://www.goodreads.com/book_link/follow/2</link>
</buy_link>
<buy_link>
<id>5</id>
<name>Alibris</name>
<link>https://www.goodreads.com/book_link/follow/5</link>
</buy_link>
<buy_link>
<id>107</id>
<name>Better World Books</name>
<link>https://www.goodreads.com/book_link/follow/107</link>
</buy_link>
<buy_link>
<id>7</id>
<name>IndieBound</name>
<link>https://www.goodreads.com/book_link/follow/7</link>
</buy_link>

  </buy_links>
  <series_works>
    <series_work>
<id>426458</id>
<user_position>1</user_position>
<series>
<id>62152</id>
<title>
<![CDATA[
    Afdeling Q
]]>
</title>
<description>
<![CDATA[
    Aka Department Q (english), Sonderdezernat Q (german), Département V (french).
    
    Carl Mørck, an experienced homicide detective in Department Q, and his assistant Assad, in Copenhagen, Denmark:
    1. The Keeper of Lost Causes (US) / Mercy (UK) / Miséricorde (Fr) 
    2. The Absent One (US) / Disgrace (UK) / Profanation (Fr)
    3. A Conspiracy of Faith (US) / Redemption (UK) / Délivrance (Fr)
    4. The Purity of Vengeance (US) / Guilt (UK) / Dossier 64 (Fr)
    5. The Marco Effect (US) / Buried (UK) / L'effet papillon (Fr)
    6. The Hanging Girl (UK/US) / Promesse (Fr)
    7. Selfies (Fr) / The Scarred Woman (US)
]]>
</description>
<note>
<![CDATA[
]]>
</note>
<series_works_count>7</series_works_count>
<primary_work_count>7</primary_work_count>
<numbered>true</numbered>
</series>

</series_work>

  </series_works>
  <similar_books>
          <book>
<id>6978614</id>
<title><![CDATA[Snow Angels (Inspector Kari Vaara, #1)]]></title>
<title_without_series>Snow Angels</title_without_series>
<link><![CDATA[https://www.goodreads.com/book/show/6978614-snow-angels]]></link>
<small_image_url><![CDATA[https://images.gr-assets.com/books/1255533593s/6978614.jpg]]></small_image_url>
<image_url><![CDATA[https://images.gr-assets.com/books/1255533593m/6978614.jpg]]></image_url>
<num_pages>264</num_pages>
<work>
<id>7219850</id>
</work>
<isbn>0399156178</isbn>
<isbn13>9780399156175</isbn13>
<average_rating>3.68</average_rating>
<ratings_count>3373</ratings_count>
<publication_year>2010</publication_year>
<publication_month>1</publication_month>
<publication_day>7</publication_day>
<authors>
<author>
<id>2114</id>
<name>James Thompson</name>
<link><![CDATA[https://www.goodreads.com/author/show/2114.James_Thompson]]></link>
</author>
</authors>
</book>

          <book>
<id>280346</id>
<title><![CDATA[Don't Look Back (Inspector Konrad Sejer, #2)]]></title>
<title_without_series>Don&apos;t Look Back</title_without_series>
<link><![CDATA[https://www.goodreads.com/book/show/280346.Don_t_Look_Back]]></link>
<small_image_url><![CDATA[https://s.gr-assets.com/assets/nophoto/book/50x75-a91bf249278a81aabab721ef782c4a74.png]]></small_image_url>
<image_url><![CDATA[https://s.gr-assets.com/assets/nophoto/book/111x148-bcc042a9c91a29c1d680899eff700a03.png]]></image_url>
<num_pages></num_pages>
<work>
<id>271942</id>
</work>
<isbn>0156031361</isbn>
<isbn13>9780156031363</isbn13>
<average_rating>3.81</average_rating>
<ratings_count>7994</ratings_count>
<publication_year></publication_year>
<publication_month></publication_month>
<publication_day></publication_day>
<authors>
<author>
<id>163027</id>
<name>Karin Fossum</name>
<link><![CDATA[https://www.goodreads.com/author/show/163027.Karin_Fossum]]></link>
</author>
</authors>
</book>

          <book>
<id>2289516</id>
<title><![CDATA[Mind's Eye (Inspector Van Veeteren #1)]]></title>
<title_without_series>Mind&apos;s Eye</title_without_series>
<link><![CDATA[https://www.goodreads.com/book/show/2289516.Mind_s_Eye]]></link>
<small_image_url><![CDATA[https://images.gr-assets.com/books/1320405442s/2289516.jpg]]></small_image_url>
<image_url><![CDATA[https://images.gr-assets.com/books/1320405442m/2289516.jpg]]></image_url>
<num_pages>278</num_pages>
<work>
<id>2295801</id>
</work>
<isbn>0375425039</isbn>
<isbn13>9780375425035</isbn13>
<average_rating>3.61</average_rating>
<ratings_count>7079</ratings_count>
<publication_year>2008</publication_year>
<publication_month>6</publication_month>
<publication_day>10</publication_day>
<authors>
<author>
<id>161054</id>
<name>Håkan Nesser</name>
<link><![CDATA[https://www.goodreads.com/author/show/161054.H_kan_Nesser]]></link>
</author>
</authors>
</book>

          <book>
<id>7738807</id>
<title><![CDATA[The Shadow Woman (Inspector Winter #2)]]></title>
<title_without_series>The Shadow Woman</title_without_series>
<link><![CDATA[https://www.goodreads.com/book/show/7738807-the-shadow-woman]]></link>
<small_image_url><![CDATA[https://images.gr-assets.com/books/1273845457s/7738807.jpg]]></small_image_url>
<image_url><![CDATA[https://images.gr-assets.com/books/1273845457m/7738807.jpg]]></image_url>
<num_pages>352</num_pages>
<work>
<id>416468</id>
</work>
<isbn>0143117947</isbn>
<isbn13>9780143117940</isbn13>
<average_rating>3.72</average_rating>
<ratings_count>1307</ratings_count>
<publication_year>2010</publication_year>
<publication_month>9</publication_month>
<publication_day>28</publication_day>
<authors>
<author>
<id>72888</id>
<name>Åke Edwardson</name>
<link><![CDATA[https://www.goodreads.com/author/show/72888._ke_Edwardson]]></link>
</author>
</authors>
</book>

          <book>
<id>3235328</id>
<title><![CDATA[Echoes from the Dead (The Öland Quartet, #1)]]></title>
<title_without_series>Echoes from the Dead</title_without_series>
<link><![CDATA[https://www.goodreads.com/book/show/3235328-echoes-from-the-dead]]></link>
<small_image_url><![CDATA[https://s.gr-assets.com/assets/nophoto/book/50x75-a91bf249278a81aabab721ef782c4a74.png]]></small_image_url>
<image_url><![CDATA[https://s.gr-assets.com/assets/nophoto/book/111x148-bcc042a9c91a29c1d680899eff700a03.png]]></image_url>
<num_pages>400</num_pages>
<work>
<id>3269806</id>
</work>
<isbn>0385342217</isbn>
<isbn13>9780385342216</isbn13>
<average_rating>3.82</average_rating>
<ratings_count>5412</ratings_count>
<publication_year>2008</publication_year>
<publication_month>11</publication_month>
<publication_day>25</publication_day>
<authors>
<author>
<id>1373542</id>
<name>Johan Theorin</name>
<link><![CDATA[https://www.goodreads.com/author/show/1373542.Johan_Theorin]]></link>
</author>
</authors>
</book>

          <book>
<id>280366</id>
<title><![CDATA[Jar City (Inspector Erlendur, #3)]]></title>
<title_without_series>Jar City</title_without_series>
<link><![CDATA[https://www.goodreads.com/book/show/280366.Jar_City]]></link>
<small_image_url><![CDATA[https://images.gr-assets.com/books/1316129835s/280366.jpg]]></small_image_url>
<image_url><![CDATA[https://images.gr-assets.com/books/1316129835m/280366.jpg]]></image_url>
<num_pages>275</num_pages>
<work>
<id>1127182</id>
</work>
<isbn>0312340702</isbn>
<isbn13>9780312340704</isbn13>
<average_rating>3.80</average_rating>
<ratings_count>16056</ratings_count>
<publication_year>2005</publication_year>
<publication_month>10</publication_month>
<publication_day>1</publication_day>
<authors>
<author>
<id>6861265</id>
<name>Arnaldur Indriðason</name>
<link><![CDATA[https://www.goodreads.com/author/show/6861265.Arnaldur_Indri_ason]]></link>
</author>
</authors>
</book>

          <book>
<id>571526</id>
<title>The Torso (Inspector Huss #3)</title>
<title_without_series>The Torso</title_without_series>
<link><![CDATA[https://www.goodreads.com/book/show/571526.The_Torso]]></link>
<small_image_url><![CDATA[https://images.gr-assets.com/books/1333580303s/571526.jpg]]></small_image_url>
<image_url><![CDATA[https://images.gr-assets.com/books/1333580303m/571526.jpg]]></image_url>
<num_pages></num_pages>
<work>
<id>1567580</id>
</work>
<isbn>1569474532</isbn>
<isbn13>9781569474532</isbn13>
<average_rating>3.81</average_rating>
<ratings_count>1936</ratings_count>
<publication_year></publication_year>
<publication_month></publication_month>
<publication_day></publication_day>
<authors>
<author>
<id>283238</id>
<name>Helene Tursten</name>
<link><![CDATA[https://www.goodreads.com/author/show/283238.Helene_Tursten]]></link>
</author>
</authors>
</book>

          <book>
<id>6225184</id>
<title>Dinosaurens fjer</title>
<title_without_series>Dinosaurens fjer</title_without_series>
<link><![CDATA[https://www.goodreads.com/book/show/6225184-dinosaurens-fjer]]></link>
<small_image_url><![CDATA[https://s.gr-assets.com/assets/nophoto/book/50x75-a91bf249278a81aabab721ef782c4a74.png]]></small_image_url>
<image_url><![CDATA[https://s.gr-assets.com/assets/nophoto/book/111x148-bcc042a9c91a29c1d680899eff700a03.png]]></image_url>
<num_pages>447</num_pages>
<work>
<id>6022478</id>
</work>
<isbn></isbn>
<isbn13>9788703032726</isbn13>
<average_rating>3.42</average_rating>
<ratings_count>2438</ratings_count>
<publication_year>2008</publication_year>
<publication_month></publication_month>
<publication_day></publication_day>
<authors>
<author>
<id>1669662</id>
<name>Sissel-Jo Gazan</name>
<link><![CDATA[https://www.goodreads.com/author/show/1669662.Sissel_Jo_Gazan]]></link>
</author>
</authors>
</book>

          <book>
<id>3522419</id>
<title>Nemesis (Harry Hole, #4)</title>
<title_without_series>Nemesis</title_without_series>
<link><![CDATA[https://www.goodreads.com/book/show/3522419-nemesis]]></link>
<small_image_url><![CDATA[https://images.gr-assets.com/books/1327312660s/3522419.jpg]]></small_image_url>
<image_url><![CDATA[https://images.gr-assets.com/books/1327312660m/3522419.jpg]]></image_url>
<num_pages>480</num_pages>
<work>
<id>3023538</id>
</work>
<isbn>0061655503</isbn>
<isbn13>9780061655500</isbn13>
<average_rating>3.97</average_rating>
<ratings_count>39177</ratings_count>
<publication_year>2009</publication_year>
<publication_month>1</publication_month>
<publication_day>1</publication_day>
<authors>
<author>
<id>904719</id>
<name>Jo Nesbø</name>
<link><![CDATA[https://www.goodreads.com/author/show/904719.Jo_Nesb_]]></link>
</author>
</authors>
</book>

          <book>
<id>1443159</id>
<title>Misterioso (A-gruppen, #1)</title>
<title_without_series>Misterioso</title_without_series>
<link><![CDATA[https://www.goodreads.com/book/show/1443159.Misterioso]]></link>
<small_image_url><![CDATA[https://images.gr-assets.com/books/1410379967s/1443159.jpg]]></small_image_url>
<image_url><![CDATA[https://images.gr-assets.com/books/1410379967m/1443159.jpg]]></image_url>
<num_pages>352</num_pages>
<work>
<id>1433799</id>
</work>
<isbn>3492239927</isbn>
<isbn13>9783492239929</isbn13>
<average_rating>3.65</average_rating>
<ratings_count>2910</ratings_count>
<publication_year>2003</publication_year>
<publication_month>11</publication_month>
<publication_day>1</publication_day>
<authors>
<author>
<id>678217</id>
<name>Arne Dahl</name>
<link><![CDATA[https://www.goodreads.com/author/show/678217.Arne_Dahl]]></link>
</author>
</authors>
</book>

          <book>
<id>39799</id>
<title><![CDATA[One Step Behind  (Kurt Wallander, #7)]]></title>
<title_without_series>One Step Behind</title_without_series>
<link><![CDATA[https://www.goodreads.com/book/show/39799.One_Step_Behind]]></link>
<small_image_url><![CDATA[https://s.gr-assets.com/assets/nophoto/book/50x75-a91bf249278a81aabab721ef782c4a74.png]]></small_image_url>
<image_url><![CDATA[https://s.gr-assets.com/assets/nophoto/book/111x148-bcc042a9c91a29c1d680899eff700a03.png]]></image_url>
<num_pages>450</num_pages>
<work>
<id>1428663</id>
</work>
<isbn>0099448874</isbn>
<isbn13>9780099448877</isbn13>
<average_rating>4.08</average_rating>
<ratings_count>13183</ratings_count>
<publication_year>2003</publication_year>
<publication_month>4</publication_month>
<publication_day>3</publication_day>
<authors>
<author>
<id>22339</id>
<name>Henning Mankell</name>
<link><![CDATA[https://www.goodreads.com/author/show/22339.Henning_Mankell]]></link>
</author>
</authors>
</book>

          <book>
<id>13399107</id>
<title><![CDATA[Lärjungen  (Sebastian Bergman, #2)]]></title>
<title_without_series>Lärjungen</title_without_series>
<link><![CDATA[https://www.goodreads.com/book/show/13399107-l-rjungen]]></link>
<small_image_url><![CDATA[https://images.gr-assets.com/books/1340453305s/13399107.jpg]]></small_image_url>
<image_url><![CDATA[https://images.gr-assets.com/books/1340453305m/13399107.jpg]]></image_url>
<num_pages>494</num_pages>
<work>
<id>18630674</id>
</work>
<isbn>9113033980</isbn>
<isbn13>9789113033983</isbn13>
<average_rating>4.06</average_rating>
<ratings_count>2353</ratings_count>
<publication_year>2011</publication_year>
<publication_month>8</publication_month>
<publication_day></publication_day>
<authors>
<author>
<id>4372984</id>
<name>Michael Hjorth</name>
<link><![CDATA[https://www.goodreads.com/author/show/4372984.Michael_Hjorth]]></link>
</author>
</authors>
</book>

  </similar_books>
</book>

</GoodreadsResponse>