<?xml version="1.0" encoding="UTF-8"?>
<GoodreadsResponse>
  <Request>
    <authentication>true</authentication>
      <key><![CDATA[all_men_must_serve]]></key>
    <method><![CDATA[book_show]]></method>
  </Request>
  <book>
  <id>10836</id>
  <title><![CDATA[Che Guevara: A Revolutionary Life]]></title>
  <isbn><![CDATA[0802135587]]></isbn>
  <isbn13><![CDATA[9780802135582]]></isbn13>
  <asin><![CDATA[]]></asin>
  <kindle_asin><![CDATA[]]></kindle_asin>
  <marketplace_id><![CDATA[]]></marketplace_id>
  <country_code><![CDATA[GB]]></country_code>
  <image_url>https://s.gr-assets.com/assets/nophoto/book/111x148-bcc042a9c91a29c1d680899eff700a03.png</image_url>
  <small_image_url>https://s.gr-assets.com/assets/nophoto/book/50x75-a91bf249278a81aabab721ef782c4a74.png</small_image_url>
  <publication_year>1998</publication_year>
  <publication_month>3</publication_month>
  <publication_day>9</publication_day>
  <publisher>Grove Press (NYC)</publisher>
  <language_code>eng</language_code>
  <is_ebook>false</is_ebook>
  <description><![CDATA[From the back of the book:<br /><br />"Acclaimed around the world and a national best-seller, this is the definitive work on Che Guevara, the dashing rebel whose epic dream was to end poverty and injustice in Latin America and the developing world through armed revelation. Jon Lee Anderson's biography traces Che's extraordinary life, from his comfortable Argentine upbringing to the battlefields of the Cuban revolution, from the halls of power in Castro's government to his failed campaign in the Congo and assassination in the Bolivian Jungle.<br /><br />Anderson has had unprecedented access to the personal archives maintained by Guevara's window and carefully guarded Cuban government documents. He has conducted extensive interviews with Che's comarades-some of whom speak here for the first time-and with CIA men and Bolivian officers who hunted him down. Anderson broke the story of where Guevara's body was buried, which led to the exhumation and stat burial of the bones. Many of the details of Che's life have long been cloaked in secrecy and intrigue. Meticulously researched and full of exclusive information, Che Guevara illuminates as never before this mythic figure who embodied the high-water mark of revolutionary communism as a force in history."]]></description>
  <work>
  <id type="integer">3455</id>
  <books_count type="integer">44</books_count>
  <best_book_id type="integer">10836</best_book_id>
  <reviews_count type="integer">33610</reviews_count>
  <ratings_sum type="integer">58148</ratings_sum>
  <ratings_count type="integer">14178</ratings_count>
  <text_reviews_count type="integer">540</text_reviews_count>
  <original_publication_year type="integer">1997</original_publication_year>
  <original_publication_month type="integer" nil="true"/>
  <original_publication_day type="integer" nil="true"/>
  <original_title>Che Guevara: A Revolutionary Life</original_title>
  <original_language_id type="integer" nil="true"/>
  <media_type>book</media_type>
  <rating_dist>5:5781|4:5123|3:2502|2:473|1:299|total:14178</rating_dist>
  <desc_user_id type="integer">55623662</desc_user_id>
  <default_chaptering_book_id type="integer" nil="true"/>
  <default_description_language_code nil="true"/>
</work>
  <average_rating>4.10</average_rating>
  <num_pages><![CDATA[814]]></num_pages>
  <format><![CDATA[Paperback]]></format>
  <edition_information><![CDATA[]]></edition_information>
  <ratings_count><![CDATA[13523]]></ratings_count>
  <text_reviews_count><![CDATA[470]]></text_reviews_count>
  <url><![CDATA[https://www.goodreads.com/book/show/10836.Che_Guevara]]></url>
  <link><![CDATA[https://www.goodreads.com/book/show/10836.Che_Guevara]]></link>
  <authors>
<author>
<id>7077</id>
<name>Jon Lee Anderson</name>
<role></role>
<image_url nophoto='false'>
<![CDATA[https://images.gr-assets.com/authors/1287461035p5/7077.jpg]]>
</image_url>
<small_image_url nophoto='false'>
<![CDATA[https://images.gr-assets.com/authors/1287461035p2/7077.jpg]]>
</small_image_url>
<link><![CDATA[https://www.goodreads.com/author/show/7077.Jon_Lee_Anderson]]></link>
<average_rating>4.10</average_rating>
<ratings_count>15499</ratings_count>
<text_reviews_count>624</text_reviews_count>
</author>
</authors>

    <reviews_widget>
      <![CDATA[
        <style>
  #goodreads-widget {
    font-family: georgia, serif;
    padding: 18px 0;
    width:565px;
  }
  #goodreads-widget h1 {
    font-weight:normal;
    font-size: 16px;
    border-bottom: 1px solid #BBB596;
    margin-bottom: 0;
  }
  #goodreads-widget a {
    text-decoration: none;
    color:#660;
  }
  iframe{
    background-color: #fff;
  }
  #goodreads-widget a:hover { text-decoration: underline; }
  #goodreads-widget a:active {
    color:#660;
  }
  #gr_footer {
    width: 100%;
    border-top: 1px solid #BBB596;
    text-align: right;
  }
  #goodreads-widget .gr_branding{
    color: #382110;
    font-size: 11px;
    text-decoration: none;
    font-family: "Helvetica Neue", Helvetica, Arial, sans-serif;
  }
</style>
<div id="goodreads-widget">
  <div id="gr_header"><h1><a rel="nofollow" href="https://www.goodreads.com/book/show/10836.Che_Guevara">Che Guevara Reviews</a></h1></div>
  <iframe id="the_iframe" src="https://www.goodreads.com/api/reviews_widget_iframe?did=DEVELOPER_ID&amp;format=html&amp;isbn=0802135587&amp;links=660&amp;min_rating=&amp;review_back=fff&amp;stars=000&amp;text=000" width="565" height="400" frameborder="0"></iframe>
  <div id="gr_footer">
    <a class="gr_branding" target="_blank" rel="nofollow" href="https://www.goodreads.com/book/show/10836.Che_Guevara?utm_medium=api&amp;utm_source=reviews_widget">Reviews from Goodreads.com</a>
  </div>
</div>

      ]]>
    </reviews_widget>
  <popular_shelves>
      <shelf name="currently-reading" count="775"/>
      <shelf name="to-read" count="518"/>
      <shelf name="biography" count="367"/>
      <shelf name="history" count="278"/>
      <shelf name="non-fiction" count="226"/>
      <shelf name="politics" count="85"/>
      <shelf name="biographies" count="81"/>
      <shelf name="nonfiction" count="74"/>
      <shelf name="favorites" count="58"/>
      <shelf name="latin-america" count="57"/>
      <shelf name="cuba" count="47"/>
      <shelf name="biography-memoir" count="34"/>
      <shelf name="war" count="25"/>
      <shelf name="philosophy" count="16"/>
      <shelf name="political" count="16"/>
      <shelf name="south-america" count="15"/>
      <shelf name="books-i-own" count="15"/>
      <shelf name="communism" count="14"/>
      <shelf name="argentina" count="14"/>
      <shelf name="audiobook" count="14"/>
      <shelf name="military" count="13"/>
      <shelf name="bio" count="13"/>
      <shelf name="default" count="11"/>
      <shelf name="historical" count="11"/>
      <shelf name="biographical" count="11"/>
      <shelf name="library" count="10"/>
      <shelf name="kindle" count="10"/>
      <shelf name="to-buy" count="10"/>
      <shelf name="audible" count="9"/>
      <shelf name="history-biography" count="9"/>
      <shelf name="che-guevara" count="9"/>
      <shelf name="biography-autobiography" count="9"/>
      <shelf name="revolution" count="8"/>
      <shelf name="unfinished" count="8"/>
      <shelf name="audiobooks" count="8"/>
      <shelf name="biography-memoirs" count="8"/>
      <shelf name="books" count="8"/>
      <shelf name="socialism" count="8"/>
      <shelf name="autobiography" count="7"/>
      <shelf name="20th-century" count="7"/>
      <shelf name="cold-war" count="7"/>
      <shelf name="abandoned" count="7"/>
      <shelf name="501-must-read-books" count="7"/>
      <shelf name="revolutionary" count="6"/>
      <shelf name="owned-books" count="6"/>
      <shelf name="travel" count="6"/>
      <shelf name="che" count="6"/>
      <shelf name="latin-american-history" count="6"/>
      <shelf name="marxism" count="6"/>
      <shelf name="memoir-biography" count="6"/>
      <shelf name="america" count="5"/>
      <shelf name="mexico" count="5"/>
      <shelf name="bio-memoir" count="5"/>
      <shelf name="latin-american" count="5"/>
      <shelf name="to-read-non-fiction" count="4"/>
      <shelf name="wish-list" count="4"/>
      <shelf name="home-library" count="4"/>
      <shelf name="spanish" count="4"/>
      <shelf name="did-not-finish" count="4"/>
      <shelf name="audio-books" count="4"/>
      <shelf name="e-book" count="4"/>
      <shelf name="to-get" count="4"/>
      <shelf name="to-read-nonfiction" count="4"/>
      <shelf name="history-politics" count="4"/>
      <shelf name="biographies-memoirs" count="4"/>
      <shelf name="auto-biography" count="4"/>
      <shelf name="biography-autobiography-memoir" count="4"/>
      <shelf name="autobiography-biography-memoir" count="4"/>
      <shelf name="classic" count="4"/>
      <shelf name="memoirs" count="4"/>
      <shelf name="must-read" count="4"/>
      <shelf name="favourites" count="4"/>
      <shelf name="have" count="4"/>
      <shelf name="bios" count="4"/>
      <shelf name="my-library" count="3"/>
      <shelf name="world-history" count="3"/>
      <shelf name="adventure" count="3"/>
      <shelf name="male-authors" count="3"/>
      <shelf name="memoir" count="3"/>
      <shelf name="people" count="3"/>
      <shelf name="on-hold" count="3"/>
      <shelf name="books-i-have" count="3"/>
      <shelf name="ebooks" count="3"/>
      <shelf name="books-owned" count="3"/>
      <shelf name="race" count="3"/>
      <shelf name="american" count="3"/>
      <shelf name="biography-history" count="3"/>
      <shelf name="to-read-history" count="3"/>
      <shelf name="guerrilla-warfare" count="3"/>
      <shelf name="bolivia" count="3"/>
      <shelf name="memoirs-and-biographies" count="3"/>
      <shelf name="economics" count="3"/>
      <shelf name="capitalism" count="3"/>
      <shelf name="biography-and-autobiography" count="3"/>
      <shelf name="501" count="3"/>
      <shelf name="latin" count="3"/>
      <shelf name="social-commentary" count="3"/>
      <shelf name="guevara" count="3"/>
      <shelf name="at-library" count="3"/>
      <shelf name="memoirs-biographies" count="3"/>
  </popular_shelves>
  <book_links>
    <book_link>
  <id>8</id>
  <name>Libraries</name>
  <link>https://www.goodreads.com/book_link/follow/8</link>
</book_link>

  </book_links>
  <buy_links>
    <buy_link>
<id>1</id>
<name>Amazon</name>
<link>https://www.goodreads.com/book_link/follow/1</link>
</buy_link>
<buy_link>
<id>10</id>
<name>Audible</name>
<link>https://www.goodreads.com/book_link/follow/10</link>
</buy_link>
<buy_link>
<id>3</id>
<name>Barnes &amp; Noble</name>
<link>https://www.goodreads.com/book_link/follow/3</link>
</buy_link>
<buy_link>
<id>1027</id>
<name>Kobo</name>
<link>https://www.goodreads.com/book_link/follow/1027</link>
</buy_link>
<buy_link>
<id>2102</id>
<name>Apple iBooks</name>
<link>https://www.goodreads.com/book_link/follow/2102</link>
</buy_link>
<buy_link>
<id>8036</id>
<name>Google Play</name>
<link>https://www.goodreads.com/book_link/follow/8036</link>
</buy_link>
<buy_link>
<id>4</id>
<name>Abebooks</name>
<link>https://www.goodreads.com/book_link/follow/4</link>
</buy_link>
<buy_link>
<id>882</id>
<name>Book Depository</name>
<link>https://www.goodreads.com/book_link/follow/882</link>
</buy_link>
<buy_link>
<id>9</id>
<name>Indigo</name>
<link>https://www.goodreads.com/book_link/follow/9</link>
</buy_link>
<buy_link>
<id>2</id>
<name>Half.com</name>
<link>https://www.goodreads.com/book_link/follow/2</link>
</buy_link>
<buy_link>
<id>5</id>
<name>Alibris</name>
<link>https://www.goodreads.com/book_link/follow/5</link>
</buy_link>
<buy_link>
<id>107</id>
<name>Better World Books</name>
<link>https://www.goodreads.com/book_link/follow/107</link>
</buy_link>
<buy_link>
<id>7</id>
<name>IndieBound</name>
<link>https://www.goodreads.com/book_link/follow/7</link>
</buy_link>

  </buy_links>
  <series_works>
    
  </series_works>
  <similar_books>
          <book>
<id>10842</id>
<title><![CDATA[Compañero: The Life and Death of Che Guevara]]></title>
<title_without_series><![CDATA[Compañero: The Life and Death of Che Guevara]]></title_without_series>
<link><![CDATA[https://www.goodreads.com/book/show/10842.Compa_ero]]></link>
<small_image_url><![CDATA[https://images.gr-assets.com/books/1320510550s/10842.jpg]]></small_image_url>
<image_url><![CDATA[https://images.gr-assets.com/books/1320510550m/10842.jpg]]></image_url>
<num_pages>496</num_pages>
<work>
<id>13455</id>
</work>
<isbn>0679759409</isbn>
<isbn13>9780679759409</isbn13>
<average_rating>3.94</average_rating>
<ratings_count>1006</ratings_count>
<publication_year>1998</publication_year>
<publication_month>10</publication_month>
<publication_day>27</publication_day>
<authors>
<author>
<id>830063</id>
<name>Jorge G. Castañeda</name>
<link><![CDATA[https://www.goodreads.com/author/show/830063.Jorge_G_Casta_eda]]></link>
</author>
</authors>
</book>

          <book>
<id>5831664</id>
<title><![CDATA[Fidel and Che: A Revolutionary Friendship]]></title>
<title_without_series><![CDATA[Fidel and Che: A Revolutionary Friendship]]></title_without_series>
<link><![CDATA[https://www.goodreads.com/book/show/5831664-fidel-and-che]]></link>
<small_image_url><![CDATA[https://images.gr-assets.com/books/1312048264s/5831664.jpg]]></small_image_url>
<image_url><![CDATA[https://images.gr-assets.com/books/1312048264m/5831664.jpg]]></image_url>
<num_pages>431</num_pages>
<work>
<id>6003799</id>
</work>
<isbn>0802715737</isbn>
<isbn13>9780802715739</isbn13>
<average_rating>3.95</average_rating>
<ratings_count>367</ratings_count>
<publication_year></publication_year>
<publication_month></publication_month>
<publication_day></publication_day>
<authors>
<author>
<id>2642251</id>
<name>Simon Reid-Henry</name>
<link><![CDATA[https://www.goodreads.com/author/show/2642251.Simon_Reid_Henry]]></link>
</author>
</authors>
</book>

          <book>
<id>342605</id>
<title><![CDATA[Back on the Road (Otra Vez): A Journey Through Latin America]]></title>
<title_without_series><![CDATA[Back on the Road (Otra Vez): A Journey Through Latin America]]></title_without_series>
<link><![CDATA[https://www.goodreads.com/book/show/342605.Back_on_the_Road_Otra_Vez_]]></link>
<small_image_url><![CDATA[https://s.gr-assets.com/assets/nophoto/book/50x75-a91bf249278a81aabab721ef782c4a74.png]]></small_image_url>
<image_url><![CDATA[https://s.gr-assets.com/assets/nophoto/book/111x148-bcc042a9c91a29c1d680899eff700a03.png]]></image_url>
<num_pages>160</num_pages>
<work>
<id>1413808</id>
</work>
<isbn>0802139426</isbn>
<isbn13>9780802139429</isbn13>
<average_rating>3.73</average_rating>
<ratings_count>503</ratings_count>
<publication_year>2002</publication_year>
<publication_month>9</publication_month>
<publication_day>17</publication_day>
<authors>
<author>
<id>76172</id>
<name>Ernesto Che Guevara</name>
<link><![CDATA[https://www.goodreads.com/author/show/76172.Ernesto_Che_Guevara]]></link>
</author>
</authors>
</book>

          <book>
<id>1757027</id>
<title><![CDATA[My Life: A Spoken Autobiography]]></title>
<title_without_series><![CDATA[My Life: A Spoken Autobiography]]></title_without_series>
<link><![CDATA[https://www.goodreads.com/book/show/1757027.My_Life]]></link>
<small_image_url><![CDATA[https://s.gr-assets.com/assets/nophoto/book/50x75-a91bf249278a81aabab721ef782c4a74.png]]></small_image_url>
<image_url><![CDATA[https://s.gr-assets.com/assets/nophoto/book/111x148-bcc042a9c91a29c1d680899eff700a03.png]]></image_url>
<num_pages>724</num_pages>
<work>
<id>1754899</id>
</work>
<isbn>1416553282</isbn>
<isbn13>9781416553281</isbn13>
<average_rating>4.12</average_rating>
<ratings_count>1831</ratings_count>
<publication_year></publication_year>
<publication_month></publication_month>
<publication_day></publication_day>
<authors>
<author>
<id>66099</id>
<name>Fidel Castro</name>
<link><![CDATA[https://www.goodreads.com/author/show/66099.Fidel_Castro]]></link>
</author>
</authors>
</book>

          <book>
<id>445683</id>
<title><![CDATA[Traveling With Che Guevara: The Making of a Revolutionary]]></title>
<title_without_series><![CDATA[Traveling With Che Guevara: The Making of a Revolutionary]]></title_without_series>
<link><![CDATA[https://www.goodreads.com/book/show/445683.Traveling_With_Che_Guevara]]></link>
<small_image_url><![CDATA[https://images.gr-assets.com/books/1328756420s/445683.jpg]]></small_image_url>
<image_url><![CDATA[https://images.gr-assets.com/books/1328756420m/445683.jpg]]></image_url>
<num_pages>248</num_pages>
<work>
<id>434390</id>
</work>
<isbn>1557046395</isbn>
<isbn13>9781557046390</isbn13>
<average_rating>3.82</average_rating>
<ratings_count>481</ratings_count>
<publication_year>2004</publication_year>
<publication_month>9</publication_month>
<publication_day>2</publication_day>
<authors>
<author>
<id>250567</id>
<name>Alberto Granado</name>
<link><![CDATA[https://www.goodreads.com/author/show/250567.Alberto_Granado]]></link>
</author>
</authors>
</book>

          <book>
<id>2190033</id>
<title><![CDATA[Forgotten Continent: The Battle for Latin America's Soul]]></title>
<title_without_series><![CDATA[Forgotten Continent: The Battle for Latin America's Soul]]></title_without_series>
<link><![CDATA[https://www.goodreads.com/book/show/2190033.Forgotten_Continent]]></link>
<small_image_url><![CDATA[https://s.gr-assets.com/assets/nophoto/book/50x75-a91bf249278a81aabab721ef782c4a74.png]]></small_image_url>
<image_url><![CDATA[https://s.gr-assets.com/assets/nophoto/book/111x148-bcc042a9c91a29c1d680899eff700a03.png]]></image_url>
<num_pages>400</num_pages>
<work>
<id>2195752</id>
</work>
<isbn>0300116160</isbn>
<isbn13>9780300116168</isbn13>
<average_rating>3.70</average_rating>
<ratings_count>194</ratings_count>
<publication_year>2008</publication_year>
<publication_month>1</publication_month>
<publication_day>3</publication_day>
<authors>
<author>
<id>166163</id>
<name>Michael Reid</name>
<link><![CDATA[https://www.goodreads.com/author/show/166163.Michael_Reid]]></link>
</author>
</authors>
</book>

          <book>
<id>9746</id>
<title>Mao: The Unknown Story</title>
<title_without_series>Mao: The Unknown Story</title_without_series>
<link><![CDATA[https://www.goodreads.com/book/show/9746.Mao]]></link>
<small_image_url><![CDATA[https://s.gr-assets.com/assets/nophoto/book/50x75-a91bf249278a81aabab721ef782c4a74.png]]></small_image_url>
<image_url><![CDATA[https://s.gr-assets.com/assets/nophoto/book/111x148-bcc042a9c91a29c1d680899eff700a03.png]]></image_url>
<num_pages>801</num_pages>
<work>
<id>1879340</id>
</work>
<isbn>0679746323</isbn>
<isbn13>9780679746324</isbn13>
<average_rating>3.79</average_rating>
<ratings_count>7466</ratings_count>
<publication_year>2006</publication_year>
<publication_month>11</publication_month>
<publication_day>14</publication_day>
<authors>
<author>
<id>1237</id>
<name>Jung Chang</name>
<link><![CDATA[https://www.goodreads.com/author/show/1237.Jung_Chang]]></link>
</author>
</authors>
</book>

          <book>
<id>504899</id>
<title><![CDATA[The Americas: A Hemispheric History]]></title>
<title_without_series><![CDATA[The Americas: A Hemispheric History]]></title_without_series>
<link><![CDATA[https://www.goodreads.com/book/show/504899.The_Americas]]></link>
<small_image_url><![CDATA[https://images.gr-assets.com/books/1320487601s/504899.jpg]]></small_image_url>
<image_url><![CDATA[https://images.gr-assets.com/books/1320487601m/504899.jpg]]></image_url>
<num_pages>256</num_pages>
<work>
<id>1381008</id>
</work>
<isbn>0812975545</isbn>
<isbn13>9780812975543</isbn13>
<average_rating>3.31</average_rating>
<ratings_count>140</ratings_count>
<publication_year>2006</publication_year>
<publication_month>1</publication_month>
<publication_day>17</publication_day>
<authors>
<author>
<id>3314630</id>
<name>Felipe Fernández-Armesto</name>
<link><![CDATA[https://www.goodreads.com/author/show/3314630.Felipe_Fern_ndez_Armesto]]></link>
</author>
</authors>
</book>

          <book>
<id>2433911</id>
<title><![CDATA[Americanos: Latin America's Struggle for Independence]]></title>
<title_without_series><![CDATA[Americanos: Latin America's Struggle for Independence]]></title_without_series>
<link><![CDATA[https://www.goodreads.com/book/show/2433911.Americanos]]></link>
<small_image_url><![CDATA[https://s.gr-assets.com/assets/nophoto/book/50x75-a91bf249278a81aabab721ef782c4a74.png]]></small_image_url>
<image_url><![CDATA[https://s.gr-assets.com/assets/nophoto/book/111x148-bcc042a9c91a29c1d680899eff700a03.png]]></image_url>
<num_pages>218</num_pages>
<work>
<id>2441099</id>
</work>
<isbn>0195178815</isbn>
<isbn13>9780195178814</isbn13>
<average_rating>3.41</average_rating>
<ratings_count>119</ratings_count>
<publication_year>2008</publication_year>
<publication_month>1</publication_month>
<publication_day>28</publication_day>
<authors>
<author>
<id>26769</id>
<name>John Charles Chasteen</name>
<link><![CDATA[https://www.goodreads.com/author/show/26769.John_Charles_Chasteen]]></link>
</author>
</authors>
</book>

          <book>
<id>830004</id>
<title>The Massacre at El Mozote</title>
<title_without_series>The Massacre at El Mozote</title_without_series>
<link><![CDATA[https://www.goodreads.com/book/show/830004.The_Massacre_at_El_Mozote]]></link>
<small_image_url><![CDATA[https://images.gr-assets.com/books/1328473737s/830004.jpg]]></small_image_url>
<image_url><![CDATA[https://images.gr-assets.com/books/1328473737m/830004.jpg]]></image_url>
<num_pages>320</num_pages>
<work>
<id>246049</id>
</work>
<isbn>067975525X</isbn>
<isbn13>9780679755258</isbn13>
<average_rating>4.09</average_rating>
<ratings_count>1009</ratings_count>
<publication_year>1994</publication_year>
<publication_month>4</publication_month>
<publication_day>5</publication_day>
<authors>
<author>
<id>148384</id>
<name>Mark Danner</name>
<link><![CDATA[https://www.goodreads.com/author/show/148384.Mark_Danner]]></link>
</author>
</authors>
</book>

          <book>
<id>15802011</id>
<title>Bolivar: American Liberator</title>
<title_without_series>Bolivar: American Liberator</title_without_series>
<link><![CDATA[https://www.goodreads.com/book/show/15802011-bolivar]]></link>
<small_image_url><![CDATA[https://s.gr-assets.com/assets/nophoto/book/50x75-a91bf249278a81aabab721ef782c4a74.png]]></small_image_url>
<image_url><![CDATA[https://s.gr-assets.com/assets/nophoto/book/111x148-bcc042a9c91a29c1d680899eff700a03.png]]></image_url>
<num_pages></num_pages>
<work>
<id>21525406</id>
</work>
<isbn>1439110190</isbn>
<isbn13>9781439110195</isbn13>
<average_rating>4.09</average_rating>
<ratings_count>961</ratings_count>
<publication_year></publication_year>
<publication_month></publication_month>
<publication_day></publication_day>
<authors>
<author>
<id>47320</id>
<name>Marie Arana</name>
<link><![CDATA[https://www.goodreads.com/author/show/47320.Marie_Arana]]></link>
</author>
</authors>
</book>

          <book>
<id>14813</id>
<title><![CDATA[Our Word is Our Weapon: Selected Writings]]></title>
<title_without_series><![CDATA[Our Word is Our Weapon: Selected Writings]]></title_without_series>
<link><![CDATA[https://www.goodreads.com/book/show/14813.Our_Word_is_Our_Weapon]]></link>
<small_image_url><![CDATA[https://s.gr-assets.com/assets/nophoto/book/50x75-a91bf249278a81aabab721ef782c4a74.png]]></small_image_url>
<image_url><![CDATA[https://s.gr-assets.com/assets/nophoto/book/111x148-bcc042a9c91a29c1d680899eff700a03.png]]></image_url>
<num_pages>456</num_pages>
<work>
<id>16817</id>
</work>
<isbn>1583224726</isbn>
<isbn13>9781583224724</isbn13>
<average_rating>4.41</average_rating>
<ratings_count>561</ratings_count>
<publication_year>2002</publication_year>
<publication_month>5</publication_month>
<publication_day>7</publication_day>
<authors>
<author>
<id>9267</id>
<name>Subcomandante Marcos</name>
<link><![CDATA[https://www.goodreads.com/author/show/9267.Subcomandante_Marcos]]></link>
</author>
</authors>
</book>

          <book>
<id>17859206</id>
<title>Che on My Mind</title>
<title_without_series>Che on My Mind</title_without_series>
<link><![CDATA[https://www.goodreads.com/book/show/17859206-che-on-my-mind]]></link>
<small_image_url><![CDATA[https://images.gr-assets.com/books/1368426642s/17859206.jpg]]></small_image_url>
<image_url><![CDATA[https://images.gr-assets.com/books/1368426642m/17859206.jpg]]></image_url>
<num_pages>160</num_pages>
<work>
<id>25001874</id>
</work>
<isbn>0822355922</isbn>
<isbn13>9780822355922</isbn13>
<average_rating>3.76</average_rating>
<ratings_count>37</ratings_count>
<publication_year>2013</publication_year>
<publication_month>9</publication_month>
<publication_day>24</publication_day>
<authors>
<author>
<id>28970</id>
<name>Margaret Randall</name>
<link><![CDATA[https://www.goodreads.com/author/show/28970.Margaret_Randall]]></link>
</author>
</authors>
</book>

          <book>
<id>564927</id>
<title>Ho Chi Minh: A Life</title>
<title_without_series>Ho Chi Minh: A Life</title_without_series>
<link><![CDATA[https://www.goodreads.com/book/show/564927.Ho_Chi_Minh]]></link>
<small_image_url><![CDATA[https://s.gr-assets.com/assets/nophoto/book/50x75-a91bf249278a81aabab721ef782c4a74.png]]></small_image_url>
<image_url><![CDATA[https://s.gr-assets.com/assets/nophoto/book/111x148-bcc042a9c91a29c1d680899eff700a03.png]]></image_url>
<num_pages>695</num_pages>
<work>
<id>552040</id>
</work>
<isbn>078688701X</isbn>
<isbn13>9780786887019</isbn13>
<average_rating>4.02</average_rating>
<ratings_count>503</ratings_count>
<publication_year>2001</publication_year>
<publication_month>11</publication_month>
<publication_day>28</publication_day>
<authors>
<author>
<id>68831</id>
<name>William J. Duiker</name>
<link><![CDATA[https://www.goodreads.com/author/show/68831.William_J_Duiker]]></link>
</author>
</authors>
</book>

          <book>
<id>184654</id>
<title><![CDATA[The Prophet Armed: Trotsky, 1879-1921]]></title>
<title_without_series><![CDATA[The Prophet Armed: Trotsky, 1879-1921]]></title_without_series>
<link><![CDATA[https://www.goodreads.com/book/show/184654.The_Prophet_Armed]]></link>
<small_image_url><![CDATA[https://s.gr-assets.com/assets/nophoto/book/50x75-a91bf249278a81aabab721ef782c4a74.png]]></small_image_url>
<image_url><![CDATA[https://s.gr-assets.com/assets/nophoto/book/111x148-bcc042a9c91a29c1d680899eff700a03.png]]></image_url>
<num_pages>504</num_pages>
<work>
<id>2015560</id>
</work>
<isbn>1859844413</isbn>
<isbn13>9781859844410</isbn13>
<average_rating>4.29</average_rating>
<ratings_count>665</ratings_count>
<publication_year>2004</publication_year>
<publication_month>1</publication_month>
<publication_day>17</publication_day>
<authors>
<author>
<id>107526</id>
<name>Isaac Deutscher</name>
<link><![CDATA[https://www.goodreads.com/author/show/107526.Isaac_Deutscher]]></link>
</author>
</authors>
</book>

          <book>
<id>642679</id>
<title><![CDATA[Karl Marx: His Life and Environment]]></title>
<title_without_series><![CDATA[Karl Marx: His Life and Environment]]></title_without_series>
<link><![CDATA[https://www.goodreads.com/book/show/642679.Karl_Marx]]></link>
<small_image_url><![CDATA[https://s.gr-assets.com/assets/nophoto/book/50x75-a91bf249278a81aabab721ef782c4a74.png]]></small_image_url>
<image_url><![CDATA[https://s.gr-assets.com/assets/nophoto/book/111x148-bcc042a9c91a29c1d680899eff700a03.png]]></image_url>
<num_pages>228</num_pages>
<work>
<id>1084722</id>
</work>
<isbn>0195103262</isbn>
<isbn13>9780195103267</isbn13>
<average_rating>3.94</average_rating>
<ratings_count>534</ratings_count>
<publication_year>1996</publication_year>
<publication_month>9</publication_month>
<publication_day>12</publication_day>
<authors>
<author>
<id>45752</id>
<name>Isaiah Berlin</name>
<link><![CDATA[https://www.goodreads.com/author/show/45752.Isaiah_Berlin]]></link>
</author>
</authors>
</book>

          <book>
<id>6064394</id>
<title><![CDATA[Che's Afterlife: The Legacy of an Image]]></title>
<title_without_series><![CDATA[Che's Afterlife: The Legacy of an Image]]></title_without_series>
<link><![CDATA[https://www.goodreads.com/book/show/6064394-che-s-afterlife]]></link>
<small_image_url><![CDATA[https://s.gr-assets.com/assets/nophoto/book/50x75-a91bf249278a81aabab721ef782c4a74.png]]></small_image_url>
<image_url><![CDATA[https://s.gr-assets.com/assets/nophoto/book/111x148-bcc042a9c91a29c1d680899eff700a03.png]]></image_url>
<num_pages>400</num_pages>
<work>
<id>6240693</id>
</work>
<isbn>0307279308</isbn>
<isbn13>9780307279309</isbn13>
<average_rating>3.74</average_rating>
<ratings_count>112</ratings_count>
<publication_year>2009</publication_year>
<publication_month>4</publication_month>
<publication_day>7</publication_day>
<authors>
<author>
<id>5758059</id>
<name>Michael J. Casey</name>
<link><![CDATA[https://www.goodreads.com/author/show/5758059.Michael_J_Casey]]></link>
</author>
</authors>
</book>

          <book>
<id>189954</id>
<title>Memoirs of a Revolutionary</title>
<title_without_series>Memoirs of a Revolutionary</title_without_series>
<link><![CDATA[https://www.goodreads.com/book/show/189954.Memoirs_of_a_Revolutionary]]></link>
<small_image_url><![CDATA[https://s.gr-assets.com/assets/nophoto/book/50x75-a91bf249278a81aabab721ef782c4a74.png]]></small_image_url>
<image_url><![CDATA[https://s.gr-assets.com/assets/nophoto/book/111x148-bcc042a9c91a29c1d680899eff700a03.png]]></image_url>
<num_pages>446</num_pages>
<work>
<id>183632</id>
</work>
<isbn>0877458278</isbn>
<isbn13>9780877458272</isbn13>
<average_rating>4.41</average_rating>
<ratings_count>399</ratings_count>
<publication_year>2002</publication_year>
<publication_month>11</publication_month>
<publication_day>8</publication_day>
<authors>
<author>
<id>45383</id>
<name>Victor Serge</name>
<link><![CDATA[https://www.goodreads.com/author/show/45383.Victor_Serge]]></link>
</author>
</authors>
</book>

  </similar_books>
</book>

</GoodreadsResponse>