<?xml version="1.0" encoding="UTF-8"?>
<GoodreadsResponse>
  <Request>
    <authentication>true</authentication>
      <key><![CDATA[all_men_must_serve]]></key>
    <method><![CDATA[book_show]]></method>
  </Request>
  <book>
  <id>10852027</id>
  <title><![CDATA[V is for Vengeance (Kinsey Millhone, #22)]]></title>
  <isbn><![CDATA[0399157867]]></isbn>
  <isbn13><![CDATA[9780399157868]]></isbn13>
  <asin><![CDATA[]]></asin>
  <kindle_asin><![CDATA[B005I3PDSI]]></kindle_asin>
  <marketplace_id><![CDATA[A1F83G8C2ARO7P]]></marketplace_id>
  <country_code><![CDATA[GB]]></country_code>
  <image_url>https://s.gr-assets.com/assets/nophoto/book/111x148-bcc042a9c91a29c1d680899eff700a03.png</image_url>
  <small_image_url>https://s.gr-assets.com/assets/nophoto/book/50x75-a91bf249278a81aabab721ef782c4a74.png</small_image_url>
  <publication_year>2011</publication_year>
  <publication_month>11</publication_month>
  <publication_day>14</publication_day>
  <publisher>Putnam Adult</publisher>
  <language_code>en-US</language_code>
  <is_ebook>false</is_ebook>
  <description><![CDATA[<b>A spiderweb of dangerous relationships lies at the heart of <i>V is for Vengeance</i>, Sue Grafton's daring new Kinsey Millhone novel. </b>A woman with a murky past who kills herself-or was it murder? A spoiled kid awash in gambling debt who thinks he can beat the system. A lovely woman whose life is about to splinter into a thousand fragments. A professional shoplifting ring working for the Mob, racking up millions from stolen goods. A wandering husband, rich and ruthless. A dirty cop so entrenched on the force he is immune to exposure. A sinister gangster, conscienceless and brutal. A lonely widower mourning the death of his lover, desperate for answers, which may be worse than the pain of his loss. A private detective, Kinsey Millhone, whose thirty-eighth-birthday gift is a punch in the face that leaves her with two black eyes and a busted nose.<br /><br />And an elegant and powerful businessman whose dealings are definitely outside the law: the magus at the center of the web.<br /><br />V: Victim. Violence. Vengeance.]]></description>
  <work>
  <id type="integer">15766774</id>
  <books_count type="integer">37</books_count>
  <best_book_id type="integer">10852027</best_book_id>
  <reviews_count type="integer">35164</reviews_count>
  <ratings_sum type="integer">87297</ratings_sum>
  <ratings_count type="integer">22226</ratings_count>
  <text_reviews_count type="integer">2313</text_reviews_count>
  <original_publication_year type="integer">2011</original_publication_year>
  <original_publication_month type="integer">11</original_publication_month>
  <original_publication_day type="integer">1</original_publication_day>
  <original_title>V is for Vengeance</original_title>
  <original_language_id type="integer" nil="true"/>
  <media_type>book</media_type>
  <rating_dist>5:5978|4:9765|3:5521|2:822|1:140|total:22226</rating_dist>
  <desc_user_id type="integer">4632071</desc_user_id>
  <default_chaptering_book_id type="integer" nil="true"/>
  <default_description_language_code nil="true"/>
</work>
  <average_rating>3.93</average_rating>
  <num_pages><![CDATA[437]]></num_pages>
  <format><![CDATA[]]></format>
  <edition_information><![CDATA[]]></edition_information>
  <ratings_count><![CDATA[18409]]></ratings_count>
  <text_reviews_count><![CDATA[2000]]></text_reviews_count>
  <url><![CDATA[https://www.goodreads.com/book/show/10852027-v-is-for-vengeance]]></url>
  <link><![CDATA[https://www.goodreads.com/book/show/10852027-v-is-for-vengeance]]></link>
  <authors>
<author>
<id>9559</id>
<name>Sue Grafton</name>
<role></role>
<image_url nophoto='false'>
<![CDATA[https://images.gr-assets.com/authors/1319510564p5/9559.jpg]]>
</image_url>
<small_image_url nophoto='false'>
<![CDATA[https://images.gr-assets.com/authors/1319510564p2/9559.jpg]]>
</small_image_url>
<link><![CDATA[https://www.goodreads.com/author/show/9559.Sue_Grafton]]></link>
<average_rating>3.91</average_rating>
<ratings_count>743809</ratings_count>
<text_reviews_count>27837</text_reviews_count>
</author>
</authors>

    <reviews_widget>
      <![CDATA[
        <style>
  #goodreads-widget {
    font-family: georgia, serif;
    padding: 18px 0;
    width:565px;
  }
  #goodreads-widget h1 {
    font-weight:normal;
    font-size: 16px;
    border-bottom: 1px solid #BBB596;
    margin-bottom: 0;
  }
  #goodreads-widget a {
    text-decoration: none;
    color:#660;
  }
  iframe{
    background-color: #fff;
  }
  #goodreads-widget a:hover { text-decoration: underline; }
  #goodreads-widget a:active {
    color:#660;
  }
  #gr_footer {
    width: 100%;
    border-top: 1px solid #BBB596;
    text-align: right;
  }
  #goodreads-widget .gr_branding{
    color: #382110;
    font-size: 11px;
    text-decoration: none;
    font-family: "Helvetica Neue", Helvetica, Arial, sans-serif;
  }
</style>
<div id="goodreads-widget">
  <div id="gr_header"><h1><a rel="nofollow" href="https://www.goodreads.com/book/show/10852027-v-is-for-vengeance">V is for Vengeance Reviews</a></h1></div>
  <iframe id="the_iframe" src="https://www.goodreads.com/api/reviews_widget_iframe?did=DEVELOPER_ID&amp;format=html&amp;isbn=0399157867&amp;links=660&amp;min_rating=&amp;review_back=fff&amp;stars=000&amp;text=000" width="565" height="400" frameborder="0"></iframe>
  <div id="gr_footer">
    <a class="gr_branding" target="_blank" rel="nofollow" href="https://www.goodreads.com/book/show/10852027-v-is-for-vengeance?utm_medium=api&amp;utm_source=reviews_widget">Reviews from Goodreads.com</a>
  </div>
</div>

      ]]>
    </reviews_widget>
  <popular_shelves>
      <shelf name="to-read" count="2189"/>
      <shelf name="mystery" count="834"/>
      <shelf name="currently-reading" count="459"/>
      <shelf name="sue-grafton" count="298"/>
      <shelf name="fiction" count="230"/>
      <shelf name="mysteries" count="149"/>
      <shelf name="series" count="134"/>
      <shelf name="crime" count="76"/>
      <shelf name="default" count="69"/>
      <shelf name="kinsey-millhone" count="65"/>
      <shelf name="audio" count="63"/>
      <shelf name="grafton" count="63"/>
      <shelf name="owned" count="53"/>
      <shelf name="mystery-thriller" count="53"/>
      <shelf name="library" count="52"/>
      <shelf name="grafton-sue" count="52"/>
      <shelf name="audiobook" count="44"/>
      <shelf name="books-i-own" count="42"/>
      <shelf name="detective" count="40"/>
      <shelf name="mystery-suspense" count="39"/>
      <shelf name="kindle" count="36"/>
      <shelf name="audio-books" count="32"/>
      <shelf name="suspense" count="31"/>
      <shelf name="california" count="29"/>
      <shelf name="read-in-2012" count="27"/>
      <shelf name="audiobooks" count="26"/>
      <shelf name="read-2012" count="24"/>
      <shelf name="audio-book" count="24"/>
      <shelf name="mystery-series" count="22"/>
      <shelf name="alphabet-series" count="21"/>
      <shelf name="ebooks" count="21"/>
      <shelf name="adult" count="20"/>
      <shelf name="mystery-crime" count="19"/>
      <shelf name="adult-fiction" count="19"/>
      <shelf name="owned-books" count="18"/>
      <shelf name="kinsey-millhone-mystery-series" count="18"/>
      <shelf name="2012-reads" count="17"/>
      <shelf name="favorites" count="17"/>
      <shelf name="thriller" count="17"/>
      <shelf name="alphabet-mysteries" count="16"/>
      <shelf name="library-book" count="16"/>
      <shelf name="ebook" count="16"/>
      <shelf name="kinsey" count="15"/>
      <shelf name="crime-fiction" count="15"/>
      <shelf name="wish-list" count="15"/>
      <shelf name="mystery-thrillers" count="14"/>
      <shelf name="crime-mystery" count="14"/>
      <shelf name="kinsey-milhone" count="14"/>
      <shelf name="murder-mystery" count="14"/>
      <shelf name="my-library" count="13"/>
      <shelf name="e-books" count="13"/>
      <shelf name="favorite-authors" count="13"/>
      <shelf name="contemporary" count="12"/>
      <shelf name="mystery-detective" count="12"/>
      <shelf name="audible" count="12"/>
      <shelf name="my-books" count="11"/>
      <shelf name="have" count="11"/>
      <shelf name="to-buy" count="11"/>
      <shelf name="read-in-2014" count="10"/>
      <shelf name="read-in-2013" count="10"/>
      <shelf name="kinsey-millhone-series" count="10"/>
      <shelf name="female-pi" count="10"/>
      <shelf name="listened-to" count="10"/>
      <shelf name="read-in-2011" count="10"/>
      <shelf name="read-in-2015" count="9"/>
      <shelf name="finished" count="9"/>
      <shelf name="library-books" count="9"/>
      <shelf name="fiction-mystery" count="9"/>
      <shelf name="mystery-thriller-suspense" count="9"/>
      <shelf name="read-2011" count="9"/>
      <shelf name="read-2014" count="8"/>
      <shelf name="nook" count="8"/>
      <shelf name="2012-books" count="8"/>
      <shelf name="novel" count="8"/>
      <shelf name="calibre" count="8"/>
      <shelf name="2011-reads" count="8"/>
      <shelf name="private-investigator" count="8"/>
      <shelf name="murder" count="8"/>
      <shelf name="shoplifting" count="7"/>
      <shelf name="2013-books" count="7"/>
      <shelf name="on-kindle" count="7"/>
      <shelf name="cozy-mystery" count="7"/>
      <shelf name="millhone" count="7"/>
      <shelf name="crime-thriller" count="7"/>
      <shelf name="private-detective" count="7"/>
      <shelf name="mystery-suspense-thriller" count="7"/>
      <shelf name="mob" count="6"/>
      <shelf name="overdrive" count="6"/>
      <shelf name="alphabet" count="6"/>
      <shelf name="paperback" count="6"/>
      <shelf name="american" count="6"/>
      <shelf name="suspense-mystery" count="6"/>
      <shelf name="thrillers" count="6"/>
      <shelf name="own-it" count="6"/>
      <shelf name="part-of-a-series" count="6"/>
      <shelf name="favorite-series" count="6"/>
      <shelf name="mysteries-thrillers" count="6"/>
      <shelf name="novels" count="6"/>
      <shelf name="home-library" count="5"/>
      <shelf name="personal-library" count="5"/>
  </popular_shelves>
  <book_links>
    <book_link>
  <id>8</id>
  <name>Libraries</name>
  <link>https://www.goodreads.com/book_link/follow/8</link>
</book_link>

  </book_links>
  <buy_links>
    <buy_link>
<id>1</id>
<name>Amazon</name>
<link>https://www.goodreads.com/book_link/follow/1</link>
</buy_link>
<buy_link>
<id>10</id>
<name>Audible</name>
<link>https://www.goodreads.com/book_link/follow/10</link>
</buy_link>
<buy_link>
<id>3</id>
<name>Barnes &amp; Noble</name>
<link>https://www.goodreads.com/book_link/follow/3</link>
</buy_link>
<buy_link>
<id>1027</id>
<name>Kobo</name>
<link>https://www.goodreads.com/book_link/follow/1027</link>
</buy_link>
<buy_link>
<id>2102</id>
<name>Apple iBooks</name>
<link>https://www.goodreads.com/book_link/follow/2102</link>
</buy_link>
<buy_link>
<id>8036</id>
<name>Google Play</name>
<link>https://www.goodreads.com/book_link/follow/8036</link>
</buy_link>
<buy_link>
<id>4</id>
<name>Abebooks</name>
<link>https://www.goodreads.com/book_link/follow/4</link>
</buy_link>
<buy_link>
<id>882</id>
<name>Book Depository</name>
<link>https://www.goodreads.com/book_link/follow/882</link>
</buy_link>
<buy_link>
<id>9</id>
<name>Indigo</name>
<link>https://www.goodreads.com/book_link/follow/9</link>
</buy_link>
<buy_link>
<id>2</id>
<name>Half.com</name>
<link>https://www.goodreads.com/book_link/follow/2</link>
</buy_link>
<buy_link>
<id>5</id>
<name>Alibris</name>
<link>https://www.goodreads.com/book_link/follow/5</link>
</buy_link>
<buy_link>
<id>107</id>
<name>Better World Books</name>
<link>https://www.goodreads.com/book_link/follow/107</link>
</buy_link>
<buy_link>
<id>7</id>
<name>IndieBound</name>
<link>https://www.goodreads.com/book_link/follow/7</link>
</buy_link>

  </buy_links>
  <series_works>
    <series_work>
<id>246158</id>
<user_position>22</user_position>
<series>
<id>40882</id>
<title>
<![CDATA[
    Kinsey Millhone
]]>
</title>
<description>
<![CDATA[
    Kinsey Millhone is a private investigator in (fictional) Santa Teresa, California (based on the city of Santa Barbara). In her 30s, she ages one year every 2 1/2 books, from 32 in A to 38 in W. http://www.suegrafton.com/bookshelf.php
]]>
</description>
<note>
<![CDATA[
]]>
</note>
<series_works_count>43</series_works_count>
<primary_work_count>26</primary_work_count>
<numbered>true</numbered>
</series>

</series_work>

  </series_works>
  <similar_books>
          <book>
<id>11890808</id>
<title><![CDATA[Breakdown  (V.I. Warshawski, #15)]]></title>
<title_without_series>Breakdown</title_without_series>
<link><![CDATA[https://www.goodreads.com/book/show/11890808-breakdown]]></link>
<small_image_url><![CDATA[https://images.gr-assets.com/books/1314992229s/11890808.jpg]]></small_image_url>
<image_url><![CDATA[https://images.gr-assets.com/books/1314992229m/11890808.jpg]]></image_url>
<num_pages>431</num_pages>
<work>
<id>16849810</id>
</work>
<isbn>0399157832</isbn>
<isbn13>9780399157837</isbn13>
<average_rating>3.87</average_rating>
<ratings_count>3401</ratings_count>
<publication_year>2012</publication_year>
<publication_month>1</publication_month>
<publication_day>3</publication_day>
<authors>
<author>
<id>28509</id>
<name>Sara Paretsky</name>
<link><![CDATA[https://www.goodreads.com/author/show/28509.Sara_Paretsky]]></link>
</author>
</authors>
</book>

          <book>
<id>9633628</id>
<title><![CDATA[Betrayal of Trust (J.P. Beaumont, #20)]]></title>
<title_without_series>Betrayal of Trust</title_without_series>
<link><![CDATA[https://www.goodreads.com/book/show/9633628-betrayal-of-trust]]></link>
<small_image_url><![CDATA[https://s.gr-assets.com/assets/nophoto/book/50x75-a91bf249278a81aabab721ef782c4a74.png]]></small_image_url>
<image_url><![CDATA[https://s.gr-assets.com/assets/nophoto/book/111x148-bcc042a9c91a29c1d680899eff700a03.png]]></image_url>
<num_pages>344</num_pages>
<work>
<id>14355716</id>
</work>
<isbn>0061731153</isbn>
<isbn13>9780061731150</isbn13>
<average_rating>4.11</average_rating>
<ratings_count>5584</ratings_count>
<publication_year>2011</publication_year>
<publication_month>7</publication_month>
<publication_day>5</publication_day>
<authors>
<author>
<id>3453636</id>
<name>J.A. Jance</name>
<link><![CDATA[https://www.goodreads.com/author/show/3453636.J_A_Jance]]></link>
</author>
</authors>
</book>

          <book>
<id>6309623</id>
<title>Locked In</title>
<title_without_series>Locked In</title_without_series>
<link><![CDATA[https://www.goodreads.com/book/show/6309623-locked-in]]></link>
<small_image_url><![CDATA[https://s.gr-assets.com/assets/nophoto/book/50x75-a91bf249278a81aabab721ef782c4a74.png]]></small_image_url>
<image_url><![CDATA[https://s.gr-assets.com/assets/nophoto/book/111x148-bcc042a9c91a29c1d680899eff700a03.png]]></image_url>
<num_pages></num_pages>
<work>
<id>6494758</id>
</work>
<isbn>0446581054</isbn>
<isbn13>9780446581059</isbn13>
<average_rating>3.83</average_rating>
<ratings_count>1483</ratings_count>
<publication_year></publication_year>
<publication_month></publication_month>
<publication_day></publication_day>
<authors>
<author>
<id>644</id>
<name>Marcia Muller</name>
<link><![CDATA[https://www.goodreads.com/author/show/644.Marcia_Muller]]></link>
</author>
</authors>
</book>

          <book>
<id>8730822</id>
<title><![CDATA[Though Not Dead (Kate Shugak, #18)]]></title>
<title_without_series>Though Not Dead</title_without_series>
<link><![CDATA[https://www.goodreads.com/book/show/8730822-though-not-dead]]></link>
<small_image_url><![CDATA[https://s.gr-assets.com/assets/nophoto/book/50x75-a91bf249278a81aabab721ef782c4a74.png]]></small_image_url>
<image_url><![CDATA[https://s.gr-assets.com/assets/nophoto/book/111x148-bcc042a9c91a29c1d680899eff700a03.png]]></image_url>
<num_pages>464</num_pages>
<work>
<id>13603851</id>
</work>
<isbn>0312559119</isbn>
<isbn13>9780312559113</isbn13>
<average_rating>4.26</average_rating>
<ratings_count>3175</ratings_count>
<publication_year>2011</publication_year>
<publication_month>2</publication_month>
<publication_day>1</publication_day>
<authors>
<author>
<id>158170</id>
<name>Dana Stabenow</name>
<link><![CDATA[https://www.goodreads.com/author/show/158170.Dana_Stabenow]]></link>
</author>
</authors>
</book>

          <book>
<id>12127718</id>
<title>The Rope (Anna Pigeon, #17)</title>
<title_without_series>The Rope</title_without_series>
<link><![CDATA[https://www.goodreads.com/book/show/12127718-the-rope]]></link>
<small_image_url><![CDATA[https://s.gr-assets.com/assets/nophoto/book/50x75-a91bf249278a81aabab721ef782c4a74.png]]></small_image_url>
<image_url><![CDATA[https://s.gr-assets.com/assets/nophoto/book/111x148-bcc042a9c91a29c1d680899eff700a03.png]]></image_url>
<num_pages>357</num_pages>
<work>
<id>17097257</id>
</work>
<isbn>0312614578</isbn>
<isbn13>9780312614577</isbn13>
<average_rating>3.85</average_rating>
<ratings_count>6230</ratings_count>
<publication_year></publication_year>
<publication_month></publication_month>
<publication_day></publication_day>
<authors>
<author>
<id>43613</id>
<name>Nevada Barr</name>
<link><![CDATA[https://www.goodreads.com/author/show/43613.Nevada_Barr]]></link>
</author>
</authors>
</book>

          <book>
<id>10814690</id>
<title><![CDATA[Three-Day Town (Deborah Knott Mysteries, #17)]]></title>
<title_without_series>Three-Day Town</title_without_series>
<link><![CDATA[https://www.goodreads.com/book/show/10814690-three-day-town]]></link>
<small_image_url><![CDATA[https://s.gr-assets.com/assets/nophoto/book/50x75-a91bf249278a81aabab721ef782c4a74.png]]></small_image_url>
<image_url><![CDATA[https://s.gr-assets.com/assets/nophoto/book/111x148-bcc042a9c91a29c1d680899eff700a03.png]]></image_url>
<num_pages></num_pages>
<work>
<id>15728336</id>
</work>
<isbn>0446555789</isbn>
<isbn13>9780446555784</isbn13>
<average_rating>3.79</average_rating>
<ratings_count>2225</ratings_count>
<publication_year></publication_year>
<publication_month></publication_month>
<publication_day></publication_day>
<authors>
<author>
<id>61762</id>
<name>Margaret Maron</name>
<link><![CDATA[https://www.goodreads.com/author/show/61762.Margaret_Maron]]></link>
</author>
</authors>
</book>

          <book>
<id>11082037</id>
<title><![CDATA[The Drop (Harry Bosch, #17; Harry Bosch Universe, #21)]]></title>
<title_without_series>The Drop</title_without_series>
<link><![CDATA[https://www.goodreads.com/book/show/11082037-the-drop]]></link>
<small_image_url><![CDATA[https://images.gr-assets.com/books/1327935031s/11082037.jpg]]></small_image_url>
<image_url><![CDATA[https://images.gr-assets.com/books/1327935031m/11082037.jpg]]></image_url>
<num_pages>388</num_pages>
<work>
<id>15547563</id>
</work>
<isbn>0316069418</isbn>
<isbn13>9780316069410</isbn13>
<average_rating>4.14</average_rating>
<ratings_count>39059</ratings_count>
<publication_year></publication_year>
<publication_month></publication_month>
<publication_day></publication_day>
<authors>
<author>
<id>12470</id>
<name>Michael Connelly</name>
<link><![CDATA[https://www.goodreads.com/author/show/12470.Michael_Connelly]]></link>
</author>
</authors>
</book>

  </similar_books>
</book>

</GoodreadsResponse>