<?xml version="1.0" encoding="UTF-8"?>
<GoodreadsResponse>
  <Request>
    <authentication>true</authentication>
      <key><![CDATA[all_men_must_serve]]></key>
    <method><![CDATA[book_show]]></method>
  </Request>
  <book>
  <id>10868182</id>
  <title><![CDATA[The Hidden Child (Patrik Hedström, #5)]]></title>
  <isbn><![CDATA[000741949X]]></isbn>
  <isbn13><![CDATA[9780007419494]]></isbn13>
  <asin><![CDATA[]]></asin>
  <kindle_asin><![CDATA[B0052D10MW]]></kindle_asin>
  <marketplace_id><![CDATA[A1F83G8C2ARO7P]]></marketplace_id>
  <country_code><![CDATA[GB]]></country_code>
  <image_url>https://s.gr-assets.com/assets/nophoto/book/111x148-bcc042a9c91a29c1d680899eff700a03.png</image_url>
  <small_image_url>https://s.gr-assets.com/assets/nophoto/book/50x75-a91bf249278a81aabab721ef782c4a74.png</small_image_url>
  <publication_year>2011</publication_year>
  <publication_month>6</publication_month>
  <publication_day>20</publication_day>
  <publisher>HarperTorch</publisher>
  <language_code></language_code>
  <is_ebook>false</is_ebook>
  <description><![CDATA[Crime writer Erica Falck is shocked to discover a Nazi medal among her late mother's possessions. Haunted by a childhood of neglect, she resolves to dig deep into her family's past and finally uncover the reasons why.<br /><br />Her enquiries lead her to the home of a retired history teacher. He was among her mother's circle of friends during the Second World War but her questions are met with bizarre and evasive answers. Two days later he meets a violent death. Detective Patrik Hedström, Erica's husband, is on paternity leave but soon becomes embroiled in the murder investigation. Who would kill so ruthlessly to bury secrets so old?<br /><br />Reluctantly Erica must read her mother's wartime diaries. But within the pages is a painful revelation about Erica's past. Could what little knowledge she has be enough to endanger her husband and newborn baby? The dark past is coming to light, and no one will escape the truth of how they came to be…]]></description>
  <work>
  <id type="integer">1600165</id>
  <books_count type="integer">86</books_count>
  <best_book_id type="integer">10868182</best_book_id>
  <reviews_count type="integer">23360</reviews_count>
  <ratings_sum type="integer">52576</ratings_sum>
  <ratings_count type="integer">13351</ratings_count>
  <text_reviews_count type="integer">1036</text_reviews_count>
  <original_publication_year type="integer">2007</original_publication_year>
  <original_publication_month type="integer" nil="true"/>
  <original_publication_day type="integer" nil="true"/>
  <original_title>Tyskungen</original_title>
  <original_language_id type="integer" nil="true"/>
  <media_type>book</media_type>
  <rating_dist>5:3694|4:5933|3:3056|2:538|1:130|total:13351</rating_dist>
  <desc_user_id type="integer">5946109</desc_user_id>
  <default_chaptering_book_id type="integer" nil="true"/>
  <default_description_language_code nil="true"/>
</work>
  <average_rating>3.94</average_rating>
  <num_pages><![CDATA[506]]></num_pages>
  <format><![CDATA[Paperback]]></format>
  <edition_information><![CDATA[]]></edition_information>
  <ratings_count><![CDATA[8006]]></ratings_count>
  <text_reviews_count><![CDATA[579]]></text_reviews_count>
  <url><![CDATA[https://www.goodreads.com/book/show/10868182-the-hidden-child]]></url>
  <link><![CDATA[https://www.goodreads.com/book/show/10868182-the-hidden-child]]></link>
  <authors>
<author>
<id>72887</id>
<name>Camilla Läckberg</name>
<role></role>
<image_url nophoto='false'>
<![CDATA[https://images.gr-assets.com/authors/1295550934p5/72887.jpg]]>
</image_url>
<small_image_url nophoto='false'>
<![CDATA[https://images.gr-assets.com/authors/1295550934p2/72887.jpg]]>
</small_image_url>
<link><![CDATA[https://www.goodreads.com/author/show/72887.Camilla_L_ckberg]]></link>
<average_rating>3.78</average_rating>
<ratings_count>137466</ratings_count>
<text_reviews_count>10363</text_reviews_count>
</author>
<author>
<id>163203</id>
<name>Tiina Nunnally</name>
<role>Translator</role>
<image_url nophoto='false'>
<![CDATA[https://images.gr-assets.com/authors/1380958355p5/163203.jpg]]>
</image_url>
<small_image_url nophoto='false'>
<![CDATA[https://images.gr-assets.com/authors/1380958355p2/163203.jpg]]>
</small_image_url>
<link><![CDATA[https://www.goodreads.com/author/show/163203.Tiina_Nunnally]]></link>
<average_rating>3.82</average_rating>
<ratings_count>71008</ratings_count>
<text_reviews_count>5723</text_reviews_count>
</author>
</authors>

    <reviews_widget>
      <![CDATA[
        <style>
  #goodreads-widget {
    font-family: georgia, serif;
    padding: 18px 0;
    width:565px;
  }
  #goodreads-widget h1 {
    font-weight:normal;
    font-size: 16px;
    border-bottom: 1px solid #BBB596;
    margin-bottom: 0;
  }
  #goodreads-widget a {
    text-decoration: none;
    color:#660;
  }
  iframe{
    background-color: #fff;
  }
  #goodreads-widget a:hover { text-decoration: underline; }
  #goodreads-widget a:active {
    color:#660;
  }
  #gr_footer {
    width: 100%;
    border-top: 1px solid #BBB596;
    text-align: right;
  }
  #goodreads-widget .gr_branding{
    color: #382110;
    font-size: 11px;
    text-decoration: none;
    font-family: "Helvetica Neue", Helvetica, Arial, sans-serif;
  }
</style>
<div id="goodreads-widget">
  <div id="gr_header"><h1><a rel="nofollow" href="https://www.goodreads.com/book/show/10868182-the-hidden-child">The Hidden Child Reviews</a></h1></div>
  <iframe id="the_iframe" src="https://www.goodreads.com/api/reviews_widget_iframe?did=DEVELOPER_ID&amp;format=html&amp;isbn=000741949X&amp;links=660&amp;min_rating=&amp;review_back=fff&amp;stars=000&amp;text=000" width="565" height="400" frameborder="0"></iframe>
  <div id="gr_footer">
    <a class="gr_branding" target="_blank" rel="nofollow" href="https://www.goodreads.com/book/show/10868182-the-hidden-child?utm_medium=api&amp;utm_source=reviews_widget">Reviews from Goodreads.com</a>
  </div>
</div>

      ]]>
    </reviews_widget>
  <popular_shelves>
      <shelf name="to-read" count="6869"/>
      <shelf name="currently-reading" count="394"/>
      <shelf name="mystery" count="251"/>
      <shelf name="crime" count="197"/>
      <shelf name="fiction" count="102"/>
      <shelf name="thriller" count="90"/>
      <shelf name="scandinavian" count="53"/>
      <shelf name="kindle" count="50"/>
      <shelf name="series" count="49"/>
      <shelf name="default" count="45"/>
      <shelf name="sweden" count="40"/>
      <shelf name="owned" count="40"/>
      <shelf name="books-i-own" count="40"/>
      <shelf name="camilla-lackberg" count="38"/>
      <shelf name="favorites" count="35"/>
      <shelf name="mysteries" count="34"/>
      <shelf name="audiobook" count="33"/>
      <shelf name="library" count="32"/>
      <shelf name="audio" count="32"/>
      <shelf name="audiobooks" count="29"/>
      <shelf name="mystery-thriller" count="28"/>
      <shelf name="ebook" count="26"/>
      <shelf name="swedish" count="25"/>
      <shelf name="suspense" count="23"/>
      <shelf name="krimi" count="23"/>
      <shelf name="historical-fiction" count="22"/>
      <shelf name="ebooks" count="21"/>
      <shelf name="nordic" count="19"/>
      <shelf name="camilla-läckberg" count="19"/>
      <shelf name="crime-mystery" count="19"/>
      <shelf name="thrillers" count="18"/>
      <shelf name="nordic-noir" count="18"/>
      <shelf name="scandinavian-crime" count="18"/>
      <shelf name="scandinavia" count="17"/>
      <shelf name="owned-books" count="14"/>
      <shelf name="mystery-crime" count="14"/>
      <shelf name="audio-books" count="14"/>
      <shelf name="mystery-suspense" count="13"/>
      <shelf name="crime-fiction" count="13"/>
      <shelf name="to-buy" count="12"/>
      <shelf name="my-books" count="12"/>
      <shelf name="murder-mystery" count="12"/>
      <shelf name="e-book" count="12"/>
      <shelf name="policier" count="11"/>
      <shelf name="swedish-literature" count="11"/>
      <shelf name="read-2013" count="11"/>
      <shelf name="audio-book" count="11"/>
      <shelf name="wwii" count="10"/>
      <shelf name="read-in-2014" count="10"/>
      <shelf name="read-2014" count="10"/>
      <shelf name="crime-thriller" count="10"/>
      <shelf name="novela-negra" count="10"/>
      <shelf name="my-library" count="10"/>
      <shelf name="read-in-2016" count="9"/>
      <shelf name="krim" count="9"/>
      <shelf name="adult-fiction" count="9"/>
      <shelf name="favourites" count="9"/>
      <shelf name="deckare" count="9"/>
      <shelf name="detective" count="9"/>
      <shelf name="scandinavian-thrillers" count="9"/>
      <shelf name="detective-fiction" count="9"/>
      <shelf name="europe" count="8"/>
      <shelf name="e-books" count="8"/>
      <shelf name="adult" count="8"/>
      <shelf name="contemporary" count="8"/>
      <shelf name="murder" count="8"/>
      <shelf name="translation" count="8"/>
      <shelf name="nordic-crime" count="8"/>
      <shelf name="audible" count="7"/>
      <shelf name="wish-list" count="7"/>
      <shelf name="historical" count="7"/>
      <shelf name="calibre" count="7"/>
      <shelf name="scandinavian-literature" count="7"/>
      <shelf name="policial" count="7"/>
      <shelf name="mysteries-thrillers" count="7"/>
      <shelf name="patrik-hedstrom" count="7"/>
      <shelf name="read-in-2012" count="7"/>
      <shelf name="fjällbacka" count="6"/>
      <shelf name="misterio" count="6"/>
      <shelf name="drama" count="6"/>
      <shelf name="crime-novels" count="6"/>
      <shelf name="war" count="6"/>
      <shelf name="suspense-mystery" count="6"/>
      <shelf name="scandi-crime" count="6"/>
      <shelf name="dekkarit" count="6"/>
      <shelf name="swedish-authors" count="6"/>
      <shelf name="read-in-2017" count="5"/>
      <shelf name="read-2017" count="5"/>
      <shelf name="read-2016" count="5"/>
      <shelf name="read-in-2015" count="5"/>
      <shelf name="scandinavian-mystery" count="5"/>
      <shelf name="thriller-mystery" count="5"/>
      <shelf name="on-kindle" count="5"/>
      <shelf name="novels" count="5"/>
      <shelf name="läckberg" count="5"/>
      <shelf name="holocaust" count="5"/>
      <shelf name="books" count="5"/>
      <shelf name="read-in-2013" count="5"/>
      <shelf name="scandinavian-crime-fiction" count="5"/>
      <shelf name="sagas" count="5"/>
  </popular_shelves>
  <book_links>
    <book_link>
  <id>8</id>
  <name>Libraries</name>
  <link>https://www.goodreads.com/book_link/follow/8</link>
</book_link>

  </book_links>
  <buy_links>
    <buy_link>
<id>1</id>
<name>Amazon</name>
<link>https://www.goodreads.com/book_link/follow/1</link>
</buy_link>
<buy_link>
<id>10</id>
<name>Audible</name>
<link>https://www.goodreads.com/book_link/follow/10</link>
</buy_link>
<buy_link>
<id>3</id>
<name>Barnes &amp; Noble</name>
<link>https://www.goodreads.com/book_link/follow/3</link>
</buy_link>
<buy_link>
<id>1027</id>
<name>Kobo</name>
<link>https://www.goodreads.com/book_link/follow/1027</link>
</buy_link>
<buy_link>
<id>2102</id>
<name>Apple iBooks</name>
<link>https://www.goodreads.com/book_link/follow/2102</link>
</buy_link>
<buy_link>
<id>8036</id>
<name>Google Play</name>
<link>https://www.goodreads.com/book_link/follow/8036</link>
</buy_link>
<buy_link>
<id>4</id>
<name>Abebooks</name>
<link>https://www.goodreads.com/book_link/follow/4</link>
</buy_link>
<buy_link>
<id>882</id>
<name>Book Depository</name>
<link>https://www.goodreads.com/book_link/follow/882</link>
</buy_link>
<buy_link>
<id>9</id>
<name>Indigo</name>
<link>https://www.goodreads.com/book_link/follow/9</link>
</buy_link>
<buy_link>
<id>2</id>
<name>Half.com</name>
<link>https://www.goodreads.com/book_link/follow/2</link>
</buy_link>
<buy_link>
<id>5</id>
<name>Alibris</name>
<link>https://www.goodreads.com/book_link/follow/5</link>
</buy_link>
<buy_link>
<id>107</id>
<name>Better World Books</name>
<link>https://www.goodreads.com/book_link/follow/107</link>
</buy_link>
<buy_link>
<id>7</id>
<name>IndieBound</name>
<link>https://www.goodreads.com/book_link/follow/7</link>
</buy_link>

  </buy_links>
  <series_works>
    <series_work>
<id>158058</id>
<user_position>5</user_position>
<series>
<id>44263</id>
<title>
<![CDATA[
    Fjällbacka
]]>
</title>
<description>
<![CDATA[
    This series by Camilla Läckberg features Patrik Hedström, a police detective, and Erica Falck, a writer, in the fishing town of Fjällbacka, Sweden.
    
    It was formerly known on Goodreads as the Patrik Hedström series.
]]>
</description>
<note>
<![CDATA[
    This series is referred to by the author as the Fjällbacka series.
]]>
</note>
<series_works_count>16</series_works_count>
<primary_work_count>10</primary_work_count>
<numbered>true</numbered>
</series>

</series_work>

  </series_works>
  <similar_books>
          <book>
<id>14059743</id>
<title><![CDATA[Till offer åt Molok (Rebecka Martinsson, #5)]]></title>
<title_without_series>Till offer åt Molok</title_without_series>
<link><![CDATA[https://www.goodreads.com/book/show/14059743-till-offer-t-molok]]></link>
<small_image_url><![CDATA[https://images.gr-assets.com/books/1337459839s/14059743.jpg]]></small_image_url>
<image_url><![CDATA[https://images.gr-assets.com/books/1337459839m/14059743.jpg]]></image_url>
<num_pages>388</num_pages>
<work>
<id>19696161</id>
</work>
<isbn></isbn>
<isbn13>9789100125318</isbn13>
<average_rating>3.93</average_rating>
<ratings_count>3071</ratings_count>
<publication_year>2012</publication_year>
<publication_month></publication_month>
<publication_day></publication_day>
<authors>
<author>
<id>168255</id>
<name>Åsa Larsson</name>
<link><![CDATA[https://www.goodreads.com/author/show/168255._sa_Larsson]]></link>
</author>
</authors>
</book>

          <book>
<id>1861888</id>
<title>Livstid (Annika Bengtzon, #7)</title>
<title_without_series>Livstid</title_without_series>
<link><![CDATA[https://www.goodreads.com/book/show/1861888.Livstid]]></link>
<small_image_url><![CDATA[https://s.gr-assets.com/assets/nophoto/book/50x75-a91bf249278a81aabab721ef782c4a74.png]]></small_image_url>
<image_url><![CDATA[https://s.gr-assets.com/assets/nophoto/book/111x148-bcc042a9c91a29c1d680899eff700a03.png]]></image_url>
<num_pages>428</num_pages>
<work>
<id>1862578</id>
</work>
<isbn>9164202399</isbn>
<isbn13>9789164202390</isbn13>
<average_rating>3.65</average_rating>
<ratings_count>2031</ratings_count>
<publication_year>2007</publication_year>
<publication_month></publication_month>
<publication_day></publication_day>
<authors>
<author>
<id>163328</id>
<name>Liza Marklund</name>
<link><![CDATA[https://www.goodreads.com/author/show/163328.Liza_Marklund]]></link>
</author>
</authors>
</book>

          <book>
<id>4436344</id>
<title><![CDATA[The Inner Circle (Anders Knutas, #3)]]></title>
<title_without_series>The Inner Circle</title_without_series>
<link><![CDATA[https://www.goodreads.com/book/show/4436344-the-inner-circle]]></link>
<small_image_url><![CDATA[https://images.gr-assets.com/books/1311998508s/4436344.jpg]]></small_image_url>
<image_url><![CDATA[https://images.gr-assets.com/books/1311998508m/4436344.jpg]]></image_url>
<num_pages>288</num_pages>
<work>
<id>4484530</id>
</work>
<isbn>0312363788</isbn>
<isbn13>9780312363789</isbn13>
<average_rating>3.62</average_rating>
<ratings_count>1608</ratings_count>
<publication_year>2008</publication_year>
<publication_month>11</publication_month>
<publication_day>25</publication_day>
<authors>
<author>
<id>344818</id>
<name>Mari Jungstedt</name>
<link><![CDATA[https://www.goodreads.com/author/show/344818.Mari_Jungstedt]]></link>
</author>
</authors>
</book>

          <book>
<id>16130425</id>
<title>Summer Death</title>
<title_without_series>Summer Death</title_without_series>
<link><![CDATA[https://www.goodreads.com/book/show/16130425-summer-death]]></link>
<small_image_url><![CDATA[https://images.gr-assets.com/books/1355523940s/16130425.jpg]]></small_image_url>
<image_url><![CDATA[https://images.gr-assets.com/books/1355523940m/16130425.jpg]]></image_url>
<num_pages>464</num_pages>
<work>
<id>2794920</id>
</work>
<isbn>1451642547</isbn>
<isbn13>9781451642544</isbn13>
<average_rating>3.60</average_rating>
<ratings_count>2008</ratings_count>
<publication_year>2013</publication_year>
<publication_month>6</publication_month>
<publication_day>4</publication_day>
<authors>
<author>
<id>706269</id>
<name>Mons Kallentoft</name>
<link><![CDATA[https://www.goodreads.com/author/show/706269.Mons_Kallentoft]]></link>
</author>
</authors>
</book>

          <book>
<id>20523041</id>
<title><![CDATA[The Disappeared (Fredrika Bergman and Alex Recht, #3)]]></title>
<title_without_series>The Disappeared</title_without_series>
<link><![CDATA[https://www.goodreads.com/book/show/20523041-the-disappeared]]></link>
<small_image_url><![CDATA[https://images.gr-assets.com/books/1389827781s/20523041.jpg]]></small_image_url>
<image_url><![CDATA[https://images.gr-assets.com/books/1389827781m/20523041.jpg]]></image_url>
<num_pages></num_pages>
<work>
<id>17770317</id>
</work>
<isbn>162923298X</isbn>
<isbn13>9781629232980</isbn13>
<average_rating>3.91</average_rating>
<ratings_count>2992</ratings_count>
<publication_year>2014</publication_year>
<publication_month>3</publication_month>
<publication_day>4</publication_day>
<authors>
<author>
<id>4090485</id>
<name>Kristina Ohlsson</name>
<link><![CDATA[https://www.goodreads.com/author/show/4090485.Kristina_Ohlsson]]></link>
</author>
</authors>
</book>

          <book>
<id>8072158</id>
<title>Blodläge</title>
<title_without_series>Blodläge</title_without_series>
<link><![CDATA[https://www.goodreads.com/book/show/8072158-blodl-ge]]></link>
<small_image_url><![CDATA[https://s.gr-assets.com/assets/nophoto/book/50x75-a91bf249278a81aabab721ef782c4a74.png]]></small_image_url>
<image_url><![CDATA[https://s.gr-assets.com/assets/nophoto/book/111x148-bcc042a9c91a29c1d680899eff700a03.png]]></image_url>
<num_pages>407</num_pages>
<work>
<id>12778252</id>
</work>
<isbn>9146220585</isbn>
<isbn13>9789146220589</isbn13>
<average_rating>3.66</average_rating>
<ratings_count>1807</ratings_count>
<publication_year>2010</publication_year>
<publication_month>4</publication_month>
<publication_day></publication_day>
<authors>
<author>
<id>1373542</id>
<name>Johan Theorin</name>
<link><![CDATA[https://www.goodreads.com/author/show/1373542.Johan_Theorin]]></link>
</author>
</authors>
</book>

          <book>
<id>13643038</id>
<title><![CDATA[The Golden Calf (Inspector Huss #5)]]></title>
<title_without_series>The Golden Calf</title_without_series>
<link><![CDATA[https://www.goodreads.com/book/show/13643038-the-golden-calf]]></link>
<small_image_url><![CDATA[https://s.gr-assets.com/assets/nophoto/book/50x75-a91bf249278a81aabab721ef782c4a74.png]]></small_image_url>
<image_url><![CDATA[https://s.gr-assets.com/assets/nophoto/book/111x148-bcc042a9c91a29c1d680899eff700a03.png]]></image_url>
<num_pages>340</num_pages>
<work>
<id>2221255</id>
</work>
<isbn>1616950080</isbn>
<isbn13>9781616950088</isbn13>
<average_rating>3.75</average_rating>
<ratings_count>930</ratings_count>
<publication_year>2013</publication_year>
<publication_month>2</publication_month>
<publication_day>5</publication_day>
<authors>
<author>
<id>283238</id>
<name>Helene Tursten</name>
<link><![CDATA[https://www.goodreads.com/author/show/283238.Helene_Tursten]]></link>
</author>
</authors>
</book>

          <book>
<id>13538724</id>
<title><![CDATA[Outrage (Inspector Erlendur #9)]]></title>
<title_without_series>Outrage</title_without_series>
<link><![CDATA[https://www.goodreads.com/book/show/13538724-outrage]]></link>
<small_image_url><![CDATA[https://images.gr-assets.com/books/1344864930s/13538724.jpg]]></small_image_url>
<image_url><![CDATA[https://images.gr-assets.com/books/1344864930m/13538724.jpg]]></image_url>
<num_pages>281</num_pages>
<work>
<id>40333526</id>
</work>
<isbn>0312659113</isbn>
<isbn13>9780312659110</isbn13>
<average_rating>3.79</average_rating>
<ratings_count>4955</ratings_count>
<publication_year>2012</publication_year>
<publication_month>9</publication_month>
<publication_day>18</publication_day>
<authors>
<author>
<id>6861265</id>
<name>Arnaldur Indriðason</name>
<link><![CDATA[https://www.goodreads.com/author/show/6861265.Arnaldur_Indri_ason]]></link>
</author>
</authors>
</book>

          <book>
<id>622818</id>
<title><![CDATA[Sun and Shadow (Inspector Winter, #3)]]></title>
<title_without_series>Sun and Shadow</title_without_series>
<link><![CDATA[https://www.goodreads.com/book/show/622818.Sun_and_Shadow]]></link>
<small_image_url><![CDATA[https://s.gr-assets.com/assets/nophoto/book/50x75-a91bf249278a81aabab721ef782c4a74.png]]></small_image_url>
<image_url><![CDATA[https://s.gr-assets.com/assets/nophoto/book/111x148-bcc042a9c91a29c1d680899eff700a03.png]]></image_url>
<num_pages></num_pages>
<work>
<id>753158</id>
</work>
<isbn>0099472058</isbn>
<isbn13>9780099472056</isbn13>
<average_rating>3.64</average_rating>
<ratings_count>1892</ratings_count>
<publication_year>2006</publication_year>
<publication_month>6</publication_month>
<publication_day>1</publication_day>
<authors>
<author>
<id>72888</id>
<name>Åke Edwardson</name>
<link><![CDATA[https://www.goodreads.com/author/show/72888._ke_Edwardson]]></link>
</author>
</authors>
</book>

          <book>
<id>15791150</id>
<title><![CDATA[Dark Secrets (Sebastian Bergman, #1)]]></title>
<title_without_series>Dark Secrets</title_without_series>
<link><![CDATA[https://www.goodreads.com/book/show/15791150-dark-secrets]]></link>
<small_image_url><![CDATA[https://images.gr-assets.com/books/1352436725s/15791150.jpg]]></small_image_url>
<image_url><![CDATA[https://images.gr-assets.com/books/1352436725m/15791150.jpg]]></image_url>
<num_pages></num_pages>
<work>
<id>14254299</id>
</work>
<isbn>1455520756</isbn>
<isbn13>9781455520756</isbn13>
<average_rating>3.97</average_rating>
<ratings_count>3954</ratings_count>
<publication_year></publication_year>
<publication_month></publication_month>
<publication_day></publication_day>
<authors>
<author>
<id>4372984</id>
<name>Michael Hjorth</name>
<link><![CDATA[https://www.goodreads.com/author/show/4372984.Michael_Hjorth]]></link>
</author>
</authors>
</book>

  </similar_books>
</book>

</GoodreadsResponse>