<?xml version="1.0" encoding="UTF-8"?>
<GoodreadsResponse>
  <Request>
    <authentication>true</authentication>
      <key><![CDATA[all_men_must_serve]]></key>
    <method><![CDATA[book_show]]></method>
  </Request>
  <book>
  <id>10867</id>
  <title>The Pleasure of My Company</title>
  <isbn><![CDATA[0786888016]]></isbn>
  <isbn13><![CDATA[9780786888016]]></isbn13>
  <asin><![CDATA[]]></asin>
  <kindle_asin><![CDATA[B00HN82OBK]]></kindle_asin>
  <marketplace_id><![CDATA[A1F83G8C2ARO7P]]></marketplace_id>
  <country_code><![CDATA[GB]]></country_code>
  <image_url>https://s.gr-assets.com/assets/nophoto/book/111x148-bcc042a9c91a29c1d680899eff700a03.png</image_url>
  <small_image_url>https://s.gr-assets.com/assets/nophoto/book/50x75-a91bf249278a81aabab721ef782c4a74.png</small_image_url>
  <publication_year></publication_year>
  <publication_month></publication_month>
  <publication_day></publication_day>
  <publisher></publisher>
  <language_code>en-US</language_code>
  <is_ebook>false</is_ebook>
  <description><![CDATA[Daniel Pecan Cambridge, 30, 35, 38, or 27, depending on how he feels that day, is a young man whose life is rich and full, provided he never leaves his Santa Monica apartment. After all, outside there are 8-inch-high curbs and there's always the horrible chance he might see a gas station attendant wearing a blue hat. So, except for the occasional trip to the Rite Aid to admire the California girl Zandy and to buy earplugs because they're on sale, he stays home a lot. And a good thing too, or he would have never been falsely implicated in a murder, never almost seduced Philipa, never done the impossible task of jogging around the block with Brian, never ironed his pillows, and he might never have won the Most Average American essay contest. The Pleasure of My Company is the chronicle of a modern-day neurotic yearning to break free.]]></description>
  <work>
  <id type="integer">1401713</id>
  <books_count type="integer">39</books_count>
  <best_book_id type="integer">10867</best_book_id>
  <reviews_count type="integer">20898</reviews_count>
  <ratings_sum type="integer">52104</ratings_sum>
  <ratings_count type="integer">13789</ratings_count>
  <text_reviews_count type="integer">1354</text_reviews_count>
  <original_publication_year type="integer">2003</original_publication_year>
  <original_publication_month type="integer" nil="true"/>
  <original_publication_day type="integer" nil="true"/>
  <original_title>The Pleasure of My Company</original_title>
  <original_language_id type="integer" nil="true"/>
  <media_type>book</media_type>
  <rating_dist>5:3218|4:5561|3:3939|2:882|1:189|total:13789</rating_dist>
  <desc_user_id type="integer" nil="true"/>
  <default_chaptering_book_id type="integer" nil="true"/>
  <default_description_language_code nil="true"/>
</work>
  <average_rating>3.78</average_rating>
  <num_pages><![CDATA[]]></num_pages>
  <format><![CDATA[]]></format>
  <edition_information><![CDATA[]]></edition_information>
  <ratings_count><![CDATA[12381]]></ratings_count>
  <text_reviews_count><![CDATA[1166]]></text_reviews_count>
  <url><![CDATA[https://www.goodreads.com/book/show/10867.The_Pleasure_of_My_Company]]></url>
  <link><![CDATA[https://www.goodreads.com/book/show/10867.The_Pleasure_of_My_Company]]></link>
  <authors>
<author>
<id>7103</id>
<name>Steve Martin</name>
<role></role>
<image_url nophoto='false'>
<![CDATA[https://images.gr-assets.com/authors/1410018030p5/7103.jpg]]>
</image_url>
<small_image_url nophoto='false'>
<![CDATA[https://images.gr-assets.com/authors/1410018030p2/7103.jpg]]>
</small_image_url>
<link><![CDATA[https://www.goodreads.com/author/show/7103.Steve_Martin]]></link>
<average_rating>3.72</average_rating>
<ratings_count>174831</ratings_count>
<text_reviews_count>12452</text_reviews_count>
</author>
</authors>

    <reviews_widget>
      <![CDATA[
        <style>
  #goodreads-widget {
    font-family: georgia, serif;
    padding: 18px 0;
    width:565px;
  }
  #goodreads-widget h1 {
    font-weight:normal;
    font-size: 16px;
    border-bottom: 1px solid #BBB596;
    margin-bottom: 0;
  }
  #goodreads-widget a {
    text-decoration: none;
    color:#660;
  }
  iframe{
    background-color: #fff;
  }
  #goodreads-widget a:hover { text-decoration: underline; }
  #goodreads-widget a:active {
    color:#660;
  }
  #gr_footer {
    width: 100%;
    border-top: 1px solid #BBB596;
    text-align: right;
  }
  #goodreads-widget .gr_branding{
    color: #382110;
    font-size: 11px;
    text-decoration: none;
    font-family: "Helvetica Neue", Helvetica, Arial, sans-serif;
  }
</style>
<div id="goodreads-widget">
  <div id="gr_header"><h1><a rel="nofollow" href="https://www.goodreads.com/book/show/10867.The_Pleasure_of_My_Company">The Pleasure of My Company Reviews</a></h1></div>
  <iframe id="the_iframe" src="https://www.goodreads.com/api/reviews_widget_iframe?did=DEVELOPER_ID&amp;format=html&amp;isbn=0786888016&amp;links=660&amp;min_rating=&amp;review_back=fff&amp;stars=000&amp;text=000" width="565" height="400" frameborder="0"></iframe>
  <div id="gr_footer">
    <a class="gr_branding" target="_blank" rel="nofollow" href="https://www.goodreads.com/book/show/10867.The_Pleasure_of_My_Company?utm_medium=api&amp;utm_source=reviews_widget">Reviews from Goodreads.com</a>
  </div>
</div>

      ]]>
    </reviews_widget>
  <popular_shelves>
      <shelf name="to-read" count="5309"/>
      <shelf name="fiction" count="490"/>
      <shelf name="currently-reading" count="167"/>
      <shelf name="favorites" count="137"/>
      <shelf name="humor" count="124"/>
      <shelf name="books-i-own" count="46"/>
      <shelf name="book-club" count="35"/>
      <shelf name="contemporary" count="34"/>
      <shelf name="comedy" count="33"/>
      <shelf name="novels" count="30"/>
      <shelf name="audiobook" count="29"/>
      <shelf name="contemporary-fiction" count="28"/>
      <shelf name="audiobooks" count="25"/>
      <shelf name="audio" count="25"/>
      <shelf name="owned" count="23"/>
      <shelf name="general-fiction" count="22"/>
      <shelf name="kindle" count="22"/>
      <shelf name="adult-fiction" count="21"/>
      <shelf name="funny" count="19"/>
      <shelf name="owned-books" count="17"/>
      <shelf name="library" count="17"/>
      <shelf name="literary-fiction" count="15"/>
      <shelf name="humour" count="15"/>
      <shelf name="adult" count="14"/>
      <shelf name="default" count="13"/>
      <shelf name="american" count="13"/>
      <shelf name="audio-book" count="13"/>
      <shelf name="read-in-2011" count="11"/>
      <shelf name="my-library" count="11"/>
      <shelf name="psychology" count="11"/>
      <shelf name="steve-martin" count="10"/>
      <shelf name="relationships" count="10"/>
      <shelf name="2004" count="10"/>
      <shelf name="2006" count="10"/>
      <shelf name="humorous" count="9"/>
      <shelf name="romance" count="8"/>
      <shelf name="2005" count="8"/>
      <shelf name="realistic-fiction" count="8"/>
      <shelf name="american-literature" count="7"/>
      <shelf name="ebook" count="7"/>
      <shelf name="california" count="7"/>
      <shelf name="biography" count="7"/>
      <shelf name="literature" count="7"/>
      <shelf name="read-in-2009" count="7"/>
      <shelf name="my-books" count="7"/>
      <shelf name="obsessive-compulsive" count="6"/>
      <shelf name="own-to-read" count="6"/>
      <shelf name="mental-illness" count="6"/>
      <shelf name="novel" count="6"/>
      <shelf name="own-it" count="6"/>
      <shelf name="audible" count="6"/>
      <shelf name="modern-fiction" count="6"/>
      <shelf name="non-fiction" count="6"/>
      <shelf name="audio-books" count="6"/>
      <shelf name="bookclub" count="6"/>
      <shelf name="fiction-general" count="6"/>
      <shelf name="eccentric-character" count="5"/>
      <shelf name="disorder" count="5"/>
      <shelf name="psychological" count="5"/>
      <shelf name="novella" count="5"/>
      <shelf name="to-buy" count="5"/>
      <shelf name="read-in-2010" count="5"/>
      <shelf name="have" count="5"/>
      <shelf name="i-own" count="5"/>
      <shelf name="library-book" count="5"/>
      <shelf name="favourites" count="5"/>
      <shelf name="book-club-reads" count="5"/>
      <shelf name="read-in-2013" count="4"/>
      <shelf name="read-in-2012" count="4"/>
      <shelf name="calibre" count="4"/>
      <shelf name="ebooks" count="4"/>
      <shelf name="general" count="4"/>
      <shelf name="favorite" count="4"/>
      <shelf name="21st-century" count="4"/>
      <shelf name="2003" count="4"/>
      <shelf name="drama" count="4"/>
      <shelf name="re-read" count="4"/>
      <shelf name="collection" count="4"/>
      <shelf name="borrowed" count="4"/>
      <shelf name="abandoned" count="4"/>
      <shelf name="quirky" count="4"/>
      <shelf name="my-bookshelf" count="4"/>
      <shelf name="i-own-it" count="4"/>
      <shelf name="fiction-contemporary" count="4"/>
      <shelf name="didn-t-finish" count="4"/>
      <shelf name="listened-to" count="4"/>
      <shelf name="grown-up-books" count="4"/>
      <shelf name="read-in-2008" count="4"/>
      <shelf name="fiction-literature" count="4"/>
      <shelf name="obsessive-compulsive-disorder" count="3"/>
      <shelf name="shelfari-favorites" count="3"/>
      <shelf name="read-in-2015" count="3"/>
      <shelf name="love" count="3"/>
      <shelf name="on-kindle" count="3"/>
      <shelf name="read-2013" count="3"/>
      <shelf name="other" count="3"/>
      <shelf name="america" count="3"/>
      <shelf name="own-kindle" count="3"/>
      <shelf name="kindle-books" count="3"/>
      <shelf name="couldn-t-finish" count="3"/>
  </popular_shelves>
  <book_links>
    <book_link>
  <id>8</id>
  <name>Libraries</name>
  <link>https://www.goodreads.com/book_link/follow/8</link>
</book_link>

  </book_links>
  <buy_links>
    <buy_link>
<id>1</id>
<name>Amazon</name>
<link>https://www.goodreads.com/book_link/follow/1</link>
</buy_link>
<buy_link>
<id>10</id>
<name>Audible</name>
<link>https://www.goodreads.com/book_link/follow/10</link>
</buy_link>
<buy_link>
<id>3</id>
<name>Barnes &amp; Noble</name>
<link>https://www.goodreads.com/book_link/follow/3</link>
</buy_link>
<buy_link>
<id>1027</id>
<name>Kobo</name>
<link>https://www.goodreads.com/book_link/follow/1027</link>
</buy_link>
<buy_link>
<id>2102</id>
<name>Apple iBooks</name>
<link>https://www.goodreads.com/book_link/follow/2102</link>
</buy_link>
<buy_link>
<id>8036</id>
<name>Google Play</name>
<link>https://www.goodreads.com/book_link/follow/8036</link>
</buy_link>
<buy_link>
<id>4</id>
<name>Abebooks</name>
<link>https://www.goodreads.com/book_link/follow/4</link>
</buy_link>
<buy_link>
<id>882</id>
<name>Book Depository</name>
<link>https://www.goodreads.com/book_link/follow/882</link>
</buy_link>
<buy_link>
<id>9</id>
<name>Indigo</name>
<link>https://www.goodreads.com/book_link/follow/9</link>
</buy_link>
<buy_link>
<id>2</id>
<name>Half.com</name>
<link>https://www.goodreads.com/book_link/follow/2</link>
</buy_link>
<buy_link>
<id>5</id>
<name>Alibris</name>
<link>https://www.goodreads.com/book_link/follow/5</link>
</buy_link>
<buy_link>
<id>107</id>
<name>Better World Books</name>
<link>https://www.goodreads.com/book_link/follow/107</link>
</buy_link>
<buy_link>
<id>7</id>
<name>IndieBound</name>
<link>https://www.goodreads.com/book_link/follow/7</link>
</buy_link>

  </buy_links>
  <series_works>
    
  </series_works>
  <similar_books>
          <book>
<id>364762</id>
<title>10th Grade</title>
<title_without_series>10th Grade</title_without_series>
<link><![CDATA[https://www.goodreads.com/book/show/364762.10th_Grade]]></link>
<small_image_url><![CDATA[https://images.gr-assets.com/books/1320520176s/364762.jpg]]></small_image_url>
<image_url><![CDATA[https://images.gr-assets.com/books/1320520176m/364762.jpg]]></image_url>
<num_pages>272</num_pages>
<work>
<id>354803</id>
</work>
<isbn>0812966627</isbn>
<isbn13>9780812966626</isbn13>
<average_rating>3.03</average_rating>
<ratings_count>308</ratings_count>
<publication_year>2003</publication_year>
<publication_month>1</publication_month>
<publication_day>14</publication_day>
<authors>
<author>
<id>194348</id>
<name>Joseph Weisberg</name>
<link><![CDATA[https://www.goodreads.com/author/show/194348.Joseph_Weisberg]]></link>
</author>
</authors>
</book>

          <book>
<id>268501</id>
<title>Memoir of the Hawk</title>
<title_without_series>Memoir of the Hawk</title_without_series>
<link><![CDATA[https://www.goodreads.com/book/show/268501.Memoir_of_the_Hawk]]></link>
<small_image_url><![CDATA[https://s.gr-assets.com/assets/nophoto/book/50x75-a91bf249278a81aabab721ef782c4a74.png]]></small_image_url>
<image_url><![CDATA[https://s.gr-assets.com/assets/nophoto/book/111x148-bcc042a9c91a29c1d680899eff700a03.png]]></image_url>
<num_pages>192</num_pages>
<work>
<id>550284</id>
</work>
<isbn>006093543X</isbn>
<isbn13>9780060935436</isbn13>
<average_rating>4.16</average_rating>
<ratings_count>262</ratings_count>
<publication_year>2002</publication_year>
<publication_month>7</publication_month>
<publication_day>30</publication_day>
<authors>
<author>
<id>39154</id>
<name>James Tate</name>
<link><![CDATA[https://www.goodreads.com/author/show/39154.James_Tate]]></link>
</author>
</authors>
</book>

          <book>
<id>136266</id>
<title>Her</title>
<title_without_series>Her</title_without_series>
<link><![CDATA[https://www.goodreads.com/book/show/136266.Her]]></link>
<small_image_url><![CDATA[https://images.gr-assets.com/books/1320523363s/136266.jpg]]></small_image_url>
<image_url><![CDATA[https://images.gr-assets.com/books/1320523363m/136266.jpg]]></image_url>
<num_pages>224</num_pages>
<work>
<id>350294</id>
</work>
<isbn>0375713220</isbn>
<isbn13>9780375713224</isbn13>
<average_rating>2.88</average_rating>
<ratings_count>587</ratings_count>
<publication_year>2003</publication_year>
<publication_month>7</publication_month>
<publication_day>8</publication_day>
<authors>
<author>
<id>78787</id>
<name>Laura Zigman</name>
<link><![CDATA[https://www.goodreads.com/author/show/78787.Laura_Zigman]]></link>
</author>
</authors>
</book>

          <book>
<id>134203</id>
<title><![CDATA[Between the Bridge and the River]]></title>
<title_without_series><![CDATA[Between the Bridge and the River]]></title_without_series>
<link><![CDATA[https://www.goodreads.com/book/show/134203.Between_the_Bridge_and_the_River]]></link>
<small_image_url><![CDATA[https://s.gr-assets.com/assets/nophoto/book/50x75-a91bf249278a81aabab721ef782c4a74.png]]></small_image_url>
<image_url><![CDATA[https://s.gr-assets.com/assets/nophoto/book/111x148-bcc042a9c91a29c1d680899eff700a03.png]]></image_url>
<num_pages>329</num_pages>
<work>
<id>482873</id>
</work>
<isbn>0811858197</isbn>
<isbn13>9780811858199</isbn13>
<average_rating>3.80</average_rating>
<ratings_count>3425</ratings_count>
<publication_year></publication_year>
<publication_month></publication_month>
<publication_day></publication_day>
<authors>
<author>
<id>77426</id>
<name>Craig Ferguson</name>
<link><![CDATA[https://www.goodreads.com/author/show/77426.Craig_Ferguson]]></link>
</author>
</authors>
</book>

          <book>
<id>520279</id>
<title><![CDATA[Cad: Confessions of a Toxic Bachelor]]></title>
<title_without_series><![CDATA[Cad: Confessions of a Toxic Bachelor]]></title_without_series>
<link><![CDATA[https://www.goodreads.com/book/show/520279.Cad]]></link>
<small_image_url><![CDATA[https://s.gr-assets.com/assets/nophoto/book/50x75-a91bf249278a81aabab721ef782c4a74.png]]></small_image_url>
<image_url><![CDATA[https://s.gr-assets.com/assets/nophoto/book/111x148-bcc042a9c91a29c1d680899eff700a03.png]]></image_url>
<num_pages>304</num_pages>
<work>
<id>508184</id>
</work>
<isbn>0786868821</isbn>
<isbn13>9780786868827</isbn13>
<average_rating>2.87</average_rating>
<ratings_count>201</ratings_count>
<publication_year>2003</publication_year>
<publication_month>2</publication_month>
<publication_day>14</publication_day>
<authors>
<author>
<id>171846</id>
<name>Rick Marin</name>
<link><![CDATA[https://www.goodreads.com/author/show/171846.Rick_Marin]]></link>
</author>
</authors>
</book>

          <book>
<id>96038</id>
<title>Wake Up, Sir!</title>
<title_without_series>Wake Up, Sir!</title_without_series>
<link><![CDATA[https://www.goodreads.com/book/show/96038.Wake_Up_Sir_]]></link>
<small_image_url><![CDATA[https://s.gr-assets.com/assets/nophoto/book/50x75-a91bf249278a81aabab721ef782c4a74.png]]></small_image_url>
<image_url><![CDATA[https://s.gr-assets.com/assets/nophoto/book/111x148-bcc042a9c91a29c1d680899eff700a03.png]]></image_url>
<num_pages>352</num_pages>
<work>
<id>2718</id>
</work>
<isbn>074344907X</isbn>
<isbn13>9780743449076</isbn13>
<average_rating>3.75</average_rating>
<ratings_count>3211</ratings_count>
<publication_year>2005</publication_year>
<publication_month>7</publication_month>
<publication_day>12</publication_day>
<authors>
<author>
<id>2285</id>
<name>Jonathan Ames</name>
<link><![CDATA[https://www.goodreads.com/author/show/2285.Jonathan_Ames]]></link>
</author>
</authors>
</book>

          <book>
<id>92771</id>
<title>Ibid</title>
<title_without_series>Ibid</title_without_series>
<link><![CDATA[https://www.goodreads.com/book/show/92771.Ibid]]></link>
<small_image_url><![CDATA[https://images.gr-assets.com/books/1328874902s/92771.jpg]]></small_image_url>
<image_url><![CDATA[https://images.gr-assets.com/books/1328874902m/92771.jpg]]></image_url>
<num_pages>264</num_pages>
<work>
<id>1306712</id>
</work>
<isbn>0156031000</isbn>
<isbn13>9780156031004</isbn13>
<average_rating>3.22</average_rating>
<ratings_count>384</ratings_count>
<publication_year>2005</publication_year>
<publication_month>6</publication_month>
<publication_day>1</publication_day>
<authors>
<author>
<id>9993</id>
<name>Mark Dunn</name>
<link><![CDATA[https://www.goodreads.com/author/show/9993.Mark_Dunn]]></link>
</author>
</authors>
</book>

          <book>
<id>54825</id>
<title>Horseman, Pass By </title>
<title_without_series>Horseman, Pass By</title_without_series>
<link><![CDATA[https://www.goodreads.com/book/show/54825.Horseman_Pass_By]]></link>
<small_image_url><![CDATA[https://images.gr-assets.com/books/1339787664s/54825.jpg]]></small_image_url>
<image_url><![CDATA[https://images.gr-assets.com/books/1339787664m/54825.jpg]]></image_url>
<num_pages>192</num_pages>
<work>
<id>879545</id>
</work>
<isbn>068485385X</isbn>
<isbn13>9780684853857</isbn13>
<average_rating>3.93</average_rating>
<ratings_count>2108</ratings_count>
<publication_year>2002</publication_year>
<publication_month>7</publication_month>
<publication_day>2</publication_day>
<authors>
<author>
<id>1055</id>
<name>Larry McMurtry</name>
<link><![CDATA[https://www.goodreads.com/author/show/1055.Larry_McMurtry]]></link>
</author>
</authors>
</book>

          <book>
<id>123910</id>
<title><![CDATA[Everybody into the Pool: True Tales]]></title>
<title_without_series><![CDATA[Everybody into the Pool: True Tales]]></title_without_series>
<link><![CDATA[https://www.goodreads.com/book/show/123910.Everybody_into_the_Pool]]></link>
<small_image_url><![CDATA[https://s.gr-assets.com/assets/nophoto/book/50x75-a91bf249278a81aabab721ef782c4a74.png]]></small_image_url>
<image_url><![CDATA[https://s.gr-assets.com/assets/nophoto/book/111x148-bcc042a9c91a29c1d680899eff700a03.png]]></image_url>
<num_pages></num_pages>
<work>
<id>45362</id>
</work>
<isbn>0060834269</isbn>
<isbn13>9780060834265</isbn13>
<average_rating>3.53</average_rating>
<ratings_count>1262</ratings_count>
<publication_year></publication_year>
<publication_month></publication_month>
<publication_day></publication_day>
<authors>
<author>
<id>25863</id>
<name>Beth Lisick</name>
<link><![CDATA[https://www.goodreads.com/author/show/25863.Beth_Lisick]]></link>
</author>
</authors>
</book>

          <book>
<id>341716</id>
<title><![CDATA[Attention. Deficit. Disorder.: A Novel]]></title>
<title_without_series><![CDATA[Attention. Deficit. Disorder.: A Novel]]></title_without_series>
<link><![CDATA[https://www.goodreads.com/book/show/341716.Attention_Deficit_Disorder_]]></link>
<small_image_url><![CDATA[https://s.gr-assets.com/assets/nophoto/book/50x75-a91bf249278a81aabab721ef782c4a74.png]]></small_image_url>
<image_url><![CDATA[https://s.gr-assets.com/assets/nophoto/book/111x148-bcc042a9c91a29c1d680899eff700a03.png]]></image_url>
<num_pages>368</num_pages>
<work>
<id>2256839</id>
</work>
<isbn>1416912363</isbn>
<isbn13>9781416912361</isbn13>
<average_rating>3.77</average_rating>
<ratings_count>266</ratings_count>
<publication_year>2007</publication_year>
<publication_month>1</publication_month>
<publication_day>23</publication_day>
<authors>
<author>
<id>196011</id>
<name>Brad Listi</name>
<link><![CDATA[https://www.goodreads.com/author/show/196011.Brad_Listi]]></link>
</author>
</authors>
</book>

          <book>
<id>28756</id>
<title>The Cheese Monkeys</title>
<title_without_series>The Cheese Monkeys</title_without_series>
<link><![CDATA[https://www.goodreads.com/book/show/28756.The_Cheese_Monkeys]]></link>
<small_image_url><![CDATA[https://s.gr-assets.com/assets/nophoto/book/50x75-a91bf249278a81aabab721ef782c4a74.png]]></small_image_url>
<image_url><![CDATA[https://s.gr-assets.com/assets/nophoto/book/111x148-bcc042a9c91a29c1d680899eff700a03.png]]></image_url>
<num_pages>288</num_pages>
<work>
<id>1363319</id>
</work>
<isbn>0060507403</isbn>
<isbn13>9780060507404</isbn13>
<average_rating>3.75</average_rating>
<ratings_count>5021</ratings_count>
<publication_year>2002</publication_year>
<publication_month>9</publication_month>
<publication_day>3</publication_day>
<authors>
<author>
<id>16114</id>
<name>Chip Kidd</name>
<link><![CDATA[https://www.goodreads.com/author/show/16114.Chip_Kidd]]></link>
</author>
</authors>
</book>

          <book>
<id>28282</id>
<title>Election</title>
<title_without_series>Election</title_without_series>
<link><![CDATA[https://www.goodreads.com/book/show/28282.Election]]></link>
<small_image_url><![CDATA[https://images.gr-assets.com/books/1405293329s/28282.jpg]]></small_image_url>
<image_url><![CDATA[https://images.gr-assets.com/books/1405293329m/28282.jpg]]></image_url>
<num_pages>200</num_pages>
<work>
<id>83702</id>
</work>
<isbn>0425167283</isbn>
<isbn13>9780425167281</isbn13>
<average_rating>3.86</average_rating>
<ratings_count>6430</ratings_count>
<publication_year></publication_year>
<publication_month></publication_month>
<publication_day></publication_day>
<authors>
<author>
<id>15907</id>
<name>Tom Perrotta</name>
<link><![CDATA[https://www.goodreads.com/author/show/15907.Tom_Perrotta]]></link>
</author>
</authors>
</book>

          <book>
<id>399989</id>
<title>WLT: A Radio Romance</title>
<title_without_series>WLT: A Radio Romance</title_without_series>
<link><![CDATA[https://www.goodreads.com/book/show/399989.WLT]]></link>
<small_image_url><![CDATA[https://images.gr-assets.com/books/1344356874s/399989.jpg]]></small_image_url>
<image_url><![CDATA[https://images.gr-assets.com/books/1344356874m/399989.jpg]]></image_url>
<num_pages>416</num_pages>
<work>
<id>389424</id>
</work>
<isbn>0140103805</isbn>
<isbn13>9780140103809</isbn13>
<average_rating>3.49</average_rating>
<ratings_count>790</ratings_count>
<publication_year>1992</publication_year>
<publication_month>11</publication_month>
<publication_day>1</publication_day>
<authors>
<author>
<id>2014</id>
<name>Garrison Keillor</name>
<link><![CDATA[https://www.goodreads.com/author/show/2014.Garrison_Keillor]]></link>
</author>
</authors>
</book>

          <book>
<id>38272</id>
<title>Speaking With the Angel</title>
<title_without_series>Speaking With the Angel</title_without_series>
<link><![CDATA[https://www.goodreads.com/book/show/38272.Speaking_With_the_Angel]]></link>
<small_image_url><![CDATA[https://images.gr-assets.com/books/1327936141s/38272.jpg]]></small_image_url>
<image_url><![CDATA[https://images.gr-assets.com/books/1327936141m/38272.jpg]]></image_url>
<num_pages>256</num_pages>
<work>
<id>2961720</id>
</work>
<isbn>1573228583</isbn>
<isbn13>9781573228589</isbn13>
<average_rating>3.52</average_rating>
<ratings_count>5403</ratings_count>
<publication_year>2001</publication_year>
<publication_month>2</publication_month>
<publication_day>1</publication_day>
<authors>
<author>
<id>2929</id>
<name>Nick Hornby</name>
<link><![CDATA[https://www.goodreads.com/author/show/2929.Nick_Hornby]]></link>
</author>
</authors>
</book>

          <book>
<id>1102263</id>
<title>The Dutch Wife</title>
<title_without_series>The Dutch Wife</title_without_series>
<link><![CDATA[https://www.goodreads.com/book/show/1102263.The_Dutch_Wife]]></link>
<small_image_url><![CDATA[https://s.gr-assets.com/assets/nophoto/book/50x75-a91bf249278a81aabab721ef782c4a74.png]]></small_image_url>
<image_url><![CDATA[https://s.gr-assets.com/assets/nophoto/book/111x148-bcc042a9c91a29c1d680899eff700a03.png]]></image_url>
<num_pages>313</num_pages>
<work>
<id>1089174</id>
</work>
<isbn>0143013424</isbn>
<isbn13>9780143013426</isbn13>
<average_rating>3.85</average_rating>
<ratings_count>168</ratings_count>
<publication_year></publication_year>
<publication_month></publication_month>
<publication_day></publication_day>
<authors>
<author>
<id>182979</id>
<name>Eric McCormack</name>
<link><![CDATA[https://www.goodreads.com/author/show/182979.Eric_McCormack]]></link>
</author>
</authors>
</book>

          <book>
<id>41227</id>
<title><![CDATA[The Best American Nonrequired Reading 2002]]></title>
<title_without_series><![CDATA[The Best American Nonrequired Reading 2002]]></title_without_series>
<link><![CDATA[https://www.goodreads.com/book/show/41227.The_Best_American_Nonrequired_Reading_2002]]></link>
<small_image_url><![CDATA[https://s.gr-assets.com/assets/nophoto/book/50x75-a91bf249278a81aabab721ef782c4a74.png]]></small_image_url>
<image_url><![CDATA[https://s.gr-assets.com/assets/nophoto/book/111x148-bcc042a9c91a29c1d680899eff700a03.png]]></image_url>
<num_pages>304</num_pages>
<work>
<id>1014364</id>
</work>
<isbn></isbn>
<isbn13>9780618246946</isbn13>
<average_rating>3.81</average_rating>
<ratings_count>917</ratings_count>
<publication_year>2002</publication_year>
<publication_month>10</publication_month>
<publication_day>15</publication_day>
<authors>
<author>
<id>3371</id>
<name>Dave Eggers</name>
<link><![CDATA[https://www.goodreads.com/author/show/3371.Dave_Eggers]]></link>
</author>
</authors>
</book>

          <book>
<id>387876</id>
<title><![CDATA[Micro Fiction: An Anthology of Fifty Really Short Stories]]></title>
<title_without_series><![CDATA[Micro Fiction: An Anthology of Fifty Really Short Stories]]></title_without_series>
<link><![CDATA[https://www.goodreads.com/book/show/387876.Micro_Fiction]]></link>
<small_image_url><![CDATA[https://s.gr-assets.com/assets/nophoto/book/50x75-a91bf249278a81aabab721ef782c4a74.png]]></small_image_url>
<image_url><![CDATA[https://s.gr-assets.com/assets/nophoto/book/111x148-bcc042a9c91a29c1d680899eff700a03.png]]></image_url>
<num_pages>141</num_pages>
<work>
<id>377505</id>
</work>
<isbn>0393314324</isbn>
<isbn13>9780393314328</isbn13>
<average_rating>3.72</average_rating>
<ratings_count>488</ratings_count>
<publication_year>1996</publication_year>
<publication_month>8</publication_month>
<publication_day>17</publication_day>
<authors>
<author>
<id>220512</id>
<name>Jerome Stern</name>
<link><![CDATA[https://www.goodreads.com/author/show/220512.Jerome_Stern]]></link>
</author>
</authors>
</book>

          <book>
<id>163498</id>
<title>Whale Season</title>
<title_without_series>Whale Season</title_without_series>
<link><![CDATA[https://www.goodreads.com/book/show/163498.Whale_Season]]></link>
<small_image_url><![CDATA[https://images.gr-assets.com/books/1320510828s/163498.jpg]]></small_image_url>
<image_url><![CDATA[https://images.gr-assets.com/books/1320510828m/163498.jpg]]></image_url>
<num_pages>320</num_pages>
<work>
<id>157832</id>
</work>
<isbn>0307336786</isbn>
<isbn13>9780307336781</isbn13>
<average_rating>3.41</average_rating>
<ratings_count>392</ratings_count>
<publication_year>2006</publication_year>
<publication_month>11</publication_month>
<publication_day>14</publication_day>
<authors>
<author>
<id>94893</id>
<name>N.M. Kelby</name>
<link><![CDATA[https://www.goodreads.com/author/show/94893.N_M_Kelby]]></link>
</author>
</authors>
</book>

  </similar_books>
</book>

</GoodreadsResponse>