<?xml version="1.0" encoding="UTF-8"?>
<GoodreadsResponse>
  <Request>
    <authentication>true</authentication>
      <key><![CDATA[all_men_must_serve]]></key>
    <method><![CDATA[book_show]]></method>
  </Request>
  <book>
  <id>1087205</id>
  <title><![CDATA[Ouran High School Host Club, Vol. 3 (Ouran High School Host Club, #3)]]></title>
  <isbn><![CDATA[1421500620]]></isbn>
  <isbn13><![CDATA[9781421500621]]></isbn13>
  <asin><![CDATA[]]></asin>
  <kindle_asin><![CDATA[B00FDZERRY]]></kindle_asin>
  <marketplace_id><![CDATA[A1F83G8C2ARO7P]]></marketplace_id>
  <country_code><![CDATA[GB]]></country_code>
  <image_url>https://images.gr-assets.com/books/1393731667m/1087205.jpg</image_url>
  <small_image_url>https://images.gr-assets.com/books/1393731667s/1087205.jpg</small_image_url>
  <publication_year>2005</publication_year>
  <publication_month>11</publication_month>
  <publication_day>1</publication_day>
  <publisher>VIZ Media </publisher>
  <language_code>eng</language_code>
  <is_ebook>false</is_ebook>
  <description><![CDATA[In this sharp-witted romantic comedy about the clash of the classes (of all kinds), a poor girl at a rich kids' school ends up working at the school's toniest club, and gets mistaken for a boy! <br /><p><br />One day, Haruhi, a scholarship student at exclusive Ouran High School, breaks an $80,000 vase that belongs to the "Host Club," a mysterious campus group consisting of six super-rich (and gorgeous) guys. To pay back the damages, she is forced to work for the club, and it's there that she discovers just how wealthy the boys are and how different they are from everybody else. </p><p>Includes a free copy of Shojo Beat magazine!</p>]]></description>
  <work>
  <id type="integer">2902199</id>
  <books_count type="integer">16</books_count>
  <best_book_id type="integer">1087205</best_book_id>
  <reviews_count type="integer">18561</reviews_count>
  <ratings_sum type="integer">57366</ratings_sum>
  <ratings_count type="integer">12918</ratings_count>
  <text_reviews_count type="integer">180</text_reviews_count>
  <original_publication_year type="integer">2004</original_publication_year>
  <original_publication_month type="integer">3</original_publication_month>
  <original_publication_day type="integer">5</original_publication_day>
  <original_title>桜蘭高校ホスト部 3</original_title>
  <original_language_id type="integer" nil="true"/>
  <media_type>book</media_type>
  <rating_dist>5:7834|4:3337|3:1446|2:209|1:92|total:12918</rating_dist>
  <desc_user_id type="integer">16653260</desc_user_id>
  <default_chaptering_book_id type="integer" nil="true"/>
  <default_description_language_code nil="true"/>
</work>
  <average_rating>4.44</average_rating>
  <num_pages><![CDATA[192]]></num_pages>
  <format><![CDATA[Paperback]]></format>
  <edition_information><![CDATA[]]></edition_information>
  <ratings_count><![CDATA[12793]]></ratings_count>
  <text_reviews_count><![CDATA[174]]></text_reviews_count>
  <url><![CDATA[https://www.goodreads.com/book/show/1087205.Ouran_High_School_Host_Club_Vol_3]]></url>
  <link><![CDATA[https://www.goodreads.com/book/show/1087205.Ouran_High_School_Host_Club_Vol_3]]></link>
  <authors>
<author>
<id>144405</id>
<name>Bisco Hatori</name>
<role></role>
<image_url nophoto='false'>
<![CDATA[https://images.gr-assets.com/authors/1371118773p5/144405.jpg]]>
</image_url>
<small_image_url nophoto='false'>
<![CDATA[https://images.gr-assets.com/authors/1371118773p2/144405.jpg]]>
</small_image_url>
<link><![CDATA[https://www.goodreads.com/author/show/144405.Bisco_Hatori]]></link>
<average_rating>4.42</average_rating>
<ratings_count>290917</ratings_count>
<text_reviews_count>3538</text_reviews_count>
</author>
</authors>

    <reviews_widget>
      <![CDATA[
        <style>
  #goodreads-widget {
    font-family: georgia, serif;
    padding: 18px 0;
    width:565px;
  }
  #goodreads-widget h1 {
    font-weight:normal;
    font-size: 16px;
    border-bottom: 1px solid #BBB596;
    margin-bottom: 0;
  }
  #goodreads-widget a {
    text-decoration: none;
    color:#660;
  }
  iframe{
    background-color: #fff;
  }
  #goodreads-widget a:hover { text-decoration: underline; }
  #goodreads-widget a:active {
    color:#660;
  }
  #gr_footer {
    width: 100%;
    border-top: 1px solid #BBB596;
    text-align: right;
  }
  #goodreads-widget .gr_branding{
    color: #382110;
    font-size: 11px;
    text-decoration: none;
    font-family: "Helvetica Neue", Helvetica, Arial, sans-serif;
  }
</style>
<div id="goodreads-widget">
  <div id="gr_header"><h1><a rel="nofollow" href="https://www.goodreads.com/book/show/1087205.Ouran_High_School_Host_Club_Vol_3">Ouran High School Host Club, Vol. 3 Reviews</a></h1></div>
  <iframe id="the_iframe" src="https://www.goodreads.com/api/reviews_widget_iframe?did=DEVELOPER_ID&amp;format=html&amp;isbn=1421500620&amp;links=660&amp;min_rating=&amp;review_back=fff&amp;stars=000&amp;text=000" width="565" height="400" frameborder="0"></iframe>
  <div id="gr_footer">
    <a class="gr_branding" target="_blank" rel="nofollow" href="https://www.goodreads.com/book/show/1087205.Ouran_High_School_Host_Club_Vol_3?utm_medium=api&amp;utm_source=reviews_widget">Reviews from Goodreads.com</a>
  </div>
</div>

      ]]>
    </reviews_widget>
  <popular_shelves>
      <shelf name="to-read" count="3859"/>
      <shelf name="manga" count="1904"/>
      <shelf name="romance" count="110"/>
      <shelf name="currently-reading" count="79"/>
      <shelf name="favorites" count="77"/>
      <shelf name="graphic-novels" count="69"/>
      <shelf name="mangas" count="54"/>
      <shelf name="owned" count="49"/>
      <shelf name="young-adult" count="49"/>
      <shelf name="books-i-own" count="45"/>
      <shelf name="read-manga" count="43"/>
      <shelf name="comedy" count="43"/>
      <shelf name="humor" count="43"/>
      <shelf name="shoujo" count="42"/>
      <shelf name="comics" count="36"/>
      <shelf name="manga-read" count="33"/>
      <shelf name="graphic-novel" count="33"/>
      <shelf name="series" count="31"/>
      <shelf name="fiction" count="31"/>
      <shelf name="ouran-high-school-host-club" count="30"/>
      <shelf name="manga-comics" count="29"/>
      <shelf name="anime" count="28"/>
      <shelf name="manga-graphic-novels" count="26"/>
      <shelf name="ya" count="21"/>
      <shelf name="shōjo" count="19"/>
      <shelf name="shojo" count="19"/>
      <shelf name="library" count="16"/>
      <shelf name="comics-manga" count="15"/>
      <shelf name="owned-manga" count="15"/>
      <shelf name="graphic-novels-manga" count="14"/>
      <shelf name="manga-shoujo" count="14"/>
      <shelf name="default" count="13"/>
      <shelf name="favourites" count="13"/>
      <shelf name="my-books" count="13"/>
      <shelf name="manga-and-comics" count="13"/>
      <shelf name="shoujo-manga" count="12"/>
      <shelf name="read-in-2015" count="11"/>
      <shelf name="funny" count="11"/>
      <shelf name="host-club" count="11"/>
      <shelf name="manga-i-own" count="11"/>
      <shelf name="manga-manhwa" count="11"/>
      <shelf name="contemporary" count="10"/>
      <shelf name="i-own" count="10"/>
      <shelf name="manga-i-ve-read" count="10"/>
      <shelf name="manga-graphic-novel" count="10"/>
      <shelf name="teen" count="9"/>
      <shelf name="gender-bender" count="9"/>
      <shelf name="humour" count="9"/>
      <shelf name="school" count="9"/>
      <shelf name="owned-books" count="9"/>
      <shelf name="graphic-novel-manga" count="9"/>
      <shelf name="drama" count="9"/>
      <shelf name="ouran" count="9"/>
      <shelf name="manga-to-read" count="8"/>
      <shelf name="manga-and-graphic-novels" count="8"/>
      <shelf name="school-life" count="8"/>
      <shelf name="graphic-novels-and-manga" count="8"/>
      <shelf name="favorite-manga" count="8"/>
      <shelf name="manga-shojo" count="7"/>
      <shelf name="comic" count="7"/>
      <shelf name="borrowed" count="7"/>
      <shelf name="read-in-2013" count="6"/>
      <shelf name="slice-of-life" count="6"/>
      <shelf name="reverse-harem" count="6"/>
      <shelf name="high-school" count="6"/>
      <shelf name="wish-list" count="6"/>
      <shelf name="japan" count="6"/>
      <shelf name="shojo-manga" count="6"/>
      <shelf name="read-in-2016" count="5"/>
      <shelf name="to-read-manga" count="5"/>
      <shelf name="graphic-novels-comics" count="5"/>
      <shelf name="5-stars" count="5"/>
      <shelf name="mangas-read" count="5"/>
      <shelf name="re-read" count="5"/>
      <shelf name="graphic" count="5"/>
      <shelf name="my-library" count="5"/>
      <shelf name="comics-and-manga" count="5"/>
      <shelf name="ouran-host-club" count="5"/>
      <shelf name="bisco-hatori" count="5"/>
      <shelf name="comic-manga" count="5"/>
      <shelf name="own-it" count="5"/>
      <shelf name="ohshc" count="5"/>
      <shelf name="anime-manga" count="5"/>
      <shelf name="manga-romance" count="5"/>
      <shelf name="to-buy" count="5"/>
      <shelf name="2016-reads" count="4"/>
      <shelf name="read-2016" count="4"/>
      <shelf name="4-stars" count="4"/>
      <shelf name="manga-owned" count="4"/>
      <shelf name="read-2014" count="4"/>
      <shelf name="2014-reads" count="4"/>
      <shelf name="manga-collection" count="4"/>
      <shelf name="romantic" count="4"/>
      <shelf name="paperback" count="4"/>
      <shelf name="ebooks" count="4"/>
      <shelf name="my-manga" count="4"/>
      <shelf name="chick-lit" count="4"/>
      <shelf name="3-star" count="4"/>
      <shelf name="read-mangas" count="4"/>
      <shelf name="female-protagonist" count="4"/>
  </popular_shelves>
  <book_links>
    <book_link>
  <id>8</id>
  <name>Libraries</name>
  <link>https://www.goodreads.com/book_link/follow/8</link>
</book_link>

  </book_links>
  <buy_links>
    <buy_link>
<id>1</id>
<name>Amazon</name>
<link>https://www.goodreads.com/book_link/follow/1</link>
</buy_link>
<buy_link>
<id>10</id>
<name>Audible</name>
<link>https://www.goodreads.com/book_link/follow/10</link>
</buy_link>
<buy_link>
<id>3</id>
<name>Barnes &amp; Noble</name>
<link>https://www.goodreads.com/book_link/follow/3</link>
</buy_link>
<buy_link>
<id>1027</id>
<name>Kobo</name>
<link>https://www.goodreads.com/book_link/follow/1027</link>
</buy_link>
<buy_link>
<id>2102</id>
<name>Apple iBooks</name>
<link>https://www.goodreads.com/book_link/follow/2102</link>
</buy_link>
<buy_link>
<id>8036</id>
<name>Google Play</name>
<link>https://www.goodreads.com/book_link/follow/8036</link>
</buy_link>
<buy_link>
<id>4</id>
<name>Abebooks</name>
<link>https://www.goodreads.com/book_link/follow/4</link>
</buy_link>
<buy_link>
<id>882</id>
<name>Book Depository</name>
<link>https://www.goodreads.com/book_link/follow/882</link>
</buy_link>
<buy_link>
<id>9</id>
<name>Indigo</name>
<link>https://www.goodreads.com/book_link/follow/9</link>
</buy_link>
<buy_link>
<id>2</id>
<name>Half.com</name>
<link>https://www.goodreads.com/book_link/follow/2</link>
</buy_link>
<buy_link>
<id>5</id>
<name>Alibris</name>
<link>https://www.goodreads.com/book_link/follow/5</link>
</buy_link>
<buy_link>
<id>107</id>
<name>Better World Books</name>
<link>https://www.goodreads.com/book_link/follow/107</link>
</buy_link>
<buy_link>
<id>7</id>
<name>IndieBound</name>
<link>https://www.goodreads.com/book_link/follow/7</link>
</buy_link>

  </buy_links>
  <series_works>
    <series_work>
<id>208922</id>
<user_position>3</user_position>
<series>
<id>53423</id>
<title>
<![CDATA[
    Ouran High School Host Club
]]>
</title>
<description>
<![CDATA[
    Ouran High School Host Club is complete with 18 volumes.
    
    In this screwball romantic comedy, Haruhi, a poor girl at a rich kids' school, is forced to repay an $80,000 debt by working for the school's swankiest, all-male club-as a boy! There she discovers just how wealthy the six members are and how different the rich are from everybody else...
]]>
</description>
<note>
<![CDATA[
]]>
</note>
<series_works_count>19</series_works_count>
<primary_work_count>18</primary_work_count>
<numbered>true</numbered>
</series>

</series_work>

  </series_works>
  <similar_books>
          <book>
<id>282361</id>
<title><![CDATA[Hana-Kimi, Vol. 6 (Hana-Kimi, #6)]]></title>
<title_without_series>Hana-Kimi, Vol. 6</title_without_series>
<link><![CDATA[https://www.goodreads.com/book/show/282361.Hana_Kimi_Vol_6]]></link>
<small_image_url><![CDATA[https://s.gr-assets.com/assets/nophoto/book/50x75-a91bf249278a81aabab721ef782c4a74.png]]></small_image_url>
<image_url><![CDATA[https://s.gr-assets.com/assets/nophoto/book/111x148-bcc042a9c91a29c1d680899eff700a03.png]]></image_url>
<num_pages>192</num_pages>
<work>
<id>273914</id>
</work>
<isbn>1591164982</isbn>
<isbn13>9781591164982</isbn13>
<average_rating>4.34</average_rating>
<ratings_count>3506</ratings_count>
<publication_year>2005</publication_year>
<publication_month>7</publication_month>
<publication_day>6</publication_day>
<authors>
<author>
<id>164153</id>
<name>Hisaya Nakajo</name>
<link><![CDATA[https://www.goodreads.com/author/show/164153.Hisaya_Nakajo]]></link>
</author>
</authors>
</book>

          <book>
<id>271244</id>
<title>Fruits Basket, Vol. 18</title>
<title_without_series>Fruits Basket, Vol. 18</title_without_series>
<link><![CDATA[https://www.goodreads.com/book/show/271244.Fruits_Basket_Vol_18]]></link>
<small_image_url><![CDATA[https://s.gr-assets.com/assets/nophoto/book/50x75-a91bf249278a81aabab721ef782c4a74.png]]></small_image_url>
<image_url><![CDATA[https://s.gr-assets.com/assets/nophoto/book/111x148-bcc042a9c91a29c1d680899eff700a03.png]]></image_url>
<num_pages>200</num_pages>
<work>
<id>262967</id>
</work>
<isbn>1598168622</isbn>
<isbn13>9781598168624</isbn13>
<average_rating>4.45</average_rating>
<ratings_count>9849</ratings_count>
<publication_year></publication_year>
<publication_month></publication_month>
<publication_day></publication_day>
<authors>
<author>
<id>26306</id>
<name>Natsuki Takaya</name>
<link><![CDATA[https://www.goodreads.com/author/show/26306.Natsuki_Takaya]]></link>
</author>
</authors>
</book>

          <book>
<id>282266</id>
<title>Skip Beat!, Vol. 05</title>
<title_without_series>Skip Beat!, Vol. 05</title_without_series>
<link><![CDATA[https://www.goodreads.com/book/show/282266.Skip_Beat_Vol_05]]></link>
<small_image_url><![CDATA[https://s.gr-assets.com/assets/nophoto/book/50x75-a91bf249278a81aabab721ef782c4a74.png]]></small_image_url>
<image_url><![CDATA[https://s.gr-assets.com/assets/nophoto/book/111x148-bcc042a9c91a29c1d680899eff700a03.png]]></image_url>
<num_pages>208</num_pages>
<work>
<id>273819</id>
</work>
<isbn>1421510227</isbn>
<isbn13>9781421510224</isbn13>
<average_rating>4.53</average_rating>
<ratings_count>4875</ratings_count>
<publication_year>2007</publication_year>
<publication_month>3</publication_month>
<publication_day>6</publication_day>
<authors>
<author>
<id>164127</id>
<name>Yoshiki Nakamura</name>
<link><![CDATA[https://www.goodreads.com/author/show/164127.Yoshiki_Nakamura]]></link>
</author>
</authors>
</book>

  </similar_books>
</book>

</GoodreadsResponse>