<?xml version="1.0" encoding="UTF-8"?>
<GoodreadsResponse>
  <Request>
    <authentication>true</authentication>
      <key><![CDATA[all_men_must_serve]]></key>
    <method><![CDATA[book_show]]></method>
  </Request>
  <book>
  <id>10873</id>
  <title>Shopgirl</title>
  <isbn><![CDATA[0786891076]]></isbn>
  <isbn13><![CDATA[9780786891078]]></isbn13>
  <asin><![CDATA[]]></asin>
  <kindle_asin><![CDATA[B00HN82O9M]]></kindle_asin>
  <marketplace_id><![CDATA[A1F83G8C2ARO7P]]></marketplace_id>
  <country_code><![CDATA[GB]]></country_code>
  <image_url>https://s.gr-assets.com/assets/nophoto/book/111x148-bcc042a9c91a29c1d680899eff700a03.png</image_url>
  <small_image_url>https://s.gr-assets.com/assets/nophoto/book/50x75-a91bf249278a81aabab721ef782c4a74.png</small_image_url>
  <publication_year>2000</publication_year>
  <publication_month>1</publication_month>
  <publication_day>1</publication_day>
  <publisher></publisher>
  <language_code>en-US</language_code>
  <is_ebook>false</is_ebook>
  <description><![CDATA[Lonely, depressed, Vermont transplant Mirabelle Buttersfield, who sells expensive evening gloves nobody ever buys at Neiman Marcus in Beverly Hills and spends her evenings watching television with her two cats. She attempts to forge a relationship with middle-aged, womanizing, Seattle millionaire Ray Porter while being pursued by socially inept and unambitious slacker Jeremy.<br /><br />With more than 340,000 copies in print, Steve Martin's <i>Shopgirl</i> has landed on bestseller lists nationwide including: New York Times, Publishers Weekly, USA Today, Wall Street Journal, San Francisco Chronicle, Washington Post, and Los Angeles Times.<br /><br />Filled with the kind of witty, discerning observations that have brought Steve Martin incredible critical success, this story of modern day love and romance is a work of disarming tenderness.]]></description>
  <work>
  <id type="integer">1028908</id>
  <books_count type="integer">43</books_count>
  <best_book_id type="integer">10873</best_book_id>
  <reviews_count type="integer">43509</reviews_count>
  <ratings_sum type="integer">110729</ratings_sum>
  <ratings_count type="integer">32370</ratings_count>
  <text_reviews_count type="integer">2489</text_reviews_count>
  <original_publication_year type="integer">2000</original_publication_year>
  <original_publication_month type="integer" nil="true"/>
  <original_publication_day type="integer" nil="true"/>
  <original_title>Shopgirl: A Novella</original_title>
  <original_language_id type="integer" nil="true"/>
  <media_type>book</media_type>
  <rating_dist>5:4703|4:10730|3:11516|2:4325|1:1096|total:32370</rating_dist>
  <desc_user_id type="integer">17092697</desc_user_id>
  <default_chaptering_book_id type="integer" nil="true"/>
  <default_description_language_code nil="true"/>
</work>
  <average_rating>3.42</average_rating>
  <num_pages><![CDATA[130]]></num_pages>
  <format><![CDATA[]]></format>
  <edition_information><![CDATA[]]></edition_information>
  <ratings_count><![CDATA[28076]]></ratings_count>
  <text_reviews_count><![CDATA[1996]]></text_reviews_count>
  <url><![CDATA[https://www.goodreads.com/book/show/10873.Shopgirl]]></url>
  <link><![CDATA[https://www.goodreads.com/book/show/10873.Shopgirl]]></link>
  <authors>
<author>
<id>7103</id>
<name>Steve Martin</name>
<role></role>
<image_url nophoto='false'>
<![CDATA[https://images.gr-assets.com/authors/1410018030p5/7103.jpg]]>
</image_url>
<small_image_url nophoto='false'>
<![CDATA[https://images.gr-assets.com/authors/1410018030p2/7103.jpg]]>
</small_image_url>
<link><![CDATA[https://www.goodreads.com/author/show/7103.Steve_Martin]]></link>
<average_rating>3.72</average_rating>
<ratings_count>174829</ratings_count>
<text_reviews_count>12452</text_reviews_count>
</author>
</authors>

    <reviews_widget>
      <![CDATA[
        <style>
  #goodreads-widget {
    font-family: georgia, serif;
    padding: 18px 0;
    width:565px;
  }
  #goodreads-widget h1 {
    font-weight:normal;
    font-size: 16px;
    border-bottom: 1px solid #BBB596;
    margin-bottom: 0;
  }
  #goodreads-widget a {
    text-decoration: none;
    color:#660;
  }
  iframe{
    background-color: #fff;
  }
  #goodreads-widget a:hover { text-decoration: underline; }
  #goodreads-widget a:active {
    color:#660;
  }
  #gr_footer {
    width: 100%;
    border-top: 1px solid #BBB596;
    text-align: right;
  }
  #goodreads-widget .gr_branding{
    color: #382110;
    font-size: 11px;
    text-decoration: none;
    font-family: "Helvetica Neue", Helvetica, Arial, sans-serif;
  }
</style>
<div id="goodreads-widget">
  <div id="gr_header"><h1><a rel="nofollow" href="https://www.goodreads.com/book/show/10873.Shopgirl">Shopgirl Reviews</a></h1></div>
  <iframe id="the_iframe" src="https://www.goodreads.com/api/reviews_widget_iframe?did=DEVELOPER_ID&amp;format=html&amp;isbn=0786891076&amp;links=660&amp;min_rating=&amp;review_back=fff&amp;stars=000&amp;text=000" width="565" height="400" frameborder="0"></iframe>
  <div id="gr_footer">
    <a class="gr_branding" target="_blank" rel="nofollow" href="https://www.goodreads.com/book/show/10873.Shopgirl?utm_medium=api&amp;utm_source=reviews_widget">Reviews from Goodreads.com</a>
  </div>
</div>

      ]]>
    </reviews_widget>
  <popular_shelves>
      <shelf name="to-read" count="6653"/>
      <shelf name="fiction" count="1011"/>
      <shelf name="favorites" count="239"/>
      <shelf name="romance" count="100"/>
      <shelf name="books-i-own" count="98"/>
      <shelf name="contemporary" count="77"/>
      <shelf name="owned" count="68"/>
      <shelf name="humor" count="66"/>
      <shelf name="contemporary-fiction" count="66"/>
      <shelf name="novels" count="58"/>
      <shelf name="book-club" count="54"/>
      <shelf name="general-fiction" count="53"/>
      <shelf name="adult-fiction" count="50"/>
      <shelf name="chick-lit" count="44"/>
      <shelf name="novella" count="39"/>
      <shelf name="adult" count="37"/>
      <shelf name="audiobooks" count="33"/>
      <shelf name="owned-books" count="30"/>
      <shelf name="literary-fiction" count="30"/>
      <shelf name="audiobook" count="27"/>
      <shelf name="literature" count="27"/>
      <shelf name="library" count="26"/>
      <shelf name="california" count="24"/>
      <shelf name="currently-reading" count="23"/>
      <shelf name="default" count="22"/>
      <shelf name="american" count="21"/>
      <shelf name="relationships" count="20"/>
      <shelf name="audio" count="20"/>
      <shelf name="read-in-2011" count="18"/>
      <shelf name="modern-fiction" count="18"/>
      <shelf name="bookclub" count="18"/>
      <shelf name="comedy" count="17"/>
      <shelf name="novel" count="17"/>
      <shelf name="2005" count="17"/>
      <shelf name="realistic-fiction" count="16"/>
      <shelf name="novellas" count="15"/>
      <shelf name="short-stories" count="15"/>
      <shelf name="kindle" count="14"/>
      <shelf name="own-it" count="14"/>
      <shelf name="movies" count="14"/>
      <shelf name="read-in-2014" count="13"/>
      <shelf name="steve-martin" count="13"/>
      <shelf name="modern" count="13"/>
      <shelf name="my-library" count="13"/>
      <shelf name="borrowed" count="13"/>
      <shelf name="movie" count="13"/>
      <shelf name="quick-reads" count="12"/>
      <shelf name="book-to-movie" count="12"/>
      <shelf name="2006" count="12"/>
      <shelf name="funny" count="12"/>
      <shelf name="i-own" count="12"/>
      <shelf name="read-in-2013" count="11"/>
      <shelf name="read-in-2012" count="11"/>
      <shelf name="to-buy" count="11"/>
      <shelf name="love" count="11"/>
      <shelf name="home-library" count="11"/>
      <shelf name="drama" count="10"/>
      <shelf name="2001" count="10"/>
      <shelf name="my-books" count="10"/>
      <shelf name="favorite" count="10"/>
      <shelf name="did-not-finish" count="9"/>
      <shelf name="to-read-fiction" count="9"/>
      <shelf name="favourites" count="9"/>
      <shelf name="audio-books" count="9"/>
      <shelf name="los-angeles" count="9"/>
      <shelf name="books-to-movies" count="9"/>
      <shelf name="shelfari-favorites" count="8"/>
      <shelf name="short-novels" count="8"/>
      <shelf name="american-literature" count="8"/>
      <shelf name="books" count="8"/>
      <shelf name="short" count="8"/>
      <shelf name="wish-list" count="8"/>
      <shelf name="reviewed" count="8"/>
      <shelf name="ebook" count="8"/>
      <shelf name="library-books" count="8"/>
      <shelf name="2002" count="8"/>
      <shelf name="all-time-favorites" count="8"/>
      <shelf name="in-my-library" count="8"/>
      <shelf name="read-in-2010" count="7"/>
      <shelf name="books-made-into-movies" count="7"/>
      <shelf name="fantasy" count="7"/>
      <shelf name="coming-of-age" count="7"/>
      <shelf name="2000" count="7"/>
      <shelf name="read-in-2006" count="7"/>
      <shelf name="read-in-2015" count="6"/>
      <shelf name="abandoned" count="6"/>
      <shelf name="fiction-literature" count="6"/>
      <shelf name="audible" count="6"/>
      <shelf name="love-story" count="6"/>
      <shelf name="popular-fiction" count="6"/>
      <shelf name="read-fiction" count="6"/>
      <shelf name="humour" count="6"/>
      <shelf name="other-fiction" count="6"/>
      <shelf name="audio-book" count="6"/>
      <shelf name="literature-fiction" count="6"/>
      <shelf name="saw-the-movie" count="6"/>
      <shelf name="listened-to" count="6"/>
      <shelf name="chicklit" count="6"/>
      <shelf name="2004" count="6"/>
      <shelf name="read-in-2016" count="5"/>
  </popular_shelves>
  <book_links>
    <book_link>
  <id>8</id>
  <name>Libraries</name>
  <link>https://www.goodreads.com/book_link/follow/8</link>
</book_link>

  </book_links>
  <buy_links>
    <buy_link>
<id>1</id>
<name>Amazon</name>
<link>https://www.goodreads.com/book_link/follow/1</link>
</buy_link>
<buy_link>
<id>10</id>
<name>Audible</name>
<link>https://www.goodreads.com/book_link/follow/10</link>
</buy_link>
<buy_link>
<id>3</id>
<name>Barnes &amp; Noble</name>
<link>https://www.goodreads.com/book_link/follow/3</link>
</buy_link>
<buy_link>
<id>1027</id>
<name>Kobo</name>
<link>https://www.goodreads.com/book_link/follow/1027</link>
</buy_link>
<buy_link>
<id>2102</id>
<name>Apple iBooks</name>
<link>https://www.goodreads.com/book_link/follow/2102</link>
</buy_link>
<buy_link>
<id>8036</id>
<name>Google Play</name>
<link>https://www.goodreads.com/book_link/follow/8036</link>
</buy_link>
<buy_link>
<id>4</id>
<name>Abebooks</name>
<link>https://www.goodreads.com/book_link/follow/4</link>
</buy_link>
<buy_link>
<id>882</id>
<name>Book Depository</name>
<link>https://www.goodreads.com/book_link/follow/882</link>
</buy_link>
<buy_link>
<id>9</id>
<name>Indigo</name>
<link>https://www.goodreads.com/book_link/follow/9</link>
</buy_link>
<buy_link>
<id>2</id>
<name>Half.com</name>
<link>https://www.goodreads.com/book_link/follow/2</link>
</buy_link>
<buy_link>
<id>5</id>
<name>Alibris</name>
<link>https://www.goodreads.com/book_link/follow/5</link>
</buy_link>
<buy_link>
<id>107</id>
<name>Better World Books</name>
<link>https://www.goodreads.com/book_link/follow/107</link>
</buy_link>
<buy_link>
<id>7</id>
<name>IndieBound</name>
<link>https://www.goodreads.com/book_link/follow/7</link>
</buy_link>

  </buy_links>
  <series_works>
    
  </series_works>
  <similar_books>
          <book>
<id>7881140</id>
<title><![CDATA[Pengantin Demos Vol. 1 (Akuma no Hanayome, #1)]]></title>
<title_without_series>Pengantin Demos Vol. 1</title_without_series>
<link><![CDATA[https://www.goodreads.com/book/show/7881140-pengantin-demos-vol-1]]></link>
<small_image_url><![CDATA[https://s.gr-assets.com/assets/nophoto/book/50x75-a91bf249278a81aabab721ef782c4a74.png]]></small_image_url>
<image_url><![CDATA[https://s.gr-assets.com/assets/nophoto/book/111x148-bcc042a9c91a29c1d680899eff700a03.png]]></image_url>
<num_pages>207</num_pages>
<work>
<id>11081546</id>
</work>
<isbn>9796632608</isbn>
<isbn13></isbn13>
<average_rating>3.82</average_rating>
<ratings_count>181</ratings_count>
<publication_year>1997</publication_year>
<publication_month></publication_month>
<publication_day></publication_day>
<authors>
<author>
<id>1879422</id>
<name>Etsuko Ikeda</name>
<link><![CDATA[https://www.goodreads.com/author/show/1879422.Etsuko_Ikeda]]></link>
</author>
</authors>
</book>

          <book>
<id>786267</id>
<title>The Hottest State</title>
<title_without_series>The Hottest State</title_without_series>
<link><![CDATA[https://www.goodreads.com/book/show/786267.The_Hottest_State]]></link>
<small_image_url><![CDATA[https://s.gr-assets.com/assets/nophoto/book/50x75-a91bf249278a81aabab721ef782c4a74.png]]></small_image_url>
<image_url><![CDATA[https://s.gr-assets.com/assets/nophoto/book/111x148-bcc042a9c91a29c1d680899eff700a03.png]]></image_url>
<num_pages>208</num_pages>
<work>
<id>550843</id>
</work>
<isbn>0679781358</isbn>
<isbn13>9780679781356</isbn13>
<average_rating>3.34</average_rating>
<ratings_count>2859</ratings_count>
<publication_year>1998</publication_year>
<publication_month>10</publication_month>
<publication_day>27</publication_day>
<authors>
<author>
<id>2970</id>
<name>Ethan Hawke</name>
<link><![CDATA[https://www.goodreads.com/author/show/2970.Ethan_Hawke]]></link>
</author>
</authors>
</book>

          <book>
<id>908745</id>
<title>About Schmidt (Schmidt, #1)</title>
<title_without_series>About Schmidt</title_without_series>
<link><![CDATA[https://www.goodreads.com/book/show/908745.About_Schmidt]]></link>
<small_image_url><![CDATA[https://s.gr-assets.com/assets/nophoto/book/50x75-a91bf249278a81aabab721ef782c4a74.png]]></small_image_url>
<image_url><![CDATA[https://s.gr-assets.com/assets/nophoto/book/111x148-bcc042a9c91a29c1d680899eff700a03.png]]></image_url>
<num_pages>275</num_pages>
<work>
<id>44620</id>
</work>
<isbn>0449911160</isbn>
<isbn13>9780449911167</isbn13>
<average_rating>3.18</average_rating>
<ratings_count>638</ratings_count>
<publication_year>1997</publication_year>
<publication_month>9</publication_month>
<publication_day>8</publication_day>
<authors>
<author>
<id>11577</id>
<name>Louis Begley</name>
<link><![CDATA[https://www.goodreads.com/author/show/11577.Louis_Begley]]></link>
</author>
</authors>
</book>

          <book>
<id>19161908</id>
<title>The Golden Gizmo</title>
<title_without_series>The Golden Gizmo</title_without_series>
<link><![CDATA[https://www.goodreads.com/book/show/19161908-the-golden-gizmo]]></link>
<small_image_url><![CDATA[https://images.gr-assets.com/books/1403182234s/19161908.jpg]]></small_image_url>
<image_url><![CDATA[https://images.gr-assets.com/books/1403182234m/19161908.jpg]]></image_url>
<num_pages>240</num_pages>
<work>
<id>239060</id>
</work>
<isbn>0316403989</isbn>
<isbn13>9780316403986</isbn13>
<average_rating>3.46</average_rating>
<ratings_count>508</ratings_count>
<publication_year>2014</publication_year>
<publication_month>8</publication_month>
<publication_day>5</publication_day>
<authors>
<author>
<id>7621</id>
<name>Jim Thompson</name>
<link><![CDATA[https://www.goodreads.com/author/show/7621.Jim_Thompson]]></link>
</author>
</authors>
</book>

          <book>
<id>1516687</id>
<title>Brownies</title>
<title_without_series>Brownies</title_without_series>
<link><![CDATA[https://www.goodreads.com/book/show/1516687.Brownies]]></link>
<small_image_url><![CDATA[https://s.gr-assets.com/assets/nophoto/book/50x75-a91bf249278a81aabab721ef782c4a74.png]]></small_image_url>
<image_url><![CDATA[https://s.gr-assets.com/assets/nophoto/book/111x148-bcc042a9c91a29c1d680899eff700a03.png]]></image_url>
<num_pages>240</num_pages>
<work>
<id>1508420</id>
</work>
<isbn>9793600373</isbn>
<isbn13></isbn13>
<average_rating>2.86</average_rating>
<ratings_count>519</ratings_count>
<publication_year>2004</publication_year>
<publication_month></publication_month>
<publication_day></publication_day>
<authors>
<author>
<id>486195</id>
<name>Fira Basuki</name>
<link><![CDATA[https://www.goodreads.com/author/show/486195.Fira_Basuki]]></link>
</author>
</authors>
</book>

          <book>
<id>228352</id>
<title>A Secret Word: A Novel</title>
<title_without_series>A Secret Word: A Novel</title_without_series>
<link><![CDATA[https://www.goodreads.com/book/show/228352.A_Secret_Word]]></link>
<small_image_url><![CDATA[https://s.gr-assets.com/assets/nophoto/book/50x75-a91bf249278a81aabab721ef782c4a74.png]]></small_image_url>
<image_url><![CDATA[https://s.gr-assets.com/assets/nophoto/book/111x148-bcc042a9c91a29c1d680899eff700a03.png]]></image_url>
<num_pages></num_pages>
<work>
<id>221151</id>
</work>
<isbn>0743247078</isbn>
<isbn13>9780743247078</isbn13>
<average_rating>3.07</average_rating>
<ratings_count>220</ratings_count>
<publication_year></publication_year>
<publication_month></publication_month>
<publication_day></publication_day>
<authors>
<author>
<id>26775</id>
<name>Jennifer Paddock</name>
<link><![CDATA[https://www.goodreads.com/author/show/26775.Jennifer_Paddock]]></link>
</author>
</authors>
</book>

          <book>
<id>16800</id>
<title>Good Benito</title>
<title_without_series>Good Benito</title_without_series>
<link><![CDATA[https://www.goodreads.com/book/show/16800.Good_Benito]]></link>
<small_image_url><![CDATA[https://images.gr-assets.com/books/1474825700s/16800.jpg]]></small_image_url>
<image_url><![CDATA[https://images.gr-assets.com/books/1474825700m/16800.jpg]]></image_url>
<num_pages>0</num_pages>
<work>
<id>1820797</id>
</work>
<isbn>0517267659</isbn>
<isbn13>9780517267653</isbn13>
<average_rating>3.38</average_rating>
<ratings_count>777</ratings_count>
<publication_year>1995</publication_year>
<publication_month>1</publication_month>
<publication_day>15</publication_day>
<authors>
<author>
<id>8933</id>
<name>Alan Lightman</name>
<link><![CDATA[https://www.goodreads.com/author/show/8933.Alan_Lightman]]></link>
</author>
</authors>
</book>

          <book>
<id>1126596</id>
<title>Let Dai, Volume 02</title>
<title_without_series>Let Dai, Volume 02</title_without_series>
<link><![CDATA[https://www.goodreads.com/book/show/1126596.Let_Dai_Volume_02]]></link>
<small_image_url><![CDATA[https://s.gr-assets.com/assets/nophoto/book/50x75-a91bf249278a81aabab721ef782c4a74.png]]></small_image_url>
<image_url><![CDATA[https://s.gr-assets.com/assets/nophoto/book/111x148-bcc042a9c91a29c1d680899eff700a03.png]]></image_url>
<num_pages>159</num_pages>
<work>
<id>1113760</id>
</work>
<isbn>1600090060</isbn>
<isbn13>9781600090066</isbn13>
<average_rating>4.26</average_rating>
<ratings_count>203</ratings_count>
<publication_year>2006</publication_year>
<publication_month>5</publication_month>
<publication_day>2</publication_day>
<authors>
<author>
<id>554273</id>
<name>Sooyeon Won</name>
<link><![CDATA[https://www.goodreads.com/author/show/554273.Sooyeon_Won]]></link>
</author>
</authors>
</book>

          <book>
<id>8544491</id>
<title><![CDATA[Candy Candy, Vol. 8 (Candy Candy, #8)]]></title>
<title_without_series>Candy Candy, Vol. 8</title_without_series>
<link><![CDATA[https://www.goodreads.com/book/show/8544491-candy-candy-vol-8]]></link>
<small_image_url><![CDATA[https://s.gr-assets.com/assets/nophoto/book/50x75-a91bf249278a81aabab721ef782c4a74.png]]></small_image_url>
<image_url><![CDATA[https://s.gr-assets.com/assets/nophoto/book/111x148-bcc042a9c91a29c1d680899eff700a03.png]]></image_url>
<num_pages>205</num_pages>
<work>
<id>13412257</id>
</work>
<isbn></isbn>
<isbn13></isbn13>
<average_rating>4.38</average_rating>
<ratings_count>226</ratings_count>
<publication_year>1991</publication_year>
<publication_month></publication_month>
<publication_day></publication_day>
<authors>
<author>
<id>634235</id>
<name>Kyoko Mizuki</name>
<link><![CDATA[https://www.goodreads.com/author/show/634235.Kyoko_Mizuki]]></link>
</author>
</authors>
</book>

          <book>
<id>1598040</id>
<title>Angel&apos;s Rest</title>
<title_without_series>Angel&apos;s Rest</title_without_series>
<link><![CDATA[https://www.goodreads.com/book/show/1598040.Angel_s_Rest]]></link>
<small_image_url><![CDATA[https://s.gr-assets.com/assets/nophoto/book/50x75-a91bf249278a81aabab721ef782c4a74.png]]></small_image_url>
<image_url><![CDATA[https://s.gr-assets.com/assets/nophoto/book/111x148-bcc042a9c91a29c1d680899eff700a03.png]]></image_url>
<num_pages></num_pages>
<work>
<id>1591217</id>
</work>
<isbn>0778324737</isbn>
<isbn13>9780778324737</isbn13>
<average_rating>3.88</average_rating>
<ratings_count>453</ratings_count>
<publication_year></publication_year>
<publication_month></publication_month>
<publication_day></publication_day>
<authors>
<author>
<id>8341637</id>
<name>Charles   Davis</name>
<link><![CDATA[https://www.goodreads.com/author/show/8341637.Charles_Davis]]></link>
</author>
</authors>
</book>

          <book>
<id>929004</id>
<title>Personal Velocity</title>
<title_without_series>Personal Velocity</title_without_series>
<link><![CDATA[https://www.goodreads.com/book/show/929004.Personal_Velocity]]></link>
<small_image_url><![CDATA[https://s.gr-assets.com/assets/nophoto/book/50x75-a91bf249278a81aabab721ef782c4a74.png]]></small_image_url>
<image_url><![CDATA[https://s.gr-assets.com/assets/nophoto/book/111x148-bcc042a9c91a29c1d680899eff700a03.png]]></image_url>
<num_pages>179</num_pages>
<work>
<id>221238</id>
</work>
<isbn>0802139183</isbn>
<isbn13>9780802139184</isbn13>
<average_rating>3.37</average_rating>
<ratings_count>637</ratings_count>
<publication_year></publication_year>
<publication_month></publication_month>
<publication_day></publication_day>
<authors>
<author>
<id>133622</id>
<name>Rebecca Miller</name>
<link><![CDATA[https://www.goodreads.com/author/show/133622.Rebecca_Miller]]></link>
</author>
</authors>
</book>

          <book>
<id>7145140</id>
<title><![CDATA[Black Rose Alice, Tome 1 (Black Rose Alice #1)]]></title>
<title_without_series>Black Rose Alice, Tome 1</title_without_series>
<link><![CDATA[https://www.goodreads.com/book/show/7145140-black-rose-alice-tome-1]]></link>
<small_image_url><![CDATA[https://images.gr-assets.com/books/1258237948s/7145140.jpg]]></small_image_url>
<image_url><![CDATA[https://images.gr-assets.com/books/1258237948m/7145140.jpg]]></image_url>
<num_pages>164</num_pages>
<work>
<id>7409670</id>
</work>
<isbn>2849656283</isbn>
<isbn13>9782849656280</isbn13>
<average_rating>3.60</average_rating>
<ratings_count>285</ratings_count>
<publication_year>2009</publication_year>
<publication_month>7</publication_month>
<publication_day>9</publication_day>
<authors>
<author>
<id>320741</id>
<name>Setona Mizushiro</name>
<link><![CDATA[https://www.goodreads.com/author/show/320741.Setona_Mizushiro]]></link>
</author>
</authors>
</book>

          <book>
<id>1102263</id>
<title>The Dutch Wife</title>
<title_without_series>The Dutch Wife</title_without_series>
<link><![CDATA[https://www.goodreads.com/book/show/1102263.The_Dutch_Wife]]></link>
<small_image_url><![CDATA[https://s.gr-assets.com/assets/nophoto/book/50x75-a91bf249278a81aabab721ef782c4a74.png]]></small_image_url>
<image_url><![CDATA[https://s.gr-assets.com/assets/nophoto/book/111x148-bcc042a9c91a29c1d680899eff700a03.png]]></image_url>
<num_pages>313</num_pages>
<work>
<id>1089174</id>
</work>
<isbn>0143013424</isbn>
<isbn13>9780143013426</isbn13>
<average_rating>3.85</average_rating>
<ratings_count>168</ratings_count>
<publication_year></publication_year>
<publication_month></publication_month>
<publication_day></publication_day>
<authors>
<author>
<id>182979</id>
<name>Eric McCormack</name>
<link><![CDATA[https://www.goodreads.com/author/show/182979.Eric_McCormack]]></link>
</author>
</authors>
</book>

          <book>
<id>378813</id>
<title>Instant Love: Fiction</title>
<title_without_series>Instant Love: Fiction</title_without_series>
<link><![CDATA[https://www.goodreads.com/book/show/378813.Instant_Love]]></link>
<small_image_url><![CDATA[https://images.gr-assets.com/books/1320432434s/378813.jpg]]></small_image_url>
<image_url><![CDATA[https://images.gr-assets.com/books/1320432434m/378813.jpg]]></image_url>
<num_pages>279</num_pages>
<work>
<id>1281211</id>
</work>
<isbn>0307337839</isbn>
<isbn13>9780307337832</isbn13>
<average_rating>3.41</average_rating>
<ratings_count>464</ratings_count>
<publication_year>2007</publication_year>
<publication_month>4</publication_month>
<publication_day>24</publication_day>
<authors>
<author>
<id>215765</id>
<name>Jami Attenberg</name>
<link><![CDATA[https://www.goodreads.com/author/show/215765.Jami_Attenberg]]></link>
</author>
</authors>
</book>

          <book>
<id>28282</id>
<title>Election</title>
<title_without_series>Election</title_without_series>
<link><![CDATA[https://www.goodreads.com/book/show/28282.Election]]></link>
<small_image_url><![CDATA[https://images.gr-assets.com/books/1405293329s/28282.jpg]]></small_image_url>
<image_url><![CDATA[https://images.gr-assets.com/books/1405293329m/28282.jpg]]></image_url>
<num_pages>200</num_pages>
<work>
<id>83702</id>
</work>
<isbn>0425167283</isbn>
<isbn13>9780425167281</isbn13>
<average_rating>3.86</average_rating>
<ratings_count>6430</ratings_count>
<publication_year></publication_year>
<publication_month></publication_month>
<publication_day></publication_day>
<authors>
<author>
<id>15907</id>
<name>Tom Perrotta</name>
<link><![CDATA[https://www.goodreads.com/author/show/15907.Tom_Perrotta]]></link>
</author>
</authors>
</book>

          <book>
<id>400779</id>
<title>The Assault on Tony&apos;s</title>
<title_without_series>The Assault on Tony&apos;s</title_without_series>
<link><![CDATA[https://www.goodreads.com/book/show/400779.The_Assault_on_Tony_s]]></link>
<small_image_url><![CDATA[https://s.gr-assets.com/assets/nophoto/book/50x75-a91bf249278a81aabab721ef782c4a74.png]]></small_image_url>
<image_url><![CDATA[https://s.gr-assets.com/assets/nophoto/book/111x148-bcc042a9c91a29c1d680899eff700a03.png]]></image_url>
<num_pages>224</num_pages>
<work>
<id>2919796</id>
</work>
<isbn>0802135420</isbn>
<isbn13>9780802135421</isbn13>
<average_rating>3.42</average_rating>
<ratings_count>155</ratings_count>
<publication_year>1997</publication_year>
<publication_month>12</publication_month>
<publication_day>8</publication_day>
<authors>
<author>
<id>5131090</id>
<name>John  O&apos;Brien</name>
<link><![CDATA[https://www.goodreads.com/author/show/5131090.John_O_Brien]]></link>
</author>
</authors>
</book>

          <book>
<id>2607774</id>
<title><![CDATA[Strawberry Panic, Vol. 02 (Strawberry Panic, #2)]]></title>
<title_without_series>Strawberry Panic, Vol. 02</title_without_series>
<link><![CDATA[https://www.goodreads.com/book/show/2607774-strawberry-panic-vol-02]]></link>
<small_image_url><![CDATA[https://s.gr-assets.com/assets/nophoto/book/50x75-a91bf249278a81aabab721ef782c4a74.png]]></small_image_url>
<image_url><![CDATA[https://s.gr-assets.com/assets/nophoto/book/111x148-bcc042a9c91a29c1d680899eff700a03.png]]></image_url>
<num_pages>168</num_pages>
<work>
<id>2632421</id>
</work>
<isbn>1933164891</isbn>
<isbn13>9781933164892</isbn13>
<average_rating>4.04</average_rating>
<ratings_count>297</ratings_count>
<publication_year>2008</publication_year>
<publication_month>3</publication_month>
<publication_day>18</publication_day>
<authors>
<author>
<id>477578</id>
<name>Sakurako Kimino</name>
<link><![CDATA[https://www.goodreads.com/author/show/477578.Sakurako_Kimino]]></link>
</author>
</authors>
</book>

          <book>
<id>30681</id>
<title>Thumbsucker</title>
<title_without_series>Thumbsucker</title_without_series>
<link><![CDATA[https://www.goodreads.com/book/show/30681.Thumbsucker]]></link>
<small_image_url><![CDATA[https://s.gr-assets.com/assets/nophoto/book/50x75-a91bf249278a81aabab721ef782c4a74.png]]></small_image_url>
<image_url><![CDATA[https://s.gr-assets.com/assets/nophoto/book/111x148-bcc042a9c91a29c1d680899eff700a03.png]]></image_url>
<num_pages>300</num_pages>
<work>
<id>2246252</id>
</work>
<isbn>0385497091</isbn>
<isbn13>9780385497091</isbn13>
<average_rating>3.44</average_rating>
<ratings_count>1174</ratings_count>
<publication_year>1999</publication_year>
<publication_month>10</publication_month>
<publication_day>19</publication_day>
<authors>
<author>
<id>15544</id>
<name>Walter Kirn</name>
<link><![CDATA[https://www.goodreads.com/author/show/15544.Walter_Kirn]]></link>
</author>
</authors>
</book>

  </similar_books>
</book>

</GoodreadsResponse>