<?xml version="1.0" encoding="UTF-8"?>
<GoodreadsResponse>
  <Request>
    <authentication>true</authentication>
      <key><![CDATA[all_men_must_serve]]></key>
    <method><![CDATA[book_show]]></method>
  </Request>
  <book>
  <id>10874177</id>
  <title><![CDATA[Etiquette & Espionage (Finishing School, #1)]]></title>
  <isbn><![CDATA[031619008X]]></isbn>
  <isbn13><![CDATA[9780316190084]]></isbn13>
  <asin><![CDATA[]]></asin>
  <kindle_asin><![CDATA[B0091LLBNO]]></kindle_asin>
  <marketplace_id><![CDATA[A1F83G8C2ARO7P]]></marketplace_id>
  <country_code><![CDATA[GB]]></country_code>
  <image_url>https://images.gr-assets.com/books/1331952557m/10874177.jpg</image_url>
  <small_image_url>https://images.gr-assets.com/books/1331952557s/10874177.jpg</small_image_url>
  <publication_year>2013</publication_year>
  <publication_month>2</publication_month>
  <publication_day>5</publication_day>
  <publisher>Little, Brown Books for Young Readers</publisher>
  <language_code>en-CA</language_code>
  <is_ebook>false</is_ebook>
  <description><![CDATA[<i>It's one thing to learn to curtsy properly. It's quite another to learn to curtsy and throw a knife at the same time. Welcome to Finishing School.</i><br /><br />Fourteen-year-old Sophronia is a great trial to her poor mother. Sophronia is more interested in dismantling clocks and climbing trees than proper manners--and the family can only hope that company never sees her atrocious curtsy. Mrs. Temminnick is desperate for her daughter to become a proper lady. So she enrolls Sophronia in Mademoiselle Geraldine's Finishing Academy for Young Ladies of Quality. <br /><br />But Sophronia soon realizes the school is not quite what her mother might have hoped. At Mademoiselle Geraldine's, young ladies learn to finish...everything. Certainly, they learn the fine arts of dance, dress, and etiquette, but they also learn to deal out death, diversion, and espionage--in the politest possible ways, of course. Sophronia and her friends are in for a rousing first year's education.]]></description>
  <work>
  <id type="integer">15789500</id>
  <books_count type="integer">31</books_count>
  <best_book_id type="integer">10874177</best_book_id>
  <reviews_count type="integer">89616</reviews_count>
  <ratings_sum type="integer">131441</ratings_sum>
  <ratings_count type="integer">34641</ratings_count>
  <text_reviews_count type="integer">5261</text_reviews_count>
  <original_publication_year type="integer">2013</original_publication_year>
  <original_publication_month type="integer" nil="true"/>
  <original_publication_day type="integer" nil="true"/>
  <original_title>Etiquette &amp; Espionage</original_title>
  <original_language_id type="integer" nil="true"/>
  <media_type>book</media_type>
  <rating_dist>5:9509|4:13044|3:8640|2:2352|1:1096|total:34641</rating_dist>
  <desc_user_id type="integer">45728724</desc_user_id>
  <default_chaptering_book_id type="integer" nil="true"/>
  <default_description_language_code nil="true"/>
</work>
  <average_rating>3.79</average_rating>
  <num_pages><![CDATA[307]]></num_pages>
  <format><![CDATA[Hardcover]]></format>
  <edition_information><![CDATA[]]></edition_information>
  <ratings_count><![CDATA[29841]]></ratings_count>
  <text_reviews_count><![CDATA[4327]]></text_reviews_count>
  <url><![CDATA[https://www.goodreads.com/book/show/10874177-etiquette-espionage]]></url>
  <link><![CDATA[https://www.goodreads.com/book/show/10874177-etiquette-espionage]]></link>
  <authors>
<author>
<id>2891665</id>
<name>Gail Carriger</name>
<role></role>
<image_url nophoto='false'>
<![CDATA[https://images.gr-assets.com/authors/1476925456p5/2891665.jpg]]>
</image_url>
<small_image_url nophoto='false'>
<![CDATA[https://images.gr-assets.com/authors/1476925456p2/2891665.jpg]]>
</small_image_url>
<link><![CDATA[https://www.goodreads.com/author/show/2891665.Gail_Carriger]]></link>
<average_rating>3.98</average_rating>
<ratings_count>298354</ratings_count>
<text_reviews_count>33109</text_reviews_count>
</author>
</authors>

    <reviews_widget>
      <![CDATA[
        <style>
  #goodreads-widget {
    font-family: georgia, serif;
    padding: 18px 0;
    width:565px;
  }
  #goodreads-widget h1 {
    font-weight:normal;
    font-size: 16px;
    border-bottom: 1px solid #BBB596;
    margin-bottom: 0;
  }
  #goodreads-widget a {
    text-decoration: none;
    color:#660;
  }
  iframe{
    background-color: #fff;
  }
  #goodreads-widget a:hover { text-decoration: underline; }
  #goodreads-widget a:active {
    color:#660;
  }
  #gr_footer {
    width: 100%;
    border-top: 1px solid #BBB596;
    text-align: right;
  }
  #goodreads-widget .gr_branding{
    color: #382110;
    font-size: 11px;
    text-decoration: none;
    font-family: "Helvetica Neue", Helvetica, Arial, sans-serif;
  }
</style>
<div id="goodreads-widget">
  <div id="gr_header"><h1><a rel="nofollow" href="https://www.goodreads.com/book/show/10874177-etiquette-espionage">Etiquette &amp;amp; Espionage Reviews</a></h1></div>
  <iframe id="the_iframe" src="https://www.goodreads.com/api/reviews_widget_iframe?did=DEVELOPER_ID&amp;format=html&amp;isbn=031619008X&amp;links=660&amp;min_rating=&amp;review_back=fff&amp;stars=000&amp;text=000" width="565" height="400" frameborder="0"></iframe>
  <div id="gr_footer">
    <a class="gr_branding" target="_blank" rel="nofollow" href="https://www.goodreads.com/book/show/10874177-etiquette-espionage?utm_medium=api&amp;utm_source=reviews_widget">Reviews from Goodreads.com</a>
  </div>
</div>

      ]]>
    </reviews_widget>
  <popular_shelves>
      <shelf name="to-read" count="10717"/>
      <shelf name="ya" count="1133"/>
      <shelf name="steampunk" count="895"/>
      <shelf name="fantasy" count="621"/>
      <shelf name="young-adult" count="607"/>
      <shelf name="historical-fiction" count="538"/>
      <shelf name="currently-reading" count="338"/>
      <shelf name="science-fiction" count="293"/>
      <shelf name="favorites" count="239"/>
      <shelf name="audiobook" count="226"/>
      <shelf name="adventure" count="223"/>
      <shelf name="fiction" count="193"/>
      <shelf name="series" count="186"/>
      <shelf name="teen" count="176"/>
      <shelf name="audiobooks" count="168"/>
      <shelf name="audio" count="162"/>
      <shelf name="library" count="157"/>
      <shelf name="urban-fantasy" count="153"/>
      <shelf name="read-in-2013" count="152"/>
      <shelf name="kindle" count="149"/>
      <shelf name="books-i-own" count="148"/>
      <shelf name="paranormal" count="140"/>
      <shelf name="historical" count="137"/>
      <shelf name="humor" count="132"/>
      <shelf name="owned" count="130"/>
      <shelf name="ebook" count="122"/>
      <shelf name="vampires" count="119"/>
      <shelf name="alternate-history" count="106"/>
      <shelf name="victorian" count="106"/>
      <shelf name="boarding-school" count="98"/>
      <shelf name="sci-fi" count="94"/>
      <shelf name="steam-punk" count="92"/>
      <shelf name="ya-fiction" count="84"/>
      <shelf name="mystery" count="82"/>
      <shelf name="dnf" count="82"/>
      <shelf name="espionage" count="80"/>
      <shelf name="werewolves" count="78"/>
      <shelf name="read-2013" count="78"/>
      <shelf name="sci-fi-fantasy" count="75"/>
      <shelf name="wish-list" count="75"/>
      <shelf name="spies" count="74"/>
      <shelf name="vampire" count="68"/>
      <shelf name="gail-carriger" count="67"/>
      <shelf name="audible" count="65"/>
      <shelf name="maybe" count="64"/>
      <shelf name="spy" count="63"/>
      <shelf name="did-not-finish" count="60"/>
      <shelf name="ebooks" count="60"/>
      <shelf name="read-in-2015" count="59"/>
      <shelf name="audio-books" count="56"/>
      <shelf name="funny" count="55"/>
      <shelf name="owned-books" count="54"/>
      <shelf name="audio-book" count="54"/>
      <shelf name="young-adult-fiction" count="53"/>
      <shelf name="supernatural" count="51"/>
      <shelf name="england" count="50"/>
      <shelf name="reviewed" count="48"/>
      <shelf name="abandoned" count="46"/>
      <shelf name="school" count="43"/>
      <shelf name="book-club" count="43"/>
      <shelf name="action-adventure" count="43"/>
      <shelf name="finishing-school" count="42"/>
      <shelf name="library-books" count="42"/>
      <shelf name="ya-lit" count="41"/>
      <shelf name="arc" count="41"/>
      <shelf name="netgalley" count="40"/>
      <shelf name="ya-books" count="40"/>
      <shelf name="2013-releases" count="40"/>
      <shelf name="teen-fiction" count="38"/>
      <shelf name="middle-grade" count="37"/>
      <shelf name="friendship" count="37"/>
      <shelf name="historical-fantasy" count="37"/>
      <shelf name="shapeshifters" count="35"/>
      <shelf name="tbr" count="35"/>
      <shelf name="to-buy" count="34"/>
      <shelf name="read-in-2016" count="33"/>
      <shelf name="youngadult" count="33"/>
      <shelf name="read-2015" count="32"/>
      <shelf name="romance" count="31"/>
      <shelf name="2014-reads" count="31"/>
      <shelf name="action" count="30"/>
      <shelf name="werewolf" count="30"/>
      <shelf name="own-it" count="29"/>
      <shelf name="e-books" count="29"/>
      <shelf name="chick-lit" count="29"/>
      <shelf name="ya-fantasy" count="28"/>
      <shelf name="my-books" count="28"/>
      <shelf name="e-book" count="28"/>
      <shelf name="2013-reads" count="28"/>
      <shelf name="scifi-fantasy" count="28"/>
      <shelf name="didn-t-finish" count="27"/>
      <shelf name="2013-read" count="27"/>
      <shelf name="read-2016" count="26"/>
      <shelf name="unfinished" count="26"/>
      <shelf name="default" count="26"/>
      <shelf name="2013-release" count="26"/>
      <shelf name="library-book" count="25"/>
      <shelf name="shifters" count="25"/>
      <shelf name="female-protagonist" count="24"/>
      <shelf name="never-finished" count="24"/>
  </popular_shelves>
  <book_links>
    <book_link>
  <id>8</id>
  <name>Libraries</name>
  <link>https://www.goodreads.com/book_link/follow/8</link>
</book_link>

  </book_links>
  <buy_links>
    <buy_link>
<id>1</id>
<name>Amazon</name>
<link>https://www.goodreads.com/book_link/follow/1</link>
</buy_link>
<buy_link>
<id>10</id>
<name>Audible</name>
<link>https://www.goodreads.com/book_link/follow/10</link>
</buy_link>
<buy_link>
<id>3</id>
<name>Barnes &amp; Noble</name>
<link>https://www.goodreads.com/book_link/follow/3</link>
</buy_link>
<buy_link>
<id>1027</id>
<name>Kobo</name>
<link>https://www.goodreads.com/book_link/follow/1027</link>
</buy_link>
<buy_link>
<id>2102</id>
<name>Apple iBooks</name>
<link>https://www.goodreads.com/book_link/follow/2102</link>
</buy_link>
<buy_link>
<id>8036</id>
<name>Google Play</name>
<link>https://www.goodreads.com/book_link/follow/8036</link>
</buy_link>
<buy_link>
<id>4</id>
<name>Abebooks</name>
<link>https://www.goodreads.com/book_link/follow/4</link>
</buy_link>
<buy_link>
<id>882</id>
<name>Book Depository</name>
<link>https://www.goodreads.com/book_link/follow/882</link>
</buy_link>
<buy_link>
<id>9</id>
<name>Indigo</name>
<link>https://www.goodreads.com/book_link/follow/9</link>
</buy_link>
<buy_link>
<id>2</id>
<name>Half.com</name>
<link>https://www.goodreads.com/book_link/follow/2</link>
</buy_link>
<buy_link>
<id>5</id>
<name>Alibris</name>
<link>https://www.goodreads.com/book_link/follow/5</link>
</buy_link>
<buy_link>
<id>107</id>
<name>Better World Books</name>
<link>https://www.goodreads.com/book_link/follow/107</link>
</buy_link>
<buy_link>
<id>7</id>
<name>IndieBound</name>
<link>https://www.goodreads.com/book_link/follow/7</link>
</buy_link>

  </buy_links>
  <series_works>
    <series_work>
<id>245232</id>
<user_position>1</user_position>
<series>
<id>58635</id>
<title>
<![CDATA[
    Finishing School
]]>
</title>
<description>
<![CDATA[
    The Finishing School Series is set in the same world as <a href="http://www.goodreads.com/series/46888-parasol-protectorate">The Parasol Protectorate series</a>, only 25 years earlier, and features a finishing academy located in a giant caterpillar-like dirigible floating over Dartmoor.
]]>
</description>
<note>
<![CDATA[
]]>
</note>
<series_works_count>5</series_works_count>
<primary_work_count>4</primary_work_count>
<numbered>true</numbered>
</series>

</series_work>

  </series_works>
  <similar_books>
          <book>
<id>13327471</id>
<title><![CDATA[Her Own Devices (Magnificent Devices, #2)]]></title>
<title_without_series>Her Own Devices</title_without_series>
<link><![CDATA[https://www.goodreads.com/book/show/13327471-her-own-devices]]></link>
<small_image_url><![CDATA[https://images.gr-assets.com/books/1327879012s/13327471.jpg]]></small_image_url>
<image_url><![CDATA[https://images.gr-assets.com/books/1327879012m/13327471.jpg]]></image_url>
<num_pages>285</num_pages>
<work>
<id>18534698</id>
</work>
<isbn></isbn>
<isbn13></isbn13>
<average_rating>4.03</average_rating>
<ratings_count>3066</ratings_count>
<publication_year>2011</publication_year>
<publication_month>12</publication_month>
<publication_day>22</publication_day>
<authors>
<author>
<id>1026961</id>
<name>Shelley Adina</name>
<link><![CDATA[https://www.goodreads.com/author/show/1026961.Shelley_Adina]]></link>
</author>
</authors>
</book>

          <book>
<id>5623269</id>
<title>The Friday Society</title>
<title_without_series>The Friday Society</title_without_series>
<link><![CDATA[https://www.goodreads.com/book/show/5623269-the-friday-society]]></link>
<small_image_url><![CDATA[https://images.gr-assets.com/books/1337751850s/5623269.jpg]]></small_image_url>
<image_url><![CDATA[https://images.gr-assets.com/books/1337751850m/5623269.jpg]]></image_url>
<num_pages>440</num_pages>
<work>
<id>5794664</id>
</work>
<isbn>0803737610</isbn>
<isbn13>9780803737617</isbn13>
<average_rating>3.50</average_rating>
<ratings_count>2787</ratings_count>
<publication_year>2012</publication_year>
<publication_month>12</publication_month>
<publication_day>6</publication_day>
<authors>
<author>
<id>777907</id>
<name>Adrienne Kress</name>
<link><![CDATA[https://www.goodreads.com/author/show/777907.Adrienne_Kress]]></link>
</author>
</authors>
</book>

          <book>
<id>12899734</id>
<title><![CDATA[The Iron Wyrm Affair (Bannon & Clare, #1)]]></title>
<title_without_series>The Iron Wyrm Affair</title_without_series>
<link><![CDATA[https://www.goodreads.com/book/show/12899734-the-iron-wyrm-affair]]></link>
<small_image_url><![CDATA[https://images.gr-assets.com/books/1341021318s/12899734.jpg]]></small_image_url>
<image_url><![CDATA[https://images.gr-assets.com/books/1341021318m/12899734.jpg]]></image_url>
<num_pages>323</num_pages>
<work>
<id>17961877</id>
</work>
<isbn>031620126X</isbn>
<isbn13>9780316201261</isbn13>
<average_rating>3.38</average_rating>
<ratings_count>3864</ratings_count>
<publication_year></publication_year>
<publication_month></publication_month>
<publication_day></publication_day>
<authors>
<author>
<id>131208</id>
<name>Lilith Saintcrow</name>
<link><![CDATA[https://www.goodreads.com/author/show/131208.Lilith_Saintcrow]]></link>
</author>
</authors>
</book>

          <book>
<id>12823329</id>
<title><![CDATA[God Save the Queen (The Immortal Empire, #1)]]></title>
<title_without_series>God Save the Queen</title_without_series>
<link><![CDATA[https://www.goodreads.com/book/show/12823329-god-save-the-queen]]></link>
<small_image_url><![CDATA[https://images.gr-assets.com/books/1358634936s/12823329.jpg]]></small_image_url>
<image_url><![CDATA[https://images.gr-assets.com/books/1358634936m/12823329.jpg]]></image_url>
<num_pages>342</num_pages>
<work>
<id>17973055</id>
</work>
<isbn>0316196126</isbn>
<isbn13>9780316196123</isbn13>
<average_rating>3.85</average_rating>
<ratings_count>4411</ratings_count>
<publication_year></publication_year>
<publication_month></publication_month>
<publication_day></publication_day>
<authors>
<author>
<id>5260599</id>
<name>Kate Locke</name>
<link><![CDATA[https://www.goodreads.com/author/show/5260599.Kate_Locke]]></link>
</author>
</authors>
</book>

          <book>
<id>12004775</id>
<title><![CDATA[Heart of Brass (Clockwork Agents, #1)]]></title>
<title_without_series>Heart of Brass</title_without_series>
<link><![CDATA[https://www.goodreads.com/book/show/12004775-heart-of-brass]]></link>
<small_image_url><![CDATA[https://images.gr-assets.com/books/1358444893s/12004775.jpg]]></small_image_url>
<image_url><![CDATA[https://images.gr-assets.com/books/1358444893m/12004775.jpg]]></image_url>
<num_pages>371</num_pages>
<work>
<id>16969390</id>
</work>
<isbn>0451236599</isbn>
<isbn13>9780451236593</isbn13>
<average_rating>3.65</average_rating>
<ratings_count>968</ratings_count>
<publication_year>2012</publication_year>
<publication_month>5</publication_month>
<publication_day>1</publication_day>
<authors>
<author>
<id>5032105</id>
<name>Kate Cross</name>
<link><![CDATA[https://www.goodreads.com/author/show/5032105.Kate_Cross]]></link>
</author>
</authors>
</book>

          <book>
<id>14896828</id>
<title>Tethered (Iron Seas, #2.5)</title>
<title_without_series>Tethered</title_without_series>
<link><![CDATA[https://www.goodreads.com/book/show/14896828-tethered]]></link>
<small_image_url><![CDATA[https://images.gr-assets.com/books/1364527547s/14896828.jpg]]></small_image_url>
<image_url><![CDATA[https://images.gr-assets.com/books/1364527547m/14896828.jpg]]></image_url>
<num_pages>187</num_pages>
<work>
<id>20550744</id>
</work>
<isbn></isbn>
<isbn13></isbn13>
<average_rating>4.20</average_rating>
<ratings_count>1210</ratings_count>
<publication_year>2013</publication_year>
<publication_month>4</publication_month>
<publication_day>2</publication_day>
<authors>
<author>
<id>24009</id>
<name>Meljean Brook</name>
<link><![CDATA[https://www.goodreads.com/author/show/24009.Meljean_Brook]]></link>
</author>
</authors>
</book>

          <book>
<id>13085609</id>
<title><![CDATA[The Janus Affair (Ministry of Peculiar Occurrences, #2)]]></title>
<title_without_series>The Janus Affair</title_without_series>
<link><![CDATA[https://www.goodreads.com/book/show/13085609-the-janus-affair]]></link>
<small_image_url><![CDATA[https://images.gr-assets.com/books/1328960260s/13085609.jpg]]></small_image_url>
<image_url><![CDATA[https://images.gr-assets.com/books/1328960260m/13085609.jpg]]></image_url>
<num_pages>416</num_pages>
<work>
<id>18256337</id>
</work>
<isbn>006204978X</isbn>
<isbn13>9780062049780</isbn13>
<average_rating>4.09</average_rating>
<ratings_count>3304</ratings_count>
<publication_year>2012</publication_year>
<publication_month>5</publication_month>
<publication_day>29</publication_day>
<authors>
<author>
<id>6579126</id>
<name>Pip Ballantine</name>
<link><![CDATA[https://www.goodreads.com/author/show/6579126.Pip_Ballantine]]></link>
</author>
</authors>
</book>

          <book>
<id>13503445</id>
<title><![CDATA[Moonlight & Mechanicals (Gaslight Chronicles, #4)]]></title>
<title_without_series>Moonlight &amp; Mechanicals</title_without_series>
<link><![CDATA[https://www.goodreads.com/book/show/13503445-moonlight-mechanicals]]></link>
<small_image_url><![CDATA[https://images.gr-assets.com/books/1346860280s/13503445.jpg]]></small_image_url>
<image_url><![CDATA[https://images.gr-assets.com/books/1346860280m/13503445.jpg]]></image_url>
<num_pages>176</num_pages>
<work>
<id>19052613</id>
</work>
<isbn></isbn>
<isbn13></isbn13>
<average_rating>3.79</average_rating>
<ratings_count>680</ratings_count>
<publication_year>2012</publication_year>
<publication_month>10</publication_month>
<publication_day></publication_day>
<authors>
<author>
<id>1089946</id>
<name>Cindy Spencer Pape</name>
<link><![CDATA[https://www.goodreads.com/author/show/1089946.Cindy_Spencer_Pape]]></link>
</author>
</authors>
</book>

          <book>
<id>8918559</id>
<title><![CDATA[Corsets & Clockwork: 13 Steampunk Romances]]></title>
<title_without_series><![CDATA[Corsets & Clockwork: 13 Steampunk Romances]]></title_without_series>
<link><![CDATA[https://www.goodreads.com/book/show/8918559-corsets-clockwork]]></link>
<small_image_url><![CDATA[https://images.gr-assets.com/books/1360390063s/8918559.jpg]]></small_image_url>
<image_url><![CDATA[https://images.gr-assets.com/books/1360390063m/8918559.jpg]]></image_url>
<num_pages>430</num_pages>
<work>
<id>13794998</id>
</work>
<isbn>0762440929</isbn>
<isbn13>9780762440924</isbn13>
<average_rating>3.46</average_rating>
<ratings_count>1424</ratings_count>
<publication_year>2011</publication_year>
<publication_month>4</publication_month>
<publication_day>26</publication_day>
<authors>
<author>
<id>1239645</id>
<name>Trisha Telep</name>
<link><![CDATA[https://www.goodreads.com/author/show/1239645.Trisha_Telep]]></link>
</author>
</authors>
</book>

          <book>
<id>17264584</id>
<title><![CDATA[A Study in Darkness (The Baskerville Affair, #2)]]></title>
<title_without_series>A Study in Darkness</title_without_series>
<link><![CDATA[https://www.goodreads.com/book/show/17264584-a-study-in-darkness]]></link>
<small_image_url><![CDATA[https://images.gr-assets.com/books/1368485412s/17264584.jpg]]></small_image_url>
<image_url><![CDATA[https://images.gr-assets.com/books/1368485412m/17264584.jpg]]></image_url>
<num_pages>513</num_pages>
<work>
<id>23862387</id>
</work>
<isbn>034553719X</isbn>
<isbn13>9780345537195</isbn13>
<average_rating>3.91</average_rating>
<ratings_count>1176</ratings_count>
<publication_year>2013</publication_year>
<publication_month>10</publication_month>
<publication_day>29</publication_day>
<authors>
<author>
<id>6897702</id>
<name>Emma Jane Holloway</name>
<link><![CDATA[https://www.goodreads.com/author/show/6897702.Emma_Jane_Holloway]]></link>
</author>
</authors>
</book>

          <book>
<id>9515638</id>
<title><![CDATA[The Hidden Goddess (Veneficas Americana, #2)]]></title>
<title_without_series>The Hidden Goddess</title_without_series>
<link><![CDATA[https://www.goodreads.com/book/show/9515638-the-hidden-goddess]]></link>
<small_image_url><![CDATA[https://s.gr-assets.com/assets/nophoto/book/50x75-a91bf249278a81aabab721ef782c4a74.png]]></small_image_url>
<image_url><![CDATA[https://s.gr-assets.com/assets/nophoto/book/111x148-bcc042a9c91a29c1d680899eff700a03.png]]></image_url>
<num_pages>374</num_pages>
<work>
<id>14401470</id>
</work>
<isbn>0553592661</isbn>
<isbn13>9780553592665</isbn13>
<average_rating>3.71</average_rating>
<ratings_count>1009</ratings_count>
<publication_year>2011</publication_year>
<publication_month>4</publication_month>
<publication_day>26</publication_day>
<authors>
<author>
<id>1550534</id>
<name>M.K. Hobson</name>
<link><![CDATA[https://www.goodreads.com/author/show/1550534.M_K_Hobson]]></link>
</author>
</authors>
</book>

          <book>
<id>13074999</id>
<title><![CDATA[Tarnished (The St. Croix Chronicles, #1)]]></title>
<title_without_series>Tarnished</title_without_series>
<link><![CDATA[https://www.goodreads.com/book/show/13074999-tarnished]]></link>
<small_image_url><![CDATA[https://images.gr-assets.com/books/1329795888s/13074999.jpg]]></small_image_url>
<image_url><![CDATA[https://images.gr-assets.com/books/1329795888m/13074999.jpg]]></image_url>
<num_pages>384</num_pages>
<work>
<id>18241731</id>
</work>
<isbn>0062127640</isbn>
<isbn13>9780062127648</isbn13>
<average_rating>3.58</average_rating>
<ratings_count>871</ratings_count>
<publication_year>2012</publication_year>
<publication_month>6</publication_month>
<publication_day>26</publication_day>
<authors>
<author>
<id>4417841</id>
<name>Karina Cooper</name>
<link><![CDATA[https://www.goodreads.com/author/show/4417841.Karina_Cooper]]></link>
</author>
</authors>
</book>

          <book>
<id>15822336</id>
<title><![CDATA[The Girl with the Iron Touch (Steampunk Chronicles, #3)]]></title>
<title_without_series>The Girl with the Iron Touch</title_without_series>
<link><![CDATA[https://www.goodreads.com/book/show/15822336-the-girl-with-the-iron-touch]]></link>
<small_image_url><![CDATA[https://images.gr-assets.com/books/1354562654s/15822336.jpg]]></small_image_url>
<image_url><![CDATA[https://images.gr-assets.com/books/1354562654m/15822336.jpg]]></image_url>
<num_pages>384</num_pages>
<work>
<id>21552214</id>
</work>
<isbn>037321085X</isbn>
<isbn13>9780373210855</isbn13>
<average_rating>3.97</average_rating>
<ratings_count>5582</ratings_count>
<publication_year>2013</publication_year>
<publication_month>5</publication_month>
<publication_day>28</publication_day>
<authors>
<author>
<id>4308706</id>
<name>Kady Cross</name>
<link><![CDATA[https://www.goodreads.com/author/show/4308706.Kady_Cross]]></link>
</author>
</authors>
</book>

          <book>
<id>10575783</id>
<title><![CDATA[The Doomsday Vault (Clockwork Empire #1)]]></title>
<title_without_series>The Doomsday Vault</title_without_series>
<link><![CDATA[https://www.goodreads.com/book/show/10575783-the-doomsday-vault]]></link>
<small_image_url><![CDATA[https://s.gr-assets.com/assets/nophoto/book/50x75-a91bf249278a81aabab721ef782c4a74.png]]></small_image_url>
<image_url><![CDATA[https://s.gr-assets.com/assets/nophoto/book/111x148-bcc042a9c91a29c1d680899eff700a03.png]]></image_url>
<num_pages>382</num_pages>
<work>
<id>15482842</id>
</work>
<isbn>045146429X</isbn>
<isbn13>9780451464293</isbn13>
<average_rating>3.63</average_rating>
<ratings_count>1146</ratings_count>
<publication_year>2011</publication_year>
<publication_month>11</publication_month>
<publication_day>1</publication_day>
<authors>
<author>
<id>250784</id>
<name>Steven Harper</name>
<link><![CDATA[https://www.goodreads.com/author/show/250784.Steven_Harper]]></link>
</author>
</authors>
</book>

          <book>
<id>12988074</id>
<title><![CDATA[The Unnaturalists (The Unnaturalists, #1)]]></title>
<title_without_series>The Unnaturalists</title_without_series>
<link><![CDATA[https://www.goodreads.com/book/show/12988074-the-unnaturalists]]></link>
<small_image_url><![CDATA[https://images.gr-assets.com/books/1344391555s/12988074.jpg]]></small_image_url>
<image_url><![CDATA[https://images.gr-assets.com/books/1344391555m/12988074.jpg]]></image_url>
<num_pages>308</num_pages>
<work>
<id>14745104</id>
</work>
<isbn>1442422068</isbn>
<isbn13>9781442422063</isbn13>
<average_rating>3.45</average_rating>
<ratings_count>1782</ratings_count>
<publication_year>2012</publication_year>
<publication_month>8</publication_month>
<publication_day>14</publication_day>
<authors>
<author>
<id>345572</id>
<name>Tiffany Trent</name>
<link><![CDATA[https://www.goodreads.com/author/show/345572.Tiffany_Trent]]></link>
</author>
</authors>
</book>

  </similar_books>
</book>

</GoodreadsResponse>