<?xml version="1.0" encoding="UTF-8"?>
<GoodreadsResponse>
  <Request>
    <authentication>true</authentication>
      <key><![CDATA[all_men_must_serve]]></key>
    <method><![CDATA[book_show]]></method>
  </Request>
  <book>
  <id>10882</id>
  <title><![CDATA[Hell's Angels: A Strange and Terrible Saga]]></title>
  <isbn><![CDATA[222109073X]]></isbn>
  <isbn13><![CDATA[9782221090732]]></isbn13>
  <asin><![CDATA[]]></asin>
  <kindle_asin><![CDATA[]]></kindle_asin>
  <marketplace_id><![CDATA[]]></marketplace_id>
  <country_code><![CDATA[GB]]></country_code>
  <image_url>https://s.gr-assets.com/assets/nophoto/book/111x148-bcc042a9c91a29c1d680899eff700a03.png</image_url>
  <small_image_url>https://s.gr-assets.com/assets/nophoto/book/50x75-a91bf249278a81aabab721ef782c4a74.png</small_image_url>
  <publication_year>2000</publication_year>
  <publication_month></publication_month>
  <publication_day></publication_day>
  <publisher>Robert Laffont</publisher>
  <language_code>fre</language_code>
  <is_ebook>false</is_ebook>
  <description><![CDATA["California, Labor Day weekend...early, with ocean fog still in the streets, outlaw motorcyclists wearing chains, shades &amp; greasy Levis roll out from damp garages, all-night diners &amp; cast-off one-night pads in Frisco, Hollywood, Berdoo &amp; East Oakland, heading for the Monterey peninsula, north of Big Sur...The Menace is loose again." Thus begins Hunter S. Thompson's vivid account of his experiences with California's most notorious motorcycle gang, the Hell's Angels.<br /><br /> In the mid-60s, Thompson spent almost two years living with the controversial Angels, cycling up &amp; down the coast, reveling in the anarchic spirit of their clan, and, as befits their name, raising hell. His book successfully captures a singular moment in American history, when the biker lifestyle was 1st defined, &amp; when such countercultural movements were electrifying &amp; horrifying America. Thompson, the creator of Gonzo journalism, writes with his usual bravado, energy &amp; brutal honesty, &amp; with a nuanced &amp; incisive eye; as The New Yorker pointed out, "For all its uninhibited &amp; sardonic humor, Thompson's book is a thoughtful piece of work." As illuminating now as when originally published in '67, Hell's Angels is a gripping portrait, the best account we have of the truth behind an American legend.]]></description>
  <work>
  <id type="integer">1999152</id>
  <books_count type="integer">69</books_count>
  <best_book_id type="integer">10882</best_book_id>
  <reviews_count type="integer">54613</reviews_count>
  <ratings_sum type="integer">133305</ratings_sum>
  <ratings_count type="integer">33327</ratings_count>
  <text_reviews_count type="integer">1175</text_reviews_count>
  <original_publication_year type="integer">1966</original_publication_year>
  <original_publication_month type="integer" nil="true"/>
  <original_publication_day type="integer" nil="true"/>
  <original_title>Hell's Angels</original_title>
  <original_language_id type="integer" nil="true"/>
  <media_type>book</media_type>
  <rating_dist>5:10320|4:14239|3:7389|2:1203|1:176|total:33327</rating_dist>
  <desc_user_id type="integer">974210</desc_user_id>
  <default_chaptering_book_id type="integer" nil="true"/>
  <default_description_language_code nil="true"/>
</work>
  <average_rating>4.00</average_rating>
  <num_pages><![CDATA[295]]></num_pages>
  <format><![CDATA[]]></format>
  <edition_information><![CDATA[]]></edition_information>
  <ratings_count><![CDATA[27837]]></ratings_count>
  <text_reviews_count><![CDATA[749]]></text_reviews_count>
  <url><![CDATA[https://www.goodreads.com/book/show/10882.Hell_s_Angels]]></url>
  <link><![CDATA[https://www.goodreads.com/book/show/10882.Hell_s_Angels]]></link>
  <authors>
<author>
<id>5237</id>
<name>Hunter S. Thompson</name>
<role></role>
<image_url nophoto='false'>
<![CDATA[https://images.gr-assets.com/authors/1206560814p5/5237.jpg]]>
</image_url>
<small_image_url nophoto='false'>
<![CDATA[https://images.gr-assets.com/authors/1206560814p2/5237.jpg]]>
</small_image_url>
<link><![CDATA[https://www.goodreads.com/author/show/5237.Hunter_S_Thompson]]></link>
<average_rating>4.03</average_rating>
<ratings_count>399336</ratings_count>
<text_reviews_count>11033</text_reviews_count>
</author>
</authors>

    <reviews_widget>
      <![CDATA[
        <style>
  #goodreads-widget {
    font-family: georgia, serif;
    padding: 18px 0;
    width:565px;
  }
  #goodreads-widget h1 {
    font-weight:normal;
    font-size: 16px;
    border-bottom: 1px solid #BBB596;
    margin-bottom: 0;
  }
  #goodreads-widget a {
    text-decoration: none;
    color:#660;
  }
  iframe{
    background-color: #fff;
  }
  #goodreads-widget a:hover { text-decoration: underline; }
  #goodreads-widget a:active {
    color:#660;
  }
  #gr_footer {
    width: 100%;
    border-top: 1px solid #BBB596;
    text-align: right;
  }
  #goodreads-widget .gr_branding{
    color: #382110;
    font-size: 11px;
    text-decoration: none;
    font-family: "Helvetica Neue", Helvetica, Arial, sans-serif;
  }
</style>
<div id="goodreads-widget">
  <div id="gr_header"><h1><a rel="nofollow" href="https://www.goodreads.com/book/show/10882.Hell_s_Angels">Hell&#39;s Angels Reviews</a></h1></div>
  <iframe id="the_iframe" src="https://www.goodreads.com/api/reviews_widget_iframe?did=DEVELOPER_ID&amp;format=html&amp;isbn=222109073X&amp;links=660&amp;min_rating=&amp;review_back=fff&amp;stars=000&amp;text=000" width="565" height="400" frameborder="0"></iframe>
  <div id="gr_footer">
    <a class="gr_branding" target="_blank" rel="nofollow" href="https://www.goodreads.com/book/show/10882.Hell_s_Angels?utm_medium=api&amp;utm_source=reviews_widget">Reviews from Goodreads.com</a>
  </div>
</div>

      ]]>
    </reviews_widget>
  <popular_shelves>
      <shelf name="to-read" count="5033"/>
      <shelf name="non-fiction" count="272"/>
      <shelf name="currently-reading" count="267"/>
      <shelf name="nonfiction" count="214"/>
      <shelf name="favorites" count="162"/>
      <shelf name="journalism" count="141"/>
      <shelf name="history" count="132"/>
      <shelf name="owned" count="103"/>
      <shelf name="biography" count="74"/>
      <shelf name="memoir" count="73"/>
      <shelf name="books-i-own" count="67"/>
      <shelf name="crime" count="65"/>
      <shelf name="gonzo" count="62"/>
      <shelf name="true-crime" count="50"/>
      <shelf name="sociology" count="49"/>
      <shelf name="classics" count="48"/>
      <shelf name="hunter-s-thompson" count="45"/>
      <shelf name="american" count="43"/>
      <shelf name="library" count="38"/>
      <shelf name="default" count="36"/>
      <shelf name="culture" count="36"/>
      <shelf name="to-buy" count="33"/>
      <shelf name="literature" count="33"/>
      <shelf name="owned-books" count="29"/>
      <shelf name="memoirs" count="27"/>
      <shelf name="fiction" count="24"/>
      <shelf name="california" count="24"/>
      <shelf name="kindle" count="22"/>
      <shelf name="hst" count="22"/>
      <shelf name="usa" count="21"/>
      <shelf name="drugs" count="21"/>
      <shelf name="autobiography" count="19"/>
      <shelf name="contemporary" count="19"/>
      <shelf name="biography-memoir" count="19"/>
      <shelf name="motorcycle" count="18"/>
      <shelf name="american-literature" count="18"/>
      <shelf name="language" count="17"/>
      <shelf name="social" count="17"/>
      <shelf name="my-books" count="16"/>
      <shelf name="ebook" count="16"/>
      <shelf name="arts" count="16"/>
      <shelf name="popular" count="16"/>
      <shelf name="science" count="16"/>
      <shelf name="gangs" count="16"/>
      <shelf name="american-history" count="16"/>
      <shelf name="counterculture" count="16"/>
      <shelf name="biographies" count="15"/>
      <shelf name="disciplines" count="15"/>
      <shelf name="true" count="15"/>
      <shelf name="literary" count="15"/>
      <shelf name="1960s" count="15"/>
      <shelf name="20th-century" count="15"/>
      <shelf name="novels" count="15"/>
      <shelf name="calibre" count="14"/>
      <shelf name="general" count="14"/>
      <shelf name="ebooks" count="14"/>
      <shelf name="gonzo-journalism" count="14"/>
      <shelf name="criminology" count="14"/>
      <shelf name="adventure" count="14"/>
      <shelf name="abandoned" count="13"/>
      <shelf name="criticism" count="13"/>
      <shelf name="unread" count="13"/>
      <shelf name="modern" count="13"/>
      <shelf name="hell-s" count="13"/>
      <shelf name="angels" count="13"/>
      <shelf name="wish-list" count="13"/>
      <shelf name="counter-culture" count="13"/>
      <shelf name="classic" count="12"/>
      <shelf name="humor" count="12"/>
      <shelf name="new-journalism" count="12"/>
      <shelf name="thompson" count="12"/>
      <shelf name="book-club" count="11"/>
      <shelf name="americana" count="11"/>
      <shelf name="historical" count="11"/>
      <shelf name="to-read-non-fiction" count="10"/>
      <shelf name="america" count="10"/>
      <shelf name="to-read-nonfiction" count="10"/>
      <shelf name="motorcycles" count="10"/>
      <shelf name="my-library" count="9"/>
      <shelf name="books" count="9"/>
      <shelf name="society" count="9"/>
      <shelf name="unfinished" count="9"/>
      <shelf name="bikers" count="9"/>
      <shelf name="non-fic" count="9"/>
      <shelf name="politics" count="9"/>
      <shelf name="anthropology" count="8"/>
      <shelf name="didn-t-finish" count="8"/>
      <shelf name="and" count="8"/>
      <shelf name="subculture" count="8"/>
      <shelf name="states" count="8"/>
      <shelf name="united" count="8"/>
      <shelf name="c" count="8"/>
      <shelf name="want" count="8"/>
      <shelf name="travel" count="8"/>
      <shelf name="favourites" count="8"/>
      <shelf name="biographical" count="8"/>
      <shelf name="other" count="8"/>
      <shelf name="pop-culture" count="8"/>
      <shelf name="shelfari-favorites" count="7"/>
      <shelf name="offenders" count="7"/>
  </popular_shelves>
  <book_links>
    <book_link>
  <id>8</id>
  <name>Libraries</name>
  <link>https://www.goodreads.com/book_link/follow/8</link>
</book_link>

  </book_links>
  <buy_links>
    <buy_link>
<id>1</id>
<name>Amazon</name>
<link>https://www.goodreads.com/book_link/follow/1</link>
</buy_link>
<buy_link>
<id>10</id>
<name>Audible</name>
<link>https://www.goodreads.com/book_link/follow/10</link>
</buy_link>
<buy_link>
<id>3</id>
<name>Barnes &amp; Noble</name>
<link>https://www.goodreads.com/book_link/follow/3</link>
</buy_link>
<buy_link>
<id>1027</id>
<name>Kobo</name>
<link>https://www.goodreads.com/book_link/follow/1027</link>
</buy_link>
<buy_link>
<id>2102</id>
<name>Apple iBooks</name>
<link>https://www.goodreads.com/book_link/follow/2102</link>
</buy_link>
<buy_link>
<id>8036</id>
<name>Google Play</name>
<link>https://www.goodreads.com/book_link/follow/8036</link>
</buy_link>
<buy_link>
<id>4</id>
<name>Abebooks</name>
<link>https://www.goodreads.com/book_link/follow/4</link>
</buy_link>
<buy_link>
<id>882</id>
<name>Book Depository</name>
<link>https://www.goodreads.com/book_link/follow/882</link>
</buy_link>
<buy_link>
<id>9</id>
<name>Indigo</name>
<link>https://www.goodreads.com/book_link/follow/9</link>
</buy_link>
<buy_link>
<id>2</id>
<name>Half.com</name>
<link>https://www.goodreads.com/book_link/follow/2</link>
</buy_link>
<buy_link>
<id>5</id>
<name>Alibris</name>
<link>https://www.goodreads.com/book_link/follow/5</link>
</buy_link>
<buy_link>
<id>107</id>
<name>Better World Books</name>
<link>https://www.goodreads.com/book_link/follow/107</link>
</buy_link>
<buy_link>
<id>7</id>
<name>IndieBound</name>
<link>https://www.goodreads.com/book_link/follow/7</link>
</buy_link>

  </buy_links>
  <series_works>
    
  </series_works>
  <similar_books>
          <book>
<id>26109</id>
<title><![CDATA[The Joke's Over: Ralph Steadman on Hunter S. Thompson]]></title>
<title_without_series><![CDATA[The Joke's Over: Ralph Steadman on Hunter S. Thompson]]></title_without_series>
<link><![CDATA[https://www.goodreads.com/book/show/26109.The_Joke_s_Over]]></link>
<small_image_url><![CDATA[https://s.gr-assets.com/assets/nophoto/book/50x75-a91bf249278a81aabab721ef782c4a74.png]]></small_image_url>
<image_url><![CDATA[https://s.gr-assets.com/assets/nophoto/book/111x148-bcc042a9c91a29c1d680899eff700a03.png]]></image_url>
<num_pages></num_pages>
<work>
<id>26813</id>
</work>
<isbn>0151012822</isbn>
<isbn13>9780151012824</isbn13>
<average_rating>3.88</average_rating>
<ratings_count>3128</ratings_count>
<publication_year></publication_year>
<publication_month></publication_month>
<publication_day></publication_day>
<authors>
<author>
<id>14623</id>
<name>Ralph Steadman</name>
<link><![CDATA[https://www.goodreads.com/author/show/14623.Ralph_Steadman]]></link>
</author>
</authors>
</book>

          <book>
<id>502295</id>
<title><![CDATA[Gonzo: The Life of Hunter S. Thompson]]></title>
<title_without_series><![CDATA[Gonzo: The Life of Hunter S. Thompson]]></title_without_series>
<link><![CDATA[https://www.goodreads.com/book/show/502295.Gonzo]]></link>
<small_image_url><![CDATA[https://s.gr-assets.com/assets/nophoto/book/50x75-a91bf249278a81aabab721ef782c4a74.png]]></small_image_url>
<image_url><![CDATA[https://s.gr-assets.com/assets/nophoto/book/111x148-bcc042a9c91a29c1d680899eff700a03.png]]></image_url>
<num_pages>467</num_pages>
<work>
<id>3352513</id>
</work>
<isbn>0316005274</isbn>
<isbn13>9780316005272</isbn13>
<average_rating>4.07</average_rating>
<ratings_count>10108</ratings_count>
<publication_year>2007</publication_year>
<publication_month>10</publication_month>
<publication_day>31</publication_day>
<authors>
<author>
<id>19969</id>
<name>Jann S. Wenner</name>
<link><![CDATA[https://www.goodreads.com/author/show/19969.Jann_S_Wenner]]></link>
</author>
</authors>
</book>

          <book>
<id>19161902</id>
<title>The Alcoholics</title>
<title_without_series>The Alcoholics</title_without_series>
<link><![CDATA[https://www.goodreads.com/book/show/19161902-the-alcoholics]]></link>
<small_image_url><![CDATA[https://images.gr-assets.com/books/1403176998s/19161902.jpg]]></small_image_url>
<image_url><![CDATA[https://images.gr-assets.com/books/1403176998m/19161902.jpg]]></image_url>
<num_pages>192</num_pages>
<work>
<id>239147</id>
</work>
<isbn>0316403954</isbn>
<isbn13>9780316403955</isbn13>
<average_rating>3.39</average_rating>
<ratings_count>672</ratings_count>
<publication_year>2014</publication_year>
<publication_month>8</publication_month>
<publication_day>5</publication_day>
<authors>
<author>
<id>7621</id>
<name>Jim Thompson</name>
<link><![CDATA[https://www.goodreads.com/author/show/7621.Jim_Thompson]]></link>
</author>
</authors>
</book>

          <book>
<id>54368</id>
<title><![CDATA[Hunter: The Strange and Savage Life of Hunter S. Thompson]]></title>
<title_without_series><![CDATA[Hunter: The Strange and Savage Life of Hunter S. Thompson]]></title_without_series>
<link><![CDATA[https://www.goodreads.com/book/show/54368.Hunter]]></link>
<small_image_url><![CDATA[https://s.gr-assets.com/assets/nophoto/book/50x75-a91bf249278a81aabab721ef782c4a74.png]]></small_image_url>
<image_url><![CDATA[https://s.gr-assets.com/assets/nophoto/book/111x148-bcc042a9c91a29c1d680899eff700a03.png]]></image_url>
<num_pages>352</num_pages>
<work>
<id>53009</id>
</work>
<isbn>0452271290</isbn>
<isbn13>9780452271296</isbn13>
<average_rating>3.86</average_rating>
<ratings_count>1231</ratings_count>
<publication_year>1993</publication_year>
<publication_month>9</publication_month>
<publication_day>1</publication_day>
<authors>
<author>
<id>30738</id>
<name>E. Jean Carroll</name>
<link><![CDATA[https://www.goodreads.com/author/show/30738.E_Jean_Carroll]]></link>
</author>
</authors>
</book>

          <book>
<id>89758</id>
<title><![CDATA[The Kandy-Kolored Tangerine-Flake Streamline Baby]]></title>
<title_without_series><![CDATA[The Kandy-Kolored Tangerine-Flake Streamline Baby]]></title_without_series>
<link><![CDATA[https://www.goodreads.com/book/show/89758.The_Kandy_Kolored_Tangerine_Flake_Streamline_Baby]]></link>
<small_image_url><![CDATA[https://s.gr-assets.com/assets/nophoto/book/50x75-a91bf249278a81aabab721ef782c4a74.png]]></small_image_url>
<image_url><![CDATA[https://s.gr-assets.com/assets/nophoto/book/111x148-bcc042a9c91a29c1d680899eff700a03.png]]></image_url>
<num_pages>368</num_pages>
<work>
<id>1068364</id>
</work>
<isbn>0553380583</isbn>
<isbn13>9780553380583</isbn13>
<average_rating>3.73</average_rating>
<ratings_count>2605</ratings_count>
<publication_year>1999</publication_year>
<publication_month>10</publication_month>
<publication_day>5</publication_day>
<authors>
<author>
<id>3083854</id>
<name>Tom Wolfe</name>
<link><![CDATA[https://www.goodreads.com/author/show/3083854.Tom_Wolfe]]></link>
</author>
</authors>
</book>

          <book>
<id>7684701</id>
<title>Why America Is Not a New Rome</title>
<title_without_series>Why America Is Not a New Rome</title_without_series>
<link><![CDATA[https://www.goodreads.com/book/show/7684701-why-america-is-not-a-new-rome]]></link>
<small_image_url><![CDATA[https://s.gr-assets.com/assets/nophoto/book/50x75-a91bf249278a81aabab721ef782c4a74.png]]></small_image_url>
<image_url><![CDATA[https://s.gr-assets.com/assets/nophoto/book/111x148-bcc042a9c91a29c1d680899eff700a03.png]]></image_url>
<num_pages>226</num_pages>
<work>
<id>10334952</id>
</work>
<isbn>0262195933</isbn>
<isbn13>9780262195935</isbn13>
<average_rating>3.62</average_rating>
<ratings_count>61</ratings_count>
<publication_year>2010</publication_year>
<publication_month>1</publication_month>
<publication_day>29</publication_day>
<authors>
<author>
<id>5003</id>
<name>Vaclav Smil</name>
<link><![CDATA[https://www.goodreads.com/author/show/5003.Vaclav_Smil]]></link>
</author>
</authors>
</book>

          <book>
<id>2077521</id>
<title>Outlaw Journalist</title>
<title_without_series>Outlaw Journalist</title_without_series>
<link><![CDATA[https://www.goodreads.com/book/show/2077521.Outlaw_Journalist]]></link>
<small_image_url><![CDATA[https://s.gr-assets.com/assets/nophoto/book/50x75-a91bf249278a81aabab721ef782c4a74.png]]></small_image_url>
<image_url><![CDATA[https://s.gr-assets.com/assets/nophoto/book/111x148-bcc042a9c91a29c1d680899eff700a03.png]]></image_url>
<num_pages>448</num_pages>
<work>
<id>2082790</id>
</work>
<isbn>0393061922</isbn>
<isbn13>9780393061925</isbn13>
<average_rating>4.06</average_rating>
<ratings_count>677</ratings_count>
<publication_year>2008</publication_year>
<publication_month>7</publication_month>
<publication_day>17</publication_day>
<authors>
<author>
<id>22979</id>
<name>William McKeen</name>
<link><![CDATA[https://www.goodreads.com/author/show/22979.William_McKeen]]></link>
</author>
</authors>
</book>

          <book>
<id>7753</id>
<title><![CDATA[Fear and Loathing: The Strange and Terrible Saga of Hunter S. Thompson]]></title>
<title_without_series><![CDATA[Fear and Loathing: The Strange and Terrible Saga of Hunter S. Thompson]]></title_without_series>
<link><![CDATA[https://www.goodreads.com/book/show/7753.Fear_and_Loathing]]></link>
<small_image_url><![CDATA[https://s.gr-assets.com/assets/nophoto/book/50x75-a91bf249278a81aabab721ef782c4a74.png]]></small_image_url>
<image_url><![CDATA[https://s.gr-assets.com/assets/nophoto/book/111x148-bcc042a9c91a29c1d680899eff700a03.png]]></image_url>
<num_pages>288</num_pages>
<work>
<id>10808</id>
</work>
<isbn>1560256052</isbn>
<isbn13>9781560256052</isbn13>
<average_rating>4.29</average_rating>
<ratings_count>6946</ratings_count>
<publication_year>2004</publication_year>
<publication_month>3</publication_month>
<publication_day>19</publication_day>
<authors>
<author>
<id>5238</id>
<name>Paul Perry</name>
<link><![CDATA[https://www.goodreads.com/author/show/5238.Paul_Perry]]></link>
</author>
</authors>
</book>

          <book>
<id>7491882</id>
<title>Dirty Sexy Politics</title>
<title_without_series>Dirty Sexy Politics</title_without_series>
<link><![CDATA[https://www.goodreads.com/book/show/7491882-dirty-sexy-politics]]></link>
<small_image_url><![CDATA[https://s.gr-assets.com/assets/nophoto/book/50x75-a91bf249278a81aabab721ef782c4a74.png]]></small_image_url>
<image_url><![CDATA[https://s.gr-assets.com/assets/nophoto/book/111x148-bcc042a9c91a29c1d680899eff700a03.png]]></image_url>
<num_pages></num_pages>
<work>
<id>9634644</id>
</work>
<isbn>1401323774</isbn>
<isbn13>9781401323776</isbn13>
<average_rating>3.30</average_rating>
<ratings_count>2580</ratings_count>
<publication_year></publication_year>
<publication_month></publication_month>
<publication_day></publication_day>
<authors>
<author>
<id>1921186</id>
<name>Meghan McCain</name>
<link><![CDATA[https://www.goodreads.com/author/show/1921186.Meghan_McCain]]></link>
</author>
</authors>
</book>

          <book>
<id>10879</id>
<title><![CDATA[The Gonzo Way: A Celebration of Dr. Hunter S. Thompson ]]></title>
<title_without_series><![CDATA[The Gonzo Way: A Celebration of Dr. Hunter S. Thompson]]></title_without_series>
<link><![CDATA[https://www.goodreads.com/book/show/10879.The_Gonzo_Way]]></link>
<small_image_url><![CDATA[https://s.gr-assets.com/assets/nophoto/book/50x75-a91bf249278a81aabab721ef782c4a74.png]]></small_image_url>
<image_url><![CDATA[https://s.gr-assets.com/assets/nophoto/book/111x148-bcc042a9c91a29c1d680899eff700a03.png]]></image_url>
<num_pages>112</num_pages>
<work>
<id>13483</id>
</work>
<isbn>1555916228</isbn>
<isbn13>9781555916220</isbn13>
<average_rating>3.93</average_rating>
<ratings_count>922</ratings_count>
<publication_year></publication_year>
<publication_month></publication_month>
<publication_day></publication_day>
<authors>
<author>
<id>7108</id>
<name>Anita Thompson</name>
<link><![CDATA[https://www.goodreads.com/author/show/7108.Anita_Thompson]]></link>
</author>
</authors>
</book>

          <book>
<id>260352</id>
<title><![CDATA[Acid Dreams: The CIA, LSD and the Sixties Rebellion]]></title>
<title_without_series><![CDATA[Acid Dreams: The CIA, LSD and the Sixties Rebellion]]></title_without_series>
<link><![CDATA[https://www.goodreads.com/book/show/260352.Acid_Dreams]]></link>
<small_image_url><![CDATA[https://images.gr-assets.com/books/1366489617s/260352.jpg]]></small_image_url>
<image_url><![CDATA[https://images.gr-assets.com/books/1366489617m/260352.jpg]]></image_url>
<num_pages>343</num_pages>
<work>
<id>252347</id>
</work>
<isbn>0802130623</isbn>
<isbn13>9780802130624</isbn13>
<average_rating>4.10</average_rating>
<ratings_count>2170</ratings_count>
<publication_year>1994</publication_year>
<publication_month>1</publication_month>
<publication_day>21</publication_day>
<authors>
<author>
<id>152187</id>
<name>Martin A. Lee</name>
<link><![CDATA[https://www.goodreads.com/author/show/152187.Martin_A_Lee]]></link>
</author>
</authors>
</book>

          <book>
<id>50140</id>
<title>Big Sur</title>
<title_without_series>Big Sur</title_without_series>
<link><![CDATA[https://www.goodreads.com/book/show/50140.Big_Sur]]></link>
<small_image_url><![CDATA[https://images.gr-assets.com/books/1428984256s/50140.jpg]]></small_image_url>
<image_url><![CDATA[https://images.gr-assets.com/books/1428984256m/50140.jpg]]></image_url>
<num_pages>256</num_pages>
<work>
<id>92349</id>
</work>
<isbn>0140168125</isbn>
<isbn13>9780140168129</isbn13>
<average_rating>3.86</average_rating>
<ratings_count>23242</ratings_count>
<publication_year>1992</publication_year>
<publication_month></publication_month>
<publication_day></publication_day>
<authors>
<author>
<id>1742</id>
<name>Jack Kerouac</name>
<link><![CDATA[https://www.goodreads.com/author/show/1742.Jack_Kerouac]]></link>
</author>
</authors>
</book>

          <book>
<id>319508</id>
<title><![CDATA[Snowblind: A Brief Career in the Cocaine Trade]]></title>
<title_without_series><![CDATA[Snowblind: A Brief Career in the Cocaine Trade]]></title_without_series>
<link><![CDATA[https://www.goodreads.com/book/show/319508.Snowblind]]></link>
<small_image_url><![CDATA[https://s.gr-assets.com/assets/nophoto/book/50x75-a91bf249278a81aabab721ef782c4a74.png]]></small_image_url>
<image_url><![CDATA[https://s.gr-assets.com/assets/nophoto/book/111x148-bcc042a9c91a29c1d680899eff700a03.png]]></image_url>
<num_pages>304</num_pages>
<work>
<id>310272</id>
</work>
<isbn>0802135897</isbn>
<isbn13>9780802135896</isbn13>
<average_rating>3.88</average_rating>
<ratings_count>686</ratings_count>
<publication_year>1998</publication_year>
<publication_month>10</publication_month>
<publication_day>1</publication_day>
<authors>
<author>
<id>48069</id>
<name>Robert Sabbag</name>
<link><![CDATA[https://www.goodreads.com/author/show/48069.Robert_Sabbag]]></link>
</author>
</authors>
</book>

          <book>
<id>1564532</id>
<title><![CDATA[The Kitchen Readings: Untold Stories of Hunter S. Thompson]]></title>
<title_without_series><![CDATA[The Kitchen Readings: Untold Stories of Hunter S. Thompson]]></title_without_series>
<link><![CDATA[https://www.goodreads.com/book/show/1564532.The_Kitchen_Readings]]></link>
<small_image_url><![CDATA[https://s.gr-assets.com/assets/nophoto/book/50x75-a91bf249278a81aabab721ef782c4a74.png]]></small_image_url>
<image_url><![CDATA[https://s.gr-assets.com/assets/nophoto/book/111x148-bcc042a9c91a29c1d680899eff700a03.png]]></image_url>
<num_pages>304</num_pages>
<work>
<id>1557103</id>
</work>
<isbn>006115928X</isbn>
<isbn13>9780061159282</isbn13>
<average_rating>4.03</average_rating>
<ratings_count>989</ratings_count>
<publication_year>2008</publication_year>
<publication_month>2</publication_month>
<publication_day>5</publication_day>
<authors>
<author>
<id>727472</id>
<name>Michael Cleverly</name>
<link><![CDATA[https://www.goodreads.com/author/show/727472.Michael_Cleverly]]></link>
</author>
</authors>
</book>

          <book>
<id>36061</id>
<title>My Dark Places</title>
<title_without_series>My Dark Places</title_without_series>
<link><![CDATA[https://www.goodreads.com/book/show/36061.My_Dark_Places]]></link>
<small_image_url><![CDATA[https://images.gr-assets.com/books/1442468162s/36061.jpg]]></small_image_url>
<image_url><![CDATA[https://images.gr-assets.com/books/1442468162m/36061.jpg]]></image_url>
<num_pages>427</num_pages>
<work>
<id>1121999</id>
</work>
<isbn>0517288990</isbn>
<isbn13>9780517288993</isbn13>
<average_rating>3.89</average_rating>
<ratings_count>4918</ratings_count>
<publication_year>1996</publication_year>
<publication_month>11</publication_month>
<publication_day>5</publication_day>
<authors>
<author>
<id>2887</id>
<name>James Ellroy</name>
<link><![CDATA[https://www.goodreads.com/author/show/2887.James_Ellroy]]></link>
</author>
</authors>
</book>

          <book>
<id>40664</id>
<title>In the Hand of Dante</title>
<title_without_series>In the Hand of Dante</title_without_series>
<link><![CDATA[https://www.goodreads.com/book/show/40664.In_the_Hand_of_Dante]]></link>
<small_image_url><![CDATA[https://s.gr-assets.com/assets/nophoto/book/50x75-a91bf249278a81aabab721ef782c4a74.png]]></small_image_url>
<image_url><![CDATA[https://s.gr-assets.com/assets/nophoto/book/111x148-bcc042a9c91a29c1d680899eff700a03.png]]></image_url>
<num_pages></num_pages>
<work>
<id>40272</id>
</work>
<isbn>0316735647</isbn>
<isbn13>9780316735643</isbn13>
<average_rating>3.20</average_rating>
<ratings_count>748</ratings_count>
<publication_year></publication_year>
<publication_month></publication_month>
<publication_day></publication_day>
<authors>
<author>
<id>22854</id>
<name>Nick Tosches</name>
<link><![CDATA[https://www.goodreads.com/author/show/22854.Nick_Tosches]]></link>
</author>
</authors>
</book>

          <book>
<id>23938</id>
<title><![CDATA[Word Virus: The William S. Burroughs Reader]]></title>
<title_without_series><![CDATA[Word Virus: The William S. Burroughs Reader]]></title_without_series>
<link><![CDATA[https://www.goodreads.com/book/show/23938.Word_Virus]]></link>
<small_image_url><![CDATA[https://s.gr-assets.com/assets/nophoto/book/50x75-a91bf249278a81aabab721ef782c4a74.png]]></small_image_url>
<image_url><![CDATA[https://s.gr-assets.com/assets/nophoto/book/111x148-bcc042a9c91a29c1d680899eff700a03.png]]></image_url>
<num_pages>576</num_pages>
<work>
<id>90058</id>
</work>
<isbn>080213694X</isbn>
<isbn13>9780802136947</isbn13>
<average_rating>4.17</average_rating>
<ratings_count>1028</ratings_count>
<publication_year>2000</publication_year>
<publication_month>6</publication_month>
<publication_day>22</publication_day>
<authors>
<author>
<id>4462369</id>
<name>William S. Burroughs</name>
<link><![CDATA[https://www.goodreads.com/author/show/4462369.William_S_Burroughs]]></link>
</author>
</authors>
</book>

          <book>
<id>243707</id>
<title><![CDATA[A Sense of Where You Are: Bill Bradley at Princeton]]></title>
<title_without_series><![CDATA[A Sense of Where You Are: Bill Bradley at Princeton]]></title_without_series>
<link><![CDATA[https://www.goodreads.com/book/show/243707.A_Sense_of_Where_You_Are]]></link>
<small_image_url><![CDATA[https://s.gr-assets.com/assets/nophoto/book/50x75-a91bf249278a81aabab721ef782c4a74.png]]></small_image_url>
<image_url><![CDATA[https://s.gr-assets.com/assets/nophoto/book/111x148-bcc042a9c91a29c1d680899eff700a03.png]]></image_url>
<num_pages>144</num_pages>
<work>
<id>236110</id>
</work>
<isbn>0374526893</isbn>
<isbn13>9780374526894</isbn13>
<average_rating>4.08</average_rating>
<ratings_count>1140</ratings_count>
<publication_year>1999</publication_year>
<publication_month>6</publication_month>
<publication_day>30</publication_day>
<authors>
<author>
<id>40</id>
<name>John McPhee</name>
<link><![CDATA[https://www.goodreads.com/author/show/40.John_McPhee]]></link>
</author>
</authors>
</book>

  </similar_books>
</book>

</GoodreadsResponse>