<?xml version="1.0" encoding="UTF-8"?>
<GoodreadsResponse>
  <Request>
    <authentication>true</authentication>
      <key><![CDATA[all_men_must_serve]]></key>
    <method><![CDATA[book_show]]></method>
  </Request>
  <book>
  <id>10884</id>
  <title><![CDATA[Einstein: His Life and Universe]]></title>
  <isbn><![CDATA[0743264738]]></isbn>
  <isbn13><![CDATA[9780743264730]]></isbn13>
  <asin><![CDATA[]]></asin>
  <kindle_asin><![CDATA[B002RI9NQU]]></kindle_asin>
  <marketplace_id><![CDATA[A1F83G8C2ARO7P]]></marketplace_id>
  <country_code><![CDATA[GB]]></country_code>
  <image_url>https://images.gr-assets.com/books/1328011405m/10884.jpg</image_url>
  <small_image_url>https://images.gr-assets.com/books/1328011405s/10884.jpg</small_image_url>
  <publication_year></publication_year>
  <publication_month></publication_month>
  <publication_day></publication_day>
  <publisher></publisher>
  <language_code>eng</language_code>
  <is_ebook>false</is_ebook>
  <description><![CDATA[By the author of the acclaimed bestsellers <i>Benjamin Franklin </i>and <i>Steve Jobs</i>, this is the definitive biography of Albert Einstein.<b> </b><br /><br />How did his mind work? What made him a genius? Isaacson’s biography shows how his scientific imagination sprang from the rebellious nature of his personality. His fascinating story is a testament to the connection between creativity and freedom.<br /><br /> Based on newly released personal letters of Einstein, this book explores how an imaginative, impertinent patent clerk—a struggling father in a difficult marriage who couldn’t get a teaching job or a doctorate—became the mind reader of the creator of the cosmos, the locksmith of the mysteries of the atom, and the universe. His success came from questioning conventional wisdom and marveling at mysteries that struck others as mundane. This led him to embrace a morality and politics based on respect for free minds, free spirits, and free individuals.<br /><br /> These traits are just as vital for this new century of globalization, in which our success will depend on our creativity, as they were for the beginning of the last century, when Einstein helped usher in the modern age.]]></description>
  <work>
  <id type="integer">985244</id>
  <books_count type="integer">78</books_count>
  <best_book_id type="integer">10884</best_book_id>
  <reviews_count type="integer">236793</reviews_count>
  <ratings_sum type="integer">301567</ratings_sum>
  <ratings_count type="integer">73899</ratings_count>
  <text_reviews_count type="integer">2491</text_reviews_count>
  <original_publication_year type="integer">2007</original_publication_year>
  <original_publication_month type="integer">4</original_publication_month>
  <original_publication_day type="integer">10</original_publication_day>
  <original_title>Einstein. His Life and Universe</original_title>
  <original_language_id type="integer" nil="true"/>
  <media_type>book</media_type>
  <rating_dist>5:30333|4:26331|3:12244|2:2855|1:2136|total:73899</rating_dist>
  <desc_user_id type="integer">2665705</desc_user_id>
  <default_chaptering_book_id type="integer" nil="true"/>
  <default_description_language_code nil="true"/>
</work>
  <average_rating>4.08</average_rating>
  <num_pages><![CDATA[551]]></num_pages>
  <format><![CDATA[]]></format>
  <edition_information><![CDATA[]]></edition_information>
  <ratings_count><![CDATA[71225]]></ratings_count>
  <text_reviews_count><![CDATA[2199]]></text_reviews_count>
  <url><![CDATA[https://www.goodreads.com/book/show/10884.Einstein]]></url>
  <link><![CDATA[https://www.goodreads.com/book/show/10884.Einstein]]></link>
  <authors>
<author>
<id>7111</id>
<name>Walter Isaacson</name>
<role></role>
<image_url nophoto='false'>
<![CDATA[https://images.gr-assets.com/authors/1192222433p5/7111.jpg]]>
</image_url>
<small_image_url nophoto='false'>
<![CDATA[https://images.gr-assets.com/authors/1192222433p2/7111.jpg]]>
</small_image_url>
<link><![CDATA[https://www.goodreads.com/author/show/7111.Walter_Isaacson]]></link>
<average_rating>4.08</average_rating>
<ratings_count>751773</ratings_count>
<text_reviews_count>20834</text_reviews_count>
</author>
</authors>

    <reviews_widget>
      <![CDATA[
        <style>
  #goodreads-widget {
    font-family: georgia, serif;
    padding: 18px 0;
    width:565px;
  }
  #goodreads-widget h1 {
    font-weight:normal;
    font-size: 16px;
    border-bottom: 1px solid #BBB596;
    margin-bottom: 0;
  }
  #goodreads-widget a {
    text-decoration: none;
    color:#660;
  }
  iframe{
    background-color: #fff;
  }
  #goodreads-widget a:hover { text-decoration: underline; }
  #goodreads-widget a:active {
    color:#660;
  }
  #gr_footer {
    width: 100%;
    border-top: 1px solid #BBB596;
    text-align: right;
  }
  #goodreads-widget .gr_branding{
    color: #382110;
    font-size: 11px;
    text-decoration: none;
    font-family: "Helvetica Neue", Helvetica, Arial, sans-serif;
  }
</style>
<div id="goodreads-widget">
  <div id="gr_header"><h1><a rel="nofollow" href="https://www.goodreads.com/book/show/10884.Einstein">Einstein Reviews</a></h1></div>
  <iframe id="the_iframe" src="https://www.goodreads.com/api/reviews_widget_iframe?did=DEVELOPER_ID&amp;format=html&amp;isbn=0743264738&amp;links=660&amp;min_rating=&amp;review_back=fff&amp;stars=000&amp;text=000" width="565" height="400" frameborder="0"></iframe>
  <div id="gr_footer">
    <a class="gr_branding" target="_blank" rel="nofollow" href="https://www.goodreads.com/book/show/10884.Einstein?utm_medium=api&amp;utm_source=reviews_widget">Reviews from Goodreads.com</a>
  </div>
</div>

      ]]>
    </reviews_widget>
  <popular_shelves>
      <shelf name="to-read" count="29634"/>
      <shelf name="currently-reading" count="1100"/>
      <shelf name="biography" count="722"/>
      <shelf name="non-fiction" count="339"/>
      <shelf name="science" count="276"/>
      <shelf name="nonfiction" count="261"/>
      <shelf name="biographies" count="180"/>
      <shelf name="history" count="170"/>
      <shelf name="owned" count="121"/>
      <shelf name="audiobook" count="97"/>
      <shelf name="biography-memoir" count="93"/>
      <shelf name="audiobooks" count="82"/>
      <shelf name="to-buy" count="82"/>
      <shelf name="physics" count="77"/>
      <shelf name="audible" count="67"/>
      <shelf name="favorites" count="62"/>
      <shelf name="audio" count="60"/>
      <shelf name="library" count="47"/>
      <shelf name="biographical" count="46"/>
      <shelf name="bio" count="42"/>
      <shelf name="default" count="40"/>
      <shelf name="hist" count="38"/>
      <shelf name="historical" count="38"/>
      <shelf name="wish-list" count="37"/>
      <shelf name="elon-musk" count="36"/>
      <shelf name="autobiography" count="35"/>
      <shelf name="einstein" count="34"/>
      <shelf name="books-i-own" count="31"/>
      <shelf name="my-library" count="31"/>
      <shelf name="memoir-biography" count="31"/>
      <shelf name="biography-autobiography" count="31"/>
      <shelf name="to-read-non-fiction" count="29"/>
      <shelf name="biographies-memoirs" count="28"/>
      <shelf name="audio-book" count="28"/>
      <shelf name="my-books" count="24"/>
      <shelf name="history-biography" count="24"/>
      <shelf name="abandoned" count="24"/>
      <shelf name="owned-books" count="20"/>
      <shelf name="mathematics" count="18"/>
      <shelf name="non-fiction-to-read" count="18"/>
      <shelf name="to-read-nonfiction" count="17"/>
      <shelf name="albert-einstein" count="17"/>
      <shelf name="history-of-science" count="17"/>
      <shelf name="memoirs" count="17"/>
      <shelf name="bios" count="16"/>
      <shelf name="audio-books" count="16"/>
      <shelf name="people" count="15"/>
      <shelf name="did-not-finish" count="15"/>
      <shelf name="memoir" count="15"/>
      <shelf name="kindle" count="14"/>
      <shelf name="on-hold" count="14"/>
      <shelf name="سيرة-ذاتية" count="14"/>
      <shelf name="english" count="14"/>
      <shelf name="didn-t-finish" count="14"/>
      <shelf name="autobiography-biography" count="14"/>
      <shelf name="shelfari-wishlist" count="13"/>
      <shelf name="books" count="13"/>
      <shelf name="biography-to-read" count="13"/>
      <shelf name="ebooks" count="13"/>
      <shelf name="to-read-biography" count="13"/>
      <shelf name="unfinished" count="13"/>
      <shelf name="biografie" count="12"/>
      <shelf name="business" count="12"/>
      <shelf name="american-history" count="12"/>
      <shelf name="to-get" count="12"/>
      <shelf name="recommended" count="11"/>
      <shelf name="ebook" count="11"/>
      <shelf name="i-own" count="11"/>
      <shelf name="book-club" count="11"/>
      <shelf name="want-to-read" count="11"/>
      <shelf name="maybe" count="11"/>
      <shelf name="home-library" count="11"/>
      <shelf name="germany" count="11"/>
      <shelf name="have" count="10"/>
      <shelf name="biography-autobiography-memoir" count="10"/>
      <shelf name="in-my-library" count="10"/>
      <shelf name="favourites" count="10"/>
      <shelf name="to-read-biographies" count="10"/>
      <shelf name="listened-to" count="10"/>
      <shelf name="history-and-biography" count="10"/>
      <shelf name="memoir-bio" count="10"/>
      <shelf name="musk" count="9"/>
      <shelf name="munger" count="9"/>
      <shelf name="علوم" count="9"/>
      <shelf name="must-read" count="9"/>
      <shelf name="war" count="9"/>
      <shelf name="biographies-autobiographies" count="9"/>
      <shelf name="gave-up-on" count="9"/>
      <shelf name="other" count="9"/>
      <shelf name="relativity" count="9"/>
      <shelf name="biografia" count="9"/>
      <shelf name="biography-and-memoir" count="9"/>
      <shelf name="bookshelf" count="9"/>
      <shelf name="bio-memoir" count="9"/>
      <shelf name="popular-science" count="9"/>
      <shelf name="biography-memoirs" count="9"/>
      <shelf name="shelfari-favorites" count="8"/>
      <shelf name="read-in-2016" count="8"/>
      <shelf name="inspirational" count="8"/>
      <shelf name="biografias" count="8"/>
  </popular_shelves>
  <book_links>
    <book_link>
  <id>8</id>
  <name>Libraries</name>
  <link>https://www.goodreads.com/book_link/follow/8</link>
</book_link>

  </book_links>
  <buy_links>
    <buy_link>
<id>1</id>
<name>Amazon</name>
<link>https://www.goodreads.com/book_link/follow/1</link>
</buy_link>
<buy_link>
<id>10</id>
<name>Audible</name>
<link>https://www.goodreads.com/book_link/follow/10</link>
</buy_link>
<buy_link>
<id>3</id>
<name>Barnes &amp; Noble</name>
<link>https://www.goodreads.com/book_link/follow/3</link>
</buy_link>
<buy_link>
<id>1027</id>
<name>Kobo</name>
<link>https://www.goodreads.com/book_link/follow/1027</link>
</buy_link>
<buy_link>
<id>2102</id>
<name>Apple iBooks</name>
<link>https://www.goodreads.com/book_link/follow/2102</link>
</buy_link>
<buy_link>
<id>8036</id>
<name>Google Play</name>
<link>https://www.goodreads.com/book_link/follow/8036</link>
</buy_link>
<buy_link>
<id>4</id>
<name>Abebooks</name>
<link>https://www.goodreads.com/book_link/follow/4</link>
</buy_link>
<buy_link>
<id>882</id>
<name>Book Depository</name>
<link>https://www.goodreads.com/book_link/follow/882</link>
</buy_link>
<buy_link>
<id>9</id>
<name>Indigo</name>
<link>https://www.goodreads.com/book_link/follow/9</link>
</buy_link>
<buy_link>
<id>2</id>
<name>Half.com</name>
<link>https://www.goodreads.com/book_link/follow/2</link>
</buy_link>
<buy_link>
<id>5</id>
<name>Alibris</name>
<link>https://www.goodreads.com/book_link/follow/5</link>
</buy_link>
<buy_link>
<id>107</id>
<name>Better World Books</name>
<link>https://www.goodreads.com/book_link/follow/107</link>
</buy_link>
<buy_link>
<id>7</id>
<name>IndieBound</name>
<link>https://www.goodreads.com/book_link/follow/7</link>
</buy_link>

  </buy_links>
  <series_works>
    
  </series_works>
  <similar_books>
          <book>
<id>6629359</id>
<title><![CDATA[The Strangest Man: The Hidden Life of Paul Dirac, Mystic of the Atom]]></title>
<title_without_series><![CDATA[The Strangest Man: The Hidden Life of Paul Dirac, Mystic of the Atom]]></title_without_series>
<link><![CDATA[https://www.goodreads.com/book/show/6629359-the-strangest-man]]></link>
<small_image_url><![CDATA[https://s.gr-assets.com/assets/nophoto/book/50x75-a91bf249278a81aabab721ef782c4a74.png]]></small_image_url>
<image_url><![CDATA[https://s.gr-assets.com/assets/nophoto/book/111x148-bcc042a9c91a29c1d680899eff700a03.png]]></image_url>
<num_pages></num_pages>
<work>
<id>6263372</id>
</work>
<isbn>0465018270</isbn>
<isbn13>9780465018277</isbn13>
<average_rating>4.09</average_rating>
<ratings_count>3484</ratings_count>
<publication_year></publication_year>
<publication_month></publication_month>
<publication_day></publication_day>
<authors>
<author>
<id>319993</id>
<name>Graham Farmelo</name>
<link><![CDATA[https://www.goodreads.com/author/show/319993.Graham_Farmelo]]></link>
</author>
</authors>
</book>

          <book>
<id>17098</id>
<title>Isaac Newton</title>
<title_without_series>Isaac Newton</title_without_series>
<link><![CDATA[https://www.goodreads.com/book/show/17098.Isaac_Newton]]></link>
<small_image_url><![CDATA[https://s.gr-assets.com/assets/nophoto/book/50x75-a91bf249278a81aabab721ef782c4a74.png]]></small_image_url>
<image_url><![CDATA[https://s.gr-assets.com/assets/nophoto/book/111x148-bcc042a9c91a29c1d680899eff700a03.png]]></image_url>
<num_pages>288</num_pages>
<work>
<id>1494177</id>
</work>
<isbn>1400032954</isbn>
<isbn13>9781400032952</isbn13>
<average_rating>3.81</average_rating>
<ratings_count>4586</ratings_count>
<publication_year>2004</publication_year>
<publication_month>6</publication_month>
<publication_day>8</publication_day>
<authors>
<author>
<id>10401</id>
<name>James Gleick</name>
<link><![CDATA[https://www.goodreads.com/author/show/10401.James_Gleick]]></link>
</author>
</authors>
</book>

          <book>
<id>106590</id>
<title>Lincoln</title>
<title_without_series>Lincoln</title_without_series>
<link><![CDATA[https://www.goodreads.com/book/show/106590.Lincoln]]></link>
<small_image_url><![CDATA[https://s.gr-assets.com/assets/nophoto/book/50x75-a91bf249278a81aabab721ef782c4a74.png]]></small_image_url>
<image_url><![CDATA[https://s.gr-assets.com/assets/nophoto/book/111x148-bcc042a9c91a29c1d680899eff700a03.png]]></image_url>
<num_pages>720</num_pages>
<work>
<id>1733479</id>
</work>
<isbn>068482535X</isbn>
<isbn13>9780684825359</isbn13>
<average_rating>4.17</average_rating>
<ratings_count>26468</ratings_count>
<publication_year>1996</publication_year>
<publication_month>11</publication_month>
<publication_day>5</publication_day>
<authors>
<author>
<id>7922</id>
<name>David Herbert Donald</name>
<link><![CDATA[https://www.goodreads.com/author/show/7922.David_Herbert_Donald]]></link>
</author>
</authors>
</book>

          <book>
<id>80571</id>
<title><![CDATA[American Prometheus: The Triumph and Tragedy of J. Robert Oppenheimer]]></title>
<title_without_series><![CDATA[American Prometheus: The Triumph and Tragedy of J. Robert Oppenheimer]]></title_without_series>
<link><![CDATA[https://www.goodreads.com/book/show/80571.American_Prometheus]]></link>
<small_image_url><![CDATA[https://s.gr-assets.com/assets/nophoto/book/50x75-a91bf249278a81aabab721ef782c4a74.png]]></small_image_url>
<image_url><![CDATA[https://s.gr-assets.com/assets/nophoto/book/111x148-bcc042a9c91a29c1d680899eff700a03.png]]></image_url>
<num_pages>725</num_pages>
<work>
<id>1932215</id>
</work>
<isbn>0375726268</isbn>
<isbn13>9780375726262</isbn13>
<average_rating>4.15</average_rating>
<ratings_count>8638</ratings_count>
<publication_year>2007</publication_year>
<publication_month>12</publication_month>
<publication_day>18</publication_day>
<authors>
<author>
<id>45879</id>
<name>Kai Bird</name>
<link><![CDATA[https://www.goodreads.com/author/show/45879.Kai_Bird]]></link>
</author>
</authors>
</book>

          <book>
<id>6462</id>
<title><![CDATA[His Excellency: George Washington]]></title>
<title_without_series><![CDATA[His Excellency: George Washington]]></title_without_series>
<link><![CDATA[https://www.goodreads.com/book/show/6462.His_Excellency]]></link>
<small_image_url><![CDATA[https://s.gr-assets.com/assets/nophoto/book/50x75-a91bf249278a81aabab721ef782c4a74.png]]></small_image_url>
<image_url><![CDATA[https://s.gr-assets.com/assets/nophoto/book/111x148-bcc042a9c91a29c1d680899eff700a03.png]]></image_url>
<num_pages>352</num_pages>
<work>
<id>1615</id>
</work>
<isbn>1400032539</isbn>
<isbn13>9781400032532</isbn13>
<average_rating>3.90</average_rating>
<ratings_count>28002</ratings_count>
<publication_year>2005</publication_year>
<publication_month>11</publication_month>
<publication_day>8</publication_day>
<authors>
<author>
<id>1483</id>
<name>Joseph J. Ellis</name>
<link><![CDATA[https://www.goodreads.com/author/show/1483.Joseph_J_Ellis]]></link>
</author>
</authors>
</book>

          <book>
<id>282459</id>
<title><![CDATA[Subtle Is the Lord: The Science and the Life of Albert Einstein]]></title>
<title_without_series><![CDATA[Subtle Is the Lord: The Science and the Life of Albert Einstein]]></title_without_series>
<link><![CDATA[https://www.goodreads.com/book/show/282459.Subtle_Is_the_Lord]]></link>
<small_image_url><![CDATA[https://s.gr-assets.com/assets/nophoto/book/50x75-a91bf249278a81aabab721ef782c4a74.png]]></small_image_url>
<image_url><![CDATA[https://s.gr-assets.com/assets/nophoto/book/111x148-bcc042a9c91a29c1d680899eff700a03.png]]></image_url>
<num_pages>552</num_pages>
<work>
<id>2880206</id>
</work>
<isbn>0192806726</isbn>
<isbn13>9780192806727</isbn13>
<average_rating>4.23</average_rating>
<ratings_count>935</ratings_count>
<publication_year>2005</publication_year>
<publication_month>9</publication_month>
<publication_day>1</publication_day>
<authors>
<author>
<id>64298</id>
<name>Abraham Pais</name>
<link><![CDATA[https://www.goodreads.com/author/show/64298.Abraham_Pais]]></link>
</author>
</authors>
</book>

          <book>
<id>40929</id>
<title><![CDATA[The Rise of Theodore Roosevelt]]></title>
<title_without_series><![CDATA[The Rise of Theodore Roosevelt]]></title_without_series>
<link><![CDATA[https://www.goodreads.com/book/show/40929.The_Rise_of_Theodore_Roosevelt]]></link>
<small_image_url><![CDATA[https://images.gr-assets.com/books/1452010007s/40929.jpg]]></small_image_url>
<image_url><![CDATA[https://images.gr-assets.com/books/1452010007m/40929.jpg]]></image_url>
<num_pages>780</num_pages>
<work>
<id>40514</id>
</work>
<isbn>0375756787</isbn>
<isbn13>9780375756788</isbn13>
<average_rating>4.25</average_rating>
<ratings_count>28453</ratings_count>
<publication_year>2001</publication_year>
<publication_month>11</publication_month>
<publication_day>20</publication_day>
<authors>
<author>
<id>23013</id>
<name>Edmund Morris</name>
<link><![CDATA[https://www.goodreads.com/author/show/23013.Edmund_Morris]]></link>
</author>
</authors>
</book>

          <book>
<id>12041966</id>
<title><![CDATA[Robert Oppenheimer: A Life Inside the Center]]></title>
<title_without_series><![CDATA[Robert Oppenheimer: A Life Inside the Center]]></title_without_series>
<link><![CDATA[https://www.goodreads.com/book/show/12041966-robert-oppenheimer]]></link>
<small_image_url><![CDATA[https://images.gr-assets.com/books/1344371583s/12041966.jpg]]></small_image_url>
<image_url><![CDATA[https://images.gr-assets.com/books/1344371583m/12041966.jpg]]></image_url>
<num_pages>848</num_pages>
<work>
<id>17008644</id>
</work>
<isbn>0385504071</isbn>
<isbn13>9780385504072</isbn13>
<average_rating>4.09</average_rating>
<ratings_count>519</ratings_count>
<publication_year>2013</publication_year>
<publication_month>5</publication_month>
<publication_day>14</publication_day>
<authors>
<author>
<id>7676</id>
<name>Ray Monk</name>
<link><![CDATA[https://www.goodreads.com/author/show/7676.Ray_Monk]]></link>
</author>
</authors>
</book>

          <book>
<id>2802</id>
<title><![CDATA[E=mc²: A Biography of the World's Most Famous Equation]]></title>
<title_without_series><![CDATA[E=mc²: A Biography of the World's Most Famous Equation]]></title_without_series>
<link><![CDATA[https://www.goodreads.com/book/show/2802.E_mc_]]></link>
<small_image_url><![CDATA[https://s.gr-assets.com/assets/nophoto/book/50x75-a91bf249278a81aabab721ef782c4a74.png]]></small_image_url>
<image_url><![CDATA[https://s.gr-assets.com/assets/nophoto/book/111x148-bcc042a9c91a29c1d680899eff700a03.png]]></image_url>
<num_pages>337</num_pages>
<work>
<id>2352922</id>
</work>
<isbn>0425181642</isbn>
<isbn13>9780425181645</isbn13>
<average_rating>4.08</average_rating>
<ratings_count>6055</ratings_count>
<publication_year>2000</publication_year>
<publication_month>10</publication_month>
<publication_day>1</publication_day>
<authors>
<author>
<id>1934</id>
<name>David Bodanis</name>
<link><![CDATA[https://www.goodreads.com/author/show/1934.David_Bodanis]]></link>
</author>
</authors>
</book>

          <book>
<id>8586536</id>
<title><![CDATA[Quantum Man: Richard Feynman's Life in Science]]></title>
<title_without_series><![CDATA[Quantum Man: Richard Feynman's Life in Science]]></title_without_series>
<link><![CDATA[https://www.goodreads.com/book/show/8586536-quantum-man]]></link>
<small_image_url><![CDATA[https://s.gr-assets.com/assets/nophoto/book/50x75-a91bf249278a81aabab721ef782c4a74.png]]></small_image_url>
<image_url><![CDATA[https://s.gr-assets.com/assets/nophoto/book/111x148-bcc042a9c91a29c1d680899eff700a03.png]]></image_url>
<num_pages>368</num_pages>
<work>
<id>13455925</id>
</work>
<isbn>0393064719</isbn>
<isbn13>9780393064711</isbn13>
<average_rating>4.03</average_rating>
<ratings_count>2445</ratings_count>
<publication_year>2011</publication_year>
<publication_month>3</publication_month>
<publication_day>21</publication_day>
<authors>
<author>
<id>1410</id>
<name>Lawrence M. Krauss</name>
<link><![CDATA[https://www.goodreads.com/author/show/1410.Lawrence_M_Krauss]]></link>
</author>
</authors>
</book>

          <book>
<id>4059448</id>
<title>A. Lincoln</title>
<title_without_series>A. Lincoln</title_without_series>
<link><![CDATA[https://www.goodreads.com/book/show/4059448-a-lincoln]]></link>
<small_image_url><![CDATA[https://s.gr-assets.com/assets/nophoto/book/50x75-a91bf249278a81aabab721ef782c4a74.png]]></small_image_url>
<image_url><![CDATA[https://s.gr-assets.com/assets/nophoto/book/111x148-bcc042a9c91a29c1d680899eff700a03.png]]></image_url>
<num_pages></num_pages>
<work>
<id>4106471</id>
</work>
<isbn>1400064996</isbn>
<isbn13>9781400064991</isbn13>
<average_rating>4.22</average_rating>
<ratings_count>9274</ratings_count>
<publication_year></publication_year>
<publication_month></publication_month>
<publication_day></publication_day>
<authors>
<author>
<id>72809</id>
<name>Ronald C. White Jr.</name>
<link><![CDATA[https://www.goodreads.com/author/show/72809.Ronald_C_White_Jr_]]></link>
</author>
</authors>
</book>

          <book>
<id>2279</id>
<title>Truman</title>
<title_without_series>Truman</title_without_series>
<link><![CDATA[https://www.goodreads.com/book/show/2279.Truman]]></link>
<small_image_url><![CDATA[https://images.gr-assets.com/books/1364681969s/2279.jpg]]></small_image_url>
<image_url><![CDATA[https://images.gr-assets.com/books/1364681969m/2279.jpg]]></image_url>
<num_pages>1120</num_pages>
<work>
<id>1732395</id>
</work>
<isbn>0671869205</isbn>
<isbn13>9780671869205</isbn13>
<average_rating>4.15</average_rating>
<ratings_count>54836</ratings_count>
<publication_year></publication_year>
<publication_month></publication_month>
<publication_day></publication_day>
<authors>
<author>
<id>6281688</id>
<name>David McCullough</name>
<link><![CDATA[https://www.goodreads.com/author/show/6281688.David_McCullough]]></link>
</author>
</authors>
</book>

          <book>
<id>205589</id>
<title><![CDATA[First Man: The Life of Neil A. Armstrong]]></title>
<title_without_series><![CDATA[First Man: The Life of Neil A. Armstrong]]></title_without_series>
<link><![CDATA[https://www.goodreads.com/book/show/205589.First_Man]]></link>
<small_image_url><![CDATA[https://s.gr-assets.com/assets/nophoto/book/50x75-a91bf249278a81aabab721ef782c4a74.png]]></small_image_url>
<image_url><![CDATA[https://s.gr-assets.com/assets/nophoto/book/111x148-bcc042a9c91a29c1d680899eff700a03.png]]></image_url>
<num_pages>769</num_pages>
<work>
<id>1004984</id>
</work>
<isbn>0743257510</isbn>
<isbn13>9780743257510</isbn13>
<average_rating>4.06</average_rating>
<ratings_count>1302</ratings_count>
<publication_year>2006</publication_year>
<publication_month>10</publication_month>
<publication_day>3</publication_day>
<authors>
<author>
<id>120185</id>
<name>James R. Hansen</name>
<link><![CDATA[https://www.goodreads.com/author/show/120185.James_R_Hansen]]></link>
</author>
</authors>
</book>

          <book>
<id>11910982</id>
<title><![CDATA[George F. Kennan: An American Life]]></title>
<title_without_series><![CDATA[George F. Kennan: An American Life]]></title_without_series>
<link><![CDATA[https://www.goodreads.com/book/show/11910982-george-f-kennan]]></link>
<small_image_url><![CDATA[https://s.gr-assets.com/assets/nophoto/book/50x75-a91bf249278a81aabab721ef782c4a74.png]]></small_image_url>
<image_url><![CDATA[https://s.gr-assets.com/assets/nophoto/book/111x148-bcc042a9c91a29c1d680899eff700a03.png]]></image_url>
<num_pages></num_pages>
<work>
<id>16870212</id>
</work>
<isbn>1594203121</isbn>
<isbn13>9781594203121</isbn13>
<average_rating>4.06</average_rating>
<ratings_count>1334</ratings_count>
<publication_year></publication_year>
<publication_month></publication_month>
<publication_day></publication_day>
<authors>
<author>
<id>15990</id>
<name>John Lewis Gaddis</name>
<link><![CDATA[https://www.goodreads.com/author/show/15990.John_Lewis_Gaddis]]></link>
</author>
</authors>
</book>

          <book>
<id>4839382</id>
<title><![CDATA[The First Tycoon: The Epic Life of Cornelius Vanderbilt]]></title>
<title_without_series><![CDATA[The First Tycoon: The Epic Life of Cornelius Vanderbilt]]></title_without_series>
<link><![CDATA[https://www.goodreads.com/book/show/4839382-the-first-tycoon]]></link>
<small_image_url><![CDATA[https://images.gr-assets.com/books/1320519566s/4839382.jpg]]></small_image_url>
<image_url><![CDATA[https://images.gr-assets.com/books/1320519566m/4839382.jpg]]></image_url>
<num_pages>736</num_pages>
<work>
<id>4904634</id>
</work>
<isbn>0375415424</isbn>
<isbn13>9780375415425</isbn13>
<average_rating>3.92</average_rating>
<ratings_count>3937</ratings_count>
<publication_year>2009</publication_year>
<publication_month>4</publication_month>
<publication_day>21</publication_day>
<authors>
<author>
<id>221070</id>
<name>T.J. Stiles</name>
<link><![CDATA[https://www.goodreads.com/author/show/221070.T_J_Stiles]]></link>
</author>
</authors>
</book>

          <book>
<id>40941</id>
<title><![CDATA[The Scientists: A History of Science Told Through the Lives of Its Greatest Inventors]]></title>
<title_without_series><![CDATA[The Scientists: A History of Science Told Through the Lives of Its Greatest Inventors]]></title_without_series>
<link><![CDATA[https://www.goodreads.com/book/show/40941.The_Scientists]]></link>
<small_image_url><![CDATA[https://s.gr-assets.com/assets/nophoto/book/50x75-a91bf249278a81aabab721ef782c4a74.png]]></small_image_url>
<image_url><![CDATA[https://s.gr-assets.com/assets/nophoto/book/111x148-bcc042a9c91a29c1d680899eff700a03.png]]></image_url>
<num_pages>672</num_pages>
<work>
<id>717562</id>
</work>
<isbn>0812967887</isbn>
<isbn13>9780812967883</isbn13>
<average_rating>4.07</average_rating>
<ratings_count>1089</ratings_count>
<publication_year>2004</publication_year>
<publication_month>8</publication_month>
<publication_day>10</publication_day>
<authors>
<author>
<id>1418</id>
<name>John Gribbin</name>
<link><![CDATA[https://www.goodreads.com/author/show/1418.John_Gribbin]]></link>
</author>
</authors>
</book>

          <book>
<id>186344</id>
<title><![CDATA[With Malice Toward None: A Biography of Abraham Lincoln]]></title>
<title_without_series><![CDATA[With Malice Toward None: A Biography of Abraham Lincoln]]></title_without_series>
<link><![CDATA[https://www.goodreads.com/book/show/186344.With_Malice_Toward_None]]></link>
<small_image_url><![CDATA[https://s.gr-assets.com/assets/nophoto/book/50x75-a91bf249278a81aabab721ef782c4a74.png]]></small_image_url>
<image_url><![CDATA[https://s.gr-assets.com/assets/nophoto/book/111x148-bcc042a9c91a29c1d680899eff700a03.png]]></image_url>
<num_pages>544</num_pages>
<work>
<id>357549</id>
</work>
<isbn>0060924713</isbn>
<isbn13>9780060924713</isbn13>
<average_rating>4.21</average_rating>
<ratings_count>5585</ratings_count>
<publication_year>2011</publication_year>
<publication_month>2</publication_month>
<publication_day>8</publication_day>
<authors>
<author>
<id>12145</id>
<name>Stephen B. Oates</name>
<link><![CDATA[https://www.goodreads.com/author/show/12145.Stephen_B_Oates]]></link>
</author>
</authors>
</book>

          <book>
<id>20949</id>
<title><![CDATA[American Caesar: Douglas MacArthur 1880-1964]]></title>
<title_without_series><![CDATA[American Caesar: Douglas MacArthur 1880-1964]]></title_without_series>
<link><![CDATA[https://www.goodreads.com/book/show/20949.American_Caesar]]></link>
<small_image_url><![CDATA[https://images.gr-assets.com/books/1410810799s/20949.jpg]]></small_image_url>
<image_url><![CDATA[https://images.gr-assets.com/books/1410810799m/20949.jpg]]></image_url>
<num_pages>811</num_pages>
<work>
<id>268055</id>
</work>
<isbn>0316544981</isbn>
<isbn13>9780316544986</isbn13>
<average_rating>4.14</average_rating>
<ratings_count>8775</ratings_count>
<publication_year>1978</publication_year>
<publication_month>9</publication_month>
<publication_day>30</publication_day>
<authors>
<author>
<id>11789</id>
<name>William Manchester</name>
<link><![CDATA[https://www.goodreads.com/author/show/11789.William_Manchester]]></link>
</author>
</authors>
</book>

  </similar_books>
</book>

</GoodreadsResponse>