<?xml version="1.0" encoding="UTF-8"?>
<GoodreadsResponse>
  <Request>
    <authentication>true</authentication>
      <key><![CDATA[all_men_must_serve]]></key>
    <method><![CDATA[book_show]]></method>
  </Request>
  <book>
  <id>10883</id>
  <title><![CDATA[Benjamin Franklin: An American Life]]></title>
  <isbn><![CDATA[074325807X]]></isbn>
  <isbn13><![CDATA[9780743258074]]></isbn13>
  <asin><![CDATA[]]></asin>
  <kindle_asin><![CDATA[B003YFJ3ZQ]]></kindle_asin>
  <marketplace_id><![CDATA[A1F83G8C2ARO7P]]></marketplace_id>
  <country_code><![CDATA[GB]]></country_code>
  <image_url>https://images.gr-assets.com/books/1397772877m/10883.jpg</image_url>
  <small_image_url>https://images.gr-assets.com/books/1397772877s/10883.jpg</small_image_url>
  <publication_year>2004</publication_year>
  <publication_month>6</publication_month>
  <publication_day>1</publication_day>
  <publisher>Simon  Schuster</publisher>
  <language_code>eng</language_code>
  <is_ebook>false</is_ebook>
  <description><![CDATA[Benjamin Franklin is the Founding Father who winks at us. An ambitious urban entrepreneur who rose up the social ladder, from leather-aproned shopkeeper to dining with kings, he seems made of flesh rather than of marble. In bestselling author Walter Isaacson's vivid and witty full-scale biography, we discover why Franklin seems to turn to us from history's stage with eyes that twinkle from behind his new-fangled spectacles. By bringing Franklin to life, Isaacson shows how he helped to define both his own time and ours. <p> He was, during his 84-year life, America's best scientist, inventor, diplomat, writer, and business strategist, and he was also one of its most practical -- though not most profound -- political thinkers. He proved by flying a kite that lightning was electricity, and he invented a rod to tame it. He sought practical ways to make stoves less smoky and commonwealths less corrupt. He organized neighborhood constabularies and international alliances, local lending libraries and national legislatures. He combined two types of lenses to create bifocals and two concepts of representation to foster the nation's federal compromise. He was the only man who shaped all the founding documents of America: the Albany Plan of Union, the Declaration of Independence, the treaty of alliance with France, the peace treaty with England, and the Constitution. And he helped invent America's unique style of homespun humor, democratic values, and philosophical pragmatism. </p><p> But the most interesting thing that Franklin invented, and continually reinvented, was himself. America's first great publicist, he was, in his life and in his writings, consciously trying to create a new American archetype. In the process, he carefully crafted his own persona, portrayed it in public, and polished it for posterity. </p><p> Through it all, he trusted the hearts and minds of his fellow "leather-aprons" more than he did those of any inbred elite. He saw middle-class values as a source of social strength, not as something to be derided. His guiding principle was a "dislike of everything that tended to debase the spirit of the common people." Few of his fellow founders felt this comfort with democracy so fully, and none so intuitively. </p><p> In this colorful and intimate narrative, Isaacson provides the full sweep of Franklin's amazing life, from his days as a runaway printer to his triumphs as a statesman, scientist, and Founding Father. He chronicles Franklin's tumultuous relationship with his illegitimate son and grandson, his practical marriage, and his flirtations with the ladies of Paris. He also shows how Franklin helped to create the American character and why he has a particular resonance in the twenty-first century.</p>]]></description>
  <work>
  <id type="integer">750514</id>
  <books_count type="integer">30</books_count>
  <best_book_id type="integer">10883</best_book_id>
  <reviews_count type="integer">213624</reviews_count>
  <ratings_sum type="integer">284915</ratings_sum>
  <ratings_count type="integer">71908</ratings_count>
  <text_reviews_count type="integer">1387</text_reviews_count>
  <original_publication_year type="integer">2003</original_publication_year>
  <original_publication_month type="integer" nil="true"/>
  <original_publication_day type="integer" nil="true"/>
  <original_title>Benjamin Franklin: An American Life</original_title>
  <original_language_id type="integer" nil="true"/>
  <media_type>book</media_type>
  <rating_dist>5:26544|4:25679|3:13197|2:3400|1:3088|total:71908</rating_dist>
  <desc_user_id type="integer">-30</desc_user_id>
  <default_chaptering_book_id type="integer" nil="true"/>
  <default_description_language_code nil="true"/>
</work>
  <average_rating>3.96</average_rating>
  <num_pages><![CDATA[493]]></num_pages>
  <format><![CDATA[Paperback]]></format>
  <edition_information><![CDATA[]]></edition_information>
  <ratings_count><![CDATA[70440]]></ratings_count>
  <text_reviews_count><![CDATA[1264]]></text_reviews_count>
  <url><![CDATA[https://www.goodreads.com/book/show/10883.Benjamin_Franklin]]></url>
  <link><![CDATA[https://www.goodreads.com/book/show/10883.Benjamin_Franklin]]></link>
  <authors>
<author>
<id>7111</id>
<name>Walter Isaacson</name>
<role></role>
<image_url nophoto='false'>
<![CDATA[https://images.gr-assets.com/authors/1192222433p5/7111.jpg]]>
</image_url>
<small_image_url nophoto='false'>
<![CDATA[https://images.gr-assets.com/authors/1192222433p2/7111.jpg]]>
</small_image_url>
<link><![CDATA[https://www.goodreads.com/author/show/7111.Walter_Isaacson]]></link>
<average_rating>4.08</average_rating>
<ratings_count>751791</ratings_count>
<text_reviews_count>20834</text_reviews_count>
</author>
</authors>

    <reviews_widget>
      <![CDATA[
        <style>
  #goodreads-widget {
    font-family: georgia, serif;
    padding: 18px 0;
    width:565px;
  }
  #goodreads-widget h1 {
    font-weight:normal;
    font-size: 16px;
    border-bottom: 1px solid #BBB596;
    margin-bottom: 0;
  }
  #goodreads-widget a {
    text-decoration: none;
    color:#660;
  }
  iframe{
    background-color: #fff;
  }
  #goodreads-widget a:hover { text-decoration: underline; }
  #goodreads-widget a:active {
    color:#660;
  }
  #gr_footer {
    width: 100%;
    border-top: 1px solid #BBB596;
    text-align: right;
  }
  #goodreads-widget .gr_branding{
    color: #382110;
    font-size: 11px;
    text-decoration: none;
    font-family: "Helvetica Neue", Helvetica, Arial, sans-serif;
  }
</style>
<div id="goodreads-widget">
  <div id="gr_header"><h1><a rel="nofollow" href="https://www.goodreads.com/book/show/10883.Benjamin_Franklin">Benjamin Franklin Reviews</a></h1></div>
  <iframe id="the_iframe" src="https://www.goodreads.com/api/reviews_widget_iframe?did=DEVELOPER_ID&amp;format=html&amp;isbn=074325807X&amp;links=660&amp;min_rating=&amp;review_back=fff&amp;stars=000&amp;text=000" width="565" height="400" frameborder="0"></iframe>
  <div id="gr_footer">
    <a class="gr_branding" target="_blank" rel="nofollow" href="https://www.goodreads.com/book/show/10883.Benjamin_Franklin?utm_medium=api&amp;utm_source=reviews_widget">Reviews from Goodreads.com</a>
  </div>
</div>

      ]]>
    </reviews_widget>
  <popular_shelves>
      <shelf name="to-read" count="141000"/>
      <shelf name="currently-reading" count="1905"/>
      <shelf name="biography" count="1335"/>
      <shelf name="history" count="921"/>
      <shelf name="non-fiction" count="518"/>
      <shelf name="biographies" count="331"/>
      <shelf name="nonfiction" count="182"/>
      <shelf name="american-history" count="165"/>
      <shelf name="owned" count="92"/>
      <shelf name="favorites" count="78"/>
      <shelf name="politics" count="70"/>
      <shelf name="biography-memoir" count="69"/>
      <shelf name="bio" count="49"/>
      <shelf name="american-revolution" count="43"/>
      <shelf name="elon-musk" count="42"/>
      <shelf name="historical" count="42"/>
      <shelf name="library" count="41"/>
      <shelf name="books-i-own" count="40"/>
      <shelf name="us-history" count="39"/>
      <shelf name="audible" count="36"/>
      <shelf name="audiobook" count="36"/>
      <shelf name="bios" count="33"/>
      <shelf name="audio" count="33"/>
      <shelf name="to-buy" count="31"/>
      <shelf name="default" count="30"/>
      <shelf name="owned-books" count="30"/>
      <shelf name="american" count="30"/>
      <shelf name="business" count="29"/>
      <shelf name="science" count="29"/>
      <shelf name="biography-autobiography" count="28"/>
      <shelf name="history-biography" count="28"/>
      <shelf name="biographical" count="28"/>
      <shelf name="to-read-non-fiction" count="27"/>
      <shelf name="hist" count="25"/>
      <shelf name="kindle" count="24"/>
      <shelf name="history-american" count="24"/>
      <shelf name="audiobooks" count="21"/>
      <shelf name="autobiography" count="20"/>
      <shelf name="america" count="20"/>
      <shelf name="to-read-biography" count="18"/>
      <shelf name="18th-century" count="18"/>
      <shelf name="memoir-biography" count="18"/>
      <shelf name="benjamin-franklin" count="18"/>
      <shelf name="u-s-history" count="17"/>
      <shelf name="wish-list" count="16"/>
      <shelf name="bio-memoir" count="16"/>
      <shelf name="my-library" count="15"/>
      <shelf name="to-read-nonfiction" count="14"/>
      <shelf name="non-fiction-to-read" count="14"/>
      <shelf name="revolutionary-war" count="14"/>
      <shelf name="my-books" count="13"/>
      <shelf name="political" count="13"/>
      <shelf name="biographies-memoirs" count="13"/>
      <shelf name="classics" count="13"/>
      <shelf name="leadership" count="12"/>
      <shelf name="ebook" count="12"/>
      <shelf name="people" count="11"/>
      <shelf name="founding-fathers" count="11"/>
      <shelf name="audio-books" count="11"/>
      <shelf name="war" count="11"/>
      <shelf name="historical-non-fiction" count="11"/>
      <shelf name="history-to-read" count="10"/>
      <shelf name="to-read-history" count="10"/>
      <shelf name="audio-book" count="10"/>
      <shelf name="biography-memoirs" count="10"/>
      <shelf name="abandoned" count="10"/>
      <shelf name="own-it" count="10"/>
      <shelf name="philosophy" count="10"/>
      <shelf name="books" count="10"/>
      <shelf name="personal-library" count="10"/>
      <shelf name="auto-biography" count="9"/>
      <shelf name="musk" count="9"/>
      <shelf name="usa" count="9"/>
      <shelf name="own-to-read" count="9"/>
      <shelf name="ebooks" count="9"/>
      <shelf name="elon" count="8"/>
      <shelf name="memoir" count="8"/>
      <shelf name="did-not-finish" count="8"/>
      <shelf name="maybe" count="8"/>
      <shelf name="book-club" count="8"/>
      <shelf name="on-hold" count="8"/>
      <shelf name="history-us" count="8"/>
      <shelf name="home-library" count="8"/>
      <shelf name="franklin" count="8"/>
      <shelf name="colonial-america" count="8"/>
      <shelf name="shelfari-wishlist" count="7"/>
      <shelf name="autobiographies" count="7"/>
      <shelf name="to-read-biographies" count="7"/>
      <shelf name="want-to-read" count="7"/>
      <shelf name="auto-biographies" count="7"/>
      <shelf name="biography-history" count="7"/>
      <shelf name="didn-t-finish" count="7"/>
      <shelf name="france" count="7"/>
      <shelf name="biography-to-read" count="7"/>
      <shelf name="non-fiction-history" count="7"/>
      <shelf name="fiction" count="7"/>
      <shelf name="bios-memoirs" count="7"/>
      <shelf name="revolutionary" count="7"/>
      <shelf name="elon-musk-recommendations" count="6"/>
      <shelf name="biography-autobiography-memoir" count="6"/>
  </popular_shelves>
  <book_links>
    <book_link>
  <id>8</id>
  <name>Libraries</name>
  <link>https://www.goodreads.com/book_link/follow/8</link>
</book_link>

  </book_links>
  <buy_links>
    <buy_link>
<id>1</id>
<name>Amazon</name>
<link>https://www.goodreads.com/book_link/follow/1</link>
</buy_link>
<buy_link>
<id>10</id>
<name>Audible</name>
<link>https://www.goodreads.com/book_link/follow/10</link>
</buy_link>
<buy_link>
<id>3</id>
<name>Barnes &amp; Noble</name>
<link>https://www.goodreads.com/book_link/follow/3</link>
</buy_link>
<buy_link>
<id>1027</id>
<name>Kobo</name>
<link>https://www.goodreads.com/book_link/follow/1027</link>
</buy_link>
<buy_link>
<id>2102</id>
<name>Apple iBooks</name>
<link>https://www.goodreads.com/book_link/follow/2102</link>
</buy_link>
<buy_link>
<id>8036</id>
<name>Google Play</name>
<link>https://www.goodreads.com/book_link/follow/8036</link>
</buy_link>
<buy_link>
<id>4</id>
<name>Abebooks</name>
<link>https://www.goodreads.com/book_link/follow/4</link>
</buy_link>
<buy_link>
<id>882</id>
<name>Book Depository</name>
<link>https://www.goodreads.com/book_link/follow/882</link>
</buy_link>
<buy_link>
<id>9</id>
<name>Indigo</name>
<link>https://www.goodreads.com/book_link/follow/9</link>
</buy_link>
<buy_link>
<id>2</id>
<name>Half.com</name>
<link>https://www.goodreads.com/book_link/follow/2</link>
</buy_link>
<buy_link>
<id>5</id>
<name>Alibris</name>
<link>https://www.goodreads.com/book_link/follow/5</link>
</buy_link>
<buy_link>
<id>107</id>
<name>Better World Books</name>
<link>https://www.goodreads.com/book_link/follow/107</link>
</buy_link>
<buy_link>
<id>7</id>
<name>IndieBound</name>
<link>https://www.goodreads.com/book_link/follow/7</link>
</buy_link>

  </buy_links>
  <series_works>
    
  </series_works>
  <similar_books>
          <book>
<id>6462</id>
<title><![CDATA[His Excellency: George Washington]]></title>
<title_without_series><![CDATA[His Excellency: George Washington]]></title_without_series>
<link><![CDATA[https://www.goodreads.com/book/show/6462.His_Excellency]]></link>
<small_image_url><![CDATA[https://s.gr-assets.com/assets/nophoto/book/50x75-a91bf249278a81aabab721ef782c4a74.png]]></small_image_url>
<image_url><![CDATA[https://s.gr-assets.com/assets/nophoto/book/111x148-bcc042a9c91a29c1d680899eff700a03.png]]></image_url>
<num_pages>352</num_pages>
<work>
<id>1615</id>
</work>
<isbn>1400032539</isbn>
<isbn13>9781400032532</isbn13>
<average_rating>3.90</average_rating>
<ratings_count>28002</ratings_count>
<publication_year>2005</publication_year>
<publication_month>11</publication_month>
<publication_day>8</publication_day>
<authors>
<author>
<id>1483</id>
<name>Joseph J. Ellis</name>
<link><![CDATA[https://www.goodreads.com/author/show/1483.Joseph_J_Ellis]]></link>
</author>
</authors>
</book>

          <book>
<id>2279</id>
<title>Truman</title>
<title_without_series>Truman</title_without_series>
<link><![CDATA[https://www.goodreads.com/book/show/2279.Truman]]></link>
<small_image_url><![CDATA[https://images.gr-assets.com/books/1364681969s/2279.jpg]]></small_image_url>
<image_url><![CDATA[https://images.gr-assets.com/books/1364681969m/2279.jpg]]></image_url>
<num_pages>1120</num_pages>
<work>
<id>1732395</id>
</work>
<isbn>0671869205</isbn>
<isbn13>9780671869205</isbn13>
<average_rating>4.15</average_rating>
<ratings_count>54836</ratings_count>
<publication_year></publication_year>
<publication_month></publication_month>
<publication_day></publication_day>
<authors>
<author>
<id>6281688</id>
<name>David McCullough</name>
<link><![CDATA[https://www.goodreads.com/author/show/6281688.David_McCullough]]></link>
</author>
</authors>
</book>

          <book>
<id>147602</id>
<title><![CDATA[The First American: The Life and Times of Benjamin Franklin]]></title>
<title_without_series><![CDATA[The First American: The Life and Times of Benjamin Franklin]]></title_without_series>
<link><![CDATA[https://www.goodreads.com/book/show/147602.The_First_American]]></link>
<small_image_url><![CDATA[https://images.gr-assets.com/books/1320438405s/147602.jpg]]></small_image_url>
<image_url><![CDATA[https://images.gr-assets.com/books/1320438405m/147602.jpg]]></image_url>
<num_pages>765</num_pages>
<work>
<id>1488838</id>
</work>
<isbn>0385495404</isbn>
<isbn13>9780385495400</isbn13>
<average_rating>4.09</average_rating>
<ratings_count>15534</ratings_count>
<publication_year>2002</publication_year>
<publication_month>3</publication_month>
<publication_day>12</publication_day>
<authors>
<author>
<id>4645</id>
<name>H.W. Brands</name>
<link><![CDATA[https://www.goodreads.com/author/show/4645.H_W_Brands]]></link>
</author>
</authors>
</book>

          <book>
<id>89306</id>
<title>Alexander Hamilton, American</title>
<title_without_series>Alexander Hamilton, American</title_without_series>
<link><![CDATA[https://www.goodreads.com/book/show/89306.Alexander_Hamilton_American]]></link>
<small_image_url><![CDATA[https://images.gr-assets.com/books/1400881797s/89306.jpg]]></small_image_url>
<image_url><![CDATA[https://images.gr-assets.com/books/1400881797m/89306.jpg]]></image_url>
<num_pages></num_pages>
<work>
<id>86194</id>
</work>
<isbn>0684863316</isbn>
<isbn13>9780684863313</isbn13>
<average_rating>3.64</average_rating>
<ratings_count>698</ratings_count>
<publication_year></publication_year>
<publication_month></publication_month>
<publication_day></publication_day>
<authors>
<author>
<id>44561</id>
<name>Richard Brookhiser</name>
<link><![CDATA[https://www.goodreads.com/author/show/44561.Richard_Brookhiser]]></link>
</author>
</authors>
</book>

          <book>
<id>99954</id>
<title><![CDATA[Thomas Paine: Enlightenment, Revolution, and the Birth of Modern Nations]]></title>
<title_without_series><![CDATA[Thomas Paine: Enlightenment, Revolution, and the Birth of Modern Nations]]></title_without_series>
<link><![CDATA[https://www.goodreads.com/book/show/99954.Thomas_Paine]]></link>
<small_image_url><![CDATA[https://images.gr-assets.com/books/1309200714s/99954.jpg]]></small_image_url>
<image_url><![CDATA[https://images.gr-assets.com/books/1309200714m/99954.jpg]]></image_url>
<num_pages></num_pages>
<work>
<id>96367</id>
</work>
<isbn>0670037885</isbn>
<isbn13>9780670037889</isbn13>
<average_rating>3.93</average_rating>
<ratings_count>1216</ratings_count>
<publication_year></publication_year>
<publication_month></publication_month>
<publication_day></publication_day>
<authors>
<author>
<id>57640</id>
<name>Craig Nelson</name>
<link><![CDATA[https://www.goodreads.com/author/show/57640.Craig_Nelson]]></link>
</author>
</authors>
</book>

          <book>
<id>58479</id>
<title><![CDATA[The Americanization of Benjamin Franklin]]></title>
<title_without_series><![CDATA[The Americanization of Benjamin Franklin]]></title_without_series>
<link><![CDATA[https://www.goodreads.com/book/show/58479.The_Americanization_of_Benjamin_Franklin]]></link>
<small_image_url><![CDATA[https://s.gr-assets.com/assets/nophoto/book/50x75-a91bf249278a81aabab721ef782c4a74.png]]></small_image_url>
<image_url><![CDATA[https://s.gr-assets.com/assets/nophoto/book/111x148-bcc042a9c91a29c1d680899eff700a03.png]]></image_url>
<num_pages></num_pages>
<work>
<id>56948</id>
</work>
<isbn>0143035282</isbn>
<isbn13>9780143035282</isbn13>
<average_rating>4.06</average_rating>
<ratings_count>3959</ratings_count>
<publication_year></publication_year>
<publication_month></publication_month>
<publication_day></publication_day>
<authors>
<author>
<id>2124</id>
<name>Gordon S. Wood</name>
<link><![CDATA[https://www.goodreads.com/author/show/2124.Gordon_S_Wood]]></link>
</author>
</authors>
</book>

          <book>
<id>40929</id>
<title><![CDATA[The Rise of Theodore Roosevelt]]></title>
<title_without_series><![CDATA[The Rise of Theodore Roosevelt]]></title_without_series>
<link><![CDATA[https://www.goodreads.com/book/show/40929.The_Rise_of_Theodore_Roosevelt]]></link>
<small_image_url><![CDATA[https://images.gr-assets.com/books/1452010007s/40929.jpg]]></small_image_url>
<image_url><![CDATA[https://images.gr-assets.com/books/1452010007m/40929.jpg]]></image_url>
<num_pages>780</num_pages>
<work>
<id>40514</id>
</work>
<isbn>0375756787</isbn>
<isbn13>9780375756788</isbn13>
<average_rating>4.25</average_rating>
<ratings_count>28453</ratings_count>
<publication_year>2001</publication_year>
<publication_month>11</publication_month>
<publication_day>20</publication_day>
<authors>
<author>
<id>23013</id>
<name>Edmund Morris</name>
<link><![CDATA[https://www.goodreads.com/author/show/23013.Edmund_Morris]]></link>
</author>
</authors>
</book>

          <book>
<id>16130</id>
<title>Alexander Hamilton</title>
<title_without_series>Alexander Hamilton</title_without_series>
<link><![CDATA[https://www.goodreads.com/book/show/16130.Alexander_Hamilton]]></link>
<small_image_url><![CDATA[https://s.gr-assets.com/assets/nophoto/book/50x75-a91bf249278a81aabab721ef782c4a74.png]]></small_image_url>
<image_url><![CDATA[https://s.gr-assets.com/assets/nophoto/book/111x148-bcc042a9c91a29c1d680899eff700a03.png]]></image_url>
<num_pages>731</num_pages>
<work>
<id>1205304</id>
</work>
<isbn>0143034758</isbn>
<isbn13>9780143034759</isbn13>
<average_rating>4.26</average_rating>
<ratings_count>51724</ratings_count>
<publication_year></publication_year>
<publication_month></publication_month>
<publication_day></publication_day>
<authors>
<author>
<id>9950</id>
<name>Ron Chernow</name>
<link><![CDATA[https://www.goodreads.com/author/show/9950.Ron_Chernow]]></link>
</author>
</authors>
</book>

          <book>
<id>3147367</id>
<title><![CDATA[American Lion: Andrew Jackson in the White House]]></title>
<title_without_series><![CDATA[American Lion: Andrew Jackson in the White House]]></title_without_series>
<link><![CDATA[https://www.goodreads.com/book/show/3147367-american-lion]]></link>
<small_image_url><![CDATA[https://images.gr-assets.com/books/1320480904s/3147367.jpg]]></small_image_url>
<image_url><![CDATA[https://images.gr-assets.com/books/1320480904m/3147367.jpg]]></image_url>
<num_pages>361</num_pages>
<work>
<id>3178858</id>
</work>
<isbn>1400063256</isbn>
<isbn13>9781400063253</isbn13>
<average_rating>3.76</average_rating>
<ratings_count>33462</ratings_count>
<publication_year></publication_year>
<publication_month></publication_month>
<publication_day></publication_day>
<authors>
<author>
<id>3041</id>
<name>Jon Meacham</name>
<link><![CDATA[https://www.goodreads.com/author/show/3041.Jon_Meacham]]></link>
</author>
</authors>
</book>

          <book>
<id>434569</id>
<title><![CDATA[John Marshall: Definer of a Nation]]></title>
<title_without_series><![CDATA[John Marshall: Definer of a Nation]]></title_without_series>
<link><![CDATA[https://www.goodreads.com/book/show/434569.John_Marshall]]></link>
<small_image_url><![CDATA[https://s.gr-assets.com/assets/nophoto/book/50x75-a91bf249278a81aabab721ef782c4a74.png]]></small_image_url>
<image_url><![CDATA[https://s.gr-assets.com/assets/nophoto/book/111x148-bcc042a9c91a29c1d680899eff700a03.png]]></image_url>
<num_pages>736</num_pages>
<work>
<id>423504</id>
</work>
<isbn>080505510X</isbn>
<isbn13>9780805055108</isbn13>
<average_rating>4.06</average_rating>
<ratings_count>825</ratings_count>
<publication_year>1998</publication_year>
<publication_month>3</publication_month>
<publication_day>15</publication_day>
<authors>
<author>
<id>191016</id>
<name>Jean Edward Smith</name>
<link><![CDATA[https://www.goodreads.com/author/show/191016.Jean_Edward_Smith]]></link>
</author>
</authors>
</book>

          <book>
<id>32080</id>
<title>Paul Revere&apos;s Ride</title>
<title_without_series>Paul Revere&apos;s Ride</title_without_series>
<link><![CDATA[https://www.goodreads.com/book/show/32080.Paul_Revere_s_Ride]]></link>
<small_image_url><![CDATA[https://s.gr-assets.com/assets/nophoto/book/50x75-a91bf249278a81aabab721ef782c4a74.png]]></small_image_url>
<image_url><![CDATA[https://s.gr-assets.com/assets/nophoto/book/111x148-bcc042a9c91a29c1d680899eff700a03.png]]></image_url>
<num_pages>464</num_pages>
<work>
<id>32291</id>
</work>
<isbn>0195098315</isbn>
<isbn13>9780195098310</isbn13>
<average_rating>4.12</average_rating>
<ratings_count>3120</ratings_count>
<publication_year>1995</publication_year>
<publication_month>4</publication_month>
<publication_day>19</publication_day>
<authors>
<author>
<id>5062</id>
<name>David Hackett Fischer</name>
<link><![CDATA[https://www.goodreads.com/author/show/5062.David_Hackett_Fischer]]></link>
</author>
</authors>
</book>

          <book>
<id>373588</id>
<title><![CDATA[Adams Vs. Jefferson: The Tumultuous Election of 1800]]></title>
<title_without_series><![CDATA[Adams Vs. Jefferson: The Tumultuous Election of 1800]]></title_without_series>
<link><![CDATA[https://www.goodreads.com/book/show/373588.Adams_Vs_Jefferson]]></link>
<small_image_url><![CDATA[https://s.gr-assets.com/assets/nophoto/book/50x75-a91bf249278a81aabab721ef782c4a74.png]]></small_image_url>
<image_url><![CDATA[https://s.gr-assets.com/assets/nophoto/book/111x148-bcc042a9c91a29c1d680899eff700a03.png]]></image_url>
<num_pages>260</num_pages>
<work>
<id>1987797</id>
</work>
<isbn>019518906X</isbn>
<isbn13>9780195189063</isbn13>
<average_rating>3.96</average_rating>
<ratings_count>2016</ratings_count>
<publication_year>2005</publication_year>
<publication_month>10</publication_month>
<publication_day>20</publication_day>
<authors>
<author>
<id>213039</id>
<name>John Ferling</name>
<link><![CDATA[https://www.goodreads.com/author/show/213039.John_Ferling]]></link>
</author>
</authors>
</book>

          <book>
<id>106590</id>
<title>Lincoln</title>
<title_without_series>Lincoln</title_without_series>
<link><![CDATA[https://www.goodreads.com/book/show/106590.Lincoln]]></link>
<small_image_url><![CDATA[https://s.gr-assets.com/assets/nophoto/book/50x75-a91bf249278a81aabab721ef782c4a74.png]]></small_image_url>
<image_url><![CDATA[https://s.gr-assets.com/assets/nophoto/book/111x148-bcc042a9c91a29c1d680899eff700a03.png]]></image_url>
<num_pages>720</num_pages>
<work>
<id>1733479</id>
</work>
<isbn>068482535X</isbn>
<isbn13>9780684825359</isbn13>
<average_rating>4.17</average_rating>
<ratings_count>26468</ratings_count>
<publication_year>1996</publication_year>
<publication_month>11</publication_month>
<publication_day>5</publication_day>
<authors>
<author>
<id>7922</id>
<name>David Herbert Donald</name>
<link><![CDATA[https://www.goodreads.com/author/show/7922.David_Herbert_Donald]]></link>
</author>
</authors>
</book>

          <book>
<id>4529814</id>
<title>Samuel Adams: A Life</title>
<title_without_series>Samuel Adams: A Life</title_without_series>
<link><![CDATA[https://www.goodreads.com/book/show/4529814-samuel-adams]]></link>
<small_image_url><![CDATA[https://s.gr-assets.com/assets/nophoto/book/50x75-a91bf249278a81aabab721ef782c4a74.png]]></small_image_url>
<image_url><![CDATA[https://s.gr-assets.com/assets/nophoto/book/111x148-bcc042a9c91a29c1d680899eff700a03.png]]></image_url>
<num_pages>339</num_pages>
<work>
<id>4579016</id>
</work>
<isbn>0743299116</isbn>
<isbn13>9780743299114</isbn13>
<average_rating>3.87</average_rating>
<ratings_count>1357</ratings_count>
<publication_year></publication_year>
<publication_month></publication_month>
<publication_day></publication_day>
<authors>
<author>
<id>1888597</id>
<name>Ira Stoll</name>
<link><![CDATA[https://www.goodreads.com/author/show/1888597.Ira_Stoll]]></link>
</author>
</authors>
</book>

          <book>
<id>4059448</id>
<title>A. Lincoln</title>
<title_without_series>A. Lincoln</title_without_series>
<link><![CDATA[https://www.goodreads.com/book/show/4059448-a-lincoln]]></link>
<small_image_url><![CDATA[https://s.gr-assets.com/assets/nophoto/book/50x75-a91bf249278a81aabab721ef782c4a74.png]]></small_image_url>
<image_url><![CDATA[https://s.gr-assets.com/assets/nophoto/book/111x148-bcc042a9c91a29c1d680899eff700a03.png]]></image_url>
<num_pages></num_pages>
<work>
<id>4106471</id>
</work>
<isbn>1400064996</isbn>
<isbn13>9781400064991</isbn13>
<average_rating>4.22</average_rating>
<ratings_count>9274</ratings_count>
<publication_year></publication_year>
<publication_month></publication_month>
<publication_day></publication_day>
<authors>
<author>
<id>72809</id>
<name>Ronald C. White Jr.</name>
<link><![CDATA[https://www.goodreads.com/author/show/72809.Ronald_C_White_Jr_]]></link>
</author>
</authors>
</book>

          <book>
<id>196110</id>
<title>John Jay: Founding Father</title>
<title_without_series>John Jay: Founding Father</title_without_series>
<link><![CDATA[https://www.goodreads.com/book/show/196110.John_Jay]]></link>
<small_image_url><![CDATA[https://s.gr-assets.com/assets/nophoto/book/50x75-a91bf249278a81aabab721ef782c4a74.png]]></small_image_url>
<image_url><![CDATA[https://s.gr-assets.com/assets/nophoto/book/111x148-bcc042a9c91a29c1d680899eff700a03.png]]></image_url>
<num_pages></num_pages>
<work>
<id>189674</id>
</work>
<isbn>0826418791</isbn>
<isbn13>9780826418791</isbn13>
<average_rating>3.88</average_rating>
<ratings_count>201</ratings_count>
<publication_year></publication_year>
<publication_month></publication_month>
<publication_day></publication_day>
<authors>
<author>
<id>114259</id>
<name>Walter Stahr</name>
<link><![CDATA[https://www.goodreads.com/author/show/114259.Walter_Stahr]]></link>
</author>
</authors>
</book>

          <book>
<id>254310</id>
<title><![CDATA[Washington: The Indispensable Man]]></title>
<title_without_series><![CDATA[Washington: The Indispensable Man]]></title_without_series>
<link><![CDATA[https://www.goodreads.com/book/show/254310.Washington]]></link>
<small_image_url><![CDATA[https://s.gr-assets.com/assets/nophoto/book/50x75-a91bf249278a81aabab721ef782c4a74.png]]></small_image_url>
<image_url><![CDATA[https://s.gr-assets.com/assets/nophoto/book/111x148-bcc042a9c91a29c1d680899eff700a03.png]]></image_url>
<num_pages>423</num_pages>
<work>
<id>246446</id>
</work>
<isbn>0316286168</isbn>
<isbn13>9780316286169</isbn13>
<average_rating>4.08</average_rating>
<ratings_count>4334</ratings_count>
<publication_year></publication_year>
<publication_month></publication_month>
<publication_day></publication_day>
<authors>
<author>
<id>5543342</id>
<name>James Thomas Flexner</name>
<link><![CDATA[https://www.goodreads.com/author/show/5543342.James_Thomas_Flexner]]></link>
</author>
</authors>
</book>

          <book>
<id>320861</id>
<title><![CDATA[Howard Hughes: His Life and Madness]]></title>
<title_without_series><![CDATA[Howard Hughes: His Life and Madness]]></title_without_series>
<link><![CDATA[https://www.goodreads.com/book/show/320861.Howard_Hughes]]></link>
<small_image_url><![CDATA[https://s.gr-assets.com/assets/nophoto/book/50x75-a91bf249278a81aabab721ef782c4a74.png]]></small_image_url>
<image_url><![CDATA[https://s.gr-assets.com/assets/nophoto/book/111x148-bcc042a9c91a29c1d680899eff700a03.png]]></image_url>
<num_pages>688</num_pages>
<work>
<id>311597</id>
</work>
<isbn>0393326020</isbn>
<isbn13>9780393326024</isbn13>
<average_rating>3.84</average_rating>
<ratings_count>855</ratings_count>
<publication_year>2004</publication_year>
<publication_month>9</publication_month>
<publication_day>17</publication_day>
<authors>
<author>
<id>162536</id>
<name>Donald L. Barlett</name>
<link><![CDATA[https://www.goodreads.com/author/show/162536.Donald_L_Barlett]]></link>
</author>
</authors>
</book>

  </similar_books>
</book>

</GoodreadsResponse>