<?xml version="1.0" encoding="UTF-8"?>
<GoodreadsResponse>
  <Request>
    <authentication>true</authentication>
      <key><![CDATA[all_men_must_serve]]></key>
    <method><![CDATA[book_show]]></method>
  </Request>
  <book>
  <id>10909</id>
  <title>The Tenth Circle</title>
  <isbn><![CDATA[074349671X]]></isbn>
  <isbn13><![CDATA[9780743496711]]></isbn13>
  <asin><![CDATA[]]></asin>
  <kindle_asin><![CDATA[B006WAFRH8]]></kindle_asin>
  <marketplace_id><![CDATA[A1F83G8C2ARO7P]]></marketplace_id>
  <country_code><![CDATA[GB]]></country_code>
  <image_url>https://images.gr-assets.com/books/1348575053m/10909.jpg</image_url>
  <small_image_url>https://images.gr-assets.com/books/1348575053s/10909.jpg</small_image_url>
  <publication_year>2006</publication_year>
  <publication_month>10</publication_month>
  <publication_day>24</publication_day>
  <publisher>Allen &amp; Ulwin</publisher>
  <language_code>eng</language_code>
  <is_ebook>false</is_ebook>
  <description><![CDATA[Fourteen-year-old Trixie Stone is in love for the first time. She's also the light of her father, Daniel's life -- a straight-A student; a pretty, popular freshman in high school; a girl who's always seen her father as a hero. That is, until her world is turned upside down with a single act of violence. Suddenly everything Trixie has believed about her family -- and herself -- seems to be a lie. Could the boyfriend who once made Trixie wild with happiness have been the one to end her childhood forever? She says that he is, and that is all it takes to make Daniel, a seemingly mild-mannered comic book artist with a secret tumultuous past he has hidden even from his family, venture to hell and back to protect his daughter. <p> With <i>The Tenth Circle</i>, Jodi Picoult offers her most powerful chronicle yet as she explores the unbreakable bond between parent and child, and questions whether you can reinvent yourself in the course of a lifetime -- or if your mistakes are carried forever.</p>]]></description>
  <work>
  <id type="integer">2532689</id>
  <books_count type="integer">69</books_count>
  <best_book_id type="integer">10909</best_book_id>
  <reviews_count type="integer">148707</reviews_count>
  <ratings_sum type="integer">358950</ratings_sum>
  <ratings_count type="integer">103191</ratings_count>
  <text_reviews_count type="integer">5103</text_reviews_count>
  <original_publication_year type="integer">2006</original_publication_year>
  <original_publication_month type="integer" nil="true"/>
  <original_publication_day type="integer" nil="true"/>
  <original_title>The Tenth Circle</original_title>
  <original_language_id type="integer" nil="true"/>
  <media_type>book</media_type>
  <rating_dist>5:18248|4:32013|3:36939|2:12850|1:3141|total:103191</rating_dist>
  <desc_user_id type="integer">3900447</desc_user_id>
  <default_chaptering_book_id type="integer" nil="true"/>
  <default_description_language_code nil="true"/>
</work>
  <average_rating>3.48</average_rating>
  <num_pages><![CDATA[416]]></num_pages>
  <format><![CDATA[Paperback]]></format>
  <edition_information><![CDATA[]]></edition_information>
  <ratings_count><![CDATA[99204]]></ratings_count>
  <text_reviews_count><![CDATA[4689]]></text_reviews_count>
  <url><![CDATA[https://www.goodreads.com/book/show/10909.The_Tenth_Circle]]></url>
  <link><![CDATA[https://www.goodreads.com/book/show/10909.The_Tenth_Circle]]></link>
  <authors>
<author>
<id>7128</id>
<name>Jodi Picoult</name>
<role></role>
<image_url nophoto='false'>
<![CDATA[https://images.gr-assets.com/authors/1475775448p5/7128.jpg]]>
</image_url>
<small_image_url nophoto='false'>
<![CDATA[https://images.gr-assets.com/authors/1475775448p2/7128.jpg]]>
</small_image_url>
<link><![CDATA[https://www.goodreads.com/author/show/7128.Jodi_Picoult]]></link>
<average_rating>3.95</average_rating>
<ratings_count>2906990</ratings_count>
<text_reviews_count>172467</text_reviews_count>
</author>
</authors>

    <reviews_widget>
      <![CDATA[
        <style>
  #goodreads-widget {
    font-family: georgia, serif;
    padding: 18px 0;
    width:565px;
  }
  #goodreads-widget h1 {
    font-weight:normal;
    font-size: 16px;
    border-bottom: 1px solid #BBB596;
    margin-bottom: 0;
  }
  #goodreads-widget a {
    text-decoration: none;
    color:#660;
  }
  iframe{
    background-color: #fff;
  }
  #goodreads-widget a:hover { text-decoration: underline; }
  #goodreads-widget a:active {
    color:#660;
  }
  #gr_footer {
    width: 100%;
    border-top: 1px solid #BBB596;
    text-align: right;
  }
  #goodreads-widget .gr_branding{
    color: #382110;
    font-size: 11px;
    text-decoration: none;
    font-family: "Helvetica Neue", Helvetica, Arial, sans-serif;
  }
</style>
<div id="goodreads-widget">
  <div id="gr_header"><h1><a rel="nofollow" href="https://www.goodreads.com/book/show/10909.The_Tenth_Circle">The Tenth Circle Reviews</a></h1></div>
  <iframe id="the_iframe" src="https://www.goodreads.com/api/reviews_widget_iframe?did=DEVELOPER_ID&amp;format=html&amp;isbn=074349671X&amp;links=660&amp;min_rating=&amp;review_back=fff&amp;stars=000&amp;text=000" width="565" height="400" frameborder="0"></iframe>
  <div id="gr_footer">
    <a class="gr_branding" target="_blank" rel="nofollow" href="https://www.goodreads.com/book/show/10909.The_Tenth_Circle?utm_medium=api&amp;utm_source=reviews_widget">Reviews from Goodreads.com</a>
  </div>
</div>

      ]]>
    </reviews_widget>
  <popular_shelves>
      <shelf name="to-read" count="3200"/>
      <shelf name="fiction" count="1068"/>
      <shelf name="jodi-picoult" count="706"/>
      <shelf name="books-i-own" count="368"/>
      <shelf name="favorites" count="263"/>
      <shelf name="owned" count="199"/>
      <shelf name="contemporary" count="196"/>
      <shelf name="chick-lit" count="171"/>
      <shelf name="adult-fiction" count="132"/>
      <shelf name="adult" count="118"/>
      <shelf name="drama" count="115"/>
      <shelf name="contemporary-fiction" count="106"/>
      <shelf name="general-fiction" count="86"/>
      <shelf name="mystery" count="85"/>
      <shelf name="picoult" count="81"/>
      <shelf name="owned-books" count="74"/>
      <shelf name="realistic-fiction" count="73"/>
      <shelf name="default" count="70"/>
      <shelf name="library" count="68"/>
      <shelf name="book-club" count="68"/>
      <shelf name="currently-reading" count="64"/>
      <shelf name="novels" count="62"/>
      <shelf name="i-own" count="53"/>
      <shelf name="my-books" count="48"/>
      <shelf name="2006" count="43"/>
      <shelf name="young-adult" count="41"/>
      <shelf name="rape" count="37"/>
      <shelf name="family" count="37"/>
      <shelf name="my-library" count="35"/>
      <shelf name="romance" count="33"/>
      <shelf name="audiobook" count="33"/>
      <shelf name="have" count="30"/>
      <shelf name="picoult-jodi" count="29"/>
      <shelf name="novel" count="29"/>
      <shelf name="coming-of-age" count="29"/>
      <shelf name="read-in-2008" count="29"/>
      <shelf name="audio-book" count="29"/>
      <shelf name="kindle" count="27"/>
      <shelf name="alaska" count="27"/>
      <shelf name="favorite-authors" count="27"/>
      <shelf name="ebooks" count="25"/>
      <shelf name="borrowed" count="25"/>
      <shelf name="audiobooks" count="24"/>
      <shelf name="jodi" count="23"/>
      <shelf name="favourites" count="23"/>
      <shelf name="read-in-2011" count="22"/>
      <shelf name="crime" count="22"/>
      <shelf name="family-relationships" count="22"/>
      <shelf name="to-buy" count="22"/>
      <shelf name="books-i-have" count="21"/>
      <shelf name="ebook" count="21"/>
      <shelf name="audio-books" count="21"/>
      <shelf name="ya" count="20"/>
      <shelf name="audio" count="20"/>
      <shelf name="books" count="19"/>
      <shelf name="family-drama" count="19"/>
      <shelf name="finished" count="19"/>
      <shelf name="own-it" count="18"/>
      <shelf name="literature" count="18"/>
      <shelf name="abandoned" count="17"/>
      <shelf name="read-in-2014" count="16"/>
      <shelf name="own-to-read" count="16"/>
      <shelf name="reviewed" count="16"/>
      <shelf name="women-s-fiction" count="16"/>
      <shelf name="jodi-picoult-books" count="16"/>
      <shelf name="read-in-2012" count="15"/>
      <shelf name="jodi-piccoult" count="15"/>
      <shelf name="womens-fiction" count="15"/>
      <shelf name="realistic" count="15"/>
      <shelf name="bookclub" count="15"/>
      <shelf name="read-in-2010" count="14"/>
      <shelf name="adult-books" count="14"/>
      <shelf name="suspense" count="14"/>
      <shelf name="favorite-books" count="14"/>
      <shelf name="on-my-shelf" count="13"/>
      <shelf name="mine" count="13"/>
      <shelf name="i-own-it" count="13"/>
      <shelf name="bookshelf" count="13"/>
      <shelf name="on-my-bookshelf" count="13"/>
      <shelf name="chic-lit" count="13"/>
      <shelf name="did-not-finish" count="13"/>
      <shelf name="my-bookshelf" count="12"/>
      <shelf name="general" count="12"/>
      <shelf name="paperback" count="12"/>
      <shelf name="high-school" count="12"/>
      <shelf name="fathers-and-daughters" count="11"/>
      <shelf name="tbr" count="11"/>
      <shelf name="audible" count="11"/>
      <shelf name="didn-t-finish" count="11"/>
      <shelf name="home-library" count="11"/>
      <shelf name="want-to-read" count="11"/>
      <shelf name="popular-fiction" count="11"/>
      <shelf name="personal-library" count="11"/>
      <shelf name="books-owned" count="11"/>
      <shelf name="graphic-novel" count="11"/>
      <shelf name="date-rape" count="10"/>
      <shelf name="abuse" count="10"/>
      <shelf name="5-stars" count="10"/>
      <shelf name="owned-to-read" count="10"/>
      <shelf name="want" count="10"/>
  </popular_shelves>
  <book_links>
    <book_link>
  <id>8</id>
  <name>Libraries</name>
  <link>https://www.goodreads.com/book_link/follow/8</link>
</book_link>

  </book_links>
  <buy_links>
    <buy_link>
<id>1</id>
<name>Amazon</name>
<link>https://www.goodreads.com/book_link/follow/1</link>
</buy_link>
<buy_link>
<id>10</id>
<name>Audible</name>
<link>https://www.goodreads.com/book_link/follow/10</link>
</buy_link>
<buy_link>
<id>3</id>
<name>Barnes &amp; Noble</name>
<link>https://www.goodreads.com/book_link/follow/3</link>
</buy_link>
<buy_link>
<id>1027</id>
<name>Kobo</name>
<link>https://www.goodreads.com/book_link/follow/1027</link>
</buy_link>
<buy_link>
<id>2102</id>
<name>Apple iBooks</name>
<link>https://www.goodreads.com/book_link/follow/2102</link>
</buy_link>
<buy_link>
<id>8036</id>
<name>Google Play</name>
<link>https://www.goodreads.com/book_link/follow/8036</link>
</buy_link>
<buy_link>
<id>4</id>
<name>Abebooks</name>
<link>https://www.goodreads.com/book_link/follow/4</link>
</buy_link>
<buy_link>
<id>882</id>
<name>Book Depository</name>
<link>https://www.goodreads.com/book_link/follow/882</link>
</buy_link>
<buy_link>
<id>9</id>
<name>Indigo</name>
<link>https://www.goodreads.com/book_link/follow/9</link>
</buy_link>
<buy_link>
<id>2</id>
<name>Half.com</name>
<link>https://www.goodreads.com/book_link/follow/2</link>
</buy_link>
<buy_link>
<id>5</id>
<name>Alibris</name>
<link>https://www.goodreads.com/book_link/follow/5</link>
</buy_link>
<buy_link>
<id>107</id>
<name>Better World Books</name>
<link>https://www.goodreads.com/book_link/follow/107</link>
</buy_link>
<buy_link>
<id>7</id>
<name>IndieBound</name>
<link>https://www.goodreads.com/book_link/follow/7</link>
</buy_link>

  </buy_links>
  <series_works>
    
  </series_works>
  <similar_books>
          <book>
<id>6081394</id>
<title><![CDATA[The Deep Blue Sea for Beginners (Newport, Rhode Island, #2)]]></title>
<title_without_series><![CDATA[The Deep Blue Sea for Beginners]]></title_without_series>
<link><![CDATA[https://www.goodreads.com/book/show/6081394-the-deep-blue-sea-for-beginners]]></link>
<small_image_url><![CDATA[https://images.gr-assets.com/books/1320535809s/6081394.jpg]]></small_image_url>
<image_url><![CDATA[https://images.gr-assets.com/books/1320535809m/6081394.jpg]]></image_url>
<num_pages>307</num_pages>
<work>
<id>6258101</id>
</work>
<isbn>0553805142</isbn>
<isbn13>9780553805147</isbn13>
<average_rating>3.63</average_rating>
<ratings_count>1835</ratings_count>
<publication_year>2009</publication_year>
<publication_month>8</publication_month>
<publication_day>4</publication_day>
<authors>
<author>
<id>5076</id>
<name>Luanne Rice</name>
<link><![CDATA[https://www.goodreads.com/author/show/5076.Luanne_Rice]]></link>
</author>
</authors>
</book>

          <book>
<id>3975186</id>
<title>True Colors</title>
<title_without_series>True Colors</title_without_series>
<link><![CDATA[https://www.goodreads.com/book/show/3975186-true-colors]]></link>
<small_image_url><![CDATA[https://s.gr-assets.com/assets/nophoto/book/50x75-a91bf249278a81aabab721ef782c4a74.png]]></small_image_url>
<image_url><![CDATA[https://s.gr-assets.com/assets/nophoto/book/111x148-bcc042a9c91a29c1d680899eff700a03.png]]></image_url>
<num_pages>344</num_pages>
<work>
<id>4020951</id>
</work>
<isbn>0312364105</isbn>
<isbn13>9780312364106</isbn13>
<average_rating>3.89</average_rating>
<ratings_count>34245</ratings_count>
<publication_year></publication_year>
<publication_month></publication_month>
<publication_day></publication_day>
<authors>
<author>
<id>54493</id>
<name>Kristin Hannah</name>
<link><![CDATA[https://www.goodreads.com/author/show/54493.Kristin_Hannah]]></link>
</author>
</authors>
</book>

          <book>
<id>15850</id>
<title>A Theory of Relativity</title>
<title_without_series>A Theory of Relativity</title_without_series>
<link><![CDATA[https://www.goodreads.com/book/show/15850.A_Theory_of_Relativity]]></link>
<small_image_url><![CDATA[https://images.gr-assets.com/books/1408924181s/15850.jpg]]></small_image_url>
<image_url><![CDATA[https://images.gr-assets.com/books/1408924181m/15850.jpg]]></image_url>
<num_pages>449</num_pages>
<work>
<id>1531071</id>
</work>
<isbn>0007139853</isbn>
<isbn13>9780007139859</isbn13>
<average_rating>3.61</average_rating>
<ratings_count>3641</ratings_count>
<publication_year>2001</publication_year>
<publication_month></publication_month>
<publication_day></publication_day>
<authors>
<author>
<id>3504</id>
<name>Jacquelyn Mitchard</name>
<link><![CDATA[https://www.goodreads.com/author/show/3504.Jacquelyn_Mitchard]]></link>
</author>
</authors>
</book>

          <book>
<id>8359929</id>
<title>Novels by Jodi Picoult</title>
<title_without_series>Novels by Jodi Picoult</title_without_series>
<link><![CDATA[https://www.goodreads.com/book/show/8359929-novels-by-jodi-picoult]]></link>
<small_image_url><![CDATA[https://s.gr-assets.com/assets/nophoto/book/50x75-a91bf249278a81aabab721ef782c4a74.png]]></small_image_url>
<image_url><![CDATA[https://s.gr-assets.com/assets/nophoto/book/111x148-bcc042a9c91a29c1d680899eff700a03.png]]></image_url>
<num_pages></num_pages>
<work>
<id>13214388</id>
</work>
<isbn>115524057X</isbn>
<isbn13>9781155240572</isbn13>
<average_rating>4.54</average_rating>
<ratings_count>311</ratings_count>
<publication_year></publication_year>
<publication_month></publication_month>
<publication_day></publication_day>
<authors>
<author>
<id>4340042</id>
<name>Books LLC</name>
<link><![CDATA[https://www.goodreads.com/author/show/4340042.Books_LLC]]></link>
</author>
</authors>
</book>

          <book>
<id>14964</id>
<title>Body Surfing</title>
<title_without_series>Body Surfing</title_without_series>
<link><![CDATA[https://www.goodreads.com/book/show/14964.Body_Surfing]]></link>
<small_image_url><![CDATA[https://s.gr-assets.com/assets/nophoto/book/50x75-a91bf249278a81aabab721ef782c4a74.png]]></small_image_url>
<image_url><![CDATA[https://s.gr-assets.com/assets/nophoto/book/111x148-bcc042a9c91a29c1d680899eff700a03.png]]></image_url>
<num_pages>291</num_pages>
<work>
<id>3356743</id>
</work>
<isbn>0316059854</isbn>
<isbn13>9780316059855</isbn13>
<average_rating>3.31</average_rating>
<ratings_count>16352</ratings_count>
<publication_year>2007</publication_year>
<publication_month>4</publication_month>
<publication_day>24</publication_day>
<authors>
<author>
<id>3530</id>
<name>Anita Shreve</name>
<link><![CDATA[https://www.goodreads.com/author/show/3530.Anita_Shreve]]></link>
</author>
</authors>
</book>

          <book>
<id>2589061</id>
<title><![CDATA[Before the Storm (Before the Storm, #1)]]></title>
<title_without_series>Before the Storm</title_without_series>
<link><![CDATA[https://www.goodreads.com/book/show/2589061-before-the-storm]]></link>
<small_image_url><![CDATA[https://s.gr-assets.com/assets/nophoto/book/50x75-a91bf249278a81aabab721ef782c4a74.png]]></small_image_url>
<image_url><![CDATA[https://s.gr-assets.com/assets/nophoto/book/111x148-bcc042a9c91a29c1d680899eff700a03.png]]></image_url>
<num_pages>471</num_pages>
<work>
<id>2608123</id>
</work>
<isbn>0778325415</isbn>
<isbn13>9780778325413</isbn13>
<average_rating>4.04</average_rating>
<ratings_count>9999</ratings_count>
<publication_year>2008</publication_year>
<publication_month>5</publication_month>
<publication_day>20</publication_day>
<authors>
<author>
<id>93345</id>
<name>Diane Chamberlain</name>
<link><![CDATA[https://www.goodreads.com/author/show/93345.Diane_Chamberlain]]></link>
</author>
</authors>
</book>

          <book>
<id>89115</id>
<title>Happiness Sold Separately</title>
<title_without_series>Happiness Sold Separately</title_without_series>
<link><![CDATA[https://www.goodreads.com/book/show/89115.Happiness_Sold_Separately]]></link>
<small_image_url><![CDATA[https://s.gr-assets.com/assets/nophoto/book/50x75-a91bf249278a81aabab721ef782c4a74.png]]></small_image_url>
<image_url><![CDATA[https://s.gr-assets.com/assets/nophoto/book/111x148-bcc042a9c91a29c1d680899eff700a03.png]]></image_url>
<num_pages></num_pages>
<work>
<id>2297520</id>
</work>
<isbn>0446533068</isbn>
<isbn13>9780446533065</isbn13>
<average_rating>3.28</average_rating>
<ratings_count>5287</ratings_count>
<publication_year></publication_year>
<publication_month></publication_month>
<publication_day></publication_day>
<authors>
<author>
<id>51162</id>
<name>Lolly Winston</name>
<link><![CDATA[https://www.goodreads.com/author/show/51162.Lolly_Winston]]></link>
</author>
</authors>
</book>

          <book>
<id>6335026</id>
<title>The Weight of Silence</title>
<title_without_series>The Weight of Silence</title_without_series>
<link><![CDATA[https://www.goodreads.com/book/show/6335026-the-weight-of-silence]]></link>
<small_image_url><![CDATA[https://s.gr-assets.com/assets/nophoto/book/50x75-a91bf249278a81aabab721ef782c4a74.png]]></small_image_url>
<image_url><![CDATA[https://s.gr-assets.com/assets/nophoto/book/111x148-bcc042a9c91a29c1d680899eff700a03.png]]></image_url>
<num_pages>373</num_pages>
<work>
<id>6520850</id>
</work>
<isbn>077832740X</isbn>
<isbn13>9780778327400</isbn13>
<average_rating>3.93</average_rating>
<ratings_count>35136</ratings_count>
<publication_year>2009</publication_year>
<publication_month>7</publication_month>
<publication_day>28</publication_day>
<authors>
<author>
<id>2875124</id>
<name>Heather Gudenkauf</name>
<link><![CDATA[https://www.goodreads.com/author/show/2875124.Heather_Gudenkauf]]></link>
</author>
</authors>
</book>

          <book>
<id>456762</id>
<title>The Woman Next Door</title>
<title_without_series>The Woman Next Door</title_without_series>
<link><![CDATA[https://www.goodreads.com/book/show/456762.The_Woman_Next_Door]]></link>
<small_image_url><![CDATA[https://s.gr-assets.com/assets/nophoto/book/50x75-a91bf249278a81aabab721ef782c4a74.png]]></small_image_url>
<image_url><![CDATA[https://s.gr-assets.com/assets/nophoto/book/111x148-bcc042a9c91a29c1d680899eff700a03.png]]></image_url>
<num_pages>371</num_pages>
<work>
<id>1895147</id>
</work>
<isbn>0743411250</isbn>
<isbn13>9780743411257</isbn13>
<average_rating>3.69</average_rating>
<ratings_count>3365</ratings_count>
<publication_year>2002</publication_year>
<publication_month>6</publication_month>
<publication_day>25</publication_day>
<authors>
<author>
<id>36492</id>
<name>Barbara Delinsky</name>
<link><![CDATA[https://www.goodreads.com/author/show/36492.Barbara_Delinsky]]></link>
</author>
</authors>
</book>

          <book>
<id>332348</id>
<title>The Year of Fog</title>
<title_without_series>The Year of Fog</title_without_series>
<link><![CDATA[https://www.goodreads.com/book/show/332348.The_Year_of_Fog]]></link>
<small_image_url><![CDATA[https://images.gr-assets.com/books/1320513174s/332348.jpg]]></small_image_url>
<image_url><![CDATA[https://images.gr-assets.com/books/1320513174m/332348.jpg]]></image_url>
<num_pages>369</num_pages>
<work>
<id>1214929</id>
</work>
<isbn>0385340117</isbn>
<isbn13>9780385340113</isbn13>
<average_rating>3.46</average_rating>
<ratings_count>13261</ratings_count>
<publication_year>2007</publication_year>
<publication_month>3</publication_month>
<publication_day>27</publication_day>
<authors>
<author>
<id>84728</id>
<name>Michelle Richmond</name>
<link><![CDATA[https://www.goodreads.com/author/show/84728.Michelle_Richmond]]></link>
</author>
</authors>
</book>

          <book>
<id>5093270</id>
<title>Sleepwalking in Daylight</title>
<title_without_series>Sleepwalking in Daylight</title_without_series>
<link><![CDATA[https://www.goodreads.com/book/show/5093270-sleepwalking-in-daylight]]></link>
<small_image_url><![CDATA[https://s.gr-assets.com/assets/nophoto/book/50x75-a91bf249278a81aabab721ef782c4a74.png]]></small_image_url>
<image_url><![CDATA[https://s.gr-assets.com/assets/nophoto/book/111x148-bcc042a9c91a29c1d680899eff700a03.png]]></image_url>
<num_pages></num_pages>
<work>
<id>5160007</id>
</work>
<isbn>077832513X</isbn>
<isbn13>9780778325130</isbn13>
<average_rating>3.47</average_rating>
<ratings_count>1366</ratings_count>
<publication_year></publication_year>
<publication_month></publication_month>
<publication_day></publication_day>
<authors>
<author>
<id>45852</id>
<name>Elizabeth Flock</name>
<link><![CDATA[https://www.goodreads.com/author/show/45852.Elizabeth_Flock]]></link>
</author>
</authors>
</book>

          <book>
<id>181483</id>
<title>Blue Water</title>
<title_without_series>Blue Water</title_without_series>
<link><![CDATA[https://www.goodreads.com/book/show/181483.Blue_Water]]></link>
<small_image_url><![CDATA[https://s.gr-assets.com/assets/nophoto/book/50x75-a91bf249278a81aabab721ef782c4a74.png]]></small_image_url>
<image_url><![CDATA[https://s.gr-assets.com/assets/nophoto/book/111x148-bcc042a9c91a29c1d680899eff700a03.png]]></image_url>
<num_pages></num_pages>
<work>
<id>1103930</id>
</work>
<isbn>0688172873</isbn>
<isbn13>9780688172879</isbn13>
<average_rating>3.48</average_rating>
<ratings_count>1657</ratings_count>
<publication_year></publication_year>
<publication_month></publication_month>
<publication_day></publication_day>
<authors>
<author>
<id>58843</id>
<name>A. Manette Ansay</name>
<link><![CDATA[https://www.goodreads.com/author/show/58843.A_Manette_Ansay]]></link>
</author>
</authors>
</book>

  </similar_books>
</book>

</GoodreadsResponse>