<?xml version="1.0" encoding="UTF-8"?>
<GoodreadsResponse>
  <Request>
    <authentication>true</authentication>
      <key><![CDATA[all_men_must_serve]]></key>
    <method><![CDATA[book_show]]></method>
  </Request>
  <book>
  <id>10908</id>
  <title>Harvesting the Heart</title>
  <isbn><![CDATA[0140230270]]></isbn>
  <isbn13><![CDATA[9780140230277]]></isbn13>
  <asin><![CDATA[]]></asin>
  <kindle_asin><![CDATA[B0047740X0]]></kindle_asin>
  <marketplace_id><![CDATA[A1F83G8C2ARO7P]]></marketplace_id>
  <country_code><![CDATA[GB]]></country_code>
  <image_url>https://images.gr-assets.com/books/1309198959m/10908.jpg</image_url>
  <small_image_url>https://images.gr-assets.com/books/1309198959s/10908.jpg</small_image_url>
  <publication_year>1995</publication_year>
  <publication_month>4</publication_month>
  <publication_day>1</publication_day>
  <publisher>Penguin Books</publisher>
  <language_code>eng</language_code>
  <is_ebook>false</is_ebook>
  <description><![CDATA[<b>From the #1 <i>New York Times</i> Bestselling author of <i>Leaving Time </i></b>Paige has only a few vivid memories of her mother, who abandoned her at five years old. Now, having left her father behind in Chicago for dreams of art school and marriage to an ambitious young doctor, she finds herself with a child of her own. But her mother's absence and shameful memories of her past force her to doubt whether she could ever be capable of bringing joy and meaning into the life of her child, gifts her own mother never gave.<br /><br /><br /><i>Harvesting the Heart</i> is written with astonishing clarity and evocative detail, convincing in its depiction of emotional pain, love, and vulnerability, and recalls the writing of Alice Hoffman and Kristin Hannah. Out of Paige's struggle to find wholeness, Jodi Picoult crafts an absorbing novel peopled by richly drawn characters, and explores motherhood with a power and depth only she is capable of.<br /><br />“A brilliant, moving examination of motherhood, brimming with detail and emotion.” —<i>Richmond Times-Dispatch</i><br /><br />“Jodi Picoult explores the fragile ground of ambivalent motherhood in her lush second novel. This story belongs to… the lucky reader.” —<i>The New York Times Book Review</i>]]></description>
  <work>
  <id type="integer">1069959</id>
  <books_count type="integer">44</books_count>
  <best_book_id type="integer">10908</best_book_id>
  <reviews_count type="integer">63173</reviews_count>
  <ratings_sum type="integer">135731</ratings_sum>
  <ratings_count type="integer">37804</ratings_count>
  <text_reviews_count type="integer">2463</text_reviews_count>
  <original_publication_year type="integer">1993</original_publication_year>
  <original_publication_month type="integer">1</original_publication_month>
  <original_publication_day type="integer">1</original_publication_day>
  <original_title>Harvesting the Heart</original_title>
  <original_language_id type="integer" nil="true"/>
  <media_type>book</media_type>
  <rating_dist>5:7507|4:13085|3:12409|2:3826|1:977|total:37804</rating_dist>
  <desc_user_id type="integer">401700</desc_user_id>
  <default_chaptering_book_id type="integer" nil="true"/>
  <default_description_language_code nil="true"/>
</work>
  <average_rating>3.59</average_rating>
  <num_pages><![CDATA[453]]></num_pages>
  <format><![CDATA[Paperback]]></format>
  <edition_information><![CDATA[]]></edition_information>
  <ratings_count><![CDATA[35073]]></ratings_count>
  <text_reviews_count><![CDATA[2196]]></text_reviews_count>
  <url><![CDATA[https://www.goodreads.com/book/show/10908.Harvesting_the_Heart]]></url>
  <link><![CDATA[https://www.goodreads.com/book/show/10908.Harvesting_the_Heart]]></link>
  <authors>
<author>
<id>7128</id>
<name>Jodi Picoult</name>
<role></role>
<image_url nophoto='false'>
<![CDATA[https://images.gr-assets.com/authors/1475775448p5/7128.jpg]]>
</image_url>
<small_image_url nophoto='false'>
<![CDATA[https://images.gr-assets.com/authors/1475775448p2/7128.jpg]]>
</small_image_url>
<link><![CDATA[https://www.goodreads.com/author/show/7128.Jodi_Picoult]]></link>
<average_rating>3.95</average_rating>
<ratings_count>2907008</ratings_count>
<text_reviews_count>172467</text_reviews_count>
</author>
</authors>

    <reviews_widget>
      <![CDATA[
        <style>
  #goodreads-widget {
    font-family: georgia, serif;
    padding: 18px 0;
    width:565px;
  }
  #goodreads-widget h1 {
    font-weight:normal;
    font-size: 16px;
    border-bottom: 1px solid #BBB596;
    margin-bottom: 0;
  }
  #goodreads-widget a {
    text-decoration: none;
    color:#660;
  }
  iframe{
    background-color: #fff;
  }
  #goodreads-widget a:hover { text-decoration: underline; }
  #goodreads-widget a:active {
    color:#660;
  }
  #gr_footer {
    width: 100%;
    border-top: 1px solid #BBB596;
    text-align: right;
  }
  #goodreads-widget .gr_branding{
    color: #382110;
    font-size: 11px;
    text-decoration: none;
    font-family: "Helvetica Neue", Helvetica, Arial, sans-serif;
  }
</style>
<div id="goodreads-widget">
  <div id="gr_header"><h1><a rel="nofollow" href="https://www.goodreads.com/book/show/10908.Harvesting_the_Heart">Harvesting the Heart Reviews</a></h1></div>
  <iframe id="the_iframe" src="https://www.goodreads.com/api/reviews_widget_iframe?did=DEVELOPER_ID&amp;format=html&amp;isbn=0140230270&amp;links=660&amp;min_rating=&amp;review_back=fff&amp;stars=000&amp;text=000" width="565" height="400" frameborder="0"></iframe>
  <div id="gr_footer">
    <a class="gr_branding" target="_blank" rel="nofollow" href="https://www.goodreads.com/book/show/10908.Harvesting_the_Heart?utm_medium=api&amp;utm_source=reviews_widget">Reviews from Goodreads.com</a>
  </div>
</div>

      ]]>
    </reviews_widget>
  <popular_shelves>
      <shelf name="to-read" count="1273"/>
      <shelf name="jodi-picoult" count="427"/>
      <shelf name="currently-reading" count="208"/>
      <shelf name="chick-lit" count="95"/>
      <shelf name="owned" count="88"/>
      <shelf name="favorites" count="65"/>
      <shelf name="romance" count="57"/>
      <shelf name="picoult" count="53"/>
      <shelf name="drama" count="50"/>
      <shelf name="adult-fiction" count="44"/>
      <shelf name="adult" count="39"/>
      <shelf name="audiobook" count="38"/>
      <shelf name="audiobooks" count="38"/>
      <shelf name="contemporary-fiction" count="37"/>
      <shelf name="fiction" count="32"/>
      <shelf name="audio" count="32"/>
      <shelf name="library" count="32"/>
      <shelf name="books-i-own" count="31"/>
      <shelf name="general-fiction" count="31"/>
      <shelf name="novels" count="26"/>
      <shelf name="kindle" count="25"/>
      <shelf name="i-own" count="24"/>
      <shelf name="my-books" count="22"/>
      <shelf name="picoult-jodi" count="22"/>
      <shelf name="family" count="20"/>
      <shelf name="realistic-fiction" count="20"/>
      <shelf name="my-library" count="19"/>
      <shelf name="audio-books" count="19"/>
      <shelf name="to-buy" count="17"/>
      <shelf name="wish-list" count="17"/>
      <shelf name="abandoned" count="16"/>
      <shelf name="jodi-picoult-books" count="16"/>
      <shelf name="contemporary" count="15"/>
      <shelf name="favorite-authors" count="15"/>
      <shelf name="ebook" count="14"/>
      <shelf name="novel" count="14"/>
      <shelf name="own-to-read" count="14"/>
      <shelf name="jodi" count="14"/>
      <shelf name="book-club" count="14"/>
      <shelf name="motherhood" count="13"/>
      <shelf name="audio-book" count="13"/>
      <shelf name="abandonment" count="12"/>
      <shelf name="read-in-2013" count="12"/>
      <shelf name="womens-fiction" count="11"/>
      <shelf name="e-book" count="11"/>
      <shelf name="women-s-fiction" count="11"/>
      <shelf name="chic-lit" count="11"/>
      <shelf name="read-in-2016" count="10"/>
      <shelf name="books-i-have" count="10"/>
      <shelf name="family-drama" count="10"/>
      <shelf name="chicklit" count="10"/>
      <shelf name="own-it" count="10"/>
      <shelf name="default" count="9"/>
      <shelf name="shelfari-wishlist" count="9"/>
      <shelf name="read-2015" count="9"/>
      <shelf name="read-in-2012" count="9"/>
      <shelf name="read-2012" count="9"/>
      <shelf name="literature" count="9"/>
      <shelf name="read-in-2008" count="9"/>
      <shelf name="shelfari-favorites" count="8"/>
      <shelf name="read-in-2014" count="8"/>
      <shelf name="on-kindle" count="8"/>
      <shelf name="have" count="8"/>
      <shelf name="parenting" count="8"/>
      <shelf name="babies" count="8"/>
      <shelf name="home-library" count="8"/>
      <shelf name="gave-up-on" count="8"/>
      <shelf name="library-book" count="8"/>
      <shelf name="have-read" count="8"/>
      <shelf name="didn-t-finish" count="8"/>
      <shelf name="need-to-buy" count="8"/>
      <shelf name="my-bookshelf" count="7"/>
      <shelf name="marriage" count="7"/>
      <shelf name="favourites" count="7"/>
      <shelf name="couldn-t-finish" count="7"/>
      <shelf name="jodi-piccoult" count="7"/>
      <shelf name="reviewed" count="7"/>
      <shelf name="nook" count="7"/>
      <shelf name="e-books" count="7"/>
      <shelf name="2006" count="7"/>
      <shelf name="did-not-finish" count="7"/>
      <shelf name="read-in-2009" count="7"/>
      <shelf name="abortion" count="6"/>
      <shelf name="my-collection" count="6"/>
      <shelf name="books" count="6"/>
      <shelf name="on-my-bookshelf" count="6"/>
      <shelf name="all-time-favorites" count="6"/>
      <shelf name="read-2011" count="6"/>
      <shelf name="read-in-2011" count="6"/>
      <shelf name="2010-books" count="6"/>
      <shelf name="i-own-it" count="6"/>
      <shelf name="read-in-2010" count="6"/>
      <shelf name="on-my-shelf" count="6"/>
      <shelf name="never-finished" count="6"/>
      <shelf name="bookshelf" count="6"/>
      <shelf name="dnf" count="5"/>
      <shelf name="jodi-picoult-read" count="5"/>
      <shelf name="life" count="5"/>
      <shelf name="general" count="5"/>
      <shelf name="read-fiction" count="5"/>
  </popular_shelves>
  <book_links>
    <book_link>
  <id>8</id>
  <name>Libraries</name>
  <link>https://www.goodreads.com/book_link/follow/8</link>
</book_link>

  </book_links>
  <buy_links>
    <buy_link>
<id>1</id>
<name>Amazon</name>
<link>https://www.goodreads.com/book_link/follow/1</link>
</buy_link>
<buy_link>
<id>10</id>
<name>Audible</name>
<link>https://www.goodreads.com/book_link/follow/10</link>
</buy_link>
<buy_link>
<id>3</id>
<name>Barnes &amp; Noble</name>
<link>https://www.goodreads.com/book_link/follow/3</link>
</buy_link>
<buy_link>
<id>1027</id>
<name>Kobo</name>
<link>https://www.goodreads.com/book_link/follow/1027</link>
</buy_link>
<buy_link>
<id>2102</id>
<name>Apple iBooks</name>
<link>https://www.goodreads.com/book_link/follow/2102</link>
</buy_link>
<buy_link>
<id>8036</id>
<name>Google Play</name>
<link>https://www.goodreads.com/book_link/follow/8036</link>
</buy_link>
<buy_link>
<id>4</id>
<name>Abebooks</name>
<link>https://www.goodreads.com/book_link/follow/4</link>
</buy_link>
<buy_link>
<id>882</id>
<name>Book Depository</name>
<link>https://www.goodreads.com/book_link/follow/882</link>
</buy_link>
<buy_link>
<id>9</id>
<name>Indigo</name>
<link>https://www.goodreads.com/book_link/follow/9</link>
</buy_link>
<buy_link>
<id>2</id>
<name>Half.com</name>
<link>https://www.goodreads.com/book_link/follow/2</link>
</buy_link>
<buy_link>
<id>5</id>
<name>Alibris</name>
<link>https://www.goodreads.com/book_link/follow/5</link>
</buy_link>
<buy_link>
<id>107</id>
<name>Better World Books</name>
<link>https://www.goodreads.com/book_link/follow/107</link>
</buy_link>
<buy_link>
<id>7</id>
<name>IndieBound</name>
<link>https://www.goodreads.com/book_link/follow/7</link>
</buy_link>

  </buy_links>
  <series_works>
    
  </series_works>
  <similar_books>
          <book>
<id>8359929</id>
<title>Novels by Jodi Picoult</title>
<title_without_series>Novels by Jodi Picoult</title_without_series>
<link><![CDATA[https://www.goodreads.com/book/show/8359929-novels-by-jodi-picoult]]></link>
<small_image_url><![CDATA[https://s.gr-assets.com/assets/nophoto/book/50x75-a91bf249278a81aabab721ef782c4a74.png]]></small_image_url>
<image_url><![CDATA[https://s.gr-assets.com/assets/nophoto/book/111x148-bcc042a9c91a29c1d680899eff700a03.png]]></image_url>
<num_pages></num_pages>
<work>
<id>13214388</id>
</work>
<isbn>115524057X</isbn>
<isbn13>9781155240572</isbn13>
<average_rating>4.54</average_rating>
<ratings_count>311</ratings_count>
<publication_year></publication_year>
<publication_month></publication_month>
<publication_day></publication_day>
<authors>
<author>
<id>4340042</id>
<name>Books LLC</name>
<link><![CDATA[https://www.goodreads.com/author/show/4340042.Books_LLC]]></link>
</author>
</authors>
</book>

          <book>
<id>297130</id>
<title>If You Believe</title>
<title_without_series>If You Believe</title_without_series>
<link><![CDATA[https://www.goodreads.com/book/show/297130.If_You_Believe]]></link>
<small_image_url><![CDATA[https://s.gr-assets.com/assets/nophoto/book/50x75-a91bf249278a81aabab721ef782c4a74.png]]></small_image_url>
<image_url><![CDATA[https://s.gr-assets.com/assets/nophoto/book/111x148-bcc042a9c91a29c1d680899eff700a03.png]]></image_url>
<num_pages>384</num_pages>
<work>
<id>1563508</id>
</work>
<isbn>0345467108</isbn>
<isbn13>9780345467102</isbn13>
<average_rating>3.73</average_rating>
<ratings_count>1803</ratings_count>
<publication_year>2004</publication_year>
<publication_month>4</publication_month>
<publication_day>27</publication_day>
<authors>
<author>
<id>54493</id>
<name>Kristin Hannah</name>
<link><![CDATA[https://www.goodreads.com/author/show/54493.Kristin_Hannah]]></link>
</author>
</authors>
</book>

          <book>
<id>895617</id>
<title>Cypress Point</title>
<title_without_series>Cypress Point</title_without_series>
<link><![CDATA[https://www.goodreads.com/book/show/895617.Cypress_Point]]></link>
<small_image_url><![CDATA[https://s.gr-assets.com/assets/nophoto/book/50x75-a91bf249278a81aabab721ef782c4a74.png]]></small_image_url>
<image_url><![CDATA[https://s.gr-assets.com/assets/nophoto/book/111x148-bcc042a9c91a29c1d680899eff700a03.png]]></image_url>
<num_pages>408</num_pages>
<work>
<id>1337967</id>
</work>
<isbn>1551666472</isbn>
<isbn13>9781551666471</isbn13>
<average_rating>3.97</average_rating>
<ratings_count>4983</ratings_count>
<publication_year>2003</publication_year>
<publication_month>1</publication_month>
<publication_day>1</publication_day>
<authors>
<author>
<id>93345</id>
<name>Diane Chamberlain</name>
<link><![CDATA[https://www.goodreads.com/author/show/93345.Diane_Chamberlain]]></link>
</author>
</authors>
</book>

          <book>
<id>64694</id>
<title>Family Tree</title>
<title_without_series>Family Tree</title_without_series>
<link><![CDATA[https://www.goodreads.com/book/show/64694.Family_Tree]]></link>
<small_image_url><![CDATA[https://s.gr-assets.com/assets/nophoto/book/50x75-a91bf249278a81aabab721ef782c4a74.png]]></small_image_url>
<image_url><![CDATA[https://s.gr-assets.com/assets/nophoto/book/111x148-bcc042a9c91a29c1d680899eff700a03.png]]></image_url>
<num_pages>358</num_pages>
<work>
<id>2021882</id>
</work>
<isbn>038551865X</isbn>
<isbn13>9780385518659</isbn13>
<average_rating>3.53</average_rating>
<ratings_count>8219</ratings_count>
<publication_year>2007</publication_year>
<publication_month>4</publication_month>
<publication_day>26</publication_day>
<authors>
<author>
<id>36492</id>
<name>Barbara Delinsky</name>
<link><![CDATA[https://www.goodreads.com/author/show/36492.Barbara_Delinsky]]></link>
</author>
</authors>
</book>

          <book>
<id>332348</id>
<title>The Year of Fog</title>
<title_without_series>The Year of Fog</title_without_series>
<link><![CDATA[https://www.goodreads.com/book/show/332348.The_Year_of_Fog]]></link>
<small_image_url><![CDATA[https://images.gr-assets.com/books/1320513174s/332348.jpg]]></small_image_url>
<image_url><![CDATA[https://images.gr-assets.com/books/1320513174m/332348.jpg]]></image_url>
<num_pages>369</num_pages>
<work>
<id>1214929</id>
</work>
<isbn>0385340117</isbn>
<isbn13>9780385340113</isbn13>
<average_rating>3.46</average_rating>
<ratings_count>13261</ratings_count>
<publication_year>2007</publication_year>
<publication_month>3</publication_month>
<publication_day>27</publication_day>
<authors>
<author>
<id>84728</id>
<name>Michelle Richmond</name>
<link><![CDATA[https://www.goodreads.com/author/show/84728.Michelle_Richmond]]></link>
</author>
</authors>
</book>

          <book>
<id>14959</id>
<title>Strange Fits of Passion</title>
<title_without_series>Strange Fits of Passion</title_without_series>
<link><![CDATA[https://www.goodreads.com/book/show/14959.Strange_Fits_of_Passion]]></link>
<small_image_url><![CDATA[https://s.gr-assets.com/assets/nophoto/book/50x75-a91bf249278a81aabab721ef782c4a74.png]]></small_image_url>
<image_url><![CDATA[https://s.gr-assets.com/assets/nophoto/book/111x148-bcc042a9c91a29c1d680899eff700a03.png]]></image_url>
<num_pages></num_pages>
<work>
<id>1221243</id>
</work>
<isbn>0156031396</isbn>
<isbn13>9780156031394</isbn13>
<average_rating>3.74</average_rating>
<ratings_count>7492</ratings_count>
<publication_year></publication_year>
<publication_month></publication_month>
<publication_day></publication_day>
<authors>
<author>
<id>3530</id>
<name>Anita Shreve</name>
<link><![CDATA[https://www.goodreads.com/author/show/3530.Anita_Shreve]]></link>
</author>
</authors>
</book>

          <book>
<id>1152201</id>
<title><![CDATA[Things I Want My Daughters to Know]]></title>
<title_without_series><![CDATA[Things I Want My Daughters to Know]]></title_without_series>
<link><![CDATA[https://www.goodreads.com/book/show/1152201.Things_I_Want_My_Daughters_to_Know]]></link>
<small_image_url><![CDATA[https://images.gr-assets.com/books/1377160048s/1152201.jpg]]></small_image_url>
<image_url><![CDATA[https://images.gr-assets.com/books/1377160048m/1152201.jpg]]></image_url>
<num_pages></num_pages>
<work>
<id>2586036</id>
</work>
<isbn>006112219X</isbn>
<isbn13>9780061122194</isbn13>
<average_rating>3.66</average_rating>
<ratings_count>5653</ratings_count>
<publication_year></publication_year>
<publication_month></publication_month>
<publication_day></publication_day>
<authors>
<author>
<id>24891</id>
<name>Elizabeth Noble</name>
<link><![CDATA[https://www.goodreads.com/author/show/24891.Elizabeth_Noble]]></link>
</author>
</authors>
</book>

  </similar_books>
</book>

</GoodreadsResponse>