<?xml version="1.0" encoding="UTF-8"?>
<GoodreadsResponse>
  <Request>
    <authentication>true</authentication>
      <key><![CDATA[all_men_must_serve]]></key>
    <method><![CDATA[book_show]]></method>
  </Request>
  <book>
  <id>10917</id>
  <title>My Sister&apos;s Keeper</title>
  <isbn><![CDATA[0743454537]]></isbn>
  <isbn13><![CDATA[9780743454537]]></isbn13>
  <asin><![CDATA[]]></asin>
  <kindle_asin><![CDATA[B002S0KBUY]]></kindle_asin>
  <marketplace_id><![CDATA[A1F83G8C2ARO7P]]></marketplace_id>
  <country_code><![CDATA[GB]]></country_code>
  <image_url>https://images.gr-assets.com/books/1369504683m/10917.jpg</image_url>
  <small_image_url>https://images.gr-assets.com/books/1369504683s/10917.jpg</small_image_url>
  <publication_year>2005</publication_year>
  <publication_month>2</publication_month>
  <publication_day>1</publication_day>
  <publisher>Washington Square Press</publisher>
  <language_code>eng</language_code>
  <is_ebook>false</is_ebook>
  <description><![CDATA[Anna is not sick, but she might as well be. By age thirteen, she has undergone countless surgeries, transfusions, and shots so that her older sister, Kate, can somehow fight the leukemia that has plagued her since childhood. The product of preimplantation genetic diagnosis, Anna was conceived as a bone marrow match for Kate -- a life and a role that she has never challenged... until now. Like most teenagers, Anna is beginning to question who she truly is. But unlike most teenagers, she has always been defined in terms of her sister—and so Anna makes a decision that for most would be unthinkable, a decision that will tear her family apart and have perhaps fatal consequences for the sister she loves.<br /><br />A provocative novel that raises some important ethical issues, <i>My Sister's Keeper</i> is the story of one family's struggle for survival at all human costs and a stunning parable for all time.]]></description>
  <work>
  <id type="integer">1639903</id>
  <books_count type="integer">125</books_count>
  <best_book_id type="integer">10917</best_book_id>
  <reviews_count type="integer">1153330</reviews_count>
  <ratings_sum type="integer">3603539</ratings_sum>
  <ratings_count type="integer">888308</ratings_count>
  <text_reviews_count type="integer">30727</text_reviews_count>
  <original_publication_year type="integer">2004</original_publication_year>
  <original_publication_month type="integer">4</original_publication_month>
  <original_publication_day type="integer">6</original_publication_day>
  <original_title>My Sister's Keeper</original_title>
  <original_language_id type="integer" nil="true"/>
  <media_type>book</media_type>
  <rating_dist>5:351169|4:314162|3:162646|2:42777|1:17554|total:888308</rating_dist>
  <desc_user_id type="integer">29486012</desc_user_id>
  <default_chaptering_book_id type="integer" nil="true"/>
  <default_description_language_code nil="true"/>
</work>
  <average_rating>4.06</average_rating>
  <num_pages><![CDATA[423]]></num_pages>
  <format><![CDATA[Paperback]]></format>
  <edition_information><![CDATA[]]></edition_information>
  <ratings_count><![CDATA[864289]]></ratings_count>
  <text_reviews_count><![CDATA[27945]]></text_reviews_count>
  <url><![CDATA[https://www.goodreads.com/book/show/10917.My_Sister_s_Keeper]]></url>
  <link><![CDATA[https://www.goodreads.com/book/show/10917.My_Sister_s_Keeper]]></link>
  <authors>
<author>
<id>7128</id>
<name>Jodi Picoult</name>
<role></role>
<image_url nophoto='false'>
<![CDATA[https://images.gr-assets.com/authors/1475775448p5/7128.jpg]]>
</image_url>
<small_image_url nophoto='false'>
<![CDATA[https://images.gr-assets.com/authors/1475775448p2/7128.jpg]]>
</small_image_url>
<link><![CDATA[https://www.goodreads.com/author/show/7128.Jodi_Picoult]]></link>
<average_rating>3.95</average_rating>
<ratings_count>2906978</ratings_count>
<text_reviews_count>172465</text_reviews_count>
</author>
</authors>

    <reviews_widget>
      <![CDATA[
        <style>
  #goodreads-widget {
    font-family: georgia, serif;
    padding: 18px 0;
    width:565px;
  }
  #goodreads-widget h1 {
    font-weight:normal;
    font-size: 16px;
    border-bottom: 1px solid #BBB596;
    margin-bottom: 0;
  }
  #goodreads-widget a {
    text-decoration: none;
    color:#660;
  }
  iframe{
    background-color: #fff;
  }
  #goodreads-widget a:hover { text-decoration: underline; }
  #goodreads-widget a:active {
    color:#660;
  }
  #gr_footer {
    width: 100%;
    border-top: 1px solid #BBB596;
    text-align: right;
  }
  #goodreads-widget .gr_branding{
    color: #382110;
    font-size: 11px;
    text-decoration: none;
    font-family: "Helvetica Neue", Helvetica, Arial, sans-serif;
  }
</style>
<div id="goodreads-widget">
  <div id="gr_header"><h1><a rel="nofollow" href="https://www.goodreads.com/book/show/10917.My_Sister_s_Keeper">My Sister&#39;s Keeper Reviews</a></h1></div>
  <iframe id="the_iframe" src="https://www.goodreads.com/api/reviews_widget_iframe?did=DEVELOPER_ID&amp;format=html&amp;isbn=0743454537&amp;links=660&amp;min_rating=&amp;review_back=fff&amp;stars=000&amp;text=000" width="565" height="400" frameborder="0"></iframe>
  <div id="gr_footer">
    <a class="gr_branding" target="_blank" rel="nofollow" href="https://www.goodreads.com/book/show/10917.My_Sister_s_Keeper?utm_medium=api&amp;utm_source=reviews_widget">Reviews from Goodreads.com</a>
  </div>
</div>

      ]]>
    </reviews_widget>
  <popular_shelves>
      <shelf name="to-read" count="197630"/>
      <shelf name="fiction" count="4763"/>
      <shelf name="currently-reading" count="4490"/>
      <shelf name="favorites" count="4183"/>
      <shelf name="books-i-own" count="1284"/>
      <shelf name="jodi-picoult" count="984"/>
      <shelf name="contemporary" count="903"/>
      <shelf name="chick-lit" count="901"/>
      <shelf name="book-club" count="899"/>
      <shelf name="owned" count="754"/>
      <shelf name="drama" count="603"/>
      <shelf name="young-adult" count="581"/>
      <shelf name="adult" count="574"/>
      <shelf name="adult-fiction" count="552"/>
      <shelf name="realistic-fiction" count="460"/>
      <shelf name="contemporary-fiction" count="381"/>
      <shelf name="favourites" count="348"/>
      <shelf name="general-fiction" count="301"/>
      <shelf name="family" count="299"/>
      <shelf name="owned-books" count="293"/>
      <shelf name="novels" count="263"/>
      <shelf name="made-me-cry" count="209"/>
      <shelf name="ya" count="209"/>
      <shelf name="bookclub" count="205"/>
      <shelf name="contempor​ary" count="203"/>
      <shelf name="my-books" count="203"/>
      <shelf name="tear-jerker" count="188"/>
      <shelf name="library" count="183"/>
      <shelf name="cancer" count="174"/>
      <shelf name="i-own" count="174"/>
      <shelf name="to-buy" count="156"/>
      <shelf name="default" count="151"/>
      <shelf name="rory-gilmore-reading-challenge" count="150"/>
      <shelf name="favorite-books" count="147"/>
      <shelf name="shelfari-favorites" count="137"/>
      <shelf name="kindle" count="136"/>
      <shelf name="all-time-favorites" count="134"/>
      <shelf name="sisters" count="134"/>
      <shelf name="novel" count="129"/>
      <shelf name="picoult" count="122"/>
      <shelf name="death" count="119"/>
      <shelf name="favorite" count="115"/>
      <shelf name="my-library" count="111"/>
      <shelf name="book-club-books" count="107"/>
      <shelf name="sad" count="106"/>
      <shelf name="audiobook" count="105"/>
      <shelf name="borrowed" count="104"/>
      <shelf name="movies" count="103"/>
      <shelf name="my-favorites" count="97"/>
      <shelf name="5-stars" count="96"/>
      <shelf name="read-in-2009" count="95"/>
      <shelf name="tear-jerkers" count="95"/>
      <shelf name="romance" count="93"/>
      <shelf name="movie" count="92"/>
      <shelf name="medical" count="92"/>
      <shelf name="audiobooks" count="92"/>
      <shelf name="rory-gilmore-challenge" count="88"/>
      <shelf name="own-it" count="88"/>
      <shelf name="stand-alone" count="86"/>
      <shelf name="family-relationships" count="86"/>
      <shelf name="book-to-movie" count="84"/>
      <shelf name="realistic" count="82"/>
      <shelf name="wish-list" count="81"/>
      <shelf name="coming-of-age" count="79"/>
      <shelf name="audio" count="79"/>
      <shelf name="book-group" count="78"/>
      <shelf name="relationships" count="77"/>
      <shelf name="books" count="75"/>
      <shelf name="illness" count="74"/>
      <shelf name="literature" count="74"/>
      <shelf name="chicklit" count="72"/>
      <shelf name="ebook" count="71"/>
      <shelf name="literary-fiction" count="69"/>
      <shelf name="books-that-made-me-cry" count="69"/>
      <shelf name="rory-gilmore" count="68"/>
      <shelf name="read-in-2014" count="66"/>
      <shelf name="faves" count="66"/>
      <shelf name="ebooks" count="65"/>
      <shelf name="finished" count="65"/>
      <shelf name="modern-fiction" count="64"/>
      <shelf name="have" count="62"/>
      <shelf name="womens-fiction" count="61"/>
      <shelf name="recommended" count="61"/>
      <shelf name="english" count="60"/>
      <shelf name="popular-fiction" count="60"/>
      <shelf name="death-and-dying" count="59"/>
      <shelf name="books-to-movies" count="59"/>
      <shelf name="book-club-reads" count="59"/>
      <shelf name="read-in-2010" count="58"/>
      <shelf name="2005" count="58"/>
      <shelf name="rory-gilmore-reading-list" count="57"/>
      <shelf name="women-s-fiction" count="57"/>
      <shelf name="high-school" count="56"/>
      <shelf name="thought-provoking" count="56"/>
      <shelf name="want-to-read" count="55"/>
      <shelf name="chic-lit" count="55"/>
      <shelf name="general" count="54"/>
      <shelf name="american" count="54"/>
      <shelf name="stand-alones" count="53"/>
      <shelf name="ethics" count="52"/>
  </popular_shelves>
  <book_links>
    <book_link>
  <id>8</id>
  <name>Libraries</name>
  <link>https://www.goodreads.com/book_link/follow/8</link>
</book_link>

  </book_links>
  <buy_links>
    <buy_link>
<id>1</id>
<name>Amazon</name>
<link>https://www.goodreads.com/book_link/follow/1</link>
</buy_link>
<buy_link>
<id>10</id>
<name>Audible</name>
<link>https://www.goodreads.com/book_link/follow/10</link>
</buy_link>
<buy_link>
<id>3</id>
<name>Barnes &amp; Noble</name>
<link>https://www.goodreads.com/book_link/follow/3</link>
</buy_link>
<buy_link>
<id>1027</id>
<name>Kobo</name>
<link>https://www.goodreads.com/book_link/follow/1027</link>
</buy_link>
<buy_link>
<id>2102</id>
<name>Apple iBooks</name>
<link>https://www.goodreads.com/book_link/follow/2102</link>
</buy_link>
<buy_link>
<id>8036</id>
<name>Google Play</name>
<link>https://www.goodreads.com/book_link/follow/8036</link>
</buy_link>
<buy_link>
<id>4</id>
<name>Abebooks</name>
<link>https://www.goodreads.com/book_link/follow/4</link>
</buy_link>
<buy_link>
<id>882</id>
<name>Book Depository</name>
<link>https://www.goodreads.com/book_link/follow/882</link>
</buy_link>
<buy_link>
<id>9</id>
<name>Indigo</name>
<link>https://www.goodreads.com/book_link/follow/9</link>
</buy_link>
<buy_link>
<id>2</id>
<name>Half.com</name>
<link>https://www.goodreads.com/book_link/follow/2</link>
</buy_link>
<buy_link>
<id>5</id>
<name>Alibris</name>
<link>https://www.goodreads.com/book_link/follow/5</link>
</buy_link>
<buy_link>
<id>107</id>
<name>Better World Books</name>
<link>https://www.goodreads.com/book_link/follow/107</link>
</buy_link>
<buy_link>
<id>7</id>
<name>IndieBound</name>
<link>https://www.goodreads.com/book_link/follow/7</link>
</buy_link>

  </buy_links>
  <series_works>
    
  </series_works>
  <similar_books>
          <book>
<id>1472878</id>
<title><![CDATA[Firefly Lane (Firefly Lane, #1)]]></title>
<title_without_series>Firefly Lane</title_without_series>
<link><![CDATA[https://www.goodreads.com/book/show/1472878.Firefly_Lane]]></link>
<small_image_url><![CDATA[https://images.gr-assets.com/books/1362435448s/1472878.jpg]]></small_image_url>
<image_url><![CDATA[https://images.gr-assets.com/books/1362435448m/1472878.jpg]]></image_url>
<num_pages>479</num_pages>
<work>
<id>1463850</id>
</work>
<isbn>0312364083</isbn>
<isbn13>9780312364083</isbn13>
<average_rating>4.04</average_rating>
<ratings_count>131251</ratings_count>
<publication_year></publication_year>
<publication_month></publication_month>
<publication_day></publication_day>
<authors>
<author>
<id>54493</id>
<name>Kristin Hannah</name>
<link><![CDATA[https://www.goodreads.com/author/show/54493.Kristin_Hannah]]></link>
</author>
</authors>
</book>

          <book>
<id>5161</id>
<title><![CDATA[The Deep End of the Ocean (Cappadora Family, #1)]]></title>
<title_without_series>The Deep End of the Ocean</title_without_series>
<link><![CDATA[https://www.goodreads.com/book/show/5161.The_Deep_End_of_the_Ocean]]></link>
<small_image_url><![CDATA[https://s.gr-assets.com/assets/nophoto/book/50x75-a91bf249278a81aabab721ef782c4a74.png]]></small_image_url>
<image_url><![CDATA[https://s.gr-assets.com/assets/nophoto/book/111x148-bcc042a9c91a29c1d680899eff700a03.png]]></image_url>
<num_pages>464</num_pages>
<work>
<id>1207024</id>
</work>
<isbn>0140286276</isbn>
<isbn13>9780140286274</isbn13>
<average_rating>3.84</average_rating>
<ratings_count>104510</ratings_count>
<publication_year>1999</publication_year>
<publication_month>10</publication_month>
<publication_day>1</publication_day>
<authors>
<author>
<id>3504</id>
<name>Jacquelyn Mitchard</name>
<link><![CDATA[https://www.goodreads.com/author/show/3504.Jacquelyn_Mitchard]]></link>
</author>
</authors>
</book>

          <book>
<id>8492768</id>
<title>Left Neglected</title>
<title_without_series>Left Neglected</title_without_series>
<link><![CDATA[https://www.goodreads.com/book/show/8492768-left-neglected]]></link>
<small_image_url><![CDATA[https://images.gr-assets.com/books/1285414621s/8492768.jpg]]></small_image_url>
<image_url><![CDATA[https://images.gr-assets.com/books/1285414621m/8492768.jpg]]></image_url>
<num_pages>324</num_pages>
<work>
<id>11606373</id>
</work>
<isbn>1439164630</isbn>
<isbn13>9781439164631</isbn13>
<average_rating>3.95</average_rating>
<ratings_count>56814</ratings_count>
<publication_year></publication_year>
<publication_month></publication_month>
<publication_day></publication_day>
<authors>
<author>
<id>978484</id>
<name>Lisa Genova</name>
<link><![CDATA[https://www.goodreads.com/author/show/978484.Lisa_Genova]]></link>
</author>
</authors>
</book>

          <book>
<id>5166</id>
<title>Midwives</title>
<title_without_series>Midwives</title_without_series>
<link><![CDATA[https://www.goodreads.com/book/show/5166.Midwives]]></link>
<small_image_url><![CDATA[https://s.gr-assets.com/assets/nophoto/book/50x75-a91bf249278a81aabab721ef782c4a74.png]]></small_image_url>
<image_url><![CDATA[https://s.gr-assets.com/assets/nophoto/book/111x148-bcc042a9c91a29c1d680899eff700a03.png]]></image_url>
<num_pages></num_pages>
<work>
<id>3221872</id>
</work>
<isbn>0375706771</isbn>
<isbn13>9780375706776</isbn13>
<average_rating>3.97</average_rating>
<ratings_count>135584</ratings_count>
<publication_year></publication_year>
<publication_month></publication_month>
<publication_day></publication_day>
<authors>
<author>
<id>3509</id>
<name>Chris Bohjalian</name>
<link><![CDATA[https://www.goodreads.com/author/show/3509.Chris_Bohjalian]]></link>
</author>
</authors>
</book>

          <book>
<id>7602266</id>
<title>The Lies We Told</title>
<title_without_series>The Lies We Told</title_without_series>
<link><![CDATA[https://www.goodreads.com/book/show/7602266-the-lies-we-told]]></link>
<small_image_url><![CDATA[https://images.gr-assets.com/books/1269808819s/7602266.jpg]]></small_image_url>
<image_url><![CDATA[https://images.gr-assets.com/books/1269808819m/7602266.jpg]]></image_url>
<num_pages>374</num_pages>
<work>
<id>10023534</id>
</work>
<isbn>0778328538</isbn>
<isbn13>9780778328537</isbn13>
<average_rating>3.87</average_rating>
<ratings_count>8817</ratings_count>
<publication_year>2010</publication_year>
<publication_month>5</publication_month>
<publication_day>25</publication_day>
<authors>
<author>
<id>93345</id>
<name>Diane Chamberlain</name>
<link><![CDATA[https://www.goodreads.com/author/show/93345.Diane_Chamberlain]]></link>
</author>
</authors>
</book>

          <book>
<id>42172</id>
<title><![CDATA[The Christmas Shoes (Christmas Hope #1)]]></title>
<title_without_series>The Christmas Shoes</title_without_series>
<link><![CDATA[https://www.goodreads.com/book/show/42172.The_Christmas_Shoes]]></link>
<small_image_url><![CDATA[https://images.gr-assets.com/books/1434144615s/42172.jpg]]></small_image_url>
<image_url><![CDATA[https://images.gr-assets.com/books/1434144615m/42172.jpg]]></image_url>
<num_pages>132</num_pages>
<work>
<id>1085294</id>
</work>
<isbn>0312289510</isbn>
<isbn13>9780312289515</isbn13>
<average_rating>4.22</average_rating>
<ratings_count>29425</ratings_count>
<publication_year></publication_year>
<publication_month></publication_month>
<publication_day></publication_day>
<authors>
<author>
<id>23722</id>
<name>Donna VanLiere</name>
<link><![CDATA[https://www.goodreads.com/author/show/23722.Donna_VanLiere]]></link>
</author>
</authors>
</book>

          <book>
<id>7726892</id>
<title>The Island</title>
<title_without_series>The Island</title_without_series>
<link><![CDATA[https://www.goodreads.com/book/show/7726892-the-island]]></link>
<small_image_url><![CDATA[https://images.gr-assets.com/books/1344264696s/7726892.jpg]]></small_image_url>
<image_url><![CDATA[https://images.gr-assets.com/books/1344264696m/7726892.jpg]]></image_url>
<num_pages></num_pages>
<work>
<id>10492902</id>
</work>
<isbn>0316043877</isbn>
<isbn13>9780316043878</isbn13>
<average_rating>3.88</average_rating>
<ratings_count>32016</ratings_count>
<publication_year></publication_year>
<publication_month></publication_month>
<publication_day></publication_day>
<authors>
<author>
<id>88301</id>
<name>Elin Hilderbrand</name>
<link><![CDATA[https://www.goodreads.com/author/show/88301.Elin_Hilderbrand]]></link>
</author>
</authors>
</book>

          <book>
<id>83146</id>
<title>Tully</title>
<title_without_series>Tully</title_without_series>
<link><![CDATA[https://www.goodreads.com/book/show/83146.Tully]]></link>
<small_image_url><![CDATA[https://images.gr-assets.com/books/1171036641s/83146.jpg]]></small_image_url>
<image_url><![CDATA[https://images.gr-assets.com/books/1171036641m/83146.jpg]]></image_url>
<num_pages>614</num_pages>
<work>
<id>7182378</id>
</work>
<isbn>0006490018</isbn>
<isbn13>9780006490012</isbn13>
<average_rating>3.87</average_rating>
<ratings_count>7650</ratings_count>
<publication_year>2008</publication_year>
<publication_month>10</publication_month>
<publication_day>9</publication_day>
<authors>
<author>
<id>47499</id>
<name>Paullina Simons</name>
<link><![CDATA[https://www.goodreads.com/author/show/47499.Paullina_Simons]]></link>
</author>
</authors>
</book>

          <book>
<id>80534</id>
<title>Me &amp; Emma</title>
<title_without_series>Me &amp; Emma</title_without_series>
<link><![CDATA[https://www.goodreads.com/book/show/80534.Me_Emma]]></link>
<small_image_url><![CDATA[https://s.gr-assets.com/assets/nophoto/book/50x75-a91bf249278a81aabab721ef782c4a74.png]]></small_image_url>
<image_url><![CDATA[https://s.gr-assets.com/assets/nophoto/book/111x148-bcc042a9c91a29c1d680899eff700a03.png]]></image_url>
<num_pages>296</num_pages>
<work>
<id>600345</id>
</work>
<isbn>0778322858</isbn>
<isbn13>9780778322856</isbn13>
<average_rating>3.90</average_rating>
<ratings_count>18892</ratings_count>
<publication_year>2006</publication_year>
<publication_month>3</publication_month>
<publication_day>1</publication_day>
<authors>
<author>
<id>45852</id>
<name>Elizabeth Flock</name>
<link><![CDATA[https://www.goodreads.com/author/show/45852.Elizabeth_Flock]]></link>
</author>
</authors>
</book>

          <book>
<id>3153910</id>
<title>The Art of Racing in the Rain</title>
<title_without_series>The Art of Racing in the Rain</title_without_series>
<link><![CDATA[https://www.goodreads.com/book/show/3153910-the-art-of-racing-in-the-rain]]></link>
<small_image_url><![CDATA[https://images.gr-assets.com/books/1377206302s/3153910.jpg]]></small_image_url>
<image_url><![CDATA[https://images.gr-assets.com/books/1377206302m/3153910.jpg]]></image_url>
<num_pages>321</num_pages>
<work>
<id>3175590</id>
</work>
<isbn>1554681723</isbn>
<isbn13>9781554681723</isbn13>
<average_rating>4.19</average_rating>
<ratings_count>354557</ratings_count>
<publication_year>2008</publication_year>
<publication_month>5</publication_month>
<publication_day>13</publication_day>
<authors>
<author>
<id>194531</id>
<name>Garth Stein</name>
<link><![CDATA[https://www.goodreads.com/author/show/194531.Garth_Stein]]></link>
</author>
</authors>
</book>

          <book>
<id>42155</id>
<title><![CDATA[Something Blue (Darcy & Rachel, #2)]]></title>
<title_without_series>Something Blue</title_without_series>
<link><![CDATA[https://www.goodreads.com/book/show/42155.Something_Blue]]></link>
<small_image_url><![CDATA[https://s.gr-assets.com/assets/nophoto/book/50x75-a91bf249278a81aabab721ef782c4a74.png]]></small_image_url>
<image_url><![CDATA[https://s.gr-assets.com/assets/nophoto/book/111x148-bcc042a9c91a29c1d680899eff700a03.png]]></image_url>
<num_pages>338</num_pages>
<work>
<id>1470371</id>
</work>
<isbn>0312323867</isbn>
<isbn13>9780312323868</isbn13>
<average_rating>3.92</average_rating>
<ratings_count>178593</ratings_count>
<publication_year></publication_year>
<publication_month></publication_month>
<publication_day></publication_day>
<authors>
<author>
<id>13370</id>
<name>Emily Giffin</name>
<link><![CDATA[https://www.goodreads.com/author/show/13370.Emily_Giffin]]></link>
</author>
</authors>
</book>

          <book>
<id>32234</id>
<title>White Oleander</title>
<title_without_series>White Oleander</title_without_series>
<link><![CDATA[https://www.goodreads.com/book/show/32234.White_Oleander]]></link>
<small_image_url><![CDATA[https://images.gr-assets.com/books/1501159524s/32234.jpg]]></small_image_url>
<image_url><![CDATA[https://images.gr-assets.com/books/1501159524m/32234.jpg]]></image_url>
<num_pages>446</num_pages>
<work>
<id>1223333</id>
</work>
<isbn>0316182540</isbn>
<isbn13>9780316182546</isbn13>
<average_rating>3.93</average_rating>
<ratings_count>254400</ratings_count>
<publication_year>2001</publication_year>
<publication_month>9</publication_month>
<publication_day>1</publication_day>
<authors>
<author>
<id>3540</id>
<name>Janet Fitch</name>
<link><![CDATA[https://www.goodreads.com/author/show/3540.Janet_Fitch]]></link>
</author>
</authors>
</book>

          <book>
<id>47076</id>
<title>The Girls</title>
<title_without_series>The Girls</title_without_series>
<link><![CDATA[https://www.goodreads.com/book/show/47076.The_Girls]]></link>
<small_image_url><![CDATA[https://s.gr-assets.com/assets/nophoto/book/50x75-a91bf249278a81aabab721ef782c4a74.png]]></small_image_url>
<image_url><![CDATA[https://s.gr-assets.com/assets/nophoto/book/111x148-bcc042a9c91a29c1d680899eff700a03.png]]></image_url>
<num_pages>368</num_pages>
<work>
<id>1007854</id>
</work>
<isbn>0316066346</isbn>
<isbn13>9780316066341</isbn13>
<average_rating>3.79</average_rating>
<ratings_count>18130</ratings_count>
<publication_year>2007</publication_year>
<publication_month>4</publication_month>
<publication_day>10</publication_day>
<authors>
<author>
<id>26413</id>
<name>Lori Lansens</name>
<link><![CDATA[https://www.goodreads.com/author/show/26413.Lori_Lansens]]></link>
</author>
</authors>
</book>

          <book>
<id>115076</id>
<title>Love Walked In</title>
<title_without_series>Love Walked In</title_without_series>
<link><![CDATA[https://www.goodreads.com/book/show/115076.Love_Walked_In]]></link>
<small_image_url><![CDATA[https://s.gr-assets.com/assets/nophoto/book/50x75-a91bf249278a81aabab721ef782c4a74.png]]></small_image_url>
<image_url><![CDATA[https://s.gr-assets.com/assets/nophoto/book/111x148-bcc042a9c91a29c1d680899eff700a03.png]]></image_url>
<num_pages>307</num_pages>
<work>
<id>3000860</id>
</work>
<isbn>0452287898</isbn>
<isbn13>9780452287891</isbn13>
<average_rating>3.69</average_rating>
<ratings_count>29712</ratings_count>
<publication_year></publication_year>
<publication_month></publication_month>
<publication_day></publication_day>
<authors>
<author>
<id>66631</id>
<name>Marisa de los Santos</name>
<link><![CDATA[https://www.goodreads.com/author/show/66631.Marisa_de_los_Santos]]></link>
</author>
</authors>
</book>

          <book>
<id>1268348</id>
<title>The Secret Between Us</title>
<title_without_series>The Secret Between Us</title_without_series>
<link><![CDATA[https://www.goodreads.com/book/show/1268348.The_Secret_Between_Us]]></link>
<small_image_url><![CDATA[https://images.gr-assets.com/books/1320407845s/1268348.jpg]]></small_image_url>
<image_url><![CDATA[https://images.gr-assets.com/books/1320407845m/1268348.jpg]]></image_url>
<num_pages>368</num_pages>
<work>
<id>3192862</id>
</work>
<isbn>0385518684</isbn>
<isbn13>9780385518680</isbn13>
<average_rating>3.71</average_rating>
<ratings_count>12676</ratings_count>
<publication_year>2008</publication_year>
<publication_month>1</publication_month>
<publication_day>22</publication_day>
<authors>
<author>
<id>36492</id>
<name>Barbara Delinsky</name>
<link><![CDATA[https://www.goodreads.com/author/show/36492.Barbara_Delinsky]]></link>
</author>
</authors>
</book>

          <book>
<id>14959</id>
<title>Strange Fits of Passion</title>
<title_without_series>Strange Fits of Passion</title_without_series>
<link><![CDATA[https://www.goodreads.com/book/show/14959.Strange_Fits_of_Passion]]></link>
<small_image_url><![CDATA[https://s.gr-assets.com/assets/nophoto/book/50x75-a91bf249278a81aabab721ef782c4a74.png]]></small_image_url>
<image_url><![CDATA[https://s.gr-assets.com/assets/nophoto/book/111x148-bcc042a9c91a29c1d680899eff700a03.png]]></image_url>
<num_pages></num_pages>
<work>
<id>1221243</id>
</work>
<isbn>0156031396</isbn>
<isbn13>9780156031394</isbn13>
<average_rating>3.74</average_rating>
<ratings_count>7492</ratings_count>
<publication_year></publication_year>
<publication_month></publication_month>
<publication_day></publication_day>
<authors>
<author>
<id>3530</id>
<name>Anita Shreve</name>
<link><![CDATA[https://www.goodreads.com/author/show/3530.Anita_Shreve]]></link>
</author>
</authors>
</book>

          <book>
<id>251519</id>
<title>Good Grief</title>
<title_without_series>Good Grief</title_without_series>
<link><![CDATA[https://www.goodreads.com/book/show/251519.Good_Grief]]></link>
<small_image_url><![CDATA[https://s.gr-assets.com/assets/nophoto/book/50x75-a91bf249278a81aabab721ef782c4a74.png]]></small_image_url>
<image_url><![CDATA[https://s.gr-assets.com/assets/nophoto/book/111x148-bcc042a9c91a29c1d680899eff700a03.png]]></image_url>
<num_pages>357</num_pages>
<work>
<id>1154583</id>
</work>
<isbn>0446694843</isbn>
<isbn13>9780446694841</isbn13>
<average_rating>3.72</average_rating>
<ratings_count>25354</ratings_count>
<publication_year></publication_year>
<publication_month></publication_month>
<publication_day></publication_day>
<authors>
<author>
<id>51162</id>
<name>Lolly Winston</name>
<link><![CDATA[https://www.goodreads.com/author/show/51162.Lolly_Winston]]></link>
</author>
</authors>
</book>

          <book>
<id>296302</id>
<title><![CDATA[The Last Summer (of You and Me)]]></title>
<title_without_series>The Last Summer</title_without_series>
<link><![CDATA[https://www.goodreads.com/book/show/296302.The_Last_Summer]]></link>
<small_image_url><![CDATA[https://s.gr-assets.com/assets/nophoto/book/50x75-a91bf249278a81aabab721ef782c4a74.png]]></small_image_url>
<image_url><![CDATA[https://s.gr-assets.com/assets/nophoto/book/111x148-bcc042a9c91a29c1d680899eff700a03.png]]></image_url>
<num_pages>306</num_pages>
<work>
<id>1139021</id>
</work>
<isbn>1594489173</isbn>
<isbn13>9781594489174</isbn13>
<average_rating>3.58</average_rating>
<ratings_count>27864</ratings_count>
<publication_year>2007</publication_year>
<publication_month>6</publication_month>
<publication_day>6</publication_day>
<authors>
<author>
<id>3681</id>
<name>Ann Brashares</name>
<link><![CDATA[https://www.goodreads.com/author/show/3681.Ann_Brashares]]></link>
</author>
</authors>
</book>

  </similar_books>
</book>

</GoodreadsResponse>