<?xml version="1.0" encoding="UTF-8"?>
<GoodreadsResponse>
  <Request>
    <authentication>true</authentication>
      <key><![CDATA[all_men_must_serve]]></key>
    <method><![CDATA[book_show]]></method>
  </Request>
  <book>
  <id>10914</id>
  <title>Songs of the Humpback Whale</title>
  <isbn><![CDATA[0743431014]]></isbn>
  <isbn13><![CDATA[9780743431019]]></isbn13>
  <asin><![CDATA[]]></asin>
  <kindle_asin><![CDATA[B002S0KBUE]]></kindle_asin>
  <marketplace_id><![CDATA[A1F83G8C2ARO7P]]></marketplace_id>
  <country_code><![CDATA[GB]]></country_code>
  <image_url>https://images.gr-assets.com/books/1421422550m/10914.jpg</image_url>
  <small_image_url>https://images.gr-assets.com/books/1421422550s/10914.jpg</small_image_url>
  <publication_year></publication_year>
  <publication_month></publication_month>
  <publication_day></publication_day>
  <publisher></publisher>
  <language_code>en-US</language_code>
  <is_ebook>false</is_ebook>
  <description><![CDATA[<i>Sometimes finding your own voice is a matter of listening to the heart...</i> <p>Jodi Picoult's powerful novel portrays an emotionally charged marriage that changes course in one explosive moment... For years, Jane Jones has lived in the shadow of her husband, renowned San Diego oceanographer Oliver Jones. But during an escalating argument, Jane turns on him with an alarming volatility. In anger and fear, Jane leaves with their teenage daughter, Rebecca, for a cross-country odyssey charted by letters from her brother Joley, guiding them to his Massachusetts apple farm, where surprising self-discoveries await. Now Oliver, an expert at tracking humpback whales across vast oceans, will search for his wife across a continent--and find a new way to see the world, his family and himself: through her eyes.</p>]]></description>
  <work>
  <id type="integer">1074034</id>
  <books_count type="integer">33</books_count>
  <best_book_id type="integer">10914</best_book_id>
  <reviews_count type="integer">45373</reviews_count>
  <ratings_sum type="integer">82608</ratings_sum>
  <ratings_count type="integer">25902</ratings_count>
  <text_reviews_count type="integer">1835</text_reviews_count>
  <original_publication_year type="integer">1992</original_publication_year>
  <original_publication_month type="integer">3</original_publication_month>
  <original_publication_day type="integer">25</original_publication_day>
  <original_title>Songs of the Humpback Whale: A Novel in Five Voices</original_title>
  <original_language_id type="integer" nil="true"/>
  <media_type>book</media_type>
  <rating_dist>5:3722|4:6264|3:9105|2:4816|1:1995|total:25902</rating_dist>
  <desc_user_id type="integer">3879362</desc_user_id>
  <default_chaptering_book_id type="integer" nil="true"/>
  <default_description_language_code nil="true"/>
</work>
  <average_rating>3.19</average_rating>
  <num_pages><![CDATA[346]]></num_pages>
  <format><![CDATA[]]></format>
  <edition_information><![CDATA[]]></edition_information>
  <ratings_count><![CDATA[24764]]></ratings_count>
  <text_reviews_count><![CDATA[1663]]></text_reviews_count>
  <url><![CDATA[https://www.goodreads.com/book/show/10914.Songs_of_the_Humpback_Whale]]></url>
  <link><![CDATA[https://www.goodreads.com/book/show/10914.Songs_of_the_Humpback_Whale]]></link>
  <authors>
<author>
<id>7128</id>
<name>Jodi Picoult</name>
<role></role>
<image_url nophoto='false'>
<![CDATA[https://images.gr-assets.com/authors/1475775448p5/7128.jpg]]>
</image_url>
<small_image_url nophoto='false'>
<![CDATA[https://images.gr-assets.com/authors/1475775448p2/7128.jpg]]>
</small_image_url>
<link><![CDATA[https://www.goodreads.com/author/show/7128.Jodi_Picoult]]></link>
<average_rating>3.95</average_rating>
<ratings_count>2907033</ratings_count>
<text_reviews_count>172467</text_reviews_count>
</author>
</authors>

    <reviews_widget>
      <![CDATA[
        <style>
  #goodreads-widget {
    font-family: georgia, serif;
    padding: 18px 0;
    width:565px;
  }
  #goodreads-widget h1 {
    font-weight:normal;
    font-size: 16px;
    border-bottom: 1px solid #BBB596;
    margin-bottom: 0;
  }
  #goodreads-widget a {
    text-decoration: none;
    color:#660;
  }
  iframe{
    background-color: #fff;
  }
  #goodreads-widget a:hover { text-decoration: underline; }
  #goodreads-widget a:active {
    color:#660;
  }
  #gr_footer {
    width: 100%;
    border-top: 1px solid #BBB596;
    text-align: right;
  }
  #goodreads-widget .gr_branding{
    color: #382110;
    font-size: 11px;
    text-decoration: none;
    font-family: "Helvetica Neue", Helvetica, Arial, sans-serif;
  }
</style>
<div id="goodreads-widget">
  <div id="gr_header"><h1><a rel="nofollow" href="https://www.goodreads.com/book/show/10914.Songs_of_the_Humpback_Whale">Songs of the Humpback Whale Reviews</a></h1></div>
  <iframe id="the_iframe" src="https://www.goodreads.com/api/reviews_widget_iframe?did=DEVELOPER_ID&amp;format=html&amp;isbn=0743431014&amp;links=660&amp;min_rating=&amp;review_back=fff&amp;stars=000&amp;text=000" width="565" height="400" frameborder="0"></iframe>
  <div id="gr_footer">
    <a class="gr_branding" target="_blank" rel="nofollow" href="https://www.goodreads.com/book/show/10914.Songs_of_the_Humpback_Whale?utm_medium=api&amp;utm_source=reviews_widget">Reviews from Goodreads.com</a>
  </div>
</div>

      ]]>
    </reviews_widget>
  <popular_shelves>
      <shelf name="to-read" count="563"/>
      <shelf name="fiction" count="388"/>
      <shelf name="jodi-picoult" count="379"/>
      <shelf name="books-i-own" count="131"/>
      <shelf name="chick-lit" count="80"/>
      <shelf name="favorites" count="67"/>
      <shelf name="contemporary" count="66"/>
      <shelf name="picoult" count="45"/>
      <shelf name="contemporary-fiction" count="44"/>
      <shelf name="currently-reading" count="43"/>
      <shelf name="adult-fiction" count="36"/>
      <shelf name="drama" count="36"/>
      <shelf name="default" count="30"/>
      <shelf name="my-books" count="28"/>
      <shelf name="adult" count="27"/>
      <shelf name="general-fiction" count="27"/>
      <shelf name="owned-books" count="23"/>
      <shelf name="to-buy" count="21"/>
      <shelf name="novels" count="21"/>
      <shelf name="i-own" count="21"/>
      <shelf name="library" count="20"/>
      <shelf name="abandoned" count="20"/>
      <shelf name="family" count="19"/>
      <shelf name="did-not-finish" count="17"/>
      <shelf name="didn-t-finish" count="17"/>
      <shelf name="my-library" count="15"/>
      <shelf name="picoult-jodi" count="15"/>
      <shelf name="audio" count="14"/>
      <shelf name="book-club" count="14"/>
      <shelf name="wish-list" count="14"/>
      <shelf name="womens-fiction" count="13"/>
      <shelf name="read-in-2010" count="13"/>
      <shelf name="ebooks" count="13"/>
      <shelf name="own-it" count="13"/>
      <shelf name="mother-and-daughter" count="12"/>
      <shelf name="read-in-2011" count="12"/>
      <shelf name="audiobooks" count="12"/>
      <shelf name="jodi-picoult-books" count="12"/>
      <shelf name="own-to-read" count="11"/>
      <shelf name="novel" count="11"/>
      <shelf name="gave-up-on" count="10"/>
      <shelf name="kindle" count="10"/>
      <shelf name="relationships" count="10"/>
      <shelf name="couldn-t-finish" count="10"/>
      <shelf name="realistic-fiction" count="10"/>
      <shelf name="favorite-authors" count="10"/>
      <shelf name="love" count="9"/>
      <shelf name="have" count="9"/>
      <shelf name="coming-of-age" count="8"/>
      <shelf name="2015-reading-challenge" count="8"/>
      <shelf name="audio-book" count="8"/>
      <shelf name="jodi" count="8"/>
      <shelf name="women-s-fiction" count="8"/>
      <shelf name="audiobook" count="8"/>
      <shelf name="purchased" count="7"/>
      <shelf name="books-i-have" count="7"/>
      <shelf name="abuse" count="7"/>
      <shelf name="young-adult" count="7"/>
      <shelf name="american" count="7"/>
      <shelf name="read-in-2008" count="7"/>
      <shelf name="read-in-2009" count="7"/>
      <shelf name="on-my-bookshelf" count="6"/>
      <shelf name="2013-reads" count="6"/>
      <shelf name="read-in-2013" count="6"/>
      <shelf name="read-in-2012" count="6"/>
      <shelf name="death" count="6"/>
      <shelf name="jodi-piccoult" count="6"/>
      <shelf name="favorite-author" count="6"/>
      <shelf name="dnf" count="6"/>
      <shelf name="ebook" count="6"/>
      <shelf name="library-book" count="6"/>
      <shelf name="audio-books" count="6"/>
      <shelf name="own-a-copy" count="6"/>
      <shelf name="bookshelf" count="6"/>
      <shelf name="want-to-read" count="6"/>
      <shelf name="unfinished" count="6"/>
      <shelf name="need-to-buy" count="6"/>
      <shelf name="female-authors" count="6"/>
      <shelf name="owned" count="5"/>
      <shelf name="read-in-2016" count="5"/>
      <shelf name="shelfari-favorites" count="5"/>
      <shelf name="shelfari-wishlist" count="5"/>
      <shelf name="family-relationships" count="5"/>
      <shelf name="whales" count="5"/>
      <shelf name="read-2014" count="5"/>
      <shelf name="library-books" count="5"/>
      <shelf name="read-2013" count="5"/>
      <shelf name="want" count="5"/>
      <shelf name="started-but-didn-t-finish" count="5"/>
      <shelf name="i-own-it" count="5"/>
      <shelf name="animals" count="5"/>
      <shelf name="chicklit" count="5"/>
      <shelf name="need" count="5"/>
      <shelf name="borrowed" count="5"/>
      <shelf name="never-finished" count="5"/>
      <shelf name="home-library" count="4"/>
      <shelf name="mom" count="4"/>
      <shelf name="read-2015" count="4"/>
      <shelf name="to-read-own" count="4"/>
      <shelf name="read-in-2014" count="4"/>
  </popular_shelves>
  <book_links>
    <book_link>
  <id>8</id>
  <name>Libraries</name>
  <link>https://www.goodreads.com/book_link/follow/8</link>
</book_link>

  </book_links>
  <buy_links>
    <buy_link>
<id>1</id>
<name>Amazon</name>
<link>https://www.goodreads.com/book_link/follow/1</link>
</buy_link>
<buy_link>
<id>10</id>
<name>Audible</name>
<link>https://www.goodreads.com/book_link/follow/10</link>
</buy_link>
<buy_link>
<id>3</id>
<name>Barnes &amp; Noble</name>
<link>https://www.goodreads.com/book_link/follow/3</link>
</buy_link>
<buy_link>
<id>1027</id>
<name>Kobo</name>
<link>https://www.goodreads.com/book_link/follow/1027</link>
</buy_link>
<buy_link>
<id>2102</id>
<name>Apple iBooks</name>
<link>https://www.goodreads.com/book_link/follow/2102</link>
</buy_link>
<buy_link>
<id>8036</id>
<name>Google Play</name>
<link>https://www.goodreads.com/book_link/follow/8036</link>
</buy_link>
<buy_link>
<id>4</id>
<name>Abebooks</name>
<link>https://www.goodreads.com/book_link/follow/4</link>
</buy_link>
<buy_link>
<id>882</id>
<name>Book Depository</name>
<link>https://www.goodreads.com/book_link/follow/882</link>
</buy_link>
<buy_link>
<id>9</id>
<name>Indigo</name>
<link>https://www.goodreads.com/book_link/follow/9</link>
</buy_link>
<buy_link>
<id>2</id>
<name>Half.com</name>
<link>https://www.goodreads.com/book_link/follow/2</link>
</buy_link>
<buy_link>
<id>5</id>
<name>Alibris</name>
<link>https://www.goodreads.com/book_link/follow/5</link>
</buy_link>
<buy_link>
<id>107</id>
<name>Better World Books</name>
<link>https://www.goodreads.com/book_link/follow/107</link>
</buy_link>
<buy_link>
<id>7</id>
<name>IndieBound</name>
<link>https://www.goodreads.com/book_link/follow/7</link>
</buy_link>

  </buy_links>
  <series_works>
    
  </series_works>
  <similar_books>
          <book>
<id>297130</id>
<title>If You Believe</title>
<title_without_series>If You Believe</title_without_series>
<link><![CDATA[https://www.goodreads.com/book/show/297130.If_You_Believe]]></link>
<small_image_url><![CDATA[https://s.gr-assets.com/assets/nophoto/book/50x75-a91bf249278a81aabab721ef782c4a74.png]]></small_image_url>
<image_url><![CDATA[https://s.gr-assets.com/assets/nophoto/book/111x148-bcc042a9c91a29c1d680899eff700a03.png]]></image_url>
<num_pages>384</num_pages>
<work>
<id>1563508</id>
</work>
<isbn>0345467108</isbn>
<isbn13>9780345467102</isbn13>
<average_rating>3.73</average_rating>
<ratings_count>1803</ratings_count>
<publication_year>2004</publication_year>
<publication_month>4</publication_month>
<publication_day>27</publication_day>
<authors>
<author>
<id>54493</id>
<name>Kristin Hannah</name>
<link><![CDATA[https://www.goodreads.com/author/show/54493.Kristin_Hannah]]></link>
</author>
</authors>
</book>

          <book>
<id>2564278</id>
<title>Goodnight, Beautiful</title>
<title_without_series>Goodnight, Beautiful</title_without_series>
<link><![CDATA[https://www.goodreads.com/book/show/2564278-goodnight-beautiful]]></link>
<small_image_url><![CDATA[https://images.gr-assets.com/books/1279481024s/2564278.jpg]]></small_image_url>
<image_url><![CDATA[https://images.gr-assets.com/books/1279481024m/2564278.jpg]]></image_url>
<num_pages>433</num_pages>
<work>
<id>2572781</id>
</work>
<isbn>0751539813</isbn>
<isbn13>9780751539813</isbn13>
<average_rating>4.01</average_rating>
<ratings_count>6597</ratings_count>
<publication_year>2008</publication_year>
<publication_month>2</publication_month>
<publication_day>4</publication_day>
<authors>
<author>
<id>38651</id>
<name>Dorothy Koomson</name>
<link><![CDATA[https://www.goodreads.com/author/show/38651.Dorothy_Koomson]]></link>
</author>
</authors>
</book>

          <book>
<id>7714109</id>
<title>Such a Pretty Face</title>
<title_without_series>Such a Pretty Face</title_without_series>
<link><![CDATA[https://www.goodreads.com/book/show/7714109-such-a-pretty-face]]></link>
<small_image_url><![CDATA[https://s.gr-assets.com/assets/nophoto/book/50x75-a91bf249278a81aabab721ef782c4a74.png]]></small_image_url>
<image_url><![CDATA[https://s.gr-assets.com/assets/nophoto/book/111x148-bcc042a9c91a29c1d680899eff700a03.png]]></image_url>
<num_pages>467</num_pages>
<work>
<id>10442428</id>
</work>
<isbn>0758229550</isbn>
<isbn13>9780758229557</isbn13>
<average_rating>3.96</average_rating>
<ratings_count>3517</ratings_count>
<publication_year></publication_year>
<publication_month></publication_month>
<publication_day></publication_day>
<authors>
<author>
<id>422343</id>
<name>Cathy Lamb</name>
<link><![CDATA[https://www.goodreads.com/author/show/422343.Cathy_Lamb]]></link>
</author>
</authors>
</book>

          <book>
<id>1535244</id>
<title>The Godmother</title>
<title_without_series>The Godmother</title_without_series>
<link><![CDATA[https://www.goodreads.com/book/show/1535244.The_Godmother]]></link>
<small_image_url><![CDATA[https://s.gr-assets.com/assets/nophoto/book/50x75-a91bf249278a81aabab721ef782c4a74.png]]></small_image_url>
<image_url><![CDATA[https://s.gr-assets.com/assets/nophoto/book/111x148-bcc042a9c91a29c1d680899eff700a03.png]]></image_url>
<num_pages>400</num_pages>
<work>
<id>950026</id>
</work>
<isbn>0061232602</isbn>
<isbn13>9780061232602</isbn13>
<average_rating>3.49</average_rating>
<ratings_count>2571</ratings_count>
<publication_year>2007</publication_year>
<publication_month>9</publication_month>
<publication_day>18</publication_day>
<authors>
<author>
<id>488299</id>
<name>Carrie Adams</name>
<link><![CDATA[https://www.goodreads.com/author/show/488299.Carrie_Adams]]></link>
</author>
</authors>
</book>

          <book>
<id>3563022</id>
<title>The Chestnut Tree</title>
<title_without_series>The Chestnut Tree</title_without_series>
<link><![CDATA[https://www.goodreads.com/book/show/3563022-the-chestnut-tree]]></link>
<small_image_url><![CDATA[https://images.gr-assets.com/books/1354124633s/3563022.jpg]]></small_image_url>
<image_url><![CDATA[https://images.gr-assets.com/books/1354124633m/3563022.jpg]]></image_url>
<num_pages>464</num_pages>
<work>
<id>3605200</id>
</work>
<isbn>0553812777</isbn>
<isbn13>9780553812770</isbn13>
<average_rating>3.58</average_rating>
<ratings_count>200</ratings_count>
<publication_year>2003</publication_year>
<publication_month>4</publication_month>
<publication_day>22</publication_day>
<authors>
<author>
<id>171491</id>
<name>Charlotte Bingham</name>
<link><![CDATA[https://www.goodreads.com/author/show/171491.Charlotte_Bingham]]></link>
</author>
</authors>
</book>

          <book>
<id>14962</id>
<title>Where or When</title>
<title_without_series>Where or When</title_without_series>
<link><![CDATA[https://www.goodreads.com/book/show/14962.Where_or_When]]></link>
<small_image_url><![CDATA[https://s.gr-assets.com/assets/nophoto/book/50x75-a91bf249278a81aabab721ef782c4a74.png]]></small_image_url>
<image_url><![CDATA[https://s.gr-assets.com/assets/nophoto/book/111x148-bcc042a9c91a29c1d680899eff700a03.png]]></image_url>
<num_pages>241</num_pages>
<work>
<id>2479394</id>
</work>
<isbn>0156031272</isbn>
<isbn13>9780156031271</isbn13>
<average_rating>3.29</average_rating>
<ratings_count>6170</ratings_count>
<publication_year></publication_year>
<publication_month></publication_month>
<publication_day></publication_day>
<authors>
<author>
<id>3530</id>
<name>Anita Shreve</name>
<link><![CDATA[https://www.goodreads.com/author/show/3530.Anita_Shreve]]></link>
</author>
</authors>
</book>

          <book>
<id>386192</id>
<title><![CDATA[The Go-Girl Guide : Surviving Your 20s with Savvy, Soul, and Style]]></title>
<title_without_series><![CDATA[The Go-Girl Guide : Surviving Your 20s with Savvy, Soul, and Style]]></title_without_series>
<link><![CDATA[https://www.goodreads.com/book/show/386192.The_Go_Girl_Guide_]]></link>
<small_image_url><![CDATA[https://images.gr-assets.com/books/1477871655s/386192.jpg]]></small_image_url>
<image_url><![CDATA[https://images.gr-assets.com/books/1477871655m/386192.jpg]]></image_url>
<num_pages>340</num_pages>
<work>
<id>375880</id>
</work>
<isbn>0809224763</isbn>
<isbn13>9780809224760</isbn13>
<average_rating>3.62</average_rating>
<ratings_count>298</ratings_count>
<publication_year>2000</publication_year>
<publication_month>6</publication_month>
<publication_day>1</publication_day>
<authors>
<author>
<id>219624</id>
<name>Julia Bourland</name>
<link><![CDATA[https://www.goodreads.com/author/show/219624.Julia_Bourland]]></link>
</author>
</authors>
</book>

          <book>
<id>82443</id>
<title>The Faraday Girls</title>
<title_without_series>The Faraday Girls</title_without_series>
<link><![CDATA[https://www.goodreads.com/book/show/82443.The_Faraday_Girls]]></link>
<small_image_url><![CDATA[https://s.gr-assets.com/assets/nophoto/book/50x75-a91bf249278a81aabab721ef782c4a74.png]]></small_image_url>
<image_url><![CDATA[https://s.gr-assets.com/assets/nophoto/book/111x148-bcc042a9c91a29c1d680899eff700a03.png]]></image_url>
<num_pages>564</num_pages>
<work>
<id>79589</id>
</work>
<isbn>0345490231</isbn>
<isbn13>9780345490230</isbn13>
<average_rating>3.77</average_rating>
<ratings_count>3288</ratings_count>
<publication_year>2007</publication_year>
<publication_month>8</publication_month>
<publication_day>28</publication_day>
<authors>
<author>
<id>47105</id>
<name>Monica McInerney</name>
<link><![CDATA[https://www.goodreads.com/author/show/47105.Monica_McInerney]]></link>
</author>
</authors>
</book>

          <book>
<id>734908</id>
<title><![CDATA[The Accidental Mother (Sophie Mills, #1)]]></title>
<title_without_series>The Accidental Mother</title_without_series>
<link><![CDATA[https://www.goodreads.com/book/show/734908.The_Accidental_Mother]]></link>
<small_image_url><![CDATA[https://s.gr-assets.com/assets/nophoto/book/50x75-a91bf249278a81aabab721ef782c4a74.png]]></small_image_url>
<image_url><![CDATA[https://s.gr-assets.com/assets/nophoto/book/111x148-bcc042a9c91a29c1d680899eff700a03.png]]></image_url>
<num_pages>403</num_pages>
<work>
<id>721092</id>
</work>
<isbn>1416532706</isbn>
<isbn13>9781416532705</isbn13>
<average_rating>3.59</average_rating>
<ratings_count>2590</ratings_count>
<publication_year></publication_year>
<publication_month></publication_month>
<publication_day></publication_day>
<authors>
<author>
<id>327467</id>
<name>Rowan Coleman</name>
<link><![CDATA[https://www.goodreads.com/author/show/327467.Rowan_Coleman]]></link>
</author>
</authors>
</book>

          <book>
<id>114425</id>
<title>Maybe a Miracle</title>
<title_without_series>Maybe a Miracle</title_without_series>
<link><![CDATA[https://www.goodreads.com/book/show/114425.Maybe_a_Miracle]]></link>
<small_image_url><![CDATA[https://images.gr-assets.com/books/1320514996s/114425.jpg]]></small_image_url>
<image_url><![CDATA[https://images.gr-assets.com/books/1320514996m/114425.jpg]]></image_url>
<num_pages>368</num_pages>
<work>
<id>1863629</id>
</work>
<isbn>0812975197</isbn>
<isbn13>9780812975192</isbn13>
<average_rating>3.59</average_rating>
<ratings_count>835</ratings_count>
<publication_year>2006</publication_year>
<publication_month>5</publication_month>
<publication_day>30</publication_day>
<authors>
<author>
<id>66236</id>
<name>Brian Strause</name>
<link><![CDATA[https://www.goodreads.com/author/show/66236.Brian_Strause]]></link>
</author>
</authors>
</book>

          <book>
<id>15850</id>
<title>A Theory of Relativity</title>
<title_without_series>A Theory of Relativity</title_without_series>
<link><![CDATA[https://www.goodreads.com/book/show/15850.A_Theory_of_Relativity]]></link>
<small_image_url><![CDATA[https://images.gr-assets.com/books/1408924181s/15850.jpg]]></small_image_url>
<image_url><![CDATA[https://images.gr-assets.com/books/1408924181m/15850.jpg]]></image_url>
<num_pages>449</num_pages>
<work>
<id>1531071</id>
</work>
<isbn>0007139853</isbn>
<isbn13>9780007139859</isbn13>
<average_rating>3.61</average_rating>
<ratings_count>3641</ratings_count>
<publication_year>2001</publication_year>
<publication_month></publication_month>
<publication_day></publication_day>
<authors>
<author>
<id>3504</id>
<name>Jacquelyn Mitchard</name>
<link><![CDATA[https://www.goodreads.com/author/show/3504.Jacquelyn_Mitchard]]></link>
</author>
</authors>
</book>

          <book>
<id>641764</id>
<title>Around the Next Corner</title>
<title_without_series>Around the Next Corner</title_without_series>
<link><![CDATA[https://www.goodreads.com/book/show/641764.Around_the_Next_Corner]]></link>
<small_image_url><![CDATA[https://images.gr-assets.com/books/1309283899s/641764.jpg]]></small_image_url>
<image_url><![CDATA[https://images.gr-assets.com/books/1309283899m/641764.jpg]]></image_url>
<num_pages></num_pages>
<work>
<id>627954</id>
</work>
<isbn>0451218426</isbn>
<isbn13>9780451218421</isbn13>
<average_rating>3.65</average_rating>
<ratings_count>306</ratings_count>
<publication_year></publication_year>
<publication_month></publication_month>
<publication_day></publication_day>
<authors>
<author>
<id>345744</id>
<name>Elizabeth Wrenn</name>
<link><![CDATA[https://www.goodreads.com/author/show/345744.Elizabeth_Wrenn]]></link>
</author>
</authors>
</book>

          <book>
<id>126816</id>
<title>The Buffalo Soldier</title>
<title_without_series>The Buffalo Soldier</title_without_series>
<link><![CDATA[https://www.goodreads.com/book/show/126816.The_Buffalo_Soldier]]></link>
<small_image_url><![CDATA[https://images.gr-assets.com/books/1320435182s/126816.jpg]]></small_image_url>
<image_url><![CDATA[https://images.gr-assets.com/books/1320435182m/126816.jpg]]></image_url>
<num_pages>432</num_pages>
<work>
<id>2284899</id>
</work>
<isbn>0375725466</isbn>
<isbn13>9780375725463</isbn13>
<average_rating>3.81</average_rating>
<ratings_count>6462</ratings_count>
<publication_year>2003</publication_year>
<publication_month>2</publication_month>
<publication_day>25</publication_day>
<authors>
<author>
<id>3509</id>
<name>Chris Bohjalian</name>
<link><![CDATA[https://www.goodreads.com/author/show/3509.Chris_Bohjalian]]></link>
</author>
</authors>
</book>

          <book>
<id>89115</id>
<title>Happiness Sold Separately</title>
<title_without_series>Happiness Sold Separately</title_without_series>
<link><![CDATA[https://www.goodreads.com/book/show/89115.Happiness_Sold_Separately]]></link>
<small_image_url><![CDATA[https://s.gr-assets.com/assets/nophoto/book/50x75-a91bf249278a81aabab721ef782c4a74.png]]></small_image_url>
<image_url><![CDATA[https://s.gr-assets.com/assets/nophoto/book/111x148-bcc042a9c91a29c1d680899eff700a03.png]]></image_url>
<num_pages></num_pages>
<work>
<id>2297520</id>
</work>
<isbn>0446533068</isbn>
<isbn13>9780446533065</isbn13>
<average_rating>3.28</average_rating>
<ratings_count>5287</ratings_count>
<publication_year></publication_year>
<publication_month></publication_month>
<publication_day></publication_day>
<authors>
<author>
<id>51162</id>
<name>Lolly Winston</name>
<link><![CDATA[https://www.goodreads.com/author/show/51162.Lolly_Winston]]></link>
</author>
</authors>
</book>

          <book>
<id>566267</id>
<title>The Abortionist&apos;s Daughter</title>
<title_without_series>The Abortionist&apos;s Daughter</title_without_series>
<link><![CDATA[https://www.goodreads.com/book/show/566267.The_Abortionist_s_Daughter]]></link>
<small_image_url><![CDATA[https://images.gr-assets.com/books/1320464098s/566267.jpg]]></small_image_url>
<image_url><![CDATA[https://images.gr-assets.com/books/1320464098m/566267.jpg]]></image_url>
<num_pages>304</num_pages>
<work>
<id>897983</id>
</work>
<isbn>0307276414</isbn>
<isbn13>9780307276414</isbn13>
<average_rating>3.20</average_rating>
<ratings_count>3724</ratings_count>
<publication_year>2007</publication_year>
<publication_month>6</publication_month>
<publication_day>12</publication_day>
<authors>
<author>
<id>62420</id>
<name>Elisabeth Hyde</name>
<link><![CDATA[https://www.goodreads.com/author/show/62420.Elisabeth_Hyde]]></link>
</author>
</authors>
</book>

          <book>
<id>3170577</id>
<title>By The Time You Read This</title>
<title_without_series>By The Time You Read This</title_without_series>
<link><![CDATA[https://www.goodreads.com/book/show/3170577-by-the-time-you-read-this]]></link>
<small_image_url><![CDATA[https://images.gr-assets.com/books/1276963451s/3170577.jpg]]></small_image_url>
<image_url><![CDATA[https://images.gr-assets.com/books/1276963451m/3170577.jpg]]></image_url>
<num_pages>321</num_pages>
<work>
<id>3202698</id>
</work>
<isbn>0007266553</isbn>
<isbn13>9780007266555</isbn13>
<average_rating>3.51</average_rating>
<ratings_count>1731</ratings_count>
<publication_year>2008</publication_year>
<publication_month></publication_month>
<publication_day></publication_day>
<authors>
<author>
<id>1350580</id>
<name>Lola Jaye</name>
<link><![CDATA[https://www.goodreads.com/author/show/1350580.Lola_Jaye]]></link>
</author>
</authors>
</book>

          <book>
<id>43347</id>
<title>Body in the Closet</title>
<title_without_series>Body in the Closet</title_without_series>
<link><![CDATA[https://www.goodreads.com/book/show/43347.Body_in_the_Closet]]></link>
<small_image_url><![CDATA[https://s.gr-assets.com/assets/nophoto/book/50x75-a91bf249278a81aabab721ef782c4a74.png]]></small_image_url>
<image_url><![CDATA[https://s.gr-assets.com/assets/nophoto/book/111x148-bcc042a9c91a29c1d680899eff700a03.png]]></image_url>
<num_pages></num_pages>
<work>
<id>42780</id>
</work>
<isbn>1558008721</isbn>
<isbn13>9781558008724</isbn13>
<average_rating>3.49</average_rating>
<ratings_count>109</ratings_count>
<publication_year>1993</publication_year>
<publication_month>11</publication_month>
<publication_day>1</publication_day>
<authors>
<author>
<id>99044</id>
<name>Mary Higgins Clark</name>
<link><![CDATA[https://www.goodreads.com/author/show/99044.Mary_Higgins_Clark]]></link>
</author>
</authors>
</book>

  </similar_books>
</book>

</GoodreadsResponse>