<?xml version="1.0" encoding="UTF-8"?>
<GoodreadsResponse>
  <Request>
    <authentication>true</authentication>
      <key><![CDATA[all_men_must_serve]]></key>
    <method><![CDATA[book_show]]></method>
  </Request>
  <book>
  <id>10913</id>
  <title>Keeping Faith</title>
  <isbn><![CDATA[0060878061]]></isbn>
  <isbn13><![CDATA[9780060878061]]></isbn13>
  <asin><![CDATA[]]></asin>
  <kindle_asin><![CDATA[B001FA0U3G]]></kindle_asin>
  <marketplace_id><![CDATA[A1F83G8C2ARO7P]]></marketplace_id>
  <country_code><![CDATA[GB]]></country_code>
  <image_url>https://images.gr-assets.com/books/1407111555m/10913.jpg</image_url>
  <small_image_url>https://images.gr-assets.com/books/1407111555s/10913.jpg</small_image_url>
  <publication_year>2006</publication_year>
  <publication_month>2</publication_month>
  <publication_day>21</publication_day>
  <publisher>William Morrow Paperbacks</publisher>
  <language_code></language_code>
  <is_ebook>false</is_ebook>
  <description><![CDATA[“A triumph. This novel’s haunting strength will hold the reader until the very end and make Faith and her story impossible to forget.” <br />—<em>Richmond Times Dispatch</em><br /><br />“Extraordinary.” <br />—<em>Orlando Sentinel</em><br /><br />From the #1 <em>New York Times</em> bestselling author Jodi Picoult (<em>Nineteen Minutes, Change of Heart, Handle with Care</em>) comes <em>Keeping Faith</em>: an “addictively readable” (<em>Entertainment Weekly</em>) novel that “makes you wonder about God. And that is a rare moment, indeed, in modern fiction” (<em>USA Today</em>).]]></description>
  <work>
  <id type="integer">3349582</id>
  <books_count type="integer">50</books_count>
  <best_book_id type="integer">10913</best_book_id>
  <reviews_count type="integer">105643</reviews_count>
  <ratings_sum type="integer">262311</ratings_sum>
  <ratings_count type="integer">69285</ratings_count>
  <text_reviews_count type="integer">3463</text_reviews_count>
  <original_publication_year type="integer">1999</original_publication_year>
  <original_publication_month type="integer">4</original_publication_month>
  <original_publication_day type="integer">22</original_publication_day>
  <original_title>Keeping Faith</original_title>
  <original_language_id type="integer" nil="true"/>
  <media_type>book</media_type>
  <rating_dist>5:17362|4:26394|3:19890|2:4616|1:1023|total:69285</rating_dist>
  <desc_user_id type="integer">-9</desc_user_id>
  <default_chaptering_book_id type="integer" nil="true"/>
  <default_description_language_code nil="true"/>
</work>
  <average_rating>3.79</average_rating>
  <num_pages><![CDATA[422]]></num_pages>
  <format><![CDATA[Paperback]]></format>
  <edition_information><![CDATA[]]></edition_information>
  <ratings_count><![CDATA[62421]]></ratings_count>
  <text_reviews_count><![CDATA[3028]]></text_reviews_count>
  <url><![CDATA[https://www.goodreads.com/book/show/10913.Keeping_Faith]]></url>
  <link><![CDATA[https://www.goodreads.com/book/show/10913.Keeping_Faith]]></link>
  <authors>
<author>
<id>7128</id>
<name>Jodi Picoult</name>
<role></role>
<image_url nophoto='false'>
<![CDATA[https://images.gr-assets.com/authors/1475775448p5/7128.jpg]]>
</image_url>
<small_image_url nophoto='false'>
<![CDATA[https://images.gr-assets.com/authors/1475775448p2/7128.jpg]]>
</small_image_url>
<link><![CDATA[https://www.goodreads.com/author/show/7128.Jodi_Picoult]]></link>
<average_rating>3.95</average_rating>
<ratings_count>2906990</ratings_count>
<text_reviews_count>172467</text_reviews_count>
</author>
</authors>

    <reviews_widget>
      <![CDATA[
        <style>
  #goodreads-widget {
    font-family: georgia, serif;
    padding: 18px 0;
    width:565px;
  }
  #goodreads-widget h1 {
    font-weight:normal;
    font-size: 16px;
    border-bottom: 1px solid #BBB596;
    margin-bottom: 0;
  }
  #goodreads-widget a {
    text-decoration: none;
    color:#660;
  }
  iframe{
    background-color: #fff;
  }
  #goodreads-widget a:hover { text-decoration: underline; }
  #goodreads-widget a:active {
    color:#660;
  }
  #gr_footer {
    width: 100%;
    border-top: 1px solid #BBB596;
    text-align: right;
  }
  #goodreads-widget .gr_branding{
    color: #382110;
    font-size: 11px;
    text-decoration: none;
    font-family: "Helvetica Neue", Helvetica, Arial, sans-serif;
  }
</style>
<div id="goodreads-widget">
  <div id="gr_header"><h1><a rel="nofollow" href="https://www.goodreads.com/book/show/10913.Keeping_Faith">Keeping Faith Reviews</a></h1></div>
  <iframe id="the_iframe" src="https://www.goodreads.com/api/reviews_widget_iframe?did=DEVELOPER_ID&amp;format=html&amp;isbn=0060878061&amp;links=660&amp;min_rating=&amp;review_back=fff&amp;stars=000&amp;text=000" width="565" height="400" frameborder="0"></iframe>
  <div id="gr_footer">
    <a class="gr_branding" target="_blank" rel="nofollow" href="https://www.goodreads.com/book/show/10913.Keeping_Faith?utm_medium=api&amp;utm_source=reviews_widget">Reviews from Goodreads.com</a>
  </div>
</div>

      ]]>
    </reviews_widget>
  <popular_shelves>
      <shelf name="to-read" count="21082"/>
      <shelf name="currently-reading" count="1077"/>
      <shelf name="fiction" count="801"/>
      <shelf name="jodi-picoult" count="563"/>
      <shelf name="books-i-own" count="219"/>
      <shelf name="favorites" count="199"/>
      <shelf name="chick-lit" count="149"/>
      <shelf name="owned" count="142"/>
      <shelf name="contemporary" count="137"/>
      <shelf name="drama" count="90"/>
      <shelf name="adult-fiction" count="83"/>
      <shelf name="contemporary-fiction" count="81"/>
      <shelf name="picoult" count="79"/>
      <shelf name="kindle" count="71"/>
      <shelf name="general-fiction" count="67"/>
      <shelf name="religion" count="62"/>
      <shelf name="adult" count="59"/>
      <shelf name="book-club" count="59"/>
      <shelf name="owned-books" count="52"/>
      <shelf name="default" count="50"/>
      <shelf name="romance" count="44"/>
      <shelf name="novels" count="44"/>
      <shelf name="i-own" count="41"/>
      <shelf name="library" count="40"/>
      <shelf name="family" count="35"/>
      <shelf name="my-books" count="35"/>
      <shelf name="realistic-fiction" count="32"/>
      <shelf name="ebooks" count="31"/>
      <shelf name="ebook" count="29"/>
      <shelf name="my-library" count="26"/>
      <shelf name="picoult-jodi" count="24"/>
      <shelf name="favourites" count="24"/>
      <shelf name="wish-list" count="23"/>
      <shelf name="own-it" count="22"/>
      <shelf name="family-relationships" count="21"/>
      <shelf name="favorite-authors" count="21"/>
      <shelf name="faith" count="20"/>
      <shelf name="mystery" count="20"/>
      <shelf name="novel" count="19"/>
      <shelf name="child-custody-battle" count="18"/>
      <shelf name="jodi" count="18"/>
      <shelf name="have" count="18"/>
      <shelf name="religious" count="17"/>
      <shelf name="jodi-picoult-books" count="17"/>
      <shelf name="to-buy" count="17"/>
      <shelf name="borrowed" count="17"/>
      <shelf name="books-i-have" count="16"/>
      <shelf name="e-books" count="16"/>
      <shelf name="own-to-read" count="16"/>
      <shelf name="literature" count="16"/>
      <shelf name="audio" count="16"/>
      <shelf name="nook" count="15"/>
      <shelf name="women-s-fiction" count="15"/>
      <shelf name="audiobook" count="15"/>
      <shelf name="spiritual" count="15"/>
      <shelf name="women" count="14"/>
      <shelf name="audiobooks" count="14"/>
      <shelf name="womens-fiction" count="14"/>
      <shelf name="abandoned" count="13"/>
      <shelf name="spirituality" count="13"/>
      <shelf name="general" count="13"/>
      <shelf name="read-in-2013" count="12"/>
      <shelf name="read-in-2012" count="12"/>
      <shelf name="american" count="12"/>
      <shelf name="young-adult" count="12"/>
      <shelf name="did-not-finish" count="12"/>
      <shelf name="all-time-favorites" count="12"/>
      <shelf name="on-kindle" count="11"/>
      <shelf name="read-in-2011" count="11"/>
      <shelf name="family-drama" count="11"/>
      <shelf name="modern-fiction" count="11"/>
      <shelf name="read-in-2009" count="11"/>
      <shelf name="didn-t-finish" count="11"/>
      <shelf name="guilty-pleasures" count="11"/>
      <shelf name="shelfari-wishlist" count="10"/>
      <shelf name="read-in-2015" count="10"/>
      <shelf name="read-in-2014" count="10"/>
      <shelf name="tbr" count="10"/>
      <shelf name="read-2013" count="10"/>
      <shelf name="books" count="10"/>
      <shelf name="divorce" count="10"/>
      <shelf name="miracles" count="10"/>
      <shelf name="jodi-piccoult" count="10"/>
      <shelf name="book-club-books" count="10"/>
      <shelf name="relationships" count="10"/>
      <shelf name="2006" count="10"/>
      <shelf name="read-2014" count="9"/>
      <shelf name="religion-misc" count="9"/>
      <shelf name="on-my-bookshelf" count="9"/>
      <shelf name="e-book" count="9"/>
      <shelf name="mine" count="9"/>
      <shelf name="need-to-buy" count="9"/>
      <shelf name="library-book" count="9"/>
      <shelf name="chic-lit" count="9"/>
      <shelf name="bookclub" count="9"/>
      <shelf name="audible" count="9"/>
      <shelf name="on-my-shelf" count="9"/>
      <shelf name="popular-fiction" count="9"/>
      <shelf name="chicklit" count="9"/>
      <shelf name="shelfari-favorites" count="8"/>
  </popular_shelves>
  <book_links>
    <book_link>
  <id>8</id>
  <name>Libraries</name>
  <link>https://www.goodreads.com/book_link/follow/8</link>
</book_link>

  </book_links>
  <buy_links>
    <buy_link>
<id>1</id>
<name>Amazon</name>
<link>https://www.goodreads.com/book_link/follow/1</link>
</buy_link>
<buy_link>
<id>10</id>
<name>Audible</name>
<link>https://www.goodreads.com/book_link/follow/10</link>
</buy_link>
<buy_link>
<id>3</id>
<name>Barnes &amp; Noble</name>
<link>https://www.goodreads.com/book_link/follow/3</link>
</buy_link>
<buy_link>
<id>1027</id>
<name>Kobo</name>
<link>https://www.goodreads.com/book_link/follow/1027</link>
</buy_link>
<buy_link>
<id>2102</id>
<name>Apple iBooks</name>
<link>https://www.goodreads.com/book_link/follow/2102</link>
</buy_link>
<buy_link>
<id>8036</id>
<name>Google Play</name>
<link>https://www.goodreads.com/book_link/follow/8036</link>
</buy_link>
<buy_link>
<id>4</id>
<name>Abebooks</name>
<link>https://www.goodreads.com/book_link/follow/4</link>
</buy_link>
<buy_link>
<id>882</id>
<name>Book Depository</name>
<link>https://www.goodreads.com/book_link/follow/882</link>
</buy_link>
<buy_link>
<id>9</id>
<name>Indigo</name>
<link>https://www.goodreads.com/book_link/follow/9</link>
</buy_link>
<buy_link>
<id>2</id>
<name>Half.com</name>
<link>https://www.goodreads.com/book_link/follow/2</link>
</buy_link>
<buy_link>
<id>5</id>
<name>Alibris</name>
<link>https://www.goodreads.com/book_link/follow/5</link>
</buy_link>
<buy_link>
<id>107</id>
<name>Better World Books</name>
<link>https://www.goodreads.com/book_link/follow/107</link>
</buy_link>
<buy_link>
<id>7</id>
<name>IndieBound</name>
<link>https://www.goodreads.com/book_link/follow/7</link>
</buy_link>

  </buy_links>
  <series_works>
    
  </series_works>
  <similar_books>
          <book>
<id>228128</id>
<title>Cage of Stars</title>
<title_without_series>Cage of Stars</title_without_series>
<link><![CDATA[https://www.goodreads.com/book/show/228128.Cage_of_Stars]]></link>
<small_image_url><![CDATA[https://s.gr-assets.com/assets/nophoto/book/50x75-a91bf249278a81aabab721ef782c4a74.png]]></small_image_url>
<image_url><![CDATA[https://s.gr-assets.com/assets/nophoto/book/111x148-bcc042a9c91a29c1d680899eff700a03.png]]></image_url>
<num_pages>289</num_pages>
<work>
<id>1054933</id>
</work>
<isbn>0446578754</isbn>
<isbn13>9780446578752</isbn13>
<average_rating>3.65</average_rating>
<ratings_count>4851</ratings_count>
<publication_year></publication_year>
<publication_month></publication_month>
<publication_day></publication_day>
<authors>
<author>
<id>3504</id>
<name>Jacquelyn Mitchard</name>
<link><![CDATA[https://www.goodreads.com/author/show/3504.Jacquelyn_Mitchard]]></link>
</author>
</authors>
</book>

          <book>
<id>11569509</id>
<title><![CDATA[Keeping Faith by Jodi Picoult Summary & Study Guide]]></title>
<title_without_series><![CDATA[Keeping Faith by Jodi Picoult Summary & Study Guide]]></title_without_series>
<link><![CDATA[https://www.goodreads.com/book/show/11569509-keeping-faith-by-jodi-picoult-summary-study-guide]]></link>
<small_image_url><![CDATA[https://s.gr-assets.com/assets/nophoto/book/50x75-a91bf249278a81aabab721ef782c4a74.png]]></small_image_url>
<image_url><![CDATA[https://s.gr-assets.com/assets/nophoto/book/111x148-bcc042a9c91a29c1d680899eff700a03.png]]></image_url>
<num_pages></num_pages>
<work>
<id>16510237</id>
</work>
<isbn></isbn>
<isbn13>2940012915238</isbn13>
<average_rating>4.04</average_rating>
<ratings_count>315</ratings_count>
<publication_year></publication_year>
<publication_month></publication_month>
<publication_day></publication_day>
<authors>
<author>
<id>4819027</id>
<name>BookRags</name>
<link><![CDATA[https://www.goodreads.com/author/show/4819027.BookRags]]></link>
</author>
</authors>
</book>

          <book>
<id>895617</id>
<title>Cypress Point</title>
<title_without_series>Cypress Point</title_without_series>
<link><![CDATA[https://www.goodreads.com/book/show/895617.Cypress_Point]]></link>
<small_image_url><![CDATA[https://s.gr-assets.com/assets/nophoto/book/50x75-a91bf249278a81aabab721ef782c4a74.png]]></small_image_url>
<image_url><![CDATA[https://s.gr-assets.com/assets/nophoto/book/111x148-bcc042a9c91a29c1d680899eff700a03.png]]></image_url>
<num_pages>408</num_pages>
<work>
<id>1337967</id>
</work>
<isbn>1551666472</isbn>
<isbn13>9781551666471</isbn13>
<average_rating>3.97</average_rating>
<ratings_count>4983</ratings_count>
<publication_year>2003</publication_year>
<publication_month>1</publication_month>
<publication_day>1</publication_day>
<authors>
<author>
<id>93345</id>
<name>Diane Chamberlain</name>
<link><![CDATA[https://www.goodreads.com/author/show/93345.Diane_Chamberlain]]></link>
</author>
</authors>
</book>

          <book>
<id>3975186</id>
<title>True Colors</title>
<title_without_series>True Colors</title_without_series>
<link><![CDATA[https://www.goodreads.com/book/show/3975186-true-colors]]></link>
<small_image_url><![CDATA[https://s.gr-assets.com/assets/nophoto/book/50x75-a91bf249278a81aabab721ef782c4a74.png]]></small_image_url>
<image_url><![CDATA[https://s.gr-assets.com/assets/nophoto/book/111x148-bcc042a9c91a29c1d680899eff700a03.png]]></image_url>
<num_pages>344</num_pages>
<work>
<id>4020951</id>
</work>
<isbn>0312364105</isbn>
<isbn13>9780312364106</isbn13>
<average_rating>3.89</average_rating>
<ratings_count>34245</ratings_count>
<publication_year></publication_year>
<publication_month></publication_month>
<publication_day></publication_day>
<authors>
<author>
<id>54493</id>
<name>Kristin Hannah</name>
<link><![CDATA[https://www.goodreads.com/author/show/54493.Kristin_Hannah]]></link>
</author>
</authors>
</book>

          <book>
<id>8359929</id>
<title>Novels by Jodi Picoult</title>
<title_without_series>Novels by Jodi Picoult</title_without_series>
<link><![CDATA[https://www.goodreads.com/book/show/8359929-novels-by-jodi-picoult]]></link>
<small_image_url><![CDATA[https://s.gr-assets.com/assets/nophoto/book/50x75-a91bf249278a81aabab721ef782c4a74.png]]></small_image_url>
<image_url><![CDATA[https://s.gr-assets.com/assets/nophoto/book/111x148-bcc042a9c91a29c1d680899eff700a03.png]]></image_url>
<num_pages></num_pages>
<work>
<id>13214388</id>
</work>
<isbn>115524057X</isbn>
<isbn13>9781155240572</isbn13>
<average_rating>4.54</average_rating>
<ratings_count>311</ratings_count>
<publication_year></publication_year>
<publication_month></publication_month>
<publication_day></publication_day>
<authors>
<author>
<id>4340042</id>
<name>Books LLC</name>
<link><![CDATA[https://www.goodreads.com/author/show/4340042.Books_LLC]]></link>
</author>
</authors>
</book>

          <book>
<id>6081394</id>
<title><![CDATA[The Deep Blue Sea for Beginners (Newport, Rhode Island, #2)]]></title>
<title_without_series><![CDATA[The Deep Blue Sea for Beginners]]></title_without_series>
<link><![CDATA[https://www.goodreads.com/book/show/6081394-the-deep-blue-sea-for-beginners]]></link>
<small_image_url><![CDATA[https://images.gr-assets.com/books/1320535809s/6081394.jpg]]></small_image_url>
<image_url><![CDATA[https://images.gr-assets.com/books/1320535809m/6081394.jpg]]></image_url>
<num_pages>307</num_pages>
<work>
<id>6258101</id>
</work>
<isbn>0553805142</isbn>
<isbn13>9780553805147</isbn13>
<average_rating>3.63</average_rating>
<ratings_count>1835</ratings_count>
<publication_year>2009</publication_year>
<publication_month>8</publication_month>
<publication_day>4</publication_day>
<authors>
<author>
<id>5076</id>
<name>Luanne Rice</name>
<link><![CDATA[https://www.goodreads.com/author/show/5076.Luanne_Rice]]></link>
</author>
</authors>
</book>

          <book>
<id>1268348</id>
<title>The Secret Between Us</title>
<title_without_series>The Secret Between Us</title_without_series>
<link><![CDATA[https://www.goodreads.com/book/show/1268348.The_Secret_Between_Us]]></link>
<small_image_url><![CDATA[https://images.gr-assets.com/books/1320407845s/1268348.jpg]]></small_image_url>
<image_url><![CDATA[https://images.gr-assets.com/books/1320407845m/1268348.jpg]]></image_url>
<num_pages>368</num_pages>
<work>
<id>3192862</id>
</work>
<isbn>0385518684</isbn>
<isbn13>9780385518680</isbn13>
<average_rating>3.71</average_rating>
<ratings_count>12676</ratings_count>
<publication_year>2008</publication_year>
<publication_month>1</publication_month>
<publication_day>22</publication_day>
<authors>
<author>
<id>36492</id>
<name>Barbara Delinsky</name>
<link><![CDATA[https://www.goodreads.com/author/show/36492.Barbara_Delinsky]]></link>
</author>
</authors>
</book>

          <book>
<id>332348</id>
<title>The Year of Fog</title>
<title_without_series>The Year of Fog</title_without_series>
<link><![CDATA[https://www.goodreads.com/book/show/332348.The_Year_of_Fog]]></link>
<small_image_url><![CDATA[https://images.gr-assets.com/books/1320513174s/332348.jpg]]></small_image_url>
<image_url><![CDATA[https://images.gr-assets.com/books/1320513174m/332348.jpg]]></image_url>
<num_pages>369</num_pages>
<work>
<id>1214929</id>
</work>
<isbn>0385340117</isbn>
<isbn13>9780385340113</isbn13>
<average_rating>3.46</average_rating>
<ratings_count>13261</ratings_count>
<publication_year>2007</publication_year>
<publication_month>3</publication_month>
<publication_day>27</publication_day>
<authors>
<author>
<id>84728</id>
<name>Michelle Richmond</name>
<link><![CDATA[https://www.goodreads.com/author/show/84728.Michelle_Richmond]]></link>
</author>
</authors>
</book>

          <book>
<id>3121162</id>
<title>Testimony</title>
<title_without_series>Testimony</title_without_series>
<link><![CDATA[https://www.goodreads.com/book/show/3121162-testimony]]></link>
<small_image_url><![CDATA[https://images.gr-assets.com/books/1328975356s/3121162.jpg]]></small_image_url>
<image_url><![CDATA[https://images.gr-assets.com/books/1328975356m/3121162.jpg]]></image_url>
<num_pages>320</num_pages>
<work>
<id>3152505</id>
</work>
<isbn>0316059862</isbn>
<isbn13>9780316059862</isbn13>
<average_rating>3.54</average_rating>
<ratings_count>24227</ratings_count>
<publication_year></publication_year>
<publication_month></publication_month>
<publication_day></publication_day>
<authors>
<author>
<id>3530</id>
<name>Anita Shreve</name>
<link><![CDATA[https://www.goodreads.com/author/show/3530.Anita_Shreve]]></link>
</author>
</authors>
</book>

          <book>
<id>15924</id>
<title><![CDATA[At First Sight (Jeremy Marsh & Lexie Darnell, #2)]]></title>
<title_without_series>At First Sight</title_without_series>
<link><![CDATA[https://www.goodreads.com/book/show/15924.At_First_Sight]]></link>
<small_image_url><![CDATA[https://s.gr-assets.com/assets/nophoto/book/50x75-a91bf249278a81aabab721ef782c4a74.png]]></small_image_url>
<image_url><![CDATA[https://s.gr-assets.com/assets/nophoto/book/111x148-bcc042a9c91a29c1d680899eff700a03.png]]></image_url>
<num_pages>204</num_pages>
<work>
<id>1498113</id>
</work>
<isbn>0446698466</isbn>
<isbn13>9780446698467</isbn13>
<average_rating>3.81</average_rating>
<ratings_count>66642</ratings_count>
<publication_year></publication_year>
<publication_month></publication_month>
<publication_day></publication_day>
<authors>
<author>
<id>2345</id>
<name>Nicholas Sparks</name>
<link><![CDATA[https://www.goodreads.com/author/show/2345.Nicholas_Sparks]]></link>
</author>
</authors>
</book>

          <book>
<id>751579</id>
<title>Once Upon a Day</title>
<title_without_series>Once Upon a Day</title_without_series>
<link><![CDATA[https://www.goodreads.com/book/show/751579.Once_Upon_a_Day]]></link>
<small_image_url><![CDATA[https://images.gr-assets.com/books/1400881590s/751579.jpg]]></small_image_url>
<image_url><![CDATA[https://images.gr-assets.com/books/1400881590m/751579.jpg]]></image_url>
<num_pages>368</num_pages>
<work>
<id>737712</id>
</work>
<isbn>0743492781</isbn>
<isbn13>9780743492782</isbn13>
<average_rating>3.64</average_rating>
<ratings_count>2268</ratings_count>
<publication_year>2007</publication_year>
<publication_month>5</publication_month>
<publication_day>15</publication_day>
<authors>
<author>
<id>8025</id>
<name>Lisa Tucker</name>
<link><![CDATA[https://www.goodreads.com/author/show/8025.Lisa_Tucker]]></link>
</author>
</authors>
</book>

          <book>
<id>122942</id>
<title>Every Visible Thing</title>
<title_without_series>Every Visible Thing</title_without_series>
<link><![CDATA[https://www.goodreads.com/book/show/122942.Every_Visible_Thing]]></link>
<small_image_url><![CDATA[https://s.gr-assets.com/assets/nophoto/book/50x75-a91bf249278a81aabab721ef782c4a74.png]]></small_image_url>
<image_url><![CDATA[https://s.gr-assets.com/assets/nophoto/book/111x148-bcc042a9c91a29c1d680899eff700a03.png]]></image_url>
<num_pages>320</num_pages>
<work>
<id>118365</id>
</work>
<isbn>0066212898</isbn>
<isbn13>9780066212890</isbn13>
<average_rating>3.70</average_rating>
<ratings_count>540</ratings_count>
<publication_year>2006</publication_year>
<publication_month>8</publication_month>
<publication_day>8</publication_day>
<authors>
<author>
<id>13353</id>
<name>Lisa Carey</name>
<link><![CDATA[https://www.goodreads.com/author/show/13353.Lisa_Carey]]></link>
</author>
</authors>
</book>

  </similar_books>
</book>

</GoodreadsResponse>