<?xml version="1.0" encoding="UTF-8"?>
<GoodreadsResponse>
  <Request>
    <authentication>true</authentication>
      <key><![CDATA[all_men_must_serve]]></key>
    <method><![CDATA[book_show]]></method>
  </Request>
  <book>
  <id>10912</id>
  <title>Picture Perfect</title>
  <isbn><![CDATA[0425185508]]></isbn>
  <isbn13><![CDATA[9780425185506]]></isbn13>
  <asin><![CDATA[]]></asin>
  <kindle_asin><![CDATA[B003ODIWDC]]></kindle_asin>
  <marketplace_id><![CDATA[A1F83G8C2ARO7P]]></marketplace_id>
  <country_code><![CDATA[GB]]></country_code>
  <image_url>https://s.gr-assets.com/assets/nophoto/book/111x148-bcc042a9c91a29c1d680899eff700a03.png</image_url>
  <small_image_url>https://s.gr-assets.com/assets/nophoto/book/50x75-a91bf249278a81aabab721ef782c4a74.png</small_image_url>
  <publication_year>2002</publication_year>
  <publication_month>7</publication_month>
  <publication_day>2</publication_day>
  <publisher>Berkley</publisher>
  <language_code>en-GB</language_code>
  <is_ebook>false</is_ebook>
  <description><![CDATA[From the #1 <i>New York Times</i> bestselling author of <i>Leaving Time</i>, <i>The Storyteller</i>, and <i>Nineteen Minutes</i>...<br /><br />To the outside world, they seem to have it all. Cassie Barrett, a renowned anthropologist, and Alex Rivers, one of Hollywood's hottest actors, met on the set of a motion picture in Africa. They shared childhood tales, toasted the future, and declared their love in a fairy-tale wedding. But when they return to California, something alters the picture of their perfect marriage. A frightening pattern is taking shape—a cycle of hurt, denial, and promises, thinly veiled by glamour. Torn between fear and something that resembles love, Cassie wrestles with questions she never dreamed she would face: How can she leave? Then again, how can she stay?]]></description>
  <work>
  <id type="integer">3349571</id>
  <books_count type="integer">54</books_count>
  <best_book_id type="integer">10912</best_book_id>
  <reviews_count type="integer">73929</reviews_count>
  <ratings_sum type="integer">157579</ratings_sum>
  <ratings_count type="integer">44735</ratings_count>
  <text_reviews_count type="integer">2489</text_reviews_count>
  <original_publication_year type="integer">1995</original_publication_year>
  <original_publication_month type="integer">3</original_publication_month>
  <original_publication_day type="integer">21</original_publication_day>
  <original_title>Picture Perfect</original_title>
  <original_language_id type="integer" nil="true"/>
  <media_type>book</media_type>
  <rating_dist>5:8103|4:14522|3:15983|2:4900|1:1227|total:44735</rating_dist>
  <desc_user_id type="integer">5799885</desc_user_id>
  <default_chaptering_book_id type="integer" nil="true"/>
  <default_description_language_code nil="true"/>
</work>
  <average_rating>3.52</average_rating>
  <num_pages><![CDATA[369]]></num_pages>
  <format><![CDATA[Paperback]]></format>
  <edition_information><![CDATA[]]></edition_information>
  <ratings_count><![CDATA[41641]]></ratings_count>
  <text_reviews_count><![CDATA[2198]]></text_reviews_count>
  <url><![CDATA[https://www.goodreads.com/book/show/10912.Picture_Perfect]]></url>
  <link><![CDATA[https://www.goodreads.com/book/show/10912.Picture_Perfect]]></link>
  <authors>
<author>
<id>7128</id>
<name>Jodi Picoult</name>
<role></role>
<image_url nophoto='false'>
<![CDATA[https://images.gr-assets.com/authors/1475775448p5/7128.jpg]]>
</image_url>
<small_image_url nophoto='false'>
<![CDATA[https://images.gr-assets.com/authors/1475775448p2/7128.jpg]]>
</small_image_url>
<link><![CDATA[https://www.goodreads.com/author/show/7128.Jodi_Picoult]]></link>
<average_rating>3.95</average_rating>
<ratings_count>2907008</ratings_count>
<text_reviews_count>172467</text_reviews_count>
</author>
</authors>

    <reviews_widget>
      <![CDATA[
        <style>
  #goodreads-widget {
    font-family: georgia, serif;
    padding: 18px 0;
    width:565px;
  }
  #goodreads-widget h1 {
    font-weight:normal;
    font-size: 16px;
    border-bottom: 1px solid #BBB596;
    margin-bottom: 0;
  }
  #goodreads-widget a {
    text-decoration: none;
    color:#660;
  }
  iframe{
    background-color: #fff;
  }
  #goodreads-widget a:hover { text-decoration: underline; }
  #goodreads-widget a:active {
    color:#660;
  }
  #gr_footer {
    width: 100%;
    border-top: 1px solid #BBB596;
    text-align: right;
  }
  #goodreads-widget .gr_branding{
    color: #382110;
    font-size: 11px;
    text-decoration: none;
    font-family: "Helvetica Neue", Helvetica, Arial, sans-serif;
  }
</style>
<div id="goodreads-widget">
  <div id="gr_header"><h1><a rel="nofollow" href="https://www.goodreads.com/book/show/10912.Picture_Perfect">Picture Perfect Reviews</a></h1></div>
  <iframe id="the_iframe" src="https://www.goodreads.com/api/reviews_widget_iframe?did=DEVELOPER_ID&amp;format=html&amp;isbn=0425185508&amp;links=660&amp;min_rating=&amp;review_back=fff&amp;stars=000&amp;text=000" width="565" height="400" frameborder="0"></iframe>
  <div id="gr_footer">
    <a class="gr_branding" target="_blank" rel="nofollow" href="https://www.goodreads.com/book/show/10912.Picture_Perfect?utm_medium=api&amp;utm_source=reviews_widget">Reviews from Goodreads.com</a>
  </div>
</div>

      ]]>
    </reviews_widget>
  <popular_shelves>
      <shelf name="to-read" count="832"/>
      <shelf name="fiction" count="505"/>
      <shelf name="jodi-picoult" count="476"/>
      <shelf name="currently-reading" count="208"/>
      <shelf name="books-i-own" count="184"/>
      <shelf name="chick-lit" count="130"/>
      <shelf name="contemporary" count="97"/>
      <shelf name="romance" count="96"/>
      <shelf name="favorites" count="95"/>
      <shelf name="owned" count="91"/>
      <shelf name="drama" count="69"/>
      <shelf name="picoult" count="62"/>
      <shelf name="adult-fiction" count="56"/>
      <shelf name="contemporary-fiction" count="45"/>
      <shelf name="adult" count="40"/>
      <shelf name="general-fiction" count="39"/>
      <shelf name="library" count="37"/>
      <shelf name="default" count="36"/>
      <shelf name="owned-books" count="33"/>
      <shelf name="novels" count="31"/>
      <shelf name="kindle" count="30"/>
      <shelf name="i-own" count="29"/>
      <shelf name="to-buy" count="26"/>
      <shelf name="audio" count="26"/>
      <shelf name="abuse" count="26"/>
      <shelf name="audiobooks" count="21"/>
      <shelf name="relationships" count="21"/>
      <shelf name="realistic-fiction" count="20"/>
      <shelf name="picoult-jodi" count="20"/>
      <shelf name="my-books" count="19"/>
      <shelf name="mystery" count="18"/>
      <shelf name="abandoned" count="18"/>
      <shelf name="womens-fiction" count="18"/>
      <shelf name="domestic-violence" count="17"/>
      <shelf name="my-library" count="17"/>
      <shelf name="favorite-authors" count="17"/>
      <shelf name="wish-list" count="17"/>
      <shelf name="own-it" count="16"/>
      <shelf name="amnesia" count="15"/>
      <shelf name="audiobook" count="15"/>
      <shelf name="ebooks" count="14"/>
      <shelf name="jodi" count="14"/>
      <shelf name="jodi-picoult-books" count="14"/>
      <shelf name="read-in-2011" count="13"/>
      <shelf name="literature" count="13"/>
      <shelf name="jodi-piccoult" count="12"/>
      <shelf name="family" count="12"/>
      <shelf name="audio-book" count="12"/>
      <shelf name="chicklit" count="12"/>
      <shelf name="read-in-2014" count="11"/>
      <shelf name="women-s-fiction" count="11"/>
      <shelf name="read-in-2009" count="11"/>
      <shelf name="novel" count="11"/>
      <shelf name="read-in-2013" count="10"/>
      <shelf name="american" count="10"/>
      <shelf name="have" count="10"/>
      <shelf name="anthropologists" count="10"/>
      <shelf name="favourites" count="10"/>
      <shelf name="ebook" count="10"/>
      <shelf name="own-to-read" count="10"/>
      <shelf name="read-in-2012" count="9"/>
      <shelf name="books-i-have" count="9"/>
      <shelf name="audio-books" count="9"/>
      <shelf name="book-club" count="9"/>
      <shelf name="read-in-2015" count="8"/>
      <shelf name="read-2013" count="8"/>
      <shelf name="read-2012" count="8"/>
      <shelf name="contemporary-romance" count="8"/>
      <shelf name="modern" count="8"/>
      <shelf name="i-own-it" count="8"/>
      <shelf name="on-my-bookshelf" count="8"/>
      <shelf name="library-book" count="8"/>
      <shelf name="favorite-author" count="8"/>
      <shelf name="2006" count="8"/>
      <shelf name="borrowed" count="8"/>
      <shelf name="shelfari-wishlist" count="7"/>
      <shelf name="library-books" count="7"/>
      <shelf name="california" count="7"/>
      <shelf name="on-kindle" count="7"/>
      <shelf name="dnf" count="7"/>
      <shelf name="3-stars" count="7"/>
      <shelf name="meh" count="7"/>
      <shelf name="on-my-shelf" count="7"/>
      <shelf name="did-not-finish" count="7"/>
      <shelf name="family-drama" count="7"/>
      <shelf name="books-i-ve-read" count="7"/>
      <shelf name="paperback" count="6"/>
      <shelf name="audible" count="6"/>
      <shelf name="love" count="6"/>
      <shelf name="read-fiction" count="6"/>
      <shelf name="e-book" count="6"/>
      <shelf name="home-library" count="6"/>
      <shelf name="2011-books" count="6"/>
      <shelf name="women" count="6"/>
      <shelf name="p" count="6"/>
      <shelf name="mine" count="6"/>
      <shelf name="life" count="6"/>
      <shelf name="didn-t-finish" count="6"/>
      <shelf name="popular-fiction" count="6"/>
      <shelf name="realistic" count="6"/>
  </popular_shelves>
  <book_links>
    <book_link>
  <id>8</id>
  <name>Libraries</name>
  <link>https://www.goodreads.com/book_link/follow/8</link>
</book_link>

  </book_links>
  <buy_links>
    <buy_link>
<id>1</id>
<name>Amazon</name>
<link>https://www.goodreads.com/book_link/follow/1</link>
</buy_link>
<buy_link>
<id>10</id>
<name>Audible</name>
<link>https://www.goodreads.com/book_link/follow/10</link>
</buy_link>
<buy_link>
<id>3</id>
<name>Barnes &amp; Noble</name>
<link>https://www.goodreads.com/book_link/follow/3</link>
</buy_link>
<buy_link>
<id>1027</id>
<name>Kobo</name>
<link>https://www.goodreads.com/book_link/follow/1027</link>
</buy_link>
<buy_link>
<id>2102</id>
<name>Apple iBooks</name>
<link>https://www.goodreads.com/book_link/follow/2102</link>
</buy_link>
<buy_link>
<id>8036</id>
<name>Google Play</name>
<link>https://www.goodreads.com/book_link/follow/8036</link>
</buy_link>
<buy_link>
<id>4</id>
<name>Abebooks</name>
<link>https://www.goodreads.com/book_link/follow/4</link>
</buy_link>
<buy_link>
<id>882</id>
<name>Book Depository</name>
<link>https://www.goodreads.com/book_link/follow/882</link>
</buy_link>
<buy_link>
<id>9</id>
<name>Indigo</name>
<link>https://www.goodreads.com/book_link/follow/9</link>
</buy_link>
<buy_link>
<id>2</id>
<name>Half.com</name>
<link>https://www.goodreads.com/book_link/follow/2</link>
</buy_link>
<buy_link>
<id>5</id>
<name>Alibris</name>
<link>https://www.goodreads.com/book_link/follow/5</link>
</buy_link>
<buy_link>
<id>107</id>
<name>Better World Books</name>
<link>https://www.goodreads.com/book_link/follow/107</link>
</buy_link>
<buy_link>
<id>7</id>
<name>IndieBound</name>
<link>https://www.goodreads.com/book_link/follow/7</link>
</buy_link>

  </buy_links>
  <series_works>
    
  </series_works>
  <similar_books>
          <book>
<id>8359929</id>
<title>Novels by Jodi Picoult</title>
<title_without_series>Novels by Jodi Picoult</title_without_series>
<link><![CDATA[https://www.goodreads.com/book/show/8359929-novels-by-jodi-picoult]]></link>
<small_image_url><![CDATA[https://s.gr-assets.com/assets/nophoto/book/50x75-a91bf249278a81aabab721ef782c4a74.png]]></small_image_url>
<image_url><![CDATA[https://s.gr-assets.com/assets/nophoto/book/111x148-bcc042a9c91a29c1d680899eff700a03.png]]></image_url>
<num_pages></num_pages>
<work>
<id>13214388</id>
</work>
<isbn>115524057X</isbn>
<isbn13>9781155240572</isbn13>
<average_rating>4.54</average_rating>
<ratings_count>311</ratings_count>
<publication_year></publication_year>
<publication_month></publication_month>
<publication_day></publication_day>
<authors>
<author>
<id>4340042</id>
<name>Books LLC</name>
<link><![CDATA[https://www.goodreads.com/author/show/4340042.Books_LLC]]></link>
</author>
</authors>
</book>

          <book>
<id>836944</id>
<title>When Lightning Strikes</title>
<title_without_series>When Lightning Strikes</title_without_series>
<link><![CDATA[https://www.goodreads.com/book/show/836944.When_Lightning_Strikes]]></link>
<small_image_url><![CDATA[https://s.gr-assets.com/assets/nophoto/book/50x75-a91bf249278a81aabab721ef782c4a74.png]]></small_image_url>
<image_url><![CDATA[https://s.gr-assets.com/assets/nophoto/book/111x148-bcc042a9c91a29c1d680899eff700a03.png]]></image_url>
<num_pages>384</num_pages>
<work>
<id>822553</id>
</work>
<isbn>0449149080</isbn>
<isbn13>9780449149089</isbn13>
<average_rating>3.63</average_rating>
<ratings_count>1081</ratings_count>
<publication_year>1994</publication_year>
<publication_month>10</publication_month>
<publication_day>1</publication_day>
<authors>
<author>
<id>54493</id>
<name>Kristin Hannah</name>
<link><![CDATA[https://www.goodreads.com/author/show/54493.Kristin_Hannah]]></link>
</author>
</authors>
</book>

          <book>
<id>6251052</id>
<title><![CDATA[Secrets She Left Behind (Before the Storm #2)]]></title>
<title_without_series>Secrets She Left Behind</title_without_series>
<link><![CDATA[https://www.goodreads.com/book/show/6251052-secrets-she-left-behind]]></link>
<small_image_url><![CDATA[https://s.gr-assets.com/assets/nophoto/book/50x75-a91bf249278a81aabab721ef782c4a74.png]]></small_image_url>
<image_url><![CDATA[https://s.gr-assets.com/assets/nophoto/book/111x148-bcc042a9c91a29c1d680899eff700a03.png]]></image_url>
<num_pages>490</num_pages>
<work>
<id>6433927</id>
</work>
<isbn>0778326152</isbn>
<isbn13>9780778326151</isbn13>
<average_rating>4.03</average_rating>
<ratings_count>7752</ratings_count>
<publication_year>2009</publication_year>
<publication_month>5</publication_month>
<publication_day>26</publication_day>
<authors>
<author>
<id>93345</id>
<name>Diane Chamberlain</name>
<link><![CDATA[https://www.goodreads.com/author/show/93345.Diane_Chamberlain]]></link>
</author>
</authors>
</book>

          <book>
<id>14960</id>
<title>Eden Close</title>
<title_without_series>Eden Close</title_without_series>
<link><![CDATA[https://www.goodreads.com/book/show/14960.Eden_Close]]></link>
<small_image_url><![CDATA[https://images.gr-assets.com/books/1324230174s/14960.jpg]]></small_image_url>
<image_url><![CDATA[https://images.gr-assets.com/books/1324230174m/14960.jpg]]></image_url>
<num_pages>265</num_pages>
<work>
<id>1543114</id>
</work>
<isbn>0156031337</isbn>
<isbn13>9780156031332</isbn13>
<average_rating>3.64</average_rating>
<ratings_count>8544</ratings_count>
<publication_year></publication_year>
<publication_month></publication_month>
<publication_day></publication_day>
<authors>
<author>
<id>3530</id>
<name>Anita Shreve</name>
<link><![CDATA[https://www.goodreads.com/author/show/3530.Anita_Shreve]]></link>
</author>
</authors>
</book>

          <book>
<id>1268348</id>
<title>The Secret Between Us</title>
<title_without_series>The Secret Between Us</title_without_series>
<link><![CDATA[https://www.goodreads.com/book/show/1268348.The_Secret_Between_Us]]></link>
<small_image_url><![CDATA[https://images.gr-assets.com/books/1320407845s/1268348.jpg]]></small_image_url>
<image_url><![CDATA[https://images.gr-assets.com/books/1320407845m/1268348.jpg]]></image_url>
<num_pages>368</num_pages>
<work>
<id>3192862</id>
</work>
<isbn>0385518684</isbn>
<isbn13>9780385518680</isbn13>
<average_rating>3.71</average_rating>
<ratings_count>12676</ratings_count>
<publication_year>2008</publication_year>
<publication_month>1</publication_month>
<publication_day>22</publication_day>
<authors>
<author>
<id>36492</id>
<name>Barbara Delinsky</name>
<link><![CDATA[https://www.goodreads.com/author/show/36492.Barbara_Delinsky]]></link>
</author>
</authors>
</book>

          <book>
<id>73669</id>
<title>The Edge of Winter</title>
<title_without_series>The Edge of Winter</title_without_series>
<link><![CDATA[https://www.goodreads.com/book/show/73669.The_Edge_of_Winter]]></link>
<small_image_url><![CDATA[https://s.gr-assets.com/assets/nophoto/book/50x75-a91bf249278a81aabab721ef782c4a74.png]]></small_image_url>
<image_url><![CDATA[https://s.gr-assets.com/assets/nophoto/book/111x148-bcc042a9c91a29c1d680899eff700a03.png]]></image_url>
<num_pages>339</num_pages>
<work>
<id>1705841</id>
</work>
<isbn>0553805274</isbn>
<isbn13>9780553805277</isbn13>
<average_rating>3.76</average_rating>
<ratings_count>3204</ratings_count>
<publication_year>2007</publication_year>
<publication_month>2</publication_month>
<publication_day>20</publication_day>
<authors>
<author>
<id>5076</id>
<name>Luanne Rice</name>
<link><![CDATA[https://www.goodreads.com/author/show/5076.Luanne_Rice]]></link>
</author>
</authors>
</book>

          <book>
<id>2564278</id>
<title>Goodnight, Beautiful</title>
<title_without_series>Goodnight, Beautiful</title_without_series>
<link><![CDATA[https://www.goodreads.com/book/show/2564278-goodnight-beautiful]]></link>
<small_image_url><![CDATA[https://images.gr-assets.com/books/1279481024s/2564278.jpg]]></small_image_url>
<image_url><![CDATA[https://images.gr-assets.com/books/1279481024m/2564278.jpg]]></image_url>
<num_pages>433</num_pages>
<work>
<id>2572781</id>
</work>
<isbn>0751539813</isbn>
<isbn13>9780751539813</isbn13>
<average_rating>4.01</average_rating>
<ratings_count>6597</ratings_count>
<publication_year>2008</publication_year>
<publication_month>2</publication_month>
<publication_day>4</publication_day>
<authors>
<author>
<id>38651</id>
<name>Dorothy Koomson</name>
<link><![CDATA[https://www.goodreads.com/author/show/38651.Dorothy_Koomson]]></link>
</author>
</authors>
</book>

          <book>
<id>397904</id>
<title>The Breakdown Lane</title>
<title_without_series>The Breakdown Lane</title_without_series>
<link><![CDATA[https://www.goodreads.com/book/show/397904.The_Breakdown_Lane]]></link>
<small_image_url><![CDATA[https://s.gr-assets.com/assets/nophoto/book/50x75-a91bf249278a81aabab721ef782c4a74.png]]></small_image_url>
<image_url><![CDATA[https://s.gr-assets.com/assets/nophoto/book/111x148-bcc042a9c91a29c1d680899eff700a03.png]]></image_url>
<num_pages>464</num_pages>
<work>
<id>143199</id>
</work>
<isbn>0060587253</isbn>
<isbn13>9780060587253</isbn13>
<average_rating>3.56</average_rating>
<ratings_count>3099</ratings_count>
<publication_year>2006</publication_year>
<publication_month>3</publication_month>
<publication_day>28</publication_day>
<authors>
<author>
<id>3504</id>
<name>Jacquelyn Mitchard</name>
<link><![CDATA[https://www.goodreads.com/author/show/3504.Jacquelyn_Mitchard]]></link>
</author>
</authors>
</book>

          <book>
<id>1152201</id>
<title><![CDATA[Things I Want My Daughters to Know]]></title>
<title_without_series><![CDATA[Things I Want My Daughters to Know]]></title_without_series>
<link><![CDATA[https://www.goodreads.com/book/show/1152201.Things_I_Want_My_Daughters_to_Know]]></link>
<small_image_url><![CDATA[https://images.gr-assets.com/books/1377160048s/1152201.jpg]]></small_image_url>
<image_url><![CDATA[https://images.gr-assets.com/books/1377160048m/1152201.jpg]]></image_url>
<num_pages></num_pages>
<work>
<id>2586036</id>
</work>
<isbn>006112219X</isbn>
<isbn13>9780061122194</isbn13>
<average_rating>3.66</average_rating>
<ratings_count>5653</ratings_count>
<publication_year></publication_year>
<publication_month></publication_month>
<publication_day></publication_day>
<authors>
<author>
<id>24891</id>
<name>Elizabeth Noble</name>
<link><![CDATA[https://www.goodreads.com/author/show/24891.Elizabeth_Noble]]></link>
</author>
</authors>
</book>

          <book>
<id>691878</id>
<title>Pieces of My Sister&apos;s Life</title>
<title_without_series>Pieces of My Sister&apos;s Life</title_without_series>
<link><![CDATA[https://www.goodreads.com/book/show/691878.Pieces_of_My_Sister_s_Life]]></link>
<small_image_url><![CDATA[https://images.gr-assets.com/books/1320419232s/691878.jpg]]></small_image_url>
<image_url><![CDATA[https://images.gr-assets.com/books/1320419232m/691878.jpg]]></image_url>
<num_pages>480</num_pages>
<work>
<id>678219</id>
</work>
<isbn>0385340656</isbn>
<isbn13>9780385340656</isbn13>
<average_rating>3.58</average_rating>
<ratings_count>1453</ratings_count>
<publication_year>2007</publication_year>
<publication_month>7</publication_month>
<publication_day>31</publication_day>
<authors>
<author>
<id>369852</id>
<name>Elizabeth Joy Arnold</name>
<link><![CDATA[https://www.goodreads.com/author/show/369852.Elizabeth_Joy_Arnold]]></link>
</author>
</authors>
</book>

  </similar_books>
</book>

</GoodreadsResponse>