<?xml version="1.0" encoding="UTF-8"?>
<GoodreadsResponse>
  <Request>
    <authentication>true</authentication>
      <key><![CDATA[all_men_must_serve]]></key>
    <method><![CDATA[book_show]]></method>
  </Request>
  <book>
  <id>109367</id>
  <title><![CDATA[Survivor In Death (In Death, #20)]]></title>
  <isbn><![CDATA[0425204189]]></isbn>
  <isbn13><![CDATA[9780425204184]]></isbn13>
  <asin><![CDATA[]]></asin>
  <kindle_asin><![CDATA[B002TXZSW6]]></kindle_asin>
  <marketplace_id><![CDATA[A1F83G8C2ARO7P]]></marketplace_id>
  <country_code><![CDATA[GB]]></country_code>
  <image_url>https://images.gr-assets.com/books/1298296888m/109367.jpg</image_url>
  <small_image_url>https://images.gr-assets.com/books/1298296888s/109367.jpg</small_image_url>
  <publication_year></publication_year>
  <publication_month></publication_month>
  <publication_day></publication_day>
  <publisher></publisher>
  <language_code>en-US</language_code>
  <is_ebook>false</is_ebook>
  <description><![CDATA[The only thing that kept young Nixie Swisher from suffering the same fate as her parents, brother, housekeeper, and young sleepover companion was the impulsive nine-year-old's desire for an illicit orange fizzy at 2 a.m. Taking the bereft girl under her wing, Eve is determined to make sure the killers don't get the chance to finish their lethal job. From the first, however, the investigation is baffling. The Swishers were a nice family, living on the Upper West Side in a house with an excellent security system. Ordinary almost to a fault, they seemed unlikely victims for this carefully planned and executed crime. Valuables at the scene were left untouched, there was no sign of vandalism -- just the corpses of five people murdered in their sleep. <p></p>]]></description>
  <work>
  <id type="integer">1097441</id>
  <books_count type="integer">50</books_count>
  <best_book_id type="integer">109367</best_book_id>
  <reviews_count type="integer">31684</reviews_count>
  <ratings_sum type="integer">93992</ratings_sum>
  <ratings_count type="integer">21476</ratings_count>
  <text_reviews_count type="integer">596</text_reviews_count>
  <original_publication_year type="integer">2005</original_publication_year>
  <original_publication_month type="integer" nil="true"/>
  <original_publication_day type="integer" nil="true"/>
  <original_title>Survivor in Death (In Death, #20)</original_title>
  <original_language_id type="integer" nil="true"/>
  <media_type>book</media_type>
  <rating_dist>5:11264|4:7398|3:2510|2:246|1:58|total:21476</rating_dist>
  <desc_user_id type="integer">2650335</desc_user_id>
  <default_chaptering_book_id type="integer" nil="true"/>
  <default_description_language_code nil="true"/>
</work>
  <average_rating>4.38</average_rating>
  <num_pages><![CDATA[360]]></num_pages>
  <format><![CDATA[Mass Market Paperback]]></format>
  <edition_information><![CDATA[]]></edition_information>
  <ratings_count><![CDATA[19519]]></ratings_count>
  <text_reviews_count><![CDATA[484]]></text_reviews_count>
  <url><![CDATA[https://www.goodreads.com/book/show/109367.Survivor_In_Death]]></url>
  <link><![CDATA[https://www.goodreads.com/book/show/109367.Survivor_In_Death]]></link>
  <authors>
<author>
<id>17065</id>
<name>J.D. Robb</name>
<role></role>
<image_url nophoto='false'>
<![CDATA[https://images.gr-assets.com/authors/1481138127p5/17065.jpg]]>
</image_url>
<small_image_url nophoto='false'>
<![CDATA[https://images.gr-assets.com/authors/1481138127p2/17065.jpg]]>
</small_image_url>
<link><![CDATA[https://www.goodreads.com/author/show/17065.J_D_Robb]]></link>
<average_rating>4.28</average_rating>
<ratings_count>1191347</ratings_count>
<text_reviews_count>48001</text_reviews_count>
</author>
</authors>

    <reviews_widget>
      <![CDATA[
        <style>
  #goodreads-widget {
    font-family: georgia, serif;
    padding: 18px 0;
    width:565px;
  }
  #goodreads-widget h1 {
    font-weight:normal;
    font-size: 16px;
    border-bottom: 1px solid #BBB596;
    margin-bottom: 0;
  }
  #goodreads-widget a {
    text-decoration: none;
    color:#660;
  }
  iframe{
    background-color: #fff;
  }
  #goodreads-widget a:hover { text-decoration: underline; }
  #goodreads-widget a:active {
    color:#660;
  }
  #gr_footer {
    width: 100%;
    border-top: 1px solid #BBB596;
    text-align: right;
  }
  #goodreads-widget .gr_branding{
    color: #382110;
    font-size: 11px;
    text-decoration: none;
    font-family: "Helvetica Neue", Helvetica, Arial, sans-serif;
  }
</style>
<div id="goodreads-widget">
  <div id="gr_header"><h1><a rel="nofollow" href="https://www.goodreads.com/book/show/109367.Survivor_In_Death">Survivor In Death Reviews</a></h1></div>
  <iframe id="the_iframe" src="https://www.goodreads.com/api/reviews_widget_iframe?did=DEVELOPER_ID&amp;format=html&amp;isbn=0425204189&amp;links=660&amp;min_rating=&amp;review_back=fff&amp;stars=000&amp;text=000" width="565" height="400" frameborder="0"></iframe>
  <div id="gr_footer">
    <a class="gr_branding" target="_blank" rel="nofollow" href="https://www.goodreads.com/book/show/109367.Survivor_In_Death?utm_medium=api&amp;utm_source=reviews_widget">Reviews from Goodreads.com</a>
  </div>
</div>

      ]]>
    </reviews_widget>
  <popular_shelves>
      <shelf name="to-read" count="2415"/>
      <shelf name="mystery" count="609"/>
      <shelf name="jd-robb" count="252"/>
      <shelf name="j-d-robb" count="195"/>
      <shelf name="in-death-series" count="170"/>
      <shelf name="crime" count="167"/>
      <shelf name="currently-reading" count="154"/>
      <shelf name="romance" count="128"/>
      <shelf name="romantic-suspense" count="128"/>
      <shelf name="fiction" count="124"/>
      <shelf name="in-death" count="120"/>
      <shelf name="suspense" count="118"/>
      <shelf name="series" count="116"/>
      <shelf name="futuristic" count="110"/>
      <shelf name="favorites" count="104"/>
      <shelf name="default" count="97"/>
      <shelf name="nora-roberts" count="92"/>
      <shelf name="owned" count="84"/>
      <shelf name="science-fiction" count="77"/>
      <shelf name="sci-fi" count="68"/>
      <shelf name="audiobook" count="62"/>
      <shelf name="audio" count="58"/>
      <shelf name="books-i-own" count="56"/>
      <shelf name="mystery-thriller" count="46"/>
      <shelf name="audiobooks" count="43"/>
      <shelf name="adult" count="42"/>
      <shelf name="eve-dallas" count="36"/>
      <shelf name="mystery-suspense" count="36"/>
      <shelf name="thriller" count="34"/>
      <shelf name="mysteries" count="34"/>
      <shelf name="future" count="32"/>
      <shelf name="robb" count="32"/>
      <shelf name="library" count="30"/>
      <shelf name="j-d--robb" count="30"/>
      <shelf name="murder-mystery" count="29"/>
      <shelf name="detective" count="28"/>
      <shelf name="robb-jd" count="27"/>
      <shelf name="robb-j-d" count="27"/>
      <shelf name="audible" count="26"/>
      <shelf name="ebooks" count="25"/>
      <shelf name="kindle" count="24"/>
      <shelf name="re-read" count="22"/>
      <shelf name="mystery-crime" count="22"/>
      <shelf name="fantasy" count="21"/>
      <shelf name="audio-books" count="19"/>
      <shelf name="audio-book" count="19"/>
      <shelf name="4-stars" count="17"/>
      <shelf name="favorite-series" count="16"/>
      <shelf name="crime-mystery" count="16"/>
      <shelf name="have" count="16"/>
      <shelf name="e-book" count="15"/>
      <shelf name="murder" count="15"/>
      <shelf name="crime-fiction" count="15"/>
      <shelf name="2005" count="15"/>
      <shelf name="police-procedural" count="15"/>
      <shelf name="eve-and-roarke" count="14"/>
      <shelf name="i-own" count="14"/>
      <shelf name="paperback" count="14"/>
      <shelf name="scifi" count="14"/>
      <shelf name="romance-suspense" count="14"/>
      <shelf name="nora-roberts-jd-robb" count="14"/>
      <shelf name="part-of-a-series" count="13"/>
      <shelf name="law-enforcement" count="13"/>
      <shelf name="my-books" count="13"/>
      <shelf name="police" count="13"/>
      <shelf name="urban-fantasy" count="13"/>
      <shelf name="to-buy" count="13"/>
      <shelf name="my-library" count="12"/>
      <shelf name="favourites" count="12"/>
      <shelf name="e-books" count="12"/>
      <shelf name="calibre" count="12"/>
      <shelf name="owned-books" count="12"/>
      <shelf name="read-2015" count="11"/>
      <shelf name="kick-ass-heroine" count="11"/>
      <shelf name="5-stars" count="11"/>
      <shelf name="suspense-thriller" count="11"/>
      <shelf name="jdrobb" count="11"/>
      <shelf name="read-2016" count="10"/>
      <shelf name="read-in-2013" count="10"/>
      <shelf name="action" count="10"/>
      <shelf name="re-reads" count="10"/>
      <shelf name="listened-to" count="10"/>
      <shelf name="wish-list" count="10"/>
      <shelf name="drama" count="10"/>
      <shelf name="adult-fiction" count="10"/>
      <shelf name="shelfari-favorites" count="9"/>
      <shelf name="read-in-2012" count="9"/>
      <shelf name="thriller-mystery" count="9"/>
      <shelf name="contemporary-romance" count="9"/>
      <shelf name="hardcover" count="9"/>
      <shelf name="reread" count="9"/>
      <shelf name="crime-thriller" count="9"/>
      <shelf name="chick-lit" count="9"/>
      <shelf name="2016-reads" count="8"/>
      <shelf name="read-2011" count="8"/>
      <shelf name="cops" count="8"/>
      <shelf name="futuristic-romance" count="8"/>
      <shelf name="series-in-death" count="8"/>
      <shelf name="thrillers" count="8"/>
      <shelf name="eve" count="8"/>
  </popular_shelves>
  <book_links>
    <book_link>
  <id>8</id>
  <name>Libraries</name>
  <link>https://www.goodreads.com/book_link/follow/8</link>
</book_link>

  </book_links>
  <buy_links>
    <buy_link>
<id>1</id>
<name>Amazon</name>
<link>https://www.goodreads.com/book_link/follow/1</link>
</buy_link>
<buy_link>
<id>10</id>
<name>Audible</name>
<link>https://www.goodreads.com/book_link/follow/10</link>
</buy_link>
<buy_link>
<id>3</id>
<name>Barnes &amp; Noble</name>
<link>https://www.goodreads.com/book_link/follow/3</link>
</buy_link>
<buy_link>
<id>1027</id>
<name>Kobo</name>
<link>https://www.goodreads.com/book_link/follow/1027</link>
</buy_link>
<buy_link>
<id>2102</id>
<name>Apple iBooks</name>
<link>https://www.goodreads.com/book_link/follow/2102</link>
</buy_link>
<buy_link>
<id>8036</id>
<name>Google Play</name>
<link>https://www.goodreads.com/book_link/follow/8036</link>
</buy_link>
<buy_link>
<id>4</id>
<name>Abebooks</name>
<link>https://www.goodreads.com/book_link/follow/4</link>
</buy_link>
<buy_link>
<id>882</id>
<name>Book Depository</name>
<link>https://www.goodreads.com/book_link/follow/882</link>
</buy_link>
<buy_link>
<id>9</id>
<name>Indigo</name>
<link>https://www.goodreads.com/book_link/follow/9</link>
</buy_link>
<buy_link>
<id>2</id>
<name>Half.com</name>
<link>https://www.goodreads.com/book_link/follow/2</link>
</buy_link>
<buy_link>
<id>5</id>
<name>Alibris</name>
<link>https://www.goodreads.com/book_link/follow/5</link>
</buy_link>
<buy_link>
<id>107</id>
<name>Better World Books</name>
<link>https://www.goodreads.com/book_link/follow/107</link>
</buy_link>
<buy_link>
<id>7</id>
<name>IndieBound</name>
<link>https://www.goodreads.com/book_link/follow/7</link>
</buy_link>

  </buy_links>
  <series_works>
    <series_work>
<id>154808</id>
<user_position>20</user_position>
<series>
<id>41029</id>
<title>
<![CDATA[
    In Death
]]>
</title>
<description>
<![CDATA[
    The …in Death series, written by Nora Roberts under her pseudonym J.D. Robb, features NYPSD ("New York City Police and Security Department") Lieutenant Eve Dallas and her husband Roarke and is set in a mid-21st century New York City. The stories also regularly feature other characters, including Captain Ryan Feeney, Detective Delia Peabody, Detective Ian McNab and Dr. Charlotte Mira.
    
    The series is ongoing and will go on as long as Roberts desires to write it; however, she has famously stated that the series will never contain one of Eve and Roarke's children, as the series will end with Eve's eventual pregnancy—which is nowhere in sight at the current count.
    
    Please note: Each book in this series is a whole story with a beginning and an ending, however there may be minor references to events that occurred earlier in the series. Therefore, with respect to the mystery alone, the books can be read out of order, if desired. However, like any long series that focuses on a core group of characters, there are various relationship changes that develop more naturally when the full length novels are read in the order in which they were published.
    
    http://www.indeath.net/wikiindeath/index.php/Main_Page - includes spoilers
    
    Eternity in Death (#24.5) was published between Innocent in Death (#24) & Creation in Death (#25). Though Creation in Death & Strangers in Death (#26) are set in March 2060 and Eternity in Death in April 2060.
]]>
</description>
<note>
<![CDATA[
    PLEASE leave omnibuses and anthologies at the end, not mixed in! 
    -Goodreads team
]]>
</note>
<series_works_count>115</series_works_count>
<primary_work_count>46</primary_work_count>
<numbered>true</numbered>
</series>

</series_work>

  </series_works>
  <similar_books>
          <book>
<id>369778</id>
<title><![CDATA[Remember When (In Death, #17.5)]]></title>
<title_without_series>Remember When</title_without_series>
<link><![CDATA[https://www.goodreads.com/book/show/369778.Remember_When]]></link>
<small_image_url><![CDATA[https://s.gr-assets.com/assets/nophoto/book/50x75-a91bf249278a81aabab721ef782c4a74.png]]></small_image_url>
<image_url><![CDATA[https://s.gr-assets.com/assets/nophoto/book/111x148-bcc042a9c91a29c1d680899eff700a03.png]]></image_url>
<num_pages>440</num_pages>
<work>
<id>1615729</id>
</work>
<isbn>0399151060</isbn>
<isbn13>9780399151064</isbn13>
<average_rating>4.17</average_rating>
<ratings_count>17949</ratings_count>
<publication_year></publication_year>
<publication_month></publication_month>
<publication_day></publication_day>
<authors>
<author>
<id>17065</id>
<name>J.D. Robb</name>
<link><![CDATA[https://www.goodreads.com/author/show/17065.J_D_Robb]]></link>
</author>
</authors>
</book>

          <book>
<id>866242</id>
<title><![CDATA[Don't Look Down (Samantha Jellicoe, #2)]]></title>
<title_without_series>Don&apos;t Look Down</title_without_series>
<link><![CDATA[https://www.goodreads.com/book/show/866242.Don_t_Look_Down]]></link>
<small_image_url><![CDATA[https://s.gr-assets.com/assets/nophoto/book/50x75-a91bf249278a81aabab721ef782c4a74.png]]></small_image_url>
<image_url><![CDATA[https://s.gr-assets.com/assets/nophoto/book/111x148-bcc042a9c91a29c1d680899eff700a03.png]]></image_url>
<num_pages>384</num_pages>
<work>
<id>851643</id>
</work>
<isbn>0060593644</isbn>
<isbn13>9780060593643</isbn13>
<average_rating>4.02</average_rating>
<ratings_count>1904</ratings_count>
<publication_year>2005</publication_year>
<publication_month>12</publication_month>
<publication_day>27</publication_day>
<authors>
<author>
<id>23294</id>
<name>Suzanne Enoch</name>
<link><![CDATA[https://www.goodreads.com/author/show/23294.Suzanne_Enoch]]></link>
</author>
</authors>
</book>

  </similar_books>
</book>

</GoodreadsResponse>