<?xml version="1.0" encoding="UTF-8"?>
<GoodreadsResponse>
  <Request>
    <authentication>true</authentication>
      <key><![CDATA[all_men_must_serve]]></key>
    <method><![CDATA[book_show]]></method>
  </Request>
  <book>
  <id>109515</id>
  <title><![CDATA[How I Raised Myself from Failure to Success in Selling]]></title>
  <isbn><![CDATA[067179437X]]></isbn>
  <isbn13><![CDATA[9780671794378]]></isbn13>
  <asin><![CDATA[]]></asin>
  <kindle_asin><![CDATA[B00BOS5F02]]></kindle_asin>
  <marketplace_id><![CDATA[A1F83G8C2ARO7P]]></marketplace_id>
  <country_code><![CDATA[GB]]></country_code>
  <image_url>https://s.gr-assets.com/assets/nophoto/book/111x148-bcc042a9c91a29c1d680899eff700a03.png</image_url>
  <small_image_url>https://s.gr-assets.com/assets/nophoto/book/50x75-a91bf249278a81aabab721ef782c4a74.png</small_image_url>
  <publication_year></publication_year>
  <publication_month></publication_month>
  <publication_day></publication_day>
  <publisher></publisher>
  <language_code></language_code>
  <is_ebook>false</is_ebook>
  <description><![CDATA[A business classic, <i>How I Raised Myself from Failure to Success in Selling</i> is for anyone whose job it is to sell. Whether you are selling houses or mutual funds, advertisements or ideas -- or anything else -- this book is for you.<br /><br />When Frank Bettger was twenty-nine he was a failed insurance salesman. By the time he was forty he owned a country estate and could have retired. What are the selling secrets that turned Bettger's life around from defeat to unparalleled success and fame as one of the highest paid salesmen in America?<br /><br />The answer is inside <i>How I Raised Myself from Failure to Success in Selling.</i> Bettger reveals his personal experiences and explains the foolproof principles that he developed and perfected. He shares instructive anecdotes and step-by-step guidelines on how to develop the style, spirit, and presence of a winning salesperson. No matter what you sell, you will be more efficient and profitable -- and more valuable to your company -- when you apply Bettger's keen insights on: • The power of enthusiasm<br /><br />• How to conquer fear<br /><br />• The key word for turning a skeptical client into an enthusiastic buyer<br /><br />• The quickest way to win confidence<br /><br />• Seven golden rules for closing a sale]]></description>
  <work>
  <id type="integer">105537</id>
  <books_count type="integer">23</books_count>
  <best_book_id type="integer">109515</best_book_id>
  <reviews_count type="integer">19893</reviews_count>
  <ratings_sum type="integer">41545</ratings_sum>
  <ratings_count type="integer">9769</ratings_count>
  <text_reviews_count type="integer">219</text_reviews_count>
  <original_publication_year type="integer">1947</original_publication_year>
  <original_publication_month type="integer" nil="true"/>
  <original_publication_day type="integer" nil="true"/>
  <original_title>How I Raised Myself from Failure to Success in Selling</original_title>
  <original_language_id type="integer" nil="true"/>
  <media_type>book</media_type>
  <rating_dist>5:5155|4:2619|3:1467|2:365|1:163|total:9769</rating_dist>
  <desc_user_id type="integer">8181405</desc_user_id>
  <default_chaptering_book_id type="integer" nil="true"/>
  <default_description_language_code nil="true"/>
</work>
  <average_rating>4.25</average_rating>
  <num_pages><![CDATA[]]></num_pages>
  <format><![CDATA[]]></format>
  <edition_information><![CDATA[]]></edition_information>
  <ratings_count><![CDATA[9446]]></ratings_count>
  <text_reviews_count><![CDATA[200]]></text_reviews_count>
  <url><![CDATA[https://www.goodreads.com/book/show/109515.How_I_Raised_Myself_from_Failure_to_Success_in_Selling]]></url>
  <link><![CDATA[https://www.goodreads.com/book/show/109515.How_I_Raised_Myself_from_Failure_to_Success_in_Selling]]></link>
  <authors>
<author>
<id>63352</id>
<name>Frank Bettger</name>
<role></role>
<image_url nophoto='true'>
<![CDATA[https://s.gr-assets.com/assets/nophoto/user/u_200x266-e183445fd1a1b5cc7075bb1cf7043306.png]]>
</image_url>
<small_image_url nophoto='true'>
<![CDATA[https://s.gr-assets.com/assets/nophoto/user/u_50x66-632230dc9882b4352d753eedf9396530.png]]>
</small_image_url>
<link><![CDATA[https://www.goodreads.com/author/show/63352.Frank_Bettger]]></link>
<average_rating>4.25</average_rating>
<ratings_count>9866</ratings_count>
<text_reviews_count>222</text_reviews_count>
</author>
</authors>

    <reviews_widget>
      <![CDATA[
        <style>
  #goodreads-widget {
    font-family: georgia, serif;
    padding: 18px 0;
    width:565px;
  }
  #goodreads-widget h1 {
    font-weight:normal;
    font-size: 16px;
    border-bottom: 1px solid #BBB596;
    margin-bottom: 0;
  }
  #goodreads-widget a {
    text-decoration: none;
    color:#660;
  }
  iframe{
    background-color: #fff;
  }
  #goodreads-widget a:hover { text-decoration: underline; }
  #goodreads-widget a:active {
    color:#660;
  }
  #gr_footer {
    width: 100%;
    border-top: 1px solid #BBB596;
    text-align: right;
  }
  #goodreads-widget .gr_branding{
    color: #382110;
    font-size: 11px;
    text-decoration: none;
    font-family: "Helvetica Neue", Helvetica, Arial, sans-serif;
  }
</style>
<div id="goodreads-widget">
  <div id="gr_header"><h1><a rel="nofollow" href="https://www.goodreads.com/book/show/109515.How_I_Raised_Myself_from_Failure_to_Success_in_Selling">How I Raised Myself from Failure to Success in Selling Reviews</a></h1></div>
  <iframe id="the_iframe" src="https://www.goodreads.com/api/reviews_widget_iframe?did=DEVELOPER_ID&amp;format=html&amp;isbn=067179437X&amp;links=660&amp;min_rating=&amp;review_back=fff&amp;stars=000&amp;text=000" width="565" height="400" frameborder="0"></iframe>
  <div id="gr_footer">
    <a class="gr_branding" target="_blank" rel="nofollow" href="https://www.goodreads.com/book/show/109515.How_I_Raised_Myself_from_Failure_to_Success_in_Selling?utm_medium=api&amp;utm_source=reviews_widget">Reviews from Goodreads.com</a>
  </div>
</div>

      ]]>
    </reviews_widget>
  <popular_shelves>
      <shelf name="to-read" count="9998"/>
      <shelf name="currently-reading" count="303"/>
      <shelf name="business" count="126"/>
      <shelf name="sales" count="68"/>
      <shelf name="self-help" count="38"/>
      <shelf name="non-fiction" count="36"/>
      <shelf name="favorites" count="18"/>
      <shelf name="leadership" count="16"/>
      <shelf name="personal-development" count="13"/>
      <shelf name="personal-growth" count="12"/>
      <shelf name="marketing" count="12"/>
      <shelf name="selling" count="12"/>
      <shelf name="success" count="9"/>
      <shelf name="self-improvement" count="9"/>
      <shelf name="to-buy" count="8"/>
      <shelf name="psychology" count="7"/>
      <shelf name="nonfiction" count="7"/>
      <shelf name="business-books" count="7"/>
      <shelf name="library" count="7"/>
      <shelf name="entrepreneurship" count="6"/>
      <shelf name="career" count="6"/>
      <shelf name="top-5" count="6"/>
      <shelf name="priority" count="5"/>
      <shelf name="default" count="5"/>
      <shelf name="self-development" count="5"/>
      <shelf name="productivity" count="5"/>
      <shelf name="life-leadership" count="4"/>
      <shelf name="owned" count="4"/>
      <shelf name="entrepreneur" count="4"/>
      <shelf name="to-read-business" count="4"/>
      <shelf name="kindle" count="4"/>
      <shelf name="books-i-own" count="4"/>
      <shelf name="development" count="4"/>
      <shelf name="paperback" count="3"/>
      <shelf name="professional" count="3"/>
      <shelf name="on-hold" count="3"/>
      <shelf name="wwdb" count="3"/>
      <shelf name="own-it" count="3"/>
      <shelf name="office-library" count="3"/>
      <shelf name="work" count="3"/>
      <shelf name="ebook" count="3"/>
      <shelf name="life" count="3"/>
      <shelf name="sales-books" count="3"/>
      <shelf name="audiobook" count="2"/>
      <shelf name="to-read-again" count="2"/>
      <shelf name="diy-mba" count="2"/>
      <shelf name="format_none" count="2"/>
      <shelf name="read-2016" count="2"/>
      <shelf name="audio-cd-s-cassettes" count="2"/>
      <shelf name="business-sales" count="2"/>
      <shelf name="leadership-development" count="2"/>
      <shelf name="to-read-self-help" count="2"/>
      <shelf name="unread" count="2"/>
      <shelf name="my-library" count="2"/>
      <shelf name="self-help-books" count="2"/>
      <shelf name="4" count="2"/>
      <shelf name="e" count="2"/>
      <shelf name="management" count="2"/>
      <shelf name="how-to" count="2"/>
      <shelf name="buisness" count="2"/>
      <shelf name="maybe" count="2"/>
      <shelf name="success-principles" count="2"/>
      <shelf name="motivation" count="2"/>
      <shelf name="business-career" count="2"/>
      <shelf name="financial-education" count="2"/>
      <shelf name="business-and-leadership" count="2"/>
      <shelf name="auto-biography" count="2"/>
      <shelf name="improvement" count="2"/>
      <shelf name="self" count="2"/>
      <shelf name="life-team" count="2"/>
      <shelf name="finance" count="2"/>
      <shelf name="marketing-sales" count="2"/>
      <shelf name="my-private-library" count="2"/>
      <shelf name="general-business" count="2"/>
      <shelf name="shelf" count="2"/>
      <shelf name="life-books" count="2"/>
      <shelf name="friends" count="2"/>
      <shelf name="people-skills" count="2"/>
      <shelf name="recommended" count="2"/>
      <shelf name="top-50" count="2"/>
      <shelf name="to-read-non-fiction" count="2"/>
      <shelf name="marketing-selling" count="2"/>
      <shelf name="system" count="2"/>
      <shelf name="business-to-read" count="2"/>
      <shelf name="motivational" count="2"/>
      <shelf name="the-art-of-selling" count="1"/>
      <shelf name="biz-econ-tycoons" count="1"/>
      <shelf name="sales-and-influence" count="1"/>
      <shelf name="business-commerce-marketing" count="1"/>
      <shelf name="audio-book" count="1"/>
      <shelf name="need-to-read" count="1"/>
      <shelf name="read-next-business" count="1"/>
      <shelf name="nyl" count="1"/>
      <shelf name="skvbb-sc" count="1"/>
      <shelf name="non-ficiton" count="1"/>
      <shelf name="2017-reads" count="1"/>
      <shelf name="books-pending-read" count="1"/>
      <shelf name="mindset" count="1"/>
      <shelf name="overdrive-orem-not-avail" count="1"/>
      <shelf name="books-to-buy" count="1"/>
  </popular_shelves>
  <book_links>
    <book_link>
  <id>8</id>
  <name>Libraries</name>
  <link>https://www.goodreads.com/book_link/follow/8</link>
</book_link>

  </book_links>
  <buy_links>
    <buy_link>
<id>1</id>
<name>Amazon</name>
<link>https://www.goodreads.com/book_link/follow/1</link>
</buy_link>
<buy_link>
<id>10</id>
<name>Audible</name>
<link>https://www.goodreads.com/book_link/follow/10</link>
</buy_link>
<buy_link>
<id>3</id>
<name>Barnes &amp; Noble</name>
<link>https://www.goodreads.com/book_link/follow/3</link>
</buy_link>
<buy_link>
<id>1027</id>
<name>Kobo</name>
<link>https://www.goodreads.com/book_link/follow/1027</link>
</buy_link>
<buy_link>
<id>2102</id>
<name>Apple iBooks</name>
<link>https://www.goodreads.com/book_link/follow/2102</link>
</buy_link>
<buy_link>
<id>8036</id>
<name>Google Play</name>
<link>https://www.goodreads.com/book_link/follow/8036</link>
</buy_link>
<buy_link>
<id>4</id>
<name>Abebooks</name>
<link>https://www.goodreads.com/book_link/follow/4</link>
</buy_link>
<buy_link>
<id>882</id>
<name>Book Depository</name>
<link>https://www.goodreads.com/book_link/follow/882</link>
</buy_link>
<buy_link>
<id>9</id>
<name>Indigo</name>
<link>https://www.goodreads.com/book_link/follow/9</link>
</buy_link>
<buy_link>
<id>2</id>
<name>Half.com</name>
<link>https://www.goodreads.com/book_link/follow/2</link>
</buy_link>
<buy_link>
<id>5</id>
<name>Alibris</name>
<link>https://www.goodreads.com/book_link/follow/5</link>
</buy_link>
<buy_link>
<id>107</id>
<name>Better World Books</name>
<link>https://www.goodreads.com/book_link/follow/107</link>
</buy_link>
<buy_link>
<id>7</id>
<name>IndieBound</name>
<link>https://www.goodreads.com/book_link/follow/7</link>
</buy_link>

  </buy_links>
  <series_works>
    
  </series_works>
  <similar_books>
          <book>
<id>15766121</id>
<title>1913</title>
<title_without_series>1913</title_without_series>
<link><![CDATA[https://www.goodreads.com/book/show/15766121-1913]]></link>
<small_image_url><![CDATA[https://images.gr-assets.com/books/1345915463s/15766121.jpg]]></small_image_url>
<image_url><![CDATA[https://images.gr-assets.com/books/1345915463m/15766121.jpg]]></image_url>
<num_pages>208</num_pages>
<work>
<id>21470527</id>
</work>
<isbn></isbn>
<isbn13>9780985338763</isbn13>
<average_rating>4.43</average_rating>
<ratings_count>505</ratings_count>
<publication_year>2012</publication_year>
<publication_month>7</publication_month>
<publication_day></publication_day>
<authors>
<author>
<id>6431344</id>
<name>Oliver DeMille</name>
<link><![CDATA[https://www.goodreads.com/author/show/6431344.Oliver_DeMille]]></link>
</author>
</authors>
</book>

          <book>
<id>11207051</id>
<title>LIFE</title>
<title_without_series>LIFE</title_without_series>
<link><![CDATA[https://www.goodreads.com/book/show/11207051-life]]></link>
<small_image_url><![CDATA[https://images.gr-assets.com/books/1303738054s/11207051.jpg]]></small_image_url>
<image_url><![CDATA[https://images.gr-assets.com/books/1303738054m/11207051.jpg]]></image_url>
<num_pages>190</num_pages>
<work>
<id>16132299</id>
</work>
<isbn></isbn>
<isbn13></isbn13>
<average_rating>4.54</average_rating>
<ratings_count>771</ratings_count>
<publication_year>2011</publication_year>
<publication_month>3</publication_month>
<publication_day></publication_day>
<authors>
<author>
<id>249882</id>
<name>Chris Brady</name>
<link><![CDATA[https://www.goodreads.com/author/show/249882.Chris_Brady]]></link>
</author>
</authors>
</book>

          <book>
<id>17843421</id>
<title><![CDATA[Voyage of a Viking: How a Man of Action Can Become a Man of Grace]]></title>
<title_without_series><![CDATA[Voyage of a Viking: How a Man of Action Can Become a Man of Grace]]></title_without_series>
<link><![CDATA[https://www.goodreads.com/book/show/17843421-voyage-of-a-viking]]></link>
<small_image_url><![CDATA[https://images.gr-assets.com/books/1451443860s/17843421.jpg]]></small_image_url>
<image_url><![CDATA[https://images.gr-assets.com/books/1451443860m/17843421.jpg]]></image_url>
<num_pages>240</num_pages>
<work>
<id>19190810</id>
</work>
<isbn>0985338709</isbn>
<isbn13>9780985338701</isbn13>
<average_rating>4.42</average_rating>
<ratings_count>523</ratings_count>
<publication_year>2012</publication_year>
<publication_month>4</publication_month>
<publication_day>1</publication_day>
<authors>
<author>
<id>4219479</id>
<name>Tim Marks</name>
<link><![CDATA[https://www.goodreads.com/author/show/4219479.Tim_Marks]]></link>
</author>
</authors>
</book>

          <book>
<id>13030100</id>
<title><![CDATA[Resolved: 13 Resolutions for LIFE]]></title>
<title_without_series><![CDATA[Resolved: 13 Resolutions for LIFE]]></title_without_series>
<link><![CDATA[https://www.goodreads.com/book/show/13030100-resolved]]></link>
<small_image_url><![CDATA[https://images.gr-assets.com/books/1320904678s/13030100.jpg]]></small_image_url>
<image_url><![CDATA[https://images.gr-assets.com/books/1320904678m/13030100.jpg]]></image_url>
<num_pages>333</num_pages>
<work>
<id>18193401</id>
</work>
<isbn></isbn>
<isbn13></isbn13>
<average_rating>4.53</average_rating>
<ratings_count>1086</ratings_count>
<publication_year>2011</publication_year>
<publication_month>10</publication_month>
<publication_day></publication_day>
<authors>
<author>
<id>249881</id>
<name>Orrin Woodward</name>
<link><![CDATA[https://www.goodreads.com/author/show/249881.Orrin_Woodward]]></link>
</author>
</authors>
</book>

          <book>
<id>320817</id>
<title><![CDATA[How to Have Confidence and Power in Dealing with People]]></title>
<title_without_series><![CDATA[How to Have Confidence and Power in Dealing with People]]></title_without_series>
<link><![CDATA[https://www.goodreads.com/book/show/320817.How_to_Have_Confidence_and_Power_in_Dealing_with_People]]></link>
<small_image_url><![CDATA[https://images.gr-assets.com/books/1309287301s/320817.jpg]]></small_image_url>
<image_url><![CDATA[https://images.gr-assets.com/books/1309287301m/320817.jpg]]></image_url>
<num_pages>192</num_pages>
<work>
<id>311553</id>
</work>
<isbn>0134106717</isbn>
<isbn13>9780134106717</isbn13>
<average_rating>4.25</average_rating>
<ratings_count>7219</ratings_count>
<publication_year>1985</publication_year>
<publication_month>11</publication_month>
<publication_day>1</publication_day>
<authors>
<author>
<id>603133</id>
<name>Les Giblin</name>
<link><![CDATA[https://www.goodreads.com/author/show/603133.Les_Giblin]]></link>
</author>
</authors>
</book>

          <book>
<id>115012</id>
<title><![CDATA[The Ant and the Elephant: Leadership for the Self: A Parable and 5-Step Action Plan to Transform Workplace Performance]]></title>
<title_without_series><![CDATA[The Ant and the Elephant: Leadership for the Self: A Parable and 5-Step Action Plan to Transform Workplace Performance]]></title_without_series>
<link><![CDATA[https://www.goodreads.com/book/show/115012.The_Ant_and_the_Elephant]]></link>
<small_image_url><![CDATA[https://s.gr-assets.com/assets/nophoto/book/50x75-a91bf249278a81aabab721ef782c4a74.png]]></small_image_url>
<image_url><![CDATA[https://s.gr-assets.com/assets/nophoto/book/111x148-bcc042a9c91a29c1d680899eff700a03.png]]></image_url>
<num_pages>115</num_pages>
<work>
<id>110751</id>
</work>
<isbn>0974640360</isbn>
<isbn13>9781893430143</isbn13>
<average_rating>4.22</average_rating>
<ratings_count>1990</ratings_count>
<publication_year>2004</publication_year>
<publication_month>8</publication_month>
<publication_day>1</publication_day>
<authors>
<author>
<id>66583</id>
<name>Vince Poscente</name>
<link><![CDATA[https://www.goodreads.com/author/show/66583.Vince_Poscente]]></link>
</author>
</authors>
</book>

          <book>
<id>319286</id>
<title><![CDATA[Personality Plus: How to Understand Others by Understanding Yourself]]></title>
<title_without_series><![CDATA[Personality Plus: How to Understand Others by Understanding Yourself]]></title_without_series>
<link><![CDATA[https://www.goodreads.com/book/show/319286.Personality_Plus]]></link>
<small_image_url><![CDATA[https://s.gr-assets.com/assets/nophoto/book/50x75-a91bf249278a81aabab721ef782c4a74.png]]></small_image_url>
<image_url><![CDATA[https://s.gr-assets.com/assets/nophoto/book/111x148-bcc042a9c91a29c1d680899eff700a03.png]]></image_url>
<num_pages>193</num_pages>
<work>
<id>2092040</id>
</work>
<isbn>1854245090</isbn>
<isbn13>9781854245090</isbn13>
<average_rating>4.18</average_rating>
<ratings_count>7005</ratings_count>
<publication_year>1995</publication_year>
<publication_month>1</publication_month>
<publication_day>1</publication_day>
<authors>
<author>
<id>28035</id>
<name>Florence Littauer</name>
<link><![CDATA[https://www.goodreads.com/author/show/28035.Florence_Littauer]]></link>
</author>
</authors>
</book>

          <book>
<id>1095311</id>
<title><![CDATA[Bringing Out the Best in People: How to Enjoy Helping Others Excel]]></title>
<title_without_series><![CDATA[Bringing Out the Best in People: How to Enjoy Helping Others Excel]]></title_without_series>
<link><![CDATA[https://www.goodreads.com/book/show/1095311.Bringing_Out_the_Best_in_People]]></link>
<small_image_url><![CDATA[https://s.gr-assets.com/assets/nophoto/book/50x75-a91bf249278a81aabab721ef782c4a74.png]]></small_image_url>
<image_url><![CDATA[https://s.gr-assets.com/assets/nophoto/book/111x148-bcc042a9c91a29c1d680899eff700a03.png]]></image_url>
<num_pages></num_pages>
<work>
<id>1082138</id>
</work>
<isbn>0806621516</isbn>
<isbn13>9780806621517</isbn13>
<average_rating>4.24</average_rating>
<ratings_count>1919</ratings_count>
<publication_year>1985</publication_year>
<publication_month>1</publication_month>
<publication_day>1</publication_day>
<authors>
<author>
<id>27323</id>
<name>Alan Loy McGinnis</name>
<link><![CDATA[https://www.goodreads.com/author/show/27323.Alan_Loy_McGinnis]]></link>
</author>
</authors>
</book>

          <book>
<id>7066084</id>
<title>Go-Givers Sell More</title>
<title_without_series>Go-Givers Sell More</title_without_series>
<link><![CDATA[https://www.goodreads.com/book/show/7066084-go-givers-sell-more]]></link>
<small_image_url><![CDATA[https://s.gr-assets.com/assets/nophoto/book/50x75-a91bf249278a81aabab721ef782c4a74.png]]></small_image_url>
<image_url><![CDATA[https://s.gr-assets.com/assets/nophoto/book/111x148-bcc042a9c91a29c1d680899eff700a03.png]]></image_url>
<num_pages>208</num_pages>
<work>
<id>7318655</id>
</work>
<isbn>1591843081</isbn>
<isbn13>9781591843085</isbn13>
<average_rating>4.26</average_rating>
<ratings_count>1452</ratings_count>
<publication_year>2010</publication_year>
<publication_month>2</publication_month>
<publication_day>18</publication_day>
<authors>
<author>
<id>115311</id>
<name>Bob Burg</name>
<link><![CDATA[https://www.goodreads.com/author/show/115311.Bob_Burg]]></link>
</author>
</authors>
</book>

          <book>
<id>549210</id>
<title>The Choice</title>
<title_without_series>The Choice</title_without_series>
<link><![CDATA[https://www.goodreads.com/book/show/549210.The_Choice]]></link>
<small_image_url><![CDATA[https://images.gr-assets.com/books/1320492532s/549210.jpg]]></small_image_url>
<image_url><![CDATA[https://images.gr-assets.com/books/1320492532m/549210.jpg]]></image_url>
<num_pages>176</num_pages>
<work>
<id>536458</id>
</work>
<isbn>0553245767</isbn>
<isbn13>9780553245769</isbn13>
<average_rating>4.31</average_rating>
<ratings_count>3493</ratings_count>
<publication_year>1986</publication_year>
<publication_month>3</publication_month>
<publication_day>1</publication_day>
<authors>
<author>
<id>19753</id>
<name>Og Mandino</name>
<link><![CDATA[https://www.goodreads.com/author/show/19753.Og_Mandino]]></link>
</author>
</authors>
</book>

          <book>
<id>844935</id>
<title>Master-Key to Riches</title>
<title_without_series>Master-Key to Riches</title_without_series>
<link><![CDATA[https://www.goodreads.com/book/show/844935.Master_Key_to_Riches]]></link>
<small_image_url><![CDATA[https://images.gr-assets.com/books/1403194652s/844935.jpg]]></small_image_url>
<image_url><![CDATA[https://images.gr-assets.com/books/1403194652m/844935.jpg]]></image_url>
<num_pages>208</num_pages>
<work>
<id>1917786</id>
</work>
<isbn>0449213501</isbn>
<isbn13>9780449213506</isbn13>
<average_rating>4.25</average_rating>
<ratings_count>3425</ratings_count>
<publication_year>1986</publication_year>
<publication_month>10</publication_month>
<publication_day>12</publication_day>
<authors>
<author>
<id>399</id>
<name>Napoleon Hill</name>
<link><![CDATA[https://www.goodreads.com/author/show/399.Napoleon_Hill]]></link>
</author>
</authors>
</book>

          <book>
<id>578736</id>
<title><![CDATA[Zig Ziglar's Secrets of Closing the Sale: For Anyone Who Must Get Others to Say Yes!]]></title>
<title_without_series><![CDATA[Zig Ziglar's Secrets of Closing the Sale: For Anyone Who Must Get Others to Say Yes!]]></title_without_series>
<link><![CDATA[https://www.goodreads.com/book/show/578736.Zig_Ziglar_s_Secrets_of_Closing_the_Sale]]></link>
<small_image_url><![CDATA[https://s.gr-assets.com/assets/nophoto/book/50x75-a91bf249278a81aabab721ef782c4a74.png]]></small_image_url>
<image_url><![CDATA[https://s.gr-assets.com/assets/nophoto/book/111x148-bcc042a9c91a29c1d680899eff700a03.png]]></image_url>
<num_pages></num_pages>
<work>
<id>565654</id>
</work>
<isbn>0425081028</isbn>
<isbn13>9780425081020</isbn13>
<average_rating>4.19</average_rating>
<ratings_count>6197</ratings_count>
<publication_year></publication_year>
<publication_month></publication_month>
<publication_day></publication_day>
<authors>
<author>
<id>50316</id>
<name>Zig Ziglar</name>
<link><![CDATA[https://www.goodreads.com/author/show/50316.Zig_Ziglar]]></link>
</author>
</authors>
</book>

  </similar_books>
</book>

</GoodreadsResponse>