<?xml version="1.0" encoding="UTF-8"?>
<GoodreadsResponse>
  <Request>
    <authentication>true</authentication>
      <key><![CDATA[all_men_must_serve]]></key>
    <method><![CDATA[book_show]]></method>
  </Request>
  <book>
  <id>10965</id>
  <title><![CDATA[A Breath of Snow and Ashes (Outlander, #6)]]></title>
  <isbn><![CDATA[0385340397]]></isbn>
  <isbn13><![CDATA[9780385340397]]></isbn13>
  <asin><![CDATA[]]></asin>
  <kindle_asin><![CDATA[B005F3GLLY]]></kindle_asin>
  <marketplace_id><![CDATA[A1F83G8C2ARO7P]]></marketplace_id>
  <country_code><![CDATA[GB]]></country_code>
  <image_url>https://s.gr-assets.com/assets/nophoto/book/111x148-bcc042a9c91a29c1d680899eff700a03.png</image_url>
  <small_image_url>https://s.gr-assets.com/assets/nophoto/book/50x75-a91bf249278a81aabab721ef782c4a74.png</small_image_url>
  <publication_year>2006</publication_year>
  <publication_month>8</publication_month>
  <publication_day>29</publication_day>
  <publisher>Delta</publisher>
  <language_code>eng</language_code>
  <is_ebook>false</is_ebook>
  <description><![CDATA[<i>A Breath of Snow and Ashes</i> continues the extraordinary story of 18th-century Scotsman Jamie Fraser and his 20th-century wife, Claire.<br /><br />The year is 1772, and on the eve of the American Revolution, the long fuse of rebellion has already been lit. Men lie dead in the streets of Boston, and in the backwoods of North Carolina, isolated cabins burn in the forest.<br /><br />With chaos brewing, the governor calls upon Jamie Fraser to unite the backcountry and safeguard the colony for King and Crown. But from his wife Jamie knows that three years hence the shot heard round the world will be fired, and the result will be independence — with those loyal to the King either dead or in exile. And there is also the matter of a tiny clipping from The Wilmington Gazette, dated 1776, which reports Jamie’s death, along with his kin. For once, he hopes, his time-traveling family may be wrong about the future.]]></description>
  <work>
  <id type="integer">1750497</id>
  <books_count type="integer">59</books_count>
  <best_book_id type="integer">10965</best_book_id>
  <reviews_count type="integer">179605</reviews_count>
  <ratings_sum type="integer">455125</ratings_sum>
  <ratings_count type="integer">102852</ratings_count>
  <text_reviews_count type="integer">4055</text_reviews_count>
  <original_publication_year type="integer">2005</original_publication_year>
  <original_publication_month type="integer" nil="true"/>
  <original_publication_day type="integer" nil="true"/>
  <original_title>A Breath of Snow and Ashes</original_title>
  <original_language_id type="integer" nil="true"/>
  <media_type>book</media_type>
  <rating_dist>5:59189|4:30784|3:10727|2:1711|1:441|total:102852</rating_dist>
  <desc_user_id type="integer">19698117</desc_user_id>
  <default_chaptering_book_id type="integer" nil="true"/>
  <default_description_language_code nil="true"/>
</work>
  <average_rating>4.43</average_rating>
  <num_pages><![CDATA[980]]></num_pages>
  <format><![CDATA[]]></format>
  <edition_information><![CDATA[]]></edition_information>
  <ratings_count><![CDATA[87156]]></ratings_count>
  <text_reviews_count><![CDATA[3360]]></text_reviews_count>
  <url><![CDATA[https://www.goodreads.com/book/show/10965.A_Breath_of_Snow_and_Ashes]]></url>
  <link><![CDATA[https://www.goodreads.com/book/show/10965.A_Breath_of_Snow_and_Ashes]]></link>
  <authors>
<author>
<id>3617</id>
<name>Diana Gabaldon</name>
<role></role>
<image_url nophoto='false'>
<![CDATA[https://images.gr-assets.com/authors/1213918339p5/3617.jpg]]>
</image_url>
<small_image_url nophoto='false'>
<![CDATA[https://images.gr-assets.com/authors/1213918339p2/3617.jpg]]>
</small_image_url>
<link><![CDATA[https://www.goodreads.com/author/show/3617.Diana_Gabaldon]]></link>
<average_rating>4.25</average_rating>
<ratings_count>1708108</ratings_count>
<text_reviews_count>96996</text_reviews_count>
</author>
</authors>

    <reviews_widget>
      <![CDATA[
        <style>
  #goodreads-widget {
    font-family: georgia, serif;
    padding: 18px 0;
    width:565px;
  }
  #goodreads-widget h1 {
    font-weight:normal;
    font-size: 16px;
    border-bottom: 1px solid #BBB596;
    margin-bottom: 0;
  }
  #goodreads-widget a {
    text-decoration: none;
    color:#660;
  }
  iframe{
    background-color: #fff;
  }
  #goodreads-widget a:hover { text-decoration: underline; }
  #goodreads-widget a:active {
    color:#660;
  }
  #gr_footer {
    width: 100%;
    border-top: 1px solid #BBB596;
    text-align: right;
  }
  #goodreads-widget .gr_branding{
    color: #382110;
    font-size: 11px;
    text-decoration: none;
    font-family: "Helvetica Neue", Helvetica, Arial, sans-serif;
  }
</style>
<div id="goodreads-widget">
  <div id="gr_header"><h1><a rel="nofollow" href="https://www.goodreads.com/book/show/10965.A_Breath_of_Snow_and_Ashes">A Breath of Snow and Ashes Reviews</a></h1></div>
  <iframe id="the_iframe" src="https://www.goodreads.com/api/reviews_widget_iframe?did=DEVELOPER_ID&amp;format=html&amp;isbn=0385340397&amp;links=660&amp;min_rating=&amp;review_back=fff&amp;stars=000&amp;text=000" width="565" height="400" frameborder="0"></iframe>
  <div id="gr_footer">
    <a class="gr_branding" target="_blank" rel="nofollow" href="https://www.goodreads.com/book/show/10965.A_Breath_of_Snow_and_Ashes?utm_medium=api&amp;utm_source=reviews_widget">Reviews from Goodreads.com</a>
  </div>
</div>

      ]]>
    </reviews_widget>
  <popular_shelves>
      <shelf name="to-read" count="3125"/>
      <shelf name="currently-reading" count="708"/>
      <shelf name="diana-gabaldon" count="424"/>
      <shelf name="historical-romance" count="411"/>
      <shelf name="outlander-series" count="209"/>
      <shelf name="historical-fiction" count="197"/>
      <shelf name="kindle" count="183"/>
      <shelf name="adult" count="154"/>
      <shelf name="history" count="113"/>
      <shelf name="to-buy" count="109"/>
      <shelf name="favorites" count="101"/>
      <shelf name="fiction" count="90"/>
      <shelf name="romance" count="90"/>
      <shelf name="owned-books" count="90"/>
      <shelf name="ebook" count="90"/>
      <shelf name="fantasy" count="87"/>
      <shelf name="default" count="87"/>
      <shelf name="adult-fiction" count="79"/>
      <shelf name="ebooks" count="75"/>
      <shelf name="own-it" count="64"/>
      <shelf name="audio-books" count="63"/>
      <shelf name="favourites" count="60"/>
      <shelf name="paranormal" count="59"/>
      <shelf name="time-travel" count="58"/>
      <shelf name="my-books" count="54"/>
      <shelf name="gabaldon-diana" count="54"/>
      <shelf name="sci-fi" count="54"/>
      <shelf name="séries" count="53"/>
      <shelf name="read-in-2014" count="53"/>
      <shelf name="historical" count="51"/>
      <shelf name="wish-list" count="50"/>
      <shelf name="my-library" count="49"/>
      <shelf name="books-i-own" count="48"/>
      <shelf name="read-in-2015" count="48"/>
      <shelf name="all-time-favorites" count="48"/>
      <shelf name="read-in-2016" count="44"/>
      <shelf name="18th-century" count="43"/>
      <shelf name="chick-lit" count="42"/>
      <shelf name="highlanders" count="41"/>
      <shelf name="i-own" count="39"/>
      <shelf name="outlander" count="37"/>
      <shelf name="owned" count="37"/>
      <shelf name="shelfari-favorites" count="36"/>
      <shelf name="epic" count="36"/>
      <shelf name="read-2014" count="35"/>
      <shelf name="e-book" count="34"/>
      <shelf name="favorite-series" count="34"/>
      <shelf name="fiction-historical" count="34"/>
      <shelf name="favorite" count="33"/>
      <shelf name="e-books" count="33"/>
      <shelf name="nook" count="33"/>
      <shelf name="romance-historical" count="33"/>
      <shelf name="favorite-authors" count="33"/>
      <shelf name="need-to-buy" count="33"/>
      <shelf name="audible" count="31"/>
      <shelf name="historical-fantasy" count="31"/>
      <shelf name="historic-fiction" count="31"/>
      <shelf name="novels" count="30"/>
      <shelf name="american-revolution" count="30"/>
      <shelf name="historicalfiction" count="30"/>
      <shelf name="5-stars" count="29"/>
      <shelf name="highlander" count="28"/>
      <shelf name="scottish" count="28"/>
      <shelf name="tbr" count="28"/>
      <shelf name="fantasy-sci-fi" count="28"/>
      <shelf name="time-travel-romance" count="25"/>
      <shelf name="reread" count="25"/>
      <shelf name="drama" count="25"/>
      <shelf name="timetravel" count="24"/>
      <shelf name="favorite-books" count="23"/>
      <shelf name="2014-books" count="22"/>
      <shelf name="mystery" count="22"/>
      <shelf name="read-more-than-once" count="22"/>
      <shelf name="general-fiction" count="22"/>
      <shelf name="read-in-2017" count="21"/>
      <shelf name="kindle-books" count="21"/>
      <shelf name="books" count="21"/>
      <shelf name="re-reading" count="21"/>
      <shelf name="series-to-read" count="21"/>
      <shelf name="audiobooks" count="20"/>
      <shelf name="audiobook" count="20"/>
      <shelf name="on-kindle" count="20"/>
      <shelf name="read-in-2010" count="20"/>
      <shelf name="paranormal-romance" count="20"/>
      <shelf name="travel" count="20"/>
      <shelf name="read-2015" count="19"/>
      <shelf name="read-in-2013" count="19"/>
      <shelf name="finished" count="19"/>
      <shelf name="scifi-fantasy" count="19"/>
      <shelf name="have" count="19"/>
      <shelf name="home-library" count="19"/>
      <shelf name="colonial-america" count="19"/>
      <shelf name="re-reads" count="19"/>
      <shelf name="guilty-pleasures" count="19"/>
      <shelf name="my-favorites" count="19"/>
      <shelf name="read-2016" count="18"/>
      <shelf name="action-adventure" count="18"/>
      <shelf name="series-outlander" count="18"/>
      <shelf name="read-in-2012" count="17"/>
      <shelf name="want" count="17"/>
  </popular_shelves>
  <book_links>
    <book_link>
  <id>8</id>
  <name>Libraries</name>
  <link>https://www.goodreads.com/book_link/follow/8</link>
</book_link>

  </book_links>
  <buy_links>
    <buy_link>
<id>1</id>
<name>Amazon</name>
<link>https://www.goodreads.com/book_link/follow/1</link>
</buy_link>
<buy_link>
<id>10</id>
<name>Audible</name>
<link>https://www.goodreads.com/book_link/follow/10</link>
</buy_link>
<buy_link>
<id>3</id>
<name>Barnes &amp; Noble</name>
<link>https://www.goodreads.com/book_link/follow/3</link>
</buy_link>
<buy_link>
<id>1027</id>
<name>Kobo</name>
<link>https://www.goodreads.com/book_link/follow/1027</link>
</buy_link>
<buy_link>
<id>2102</id>
<name>Apple iBooks</name>
<link>https://www.goodreads.com/book_link/follow/2102</link>
</buy_link>
<buy_link>
<id>8036</id>
<name>Google Play</name>
<link>https://www.goodreads.com/book_link/follow/8036</link>
</buy_link>
<buy_link>
<id>4</id>
<name>Abebooks</name>
<link>https://www.goodreads.com/book_link/follow/4</link>
</buy_link>
<buy_link>
<id>882</id>
<name>Book Depository</name>
<link>https://www.goodreads.com/book_link/follow/882</link>
</buy_link>
<buy_link>
<id>9</id>
<name>Indigo</name>
<link>https://www.goodreads.com/book_link/follow/9</link>
</buy_link>
<buy_link>
<id>2</id>
<name>Half.com</name>
<link>https://www.goodreads.com/book_link/follow/2</link>
</buy_link>
<buy_link>
<id>5</id>
<name>Alibris</name>
<link>https://www.goodreads.com/book_link/follow/5</link>
</buy_link>
<buy_link>
<id>107</id>
<name>Better World Books</name>
<link>https://www.goodreads.com/book_link/follow/107</link>
</buy_link>
<buy_link>
<id>7</id>
<name>IndieBound</name>
<link>https://www.goodreads.com/book_link/follow/7</link>
</buy_link>

  </buy_links>
  <series_works>
    <series_work>
<id>158764</id>
<user_position>6</user_position>
<series>
<id>43943</id>
<title>
<![CDATA[
    Outlander
]]>
</title>
<description>
<![CDATA[
    Please note: This series is comprised of one epic story. Each book is like a chapter in that larger story. It is recommended that you read the books in the order they were published. 
    
    <b>Related Series</b>
    <a href="http://www.goodreads.com/series/44511-lord-john-grey">The Lord John Grey Series</a>. In the greater Outlander Chronology, the Lord John Grey stories occur during the years covered in Voyager. 
    
    You can find the reading order of the Lord John Grey series and Outlander series <a href="http://www.dianagabaldon.com/books/chronology-of-the-outlander-series/">here</a>.
]]>
</description>
<note>
<![CDATA[
    DO NOT change the numbering and keep the Lord John Grey series separate.
]]>
</note>
<series_works_count>27</series_works_count>
<primary_work_count>9</primary_work_count>
<numbered>true</numbered>
</series>

</series_work>

  </series_works>
  <similar_books>
          <book>
<id>72856</id>
<title><![CDATA[Fire Along the Sky (Wilderness, #4)]]></title>
<title_without_series>Fire Along the Sky</title_without_series>
<link><![CDATA[https://www.goodreads.com/book/show/72856.Fire_Along_the_Sky]]></link>
<small_image_url><![CDATA[https://images.gr-assets.com/books/1367534610s/72856.jpg]]></small_image_url>
<image_url><![CDATA[https://images.gr-assets.com/books/1367534610m/72856.jpg]]></image_url>
<num_pages>655</num_pages>
<work>
<id>6273058</id>
</work>
<isbn>0553582771</isbn>
<isbn13>9780553582772</isbn13>
<average_rating>4.31</average_rating>
<ratings_count>8919</ratings_count>
<publication_year>2005</publication_year>
<publication_month>11</publication_month>
<publication_day>29</publication_day>
<authors>
<author>
<id>41193</id>
<name>Sara Donati</name>
<link><![CDATA[https://www.goodreads.com/author/show/41193.Sara_Donati]]></link>
</author>
</authors>
</book>

          <book>
<id>112755</id>
<title><![CDATA[The Dark Highlander (Highlander, #5)]]></title>
<title_without_series>The Dark Highlander</title_without_series>
<link><![CDATA[https://www.goodreads.com/book/show/112755.The_Dark_Highlander]]></link>
<small_image_url><![CDATA[https://s.gr-assets.com/assets/nophoto/book/50x75-a91bf249278a81aabab721ef782c4a74.png]]></small_image_url>
<image_url><![CDATA[https://s.gr-assets.com/assets/nophoto/book/111x148-bcc042a9c91a29c1d680899eff700a03.png]]></image_url>
<num_pages>370</num_pages>
<work>
<id>2203425</id>
</work>
<isbn>0440237556</isbn>
<isbn13>9780440237556</isbn13>
<average_rating>4.31</average_rating>
<ratings_count>29565</ratings_count>
<publication_year>2002</publication_year>
<publication_month>10</publication_month>
<publication_day>1</publication_day>
<authors>
<author>
<id>48206</id>
<name>Karen Marie Moning</name>
<link><![CDATA[https://www.goodreads.com/author/show/48206.Karen_Marie_Moning]]></link>
</author>
</authors>
</book>

          <book>
<id>707252</id>
<title><![CDATA[The Pride of Lions (Highlands, #1)]]></title>
<title_without_series>The Pride of Lions</title_without_series>
<link><![CDATA[https://www.goodreads.com/book/show/707252.The_Pride_of_Lions]]></link>
<small_image_url><![CDATA[https://images.gr-assets.com/books/1374932464s/707252.jpg]]></small_image_url>
<image_url><![CDATA[https://images.gr-assets.com/books/1374932464m/707252.jpg]]></image_url>
<num_pages>387</num_pages>
<work>
<id>693528</id>
</work>
<isbn>0440224578</isbn>
<isbn13>9780440224570</isbn13>
<average_rating>3.84</average_rating>
<ratings_count>3506</ratings_count>
<publication_year>1997</publication_year>
<publication_month>10</publication_month>
<publication_day>6</publication_day>
<authors>
<author>
<id>371595</id>
<name>Marsha Canham</name>
<link><![CDATA[https://www.goodreads.com/author/show/371595.Marsha_Canham]]></link>
</author>
</authors>
</book>

          <book>
<id>6503378</id>
<title><![CDATA[A Highlander's Homecoming (Daughters of the Glen, #6)]]></title>
<title_without_series>A Highlander&apos;s Homecoming</title_without_series>
<link><![CDATA[https://www.goodreads.com/book/show/6503378-a-highlander-s-homecoming]]></link>
<small_image_url><![CDATA[https://images.gr-assets.com/books/1461592871s/6503378.jpg]]></small_image_url>
<image_url><![CDATA[https://images.gr-assets.com/books/1461592871m/6503378.jpg]]></image_url>
<num_pages>384</num_pages>
<work>
<id>6694929</id>
</work>
<isbn>1439144257</isbn>
<isbn13>9781439144251</isbn13>
<average_rating>4.18</average_rating>
<ratings_count>1245</ratings_count>
<publication_year>2010</publication_year>
<publication_month>1</publication_month>
<publication_day>26</publication_day>
<authors>
<author>
<id>389599</id>
<name>Melissa Mayhue</name>
<link><![CDATA[https://www.goodreads.com/author/show/389599.Melissa_Mayhue]]></link>
</author>
</authors>
</book>

          <book>
<id>517220</id>
<title><![CDATA[Rivals for the Crown (Highland, #2)]]></title>
<title_without_series>Rivals for the Crown</title_without_series>
<link><![CDATA[https://www.goodreads.com/book/show/517220.Rivals_for_the_Crown]]></link>
<small_image_url><![CDATA[https://s.gr-assets.com/assets/nophoto/book/50x75-a91bf249278a81aabab721ef782c4a74.png]]></small_image_url>
<image_url><![CDATA[https://s.gr-assets.com/assets/nophoto/book/111x148-bcc042a9c91a29c1d680899eff700a03.png]]></image_url>
<num_pages></num_pages>
<work>
<id>2819623</id>
</work>
<isbn>1416509925</isbn>
<isbn13>9781416509929</isbn13>
<average_rating>3.89</average_rating>
<ratings_count>776</ratings_count>
<publication_year></publication_year>
<publication_month></publication_month>
<publication_day></publication_day>
<authors>
<author>
<id>269098</id>
<name>Kathleen Givens</name>
<link><![CDATA[https://www.goodreads.com/author/show/269098.Kathleen_Givens]]></link>
</author>
</authors>
</book>

          <book>
<id>3711150</id>
<title><![CDATA[Untamed (MacKinnon's Rangers, #2)]]></title>
<title_without_series>Untamed</title_without_series>
<link><![CDATA[https://www.goodreads.com/book/show/3711150-untamed]]></link>
<small_image_url><![CDATA[https://images.gr-assets.com/books/1325216112s/3711150.jpg]]></small_image_url>
<image_url><![CDATA[https://images.gr-assets.com/books/1325216112m/3711150.jpg]]></image_url>
<num_pages>347</num_pages>
<work>
<id>3754715</id>
</work>
<isbn>0843954892</isbn>
<isbn13>9780843954890</isbn13>
<average_rating>4.26</average_rating>
<ratings_count>3196</ratings_count>
<publication_year></publication_year>
<publication_month></publication_month>
<publication_day></publication_day>
<authors>
<author>
<id>92650</id>
<name>Pamela Clare</name>
<link><![CDATA[https://www.goodreads.com/author/show/92650.Pamela_Clare]]></link>
</author>
</authors>
</book>

          <book>
<id>119825</id>
<title><![CDATA[The Reckoning  (Welsh Princes, #3)]]></title>
<title_without_series>The Reckoning</title_without_series>
<link><![CDATA[https://www.goodreads.com/book/show/119825.The_Reckoning]]></link>
<small_image_url><![CDATA[https://images.gr-assets.com/books/1448657502s/119825.jpg]]></small_image_url>
<image_url><![CDATA[https://images.gr-assets.com/books/1448657502m/119825.jpg]]></image_url>
<num_pages>592</num_pages>
<work>
<id>115367</id>
</work>
<isbn>0345378881</isbn>
<isbn13>9780345378880</isbn13>
<average_rating>4.44</average_rating>
<ratings_count>7077</ratings_count>
<publication_year></publication_year>
<publication_month></publication_month>
<publication_day></publication_day>
<authors>
<author>
<id>24655</id>
<name>Sharon Kay Penman</name>
<link><![CDATA[https://www.goodreads.com/author/show/24655.Sharon_Kay_Penman]]></link>
</author>
</authors>
</book>

          <book>
<id>298524</id>
<title>The Dawn Stag (Dalriada, #2)</title>
<title_without_series>The Dawn Stag</title_without_series>
<link><![CDATA[https://www.goodreads.com/book/show/298524.The_Dawn_Stag]]></link>
<small_image_url><![CDATA[https://s.gr-assets.com/assets/nophoto/book/50x75-a91bf249278a81aabab721ef782c4a74.png]]></small_image_url>
<image_url><![CDATA[https://s.gr-assets.com/assets/nophoto/book/111x148-bcc042a9c91a29c1d680899eff700a03.png]]></image_url>
<num_pages></num_pages>
<work>
<id>289620</id>
</work>
<isbn>1585678805</isbn>
<isbn13>9781585678808</isbn13>
<average_rating>3.98</average_rating>
<ratings_count>789</ratings_count>
<publication_year></publication_year>
<publication_month></publication_month>
<publication_day></publication_day>
<authors>
<author>
<id>172194</id>
<name>Jules Watson</name>
<link><![CDATA[https://www.goodreads.com/author/show/172194.Jules_Watson]]></link>
</author>
</authors>
</book>

          <book>
<id>83143</id>
<title><![CDATA[Tatiana and Alexander (The Bronze Horseman, #2)]]></title>
<title_without_series>Tatiana and Alexander</title_without_series>
<link><![CDATA[https://www.goodreads.com/book/show/83143.Tatiana_and_Alexander]]></link>
<small_image_url><![CDATA[https://images.gr-assets.com/books/1390089221s/83143.jpg]]></small_image_url>
<image_url><![CDATA[https://images.gr-assets.com/books/1390089221m/83143.jpg]]></image_url>
<num_pages>559</num_pages>
<work>
<id>594714</id>
</work>
<isbn>0007118899</isbn>
<isbn13>9780007118892</isbn13>
<average_rating>4.30</average_rating>
<ratings_count>26230</ratings_count>
<publication_year>2008</publication_year>
<publication_month></publication_month>
<publication_day></publication_day>
<authors>
<author>
<id>47499</id>
<name>Paullina Simons</name>
<link><![CDATA[https://www.goodreads.com/author/show/47499.Paullina_Simons]]></link>
</author>
</authors>
</book>

          <book>
<id>393474</id>
<title><![CDATA[Now Face to Face (Tamworth Saga, #3)]]></title>
<title_without_series>Now Face to Face</title_without_series>
<link><![CDATA[https://www.goodreads.com/book/show/393474.Now_Face_to_Face]]></link>
<small_image_url><![CDATA[https://images.gr-assets.com/books/1298508638s/393474.jpg]]></small_image_url>
<image_url><![CDATA[https://images.gr-assets.com/books/1298508638m/393474.jpg]]></image_url>
<num_pages>703</num_pages>
<work>
<id>3214905</id>
</work>
<isbn>1575661772</isbn>
<isbn13>9781575661773</isbn13>
<average_rating>3.97</average_rating>
<ratings_count>2792</ratings_count>
<publication_year>1997</publication_year>
<publication_month>6</publication_month>
<publication_day>1</publication_day>
<authors>
<author>
<id>45191</id>
<name>Karleen Koen</name>
<link><![CDATA[https://www.goodreads.com/author/show/45191.Karleen_Koen]]></link>
</author>
</authors>
</book>

          <book>
<id>7841656</id>
<title><![CDATA[Songs of Love and Death: All-Original Tales of Star-Crossed Love (Kushiel's Legacy #1.5; Phèdre's Trilogy, #1.5; The Dresden Files, #11.5; Outlander, #8.5)]]></title>
<title_without_series><![CDATA[Songs of Love and Death: All-Original Tales of Star-Crossed Love]]></title_without_series>
<link><![CDATA[https://www.goodreads.com/book/show/7841656-songs-of-love-and-death]]></link>
<small_image_url><![CDATA[https://images.gr-assets.com/books/1287955074s/7841656.jpg]]></small_image_url>
<image_url><![CDATA[https://images.gr-assets.com/books/1287955074m/7841656.jpg]]></image_url>
<num_pages>468</num_pages>
<work>
<id>10935124</id>
</work>
<isbn>1439150141</isbn>
<isbn13>9781439150146</isbn13>
<average_rating>3.77</average_rating>
<ratings_count>3434</ratings_count>
<publication_year></publication_year>
<publication_month></publication_month>
<publication_day></publication_day>
<authors>
<author>
<id>346732</id>
<name>George R.R. Martin</name>
<link><![CDATA[https://www.goodreads.com/author/show/346732.George_R_R_Martin]]></link>
</author>
</authors>
</book>

          <book>
<id>3392089</id>
<title>The Winter Sea (Slains, #1)</title>
<title_without_series>The Winter Sea</title_without_series>
<link><![CDATA[https://www.goodreads.com/book/show/3392089-the-winter-sea]]></link>
<small_image_url><![CDATA[https://images.gr-assets.com/books/1410915489s/3392089.jpg]]></small_image_url>
<image_url><![CDATA[https://images.gr-assets.com/books/1410915489m/3392089.jpg]]></image_url>
<num_pages>527</num_pages>
<work>
<id>3723657</id>
</work>
<isbn>0749080973</isbn>
<isbn13>9780749080976</isbn13>
<average_rating>4.07</average_rating>
<ratings_count>47828</ratings_count>
<publication_year>2010</publication_year>
<publication_month></publication_month>
<publication_day></publication_day>
<authors>
<author>
<id>486812</id>
<name>Susanna Kearsley</name>
<link><![CDATA[https://www.goodreads.com/author/show/486812.Susanna_Kearsley]]></link>
</author>
</authors>
</book>

          <book>
<id>299514</id>
<title>Lady of Hay</title>
<title_without_series>Lady of Hay</title_without_series>
<link><![CDATA[https://www.goodreads.com/book/show/299514.Lady_of_Hay]]></link>
<small_image_url><![CDATA[https://s.gr-assets.com/assets/nophoto/book/50x75-a91bf249278a81aabab721ef782c4a74.png]]></small_image_url>
<image_url><![CDATA[https://s.gr-assets.com/assets/nophoto/book/111x148-bcc042a9c91a29c1d680899eff700a03.png]]></image_url>
<num_pages>600</num_pages>
<work>
<id>290588</id>
</work>
<isbn>1566491606</isbn>
<isbn13>9781566491600</isbn13>
<average_rating>4.04</average_rating>
<ratings_count>5538</ratings_count>
<publication_year>2001</publication_year>
<publication_month>3</publication_month>
<publication_day>13</publication_day>
<authors>
<author>
<id>63659</id>
<name>Barbara Erskine</name>
<link><![CDATA[https://www.goodreads.com/author/show/63659.Barbara_Erskine]]></link>
</author>
</authors>
</book>

  </similar_books>
</book>

</GoodreadsResponse>