<?xml version="1.0" encoding="UTF-8"?>
<GoodreadsResponse>
  <Request>
    <authentication>true</authentication>
      <key><![CDATA[all_men_must_serve]]></key>
    <method><![CDATA[book_show]]></method>
  </Request>
  <book>
  <id>1096390</id>
  <title>The Uncommon Reader</title>
  <isbn><![CDATA[0374280967]]></isbn>
  <isbn13><![CDATA[9780374280963]]></isbn13>
  <asin><![CDATA[]]></asin>
  <kindle_asin><![CDATA[B002RI9YCI]]></kindle_asin>
  <marketplace_id><![CDATA[A1F83G8C2ARO7P]]></marketplace_id>
  <country_code><![CDATA[GB]]></country_code>
  <image_url>https://images.gr-assets.com/books/1317064291m/1096390.jpg</image_url>
  <small_image_url>https://images.gr-assets.com/books/1317064291s/1096390.jpg</small_image_url>
  <publication_year>2007</publication_year>
  <publication_month>9</publication_month>
  <publication_day>18</publication_day>
  <publisher>Farrar, Straus and Giroux</publisher>
  <language_code>eng</language_code>
  <is_ebook>false</is_ebook>
  <description><![CDATA[A deliciously funny novella that celebrates the pleasure of reading. When the Queen in pursuit of her wandering corgis stumbles upon a mobile library she feels duty bound to borrow a book. Aided by Norman, a young man from the palace kitchen who frequents the library, the Queen is transformed as she discovers the liberating pleasures of the written word.<br /><br />The author of the Tony Award winner The History Boys, Alan Bennett is one of Britain’s best-loved literary voices. With The Uncommon Reader, he brings us a playful homage to the written word, imagining a world in which literature becomes a subversive bridge between powerbrokers and commoners. By turns cheeky and charming, the novella features the Queen herself as its protagonist. When her yapping corgis lead her to a mobile library, Her Majesty develops a new obsession with reading. She finds herself devouring works by a tantalizing range of authors, from the Brontë sisters to Jean Genet. With a young member of the palace kitchen staff guiding her choices, it’s not long before the Queen begins to develop a new perspective on the world - one that alarms her closest advisers and tempts her to make bold new decisions. Brimming with the mischievous wit that has garnered acclaim for Bennett on both sides of the Atlantic, The Uncommon Reader is a delightful celebration of books and writers, and the readers who sustain them.]]></description>
  <work>
  <id type="integer">1792422</id>
  <books_count type="integer">91</books_count>
  <best_book_id type="integer">1096390</best_book_id>
  <reviews_count type="integer">40294</reviews_count>
  <ratings_sum type="integer">86512</ratings_sum>
  <ratings_count type="integer">22666</ratings_count>
  <text_reviews_count type="integer">4216</text_reviews_count>
  <original_publication_year type="integer">2007</original_publication_year>
  <original_publication_month type="integer" nil="true"/>
  <original_publication_day type="integer" nil="true"/>
  <original_title>The Uncommon Reader </original_title>
  <original_language_id type="integer" nil="true"/>
  <media_type>book</media_type>
  <rating_dist>5:5585|4:9342|3:6051|2:1378|1:310|total:22666</rating_dist>
  <desc_user_id type="integer">1738709</desc_user_id>
  <default_chaptering_book_id type="integer" nil="true"/>
  <default_description_language_code nil="true"/>
</work>
  <average_rating>3.82</average_rating>
  <num_pages><![CDATA[120]]></num_pages>
  <format><![CDATA[Hardcover]]></format>
  <edition_information><![CDATA[]]></edition_information>
  <ratings_count><![CDATA[16972]]></ratings_count>
  <text_reviews_count><![CDATA[3214]]></text_reviews_count>
  <url><![CDATA[https://www.goodreads.com/book/show/1096390.The_Uncommon_Reader]]></url>
  <link><![CDATA[https://www.goodreads.com/book/show/1096390.The_Uncommon_Reader]]></link>
  <authors>
<author>
<id>11781</id>
<name>Alan Bennett</name>
<role></role>
<image_url nophoto='false'>
<![CDATA[https://images.gr-assets.com/authors/1234747177p5/11781.jpg]]>
</image_url>
<small_image_url nophoto='false'>
<![CDATA[https://images.gr-assets.com/authors/1234747177p2/11781.jpg]]>
</small_image_url>
<link><![CDATA[https://www.goodreads.com/author/show/11781.Alan_Bennett]]></link>
<average_rating>3.84</average_rating>
<ratings_count>51007</ratings_count>
<text_reviews_count>6820</text_reviews_count>
</author>
</authors>

    <reviews_widget>
      <![CDATA[
        <style>
  #goodreads-widget {
    font-family: georgia, serif;
    padding: 18px 0;
    width:565px;
  }
  #goodreads-widget h1 {
    font-weight:normal;
    font-size: 16px;
    border-bottom: 1px solid #BBB596;
    margin-bottom: 0;
  }
  #goodreads-widget a {
    text-decoration: none;
    color:#660;
  }
  iframe{
    background-color: #fff;
  }
  #goodreads-widget a:hover { text-decoration: underline; }
  #goodreads-widget a:active {
    color:#660;
  }
  #gr_footer {
    width: 100%;
    border-top: 1px solid #BBB596;
    text-align: right;
  }
  #goodreads-widget .gr_branding{
    color: #382110;
    font-size: 11px;
    text-decoration: none;
    font-family: "Helvetica Neue", Helvetica, Arial, sans-serif;
  }
</style>
<div id="goodreads-widget">
  <div id="gr_header"><h1><a rel="nofollow" href="https://www.goodreads.com/book/show/1096390.The_Uncommon_Reader">The Uncommon Reader Reviews</a></h1></div>
  <iframe id="the_iframe" src="https://www.goodreads.com/api/reviews_widget_iframe?did=DEVELOPER_ID&amp;format=html&amp;isbn=0374280967&amp;links=660&amp;min_rating=&amp;review_back=fff&amp;stars=000&amp;text=000" width="565" height="400" frameborder="0"></iframe>
  <div id="gr_footer">
    <a class="gr_branding" target="_blank" rel="nofollow" href="https://www.goodreads.com/book/show/1096390.The_Uncommon_Reader?utm_medium=api&amp;utm_source=reviews_widget">Reviews from Goodreads.com</a>
  </div>
</div>

      ]]>
    </reviews_widget>
  <popular_shelves>
      <shelf name="to-read" count="14073"/>
      <shelf name="fiction" count="1025"/>
      <shelf name="books-about-books" count="334"/>
      <shelf name="humor" count="269"/>
      <shelf name="currently-reading" count="240"/>
      <shelf name="favorites" count="178"/>
      <shelf name="humour" count="162"/>
      <shelf name="book-club" count="161"/>
      <shelf name="england" count="120"/>
      <shelf name="british" count="110"/>
      <shelf name="contemporary" count="105"/>
      <shelf name="novella" count="91"/>
      <shelf name="library" count="86"/>
      <shelf name="contemporary-fiction" count="70"/>
      <shelf name="adult-fiction" count="68"/>
      <shelf name="owned" count="57"/>
      <shelf name="general-fiction" count="53"/>
      <shelf name="literary-fiction" count="52"/>
      <shelf name="audiobook" count="52"/>
      <shelf name="english" count="51"/>
      <shelf name="audio" count="51"/>
      <shelf name="adult" count="51"/>
      <shelf name="novellas" count="48"/>
      <shelf name="books-i-own" count="47"/>
      <shelf name="literature" count="45"/>
      <shelf name="novels" count="45"/>
      <shelf name="royalty" count="42"/>
      <shelf name="favourites" count="41"/>
      <shelf name="comedy" count="40"/>
      <shelf name="british-literature" count="39"/>
      <shelf name="kindle" count="39"/>
      <shelf name="default" count="39"/>
      <shelf name="reading" count="38"/>
      <shelf name="audiobooks" count="37"/>
      <shelf name="funny" count="37"/>
      <shelf name="ebook" count="33"/>
      <shelf name="books" count="33"/>
      <shelf name="wish-list" count="33"/>
      <shelf name="satire" count="32"/>
      <shelf name="book-group" count="32"/>
      <shelf name="modern-fiction" count="30"/>
      <shelf name="21st-century" count="30"/>
      <shelf name="novel" count="30"/>
      <shelf name="books-on-books" count="30"/>
      <shelf name="read-in-2015" count="29"/>
      <shelf name="short-stories" count="29"/>
      <shelf name="uk" count="28"/>
      <shelf name="historical-fiction" count="27"/>
      <shelf name="owned-books" count="26"/>
      <shelf name="to-buy" count="25"/>
      <shelf name="bookclub" count="24"/>
      <shelf name="read-in-2016" count="23"/>
      <shelf name="read-in-2011" count="23"/>
      <shelf name="brit-lit" count="23"/>
      <shelf name="literary" count="23"/>
      <shelf name="non-fiction" count="22"/>
      <shelf name="queen" count="21"/>
      <shelf name="humorous" count="21"/>
      <shelf name="read-in-2009" count="21"/>
      <shelf name="borrowed" count="21"/>
      <shelf name="read-in-2017" count="20"/>
      <shelf name="read-in-2012" count="20"/>
      <shelf name="britain" count="20"/>
      <shelf name="ebooks" count="20"/>
      <shelf name="read-in-2010" count="19"/>
      <shelf name="narrativa" count="18"/>
      <shelf name="read-in-2013" count="18"/>
      <shelf name="read-in-2014" count="17"/>
      <shelf name="read-2014" count="17"/>
      <shelf name="finished" count="17"/>
      <shelf name="read-in-english" count="17"/>
      <shelf name="2000s" count="17"/>
      <shelf name="book-club-books" count="17"/>
      <shelf name="guardian-1000" count="16"/>
      <shelf name="audible" count="16"/>
      <shelf name="books-and-reading" count="16"/>
      <shelf name="library-books" count="16"/>
      <shelf name="read-in-2008" count="16"/>
      <shelf name="e-book" count="15"/>
      <shelf name="london" count="15"/>
      <shelf name="europe" count="15"/>
      <shelf name="read-2009" count="15"/>
      <shelf name="fiction-general" count="15"/>
      <shelf name="read-2016" count="14"/>
      <shelf name="realistic-fiction" count="14"/>
      <shelf name="read-2008" count="14"/>
      <shelf name="library-book" count="14"/>
      <shelf name="english-literature" count="13"/>
      <shelf name="read-2012" count="13"/>
      <shelf name="to-read-fiction" count="13"/>
      <shelf name="recommended" count="13"/>
      <shelf name="in-english" count="13"/>
      <shelf name="about-books" count="13"/>
      <shelf name="read-2013" count="12"/>
      <shelf name="end-of-your-life-book-club" count="12"/>
      <shelf name="alan-bennett" count="12"/>
      <shelf name="maybe" count="12"/>
      <shelf name="libraries" count="12"/>
      <shelf name="fiction-to-read" count="12"/>
      <shelf name="read-2017" count="11"/>
  </popular_shelves>
  <book_links>
    <book_link>
  <id>8</id>
  <name>Libraries</name>
  <link>https://www.goodreads.com/book_link/follow/8</link>
</book_link>

  </book_links>
  <buy_links>
    <buy_link>
<id>1</id>
<name>Amazon</name>
<link>https://www.goodreads.com/book_link/follow/1</link>
</buy_link>
<buy_link>
<id>10</id>
<name>Audible</name>
<link>https://www.goodreads.com/book_link/follow/10</link>
</buy_link>
<buy_link>
<id>3</id>
<name>Barnes &amp; Noble</name>
<link>https://www.goodreads.com/book_link/follow/3</link>
</buy_link>
<buy_link>
<id>1027</id>
<name>Kobo</name>
<link>https://www.goodreads.com/book_link/follow/1027</link>
</buy_link>
<buy_link>
<id>2102</id>
<name>Apple iBooks</name>
<link>https://www.goodreads.com/book_link/follow/2102</link>
</buy_link>
<buy_link>
<id>8036</id>
<name>Google Play</name>
<link>https://www.goodreads.com/book_link/follow/8036</link>
</buy_link>
<buy_link>
<id>4</id>
<name>Abebooks</name>
<link>https://www.goodreads.com/book_link/follow/4</link>
</buy_link>
<buy_link>
<id>882</id>
<name>Book Depository</name>
<link>https://www.goodreads.com/book_link/follow/882</link>
</buy_link>
<buy_link>
<id>9</id>
<name>Indigo</name>
<link>https://www.goodreads.com/book_link/follow/9</link>
</buy_link>
<buy_link>
<id>2</id>
<name>Half.com</name>
<link>https://www.goodreads.com/book_link/follow/2</link>
</buy_link>
<buy_link>
<id>5</id>
<name>Alibris</name>
<link>https://www.goodreads.com/book_link/follow/5</link>
</buy_link>
<buy_link>
<id>107</id>
<name>Better World Books</name>
<link>https://www.goodreads.com/book_link/follow/107</link>
</buy_link>
<buy_link>
<id>7</id>
<name>IndieBound</name>
<link>https://www.goodreads.com/book_link/follow/7</link>
</buy_link>

  </buy_links>
  <series_works>
    
  </series_works>
  <similar_books>
          <book>
<id>6552640</id>
<title>Ennui</title>
<title_without_series>Ennui</title_without_series>
<link><![CDATA[https://www.goodreads.com/book/show/6552640-ennui]]></link>
<small_image_url><![CDATA[https://s.gr-assets.com/assets/nophoto/book/50x75-a91bf249278a81aabab721ef782c4a74.png]]></small_image_url>
<image_url><![CDATA[https://s.gr-assets.com/assets/nophoto/book/111x148-bcc042a9c91a29c1d680899eff700a03.png]]></image_url>
<num_pages>260</num_pages>
<work>
<id>6745181</id>
</work>
<isbn>1409765539</isbn>
<isbn13>9781409765530</isbn13>
<average_rating>3.30</average_rating>
<ratings_count>91</ratings_count>
<publication_year>2008</publication_year>
<publication_month>6</publication_month>
<publication_day>27</publication_day>
<authors>
<author>
<id>82939</id>
<name>Maria Edgeworth</name>
<link><![CDATA[https://www.goodreads.com/author/show/82939.Maria_Edgeworth]]></link>
</author>
</authors>
</book>

          <book>
<id>3118291</id>
<title>The Harpole Report</title>
<title_without_series>The Harpole Report</title_without_series>
<link><![CDATA[https://www.goodreads.com/book/show/3118291-the-harpole-report]]></link>
<small_image_url><![CDATA[https://s.gr-assets.com/assets/nophoto/book/50x75-a91bf249278a81aabab721ef782c4a74.png]]></small_image_url>
<image_url><![CDATA[https://s.gr-assets.com/assets/nophoto/book/111x148-bcc042a9c91a29c1d680899eff700a03.png]]></image_url>
<num_pages>164</num_pages>
<work>
<id>3149617</id>
</work>
<isbn>0140069208</isbn>
<isbn13>9780140069204</isbn13>
<average_rating>4.15</average_rating>
<ratings_count>126</ratings_count>
<publication_year>1984</publication_year>
<publication_month>6</publication_month>
<publication_day>28</publication_day>
<authors>
<author>
<id>34170</id>
<name>J.L. Carr</name>
<link><![CDATA[https://www.goodreads.com/author/show/34170.J_L_Carr]]></link>
</author>
</authors>
</book>

          <book>
<id>837278</id>
<title><![CDATA[Augustus Carp, Esq. By Himself Being the Autobiography of a Really Good Man]]></title>
<title_without_series><![CDATA[Augustus Carp, Esq. By Himself Being the Autobiography of a Really Good Man]]></title_without_series>
<link><![CDATA[https://www.goodreads.com/book/show/837278.Augustus_Carp_Esq_By_Himself_Being_the_Autobiography_of_a_Really_Good_Man]]></link>
<small_image_url><![CDATA[https://s.gr-assets.com/assets/nophoto/book/50x75-a91bf249278a81aabab721ef782c4a74.png]]></small_image_url>
<image_url><![CDATA[https://s.gr-assets.com/assets/nophoto/book/111x148-bcc042a9c91a29c1d680899eff700a03.png]]></image_url>
<num_pages>136</num_pages>
<work>
<id>822869</id>
</work>
<isbn>1598180355</isbn>
<isbn13>9781598180350</isbn13>
<average_rating>3.86</average_rating>
<ratings_count>359</ratings_count>
<publication_year>2006</publication_year>
<publication_month>10</publication_month>
<publication_day>1</publication_day>
<authors>
<author>
<id>3090151</id>
<name>Henry H. Bashford</name>
<link><![CDATA[https://www.goodreads.com/author/show/3090151.Henry_H_Bashford]]></link>
</author>
</authors>
</book>

          <book>
<id>1439038</id>
<title><![CDATA[Feasting the Heart: Fifty-Two Commentaries for the Air]]></title>
<title_without_series><![CDATA[Feasting the Heart: Fifty-Two Commentaries for the Air]]></title_without_series>
<link><![CDATA[https://www.goodreads.com/book/show/1439038.Feasting_the_Heart]]></link>
<small_image_url><![CDATA[https://s.gr-assets.com/assets/nophoto/book/50x75-a91bf249278a81aabab721ef782c4a74.png]]></small_image_url>
<image_url><![CDATA[https://s.gr-assets.com/assets/nophoto/book/111x148-bcc042a9c91a29c1d680899eff700a03.png]]></image_url>
<num_pages></num_pages>
<work>
<id>434553</id>
</work>
<isbn>0743203690</isbn>
<isbn13>9780743203692</isbn13>
<average_rating>3.84</average_rating>
<ratings_count>58</ratings_count>
<publication_year>2000</publication_year>
<publication_month>10</publication_month>
<publication_day>17</publication_day>
<authors>
<author>
<id>8167</id>
<name>Reynolds Price</name>
<link><![CDATA[https://www.goodreads.com/author/show/8167.Reynolds_Price]]></link>
</author>
</authors>
</book>

          <book>
<id>749399</id>
<title>No Bed for Bacon</title>
<title_without_series>No Bed for Bacon</title_without_series>
<link><![CDATA[https://www.goodreads.com/book/show/749399.No_Bed_for_Bacon]]></link>
<small_image_url><![CDATA[https://s.gr-assets.com/assets/nophoto/book/50x75-a91bf249278a81aabab721ef782c4a74.png]]></small_image_url>
<image_url><![CDATA[https://s.gr-assets.com/assets/nophoto/book/111x148-bcc042a9c91a29c1d680899eff700a03.png]]></image_url>
<num_pages>256</num_pages>
<work>
<id>735539</id>
</work>
<isbn>158579015X</isbn>
<isbn13>9781585790159</isbn13>
<average_rating>3.90</average_rating>
<ratings_count>143</ratings_count>
<publication_year>2001</publication_year>
<publication_month>3</publication_month>
<publication_day>1</publication_day>
<authors>
<author>
<id>50668</id>
<name>Caryl Brahms</name>
<link><![CDATA[https://www.goodreads.com/author/show/50668.Caryl_Brahms]]></link>
</author>
</authors>
</book>

          <book>
<id>249198</id>
<title><![CDATA[Readings: Essays and Literary Entertainments]]></title>
<title_without_series><![CDATA[Readings: Essays and Literary Entertainments]]></title_without_series>
<link><![CDATA[https://www.goodreads.com/book/show/249198.Readings]]></link>
<small_image_url><![CDATA[https://s.gr-assets.com/assets/nophoto/book/50x75-a91bf249278a81aabab721ef782c4a74.png]]></small_image_url>
<image_url><![CDATA[https://s.gr-assets.com/assets/nophoto/book/111x148-bcc042a9c91a29c1d680899eff700a03.png]]></image_url>
<num_pages>240</num_pages>
<work>
<id>241462</id>
</work>
<isbn>0393324893</isbn>
<isbn13>9780393324891</isbn13>
<average_rating>4.04</average_rating>
<ratings_count>245</ratings_count>
<publication_year>2003</publication_year>
<publication_month>10</publication_month>
<publication_day>17</publication_day>
<authors>
<author>
<id>72583</id>
<name>Michael Dirda</name>
<link><![CDATA[https://www.goodreads.com/author/show/72583.Michael_Dirda]]></link>
</author>
</authors>
</book>

          <book>
<id>880198</id>
<title>The Polyglots</title>
<title_without_series>The Polyglots</title_without_series>
<link><![CDATA[https://www.goodreads.com/book/show/880198.The_Polyglots]]></link>
<small_image_url><![CDATA[https://images.gr-assets.com/books/1328703563s/880198.jpg]]></small_image_url>
<image_url><![CDATA[https://images.gr-assets.com/books/1328703563m/880198.jpg]]></image_url>
<num_pages>310</num_pages>
<work>
<id>865492</id>
</work>
<isbn>1853754455</isbn>
<isbn13>9781853754456</isbn13>
<average_rating>3.39</average_rating>
<ratings_count>120</ratings_count>
<publication_year>2001</publication_year>
<publication_month>7</publication_month>
<publication_day>1</publication_day>
<authors>
<author>
<id>4463522</id>
<name>William Gerhardie</name>
<link><![CDATA[https://www.goodreads.com/author/show/4463522.William_Gerhardie]]></link>
</author>
</authors>
</book>

          <book>
<id>1001312</id>
<title>Parnassus on Wheels</title>
<title_without_series>Parnassus on Wheels</title_without_series>
<link><![CDATA[https://www.goodreads.com/book/show/1001312.Parnassus_on_Wheels]]></link>
<small_image_url><![CDATA[https://images.gr-assets.com/books/1465495291s/1001312.jpg]]></small_image_url>
<image_url><![CDATA[https://images.gr-assets.com/books/1465495291m/1001312.jpg]]></image_url>
<num_pages>152</num_pages>
<work>
<id>847161</id>
</work>
<isbn>1414270658</isbn>
<isbn13>9781414270654</isbn13>
<average_rating>4.00</average_rating>
<ratings_count>3462</ratings_count>
<publication_year>2004</publication_year>
<publication_month>1</publication_month>
<publication_day>19</publication_day>
<authors>
<author>
<id>30802</id>
<name>Christopher Morley</name>
<link><![CDATA[https://www.goodreads.com/author/show/30802.Christopher_Morley]]></link>
</author>
</authors>
</book>

          <book>
<id>168579</id>
<title>The Ascent of Rum Doodle</title>
<title_without_series>The Ascent of Rum Doodle</title_without_series>
<link><![CDATA[https://www.goodreads.com/book/show/168579.The_Ascent_of_Rum_Doodle]]></link>
<small_image_url><![CDATA[https://images.gr-assets.com/books/1343325761s/168579.jpg]]></small_image_url>
<image_url><![CDATA[https://images.gr-assets.com/books/1343325761m/168579.jpg]]></image_url>
<num_pages>160</num_pages>
<work>
<id>162792</id>
</work>
<isbn>071266808X</isbn>
<isbn13>9780712668088</isbn13>
<average_rating>3.79</average_rating>
<ratings_count>1307</ratings_count>
<publication_year>2001</publication_year>
<publication_month>10</publication_month>
<publication_day>1</publication_day>
<authors>
<author>
<id>98178</id>
<name>W.E. Bowman</name>
<link><![CDATA[https://www.goodreads.com/author/show/98178.W_E_Bowman]]></link>
</author>
</authors>
</book>

          <book>
<id>13589121</id>
<title>One for the Books</title>
<title_without_series>One for the Books</title_without_series>
<link><![CDATA[https://www.goodreads.com/book/show/13589121-one-for-the-books]]></link>
<small_image_url><![CDATA[https://s.gr-assets.com/assets/nophoto/book/50x75-a91bf249278a81aabab721ef782c4a74.png]]></small_image_url>
<image_url><![CDATA[https://s.gr-assets.com/assets/nophoto/book/111x148-bcc042a9c91a29c1d680899eff700a03.png]]></image_url>
<num_pages></num_pages>
<work>
<id>19176613</id>
</work>
<isbn>0670025828</isbn>
<isbn13>9780670025824</isbn13>
<average_rating>3.57</average_rating>
<ratings_count>1051</ratings_count>
<publication_year></publication_year>
<publication_month></publication_month>
<publication_day></publication_day>
<authors>
<author>
<id>9846</id>
<name>Joe Queenan</name>
<link><![CDATA[https://www.goodreads.com/author/show/9846.Joe_Queenan]]></link>
</author>
</authors>
</book>

          <book>
<id>116325</id>
<title><![CDATA[More Book Lust: Recommended Reading for Every Mood, Moment, and Reason]]></title>
<title_without_series><![CDATA[More Book Lust: Recommended Reading for Every Mood, Moment, and Reason]]></title_without_series>
<link><![CDATA[https://www.goodreads.com/book/show/116325.More_Book_Lust]]></link>
<small_image_url><![CDATA[https://images.gr-assets.com/books/1333580386s/116325.jpg]]></small_image_url>
<image_url><![CDATA[https://images.gr-assets.com/books/1333580386m/116325.jpg]]></image_url>
<num_pages></num_pages>
<work>
<id>6593073</id>
</work>
<isbn>1570614350</isbn>
<isbn13>9781570614354</isbn13>
<average_rating>3.95</average_rating>
<ratings_count>1509</ratings_count>
<publication_year></publication_year>
<publication_month></publication_month>
<publication_day></publication_day>
<authors>
<author>
<id>67412</id>
<name>Nancy Pearl</name>
<link><![CDATA[https://www.goodreads.com/author/show/67412.Nancy_Pearl]]></link>
</author>
</authors>
</book>

          <book>
<id>835440</id>
<title>Before Lunch</title>
<title_without_series>Before Lunch</title_without_series>
<link><![CDATA[https://www.goodreads.com/book/show/835440.Before_Lunch]]></link>
<small_image_url><![CDATA[https://images.gr-assets.com/books/1491115581s/835440.jpg]]></small_image_url>
<image_url><![CDATA[https://images.gr-assets.com/books/1491115581m/835440.jpg]]></image_url>
<num_pages></num_pages>
<work>
<id>821054</id>
</work>
<isbn>1559213221</isbn>
<isbn13>9781559213226</isbn13>
<average_rating>3.91</average_rating>
<ratings_count>390</ratings_count>
<publication_year>2009</publication_year>
<publication_month>5</publication_month>
<publication_day>1</publication_day>
<authors>
<author>
<id>142160</id>
<name>Angela Thirkell</name>
<link><![CDATA[https://www.goodreads.com/author/show/142160.Angela_Thirkell]]></link>
</author>
</authors>
</book>

          <book>
<id>724014</id>
<title>According to Queeney</title>
<title_without_series>According to Queeney</title_without_series>
<link><![CDATA[https://www.goodreads.com/book/show/724014.According_to_Queeney]]></link>
<small_image_url><![CDATA[https://s.gr-assets.com/assets/nophoto/book/50x75-a91bf249278a81aabab721ef782c4a74.png]]></small_image_url>
<image_url><![CDATA[https://s.gr-assets.com/assets/nophoto/book/111x148-bcc042a9c91a29c1d680899eff700a03.png]]></image_url>
<num_pages></num_pages>
<work>
<id>1207231</id>
</work>
<isbn>0786709820</isbn>
<isbn13>9780786709823</isbn13>
<average_rating>3.49</average_rating>
<ratings_count>789</ratings_count>
<publication_year></publication_year>
<publication_month></publication_month>
<publication_day></publication_day>
<authors>
<author>
<id>39738</id>
<name>Beryl Bainbridge</name>
<link><![CDATA[https://www.goodreads.com/author/show/39738.Beryl_Bainbridge]]></link>
</author>
</authors>
</book>

          <book>
<id>478309</id>
<title>The Mighty Walzer</title>
<title_without_series>The Mighty Walzer</title_without_series>
<link><![CDATA[https://www.goodreads.com/book/show/478309.The_Mighty_Walzer]]></link>
<small_image_url><![CDATA[https://images.gr-assets.com/books/1320405395s/478309.jpg]]></small_image_url>
<image_url><![CDATA[https://images.gr-assets.com/books/1320405395m/478309.jpg]]></image_url>
<num_pages>400</num_pages>
<work>
<id>466744</id>
</work>
<isbn>0099274728</isbn>
<isbn13>9780099274728</isbn13>
<average_rating>3.43</average_rating>
<ratings_count>338</ratings_count>
<publication_year>2000</publication_year>
<publication_month>4</publication_month>
<publication_day>6</publication_day>
<authors>
<author>
<id>171414</id>
<name>Howard Jacobson</name>
<link><![CDATA[https://www.goodreads.com/author/show/171414.Howard_Jacobson]]></link>
</author>
</authors>
</book>

          <book>
<id>238542</id>
<title>The Anatomy of Bibliomania</title>
<title_without_series>The Anatomy of Bibliomania</title_without_series>
<link><![CDATA[https://www.goodreads.com/book/show/238542.The_Anatomy_of_Bibliomania]]></link>
<small_image_url><![CDATA[https://s.gr-assets.com/assets/nophoto/book/50x75-a91bf249278a81aabab721ef782c4a74.png]]></small_image_url>
<image_url><![CDATA[https://s.gr-assets.com/assets/nophoto/book/111x148-bcc042a9c91a29c1d680899eff700a03.png]]></image_url>
<num_pages>672</num_pages>
<work>
<id>231068</id>
</work>
<isbn>0252070437</isbn>
<isbn13>9780252070433</isbn13>
<average_rating>4.02</average_rating>
<ratings_count>112</ratings_count>
<publication_year>2001</publication_year>
<publication_month>10</publication_month>
<publication_day>23</publication_day>
<authors>
<author>
<id>139592</id>
<name>Holbrook Jackson</name>
<link><![CDATA[https://www.goodreads.com/author/show/139592.Holbrook_Jackson]]></link>
</author>
</authors>
</book>

          <book>
<id>165518</id>
<title><![CDATA[The Yellow-Lighted Bookshop: A Memoir, a History]]></title>
<title_without_series><![CDATA[The Yellow-Lighted Bookshop: A Memoir, a History]]></title_without_series>
<link><![CDATA[https://www.goodreads.com/book/show/165518.The_Yellow_Lighted_Bookshop]]></link>
<small_image_url><![CDATA[https://images.gr-assets.com/books/1312034116s/165518.jpg]]></small_image_url>
<image_url><![CDATA[https://images.gr-assets.com/books/1312034116m/165518.jpg]]></image_url>
<num_pages>216</num_pages>
<work>
<id>2918037</id>
</work>
<isbn>1555974503</isbn>
<isbn13>9781555974503</isbn13>
<average_rating>3.79</average_rating>
<ratings_count>2086</ratings_count>
<publication_year>2006</publication_year>
<publication_month>5</publication_month>
<publication_day>30</publication_day>
<authors>
<author>
<id>96194</id>
<name>Lewis Buzbee</name>
<link><![CDATA[https://www.goodreads.com/author/show/96194.Lewis_Buzbee]]></link>
</author>
</authors>
</book>

          <book>
<id>46890</id>
<title><![CDATA[Ex Libris: Confessions of a Common Reader]]></title>
<title_without_series><![CDATA[Ex Libris: Confessions of a Common Reader]]></title_without_series>
<link><![CDATA[https://www.goodreads.com/book/show/46890.Ex_Libris]]></link>
<small_image_url><![CDATA[https://s.gr-assets.com/assets/nophoto/book/50x75-a91bf249278a81aabab721ef782c4a74.png]]></small_image_url>
<image_url><![CDATA[https://s.gr-assets.com/assets/nophoto/book/111x148-bcc042a9c91a29c1d680899eff700a03.png]]></image_url>
<num_pages>162</num_pages>
<work>
<id>1468318</id>
</work>
<isbn>0374527229</isbn>
<isbn13>9780374527228</isbn13>
<average_rating>4.16</average_rating>
<ratings_count>8470</ratings_count>
<publication_year></publication_year>
<publication_month></publication_month>
<publication_day></publication_day>
<authors>
<author>
<id>7982</id>
<name>Anne Fadiman</name>
<link><![CDATA[https://www.goodreads.com/author/show/7982.Anne_Fadiman]]></link>
</author>
</authors>
</book>

          <book>
<id>7480592</id>
<title>The Adventures of Gil Blas</title>
<title_without_series>The Adventures of Gil Blas</title_without_series>
<link><![CDATA[https://www.goodreads.com/book/show/7480592-the-adventures-of-gil-blas]]></link>
<small_image_url><![CDATA[https://s.gr-assets.com/assets/nophoto/book/50x75-a91bf249278a81aabab721ef782c4a74.png]]></small_image_url>
<image_url><![CDATA[https://s.gr-assets.com/assets/nophoto/book/111x148-bcc042a9c91a29c1d680899eff700a03.png]]></image_url>
<num_pages>608</num_pages>
<work>
<id>9592435</id>
</work>
<isbn>143410267X</isbn>
<isbn13>9781434102676</isbn13>
<average_rating>3.76</average_rating>
<ratings_count>161</ratings_count>
<publication_year>2009</publication_year>
<publication_month>4</publication_month>
<publication_day>28</publication_day>
<authors>
<author>
<id>181760</id>
<name>Alain-René Le Sage</name>
<link><![CDATA[https://www.goodreads.com/author/show/181760.Alain_Ren_Le_Sage]]></link>
</author>
</authors>
</book>

  </similar_books>
</book>

</GoodreadsResponse>