<?xml version="1.0" encoding="UTF-8"?>
<GoodreadsResponse>
  <Request>
    <authentication>true</authentication>
      <key><![CDATA[all_men_must_serve]]></key>
    <method><![CDATA[book_show]]></method>
  </Request>
  <book>
  <id>10967</id>
  <title><![CDATA[The Fiery Cross (Outlander, #5)]]></title>
  <isbn><![CDATA[0440221668]]></isbn>
  <isbn13><![CDATA[9780440221661]]></isbn13>
  <asin><![CDATA[]]></asin>
  <kindle_asin><![CDATA[B005H0CC9U]]></kindle_asin>
  <marketplace_id><![CDATA[A1F83G8C2ARO7P]]></marketplace_id>
  <country_code><![CDATA[GB]]></country_code>
  <image_url>https://images.gr-assets.com/books/1407366842m/10967.jpg</image_url>
  <small_image_url>https://images.gr-assets.com/books/1407366842s/10967.jpg</small_image_url>
  <publication_year>2005</publication_year>
  <publication_month>8</publication_month>
  <publication_day>30</publication_day>
  <publisher>Dell</publisher>
  <language_code>eng</language_code>
  <is_ebook>false</is_ebook>
  <description><![CDATA[The year is 1771, and war is coming. Jamie Fraser’s wife tells him so. Little as he wishes to, he must believe it, for hers is a gift of dreadful prophecy—a time-traveler’s certain knowledge. Claire’s unique view of the future has brought him both danger and deliverance in the past; her knowledge of the oncoming revolution is a flickering torch that may light his way through the perilous years ahead—or ignite a conflagration that will leave their lives in ashes.]]></description>
  <work>
  <id type="integer">1189893</id>
  <books_count type="integer">76</books_count>
  <best_book_id type="integer">10967</best_book_id>
  <reviews_count type="integer">203126</reviews_count>
  <ratings_sum type="integer">513605</ratings_sum>
  <ratings_count type="integer">120543</ratings_count>
  <text_reviews_count type="integer">5052</text_reviews_count>
  <original_publication_year type="integer">2001</original_publication_year>
  <original_publication_month type="integer">11</original_publication_month>
  <original_publication_day type="integer">6</original_publication_day>
  <original_title>The Fiery Cross</original_title>
  <original_language_id type="integer" nil="true"/>
  <media_type>book</media_type>
  <rating_dist>5:59876|4:37393|3:18844|2:3691|1:739|total:120543</rating_dist>
  <desc_user_id type="integer">30366554</desc_user_id>
  <default_chaptering_book_id type="integer" nil="true"/>
  <default_description_language_code nil="true"/>
</work>
  <average_rating>4.26</average_rating>
  <num_pages><![CDATA[1443]]></num_pages>
  <format><![CDATA[Mass Market Paperback]]></format>
  <edition_information><![CDATA[]]></edition_information>
  <ratings_count><![CDATA[103631]]></ratings_count>
  <text_reviews_count><![CDATA[4153]]></text_reviews_count>
  <url><![CDATA[https://www.goodreads.com/book/show/10967.The_Fiery_Cross]]></url>
  <link><![CDATA[https://www.goodreads.com/book/show/10967.The_Fiery_Cross]]></link>
  <authors>
<author>
<id>3617</id>
<name>Diana Gabaldon</name>
<role></role>
<image_url nophoto='false'>
<![CDATA[https://images.gr-assets.com/authors/1213918339p5/3617.jpg]]>
</image_url>
<small_image_url nophoto='false'>
<![CDATA[https://images.gr-assets.com/authors/1213918339p2/3617.jpg]]>
</small_image_url>
<link><![CDATA[https://www.goodreads.com/author/show/3617.Diana_Gabaldon]]></link>
<average_rating>4.25</average_rating>
<ratings_count>1708108</ratings_count>
<text_reviews_count>96996</text_reviews_count>
</author>
</authors>

    <reviews_widget>
      <![CDATA[
        <style>
  #goodreads-widget {
    font-family: georgia, serif;
    padding: 18px 0;
    width:565px;
  }
  #goodreads-widget h1 {
    font-weight:normal;
    font-size: 16px;
    border-bottom: 1px solid #BBB596;
    margin-bottom: 0;
  }
  #goodreads-widget a {
    text-decoration: none;
    color:#660;
  }
  iframe{
    background-color: #fff;
  }
  #goodreads-widget a:hover { text-decoration: underline; }
  #goodreads-widget a:active {
    color:#660;
  }
  #gr_footer {
    width: 100%;
    border-top: 1px solid #BBB596;
    text-align: right;
  }
  #goodreads-widget .gr_branding{
    color: #382110;
    font-size: 11px;
    text-decoration: none;
    font-family: "Helvetica Neue", Helvetica, Arial, sans-serif;
  }
</style>
<div id="goodreads-widget">
  <div id="gr_header"><h1><a rel="nofollow" href="https://www.goodreads.com/book/show/10967.The_Fiery_Cross">The Fiery Cross Reviews</a></h1></div>
  <iframe id="the_iframe" src="https://www.goodreads.com/api/reviews_widget_iframe?did=DEVELOPER_ID&amp;format=html&amp;isbn=0440221668&amp;links=660&amp;min_rating=&amp;review_back=fff&amp;stars=000&amp;text=000" width="565" height="400" frameborder="0"></iframe>
  <div id="gr_footer">
    <a class="gr_branding" target="_blank" rel="nofollow" href="https://www.goodreads.com/book/show/10967.The_Fiery_Cross?utm_medium=api&amp;utm_source=reviews_widget">Reviews from Goodreads.com</a>
  </div>
</div>

      ]]>
    </reviews_widget>
  <popular_shelves>
      <shelf name="to-read" count="3394"/>
      <shelf name="historical-fiction" count="2731"/>
      <shelf name="romance" count="1263"/>
      <shelf name="favorites" count="1052"/>
      <shelf name="fantasy" count="967"/>
      <shelf name="fiction" count="964"/>
      <shelf name="time-travel" count="896"/>
      <shelf name="currently-reading" count="779"/>
      <shelf name="historical" count="756"/>
      <shelf name="series" count="516"/>
      <shelf name="historical-romance" count="470"/>
      <shelf name="diana-gabaldon" count="446"/>
      <shelf name="books-i-own" count="341"/>
      <shelf name="owned" count="261"/>
      <shelf name="outlander-series" count="213"/>
      <shelf name="kindle" count="192"/>
      <shelf name="audiobook" count="187"/>
      <shelf name="adult" count="177"/>
      <shelf name="audiobooks" count="156"/>
      <shelf name="audible" count="135"/>
      <shelf name="audio" count="134"/>
      <shelf name="adventure" count="133"/>
      <shelf name="history" count="127"/>
      <shelf name="scotland" count="124"/>
      <shelf name="owned-books" count="109"/>
      <shelf name="science-fiction" count="106"/>
      <shelf name="ebook" count="105"/>
      <shelf name="to-buy" count="98"/>
      <shelf name="default" count="98"/>
      <shelf name="gabaldon" count="95"/>
      <shelf name="library" count="94"/>
      <shelf name="adult-fiction" count="94"/>
      <shelf name="ebooks" count="83"/>
      <shelf name="re-read" count="69"/>
      <shelf name="sci-fi" count="69"/>
      <shelf name="audio-books" count="66"/>
      <shelf name="séries" count="65"/>
      <shelf name="read-in-2015" count="59"/>
      <shelf name="gabaldon-diana" count="59"/>
      <shelf name="paranormal" count="58"/>
      <shelf name="my-books" count="58"/>
      <shelf name="own-it" count="58"/>
      <shelf name="audio-book" count="56"/>
      <shelf name="favourites" count="56"/>
      <shelf name="my-library" count="55"/>
      <shelf name="sci-fi-fantasy" count="55"/>
      <shelf name="read-in-2014" count="53"/>
      <shelf name="chick-lit" count="53"/>
      <shelf name="18th-century" count="50"/>
      <shelf name="read-in-2016" count="49"/>
      <shelf name="i-own" count="49"/>
      <shelf name="highlanders" count="47"/>
      <shelf name="wish-list" count="45"/>
      <shelf name="favorite-authors" count="41"/>
      <shelf name="epic" count="40"/>
      <shelf name="all-time-favorites" count="40"/>
      <shelf name="historic-fiction" count="39"/>
      <shelf name="fiction-historical" count="39"/>
      <shelf name="read-in-2017" count="38"/>
      <shelf name="e-book" count="38"/>
      <shelf name="romance-historical" count="38"/>
      <shelf name="shelfari-favorites" count="37"/>
      <shelf name="e-books" count="37"/>
      <shelf name="read-2014" count="36"/>
      <shelf name="abandoned" count="36"/>
      <shelf name="historical-fantasy" count="36"/>
      <shelf name="favorite" count="35"/>
      <shelf name="outlander" count="34"/>
      <shelf name="read-2015" count="33"/>
      <shelf name="need-to-buy" count="33"/>
      <shelf name="did-not-finish" count="33"/>
      <shelf name="historicalfiction" count="33"/>
      <shelf name="highlander" count="32"/>
      <shelf name="nook" count="32"/>
      <shelf name="drama" count="32"/>
      <shelf name="favorite-series" count="32"/>
      <shelf name="novels" count="32"/>
      <shelf name="read-in-2013" count="31"/>
      <shelf name="fantasy-sci-fi" count="31"/>
      <shelf name="part-of-a-series" count="29"/>
      <shelf name="reread" count="29"/>
      <shelf name="general-fiction" count="29"/>
      <shelf name="scottish" count="28"/>
      <shelf name="timetravel" count="27"/>
      <shelf name="kindle-books" count="27"/>
      <shelf name="tbr" count="27"/>
      <shelf name="paranormal-romance" count="27"/>
      <shelf name="favorite-books" count="26"/>
      <shelf name="read-in-2012" count="25"/>
      <shelf name="paperback" count="25"/>
      <shelf name="on-hold" count="25"/>
      <shelf name="5-stars" count="25"/>
      <shelf name="read-more-than-once" count="25"/>
      <shelf name="re-reads" count="25"/>
      <shelf name="on-kindle" count="24"/>
      <shelf name="finished" count="24"/>
      <shelf name="read-2016" count="23"/>
      <shelf name="scifi-fantasy" count="23"/>
      <shelf name="time-travel-romance" count="23"/>
      <shelf name="sub" count="22"/>
  </popular_shelves>
  <book_links>
    <book_link>
  <id>8</id>
  <name>Libraries</name>
  <link>https://www.goodreads.com/book_link/follow/8</link>
</book_link>

  </book_links>
  <buy_links>
    <buy_link>
<id>1</id>
<name>Amazon</name>
<link>https://www.goodreads.com/book_link/follow/1</link>
</buy_link>
<buy_link>
<id>10</id>
<name>Audible</name>
<link>https://www.goodreads.com/book_link/follow/10</link>
</buy_link>
<buy_link>
<id>3</id>
<name>Barnes &amp; Noble</name>
<link>https://www.goodreads.com/book_link/follow/3</link>
</buy_link>
<buy_link>
<id>1027</id>
<name>Kobo</name>
<link>https://www.goodreads.com/book_link/follow/1027</link>
</buy_link>
<buy_link>
<id>2102</id>
<name>Apple iBooks</name>
<link>https://www.goodreads.com/book_link/follow/2102</link>
</buy_link>
<buy_link>
<id>8036</id>
<name>Google Play</name>
<link>https://www.goodreads.com/book_link/follow/8036</link>
</buy_link>
<buy_link>
<id>4</id>
<name>Abebooks</name>
<link>https://www.goodreads.com/book_link/follow/4</link>
</buy_link>
<buy_link>
<id>882</id>
<name>Book Depository</name>
<link>https://www.goodreads.com/book_link/follow/882</link>
</buy_link>
<buy_link>
<id>9</id>
<name>Indigo</name>
<link>https://www.goodreads.com/book_link/follow/9</link>
</buy_link>
<buy_link>
<id>2</id>
<name>Half.com</name>
<link>https://www.goodreads.com/book_link/follow/2</link>
</buy_link>
<buy_link>
<id>5</id>
<name>Alibris</name>
<link>https://www.goodreads.com/book_link/follow/5</link>
</buy_link>
<buy_link>
<id>107</id>
<name>Better World Books</name>
<link>https://www.goodreads.com/book_link/follow/107</link>
</buy_link>
<buy_link>
<id>7</id>
<name>IndieBound</name>
<link>https://www.goodreads.com/book_link/follow/7</link>
</buy_link>

  </buy_links>
  <series_works>
    <series_work>
<id>155589</id>
<user_position>5</user_position>
<series>
<id>43943</id>
<title>
<![CDATA[
    Outlander
]]>
</title>
<description>
<![CDATA[
    Please note: This series is comprised of one epic story. Each book is like a chapter in that larger story. It is recommended that you read the books in the order they were published. 
    
    <b>Related Series</b>
    <a href="http://www.goodreads.com/series/44511-lord-john-grey">The Lord John Grey Series</a>. In the greater Outlander Chronology, the Lord John Grey stories occur during the years covered in Voyager. 
    
    You can find the reading order of the Lord John Grey series and Outlander series <a href="http://www.dianagabaldon.com/books/chronology-of-the-outlander-series/">here</a>.
]]>
</description>
<note>
<![CDATA[
    DO NOT change the numbering and keep the Lord John Grey series separate.
]]>
</note>
<series_works_count>27</series_works_count>
<primary_work_count>9</primary_work_count>
<numbered>true</numbered>
</series>

</series_work>

  </series_works>
  <similar_books>
          <book>
<id>72848</id>
<title><![CDATA[Queen of Swords (Wilderness, #5)]]></title>
<title_without_series>Queen of Swords</title_without_series>
<link><![CDATA[https://www.goodreads.com/book/show/72848.Queen_of_Swords]]></link>
<small_image_url><![CDATA[https://s.gr-assets.com/assets/nophoto/book/50x75-a91bf249278a81aabab721ef782c4a74.png]]></small_image_url>
<image_url><![CDATA[https://s.gr-assets.com/assets/nophoto/book/111x148-bcc042a9c91a29c1d680899eff700a03.png]]></image_url>
<num_pages></num_pages>
<work>
<id>1738030</id>
</work>
<isbn>055380149X</isbn>
<isbn13>9780553801491</isbn13>
<average_rating>4.32</average_rating>
<ratings_count>7480</ratings_count>
<publication_year></publication_year>
<publication_month></publication_month>
<publication_day></publication_day>
<authors>
<author>
<id>41193</id>
<name>Sara Donati</name>
<link><![CDATA[https://www.goodreads.com/author/show/41193.Sara_Donati]]></link>
</author>
</authors>
</book>

          <book>
<id>815150</id>
<title><![CDATA[The Highlander's Touch (Highlander, #3)]]></title>
<title_without_series>The Highlander&apos;s Touch</title_without_series>
<link><![CDATA[https://www.goodreads.com/book/show/815150.The_Highlander_s_Touch]]></link>
<small_image_url><![CDATA[https://images.gr-assets.com/books/1257330461s/815150.jpg]]></small_image_url>
<image_url><![CDATA[https://images.gr-assets.com/books/1257330461m/815150.jpg]]></image_url>
<num_pages>356</num_pages>
<work>
<id>1676569</id>
</work>
<isbn>044024417X</isbn>
<isbn13>9780440244172</isbn13>
<average_rating>4.14</average_rating>
<ratings_count>25402</ratings_count>
<publication_year>2007</publication_year>
<publication_month>5</publication_month>
<publication_day>29</publication_day>
<authors>
<author>
<id>48206</id>
<name>Karen Marie Moning</name>
<link><![CDATA[https://www.goodreads.com/author/show/48206.Karen_Marie_Moning]]></link>
</author>
</authors>
</book>

          <book>
<id>707222</id>
<title><![CDATA[The Blood of Roses (Highlands, #2)]]></title>
<title_without_series>The Blood of Roses</title_without_series>
<link><![CDATA[https://www.goodreads.com/book/show/707222.The_Blood_of_Roses]]></link>
<small_image_url><![CDATA[https://images.gr-assets.com/books/1344913255s/707222.jpg]]></small_image_url>
<image_url><![CDATA[https://images.gr-assets.com/books/1344913255m/707222.jpg]]></image_url>
<num_pages>564</num_pages>
<work>
<id>693499</id>
</work>
<isbn>0440224551</isbn>
<isbn13>9780440224556</isbn13>
<average_rating>4.10</average_rating>
<ratings_count>1986</ratings_count>
<publication_year>1998</publication_year>
<publication_month>5</publication_month>
<publication_day>11</publication_day>
<authors>
<author>
<id>371595</id>
<name>Marsha Canham</name>
<link><![CDATA[https://www.goodreads.com/author/show/371595.Marsha_Canham]]></link>
</author>
</authors>
</book>

          <book>
<id>481524</id>
<title>Kilgannon (Kilgannon, #1)</title>
<title_without_series>Kilgannon</title_without_series>
<link><![CDATA[https://www.goodreads.com/book/show/481524.Kilgannon]]></link>
<small_image_url><![CDATA[https://images.gr-assets.com/books/1403167019s/481524.jpg]]></small_image_url>
<image_url><![CDATA[https://images.gr-assets.com/books/1403167019m/481524.jpg]]></image_url>
<num_pages>400</num_pages>
<work>
<id>469890</id>
</work>
<isbn>0440235677</isbn>
<isbn13>9780440235675</isbn13>
<average_rating>3.79</average_rating>
<ratings_count>1065</ratings_count>
<publication_year>1999</publication_year>
<publication_month>10</publication_month>
<publication_day>12</publication_day>
<authors>
<author>
<id>269098</id>
<name>Kathleen Givens</name>
<link><![CDATA[https://www.goodreads.com/author/show/269098.Kathleen_Givens]]></link>
</author>
</authors>
</book>

          <book>
<id>8701096</id>
<title><![CDATA[Highlander's Curse (Daughters of the Glen, #8)]]></title>
<title_without_series>Highlander&apos;s Curse</title_without_series>
<link><![CDATA[https://www.goodreads.com/book/show/8701096-highlander-s-curse]]></link>
<small_image_url><![CDATA[https://images.gr-assets.com/books/1461592469s/8701096.jpg]]></small_image_url>
<image_url><![CDATA[https://images.gr-assets.com/books/1461592469m/8701096.jpg]]></image_url>
<num_pages>384</num_pages>
<work>
<id>13573878</id>
</work>
<isbn>1439190321</isbn>
<isbn13>9781439190326</isbn13>
<average_rating>4.19</average_rating>
<ratings_count>1208</ratings_count>
<publication_year>2011</publication_year>
<publication_month>3</publication_month>
<publication_day>29</publication_day>
<authors>
<author>
<id>389599</id>
<name>Melissa Mayhue</name>
<link><![CDATA[https://www.goodreads.com/author/show/389599.Melissa_Mayhue]]></link>
</author>
</authors>
</book>

          <book>
<id>3711150</id>
<title><![CDATA[Untamed (MacKinnon's Rangers, #2)]]></title>
<title_without_series>Untamed</title_without_series>
<link><![CDATA[https://www.goodreads.com/book/show/3711150-untamed]]></link>
<small_image_url><![CDATA[https://images.gr-assets.com/books/1325216112s/3711150.jpg]]></small_image_url>
<image_url><![CDATA[https://images.gr-assets.com/books/1325216112m/3711150.jpg]]></image_url>
<num_pages>347</num_pages>
<work>
<id>3754715</id>
</work>
<isbn>0843954892</isbn>
<isbn13>9780843954890</isbn13>
<average_rating>4.26</average_rating>
<ratings_count>3196</ratings_count>
<publication_year></publication_year>
<publication_month></publication_month>
<publication_day></publication_day>
<authors>
<author>
<id>92650</id>
<name>Pamela Clare</name>
<link><![CDATA[https://www.goodreads.com/author/show/92650.Pamela_Clare]]></link>
</author>
</authors>
</book>

          <book>
<id>7464272</id>
<title><![CDATA[One Enchanted Evening (de Piaget, #5; de Piaget/MacLeod, #16)]]></title>
<title_without_series>One Enchanted Evening</title_without_series>
<link><![CDATA[https://www.goodreads.com/book/show/7464272-one-enchanted-evening]]></link>
<small_image_url><![CDATA[https://s.gr-assets.com/assets/nophoto/book/50x75-a91bf249278a81aabab721ef782c4a74.png]]></small_image_url>
<image_url><![CDATA[https://s.gr-assets.com/assets/nophoto/book/111x148-bcc042a9c91a29c1d680899eff700a03.png]]></image_url>
<num_pages></num_pages>
<work>
<id>9534994</id>
</work>
<isbn>0515147915</isbn>
<isbn13>9780515147919</isbn13>
<average_rating>4.17</average_rating>
<ratings_count>1689</ratings_count>
<publication_year></publication_year>
<publication_month></publication_month>
<publication_day></publication_day>
<authors>
<author>
<id>10359</id>
<name>Lynn Kurland</name>
<link><![CDATA[https://www.goodreads.com/author/show/10359.Lynn_Kurland]]></link>
</author>
</authors>
</book>

          <book>
<id>119825</id>
<title><![CDATA[The Reckoning  (Welsh Princes, #3)]]></title>
<title_without_series>The Reckoning</title_without_series>
<link><![CDATA[https://www.goodreads.com/book/show/119825.The_Reckoning]]></link>
<small_image_url><![CDATA[https://images.gr-assets.com/books/1448657502s/119825.jpg]]></small_image_url>
<image_url><![CDATA[https://images.gr-assets.com/books/1448657502m/119825.jpg]]></image_url>
<num_pages>592</num_pages>
<work>
<id>115367</id>
</work>
<isbn>0345378881</isbn>
<isbn13>9780345378880</isbn13>
<average_rating>4.44</average_rating>
<ratings_count>7077</ratings_count>
<publication_year></publication_year>
<publication_month></publication_month>
<publication_day></publication_day>
<authors>
<author>
<id>24655</id>
<name>Sharon Kay Penman</name>
<link><![CDATA[https://www.goodreads.com/author/show/24655.Sharon_Kay_Penman]]></link>
</author>
</authors>
</book>

          <book>
<id>299514</id>
<title>Lady of Hay</title>
<title_without_series>Lady of Hay</title_without_series>
<link><![CDATA[https://www.goodreads.com/book/show/299514.Lady_of_Hay]]></link>
<small_image_url><![CDATA[https://s.gr-assets.com/assets/nophoto/book/50x75-a91bf249278a81aabab721ef782c4a74.png]]></small_image_url>
<image_url><![CDATA[https://s.gr-assets.com/assets/nophoto/book/111x148-bcc042a9c91a29c1d680899eff700a03.png]]></image_url>
<num_pages>600</num_pages>
<work>
<id>290588</id>
</work>
<isbn>1566491606</isbn>
<isbn13>9781566491600</isbn13>
<average_rating>4.04</average_rating>
<ratings_count>5538</ratings_count>
<publication_year>2001</publication_year>
<publication_month>3</publication_month>
<publication_day>13</publication_day>
<authors>
<author>
<id>63659</id>
<name>Barbara Erskine</name>
<link><![CDATA[https://www.goodreads.com/author/show/63659.Barbara_Erskine]]></link>
</author>
</authors>
</book>

          <book>
<id>3568573</id>
<title><![CDATA[Highland Outlaw (Campbell Trilogy, #2)]]></title>
<title_without_series>Highland Outlaw</title_without_series>
<link><![CDATA[https://www.goodreads.com/book/show/3568573-highland-outlaw]]></link>
<small_image_url><![CDATA[https://s.gr-assets.com/assets/nophoto/book/50x75-a91bf249278a81aabab721ef782c4a74.png]]></small_image_url>
<image_url><![CDATA[https://s.gr-assets.com/assets/nophoto/book/111x148-bcc042a9c91a29c1d680899eff700a03.png]]></image_url>
<num_pages>356</num_pages>
<work>
<id>3610775</id>
</work>
<isbn>0345503392</isbn>
<isbn13>9780345503398</isbn13>
<average_rating>4.23</average_rating>
<ratings_count>3505</ratings_count>
<publication_year>2009</publication_year>
<publication_month>2</publication_month>
<publication_day>24</publication_day>
<authors>
<author>
<id>589737</id>
<name>Monica McCarty</name>
<link><![CDATA[https://www.goodreads.com/author/show/589737.Monica_McCarty]]></link>
</author>
</authors>
</book>

  </similar_books>
</book>

</GoodreadsResponse>