<?xml version="1.0" encoding="UTF-8"?>
<GoodreadsResponse>
  <Request>
    <authentication>true</authentication>
      <key><![CDATA[all_men_must_serve]]></key>
    <method><![CDATA[book_show]]></method>
  </Request>
  <book>
  <id>1097</id>
  <title><![CDATA[Fast Food Nation: The Dark Side of the All-American Meal]]></title>
  <isbn><![CDATA[0060838582]]></isbn>
  <isbn13><![CDATA[9780060838584]]></isbn13>
  <asin><![CDATA[]]></asin>
  <kindle_asin><![CDATA[B002RI9IPQ]]></kindle_asin>
  <marketplace_id><![CDATA[A1F83G8C2ARO7P]]></marketplace_id>
  <country_code><![CDATA[GB]]></country_code>
  <image_url>https://s.gr-assets.com/assets/nophoto/book/111x148-bcc042a9c91a29c1d680899eff700a03.png</image_url>
  <small_image_url>https://s.gr-assets.com/assets/nophoto/book/50x75-a91bf249278a81aabab721ef782c4a74.png</small_image_url>
  <publication_year>2005</publication_year>
  <publication_month>7</publication_month>
  <publication_day>5</publication_day>
  <publisher>Harper Perennial</publisher>
  <language_code>eng</language_code>
  <is_ebook>false</is_ebook>
  <description><![CDATA[Fast food has hastened the malling of our landscape, widened the chasm between rich and poor, fueled an epidemic of obesity, and propelled American cultural imperialism abroad. That's a lengthy list of charges, but Eric Schlosser makes them stick with an artful mix of first-rate reportage, wry wit, and careful reasoning.<br /><br />Schlosser's myth-shattering survey stretches from California's subdivisions, where the business was born, to the industrial corridor along the New Jersey Turnpike, where many of fast food's flavors are concocted. Along the way, he unearths a trove of fascinating, unsettling truths -- from the unholy alliance between fast food and Hollywood to the seismic changes the industry has wrought in food production, popular culture, and even real estate.]]></description>
  <work>
  <id type="integer">2207547</id>
  <books_count type="integer">61</books_count>
  <best_book_id type="integer">1097</best_book_id>
  <reviews_count type="integer">285978</reviews_count>
  <ratings_sum type="integer">684339</ratings_sum>
  <ratings_count type="integer">183415</ratings_count>
  <text_reviews_count type="integer">5065</text_reviews_count>
  <original_publication_year type="integer">2001</original_publication_year>
  <original_publication_month type="integer">1</original_publication_month>
  <original_publication_day type="integer">17</original_publication_day>
  <original_title>Fast Food Nation : The Dark Side of the All-American Meal </original_title>
  <original_language_id type="integer" nil="true"/>
  <media_type>book</media_type>
  <rating_dist>5:46575|4:69028|3:47612|2:12316|1:7884|total:183415</rating_dist>
  <desc_user_id type="integer">1017955</desc_user_id>
  <default_chaptering_book_id type="integer" nil="true"/>
  <default_description_language_code nil="true"/>
</work>
  <average_rating>3.73</average_rating>
  <num_pages><![CDATA[399]]></num_pages>
  <format><![CDATA[Paperback]]></format>
  <edition_information><![CDATA[]]></edition_information>
  <ratings_count><![CDATA[179392]]></ratings_count>
  <text_reviews_count><![CDATA[4728]]></text_reviews_count>
  <url><![CDATA[https://www.goodreads.com/book/show/1097.Fast_Food_Nation]]></url>
  <link><![CDATA[https://www.goodreads.com/book/show/1097.Fast_Food_Nation]]></link>
  <authors>
<author>
<id>380</id>
<name>Eric Schlosser</name>
<role></role>
<image_url nophoto='false'>
<![CDATA[https://images.gr-assets.com/authors/1279637156p5/380.jpg]]>
</image_url>
<small_image_url nophoto='false'>
<![CDATA[https://images.gr-assets.com/authors/1279637156p2/380.jpg]]>
</small_image_url>
<link><![CDATA[https://www.goodreads.com/author/show/380.Eric_Schlosser]]></link>
<average_rating>3.75</average_rating>
<ratings_count>201660</ratings_count>
<text_reviews_count>7500</text_reviews_count>
</author>
</authors>

    <reviews_widget>
      <![CDATA[
        <style>
  #goodreads-widget {
    font-family: georgia, serif;
    padding: 18px 0;
    width:565px;
  }
  #goodreads-widget h1 {
    font-weight:normal;
    font-size: 16px;
    border-bottom: 1px solid #BBB596;
    margin-bottom: 0;
  }
  #goodreads-widget a {
    text-decoration: none;
    color:#660;
  }
  iframe{
    background-color: #fff;
  }
  #goodreads-widget a:hover { text-decoration: underline; }
  #goodreads-widget a:active {
    color:#660;
  }
  #gr_footer {
    width: 100%;
    border-top: 1px solid #BBB596;
    text-align: right;
  }
  #goodreads-widget .gr_branding{
    color: #382110;
    font-size: 11px;
    text-decoration: none;
    font-family: "Helvetica Neue", Helvetica, Arial, sans-serif;
  }
</style>
<div id="goodreads-widget">
  <div id="gr_header"><h1><a rel="nofollow" href="https://www.goodreads.com/book/show/1097.Fast_Food_Nation">Fast Food Nation Reviews</a></h1></div>
  <iframe id="the_iframe" src="https://www.goodreads.com/api/reviews_widget_iframe?did=DEVELOPER_ID&amp;format=html&amp;isbn=0060838582&amp;links=660&amp;min_rating=&amp;review_back=fff&amp;stars=000&amp;text=000" width="565" height="400" frameborder="0"></iframe>
  <div id="gr_footer">
    <a class="gr_branding" target="_blank" rel="nofollow" href="https://www.goodreads.com/book/show/1097.Fast_Food_Nation?utm_medium=api&amp;utm_source=reviews_widget">Reviews from Goodreads.com</a>
  </div>
</div>

      ]]>
    </reviews_widget>
  <popular_shelves>
      <shelf name="to-read" count="90506"/>
      <shelf name="non-fiction" count="3640"/>
      <shelf name="nonfiction" count="1548"/>
      <shelf name="currently-reading" count="1507"/>
      <shelf name="food" count="1229"/>
      <shelf name="health" count="416"/>
      <shelf name="favorites" count="302"/>
      <shelf name="sociology" count="273"/>
      <shelf name="politics" count="231"/>
      <shelf name="books-i-own" count="205"/>
      <shelf name="owned" count="192"/>
      <shelf name="history" count="169"/>
      <shelf name="science" count="135"/>
      <shelf name="school" count="102"/>
      <shelf name="culture" count="97"/>
      <shelf name="economics" count="97"/>
      <shelf name="nutrition" count="94"/>
      <shelf name="business" count="88"/>
      <shelf name="adult" count="73"/>
      <shelf name="default" count="69"/>
      <shelf name="journalism" count="64"/>
      <shelf name="book-club" count="64"/>
      <shelf name="owned-books" count="62"/>
      <shelf name="library" count="62"/>
      <shelf name="society" count="55"/>
      <shelf name="kindle" count="53"/>
      <shelf name="social-science" count="50"/>
      <shelf name="political" count="50"/>
      <shelf name="foodie" count="46"/>
      <shelf name="food-and-drink" count="45"/>
      <shelf name="read-for-school" count="44"/>
      <shelf name="to-buy" count="43"/>
      <shelf name="cooking" count="43"/>
      <shelf name="social-issues" count="43"/>
      <shelf name="own-it" count="38"/>
      <shelf name="current-events" count="38"/>
      <shelf name="social-commentary" count="37"/>
      <shelf name="food-books" count="37"/>
      <shelf name="environment" count="37"/>
      <shelf name="non-fic" count="36"/>
      <shelf name="high-school" count="36"/>
      <shelf name="school-books" count="36"/>
      <shelf name="for-school" count="34"/>
      <shelf name="my-library" count="34"/>
      <shelf name="food-politics" count="34"/>
      <shelf name="america" count="33"/>
      <shelf name="audiobook" count="33"/>
      <shelf name="food-writing" count="33"/>
      <shelf name="to-read-non-fiction" count="32"/>
      <shelf name="abandoned" count="32"/>
      <shelf name="food-related" count="32"/>
      <shelf name="current-affairs" count="31"/>
      <shelf name="wish-list" count="30"/>
      <shelf name="american" count="30"/>
      <shelf name="adult-non-fiction" count="30"/>
      <shelf name="nonfic" count="30"/>
      <shelf name="cultural-studies" count="30"/>
      <shelf name="food-drink" count="29"/>
      <shelf name="food-cooking" count="29"/>
      <shelf name="food-nutrition" count="28"/>
      <shelf name="adult-nonfiction" count="28"/>
      <shelf name="non-fiction-to-read" count="27"/>
      <shelf name="to-read-nonfiction" count="27"/>
      <shelf name="pop-culture" count="26"/>
      <shelf name="my-books" count="26"/>
      <shelf name="food-and-cooking" count="25"/>
      <shelf name="ebook" count="24"/>
      <shelf name="psychology" count="24"/>
      <shelf name="did-not-finish" count="24"/>
      <shelf name="audiobooks" count="24"/>
      <shelf name="2000s" count="22"/>
      <shelf name="i-own" count="22"/>
      <shelf name="unfinished" count="21"/>
      <shelf name="reference" count="21"/>
      <shelf name="college" count="21"/>
      <shelf name="finished" count="20"/>
      <shelf name="diet" count="20"/>
      <shelf name="never-finished" count="20"/>
      <shelf name="fiction" count="20"/>
      <shelf name="didn-t-finish" count="20"/>
      <shelf name="general-nonfiction" count="19"/>
      <shelf name="social-sciences" count="19"/>
      <shelf name="cultural-criticism" count="18"/>
      <shelf name="fast-food" count="18"/>
      <shelf name="health-and-nutrition" count="18"/>
      <shelf name="own-to-read" count="18"/>
      <shelf name="contemporary" count="18"/>
      <shelf name="food-industry" count="18"/>
      <shelf name="thought-provoking" count="18"/>
      <shelf name="informational" count="18"/>
      <shelf name="health-fitness" count="17"/>
      <shelf name="health-nutrition" count="17"/>
      <shelf name="educational" count="17"/>
      <shelf name="consumerism" count="17"/>
      <shelf name="sustainability" count="17"/>
      <shelf name="general-non-fiction" count="17"/>
      <shelf name="home-library" count="16"/>
      <shelf name="food-and-nutrition" count="16"/>
      <shelf name="other" count="16"/>
      <shelf name="food-issues" count="16"/>
  </popular_shelves>
  <book_links>
    <book_link>
  <id>8</id>
  <name>Libraries</name>
  <link>https://www.goodreads.com/book_link/follow/8</link>
</book_link>

  </book_links>
  <buy_links>
    <buy_link>
<id>1</id>
<name>Amazon</name>
<link>https://www.goodreads.com/book_link/follow/1</link>
</buy_link>
<buy_link>
<id>10</id>
<name>Audible</name>
<link>https://www.goodreads.com/book_link/follow/10</link>
</buy_link>
<buy_link>
<id>3</id>
<name>Barnes &amp; Noble</name>
<link>https://www.goodreads.com/book_link/follow/3</link>
</buy_link>
<buy_link>
<id>1027</id>
<name>Kobo</name>
<link>https://www.goodreads.com/book_link/follow/1027</link>
</buy_link>
<buy_link>
<id>2102</id>
<name>Apple iBooks</name>
<link>https://www.goodreads.com/book_link/follow/2102</link>
</buy_link>
<buy_link>
<id>8036</id>
<name>Google Play</name>
<link>https://www.goodreads.com/book_link/follow/8036</link>
</buy_link>
<buy_link>
<id>4</id>
<name>Abebooks</name>
<link>https://www.goodreads.com/book_link/follow/4</link>
</buy_link>
<buy_link>
<id>882</id>
<name>Book Depository</name>
<link>https://www.goodreads.com/book_link/follow/882</link>
</buy_link>
<buy_link>
<id>9</id>
<name>Indigo</name>
<link>https://www.goodreads.com/book_link/follow/9</link>
</buy_link>
<buy_link>
<id>2</id>
<name>Half.com</name>
<link>https://www.goodreads.com/book_link/follow/2</link>
</buy_link>
<buy_link>
<id>5</id>
<name>Alibris</name>
<link>https://www.goodreads.com/book_link/follow/5</link>
</buy_link>
<buy_link>
<id>107</id>
<name>Better World Books</name>
<link>https://www.goodreads.com/book_link/follow/107</link>
</buy_link>
<buy_link>
<id>7</id>
<name>IndieBound</name>
<link>https://www.goodreads.com/book_link/follow/7</link>
</buy_link>

  </buy_links>
  <series_works>
    
  </series_works>
  <similar_books>
          <book>
<id>51315</id>
<title><![CDATA[Diet for a New America: How Your Food Choices Affect Your Health, Happiness and the Future of Life on Earth]]></title>
<title_without_series><![CDATA[Diet for a New America: How Your Food Choices Affect Your Health, Happiness and the Future of Life on Earth]]></title_without_series>
<link><![CDATA[https://www.goodreads.com/book/show/51315.Diet_for_a_New_America]]></link>
<small_image_url><![CDATA[https://s.gr-assets.com/assets/nophoto/book/50x75-a91bf249278a81aabab721ef782c4a74.png]]></small_image_url>
<image_url><![CDATA[https://s.gr-assets.com/assets/nophoto/book/111x148-bcc042a9c91a29c1d680899eff700a03.png]]></image_url>
<num_pages>448</num_pages>
<work>
<id>1251056</id>
</work>
<isbn>0915811812</isbn>
<isbn13>9780915811816</isbn13>
<average_rating>4.16</average_rating>
<ratings_count>3351</ratings_count>
<publication_year>1998</publication_year>
<publication_month>4</publication_month>
<publication_day>14</publication_day>
<authors>
<author>
<id>10177</id>
<name>John Robbins</name>
<link><![CDATA[https://www.goodreads.com/author/show/10177.John_Robbins]]></link>
</author>
</authors>
</book>

          <book>
<id>19132</id>
<title><![CDATA[Food Politics: How the Food Industry Influences Nutrition and Health]]></title>
<title_without_series><![CDATA[Food Politics: How the Food Industry Influences Nutrition and Health]]></title_without_series>
<link><![CDATA[https://www.goodreads.com/book/show/19132.Food_Politics]]></link>
<small_image_url><![CDATA[https://s.gr-assets.com/assets/nophoto/book/50x75-a91bf249278a81aabab721ef782c4a74.png]]></small_image_url>
<image_url><![CDATA[https://s.gr-assets.com/assets/nophoto/book/111x148-bcc042a9c91a29c1d680899eff700a03.png]]></image_url>
<num_pages>472</num_pages>
<work>
<id>20429</id>
</work>
<isbn>0520240677</isbn>
<isbn13>9780520240674</isbn13>
<average_rating>3.92</average_rating>
<ratings_count>3603</ratings_count>
<publication_year>2003</publication_year>
<publication_month>9</publication_month>
<publication_day>30</publication_day>
<authors>
<author>
<id>11506</id>
<name>Marion Nestle</name>
<link><![CDATA[https://www.goodreads.com/author/show/11506.Marion_Nestle]]></link>
</author>
</authors>
</book>

          <book>
<id>100934</id>
<title>Don&apos;t Eat This Book</title>
<title_without_series>Don&apos;t Eat This Book</title_without_series>
<link><![CDATA[https://www.goodreads.com/book/show/100934.Don_t_Eat_This_Book]]></link>
<small_image_url><![CDATA[https://s.gr-assets.com/assets/nophoto/book/50x75-a91bf249278a81aabab721ef782c4a74.png]]></small_image_url>
<image_url><![CDATA[https://s.gr-assets.com/assets/nophoto/book/111x148-bcc042a9c91a29c1d680899eff700a03.png]]></image_url>
<num_pages></num_pages>
<work>
<id>3933</id>
</work>
<isbn>0425210235</isbn>
<isbn13>9780425210239</isbn13>
<average_rating>3.69</average_rating>
<ratings_count>1931</ratings_count>
<publication_year></publication_year>
<publication_month></publication_month>
<publication_day></publication_day>
<authors>
<author>
<id>58257</id>
<name>Morgan Spurlock</name>
<link><![CDATA[https://www.goodreads.com/author/show/58257.Morgan_Spurlock]]></link>
</author>
</authors>
</book>

          <book>
<id>6506085</id>
<title><![CDATA[Food Inc.: A Participant Guide: How Industrial Food is Making Us Sicker, Fatter, and Poorer-And What You Can Do About It]]></title>
<title_without_series><![CDATA[Food Inc.: A Participant Guide: How Industrial Food is Making Us Sicker, Fatter, and Poorer-And What You Can Do About It]]></title_without_series>
<link><![CDATA[https://www.goodreads.com/book/show/6506085-food-inc]]></link>
<small_image_url><![CDATA[https://s.gr-assets.com/assets/nophoto/book/50x75-a91bf249278a81aabab721ef782c4a74.png]]></small_image_url>
<image_url><![CDATA[https://s.gr-assets.com/assets/nophoto/book/111x148-bcc042a9c91a29c1d680899eff700a03.png]]></image_url>
<num_pages>338</num_pages>
<work>
<id>6697677</id>
</work>
<isbn></isbn>
<isbn13></isbn13>
<average_rating>4.19</average_rating>
<ratings_count>13978</ratings_count>
<publication_year></publication_year>
<publication_month></publication_month>
<publication_day></publication_day>
<authors>
<author>
<id>213951</id>
<name>Karl Weber</name>
<link><![CDATA[https://www.goodreads.com/author/show/213951.Karl_Weber]]></link>
</author>
</authors>
</book>

          <book>
<id>1746833</id>
<title>The End of Food</title>
<title_without_series>The End of Food</title_without_series>
<link><![CDATA[https://www.goodreads.com/book/show/1746833.The_End_of_Food]]></link>
<small_image_url><![CDATA[https://s.gr-assets.com/assets/nophoto/book/50x75-a91bf249278a81aabab721ef782c4a74.png]]></small_image_url>
<image_url><![CDATA[https://s.gr-assets.com/assets/nophoto/book/111x148-bcc042a9c91a29c1d680899eff700a03.png]]></image_url>
<num_pages>416</num_pages>
<work>
<id>1744531</id>
</work>
<isbn>0618606238</isbn>
<isbn13>9780618606238</isbn13>
<average_rating>3.82</average_rating>
<ratings_count>1430</ratings_count>
<publication_year>2008</publication_year>
<publication_month>6</publication_month>
<publication_day>4</publication_day>
<authors>
<author>
<id>8529933</id>
<name>Paul       Roberts</name>
<link><![CDATA[https://www.goodreads.com/author/show/8529933.Paul_Roberts]]></link>
</author>
</authors>
</book>

          <book>
<id>41231</id>
<title><![CDATA[The Culture of Fear: Why Americans Are Afraid of the Wrong Things]]></title>
<title_without_series><![CDATA[The Culture of Fear: Why Americans Are Afraid of the Wrong Things]]></title_without_series>
<link><![CDATA[https://www.goodreads.com/book/show/41231.The_Culture_of_Fear]]></link>
<small_image_url><![CDATA[https://images.gr-assets.com/books/1411859962s/41231.jpg]]></small_image_url>
<image_url><![CDATA[https://images.gr-assets.com/books/1411859962m/41231.jpg]]></image_url>
<num_pages>210</num_pages>
<work>
<id>304392</id>
</work>
<isbn>0465014909</isbn>
<isbn13>9780465014903</isbn13>
<average_rating>3.69</average_rating>
<ratings_count>2935</ratings_count>
<publication_year></publication_year>
<publication_month></publication_month>
<publication_day></publication_day>
<authors>
<author>
<id>23216</id>
<name>Barry Glassner</name>
<link><![CDATA[https://www.goodreads.com/author/show/23216.Barry_Glassner]]></link>
</author>
</authors>
</book>

          <book>
<id>434052</id>
<title><![CDATA[Twinkie, Deconstructed: My Journey to Discover How the Ingredients Found in Processed Foods Are Grown, Mined (Yes, Mined), and Manipulated Into What America Eats]]></title>
<title_without_series><![CDATA[Twinkie, Deconstructed: My Journey to Discover How the Ingredients Found in Processed Foods Are Grown, Mined (Yes, Mined), and Manipulated Into What America Eats]]></title_without_series>
<link><![CDATA[https://www.goodreads.com/book/show/434052.Twinkie_Deconstructed]]></link>
<small_image_url><![CDATA[https://s.gr-assets.com/assets/nophoto/book/50x75-a91bf249278a81aabab721ef782c4a74.png]]></small_image_url>
<image_url><![CDATA[https://s.gr-assets.com/assets/nophoto/book/111x148-bcc042a9c91a29c1d680899eff700a03.png]]></image_url>
<num_pages>282</num_pages>
<work>
<id>1618305</id>
</work>
<isbn>1594630186</isbn>
<isbn13>9781594630187</isbn13>
<average_rating>3.33</average_rating>
<ratings_count>1969</ratings_count>
<publication_year></publication_year>
<publication_month></publication_month>
<publication_day></publication_day>
<authors>
<author>
<id>138699</id>
<name>Steve Ettlinger</name>
<link><![CDATA[https://www.goodreads.com/author/show/138699.Steve_Ettlinger]]></link>
</author>
</authors>
</book>

          <book>
<id>2015924</id>
<title><![CDATA[Stuffed And Starved: Markets, Power And The Hidden Battle For The World Food System]]></title>
<title_without_series><![CDATA[Stuffed And Starved: Markets, Power And The Hidden Battle For The World Food System]]></title_without_series>
<link><![CDATA[https://www.goodreads.com/book/show/2015924.Stuffed_And_Starved]]></link>
<small_image_url><![CDATA[https://images.gr-assets.com/books/1358743145s/2015924.jpg]]></small_image_url>
<image_url><![CDATA[https://images.gr-assets.com/books/1358743145m/2015924.jpg]]></image_url>
<num_pages>448</num_pages>
<work>
<id>2251220</id>
</work>
<isbn>1846270103</isbn>
<isbn13>9781846270109</isbn13>
<average_rating>3.94</average_rating>
<ratings_count>1827</ratings_count>
<publication_year>2007</publication_year>
<publication_month>1</publication_month>
<publication_day>13</publication_day>
<authors>
<author>
<id>915989</id>
<name>Raj Patel</name>
<link><![CDATA[https://www.goodreads.com/author/show/915989.Raj_Patel]]></link>
</author>
</authors>
</book>

          <book>
<id>5579</id>
<title><![CDATA[Eat, Drink, and Be Healthy: The Harvard Medical School Guide to Healthy Eating]]></title>
<title_without_series><![CDATA[Eat, Drink, and Be Healthy: The Harvard Medical School Guide to Healthy Eating]]></title_without_series>
<link><![CDATA[https://www.goodreads.com/book/show/5579.Eat_Drink_and_Be_Healthy]]></link>
<small_image_url><![CDATA[https://s.gr-assets.com/assets/nophoto/book/50x75-a91bf249278a81aabab721ef782c4a74.png]]></small_image_url>
<image_url><![CDATA[https://s.gr-assets.com/assets/nophoto/book/111x148-bcc042a9c91a29c1d680899eff700a03.png]]></image_url>
<num_pages></num_pages>
<work>
<id>2821050</id>
</work>
<isbn>0743266420</isbn>
<isbn13>9780743266420</isbn13>
<average_rating>4.04</average_rating>
<ratings_count>1177</ratings_count>
<publication_year></publication_year>
<publication_month></publication_month>
<publication_day></publication_day>
<authors>
<author>
<id>484889</id>
<name>Walter C. Willett</name>
<link><![CDATA[https://www.goodreads.com/author/show/484889.Walter_C_Willett]]></link>
</author>
</authors>
</book>

          <book>
<id>315487</id>
<title><![CDATA[Rethinking Thin: The New Science of Weight Loss--and the Myths and Realities of Dieting]]></title>
<title_without_series><![CDATA[Rethinking Thin: The New Science of Weight Loss--and the Myths and Realities of Dieting]]></title_without_series>
<link><![CDATA[https://www.goodreads.com/book/show/315487.Rethinking_Thin]]></link>
<small_image_url><![CDATA[https://images.gr-assets.com/books/1312010613s/315487.jpg]]></small_image_url>
<image_url><![CDATA[https://images.gr-assets.com/books/1312010613m/315487.jpg]]></image_url>
<num_pages></num_pages>
<work>
<id>2580330</id>
</work>
<isbn>0374103984</isbn>
<isbn13>9780374103989</isbn13>
<average_rating>3.82</average_rating>
<ratings_count>877</ratings_count>
<publication_year></publication_year>
<publication_month></publication_month>
<publication_day></publication_day>
<authors>
<author>
<id>16329</id>
<name>Gina Kolata</name>
<link><![CDATA[https://www.goodreads.com/author/show/16329.Gina_Kolata]]></link>
</author>
</authors>
</book>

          <book>
<id>94563</id>
<title><![CDATA[Paradox of Plenty: A Social History of Eating in Modern America (California Studies in Food and Culture, 8)]]></title>
<title_without_series><![CDATA[Paradox of Plenty: A Social History of Eating in Modern America]]></title_without_series>
<link><![CDATA[https://www.goodreads.com/book/show/94563.Paradox_of_Plenty]]></link>
<small_image_url><![CDATA[https://s.gr-assets.com/assets/nophoto/book/50x75-a91bf249278a81aabab721ef782c4a74.png]]></small_image_url>
<image_url><![CDATA[https://s.gr-assets.com/assets/nophoto/book/111x148-bcc042a9c91a29c1d680899eff700a03.png]]></image_url>
<num_pages>362</num_pages>
<work>
<id>91165</id>
</work>
<isbn>0520234405</isbn>
<isbn13>9780520234406</isbn13>
<average_rating>3.74</average_rating>
<ratings_count>158</ratings_count>
<publication_year>2003</publication_year>
<publication_month>5</publication_month>
<publication_day>30</publication_day>
<authors>
<author>
<id>54391</id>
<name>Harvey Levenstein</name>
<link><![CDATA[https://www.goodreads.com/author/show/54391.Harvey_Levenstein]]></link>
</author>
</authors>
</book>

          <book>
<id>4943</id>
<title>Hungry Planet</title>
<title_without_series>Hungry Planet</title_without_series>
<link><![CDATA[https://www.goodreads.com/book/show/4943.Hungry_Planet]]></link>
<small_image_url><![CDATA[https://s.gr-assets.com/assets/nophoto/book/50x75-a91bf249278a81aabab721ef782c4a74.png]]></small_image_url>
<image_url><![CDATA[https://s.gr-assets.com/assets/nophoto/book/111x148-bcc042a9c91a29c1d680899eff700a03.png]]></image_url>
<num_pages>288</num_pages>
<work>
<id>8497</id>
</work>
<isbn>1580086810</isbn>
<isbn13>9781580086813</isbn13>
<average_rating>4.45</average_rating>
<ratings_count>1532</ratings_count>
<publication_year>2005</publication_year>
<publication_month>10</publication_month>
<publication_day>1</publication_day>
<authors>
<author>
<id>3361</id>
<name>Peter Menzel</name>
<link><![CDATA[https://www.goodreads.com/author/show/3361.Peter_Menzel]]></link>
</author>
</authors>
</book>

          <book>
<id>24450</id>
<title><![CDATA[Bait and Switch: The (Futile) Pursuit of the American Dream]]></title>
<title_without_series><![CDATA[Bait and Switch: The (Futile) Pursuit of the American Dream]]></title_without_series>
<link><![CDATA[https://www.goodreads.com/book/show/24450.Bait_and_Switch]]></link>
<small_image_url><![CDATA[https://s.gr-assets.com/assets/nophoto/book/50x75-a91bf249278a81aabab721ef782c4a74.png]]></small_image_url>
<image_url><![CDATA[https://s.gr-assets.com/assets/nophoto/book/111x148-bcc042a9c91a29c1d680899eff700a03.png]]></image_url>
<num_pages></num_pages>
<work>
<id>2366544</id>
</work>
<isbn>0805081240</isbn>
<isbn13>9780805081244</isbn13>
<average_rating>3.44</average_rating>
<ratings_count>4029</ratings_count>
<publication_year></publication_year>
<publication_month></publication_month>
<publication_day></publication_day>
<authors>
<author>
<id>1257</id>
<name>Barbara Ehrenreich</name>
<link><![CDATA[https://www.goodreads.com/author/show/1257.Barbara_Ehrenreich]]></link>
</author>
</authors>
</book>

          <book>
<id>835344</id>
<title><![CDATA[Everything I Want to Do Is Illegal: War Stories from the Local Food Front]]></title>
<title_without_series><![CDATA[Everything I Want to Do Is Illegal: War Stories from the Local Food Front]]></title_without_series>
<link><![CDATA[https://www.goodreads.com/book/show/835344.Everything_I_Want_to_Do_Is_Illegal]]></link>
<small_image_url><![CDATA[https://images.gr-assets.com/books/1390174950s/835344.jpg]]></small_image_url>
<image_url><![CDATA[https://images.gr-assets.com/books/1390174950m/835344.jpg]]></image_url>
<num_pages>358</num_pages>
<work>
<id>820958</id>
</work>
<isbn>0963810952</isbn>
<isbn13>9780963810953</isbn13>
<average_rating>4.14</average_rating>
<ratings_count>1443</ratings_count>
<publication_year>2007</publication_year>
<publication_month>9</publication_month>
<publication_day>17</publication_day>
<authors>
<author>
<id>2623</id>
<name>Joel Salatin</name>
<link><![CDATA[https://www.goodreads.com/author/show/2623.Joel_Salatin]]></link>
</author>
</authors>
</book>

          <book>
<id>48829</id>
<title><![CDATA[Affluenza: The All-Consuming Epidemic]]></title>
<title_without_series><![CDATA[Affluenza: The All-Consuming Epidemic]]></title_without_series>
<link><![CDATA[https://www.goodreads.com/book/show/48829.Affluenza]]></link>
<small_image_url><![CDATA[https://s.gr-assets.com/assets/nophoto/book/50x75-a91bf249278a81aabab721ef782c4a74.png]]></small_image_url>
<image_url><![CDATA[https://s.gr-assets.com/assets/nophoto/book/111x148-bcc042a9c91a29c1d680899eff700a03.png]]></image_url>
<num_pages></num_pages>
<work>
<id>47773</id>
</work>
<isbn>1576753573</isbn>
<isbn13>9781576753576</isbn13>
<average_rating>3.76</average_rating>
<ratings_count>2247</ratings_count>
<publication_year></publication_year>
<publication_month></publication_month>
<publication_day></publication_day>
<authors>
<author>
<id>27414</id>
<name>John De Graaf</name>
<link><![CDATA[https://www.goodreads.com/author/show/27414.John_De_Graaf]]></link>
</author>
</authors>
</book>

          <book>
<id>315425</id>
<title><![CDATA[In Defense of Food: An Eater's Manifesto]]></title>
<title_without_series><![CDATA[In Defense of Food: An Eater's Manifesto]]></title_without_series>
<link><![CDATA[https://www.goodreads.com/book/show/315425.In_Defense_of_Food]]></link>
<small_image_url><![CDATA[https://s.gr-assets.com/assets/nophoto/book/50x75-a91bf249278a81aabab721ef782c4a74.png]]></small_image_url>
<image_url><![CDATA[https://s.gr-assets.com/assets/nophoto/book/111x148-bcc042a9c91a29c1d680899eff700a03.png]]></image_url>
<num_pages>205</num_pages>
<work>
<id>3100234</id>
</work>
<isbn>1594201455</isbn>
<isbn13>9781594201455</isbn13>
<average_rating>4.07</average_rating>
<ratings_count>85852</ratings_count>
<publication_year>2008</publication_year>
<publication_month>1</publication_month>
<publication_day>1</publication_day>
<authors>
<author>
<id>2121</id>
<name>Michael Pollan</name>
<link><![CDATA[https://www.goodreads.com/author/show/2121.Michael_Pollan]]></link>
</author>
</authors>
</book>

          <book>
<id>31474</id>
<title><![CDATA[Slaughterhouse: The Shocking Story of Greed, Neglect, And Inhumane Treatment Inside the U.S. Meat Industry]]></title>
<title_without_series><![CDATA[Slaughterhouse: The Shocking Story of Greed, Neglect, And Inhumane Treatment Inside the U.S. Meat Industry]]></title_without_series>
<link><![CDATA[https://www.goodreads.com/book/show/31474.Slaughterhouse]]></link>
<small_image_url><![CDATA[https://s.gr-assets.com/assets/nophoto/book/50x75-a91bf249278a81aabab721ef782c4a74.png]]></small_image_url>
<image_url><![CDATA[https://s.gr-assets.com/assets/nophoto/book/111x148-bcc042a9c91a29c1d680899eff700a03.png]]></image_url>
<num_pages>328</num_pages>
<work>
<id>974156</id>
</work>
<isbn>1591024501</isbn>
<isbn13>9781591024507</isbn13>
<average_rating>4.34</average_rating>
<ratings_count>1212</ratings_count>
<publication_year>2006</publication_year>
<publication_month>11</publication_month>
<publication_day>1</publication_day>
<authors>
<author>
<id>17611</id>
<name>Gail A. Eisnitz</name>
<link><![CDATA[https://www.goodreads.com/author/show/17611.Gail_A_Eisnitz]]></link>
</author>
</authors>
</book>

          <book>
<id>529021</id>
<title><![CDATA[Food, Inc.: Mendel to Monsanto--The Promises and Perils of the Biotech Harvest]]></title>
<title_without_series><![CDATA[Food, Inc.: Mendel to Monsanto--The Promises and Perils of the Biotech Harvest]]></title_without_series>
<link><![CDATA[https://www.goodreads.com/book/show/529021.Food_Inc_]]></link>
<small_image_url><![CDATA[https://images.gr-assets.com/books/1344664008s/529021.jpg]]></small_image_url>
<image_url><![CDATA[https://images.gr-assets.com/books/1344664008m/529021.jpg]]></image_url>
<num_pages></num_pages>
<work>
<id>516718</id>
</work>
<isbn>0641695764</isbn>
<isbn13>9780743267632</isbn13>
<average_rating>4.10</average_rating>
<ratings_count>836</ratings_count>
<publication_year></publication_year>
<publication_month></publication_month>
<publication_day></publication_day>
<authors>
<author>
<id>292806</id>
<name>Peter Pringle</name>
<link><![CDATA[https://www.goodreads.com/author/show/292806.Peter_Pringle]]></link>
</author>
</authors>
</book>

  </similar_books>
</book>

</GoodreadsResponse>