<?xml version="1.0" encoding="UTF-8"?>
<GoodreadsResponse>
  <Request>
    <authentication>true</authentication>
      <key><![CDATA[all_men_must_serve]]></key>
    <method><![CDATA[book_show]]></method>
  </Request>
  <book>
  <id>10988</id>
  <title><![CDATA[Drums of Autumn (Outlander, #4)]]></title>
  <isbn><![CDATA[0385335989]]></isbn>
  <isbn13><![CDATA[9780385335980]]></isbn13>
  <asin><![CDATA[]]></asin>
  <kindle_asin><![CDATA[B005HCI72O]]></kindle_asin>
  <marketplace_id><![CDATA[A1F83G8C2ARO7P]]></marketplace_id>
  <country_code><![CDATA[GB]]></country_code>
  <image_url>https://images.gr-assets.com/books/1500688941m/10988.jpg</image_url>
  <small_image_url>https://images.gr-assets.com/books/1500688941s/10988.jpg</small_image_url>
  <publication_year>2001</publication_year>
  <publication_month>8</publication_month>
  <publication_day>7</publication_day>
  <publisher>Delta</publisher>
  <language_code>eng</language_code>
  <is_ebook>false</is_ebook>
  <description><![CDATA[In this breathtaking novel—rich in history and adventure—<i>The New York Times</i> bestselling author Diana Gabaldon continues the story of Claire Randall and Jamie Fraser that began with the now-classic novel <b>Outlander</b> and continued in <b>Dragonfly in Amber</b> and <b>Voyager</b>. Once again spanning continents and centuries, Diana Gabaldon has created a work of sheer passion and brilliance.... <br /><br />It began at an ancient Scottish stone circle. There, a doorway, open to a select few, leads into the past—or the grave. Dr. Claire Randall survived the extraordinary passage, not once but twice.<br /><br />Her first trip swept her into the arms of Jamie Fraser, an eighteenth-century Scot whose love for her became a legend—a tale of tragic passion that ended with her return to the present to bear his child. Her second journey, two decades later, brought them together again in the American colonies. But Claire had left someone behind in the twentieth century—their daughter, Brianna....<br /><br />Now Brianna has made a disturbing discovery that sends her to the circle of stones and a terrifying leap into the unknown. In search of her mother and the father she has never met, she is risking her own future to try to change history ... and to save their lives. But as Brianna plunges into an uncharted wilderness, a heartbreaking encounter may strand her forever in the past ... or root her in the place she should be, where her heart and soul belong....]]></description>
  <work>
  <id type="integer">3123704</id>
  <books_count type="integer">96</books_count>
  <best_book_id type="integer">10988</best_book_id>
  <reviews_count type="integer">227749</reviews_count>
  <ratings_sum type="integer">633160</ratings_sum>
  <ratings_count type="integer">145892</ratings_count>
  <text_reviews_count type="integer">5749</text_reviews_count>
  <original_publication_year type="integer">1996</original_publication_year>
  <original_publication_month type="integer">12</original_publication_month>
  <original_publication_day type="integer">30</original_publication_day>
  <original_title>Drums of Autumn (Outlander, #4)</original_title>
  <original_language_id type="integer" nil="true"/>
  <media_type>book</media_type>
  <rating_dist>5:75265|4:48808|3:18551|2:2682|1:586|total:145892</rating_dist>
  <desc_user_id type="integer">6573290</desc_user_id>
  <default_chaptering_book_id type="integer" nil="true"/>
  <default_description_language_code nil="true"/>
</work>
  <average_rating>4.34</average_rating>
  <num_pages><![CDATA[880]]></num_pages>
  <format><![CDATA[Paperback]]></format>
  <edition_information><![CDATA[]]></edition_information>
  <ratings_count><![CDATA[123849]]></ratings_count>
  <text_reviews_count><![CDATA[4630]]></text_reviews_count>
  <url><![CDATA[https://www.goodreads.com/book/show/10988.Drums_of_Autumn]]></url>
  <link><![CDATA[https://www.goodreads.com/book/show/10988.Drums_of_Autumn]]></link>
  <authors>
<author>
<id>3617</id>
<name>Diana Gabaldon</name>
<role></role>
<image_url nophoto='false'>
<![CDATA[https://images.gr-assets.com/authors/1213918339p5/3617.jpg]]>
</image_url>
<small_image_url nophoto='false'>
<![CDATA[https://images.gr-assets.com/authors/1213918339p2/3617.jpg]]>
</small_image_url>
<link><![CDATA[https://www.goodreads.com/author/show/3617.Diana_Gabaldon]]></link>
<average_rating>4.25</average_rating>
<ratings_count>1708108</ratings_count>
<text_reviews_count>96996</text_reviews_count>
</author>
</authors>

    <reviews_widget>
      <![CDATA[
        <style>
  #goodreads-widget {
    font-family: georgia, serif;
    padding: 18px 0;
    width:565px;
  }
  #goodreads-widget h1 {
    font-weight:normal;
    font-size: 16px;
    border-bottom: 1px solid #BBB596;
    margin-bottom: 0;
  }
  #goodreads-widget a {
    text-decoration: none;
    color:#660;
  }
  iframe{
    background-color: #fff;
  }
  #goodreads-widget a:hover { text-decoration: underline; }
  #goodreads-widget a:active {
    color:#660;
  }
  #gr_footer {
    width: 100%;
    border-top: 1px solid #BBB596;
    text-align: right;
  }
  #goodreads-widget .gr_branding{
    color: #382110;
    font-size: 11px;
    text-decoration: none;
    font-family: "Helvetica Neue", Helvetica, Arial, sans-serif;
  }
</style>
<div id="goodreads-widget">
  <div id="gr_header"><h1><a rel="nofollow" href="https://www.goodreads.com/book/show/10988.Drums_of_Autumn">Drums of Autumn Reviews</a></h1></div>
  <iframe id="the_iframe" src="https://www.goodreads.com/api/reviews_widget_iframe?did=DEVELOPER_ID&amp;format=html&amp;isbn=0385335989&amp;links=660&amp;min_rating=&amp;review_back=fff&amp;stars=000&amp;text=000" width="565" height="400" frameborder="0"></iframe>
  <div id="gr_footer">
    <a class="gr_branding" target="_blank" rel="nofollow" href="https://www.goodreads.com/book/show/10988.Drums_of_Autumn?utm_medium=api&amp;utm_source=reviews_widget">Reviews from Goodreads.com</a>
  </div>
</div>

      ]]>
    </reviews_widget>
  <popular_shelves>
      <shelf name="to-read" count="6635"/>
      <shelf name="historical-fiction" count="3247"/>
      <shelf name="romance" count="1664"/>
      <shelf name="favorites" count="1371"/>
      <shelf name="fantasy" count="1240"/>
      <shelf name="fiction" count="1166"/>
      <shelf name="currently-reading" count="1010"/>
      <shelf name="historical" count="897"/>
      <shelf name="series" count="619"/>
      <shelf name="outlander" count="483"/>
      <shelf name="diana-gabaldon" count="472"/>
      <shelf name="books-i-own" count="405"/>
      <shelf name="owned" count="295"/>
      <shelf name="outlander-series" count="230"/>
      <shelf name="audiobook" count="209"/>
      <shelf name="adult" count="204"/>
      <shelf name="audiobooks" count="195"/>
      <shelf name="adventure" count="186"/>
      <shelf name="scotland" count="179"/>
      <shelf name="audible" count="169"/>
      <shelf name="history" count="165"/>
      <shelf name="audio" count="141"/>
      <shelf name="owned-books" count="138"/>
      <shelf name="adult-fiction" count="124"/>
      <shelf name="science-fiction" count="122"/>
      <shelf name="ebook" count="114"/>
      <shelf name="default" count="108"/>
      <shelf name="library" count="106"/>
      <shelf name="gabaldon" count="97"/>
      <shelf name="time-travel" count="91"/>
      <shelf name="favourites" count="90"/>
      <shelf name="re-read" count="90"/>
      <shelf name="sci-fi" count="86"/>
      <shelf name="to-buy" count="86"/>
      <shelf name="ebooks" count="85"/>
      <shelf name="read-in-2016" count="83"/>
      <shelf name="read-in-2015" count="82"/>
      <shelf name="audio-books" count="76"/>
      <shelf name="read-in-2014" count="76"/>
      <shelf name="paranormal" count="73"/>
      <shelf name="chick-lit" count="72"/>
      <shelf name="sci-fi-fantasy" count="70"/>
      <shelf name="audio-book" count="69"/>
      <shelf name="séries" count="68"/>
      <shelf name="my-books" count="67"/>
      <shelf name="18th-century" count="66"/>
      <shelf name="own-it" count="65"/>
      <shelf name="my-library" count="64"/>
      <shelf name="gabaldon-diana" count="63"/>
      <shelf name="all-time-favorites" count="55"/>
      <shelf name="i-own" count="53"/>
      <shelf name="read-in-2017" count="52"/>
      <shelf name="drama" count="50"/>
      <shelf name="historic-fiction" count="49"/>
      <shelf name="historical-fantasy" count="48"/>
      <shelf name="shelfari-favorites" count="47"/>
      <shelf name="e-book" count="47"/>
      <shelf name="romance-historical" count="47"/>
      <shelf name="e-books" count="46"/>
      <shelf name="historical-romance" count="45"/>
      <shelf name="favorite" count="45"/>
      <shelf name="favorite-series" count="45"/>
      <shelf name="read-2015" count="44"/>
      <shelf name="epic" count="44"/>
      <shelf name="read-2014" count="42"/>
      <shelf name="fiction-historical" count="41"/>
      <shelf name="favorite-authors" count="41"/>
      <shelf name="5-stars" count="41"/>
      <shelf name="favorite-books" count="40"/>
      <shelf name="novels" count="40"/>
      <shelf name="fantasy-sci-fi" count="40"/>
      <shelf name="historicalfiction" count="39"/>
      <shelf name="wish-list" count="39"/>
      <shelf name="time-travel-romance" count="38"/>
      <shelf name="read-in-2013" count="36"/>
      <shelf name="general-fiction" count="36"/>
      <shelf name="part-of-a-series" count="36"/>
      <shelf name="need-to-buy" count="35"/>
      <shelf name="nook" count="35"/>
      <shelf name="reread" count="35"/>
      <shelf name="travel" count="34"/>
      <shelf name="read-2016" count="33"/>
      <shelf name="supernatural" count="33"/>
      <shelf name="tbr" count="32"/>
      <shelf name="read-in-2012" count="32"/>
      <shelf name="scottish" count="32"/>
      <shelf name="re-reads" count="32"/>
      <shelf name="paranormal-romance" count="32"/>
      <shelf name="finished" count="31"/>
      <shelf name="guilty-pleasures" count="31"/>
      <shelf name="timetravel" count="30"/>
      <shelf name="re-reading" count="30"/>
      <shelf name="colonial-america" count="29"/>
      <shelf name="paperback" count="28"/>
      <shelf name="read-in-2011" count="28"/>
      <shelf name="abandoned" count="28"/>
      <shelf name="read-more-than-once" count="27"/>
      <shelf name="kindle" count="26"/>
      <shelf name="america" count="26"/>
      <shelf name="2015-reads" count="26"/>
  </popular_shelves>
  <book_links>
    <book_link>
  <id>8</id>
  <name>Libraries</name>
  <link>https://www.goodreads.com/book_link/follow/8</link>
</book_link>

  </book_links>
  <buy_links>
    <buy_link>
<id>1</id>
<name>Amazon</name>
<link>https://www.goodreads.com/book_link/follow/1</link>
</buy_link>
<buy_link>
<id>10</id>
<name>Audible</name>
<link>https://www.goodreads.com/book_link/follow/10</link>
</buy_link>
<buy_link>
<id>3</id>
<name>Barnes &amp; Noble</name>
<link>https://www.goodreads.com/book_link/follow/3</link>
</buy_link>
<buy_link>
<id>1027</id>
<name>Kobo</name>
<link>https://www.goodreads.com/book_link/follow/1027</link>
</buy_link>
<buy_link>
<id>2102</id>
<name>Apple iBooks</name>
<link>https://www.goodreads.com/book_link/follow/2102</link>
</buy_link>
<buy_link>
<id>8036</id>
<name>Google Play</name>
<link>https://www.goodreads.com/book_link/follow/8036</link>
</buy_link>
<buy_link>
<id>4</id>
<name>Abebooks</name>
<link>https://www.goodreads.com/book_link/follow/4</link>
</buy_link>
<buy_link>
<id>882</id>
<name>Book Depository</name>
<link>https://www.goodreads.com/book_link/follow/882</link>
</buy_link>
<buy_link>
<id>9</id>
<name>Indigo</name>
<link>https://www.goodreads.com/book_link/follow/9</link>
</buy_link>
<buy_link>
<id>2</id>
<name>Half.com</name>
<link>https://www.goodreads.com/book_link/follow/2</link>
</buy_link>
<buy_link>
<id>5</id>
<name>Alibris</name>
<link>https://www.goodreads.com/book_link/follow/5</link>
</buy_link>
<buy_link>
<id>107</id>
<name>Better World Books</name>
<link>https://www.goodreads.com/book_link/follow/107</link>
</buy_link>
<buy_link>
<id>7</id>
<name>IndieBound</name>
<link>https://www.goodreads.com/book_link/follow/7</link>
</buy_link>

  </buy_links>
  <series_works>
    <series_work>
<id>165296</id>
<user_position>4</user_position>
<series>
<id>43943</id>
<title>
<![CDATA[
    Outlander
]]>
</title>
<description>
<![CDATA[
    Please note: This series is comprised of one epic story. Each book is like a chapter in that larger story. It is recommended that you read the books in the order they were published. 
    
    <b>Related Series</b>
    <a href="http://www.goodreads.com/series/44511-lord-john-grey">The Lord John Grey Series</a>. In the greater Outlander Chronology, the Lord John Grey stories occur during the years covered in Voyager. 
    
    You can find the reading order of the Lord John Grey series and Outlander series <a href="http://www.dianagabaldon.com/books/chronology-of-the-outlander-series/">here</a>.
]]>
</description>
<note>
<![CDATA[
    DO NOT change the numbering and keep the Lord John Grey series separate.
]]>
</note>
<series_works_count>27</series_works_count>
<primary_work_count>9</primary_work_count>
<numbered>true</numbered>
</series>

</series_work>
<series_work>
<id>517869</id>
<user_position>6</user_position>
<series>
<id>106893</id>
<title>
<![CDATA[
    Le Chardon et le Tartan
]]>
</title>
<description>
<![CDATA[
    French Translation of <a href="http://www.goodreads.com/series/43943-outlander">Outlander</a>
    
    Le Chardon et le Tartan is the French series from publisher J'ai Lu.
    There is also a French series that is called Le cercle de Pierre. 
    Some newer French editions have Outlander as series name.
]]>
</description>
<note>
<![CDATA[
    See Wikipedia for the different ways the books are split up in French, sometimes with the same title and different content: https://fr.wikipedia.org/wiki/Le_Chardon_et_le_Tartan
]]>
</note>
<series_works_count>13</series_works_count>
<primary_work_count>13</primary_work_count>
<numbered>true</numbered>
</series>

</series_work>

  </series_works>
  <similar_books>
          <book>
<id>72855</id>
<title><![CDATA[Lake in the Clouds (Wilderness, #3)]]></title>
<title_without_series>Lake in the Clouds</title_without_series>
<link><![CDATA[https://www.goodreads.com/book/show/72855.Lake_in_the_Clouds]]></link>
<small_image_url><![CDATA[https://images.gr-assets.com/books/1367533032s/72855.jpg]]></small_image_url>
<image_url><![CDATA[https://images.gr-assets.com/books/1367533032m/72855.jpg]]></image_url>
<num_pages>651</num_pages>
<work>
<id>845657</id>
</work>
<isbn>0553582798</isbn>
<isbn13>9780553582796</isbn13>
<average_rating>4.31</average_rating>
<ratings_count>10186</ratings_count>
<publication_year></publication_year>
<publication_month></publication_month>
<publication_day></publication_day>
<authors>
<author>
<id>41193</id>
<name>Sara Donati</name>
<link><![CDATA[https://www.goodreads.com/author/show/41193.Sara_Donati]]></link>
</author>
</authors>
</book>

          <book>
<id>2511327</id>
<title><![CDATA[Soul of a Highlander (Daughters of the Glen, #3)]]></title>
<title_without_series>Soul of a Highlander</title_without_series>
<link><![CDATA[https://www.goodreads.com/book/show/2511327.Soul_of_a_Highlander]]></link>
<small_image_url><![CDATA[https://images.gr-assets.com/books/1327973544s/2511327.jpg]]></small_image_url>
<image_url><![CDATA[https://images.gr-assets.com/books/1327973544m/2511327.jpg]]></image_url>
<num_pages>352</num_pages>
<work>
<id>2518698</id>
</work>
<isbn>1416572589</isbn>
<isbn13>9781416572589</isbn13>
<average_rating>4.16</average_rating>
<ratings_count>2138</ratings_count>
<publication_year>2008</publication_year>
<publication_month>5</publication_month>
<publication_day>20</publication_day>
<authors>
<author>
<id>389599</id>
<name>Melissa Mayhue</name>
<link><![CDATA[https://www.goodreads.com/author/show/389599.Melissa_Mayhue]]></link>
</author>
</authors>
</book>

          <book>
<id>3711150</id>
<title><![CDATA[Untamed (MacKinnon's Rangers, #2)]]></title>
<title_without_series>Untamed</title_without_series>
<link><![CDATA[https://www.goodreads.com/book/show/3711150-untamed]]></link>
<small_image_url><![CDATA[https://images.gr-assets.com/books/1325216112s/3711150.jpg]]></small_image_url>
<image_url><![CDATA[https://images.gr-assets.com/books/1325216112m/3711150.jpg]]></image_url>
<num_pages>347</num_pages>
<work>
<id>3754715</id>
</work>
<isbn>0843954892</isbn>
<isbn13>9780843954890</isbn13>
<average_rating>4.26</average_rating>
<ratings_count>3196</ratings_count>
<publication_year></publication_year>
<publication_month></publication_month>
<publication_day></publication_day>
<authors>
<author>
<id>92650</id>
<name>Pamela Clare</name>
<link><![CDATA[https://www.goodreads.com/author/show/92650.Pamela_Clare]]></link>
</author>
</authors>
</book>

          <book>
<id>4728979</id>
<title><![CDATA[Silent on the Moor (Lady Julia Grey, #3)]]></title>
<title_without_series>Silent on the Moor</title_without_series>
<link><![CDATA[https://www.goodreads.com/book/show/4728979-silent-on-the-moor]]></link>
<small_image_url><![CDATA[https://images.gr-assets.com/books/1475894981s/4728979.jpg]]></small_image_url>
<image_url><![CDATA[https://images.gr-assets.com/books/1475894981m/4728979.jpg]]></image_url>
<num_pages>465</num_pages>
<work>
<id>4793486</id>
</work>
<isbn>0778326144</isbn>
<isbn13>9780778326144</isbn13>
<average_rating>4.04</average_rating>
<ratings_count>9435</ratings_count>
<publication_year>2009</publication_year>
<publication_month></publication_month>
<publication_day></publication_day>
<authors>
<author>
<id>156327</id>
<name>Deanna Raybourn</name>
<link><![CDATA[https://www.goodreads.com/author/show/156327.Deanna_Raybourn]]></link>
</author>
</authors>
</book>

          <book>
<id>1363577</id>
<title><![CDATA[The Seduction of the Crimson Rose (Pink Carnation, #4)]]></title>
<title_without_series><![CDATA[The Seduction of the Crimson Rose]]></title_without_series>
<link><![CDATA[https://www.goodreads.com/book/show/1363577.The_Seduction_of_the_Crimson_Rose]]></link>
<small_image_url><![CDATA[https://s.gr-assets.com/assets/nophoto/book/50x75-a91bf249278a81aabab721ef782c4a74.png]]></small_image_url>
<image_url><![CDATA[https://s.gr-assets.com/assets/nophoto/book/111x148-bcc042a9c91a29c1d680899eff700a03.png]]></image_url>
<num_pages>385</num_pages>
<work>
<id>1353384</id>
</work>
<isbn>0525950338</isbn>
<isbn13>9780525950332</isbn13>
<average_rating>3.86</average_rating>
<ratings_count>7307</ratings_count>
<publication_year>2008</publication_year>
<publication_month>1</publication_month>
<publication_day>31</publication_day>
<authors>
<author>
<id>14469</id>
<name>Lauren Willig</name>
<link><![CDATA[https://www.goodreads.com/author/show/14469.Lauren_Willig]]></link>
</author>
</authors>
</book>

          <book>
<id>815150</id>
<title><![CDATA[The Highlander's Touch (Highlander, #3)]]></title>
<title_without_series>The Highlander&apos;s Touch</title_without_series>
<link><![CDATA[https://www.goodreads.com/book/show/815150.The_Highlander_s_Touch]]></link>
<small_image_url><![CDATA[https://images.gr-assets.com/books/1257330461s/815150.jpg]]></small_image_url>
<image_url><![CDATA[https://images.gr-assets.com/books/1257330461m/815150.jpg]]></image_url>
<num_pages>356</num_pages>
<work>
<id>1676569</id>
</work>
<isbn>044024417X</isbn>
<isbn13>9780440244172</isbn13>
<average_rating>4.14</average_rating>
<ratings_count>25402</ratings_count>
<publication_year>2007</publication_year>
<publication_month>5</publication_month>
<publication_day>29</publication_day>
<authors>
<author>
<id>48206</id>
<name>Karen Marie Moning</name>
<link><![CDATA[https://www.goodreads.com/author/show/48206.Karen_Marie_Moning]]></link>
</author>
</authors>
</book>

          <book>
<id>160414</id>
<title><![CDATA[Tempting the Highlander (Highlander, #4)]]></title>
<title_without_series>Tempting the Highlander</title_without_series>
<link><![CDATA[https://www.goodreads.com/book/show/160414.Tempting_the_Highlander]]></link>
<small_image_url><![CDATA[https://s.gr-assets.com/assets/nophoto/book/50x75-a91bf249278a81aabab721ef782c4a74.png]]></small_image_url>
<image_url><![CDATA[https://s.gr-assets.com/assets/nophoto/book/111x148-bcc042a9c91a29c1d680899eff700a03.png]]></image_url>
<num_pages>355</num_pages>
<work>
<id>154835</id>
</work>
<isbn>0743486307</isbn>
<isbn13>9780743486309</isbn13>
<average_rating>4.31</average_rating>
<ratings_count>3174</ratings_count>
<publication_year></publication_year>
<publication_month></publication_month>
<publication_day></publication_day>
<authors>
<author>
<id>28375</id>
<name>Janet Chapman</name>
<link><![CDATA[https://www.goodreads.com/author/show/28375.Janet_Chapman]]></link>
</author>
</authors>
</book>

          <book>
<id>816580</id>
<title><![CDATA[The More I See You (de Piaget, #7; de Piaget/MacLeod, #6)]]></title>
<title_without_series>The More I See You</title_without_series>
<link><![CDATA[https://www.goodreads.com/book/show/816580.The_More_I_See_You]]></link>
<small_image_url><![CDATA[https://s.gr-assets.com/assets/nophoto/book/50x75-a91bf249278a81aabab721ef782c4a74.png]]></small_image_url>
<image_url><![CDATA[https://s.gr-assets.com/assets/nophoto/book/111x148-bcc042a9c91a29c1d680899eff700a03.png]]></image_url>
<num_pages>400</num_pages>
<work>
<id>49535</id>
</work>
<isbn>0425171078</isbn>
<isbn13>9780425171073</isbn13>
<average_rating>4.29</average_rating>
<ratings_count>2634</ratings_count>
<publication_year>1999</publication_year>
<publication_month>10</publication_month>
<publication_day>1</publication_day>
<authors>
<author>
<id>10359</id>
<name>Lynn Kurland</name>
<link><![CDATA[https://www.goodreads.com/author/show/10359.Lynn_Kurland]]></link>
</author>
</authors>
</book>

          <book>
<id>707222</id>
<title><![CDATA[The Blood of Roses (Highlands, #2)]]></title>
<title_without_series>The Blood of Roses</title_without_series>
<link><![CDATA[https://www.goodreads.com/book/show/707222.The_Blood_of_Roses]]></link>
<small_image_url><![CDATA[https://images.gr-assets.com/books/1344913255s/707222.jpg]]></small_image_url>
<image_url><![CDATA[https://images.gr-assets.com/books/1344913255m/707222.jpg]]></image_url>
<num_pages>564</num_pages>
<work>
<id>693499</id>
</work>
<isbn>0440224551</isbn>
<isbn13>9780440224556</isbn13>
<average_rating>4.10</average_rating>
<ratings_count>1986</ratings_count>
<publication_year>1998</publication_year>
<publication_month>5</publication_month>
<publication_day>11</publication_day>
<authors>
<author>
<id>371595</id>
<name>Marsha Canham</name>
<link><![CDATA[https://www.goodreads.com/author/show/371595.Marsha_Canham]]></link>
</author>
</authors>
</book>

          <book>
<id>481524</id>
<title>Kilgannon (Kilgannon, #1)</title>
<title_without_series>Kilgannon</title_without_series>
<link><![CDATA[https://www.goodreads.com/book/show/481524.Kilgannon]]></link>
<small_image_url><![CDATA[https://images.gr-assets.com/books/1403167019s/481524.jpg]]></small_image_url>
<image_url><![CDATA[https://images.gr-assets.com/books/1403167019m/481524.jpg]]></image_url>
<num_pages>400</num_pages>
<work>
<id>469890</id>
</work>
<isbn>0440235677</isbn>
<isbn13>9780440235675</isbn13>
<average_rating>3.79</average_rating>
<ratings_count>1065</ratings_count>
<publication_year>1999</publication_year>
<publication_month>10</publication_month>
<publication_day>12</publication_day>
<authors>
<author>
<id>269098</id>
<name>Kathleen Givens</name>
<link><![CDATA[https://www.goodreads.com/author/show/269098.Kathleen_Givens]]></link>
</author>
</authors>
</book>

          <book>
<id>481645</id>
<title><![CDATA[Lady of the Glen: A Novel of 17th-Century Scotland and the Massacre of Glencoe]]></title>
<title_without_series><![CDATA[Lady of the Glen: A Novel of 17th-Century Scotland and the Massacre of Glencoe]]></title_without_series>
<link><![CDATA[https://www.goodreads.com/book/show/481645.Lady_of_the_Glen]]></link>
<small_image_url><![CDATA[https://s.gr-assets.com/assets/nophoto/book/50x75-a91bf249278a81aabab721ef782c4a74.png]]></small_image_url>
<image_url><![CDATA[https://s.gr-assets.com/assets/nophoto/book/111x148-bcc042a9c91a29c1d680899eff700a03.png]]></image_url>
<num_pages>556</num_pages>
<work>
<id>470009</id>
</work>
<isbn>1575662892</isbn>
<isbn13>9781575662893</isbn13>
<average_rating>3.92</average_rating>
<ratings_count>1110</ratings_count>
<publication_year>1998</publication_year>
<publication_month>5</publication_month>
<publication_day>1</publication_day>
<authors>
<author>
<id>8659</id>
<name>Jennifer Roberson</name>
<link><![CDATA[https://www.goodreads.com/author/show/8659.Jennifer_Roberson]]></link>
</author>
</authors>
</book>

  </similar_books>
</book>

</GoodreadsResponse>