<?xml version="1.0" encoding="UTF-8"?>
<GoodreadsResponse>
  <Request>
    <authentication>true</authentication>
      <key><![CDATA[all_men_must_serve]]></key>
    <method><![CDATA[book_show]]></method>
  </Request>
  <book>
  <id>1099301</id>
  <title><![CDATA[The Name of This Book Is Secret (Secret, #1)]]></title>
  <isbn><![CDATA[0316113662]]></isbn>
  <isbn13><![CDATA[9780316113663]]></isbn13>
  <asin><![CDATA[]]></asin>
  <kindle_asin><![CDATA[B00K1XTPRK]]></kindle_asin>
  <marketplace_id><![CDATA[A1F83G8C2ARO7P]]></marketplace_id>
  <country_code><![CDATA[GB]]></country_code>
  <image_url>https://s.gr-assets.com/assets/nophoto/book/111x148-bcc042a9c91a29c1d680899eff700a03.png</image_url>
  <small_image_url>https://s.gr-assets.com/assets/nophoto/book/50x75-a91bf249278a81aabab721ef782c4a74.png</small_image_url>
  <publication_year></publication_year>
  <publication_month></publication_month>
  <publication_day></publication_day>
  <publisher></publisher>
  <language_code>en-US</language_code>
  <is_ebook>false</is_ebook>
  <description><![CDATA[<i>Warning: </i><i>this description has not been authorized by Pseudonymous Bosch.</i> <br />As much as he'd love to sing the praises of his book (he is very vain), he wouldn't want you to hear about his brave 11-year old heroes, Cass and Max-Ernest. Or about how a mysterious box of vials, the Symphony of Smells, sends them on the trail of a magician who has vanished under strange (and stinky) circumstances. And he certainly wouldn't want you to know about the hair-raising adventures that follow and the nefarious villains they face. You see, not only is the name of this book secret, the story inside is, too. For it concerns a secret. A Big Secret.]]></description>
  <work>
  <id type="integer">1086172</id>
  <books_count type="integer">46</books_count>
  <best_book_id type="integer">1099301</best_book_id>
  <reviews_count type="integer">70629</reviews_count>
  <ratings_sum type="integer">170716</ratings_sum>
  <ratings_count type="integer">42228</ratings_count>
  <text_reviews_count type="integer">3182</text_reviews_count>
  <original_publication_year type="integer">2007</original_publication_year>
  <original_publication_month type="integer" nil="true"/>
  <original_publication_day type="integer" nil="true"/>
  <original_title>The Name of This Book Is Secret</original_title>
  <original_language_id type="integer" nil="true"/>
  <media_type>book</media_type>
  <rating_dist>5:17361|4:13543|3:8135|2:2145|1:1044|total:42228</rating_dist>
  <desc_user_id type="integer">3577827</desc_user_id>
  <default_chaptering_book_id type="integer" nil="true"/>
  <default_description_language_code nil="true"/>
</work>
  <average_rating>4.04</average_rating>
  <num_pages><![CDATA[364]]></num_pages>
  <format><![CDATA[]]></format>
  <edition_information><![CDATA[]]></edition_information>
  <ratings_count><![CDATA[39474]]></ratings_count>
  <text_reviews_count><![CDATA[2767]]></text_reviews_count>
  <url><![CDATA[https://www.goodreads.com/book/show/1099301.The_Name_of_This_Book_Is_Secret]]></url>
  <link><![CDATA[https://www.goodreads.com/book/show/1099301.The_Name_of_This_Book_Is_Secret]]></link>
  <authors>
<author>
<id>543080</id>
<name>Pseudonymous Bosch</name>
<role></role>
<image_url nophoto='false'>
<![CDATA[https://images.gr-assets.com/authors/1484267819p5/543080.jpg]]>
</image_url>
<small_image_url nophoto='false'>
<![CDATA[https://images.gr-assets.com/authors/1484267819p2/543080.jpg]]>
</small_image_url>
<link><![CDATA[https://www.goodreads.com/author/show/543080.Pseudonymous_Bosch]]></link>
<average_rating>4.18</average_rating>
<ratings_count>106684</ratings_count>
<text_reviews_count>6411</text_reviews_count>
</author>
<author>
<id>3009553</id>
<name>Gilbert Ford</name>
<role>Illustrator</role>
<image_url nophoto='true'>
<![CDATA[https://s.gr-assets.com/assets/nophoto/user/u_200x266-e183445fd1a1b5cc7075bb1cf7043306.png]]>
</image_url>
<small_image_url nophoto='true'>
<![CDATA[https://s.gr-assets.com/assets/nophoto/user/u_50x66-632230dc9882b4352d753eedf9396530.png]]>
</small_image_url>
<link><![CDATA[https://www.goodreads.com/author/show/3009553.Gilbert_Ford]]></link>
<average_rating>4.16</average_rating>
<ratings_count>91451</ratings_count>
<text_reviews_count>5438</text_reviews_count>
</author>
</authors>

    <reviews_widget>
      <![CDATA[
        <style>
  #goodreads-widget {
    font-family: georgia, serif;
    padding: 18px 0;
    width:565px;
  }
  #goodreads-widget h1 {
    font-weight:normal;
    font-size: 16px;
    border-bottom: 1px solid #BBB596;
    margin-bottom: 0;
  }
  #goodreads-widget a {
    text-decoration: none;
    color:#660;
  }
  iframe{
    background-color: #fff;
  }
  #goodreads-widget a:hover { text-decoration: underline; }
  #goodreads-widget a:active {
    color:#660;
  }
  #gr_footer {
    width: 100%;
    border-top: 1px solid #BBB596;
    text-align: right;
  }
  #goodreads-widget .gr_branding{
    color: #382110;
    font-size: 11px;
    text-decoration: none;
    font-family: "Helvetica Neue", Helvetica, Arial, sans-serif;
  }
</style>
<div id="goodreads-widget">
  <div id="gr_header"><h1><a rel="nofollow" href="https://www.goodreads.com/book/show/1099301.The_Name_of_This_Book_Is_Secret">The Name of This Book Is Secret Reviews</a></h1></div>
  <iframe id="the_iframe" src="https://www.goodreads.com/api/reviews_widget_iframe?did=DEVELOPER_ID&amp;format=html&amp;isbn=0316113662&amp;links=660&amp;min_rating=&amp;review_back=fff&amp;stars=000&amp;text=000" width="565" height="400" frameborder="0"></iframe>
  <div id="gr_footer">
    <a class="gr_branding" target="_blank" rel="nofollow" href="https://www.goodreads.com/book/show/1099301.The_Name_of_This_Book_Is_Secret?utm_medium=api&amp;utm_source=reviews_widget">Reviews from Goodreads.com</a>
  </div>
</div>

      ]]>
    </reviews_widget>
  <popular_shelves>
      <shelf name="currently-reading" count="821"/>
      <shelf name="favorites" count="605"/>
      <shelf name="mystery" count="544"/>
      <shelf name="fantasy" count="409"/>
      <shelf name="to-read" count="255"/>
      <shelf name="series" count="230"/>
      <shelf name="fiction" count="224"/>
      <shelf name="adventure" count="216"/>
      <shelf name="young-adult" count="207"/>
      <shelf name="middle-grade" count="196"/>
      <shelf name="books-i-own" count="180"/>
      <shelf name="childrens" count="176"/>
      <shelf name="children" count="129"/>
      <shelf name="owned" count="129"/>
      <shelf name="humor" count="101"/>
      <shelf name="children-s" count="91"/>
      <shelf name="kids" count="86"/>
      <shelf name="ya" count="67"/>
      <shelf name="children-s-books" count="56"/>
      <shelf name="magic" count="52"/>
      <shelf name="juvenile" count="52"/>
      <shelf name="owned-books" count="49"/>
      <shelf name="pseudonymous-bosch" count="42"/>
      <shelf name="kids-books" count="40"/>
      <shelf name="library" count="39"/>
      <shelf name="secret" count="38"/>
      <shelf name="middle-school" count="36"/>
      <shelf name="secret-series" count="35"/>
      <shelf name="funny" count="35"/>
      <shelf name="juvenile-fiction" count="35"/>
      <shelf name="my-books" count="32"/>
      <shelf name="childrens-books" count="32"/>
      <shelf name="i-own" count="30"/>
      <shelf name="ebook" count="28"/>
      <shelf name="mysteries" count="28"/>
      <shelf name="favorite-books" count="26"/>
      <shelf name="audiobook" count="26"/>
      <shelf name="kindle" count="26"/>
      <shelf name="to-buy" count="26"/>
      <shelf name="4-stars" count="25"/>
      <shelf name="friendship" count="24"/>
      <shelf name="synesthesia" count="24"/>
      <shelf name="default" count="23"/>
      <shelf name="favourites" count="22"/>
      <shelf name="kid-lit" count="22"/>
      <shelf name="my-library" count="21"/>
      <shelf name="middle-grades" count="21"/>
      <shelf name="audio" count="21"/>
      <shelf name="children-s-lit" count="19"/>
      <shelf name="reread" count="18"/>
      <shelf name="elementary" count="18"/>
      <shelf name="re-read" count="17"/>
      <shelf name="favorite" count="17"/>
      <shelf name="realistic-fiction" count="17"/>
      <shelf name="youth" count="17"/>
      <shelf name="children-s-literature" count="17"/>
      <shelf name="borrowed" count="16"/>
      <shelf name="novels" count="15"/>
      <shelf name="awesome" count="15"/>
      <shelf name="ebooks" count="15"/>
      <shelf name="all-time-favorites" count="15"/>
      <shelf name="mg" count="15"/>
      <shelf name="humorous" count="15"/>
      <shelf name="read-in-2013" count="14"/>
      <shelf name="classroom-library" count="14"/>
      <shelf name="read-in-2012" count="14"/>
      <shelf name="abandoned" count="14"/>
      <shelf name="magicians" count="14"/>
      <shelf name="action-adventure" count="14"/>
      <shelf name="comedy" count="14"/>
      <shelf name="young-readers" count="14"/>
      <shelf name="children-s-fiction" count="14"/>
      <shelf name="shelfari-favorites" count="13"/>
      <shelf name="read-in-2014" count="13"/>
      <shelf name="books-i-have" count="13"/>
      <shelf name="childhood-favorites" count="13"/>
      <shelf name="maybe" count="13"/>
      <shelf name="suspense" count="13"/>
      <shelf name="4th-grade" count="13"/>
      <shelf name="first-in-series" count="13"/>
      <shelf name="sci-fi" count="13"/>
      <shelf name="mystery-thriller" count="13"/>
      <shelf name="humour" count="12"/>
      <shelf name="bluestem-2013" count="12"/>
      <shelf name="audiobooks" count="12"/>
      <shelf name="books" count="12"/>
      <shelf name="novel" count="12"/>
      <shelf name="to-re-read" count="12"/>
      <shelf name="tween" count="12"/>
      <shelf name="school" count="12"/>
      <shelf name="nook" count="12"/>
      <shelf name="the-secret-series" count="12"/>
      <shelf name="on-my-bookshelf" count="12"/>
      <shelf name="wish-list" count="12"/>
      <shelf name="childhood-books" count="11"/>
      <shelf name="action" count="11"/>
      <shelf name="book-club" count="11"/>
      <shelf name="own-it" count="11"/>
      <shelf name="read-aloud" count="11"/>
      <shelf name="contemporary" count="10"/>
  </popular_shelves>
  <book_links>
    <book_link>
  <id>8</id>
  <name>Libraries</name>
  <link>https://www.goodreads.com/book_link/follow/8</link>
</book_link>

  </book_links>
  <buy_links>
    <buy_link>
<id>1</id>
<name>Amazon</name>
<link>https://www.goodreads.com/book_link/follow/1</link>
</buy_link>
<buy_link>
<id>10</id>
<name>Audible</name>
<link>https://www.goodreads.com/book_link/follow/10</link>
</buy_link>
<buy_link>
<id>3</id>
<name>Barnes &amp; Noble</name>
<link>https://www.goodreads.com/book_link/follow/3</link>
</buy_link>
<buy_link>
<id>1027</id>
<name>Kobo</name>
<link>https://www.goodreads.com/book_link/follow/1027</link>
</buy_link>
<buy_link>
<id>2102</id>
<name>Apple iBooks</name>
<link>https://www.goodreads.com/book_link/follow/2102</link>
</buy_link>
<buy_link>
<id>8036</id>
<name>Google Play</name>
<link>https://www.goodreads.com/book_link/follow/8036</link>
</buy_link>
<buy_link>
<id>4</id>
<name>Abebooks</name>
<link>https://www.goodreads.com/book_link/follow/4</link>
</buy_link>
<buy_link>
<id>882</id>
<name>Book Depository</name>
<link>https://www.goodreads.com/book_link/follow/882</link>
</buy_link>
<buy_link>
<id>9</id>
<name>Indigo</name>
<link>https://www.goodreads.com/book_link/follow/9</link>
</buy_link>
<buy_link>
<id>2</id>
<name>Half.com</name>
<link>https://www.goodreads.com/book_link/follow/2</link>
</buy_link>
<buy_link>
<id>5</id>
<name>Alibris</name>
<link>https://www.goodreads.com/book_link/follow/5</link>
</buy_link>
<buy_link>
<id>107</id>
<name>Better World Books</name>
<link>https://www.goodreads.com/book_link/follow/107</link>
</buy_link>
<buy_link>
<id>7</id>
<name>IndieBound</name>
<link>https://www.goodreads.com/book_link/follow/7</link>
</buy_link>

  </buy_links>
  <series_works>
    <series_work>
<id>275960</id>
<user_position>1</user_position>
<series>
<id>63614</id>
<title>
<![CDATA[
    Secret
]]>
</title>
<description>
<![CDATA[
    "The Secret" is a secret, secret, the entire Secret Series is based upon a secret. It is said to be the formula for immortality.
    A pentalogy of novels that is based on the five senses:
    The Name of This Book Is Secret - Smell.
    If You're Reading This, It's Too Late - Sound.
    This Book Is Not Good for You - Taste.
    This Isn't What It Looks Like - Sight.
    You Have To Stop This - Touch.
]]>
</description>
<note>
<![CDATA[
]]>
</note>
<series_works_count>7</series_works_count>
<primary_work_count>7</primary_work_count>
<numbered>true</numbered>
</series>

</series_work>

  </series_works>
  <similar_books>
          <book>
<id>2159225</id>
<title><![CDATA[The Mysterious Benedict Society and the Perilous Journey (The Mysterious Benedict Society, #2)]]></title>
<title_without_series><![CDATA[The Mysterious Benedict Society and the Perilous Journey]]></title_without_series>
<link><![CDATA[https://www.goodreads.com/book/show/2159225.The_Mysterious_Benedict_Society_and_the_Perilous_Journey]]></link>
<small_image_url><![CDATA[https://s.gr-assets.com/assets/nophoto/book/50x75-a91bf249278a81aabab721ef782c4a74.png]]></small_image_url>
<image_url><![CDATA[https://s.gr-assets.com/assets/nophoto/book/111x148-bcc042a9c91a29c1d680899eff700a03.png]]></image_url>
<num_pages>440</num_pages>
<work>
<id>2927650</id>
</work>
<isbn>0316057800</isbn>
<isbn13>9780316057806</isbn13>
<average_rating>4.19</average_rating>
<ratings_count>33876</ratings_count>
<publication_year></publication_year>
<publication_month></publication_month>
<publication_day></publication_day>
<authors>
<author>
<id>47672</id>
<name>Trenton Lee Stewart</name>
<link><![CDATA[https://www.goodreads.com/author/show/47672.Trenton_Lee_Stewart]]></link>
</author>
</authors>
</book>

          <book>
<id>1575453</id>
<title><![CDATA[The Puzzling World of Winston Breen (The Puzzling World of Winston Breen #1)]]></title>
<title_without_series><![CDATA[The Puzzling World of Winston Breen]]></title_without_series>
<link><![CDATA[https://www.goodreads.com/book/show/1575453.The_Puzzling_World_of_Winston_Breen]]></link>
<small_image_url><![CDATA[https://s.gr-assets.com/assets/nophoto/book/50x75-a91bf249278a81aabab721ef782c4a74.png]]></small_image_url>
<image_url><![CDATA[https://s.gr-assets.com/assets/nophoto/book/111x148-bcc042a9c91a29c1d680899eff700a03.png]]></image_url>
<num_pages>224</num_pages>
<work>
<id>1568189</id>
</work>
<isbn>0399246932</isbn>
<isbn13>9780399246937</isbn13>
<average_rating>3.86</average_rating>
<ratings_count>2314</ratings_count>
<publication_year>2007</publication_year>
<publication_month>9</publication_month>
<publication_day>20</publication_day>
<authors>
<author>
<id>731852</id>
<name>Eric Berlin</name>
<link><![CDATA[https://www.goodreads.com/author/show/731852.Eric_Berlin]]></link>
</author>
</authors>
</book>

          <book>
<id>6676264</id>
<title>A Whole Nother Story</title>
<title_without_series>A Whole Nother Story</title_without_series>
<link><![CDATA[https://www.goodreads.com/book/show/6676264-a-whole-nother-story]]></link>
<small_image_url><![CDATA[https://s.gr-assets.com/assets/nophoto/book/50x75-a91bf249278a81aabab721ef782c4a74.png]]></small_image_url>
<image_url><![CDATA[https://s.gr-assets.com/assets/nophoto/book/111x148-bcc042a9c91a29c1d680899eff700a03.png]]></image_url>
<num_pages></num_pages>
<work>
<id>6871360</id>
</work>
<isbn>1599904357</isbn>
<isbn13>9781599904351</isbn13>
<average_rating>3.98</average_rating>
<ratings_count>3471</ratings_count>
<publication_year></publication_year>
<publication_month></publication_month>
<publication_day></publication_day>
<authors>
<author>
<id>4894063</id>
<name>Cuthbert Soup</name>
<link><![CDATA[https://www.goodreads.com/author/show/4894063.Cuthbert_Soup]]></link>
</author>
</authors>
</book>

          <book>
<id>4581447</id>
<title><![CDATA[The Ring of Rocamadour (The Red Blazer Girls, #1)]]></title>
<title_without_series>The Ring of Rocamadour</title_without_series>
<link><![CDATA[https://www.goodreads.com/book/show/4581447-the-ring-of-rocamadour]]></link>
<small_image_url><![CDATA[https://images.gr-assets.com/books/1320427707s/4581447.jpg]]></small_image_url>
<image_url><![CDATA[https://images.gr-assets.com/books/1320427707m/4581447.jpg]]></image_url>
<num_pages>304</num_pages>
<work>
<id>4630843</id>
</work>
<isbn>0375848142</isbn>
<isbn13>9780375848148</isbn13>
<average_rating>3.77</average_rating>
<ratings_count>2213</ratings_count>
<publication_year>2009</publication_year>
<publication_month>4</publication_month>
<publication_day>14</publication_day>
<authors>
<author>
<id>1908142</id>
<name>Michael D. Beil</name>
<link><![CDATA[https://www.goodreads.com/author/show/1908142.Michael_D_Beil]]></link>
</author>
</authors>
</book>

          <book>
<id>1381691</id>
<title><![CDATA[Emmy and the Incredible Shrinking Rat (Emmy, #1)]]></title>
<title_without_series><![CDATA[Emmy and the Incredible Shrinking Rat]]></title_without_series>
<link><![CDATA[https://www.goodreads.com/book/show/1381691.Emmy_and_the_Incredible_Shrinking_Rat]]></link>
<small_image_url><![CDATA[https://s.gr-assets.com/assets/nophoto/book/50x75-a91bf249278a81aabab721ef782c4a74.png]]></small_image_url>
<image_url><![CDATA[https://s.gr-assets.com/assets/nophoto/book/111x148-bcc042a9c91a29c1d680899eff700a03.png]]></image_url>
<num_pages>346</num_pages>
<work>
<id>1371658</id>
</work>
<isbn>080508150X</isbn>
<isbn13>9780805081503</isbn13>
<average_rating>3.84</average_rating>
<ratings_count>5817</ratings_count>
<publication_year>2007</publication_year>
<publication_month>8</publication_month>
<publication_day>7</publication_day>
<authors>
<author>
<id>393138</id>
<name>Lynne Jonell</name>
<link><![CDATA[https://www.goodreads.com/author/show/393138.Lynne_Jonell]]></link>
</author>
</authors>
</book>

          <book>
<id>290992</id>
<title><![CDATA[The Secret Order of the Gumm Street Girls]]></title>
<title_without_series><![CDATA[The Secret Order of the Gumm Street Girls]]></title_without_series>
<link><![CDATA[https://www.goodreads.com/book/show/290992.The_Secret_Order_of_the_Gumm_Street_Girls]]></link>
<small_image_url><![CDATA[https://s.gr-assets.com/assets/nophoto/book/50x75-a91bf249278a81aabab721ef782c4a74.png]]></small_image_url>
<image_url><![CDATA[https://s.gr-assets.com/assets/nophoto/book/111x148-bcc042a9c91a29c1d680899eff700a03.png]]></image_url>
<num_pages>464</num_pages>
<work>
<id>2958830</id>
</work>
<isbn>0060569468</isbn>
<isbn13>9780060569464</isbn13>
<average_rating>4.08</average_rating>
<ratings_count>1392</ratings_count>
<publication_year>2006</publication_year>
<publication_month>9</publication_month>
<publication_day>26</publication_day>
<authors>
<author>
<id>168353</id>
<name>Elise Primavera</name>
<link><![CDATA[https://www.goodreads.com/author/show/168353.Elise_Primavera]]></link>
</author>
</authors>
</book>

          <book>
<id>12711152</id>
<title><![CDATA[Horten's Miraculous Mechanisms: Magic, Mystery, & a Very Strange Adventure]]></title>
<title_without_series><![CDATA[Horten's Miraculous Mechanisms: Magic, Mystery, & a Very Strange Adventure]]></title_without_series>
<link><![CDATA[https://www.goodreads.com/book/show/12711152-horten-s-miraculous-mechanisms]]></link>
<small_image_url><![CDATA[https://images.gr-assets.com/books/1324692556s/12711152.jpg]]></small_image_url>
<image_url><![CDATA[https://images.gr-assets.com/books/1324692556m/12711152.jpg]]></image_url>
<num_pages></num_pages>
<work>
<id>17844849</id>
</work>
<isbn>1402798067</isbn>
<isbn13>9781402798061</isbn13>
<average_rating>3.90</average_rating>
<ratings_count>2663</ratings_count>
<publication_year></publication_year>
<publication_month></publication_month>
<publication_day></publication_day>
<authors>
<author>
<id>801712</id>
<name>Lissa Evans</name>
<link><![CDATA[https://www.goodreads.com/author/show/801712.Lissa_Evans]]></link>
</author>
</authors>
</book>

          <book>
<id>3284192</id>
<title>Zorgamazoo</title>
<title_without_series>Zorgamazoo</title_without_series>
<link><![CDATA[https://www.goodreads.com/book/show/3284192-zorgamazoo]]></link>
<small_image_url><![CDATA[https://s.gr-assets.com/assets/nophoto/book/50x75-a91bf249278a81aabab721ef782c4a74.png]]></small_image_url>
<image_url><![CDATA[https://s.gr-assets.com/assets/nophoto/book/111x148-bcc042a9c91a29c1d680899eff700a03.png]]></image_url>
<num_pages></num_pages>
<work>
<id>3320520</id>
</work>
<isbn>1595141995</isbn>
<isbn13>9781595141996</isbn13>
<average_rating>4.05</average_rating>
<ratings_count>1592</ratings_count>
<publication_year></publication_year>
<publication_month></publication_month>
<publication_day></publication_day>
<authors>
<author>
<id>1391437</id>
<name>Robert Paul Weston</name>
<link><![CDATA[https://www.goodreads.com/author/show/1391437.Robert_Paul_Weston]]></link>
</author>
</authors>
</book>

          <book>
<id>12630577</id>
<title><![CDATA[The Templeton Twins Have an Idea (Templeton Twins, #1)]]></title>
<title_without_series><![CDATA[The Templeton Twins Have an Idea]]></title_without_series>
<link><![CDATA[https://www.goodreads.com/book/show/12630577-the-templeton-twins-have-an-idea]]></link>
<small_image_url><![CDATA[https://images.gr-assets.com/books/1336432044s/12630577.jpg]]></small_image_url>
<image_url><![CDATA[https://images.gr-assets.com/books/1336432044m/12630577.jpg]]></image_url>
<num_pages>232</num_pages>
<work>
<id>17702213</id>
</work>
<isbn>0811866793</isbn>
<isbn13>9780811866798</isbn13>
<average_rating>3.70</average_rating>
<ratings_count>1649</ratings_count>
<publication_year>2012</publication_year>
<publication_month>8</publication_month>
<publication_day>15</publication_day>
<authors>
<author>
<id>8830</id>
<name>Ellis Weiner</name>
<link><![CDATA[https://www.goodreads.com/author/show/8830.Ellis_Weiner]]></link>
</author>
</authors>
</book>

          <book>
<id>6281385</id>
<title><![CDATA[The Case of the Case of Mistaken Identity (Brixton Brothers, #1)]]></title>
<title_without_series><![CDATA[The Case of the Case of Mistaken Identity]]></title_without_series>
<link><![CDATA[https://www.goodreads.com/book/show/6281385-the-case-of-the-case-of-mistaken-identity]]></link>
<small_image_url><![CDATA[https://s.gr-assets.com/assets/nophoto/book/50x75-a91bf249278a81aabab721ef782c4a74.png]]></small_image_url>
<image_url><![CDATA[https://s.gr-assets.com/assets/nophoto/book/111x148-bcc042a9c91a29c1d680899eff700a03.png]]></image_url>
<num_pages>208</num_pages>
<work>
<id>6465334</id>
</work>
<isbn>1416978151</isbn>
<isbn13>9781416978152</isbn13>
<average_rating>3.85</average_rating>
<ratings_count>2445</ratings_count>
<publication_year>2009</publication_year>
<publication_month>10</publication_month>
<publication_day>6</publication_day>
<authors>
<author>
<id>2855221</id>
<name>Mac Barnett</name>
<link><![CDATA[https://www.goodreads.com/author/show/2855221.Mac_Barnett]]></link>
</author>
</authors>
</book>

          <book>
<id>11595220</id>
<title><![CDATA[Cold Cereal (The Cold Cereal Saga, #1)]]></title>
<title_without_series>Cold Cereal</title_without_series>
<link><![CDATA[https://www.goodreads.com/book/show/11595220-cold-cereal]]></link>
<small_image_url><![CDATA[https://images.gr-assets.com/books/1321973206s/11595220.jpg]]></small_image_url>
<image_url><![CDATA[https://images.gr-assets.com/books/1321973206m/11595220.jpg]]></image_url>
<num_pages></num_pages>
<work>
<id>16537151</id>
</work>
<isbn>0062060023</isbn>
<isbn13>9780062060020</isbn13>
<average_rating>3.68</average_rating>
<ratings_count>1778</ratings_count>
<publication_year></publication_year>
<publication_month></publication_month>
<publication_day></publication_day>
<authors>
<author>
<id>11137</id>
<name>Adam Rex</name>
<link><![CDATA[https://www.goodreads.com/author/show/11137.Adam_Rex]]></link>
</author>
</authors>
</book>

          <book>
<id>590125</id>
<title><![CDATA[The Empress's Tomb (Kiki Strike, #2)]]></title>
<title_without_series>The Empress&apos;s Tomb</title_without_series>
<link><![CDATA[https://www.goodreads.com/book/show/590125.The_Empress_s_Tomb]]></link>
<small_image_url><![CDATA[https://images.gr-assets.com/books/1317064250s/590125.jpg]]></small_image_url>
<image_url><![CDATA[https://images.gr-assets.com/books/1317064250m/590125.jpg]]></image_url>
<num_pages>350</num_pages>
<work>
<id>576888</id>
</work>
<isbn>1599900475</isbn>
<isbn13>9781599900476</isbn13>
<average_rating>4.15</average_rating>
<ratings_count>2843</ratings_count>
<publication_year>2007</publication_year>
<publication_month>10</publication_month>
<publication_day>2</publication_day>
<authors>
<author>
<id>109354</id>
<name>Kirsten Miller</name>
<link><![CDATA[https://www.goodreads.com/author/show/109354.Kirsten_Miller]]></link>
</author>
</authors>
</book>

          <book>
<id>7249522</id>
<title><![CDATA[The Shadows (The Books of Elsewhere, #1)]]></title>
<title_without_series>The Shadows</title_without_series>
<link><![CDATA[https://www.goodreads.com/book/show/7249522-the-shadows]]></link>
<small_image_url><![CDATA[https://images.gr-assets.com/books/1396228781s/7249522.jpg]]></small_image_url>
<image_url><![CDATA[https://images.gr-assets.com/books/1396228781m/7249522.jpg]]></image_url>
<num_pages>224</num_pages>
<work>
<id>8262461</id>
</work>
<isbn></isbn>
<isbn13>9780803734401</isbn13>
<average_rating>3.94</average_rating>
<ratings_count>7441</ratings_count>
<publication_year>2010</publication_year>
<publication_month>6</publication_month>
<publication_day>9</publication_day>
<authors>
<author>
<id>3100027</id>
<name>Jacqueline West</name>
<link><![CDATA[https://www.goodreads.com/author/show/3100027.Jacqueline_West]]></link>
</author>
</authors>
</book>

          <book>
<id>39518</id>
<title><![CDATA[Gilda Joyce: Psychic Investigator (Gilda Joyce, #1)]]></title>
<title_without_series><![CDATA[Gilda Joyce: Psychic Investigator]]></title_without_series>
<link><![CDATA[https://www.goodreads.com/book/show/39518.Gilda_Joyce]]></link>
<small_image_url><![CDATA[https://s.gr-assets.com/assets/nophoto/book/50x75-a91bf249278a81aabab721ef782c4a74.png]]></small_image_url>
<image_url><![CDATA[https://s.gr-assets.com/assets/nophoto/book/111x148-bcc042a9c91a29c1d680899eff700a03.png]]></image_url>
<num_pages>336</num_pages>
<work>
<id>39225</id>
</work>
<isbn>0142406988</isbn>
<isbn13>9780142406984</isbn13>
<average_rating>3.89</average_rating>
<ratings_count>5075</ratings_count>
<publication_year>2006</publication_year>
<publication_month>11</publication_month>
<publication_day>23</publication_day>
<authors>
<author>
<id>8048</id>
<name>Jennifer Allison</name>
<link><![CDATA[https://www.goodreads.com/author/show/8048.Jennifer_Allison]]></link>
</author>
</authors>
</book>

          <book>
<id>8112318</id>
<title><![CDATA[The Candymakers (The Candymakers, #1)]]></title>
<title_without_series>The Candymakers</title_without_series>
<link><![CDATA[https://www.goodreads.com/book/show/8112318-the-candymakers]]></link>
<small_image_url><![CDATA[https://s.gr-assets.com/assets/nophoto/book/50x75-a91bf249278a81aabab721ef782c4a74.png]]></small_image_url>
<image_url><![CDATA[https://s.gr-assets.com/assets/nophoto/book/111x148-bcc042a9c91a29c1d680899eff700a03.png]]></image_url>
<num_pages>453</num_pages>
<work>
<id>12907434</id>
</work>
<isbn>0316002585</isbn>
<isbn13>9780316002585</isbn13>
<average_rating>4.31</average_rating>
<ratings_count>17009</ratings_count>
<publication_year></publication_year>
<publication_month></publication_month>
<publication_day></publication_day>
<authors>
<author>
<id>99650</id>
<name>Wendy Mass</name>
<link><![CDATA[https://www.goodreads.com/author/show/99650.Wendy_Mass]]></link>
</author>
</authors>
</book>

          <book>
<id>2200542</id>
<title><![CDATA[The Calder Game (Chasing Vermeer, #3)]]></title>
<title_without_series>The Calder Game</title_without_series>
<link><![CDATA[https://www.goodreads.com/book/show/2200542.The_Calder_Game]]></link>
<small_image_url><![CDATA[https://images.gr-assets.com/books/1293910212s/2200542.jpg]]></small_image_url>
<image_url><![CDATA[https://images.gr-assets.com/books/1293910212m/2200542.jpg]]></image_url>
<num_pages>379</num_pages>
<work>
<id>2206300</id>
</work>
<isbn>0439852072</isbn>
<isbn13>9780439852074</isbn13>
<average_rating>3.87</average_rating>
<ratings_count>5416</ratings_count>
<publication_year>2008</publication_year>
<publication_month>5</publication_month>
<publication_day>1</publication_day>
<authors>
<author>
<id>86085</id>
<name>Blue Balliett</name>
<link><![CDATA[https://www.goodreads.com/author/show/86085.Blue_Balliett]]></link>
</author>
</authors>
</book>

          <book>
<id>6455548</id>
<title><![CDATA[NERDS: National Espionage, Rescue, and Defense Society (NERDS, #1)]]></title>
<title_without_series><![CDATA[NERDS: National Espionage, Rescue, and Defense Society]]></title_without_series>
<link><![CDATA[https://www.goodreads.com/book/show/6455548-nerds]]></link>
<small_image_url><![CDATA[https://images.gr-assets.com/books/1392782431s/6455548.jpg]]></small_image_url>
<image_url><![CDATA[https://images.gr-assets.com/books/1392782431m/6455548.jpg]]></image_url>
<num_pages>316</num_pages>
<work>
<id>6645821</id>
</work>
<isbn>0810943247</isbn>
<isbn13>9780810943247</isbn13>
<average_rating>3.89</average_rating>
<ratings_count>7021</ratings_count>
<publication_year></publication_year>
<publication_month></publication_month>
<publication_day></publication_day>
<authors>
<author>
<id>65335</id>
<name>Michael Buckley</name>
<link><![CDATA[https://www.goodreads.com/author/show/65335.Michael_Buckley]]></link>
</author>
</authors>
</book>

  </similar_books>
</book>

</GoodreadsResponse>