<?xml version="1.0" encoding="UTF-8"?>
<GoodreadsResponse>
  <Request>
    <authentication>true</authentication>
      <key><![CDATA[all_men_must_serve]]></key>
    <method><![CDATA[book_show]]></method>
  </Request>
  <book>
  <id>11031</id>
  <title>The Flanders Panel</title>
  <isbn><![CDATA[0156029588]]></isbn>
  <isbn13><![CDATA[9780156029582]]></isbn13>
  <asin><![CDATA[]]></asin>
  <kindle_asin><![CDATA[]]></kindle_asin>
  <marketplace_id><![CDATA[]]></marketplace_id>
  <country_code><![CDATA[GB]]></country_code>
  <image_url>https://images.gr-assets.com/books/1328874807m/11031.jpg</image_url>
  <small_image_url>https://images.gr-assets.com/books/1328874807s/11031.jpg</small_image_url>
  <publication_year></publication_year>
  <publication_month></publication_month>
  <publication_day></publication_day>
  <publisher></publisher>
  <language_code>en-CA</language_code>
  <is_ebook>false</is_ebook>
  <description><![CDATA[While restoring a 15th-century painting which depicts a chess game between the Duke of Flanders and his knight, Julia, a young art expert, discovers a hidden inscription in the corner: Quis Necavit Equitem. Translation: Who killed the knight? Breaking the silence of five centuries, Julia's hunt for a Renaissance murderer leads her into a modern-day game of sin, betrayal, and death.]]></description>
  <work>
  <id type="integer">1248065</id>
  <books_count type="integer">103</books_count>
  <best_book_id type="integer">11031</best_book_id>
  <reviews_count type="integer">24176</reviews_count>
  <ratings_sum type="integer">56489</ratings_sum>
  <ratings_count type="integer">14868</ratings_count>
  <text_reviews_count type="integer">745</text_reviews_count>
  <original_publication_year type="integer">1990</original_publication_year>
  <original_publication_month type="integer" nil="true"/>
  <original_publication_day type="integer" nil="true"/>
  <original_title>La tabla de Flandes</original_title>
  <original_language_id type="integer" nil="true"/>
  <media_type>book</media_type>
  <rating_dist>5:3799|4:5879|3:3857|2:1074|1:259|total:14868</rating_dist>
  <desc_user_id type="integer">1205030</desc_user_id>
  <default_chaptering_book_id type="integer" nil="true"/>
  <default_description_language_code nil="true"/>
</work>
  <average_rating>3.80</average_rating>
  <num_pages><![CDATA[295]]></num_pages>
  <format><![CDATA[]]></format>
  <edition_information><![CDATA[]]></edition_information>
  <ratings_count><![CDATA[11872]]></ratings_count>
  <text_reviews_count><![CDATA[536]]></text_reviews_count>
  <url><![CDATA[https://www.goodreads.com/book/show/11031.The_Flanders_Panel]]></url>
  <link><![CDATA[https://www.goodreads.com/book/show/11031.The_Flanders_Panel]]></link>
  <authors>
<author>
<id>40398</id>
<name>Arturo Pérez-Reverte</name>
<role></role>
<image_url nophoto='false'>
<![CDATA[https://images.gr-assets.com/authors/1415196332p5/40398.jpg]]>
</image_url>
<small_image_url nophoto='false'>
<![CDATA[https://images.gr-assets.com/authors/1415196332p2/40398.jpg]]>
</small_image_url>
<link><![CDATA[https://www.goodreads.com/author/show/40398.Arturo_P_rez_Reverte]]></link>
<average_rating>3.76</average_rating>
<ratings_count>107279</ratings_count>
<text_reviews_count>6734</text_reviews_count>
</author>
<author>
<id>24758</id>
<name>Margaret Jull Costa</name>
<role>Translator</role>
<image_url nophoto='false'>
<![CDATA[https://images.gr-assets.com/authors/1364673971p5/24758.jpg]]>
</image_url>
<small_image_url nophoto='false'>
<![CDATA[https://images.gr-assets.com/authors/1364673971p2/24758.jpg]]>
</small_image_url>
<link><![CDATA[https://www.goodreads.com/author/show/24758.Margaret_Jull_Costa]]></link>
<average_rating>3.73</average_rating>
<ratings_count>377757</ratings_count>
<text_reviews_count>21422</text_reviews_count>
</author>
</authors>

    <reviews_widget>
      <![CDATA[
        <style>
  #goodreads-widget {
    font-family: georgia, serif;
    padding: 18px 0;
    width:565px;
  }
  #goodreads-widget h1 {
    font-weight:normal;
    font-size: 16px;
    border-bottom: 1px solid #BBB596;
    margin-bottom: 0;
  }
  #goodreads-widget a {
    text-decoration: none;
    color:#660;
  }
  iframe{
    background-color: #fff;
  }
  #goodreads-widget a:hover { text-decoration: underline; }
  #goodreads-widget a:active {
    color:#660;
  }
  #gr_footer {
    width: 100%;
    border-top: 1px solid #BBB596;
    text-align: right;
  }
  #goodreads-widget .gr_branding{
    color: #382110;
    font-size: 11px;
    text-decoration: none;
    font-family: "Helvetica Neue", Helvetica, Arial, sans-serif;
  }
</style>
<div id="goodreads-widget">
  <div id="gr_header"><h1><a rel="nofollow" href="https://www.goodreads.com/book/show/11031.The_Flanders_Panel">The Flanders Panel Reviews</a></h1></div>
  <iframe id="the_iframe" src="https://www.goodreads.com/api/reviews_widget_iframe?did=DEVELOPER_ID&amp;format=html&amp;isbn=0156029588&amp;links=660&amp;min_rating=&amp;review_back=fff&amp;stars=000&amp;text=000" width="565" height="400" frameborder="0"></iframe>
  <div id="gr_footer">
    <a class="gr_branding" target="_blank" rel="nofollow" href="https://www.goodreads.com/book/show/11031.The_Flanders_Panel?utm_medium=api&amp;utm_source=reviews_widget">Reviews from Goodreads.com</a>
  </div>
</div>

      ]]>
    </reviews_widget>
  <popular_shelves>
      <shelf name="mystery" count="342"/>
      <shelf name="fiction" count="302"/>
      <shelf name="historical-fiction" count="113"/>
      <shelf name="favorites" count="97"/>
      <shelf name="thriller" count="78"/>
      <shelf name="crime" count="57"/>
      <shelf name="owned" count="54"/>
      <shelf name="art" count="51"/>
      <shelf name="spanish" count="47"/>
      <shelf name="spain" count="45"/>
      <shelf name="mysteries" count="36"/>
      <shelf name="historical" count="33"/>
      <shelf name="mystery-thriller" count="31"/>
      <shelf name="books-i-own" count="29"/>
      <shelf name="chess" count="29"/>
      <shelf name="suspense" count="26"/>
      <shelf name="library" count="23"/>
      <shelf name="literature" count="23"/>
      <shelf name="mystery-suspense" count="22"/>
      <shelf name="adventure" count="20"/>
      <shelf name="spanish-literature" count="19"/>
      <shelf name="contemporary-fiction" count="16"/>
      <shelf name="translation" count="15"/>
      <shelf name="historical-mystery" count="14"/>
      <shelf name="europe" count="13"/>
      <shelf name="to-buy" count="13"/>
      <shelf name="español" count="13"/>
      <shelf name="detective" count="12"/>
      <shelf name="book-club" count="12"/>
      <shelf name="novels" count="12"/>
      <shelf name="thrillers" count="12"/>
      <shelf name="contemporary" count="12"/>
      <shelf name="general-fiction" count="12"/>
      <shelf name="favourites" count="11"/>
      <shelf name="mystery-crime" count="11"/>
      <shelf name="history" count="11"/>
      <shelf name="novel" count="11"/>
      <shelf name="to-read" count="9"/>
      <shelf name="default" count="9"/>
      <shelf name="favoritos" count="8"/>
      <shelf name="my-books" count="8"/>
      <shelf name="ebook" count="8"/>
      <shelf name="literary-fiction" count="8"/>
      <shelf name="crime-fiction" count="8"/>
      <shelf name="art-history" count="8"/>
      <shelf name="adult" count="7"/>
      <shelf name="mistery" count="7"/>
      <shelf name="read-in-2013" count="7"/>
      <shelf name="spanish-lit" count="7"/>
      <shelf name="owned-books" count="7"/>
      <shelf name="home-library" count="7"/>
      <shelf name="art-fiction" count="7"/>
      <shelf name="adult-fiction" count="7"/>
      <shelf name="literary" count="7"/>
      <shelf name="pérez-reverte" count="7"/>
      <shelf name="translated" count="7"/>
      <shelf name="policier" count="7"/>
      <shelf name="novela" count="6"/>
      <shelf name="mi-biblioteca" count="6"/>
      <shelf name="biblioteca" count="6"/>
      <shelf name="crime-mystery-thriller" count="6"/>
      <shelf name="misterio" count="6"/>
      <shelf name="conspiracy" count="6"/>
      <shelf name="finished" count="6"/>
      <shelf name="wish-list" count="6"/>
      <shelf name="20th-century" count="6"/>
      <shelf name="in-translation" count="6"/>
      <shelf name="my-library" count="6"/>
      <shelf name="suspense-thriller" count="6"/>
      <shelf name="mystery-detective" count="6"/>
      <shelf name="french" count="6"/>
      <shelf name="fiction-historical" count="6"/>
      <shelf name="lit" count="6"/>
      <shelf name="read-in-2014" count="5"/>
      <shelf name="unfinished" count="5"/>
      <shelf name="own-it" count="5"/>
      <shelf name="roman" count="5"/>
      <shelf name="maybe" count="5"/>
      <shelf name="modern-fiction" count="5"/>
      <shelf name="ficción" count="5"/>
      <shelf name="historical-mysteries" count="5"/>
      <shelf name="re-read" count="5"/>
      <shelf name="mystery-and-suspense" count="5"/>
      <shelf name="fiction-mystery" count="5"/>
      <shelf name="around-the-world" count="5"/>
      <shelf name="mystery-suspense-thriller" count="5"/>
      <shelf name="shelfari-wishlist" count="4"/>
      <shelf name="ficcion" count="4"/>
      <shelf name="books" count="4"/>
      <shelf name="thriller-mystery" count="4"/>
      <shelf name="4-stars" count="4"/>
      <shelf name="polar" count="4"/>
      <shelf name="gave-up-on" count="4"/>
      <shelf name="read-in-2012" count="4"/>
      <shelf name="living-room" count="4"/>
      <shelf name="at-home" count="4"/>
      <shelf name="world-literature" count="4"/>
      <shelf name="perez-reverte" count="4"/>
      <shelf name="abandoned" count="4"/>
      <shelf name="literature-spanish" count="4"/>
  </popular_shelves>
  <book_links>
    <book_link>
  <id>8</id>
  <name>Libraries</name>
  <link>https://www.goodreads.com/book_link/follow/8</link>
</book_link>

  </book_links>
  <buy_links>
    <buy_link>
<id>1</id>
<name>Amazon</name>
<link>https://www.goodreads.com/book_link/follow/1</link>
</buy_link>
<buy_link>
<id>10</id>
<name>Audible</name>
<link>https://www.goodreads.com/book_link/follow/10</link>
</buy_link>
<buy_link>
<id>3</id>
<name>Barnes &amp; Noble</name>
<link>https://www.goodreads.com/book_link/follow/3</link>
</buy_link>
<buy_link>
<id>1027</id>
<name>Kobo</name>
<link>https://www.goodreads.com/book_link/follow/1027</link>
</buy_link>
<buy_link>
<id>2102</id>
<name>Apple iBooks</name>
<link>https://www.goodreads.com/book_link/follow/2102</link>
</buy_link>
<buy_link>
<id>8036</id>
<name>Google Play</name>
<link>https://www.goodreads.com/book_link/follow/8036</link>
</buy_link>
<buy_link>
<id>4</id>
<name>Abebooks</name>
<link>https://www.goodreads.com/book_link/follow/4</link>
</buy_link>
<buy_link>
<id>882</id>
<name>Book Depository</name>
<link>https://www.goodreads.com/book_link/follow/882</link>
</buy_link>
<buy_link>
<id>9</id>
<name>Indigo</name>
<link>https://www.goodreads.com/book_link/follow/9</link>
</buy_link>
<buy_link>
<id>2</id>
<name>Half.com</name>
<link>https://www.goodreads.com/book_link/follow/2</link>
</buy_link>
<buy_link>
<id>5</id>
<name>Alibris</name>
<link>https://www.goodreads.com/book_link/follow/5</link>
</buy_link>
<buy_link>
<id>107</id>
<name>Better World Books</name>
<link>https://www.goodreads.com/book_link/follow/107</link>
</buy_link>
<buy_link>
<id>7</id>
<name>IndieBound</name>
<link>https://www.goodreads.com/book_link/follow/7</link>
</buy_link>

  </buy_links>
  <series_works>
    
  </series_works>
  <similar_books>
          <book>
<id>875109</id>
<title><![CDATA[The Raphael Affair (Jonathan Argyll, #1)]]></title>
<title_without_series>The Raphael Affair</title_without_series>
<link><![CDATA[https://www.goodreads.com/book/show/875109.The_Raphael_Affair]]></link>
<small_image_url><![CDATA[https://images.gr-assets.com/books/1327913947s/875109.jpg]]></small_image_url>
<image_url><![CDATA[https://images.gr-assets.com/books/1327913947m/875109.jpg]]></image_url>
<num_pages>226</num_pages>
<work>
<id>1045254</id>
</work>
<isbn>0425166139</isbn>
<isbn13>9780425166130</isbn13>
<average_rating>3.55</average_rating>
<ratings_count>2589</ratings_count>
<publication_year></publication_year>
<publication_month></publication_month>
<publication_day></publication_day>
<authors>
<author>
<id>9833</id>
<name>Iain Pears</name>
<link><![CDATA[https://www.goodreads.com/author/show/9833.Iain_Pears]]></link>
</author>
</authors>
</book>

          <book>
<id>984216</id>
<title>Lemprière&apos;s Dictionary</title>
<title_without_series>Lemprière&apos;s Dictionary</title_without_series>
<link><![CDATA[https://www.goodreads.com/book/show/984216.Lempri_re_s_Dictionary]]></link>
<small_image_url><![CDATA[https://images.gr-assets.com/books/1502697043s/984216.jpg]]></small_image_url>
<image_url><![CDATA[https://images.gr-assets.com/books/1502697043m/984216.jpg]]></image_url>
<num_pages>626</num_pages>
<work>
<id>969711</id>
</work>
<isbn>0517581841</isbn>
<isbn13>9780517581841</isbn13>
<average_rating>3.69</average_rating>
<ratings_count>916</ratings_count>
<publication_year></publication_year>
<publication_month></publication_month>
<publication_day></publication_day>
<authors>
<author>
<id>54799</id>
<name>Lawrence Norfolk</name>
<link><![CDATA[https://www.goodreads.com/author/show/54799.Lawrence_Norfolk]]></link>
</author>
</authors>
</book>

          <book>
<id>2641587</id>
<title>The Forgery of Venus</title>
<title_without_series>The Forgery of Venus</title_without_series>
<link><![CDATA[https://www.goodreads.com/book/show/2641587-the-forgery-of-venus]]></link>
<small_image_url><![CDATA[https://s.gr-assets.com/assets/nophoto/book/50x75-a91bf249278a81aabab721ef782c4a74.png]]></small_image_url>
<image_url><![CDATA[https://s.gr-assets.com/assets/nophoto/book/111x148-bcc042a9c91a29c1d680899eff700a03.png]]></image_url>
<num_pages>318</num_pages>
<work>
<id>2666323</id>
</work>
<isbn>0060874481</isbn>
<isbn13>9780060874483</isbn13>
<average_rating>3.71</average_rating>
<ratings_count>2242</ratings_count>
<publication_year></publication_year>
<publication_month></publication_month>
<publication_day></publication_day>
<authors>
<author>
<id>71147</id>
<name>Michael Gruber</name>
<link><![CDATA[https://www.goodreads.com/author/show/71147.Michael_Gruber]]></link>
</author>
</authors>
</book>

          <book>
<id>361938</id>
<title>The Last Cato (Catón, #1)</title>
<title_without_series>The Last Cato</title_without_series>
<link><![CDATA[https://www.goodreads.com/book/show/361938.The_Last_Cato]]></link>
<small_image_url><![CDATA[https://s.gr-assets.com/assets/nophoto/book/50x75-a91bf249278a81aabab721ef782c4a74.png]]></small_image_url>
<image_url><![CDATA[https://s.gr-assets.com/assets/nophoto/book/111x148-bcc042a9c91a29c1d680899eff700a03.png]]></image_url>
<num_pages></num_pages>
<work>
<id>65419</id>
</work>
<isbn>0060828587</isbn>
<isbn13>9780060828585</isbn13>
<average_rating>3.83</average_rating>
<ratings_count>5894</ratings_count>
<publication_year></publication_year>
<publication_month></publication_month>
<publication_day></publication_day>
<authors>
<author>
<id>38030</id>
<name>Matilde Asensi</name>
<link><![CDATA[https://www.goodreads.com/author/show/38030.Matilde_Asensi]]></link>
</author>
</authors>
</book>

          <book>
<id>12871537</id>
<title><![CDATA[The Fencing Master by Arturo Pérez-Reverte Summary  Study Guide]]></title>
<title_without_series><![CDATA[The Fencing Master by Arturo Pérez-Reverte Summary  Study Guide]]></title_without_series>
<link><![CDATA[https://www.goodreads.com/book/show/12871537-the-fencing-master-by-arturo-p-rez-reverte-summary-study-guide]]></link>
<small_image_url><![CDATA[https://s.gr-assets.com/assets/nophoto/book/50x75-a91bf249278a81aabab721ef782c4a74.png]]></small_image_url>
<image_url><![CDATA[https://s.gr-assets.com/assets/nophoto/book/111x148-bcc042a9c91a29c1d680899eff700a03.png]]></image_url>
<num_pages></num_pages>
<work>
<id>18024128</id>
</work>
<isbn></isbn>
<isbn13>2940013377684</isbn13>
<average_rating>4.05</average_rating>
<ratings_count>267</ratings_count>
<publication_year></publication_year>
<publication_month></publication_month>
<publication_day></publication_day>
<authors>
<author>
<id>4819027</id>
<name>BookRags</name>
<link><![CDATA[https://www.goodreads.com/author/show/4819027.BookRags]]></link>
</author>
</authors>
</book>

          <book>
<id>59560</id>
<title>Four Hands: A Novel</title>
<title_without_series>Four Hands: A Novel</title_without_series>
<link><![CDATA[https://www.goodreads.com/book/show/59560.Four_Hands]]></link>
<small_image_url><![CDATA[https://images.gr-assets.com/books/1312012970s/59560.jpg]]></small_image_url>
<image_url><![CDATA[https://images.gr-assets.com/books/1312012970m/59560.jpg]]></image_url>
<num_pages>384</num_pages>
<work>
<id>57978</id>
</work>
<isbn>0312130791</isbn>
<isbn13>9780312130794</isbn13>
<average_rating>3.93</average_rating>
<ratings_count>228</ratings_count>
<publication_year>1995</publication_year>
<publication_month>5</publication_month>
<publication_day>15</publication_day>
<authors>
<author>
<id>33646</id>
<name>Paco Ignacio Taibo II</name>
<link><![CDATA[https://www.goodreads.com/author/show/33646.Paco_Ignacio_Taibo_II]]></link>
</author>
</authors>
</book>

          <book>
<id>12877</id>
<title><![CDATA[Death of a Nationalist (Tejada, #1)]]></title>
<title_without_series>Death of a Nationalist</title_without_series>
<link><![CDATA[https://www.goodreads.com/book/show/12877.Death_of_a_Nationalist]]></link>
<small_image_url><![CDATA[https://images.gr-assets.com/books/1320405604s/12877.jpg]]></small_image_url>
<image_url><![CDATA[https://images.gr-assets.com/books/1320405604m/12877.jpg]]></image_url>
<num_pages>280</num_pages>
<work>
<id>2673252</id>
</work>
<isbn>1569473447</isbn>
<isbn13>9781569473443</isbn13>
<average_rating>3.80</average_rating>
<ratings_count>515</ratings_count>
<publication_year>2004</publication_year>
<publication_month>2</publication_month>
<publication_day>1</publication_day>
<authors>
<author>
<id>8108</id>
<name>Rebecca Pawel</name>
<link><![CDATA[https://www.goodreads.com/author/show/8108.Rebecca_Pawel]]></link>
</author>
</authors>
</book>

          <book>
<id>152283</id>
<title>The Intelligencer</title>
<title_without_series>The Intelligencer</title_without_series>
<link><![CDATA[https://www.goodreads.com/book/show/152283.The_Intelligencer]]></link>
<small_image_url><![CDATA[https://s.gr-assets.com/assets/nophoto/book/50x75-a91bf249278a81aabab721ef782c4a74.png]]></small_image_url>
<image_url><![CDATA[https://s.gr-assets.com/assets/nophoto/book/111x148-bcc042a9c91a29c1d680899eff700a03.png]]></image_url>
<num_pages>368</num_pages>
<work>
<id>1135397</id>
</work>
<isbn>0743432932</isbn>
<isbn13>9780743432931</isbn13>
<average_rating>3.30</average_rating>
<ratings_count>1146</ratings_count>
<publication_year>2005</publication_year>
<publication_month>4</publication_month>
<publication_day>5</publication_day>
<authors>
<author>
<id>88042</id>
<name>Leslie Silbert</name>
<link><![CDATA[https://www.goodreads.com/author/show/88042.Leslie_Silbert]]></link>
</author>
</authors>
</book>

          <book>
<id>3741577</id>
<title><![CDATA[The Minutes of the Lazarus Club]]></title>
<title_without_series><![CDATA[The Minutes of the Lazarus Club]]></title_without_series>
<link><![CDATA[https://www.goodreads.com/book/show/3741577-the-minutes-of-the-lazarus-club]]></link>
<small_image_url><![CDATA[https://images.gr-assets.com/books/1330374125s/3741577.jpg]]></small_image_url>
<image_url><![CDATA[https://images.gr-assets.com/books/1330374125m/3741577.jpg]]></image_url>
<num_pages>439</num_pages>
<work>
<id>3785397</id>
</work>
<isbn>0718154037</isbn>
<isbn13>9780718154035</isbn13>
<average_rating>3.20</average_rating>
<ratings_count>413</ratings_count>
<publication_year>2008</publication_year>
<publication_month></publication_month>
<publication_day></publication_day>
<authors>
<author>
<id>447111</id>
<name>Tony Pollard</name>
<link><![CDATA[https://www.goodreads.com/author/show/447111.Tony_Pollard]]></link>
</author>
</authors>
</book>

          <book>
<id>239595</id>
<title>Stone Virgin</title>
<title_without_series>Stone Virgin</title_without_series>
<link><![CDATA[https://www.goodreads.com/book/show/239595.Stone_Virgin]]></link>
<small_image_url><![CDATA[https://images.gr-assets.com/books/1382942647s/239595.jpg]]></small_image_url>
<image_url><![CDATA[https://images.gr-assets.com/books/1382942647m/239595.jpg]]></image_url>
<num_pages>309</num_pages>
<work>
<id>1279074</id>
</work>
<isbn>0393313093</isbn>
<isbn13>9780393313093</isbn13>
<average_rating>3.67</average_rating>
<ratings_count>388</ratings_count>
<publication_year>1995</publication_year>
<publication_month>6</publication_month>
<publication_day>17</publication_day>
<authors>
<author>
<id>3101</id>
<name>Barry Unsworth</name>
<link><![CDATA[https://www.goodreads.com/author/show/3101.Barry_Unsworth]]></link>
</author>
</authors>
</book>

          <book>
<id>60662</id>
<title>El camino</title>
<title_without_series>El camino</title_without_series>
<link><![CDATA[https://www.goodreads.com/book/show/60662.El_camino]]></link>
<small_image_url><![CDATA[https://images.gr-assets.com/books/1422807992s/60662.jpg]]></small_image_url>
<image_url><![CDATA[https://images.gr-assets.com/books/1422807992m/60662.jpg]]></image_url>
<num_pages>224</num_pages>
<work>
<id>3142169</id>
</work>
<isbn>8423334783</isbn>
<isbn13>9788423334780</isbn13>
<average_rating>3.86</average_rating>
<ratings_count>3011</ratings_count>
<publication_year>2006</publication_year>
<publication_month>1</publication_month>
<publication_day>1</publication_day>
<authors>
<author>
<id>3325</id>
<name>Miguel Delibes</name>
<link><![CDATA[https://www.goodreads.com/author/show/3325.Miguel_Delibes]]></link>
</author>
</authors>
</book>

          <book>
<id>385063</id>
<title>The Sidewalk Artist</title>
<title_without_series>The Sidewalk Artist</title_without_series>
<link><![CDATA[https://www.goodreads.com/book/show/385063.The_Sidewalk_Artist]]></link>
<small_image_url><![CDATA[https://s.gr-assets.com/assets/nophoto/book/50x75-a91bf249278a81aabab721ef782c4a74.png]]></small_image_url>
<image_url><![CDATA[https://s.gr-assets.com/assets/nophoto/book/111x148-bcc042a9c91a29c1d680899eff700a03.png]]></image_url>
<num_pages>224</num_pages>
<work>
<id>374790</id>
</work>
<isbn>0312358032</isbn>
<isbn13>9780312358037</isbn13>
<average_rating>3.57</average_rating>
<ratings_count>333</ratings_count>
<publication_year>2006</publication_year>
<publication_month>10</publication_month>
<publication_day>31</publication_day>
<authors>
<author>
<id>219059</id>
<name>Gina Buonaguro</name>
<link><![CDATA[https://www.goodreads.com/author/show/219059.Gina_Buonaguro]]></link>
</author>
</authors>
</book>

          <book>
<id>7926261</id>
<title><![CDATA[The Art Detective: Fakes, Frauds, and Finds and the Search for Lost Treasures]]></title>
<title_without_series><![CDATA[The Art Detective: Fakes, Frauds, and Finds and the Search for Lost Treasures]]></title_without_series>
<link><![CDATA[https://www.goodreads.com/book/show/7926261-the-art-detective]]></link>
<small_image_url><![CDATA[https://s.gr-assets.com/assets/nophoto/book/50x75-a91bf249278a81aabab721ef782c4a74.png]]></small_image_url>
<image_url><![CDATA[https://s.gr-assets.com/assets/nophoto/book/111x148-bcc042a9c91a29c1d680899eff700a03.png]]></image_url>
<num_pages>261</num_pages>
<work>
<id>11240002</id>
</work>
<isbn>0670021857</isbn>
<isbn13>9780670021857</isbn13>
<average_rating>3.68</average_rating>
<ratings_count>892</ratings_count>
<publication_year></publication_year>
<publication_month></publication_month>
<publication_day></publication_day>
<authors>
<author>
<id>952069</id>
<name>Philip Mould</name>
<link><![CDATA[https://www.goodreads.com/author/show/952069.Philip_Mould]]></link>
</author>
</authors>
</book>

          <book>
<id>71704</id>
<title>The Athenian Murders</title>
<title_without_series>The Athenian Murders</title_without_series>
<link><![CDATA[https://www.goodreads.com/book/show/71704.The_Athenian_Murders]]></link>
<small_image_url><![CDATA[https://images.gr-assets.com/books/1421010946s/71704.jpg]]></small_image_url>
<image_url><![CDATA[https://images.gr-assets.com/books/1421010946m/71704.jpg]]></image_url>
<num_pages>314</num_pages>
<work>
<id>69433</id>
</work>
<isbn>0349116180</isbn>
<isbn13>9780349116181</isbn13>
<average_rating>3.85</average_rating>
<ratings_count>1236</ratings_count>
<publication_year></publication_year>
<publication_month></publication_month>
<publication_day></publication_day>
<authors>
<author>
<id>40535</id>
<name>José Carlos Somoza</name>
<link><![CDATA[https://www.goodreads.com/author/show/40535.Jos_Carlos_Somoza]]></link>
</author>
</authors>
</book>

          <book>
<id>1940476</id>
<title><![CDATA[El lejano país de los estanques (Bevilacqua y Chamorro, #1)]]></title>
<title_without_series><![CDATA[El lejano país de los estanques]]></title_without_series>
<link><![CDATA[https://www.goodreads.com/book/show/1940476.El_lejano_pa_s_de_los_estanques]]></link>
<small_image_url><![CDATA[https://images.gr-assets.com/books/1484677416s/1940476.jpg]]></small_image_url>
<image_url><![CDATA[https://images.gr-assets.com/books/1484677416m/1940476.jpg]]></image_url>
<num_pages>296</num_pages>
<work>
<id>1943067</id>
</work>
<isbn>8423334546</isbn>
<isbn13>9788423334544</isbn13>
<average_rating>3.63</average_rating>
<ratings_count>646</ratings_count>
<publication_year>2003</publication_year>
<publication_month>2</publication_month>
<publication_day>1</publication_day>
<authors>
<author>
<id>25471</id>
<name>Lorenzo Silva</name>
<link><![CDATA[https://www.goodreads.com/author/show/25471.Lorenzo_Silva]]></link>
</author>
</authors>
</book>

          <book>
<id>110076</id>
<title>The Pale Blue Eye</title>
<title_without_series>The Pale Blue Eye</title_without_series>
<link><![CDATA[https://www.goodreads.com/book/show/110076.The_Pale_Blue_Eye]]></link>
<small_image_url><![CDATA[https://s.gr-assets.com/assets/nophoto/book/50x75-a91bf249278a81aabab721ef782c4a74.png]]></small_image_url>
<image_url><![CDATA[https://s.gr-assets.com/assets/nophoto/book/111x148-bcc042a9c91a29c1d680899eff700a03.png]]></image_url>
<num_pages>432</num_pages>
<work>
<id>403705</id>
</work>
<isbn>0060733977</isbn>
<isbn13>9780060733971</isbn13>
<average_rating>3.71</average_rating>
<ratings_count>3829</ratings_count>
<publication_year>2006</publication_year>
<publication_month>5</publication_month>
<publication_day>23</publication_day>
<authors>
<author>
<id>63723</id>
<name>Louis Bayard</name>
<link><![CDATA[https://www.goodreads.com/author/show/63723.Louis_Bayard]]></link>
</author>
</authors>
</book>

  </similar_books>
</book>

</GoodreadsResponse>