<?xml version="1.0" encoding="UTF-8"?>
<GoodreadsResponse>
  <Request>
    <authentication>true</authentication>
      <key><![CDATA[all_men_must_serve]]></key>
    <method><![CDATA[book_show]]></method>
  </Request>
  <book>
  <id>110388</id>
  <title><![CDATA[On the Way to the Wedding (Bridgertons, #8)]]></title>
  <isbn><![CDATA[0060531258]]></isbn>
  <isbn13><![CDATA[9780060531256]]></isbn13>
  <asin><![CDATA[]]></asin>
  <kindle_asin><![CDATA[B00UG8RP3G]]></kindle_asin>
  <marketplace_id><![CDATA[A1F83G8C2ARO7P]]></marketplace_id>
  <country_code><![CDATA[GB]]></country_code>
  <image_url>https://images.gr-assets.com/books/1368840197m/110388.jpg</image_url>
  <small_image_url>https://images.gr-assets.com/books/1368840197s/110388.jpg</small_image_url>
  <publication_year>2006</publication_year>
  <publication_month>6</publication_month>
  <publication_day>27</publication_day>
  <publisher>Avon</publisher>
  <language_code>eng</language_code>
  <is_ebook>false</is_ebook>
  <description><![CDATA[<b>A funny thing happened...</b> <br /><br />Unlike most men of his acquaintance, Gregory Bridgerton believes in true love. And he is convinced that when he finds the woman of his dreams, he will know in an instant that she is <i>the one</i>. And that is exactly what happened. Except... <br /><br />She wasn't the one. In fact, the ravishing Miss Hermione Watson is in love with another. But her best friend, the ever-practical Lady Lucinda Abernathy, wants to save Hermione from a disastrous alliance, so she offers to help Gregory win her over. But in the process, Lucy falls in love. With Gregory! Except... <br /><br />Lucy is engaged. And her uncle is not inclined to let her back out of the betrothal, even once Gregory comes to his senses and realizes that it is Lucy, with her sharp wit and sunny smile, who makes his heart sing. And now, on the way to the wedding, Gregory must risk everything to ensure that when it comes time to kiss the bride, <i>he</i> is the only man standing at the altar...]]></description>
  <work>
  <id type="integer">1981453</id>
  <books_count type="integer">44</books_count>
  <best_book_id type="integer">110388</best_book_id>
  <reviews_count type="integer">25808</reviews_count>
  <ratings_sum type="integer">68317</ratings_sum>
  <ratings_count type="integer">17836</ratings_count>
  <text_reviews_count type="integer">866</text_reviews_count>
  <original_publication_year type="integer">2006</original_publication_year>
  <original_publication_month type="integer">1</original_publication_month>
  <original_publication_day type="integer">1</original_publication_day>
  <original_title>On the Way to Wedding</original_title>
  <original_language_id type="integer" nil="true"/>
  <media_type>book</media_type>
  <rating_dist>5:5080|4:6375|3:4894|2:1248|1:239|total:17836</rating_dist>
  <desc_user_id type="integer">2625396</desc_user_id>
  <default_chaptering_book_id type="integer" nil="true"/>
  <default_description_language_code nil="true"/>
</work>
  <average_rating>3.83</average_rating>
  <num_pages><![CDATA[371]]></num_pages>
  <format><![CDATA[Mass Market Paperback]]></format>
  <edition_information><![CDATA[]]></edition_information>
  <ratings_count><![CDATA[16320]]></ratings_count>
  <text_reviews_count><![CDATA[691]]></text_reviews_count>
  <url><![CDATA[https://www.goodreads.com/book/show/110388.On_the_Way_to_the_Wedding]]></url>
  <link><![CDATA[https://www.goodreads.com/book/show/110388.On_the_Way_to_the_Wedding]]></link>
  <authors>
<author>
<id>63898</id>
<name>Julia Quinn</name>
<role></role>
<image_url nophoto='false'>
<![CDATA[https://images.gr-assets.com/authors/1493243934p5/63898.jpg]]>
</image_url>
<small_image_url nophoto='false'>
<![CDATA[https://images.gr-assets.com/authors/1493243934p2/63898.jpg]]>
</small_image_url>
<link><![CDATA[https://www.goodreads.com/author/show/63898.Julia_Quinn]]></link>
<average_rating>3.98</average_rating>
<ratings_count>554331</ratings_count>
<text_reviews_count>29250</text_reviews_count>
</author>
</authors>

    <reviews_widget>
      <![CDATA[
        <style>
  #goodreads-widget {
    font-family: georgia, serif;
    padding: 18px 0;
    width:565px;
  }
  #goodreads-widget h1 {
    font-weight:normal;
    font-size: 16px;
    border-bottom: 1px solid #BBB596;
    margin-bottom: 0;
  }
  #goodreads-widget a {
    text-decoration: none;
    color:#660;
  }
  iframe{
    background-color: #fff;
  }
  #goodreads-widget a:hover { text-decoration: underline; }
  #goodreads-widget a:active {
    color:#660;
  }
  #gr_footer {
    width: 100%;
    border-top: 1px solid #BBB596;
    text-align: right;
  }
  #goodreads-widget .gr_branding{
    color: #382110;
    font-size: 11px;
    text-decoration: none;
    font-family: "Helvetica Neue", Helvetica, Arial, sans-serif;
  }
</style>
<div id="goodreads-widget">
  <div id="gr_header"><h1><a rel="nofollow" href="https://www.goodreads.com/book/show/110388.On_the_Way_to_the_Wedding">On the Way to the Wedding Reviews</a></h1></div>
  <iframe id="the_iframe" src="https://www.goodreads.com/api/reviews_widget_iframe?did=DEVELOPER_ID&amp;format=html&amp;isbn=0060531258&amp;links=660&amp;min_rating=&amp;review_back=fff&amp;stars=000&amp;text=000" width="565" height="400" frameborder="0"></iframe>
  <div id="gr_footer">
    <a class="gr_branding" target="_blank" rel="nofollow" href="https://www.goodreads.com/book/show/110388.On_the_Way_to_the_Wedding?utm_medium=api&amp;utm_source=reviews_widget">Reviews from Goodreads.com</a>
  </div>
</div>

      ]]>
    </reviews_widget>
  <popular_shelves>
      <shelf name="historical-romance" count="1145"/>
      <shelf name="romance" count="1084"/>
      <shelf name="to-read" count="567"/>
      <shelf name="historical" count="431"/>
      <shelf name="julia-quinn" count="310"/>
      <shelf name="regency" count="161"/>
      <shelf name="historical-fiction" count="151"/>
      <shelf name="favorites" count="128"/>
      <shelf name="currently-reading" count="119"/>
      <shelf name="series" count="106"/>
      <shelf name="regency-romance" count="91"/>
      <shelf name="fiction" count="88"/>
      <shelf name="romance-historical" count="82"/>
      <shelf name="adult" count="74"/>
      <shelf name="books-i-own" count="63"/>
      <shelf name="owned" count="56"/>
      <shelf name="ebook" count="54"/>
      <shelf name="kindle" count="40"/>
      <shelf name="bridgertons" count="38"/>
      <shelf name="chick-lit" count="31"/>
      <shelf name="library" count="29"/>
      <shelf name="default" count="27"/>
      <shelf name="ebooks" count="27"/>
      <shelf name="quinn-julia" count="25"/>
      <shelf name="author-julia-quinn" count="25"/>
      <shelf name="england" count="25"/>
      <shelf name="part-of-a-series" count="24"/>
      <shelf name="paperback" count="24"/>
      <shelf name="friends-to-lovers" count="22"/>
      <shelf name="4-stars" count="21"/>
      <shelf name="bridgerton-series" count="21"/>
      <shelf name="historicals" count="19"/>
      <shelf name="read-2016" count="17"/>
      <shelf name="3-stars" count="17"/>
      <shelf name="owned-books" count="17"/>
      <shelf name="romance-novels" count="17"/>
      <shelf name="my-books" count="15"/>
      <shelf name="e-book" count="15"/>
      <shelf name="romances" count="15"/>
      <shelf name="historicalromance" count="15"/>
      <shelf name="read-in-2014" count="14"/>
      <shelf name="hr" count="14"/>
      <shelf name="humor" count="14"/>
      <shelf name="e-books" count="14"/>
      <shelf name="audiobook" count="14"/>
      <shelf name="adult-fiction" count="14"/>
      <shelf name="i-own" count="14"/>
      <shelf name="read-in-2013" count="13"/>
      <shelf name="favourites" count="13"/>
      <shelf name="quinn" count="13"/>
      <shelf name="romance-regency" count="13"/>
      <shelf name="read-in-2016" count="12"/>
      <shelf name="historic-romance" count="12"/>
      <shelf name="part-of-series" count="12"/>
      <shelf name="historical-regency" count="12"/>
      <shelf name="reviewed" count="12"/>
      <shelf name="read-2014" count="11"/>
      <shelf name="2013-reads" count="11"/>
      <shelf name="read-in-2012" count="11"/>
      <shelf name="re-read" count="11"/>
      <shelf name="read-in-2011" count="11"/>
      <shelf name="historical-romances" count="11"/>
      <shelf name="favorite-author" count="11"/>
      <shelf name="family" count="11"/>
      <shelf name="bridgerton" count="11"/>
      <shelf name="2006" count="11"/>
      <shelf name="read-2015" count="10"/>
      <shelf name="favorite-series" count="10"/>
      <shelf name="genre-romance-historical" count="10"/>
      <shelf name="love" count="10"/>
      <shelf name="bridgertons-series" count="10"/>
      <shelf name="series-bridgertons" count="10"/>
      <shelf name="guilty-pleasures" count="10"/>
      <shelf name="audio" count="10"/>
      <shelf name="read-in-2015" count="9"/>
      <shelf name="favorite" count="9"/>
      <shelf name="adult-romance" count="9"/>
      <shelf name="funny" count="9"/>
      <shelf name="own-it" count="9"/>
      <shelf name="read-in-2010" count="9"/>
      <shelf name="guilty-pleasure" count="9"/>
      <shelf name="audiobooks" count="9"/>
      <shelf name="setting-england" count="8"/>
      <shelf name="borrowed" count="8"/>
      <shelf name="genre-historical-romance" count="8"/>
      <shelf name="5-stars" count="8"/>
      <shelf name="read-2011" count="8"/>
      <shelf name="english" count="8"/>
      <shelf name="brain-candy" count="8"/>
      <shelf name="to-buy" count="8"/>
      <shelf name="history" count="8"/>
      <shelf name="love-triangle" count="8"/>
      <shelf name="favorite-authors" count="8"/>
      <shelf name="read-romance" count="8"/>
      <shelf name="read-in-2009" count="8"/>
      <shelf name="the-bridgertons" count="8"/>
      <shelf name="read-2013" count="7"/>
      <shelf name="calibre" count="7"/>
      <shelf name="genre-romance" count="7"/>
      <shelf name="kobo" count="7"/>
  </popular_shelves>
  <book_links>
    <book_link>
  <id>8</id>
  <name>Libraries</name>
  <link>https://www.goodreads.com/book_link/follow/8</link>
</book_link>

  </book_links>
  <buy_links>
    <buy_link>
<id>1</id>
<name>Amazon</name>
<link>https://www.goodreads.com/book_link/follow/1</link>
</buy_link>
<buy_link>
<id>10</id>
<name>Audible</name>
<link>https://www.goodreads.com/book_link/follow/10</link>
</buy_link>
<buy_link>
<id>3</id>
<name>Barnes &amp; Noble</name>
<link>https://www.goodreads.com/book_link/follow/3</link>
</buy_link>
<buy_link>
<id>1027</id>
<name>Kobo</name>
<link>https://www.goodreads.com/book_link/follow/1027</link>
</buy_link>
<buy_link>
<id>2102</id>
<name>Apple iBooks</name>
<link>https://www.goodreads.com/book_link/follow/2102</link>
</buy_link>
<buy_link>
<id>8036</id>
<name>Google Play</name>
<link>https://www.goodreads.com/book_link/follow/8036</link>
</buy_link>
<buy_link>
<id>4</id>
<name>Abebooks</name>
<link>https://www.goodreads.com/book_link/follow/4</link>
</buy_link>
<buy_link>
<id>882</id>
<name>Book Depository</name>
<link>https://www.goodreads.com/book_link/follow/882</link>
</buy_link>
<buy_link>
<id>9</id>
<name>Indigo</name>
<link>https://www.goodreads.com/book_link/follow/9</link>
</buy_link>
<buy_link>
<id>2</id>
<name>Half.com</name>
<link>https://www.goodreads.com/book_link/follow/2</link>
</buy_link>
<buy_link>
<id>5</id>
<name>Alibris</name>
<link>https://www.goodreads.com/book_link/follow/5</link>
</buy_link>
<buy_link>
<id>107</id>
<name>Better World Books</name>
<link>https://www.goodreads.com/book_link/follow/107</link>
</buy_link>
<buy_link>
<id>7</id>
<name>IndieBound</name>
<link>https://www.goodreads.com/book_link/follow/7</link>
</buy_link>

  </buy_links>
  <series_works>
    <series_work>
<id>160067</id>
<user_position>8</user_position>
<series>
<id>40393</id>
<title>
<![CDATA[
    Bridgertons
]]>
</title>
<description>
<![CDATA[
    Regency romance. See also <a href="http://www.goodreads.com/series/51906-lady-whistledown">The Lady Whistledown</a> story collections, and the new <a href="https://www.goodreads.com/series/165625">Rokesbys</a> prequel series.
]]>
</description>
<note>
<![CDATA[
]]>
</note>
<series_works_count>20</series_works_count>
<primary_work_count>8</primary_work_count>
<numbered>true</numbered>
</series>

</series_work>

  </series_works>
  <similar_books>
          <book>
<id>105574</id>
<title><![CDATA[Scandal in Spring (Wallflowers, #4)]]></title>
<title_without_series>Scandal in Spring</title_without_series>
<link><![CDATA[https://www.goodreads.com/book/show/105574.Scandal_in_Spring]]></link>
<small_image_url><![CDATA[https://images.gr-assets.com/books/1452549904s/105574.jpg]]></small_image_url>
<image_url><![CDATA[https://images.gr-assets.com/books/1452549904m/105574.jpg]]></image_url>
<num_pages>374</num_pages>
<work>
<id>101766</id>
</work>
<isbn>0060562536</isbn>
<isbn13>9780060562533</isbn13>
<average_rating>4.02</average_rating>
<ratings_count>27662</ratings_count>
<publication_year>2006</publication_year>
<publication_month>7</publication_month>
<publication_day>25</publication_day>
<authors>
<author>
<id>27847</id>
<name>Lisa Kleypas</name>
<link><![CDATA[https://www.goodreads.com/author/show/27847.Lisa_Kleypas]]></link>
</author>
</authors>
</book>

          <book>
<id>833923</id>
<title><![CDATA[England's Perfect Hero (Lessons in Love, #3)]]></title>
<title_without_series>England&apos;s Perfect Hero</title_without_series>
<link><![CDATA[https://www.goodreads.com/book/show/833923.England_s_Perfect_Hero]]></link>
<small_image_url><![CDATA[https://images.gr-assets.com/books/1331516514s/833923.jpg]]></small_image_url>
<image_url><![CDATA[https://images.gr-assets.com/books/1331516514m/833923.jpg]]></image_url>
<num_pages>374</num_pages>
<work>
<id>2556108</id>
</work>
<isbn>0060543132</isbn>
<isbn13>9780060543136</isbn13>
<average_rating>4.08</average_rating>
<ratings_count>5395</ratings_count>
<publication_year>2004</publication_year>
<publication_month>2</publication_month>
<publication_day>24</publication_day>
<authors>
<author>
<id>23294</id>
<name>Suzanne Enoch</name>
<link><![CDATA[https://www.goodreads.com/author/show/23294.Suzanne_Enoch]]></link>
</author>
</authors>
</book>

          <book>
<id>7781699</id>
<title><![CDATA[Ten Ways to Be Adored When Landing a Lord (Love By Numbers, #2)]]></title>
<title_without_series><![CDATA[Ten Ways to Be Adored When Landing a Lord]]></title_without_series>
<link><![CDATA[https://www.goodreads.com/book/show/7781699-ten-ways-to-be-adored-when-landing-a-lord]]></link>
<small_image_url><![CDATA[https://images.gr-assets.com/books/1322231419s/7781699.jpg]]></small_image_url>
<image_url><![CDATA[https://images.gr-assets.com/books/1322231419m/7781699.jpg]]></image_url>
<num_pages>384</num_pages>
<work>
<id>10706071</id>
</work>
<isbn>0061852066</isbn>
<isbn13>9780061852060</isbn13>
<average_rating>3.91</average_rating>
<ratings_count>14272</ratings_count>
<publication_year>2010</publication_year>
<publication_month>10</publication_month>
<publication_day>26</publication_day>
<authors>
<author>
<id>1598076</id>
<name>Sarah MacLean</name>
<link><![CDATA[https://www.goodreads.com/author/show/1598076.Sarah_MacLean]]></link>
</author>
</authors>
</book>

          <book>
<id>37346</id>
<title><![CDATA[Slightly Wicked (Bedwyn Saga, #2)]]></title>
<title_without_series>Slightly Wicked</title_without_series>
<link><![CDATA[https://www.goodreads.com/book/show/37346.Slightly_Wicked]]></link>
<small_image_url><![CDATA[https://s.gr-assets.com/assets/nophoto/book/50x75-a91bf249278a81aabab721ef782c4a74.png]]></small_image_url>
<image_url><![CDATA[https://s.gr-assets.com/assets/nophoto/book/111x148-bcc042a9c91a29c1d680899eff700a03.png]]></image_url>
<num_pages>342</num_pages>
<work>
<id>1322475</id>
</work>
<isbn>0440241057</isbn>
<isbn13>9780440241058</isbn13>
<average_rating>3.99</average_rating>
<ratings_count>7736</ratings_count>
<publication_year>2011</publication_year>
<publication_month>10</publication_month>
<publication_day></publication_day>
<authors>
<author>
<id>9759</id>
<name>Mary Balogh</name>
<link><![CDATA[https://www.goodreads.com/author/show/9759.Mary_Balogh]]></link>
</author>
</authors>
</book>

          <book>
<id>298371</id>
<title><![CDATA[The Taming of the Duke (Essex Sisters, #3)]]></title>
<title_without_series>The Taming of the Duke</title_without_series>
<link><![CDATA[https://www.goodreads.com/book/show/298371.The_Taming_of_the_Duke]]></link>
<small_image_url><![CDATA[https://s.gr-assets.com/assets/nophoto/book/50x75-a91bf249278a81aabab721ef782c4a74.png]]></small_image_url>
<image_url><![CDATA[https://s.gr-assets.com/assets/nophoto/book/111x148-bcc042a9c91a29c1d680899eff700a03.png]]></image_url>
<num_pages>392</num_pages>
<work>
<id>289469</id>
</work>
<isbn>0060781580</isbn>
<isbn13>9780060781583</isbn13>
<average_rating>3.88</average_rating>
<ratings_count>5155</ratings_count>
<publication_year>2006</publication_year>
<publication_month>3</publication_month>
<publication_day>28</publication_day>
<authors>
<author>
<id>86778</id>
<name>Eloisa James</name>
<link><![CDATA[https://www.goodreads.com/author/show/86778.Eloisa_James]]></link>
</author>
</authors>
</book>

          <book>
<id>2374852</id>
<title><![CDATA[At the Bride Hunt Ball (Devine & Friends, #1)]]></title>
<title_without_series>At the Bride Hunt Ball</title_without_series>
<link><![CDATA[https://www.goodreads.com/book/show/2374852.At_the_Bride_Hunt_Ball]]></link>
<small_image_url><![CDATA[https://images.gr-assets.com/books/1463677967s/2374852.jpg]]></small_image_url>
<image_url><![CDATA[https://images.gr-assets.com/books/1463677967m/2374852.jpg]]></image_url>
<num_pages>371</num_pages>
<work>
<id>2381762</id>
</work>
<isbn>0061355445</isbn>
<isbn13>9780061355448</isbn13>
<average_rating>3.96</average_rating>
<ratings_count>5523</ratings_count>
<publication_year>2008</publication_year>
<publication_month>5</publication_month>
<publication_day>27</publication_day>
<authors>
<author>
<id>1036134</id>
<name>Olivia Parker</name>
<link><![CDATA[https://www.goodreads.com/author/show/1036134.Olivia_Parker]]></link>
</author>
</authors>
</book>

          <book>
<id>363499</id>
<title>Devil&apos;s Bride (Cynster, #1)</title>
<title_without_series>Devil&apos;s Bride</title_without_series>
<link><![CDATA[https://www.goodreads.com/book/show/363499.Devil_s_Bride]]></link>
<small_image_url><![CDATA[https://s.gr-assets.com/assets/nophoto/book/50x75-a91bf249278a81aabab721ef782c4a74.png]]></small_image_url>
<image_url><![CDATA[https://s.gr-assets.com/assets/nophoto/book/111x148-bcc042a9c91a29c1d680899eff700a03.png]]></image_url>
<num_pages>388</num_pages>
<work>
<id>2524956</id>
</work>
<isbn>038079456X</isbn>
<isbn13>9780380794560</isbn13>
<average_rating>4.10</average_rating>
<ratings_count>14861</ratings_count>
<publication_year></publication_year>
<publication_month></publication_month>
<publication_day></publication_day>
<authors>
<author>
<id>9241</id>
<name>Stephanie Laurens</name>
<link><![CDATA[https://www.goodreads.com/author/show/9241.Stephanie_Laurens]]></link>
</author>
</authors>
</book>

  </similar_books>
</book>

</GoodreadsResponse>