<?xml version="1.0" encoding="UTF-8"?>
<GoodreadsResponse>
  <Request>
    <authentication>true</authentication>
      <key><![CDATA[all_men_must_serve]]></key>
    <method><![CDATA[book_show]]></method>
  </Request>
  <book>
  <id>110396</id>
  <title><![CDATA[When He was Wicked (Bridgertons, #6)]]></title>
  <isbn><![CDATA[0060531231]]></isbn>
  <isbn13><![CDATA[9780060531232]]></isbn13>
  <asin><![CDATA[]]></asin>
  <kindle_asin><![CDATA[B00UG8RP9U]]></kindle_asin>
  <marketplace_id><![CDATA[A1F83G8C2ARO7P]]></marketplace_id>
  <country_code><![CDATA[GB]]></country_code>
  <image_url>https://images.gr-assets.com/books/1274212205m/110396.jpg</image_url>
  <small_image_url>https://images.gr-assets.com/books/1274212205s/110396.jpg</small_image_url>
  <publication_year></publication_year>
  <publication_month></publication_month>
  <publication_day></publication_day>
  <publisher>Avon</publisher>
  <language_code>eng</language_code>
  <is_ebook>false</is_ebook>
  <description><![CDATA[<b>Everything was so much simpler... when he was wicked.</b><br /><br />In every life there is a turning point. A moment so tremendous, so sharp and breathtaking, that one knows one's life will never be the same. For Michael Stirling, London's most infamous rake, that moment came the first time he laid eyes on Francesca Bridgerton. <br /><br />After a lifetime of chasing women, of smiling slyly as they chased him, of allowing himself to be caught but never permitting his heart to become engaged, he took one look at Francesca Bridgerton and fell so fast and hard into love it was a wonder he managed to remain standing. Unfortunately for Michael, however, Francesca's surname was to remain Bridgerton for only a mere thirty-six hours longer—the occasion of their meeting was, lamentably, a supper celebrating her imminent wedding to his cousin. <br /><br />But that was then... Now Michael is the earl and Francesca is free, but still she thinks of him as nothing other than her dear friend and confidant. Michael dares not speak to her of his love... until one dangerous night, when she steps innocently into his arms, and passion proves stronger than even the most wicked of secrets...]]></description>
  <work>
  <id type="integer">1118162</id>
  <books_count type="integer">42</books_count>
  <best_book_id type="integer">110396</best_book_id>
  <reviews_count type="integer">36006</reviews_count>
  <ratings_sum type="integer">104976</ratings_sum>
  <ratings_count type="integer">26018</ratings_count>
  <text_reviews_count type="integer">1092</text_reviews_count>
  <original_publication_year type="integer">2004</original_publication_year>
  <original_publication_month type="integer">1</original_publication_month>
  <original_publication_day type="integer">1</original_publication_day>
  <original_title>When He was Wicked</original_title>
  <original_language_id type="integer" nil="true"/>
  <media_type>book</media_type>
  <rating_dist>5:9491|4:9603|3:5506|2:1173|1:245|total:26018</rating_dist>
  <desc_user_id type="integer">5838777</desc_user_id>
  <default_chaptering_book_id type="integer" nil="true"/>
  <default_description_language_code nil="true"/>
</work>
  <average_rating>4.03</average_rating>
  <num_pages><![CDATA[368]]></num_pages>
  <format><![CDATA[]]></format>
  <edition_information><![CDATA[]]></edition_information>
  <ratings_count><![CDATA[24097]]></ratings_count>
  <text_reviews_count><![CDATA[874]]></text_reviews_count>
  <url><![CDATA[https://www.goodreads.com/book/show/110396.When_He_was_Wicked]]></url>
  <link><![CDATA[https://www.goodreads.com/book/show/110396.When_He_was_Wicked]]></link>
  <authors>
<author>
<id>63898</id>
<name>Julia Quinn</name>
<role></role>
<image_url nophoto='false'>
<![CDATA[https://images.gr-assets.com/authors/1493243934p5/63898.jpg]]>
</image_url>
<small_image_url nophoto='false'>
<![CDATA[https://images.gr-assets.com/authors/1493243934p2/63898.jpg]]>
</small_image_url>
<link><![CDATA[https://www.goodreads.com/author/show/63898.Julia_Quinn]]></link>
<average_rating>3.98</average_rating>
<ratings_count>554325</ratings_count>
<text_reviews_count>29249</text_reviews_count>
</author>
</authors>

    <reviews_widget>
      <![CDATA[
        <style>
  #goodreads-widget {
    font-family: georgia, serif;
    padding: 18px 0;
    width:565px;
  }
  #goodreads-widget h1 {
    font-weight:normal;
    font-size: 16px;
    border-bottom: 1px solid #BBB596;
    margin-bottom: 0;
  }
  #goodreads-widget a {
    text-decoration: none;
    color:#660;
  }
  iframe{
    background-color: #fff;
  }
  #goodreads-widget a:hover { text-decoration: underline; }
  #goodreads-widget a:active {
    color:#660;
  }
  #gr_footer {
    width: 100%;
    border-top: 1px solid #BBB596;
    text-align: right;
  }
  #goodreads-widget .gr_branding{
    color: #382110;
    font-size: 11px;
    text-decoration: none;
    font-family: "Helvetica Neue", Helvetica, Arial, sans-serif;
  }
</style>
<div id="goodreads-widget">
  <div id="gr_header"><h1><a rel="nofollow" href="https://www.goodreads.com/book/show/110396.When_He_was_Wicked">When He was Wicked Reviews</a></h1></div>
  <iframe id="the_iframe" src="https://www.goodreads.com/api/reviews_widget_iframe?did=DEVELOPER_ID&amp;format=html&amp;isbn=0060531231&amp;links=660&amp;min_rating=&amp;review_back=fff&amp;stars=000&amp;text=000" width="565" height="400" frameborder="0"></iframe>
  <div id="gr_footer">
    <a class="gr_branding" target="_blank" rel="nofollow" href="https://www.goodreads.com/book/show/110396.When_He_was_Wicked?utm_medium=api&amp;utm_source=reviews_widget">Reviews from Goodreads.com</a>
  </div>
</div>

      ]]>
    </reviews_widget>
  <popular_shelves>
      <shelf name="to-read" count="1986"/>
      <shelf name="historical-romance" count="1473"/>
      <shelf name="romance" count="1330"/>
      <shelf name="historical" count="565"/>
      <shelf name="julia-quinn" count="355"/>
      <shelf name="favorites" count="240"/>
      <shelf name="regency" count="203"/>
      <shelf name="historical-fiction" count="190"/>
      <shelf name="series" count="144"/>
      <shelf name="regency-romance" count="114"/>
      <shelf name="adult" count="96"/>
      <shelf name="romance-historical" count="96"/>
      <shelf name="fiction" count="94"/>
      <shelf name="currently-reading" count="83"/>
      <shelf name="books-i-own" count="72"/>
      <shelf name="friends-to-lovers" count="61"/>
      <shelf name="ebook" count="61"/>
      <shelf name="kindle" count="59"/>
      <shelf name="owned" count="57"/>
      <shelf name="bridgertons" count="41"/>
      <shelf name="chick-lit" count="38"/>
      <shelf name="ebooks" count="33"/>
      <shelf name="library" count="33"/>
      <shelf name="5-stars" count="30"/>
      <shelf name="england" count="30"/>
      <shelf name="hr" count="28"/>
      <shelf name="paperback" count="28"/>
      <shelf name="default" count="27"/>
      <shelf name="part-of-a-series" count="27"/>
      <shelf name="unrequited-love" count="27"/>
      <shelf name="favourites" count="26"/>
      <shelf name="historical-romances" count="26"/>
      <shelf name="quinn-julia" count="25"/>
      <shelf name="historicals" count="25"/>
      <shelf name="bridgerton-series" count="25"/>
      <shelf name="author-julia-quinn" count="22"/>
      <shelf name="e-book" count="21"/>
      <shelf name="re-read" count="20"/>
      <shelf name="romance-regency" count="20"/>
      <shelf name="family" count="19"/>
      <shelf name="favorite-series" count="19"/>
      <shelf name="4-stars" count="19"/>
      <shelf name="historical-regency" count="19"/>
      <shelf name="audiobook" count="19"/>
      <shelf name="romance-novels" count="19"/>
      <shelf name="read-in-2016" count="18"/>
      <shelf name="historic-romance" count="18"/>
      <shelf name="widow" count="18"/>
      <shelf name="my-books" count="18"/>
      <shelf name="favorite" count="17"/>
      <shelf name="humor" count="17"/>
      <shelf name="read-2015" count="16"/>
      <shelf name="funny" count="16"/>
      <shelf name="read-2016" count="15"/>
      <shelf name="read-2014" count="15"/>
      <shelf name="owned-books" count="15"/>
      <shelf name="part-of-series" count="15"/>
      <shelf name="to-buy" count="15"/>
      <shelf name="e-books" count="15"/>
      <shelf name="all-time-favorites" count="15"/>
      <shelf name="adult-fiction" count="15"/>
      <shelf name="i-own" count="15"/>
      <shelf name="read-in-2014" count="14"/>
      <shelf name="read-in-2013" count="14"/>
      <shelf name="read-in-2011" count="14"/>
      <shelf name="scotland" count="14"/>
      <shelf name="reviewed" count="14"/>
      <shelf name="historicalromance" count="14"/>
      <shelf name="read-in-2015" count="13"/>
      <shelf name="read-in-2012" count="13"/>
      <shelf name="genre-historical-romance" count="13"/>
      <shelf name="guilty-pleasure" count="13"/>
      <shelf name="favorite-author" count="13"/>
      <shelf name="keepers" count="13"/>
      <shelf name="3-stars" count="12"/>
      <shelf name="made-me-cry" count="12"/>
      <shelf name="bridgertons-series" count="12"/>
      <shelf name="read-in-2010" count="12"/>
      <shelf name="guilty-pleasures" count="12"/>
      <shelf name="widow-widower" count="12"/>
      <shelf name="favorite-authors" count="12"/>
      <shelf name="quinn" count="12"/>
      <shelf name="2016-reads" count="11"/>
      <shelf name="read-2013" count="11"/>
      <shelf name="adult-romance" count="11"/>
      <shelf name="genre-historical" count="11"/>
      <shelf name="romances" count="11"/>
      <shelf name="library-book" count="10"/>
      <shelf name="regency-era" count="10"/>
      <shelf name="nook" count="10"/>
      <shelf name="bridgerton" count="10"/>
      <shelf name="m-f" count="10"/>
      <shelf name="trashy-romance" count="10"/>
      <shelf name="2013-reads" count="9"/>
      <shelf name="19th-century" count="9"/>
      <shelf name="steamy" count="9"/>
      <shelf name="kindle-books" count="9"/>
      <shelf name="borrowed" count="9"/>
      <shelf name="read-2011" count="9"/>
      <shelf name="hot" count="9"/>
  </popular_shelves>
  <book_links>
    <book_link>
  <id>8</id>
  <name>Libraries</name>
  <link>https://www.goodreads.com/book_link/follow/8</link>
</book_link>

  </book_links>
  <buy_links>
    <buy_link>
<id>1</id>
<name>Amazon</name>
<link>https://www.goodreads.com/book_link/follow/1</link>
</buy_link>
<buy_link>
<id>10</id>
<name>Audible</name>
<link>https://www.goodreads.com/book_link/follow/10</link>
</buy_link>
<buy_link>
<id>3</id>
<name>Barnes &amp; Noble</name>
<link>https://www.goodreads.com/book_link/follow/3</link>
</buy_link>
<buy_link>
<id>1027</id>
<name>Kobo</name>
<link>https://www.goodreads.com/book_link/follow/1027</link>
</buy_link>
<buy_link>
<id>2102</id>
<name>Apple iBooks</name>
<link>https://www.goodreads.com/book_link/follow/2102</link>
</buy_link>
<buy_link>
<id>8036</id>
<name>Google Play</name>
<link>https://www.goodreads.com/book_link/follow/8036</link>
</buy_link>
<buy_link>
<id>4</id>
<name>Abebooks</name>
<link>https://www.goodreads.com/book_link/follow/4</link>
</buy_link>
<buy_link>
<id>882</id>
<name>Book Depository</name>
<link>https://www.goodreads.com/book_link/follow/882</link>
</buy_link>
<buy_link>
<id>9</id>
<name>Indigo</name>
<link>https://www.goodreads.com/book_link/follow/9</link>
</buy_link>
<buy_link>
<id>2</id>
<name>Half.com</name>
<link>https://www.goodreads.com/book_link/follow/2</link>
</buy_link>
<buy_link>
<id>5</id>
<name>Alibris</name>
<link>https://www.goodreads.com/book_link/follow/5</link>
</buy_link>
<buy_link>
<id>107</id>
<name>Better World Books</name>
<link>https://www.goodreads.com/book_link/follow/107</link>
</buy_link>
<buy_link>
<id>7</id>
<name>IndieBound</name>
<link>https://www.goodreads.com/book_link/follow/7</link>
</buy_link>

  </buy_links>
  <series_works>
    <series_work>
<id>155035</id>
<user_position>6</user_position>
<series>
<id>40393</id>
<title>
<![CDATA[
    Bridgertons
]]>
</title>
<description>
<![CDATA[
    Regency romance. See also <a href="http://www.goodreads.com/series/51906-lady-whistledown">The Lady Whistledown</a> story collections, and the new <a href="https://www.goodreads.com/series/165625">Rokesbys</a> prequel series.
]]>
</description>
<note>
<![CDATA[
]]>
</note>
<series_works_count>20</series_works_count>
<primary_work_count>8</primary_work_count>
<numbered>true</numbered>
</series>

</series_work>

  </series_works>
  <similar_books>
          <book>
<id>2948832</id>
<title><![CDATA[Seduce Me at Sunrise (The Hathaways, #2)]]></title>
<title_without_series>Seduce Me at Sunrise</title_without_series>
<link><![CDATA[https://www.goodreads.com/book/show/2948832-seduce-me-at-sunrise]]></link>
<small_image_url><![CDATA[https://images.gr-assets.com/books/1390526497s/2948832.jpg]]></small_image_url>
<image_url><![CDATA[https://images.gr-assets.com/books/1390526497m/2948832.jpg]]></image_url>
<num_pages>360</num_pages>
<work>
<id>2978308</id>
</work>
<isbn>0312949812</isbn>
<isbn13>9780312949815</isbn13>
<average_rating>4.10</average_rating>
<ratings_count>23959</ratings_count>
<publication_year>2008</publication_year>
<publication_month>9</publication_month>
<publication_day>30</publication_day>
<authors>
<author>
<id>27847</id>
<name>Lisa Kleypas</name>
<link><![CDATA[https://www.goodreads.com/author/show/27847.Lisa_Kleypas]]></link>
</author>
</authors>
</book>

          <book>
<id>833923</id>
<title><![CDATA[England's Perfect Hero (Lessons in Love, #3)]]></title>
<title_without_series>England&apos;s Perfect Hero</title_without_series>
<link><![CDATA[https://www.goodreads.com/book/show/833923.England_s_Perfect_Hero]]></link>
<small_image_url><![CDATA[https://images.gr-assets.com/books/1331516514s/833923.jpg]]></small_image_url>
<image_url><![CDATA[https://images.gr-assets.com/books/1331516514m/833923.jpg]]></image_url>
<num_pages>374</num_pages>
<work>
<id>2556108</id>
</work>
<isbn>0060543132</isbn>
<isbn13>9780060543136</isbn13>
<average_rating>4.08</average_rating>
<ratings_count>5395</ratings_count>
<publication_year>2004</publication_year>
<publication_month>2</publication_month>
<publication_day>24</publication_day>
<authors>
<author>
<id>23294</id>
<name>Suzanne Enoch</name>
<link><![CDATA[https://www.goodreads.com/author/show/23294.Suzanne_Enoch]]></link>
</author>
</authors>
</book>

          <book>
<id>7963136</id>
<title><![CDATA[Eleven Scandals to Start to Win a Duke's Heart (Love By Numbers, #3)]]></title>
<title_without_series><![CDATA[Eleven Scandals to Start to Win a Duke's Heart]]></title_without_series>
<link><![CDATA[https://www.goodreads.com/book/show/7963136-eleven-scandals-to-start-to-win-a-duke-s-heart]]></link>
<small_image_url><![CDATA[https://images.gr-assets.com/books/1322367261s/7963136.jpg]]></small_image_url>
<image_url><![CDATA[https://images.gr-assets.com/books/1322367261m/7963136.jpg]]></image_url>
<num_pages>367</num_pages>
<work>
<id>11868519</id>
</work>
<isbn>0061852074</isbn>
<isbn13>9780061852077</isbn13>
<average_rating>4.05</average_rating>
<ratings_count>16530</ratings_count>
<publication_year>2011</publication_year>
<publication_month>4</publication_month>
<publication_day>26</publication_day>
<authors>
<author>
<id>1598076</id>
<name>Sarah MacLean</name>
<link><![CDATA[https://www.goodreads.com/author/show/1598076.Sarah_MacLean]]></link>
</author>
</authors>
</book>

          <book>
<id>35334</id>
<title><![CDATA[A Summer to Remember (Bedwyn Prequels, #2)]]></title>
<title_without_series>A Summer to Remember</title_without_series>
<link><![CDATA[https://www.goodreads.com/book/show/35334.A_Summer_to_Remember]]></link>
<small_image_url><![CDATA[https://s.gr-assets.com/assets/nophoto/book/50x75-a91bf249278a81aabab721ef782c4a74.png]]></small_image_url>
<image_url><![CDATA[https://s.gr-assets.com/assets/nophoto/book/111x148-bcc042a9c91a29c1d680899eff700a03.png]]></image_url>
<num_pages>361</num_pages>
<work>
<id>1591953</id>
</work>
<isbn>0440236630</isbn>
<isbn13>9780440236634</isbn13>
<average_rating>4.06</average_rating>
<ratings_count>7650</ratings_count>
<publication_year>2003</publication_year>
<publication_month>3</publication_month>
<publication_day>4</publication_day>
<authors>
<author>
<id>9759</id>
<name>Mary Balogh</name>
<link><![CDATA[https://www.goodreads.com/author/show/9759.Mary_Balogh]]></link>
</author>
</authors>
</book>

          <book>
<id>297887</id>
<title><![CDATA[One Night of Sin (Knight Miscellany, #6)]]></title>
<title_without_series>One Night of Sin</title_without_series>
<link><![CDATA[https://www.goodreads.com/book/show/297887.One_Night_of_Sin]]></link>
<small_image_url><![CDATA[https://s.gr-assets.com/assets/nophoto/book/50x75-a91bf249278a81aabab721ef782c4a74.png]]></small_image_url>
<image_url><![CDATA[https://s.gr-assets.com/assets/nophoto/book/111x148-bcc042a9c91a29c1d680899eff700a03.png]]></image_url>
<num_pages>471</num_pages>
<work>
<id>943454</id>
</work>
<isbn>0345480090</isbn>
<isbn13>9780345480095</isbn13>
<average_rating>3.93</average_rating>
<ratings_count>2793</ratings_count>
<publication_year>2005</publication_year>
<publication_month>5</publication_month>
<publication_day>31</publication_day>
<authors>
<author>
<id>83086</id>
<name>Gaelen Foley</name>
<link><![CDATA[https://www.goodreads.com/author/show/83086.Gaelen_Foley]]></link>
</author>
</authors>
</book>

          <book>
<id>658353</id>
<title><![CDATA[Fool for Love (Duchess Quartet, #2)]]></title>
<title_without_series>Fool for Love</title_without_series>
<link><![CDATA[https://www.goodreads.com/book/show/658353.Fool_for_Love]]></link>
<small_image_url><![CDATA[https://images.gr-assets.com/books/1333587395s/658353.jpg]]></small_image_url>
<image_url><![CDATA[https://images.gr-assets.com/books/1333587395m/658353.jpg]]></image_url>
<num_pages>351</num_pages>
<work>
<id>644437</id>
</work>
<isbn>0060508116</isbn>
<isbn13>9780060508111</isbn13>
<average_rating>3.85</average_rating>
<ratings_count>3716</ratings_count>
<publication_year>2003</publication_year>
<publication_month>7</publication_month>
<publication_day>29</publication_day>
<authors>
<author>
<id>86778</id>
<name>Eloisa James</name>
<link><![CDATA[https://www.goodreads.com/author/show/86778.Eloisa_James]]></link>
</author>
</authors>
</book>

          <book>
<id>958521</id>
<title><![CDATA[The Last Hellion (Scoundrels, #4)]]></title>
<title_without_series>The Last Hellion</title_without_series>
<link><![CDATA[https://www.goodreads.com/book/show/958521.The_Last_Hellion]]></link>
<small_image_url><![CDATA[https://images.gr-assets.com/books/1367199242s/958521.jpg]]></small_image_url>
<image_url><![CDATA[https://images.gr-assets.com/books/1367199242m/958521.jpg]]></image_url>
<num_pages>379</num_pages>
<work>
<id>943431</id>
</work>
<isbn>0380776170</isbn>
<isbn13>9780380776177</isbn13>
<average_rating>3.99</average_rating>
<ratings_count>5442</ratings_count>
<publication_year>1998</publication_year>
<publication_month>4</publication_month>
<publication_day>1</publication_day>
<authors>
<author>
<id>76405</id>
<name>Loretta Chase</name>
<link><![CDATA[https://www.goodreads.com/author/show/76405.Loretta_Chase]]></link>
</author>
</authors>
</book>

          <book>
<id>13061255</id>
<title><![CDATA[A Lady by Midnight (Spindle Cove, #3)]]></title>
<title_without_series>A Lady by Midnight</title_without_series>
<link><![CDATA[https://www.goodreads.com/book/show/13061255-a-lady-by-midnight]]></link>
<small_image_url><![CDATA[https://images.gr-assets.com/books/1331896162s/13061255.jpg]]></small_image_url>
<image_url><![CDATA[https://images.gr-assets.com/books/1331896162m/13061255.jpg]]></image_url>
<num_pages>374</num_pages>
<work>
<id>18226669</id>
</work>
<isbn>0062049895</isbn>
<isbn13>9780062049896</isbn13>
<average_rating>3.94</average_rating>
<ratings_count>10247</ratings_count>
<publication_year>2012</publication_year>
<publication_month>8</publication_month>
<publication_day>28</publication_day>
<authors>
<author>
<id>2752928</id>
<name>Tessa Dare</name>
<link><![CDATA[https://www.goodreads.com/author/show/2752928.Tessa_Dare]]></link>
</author>
</authors>
</book>

  </similar_books>
</book>

</GoodreadsResponse>