<?xml version="1.0" encoding="UTF-8"?>
<GoodreadsResponse>
  <Request>
    <authentication>true</authentication>
      <key><![CDATA[all_men_must_serve]]></key>
    <method><![CDATA[book_show]]></method>
  </Request>
  <book>
  <id>110387</id>
  <title><![CDATA[The Secret Diaries of Miss Miranda Cheever (Bevelstoke, #1)]]></title>
  <isbn><![CDATA[0061230839]]></isbn>
  <isbn13><![CDATA[9780061230837]]></isbn13>
  <asin><![CDATA[]]></asin>
  <kindle_asin><![CDATA[B000SCHBUW]]></kindle_asin>
  <marketplace_id><![CDATA[A1F83G8C2ARO7P]]></marketplace_id>
  <country_code><![CDATA[GB]]></country_code>
  <image_url>https://images.gr-assets.com/books/1274212433m/110387.jpg</image_url>
  <small_image_url>https://images.gr-assets.com/books/1274212433s/110387.jpg</small_image_url>
  <publication_year></publication_year>
  <publication_month></publication_month>
  <publication_day></publication_day>
  <publisher></publisher>
  <language_code>eng</language_code>
  <is_ebook>false</is_ebook>
  <description><![CDATA[<em>2 March 1810... Today, I fell in love.</em><br /><br />At the age of ten, Miranda Cheever showed no signs of Great Beauty. And even at ten, Miranda learned to accept the expectations society held for her—until the afternoon when Nigel Bevelstoke, the handsome and dashing Viscount Turner, solemnly kissed her hand and promised her that one day she would grow into herself, that one day she would be as beautiful as she already was smart. And even at ten, Miranda knew she would love him forever.<br /><br />But the years that followed were as cruel to Turner as they were kind to Miranda. She is as intriguing as the viscount boldly predicted on that memorable day—while he is a lonely, bitter man, crushed by a devastating loss. But Miranda has never forgotten the truth she set down on paper all those years earlier—and she will not allow the love that is her destiny to slip lightly through her fingers...]]></description>
  <work>
  <id type="integer">1790570</id>
  <books_count type="integer">38</books_count>
  <best_book_id type="integer">110387</best_book_id>
  <reviews_count type="integer">43721</reviews_count>
  <ratings_sum type="integer">105586</ratings_sum>
  <ratings_count type="integer">26871</ratings_count>
  <text_reviews_count type="integer">1137</text_reviews_count>
  <original_publication_year type="integer">2007</original_publication_year>
  <original_publication_month type="integer">6</original_publication_month>
  <original_publication_day type="integer">1</original_publication_day>
  <original_title>The Secret Diaries of Miss Miranda Cheever</original_title>
  <original_language_id type="integer" nil="true"/>
  <media_type>book</media_type>
  <rating_dist>5:9275|4:9126|3:6306|2:1625|1:539|total:26871</rating_dist>
  <desc_user_id type="integer">5838777</desc_user_id>
  <default_chaptering_book_id type="integer" nil="true"/>
  <default_description_language_code nil="true"/>
</work>
  <average_rating>3.93</average_rating>
  <num_pages><![CDATA[373]]></num_pages>
  <format><![CDATA[]]></format>
  <edition_information><![CDATA[]]></edition_information>
  <ratings_count><![CDATA[25548]]></ratings_count>
  <text_reviews_count><![CDATA[955]]></text_reviews_count>
  <url><![CDATA[https://www.goodreads.com/book/show/110387.The_Secret_Diaries_of_Miss_Miranda_Cheever]]></url>
  <link><![CDATA[https://www.goodreads.com/book/show/110387.The_Secret_Diaries_of_Miss_Miranda_Cheever]]></link>
  <authors>
<author>
<id>63898</id>
<name>Julia Quinn</name>
<role></role>
<image_url nophoto='false'>
<![CDATA[https://images.gr-assets.com/authors/1493243934p5/63898.jpg]]>
</image_url>
<small_image_url nophoto='false'>
<![CDATA[https://images.gr-assets.com/authors/1493243934p2/63898.jpg]]>
</small_image_url>
<link><![CDATA[https://www.goodreads.com/author/show/63898.Julia_Quinn]]></link>
<average_rating>3.98</average_rating>
<ratings_count>554325</ratings_count>
<text_reviews_count>29249</text_reviews_count>
</author>
</authors>

    <reviews_widget>
      <![CDATA[
        <style>
  #goodreads-widget {
    font-family: georgia, serif;
    padding: 18px 0;
    width:565px;
  }
  #goodreads-widget h1 {
    font-weight:normal;
    font-size: 16px;
    border-bottom: 1px solid #BBB596;
    margin-bottom: 0;
  }
  #goodreads-widget a {
    text-decoration: none;
    color:#660;
  }
  iframe{
    background-color: #fff;
  }
  #goodreads-widget a:hover { text-decoration: underline; }
  #goodreads-widget a:active {
    color:#660;
  }
  #gr_footer {
    width: 100%;
    border-top: 1px solid #BBB596;
    text-align: right;
  }
  #goodreads-widget .gr_branding{
    color: #382110;
    font-size: 11px;
    text-decoration: none;
    font-family: "Helvetica Neue", Helvetica, Arial, sans-serif;
  }
</style>
<div id="goodreads-widget">
  <div id="gr_header"><h1><a rel="nofollow" href="https://www.goodreads.com/book/show/110387.The_Secret_Diaries_of_Miss_Miranda_Cheever">The Secret Diaries of Miss Miranda Cheever Reviews</a></h1></div>
  <iframe id="the_iframe" src="https://www.goodreads.com/api/reviews_widget_iframe?did=DEVELOPER_ID&amp;format=html&amp;isbn=0061230839&amp;links=660&amp;min_rating=&amp;review_back=fff&amp;stars=000&amp;text=000" width="565" height="400" frameborder="0"></iframe>
  <div id="gr_footer">
    <a class="gr_branding" target="_blank" rel="nofollow" href="https://www.goodreads.com/book/show/110387.The_Secret_Diaries_of_Miss_Miranda_Cheever?utm_medium=api&amp;utm_source=reviews_widget">Reviews from Goodreads.com</a>
  </div>
</div>

      ]]>
    </reviews_widget>
  <popular_shelves>
      <shelf name="to-read" count="13822"/>
      <shelf name="historical-romance" count="1280"/>
      <shelf name="romance" count="1208"/>
      <shelf name="historical" count="543"/>
      <shelf name="julia-quinn" count="312"/>
      <shelf name="favorites" count="222"/>
      <shelf name="regency" count="201"/>
      <shelf name="historical-fiction" count="169"/>
      <shelf name="currently-reading" count="146"/>
      <shelf name="regency-romance" count="108"/>
      <shelf name="fiction" count="99"/>
      <shelf name="series" count="91"/>
      <shelf name="romance-historical" count="87"/>
      <shelf name="adult" count="69"/>
      <shelf name="owned" count="66"/>
      <shelf name="books-i-own" count="52"/>
      <shelf name="kindle" count="45"/>
      <shelf name="chick-lit" count="45"/>
      <shelf name="england" count="40"/>
      <shelf name="library" count="38"/>
      <shelf name="ebook" count="35"/>
      <shelf name="default" count="33"/>
      <shelf name="romance-novels" count="27"/>
      <shelf name="friends-to-lovers" count="26"/>
      <shelf name="historical-romances" count="26"/>
      <shelf name="ebooks" count="26"/>
      <shelf name="pregnancy" count="25"/>
      <shelf name="unrequited-love" count="24"/>
      <shelf name="e-book" count="24"/>
      <shelf name="paperback" count="23"/>
      <shelf name="first-in-series" count="23"/>
      <shelf name="quinn-julia" count="22"/>
      <shelf name="bevelstoke" count="22"/>
      <shelf name="author-julia-quinn" count="22"/>
      <shelf name="humor" count="21"/>
      <shelf name="my-books" count="21"/>
      <shelf name="hr" count="21"/>
      <shelf name="virgin-heroine" count="19"/>
      <shelf name="re-read" count="19"/>
      <shelf name="romance-regency" count="19"/>
      <shelf name="audiobooks" count="17"/>
      <shelf name="part-of-a-series" count="17"/>
      <shelf name="5-stars" count="16"/>
      <shelf name="owned-books" count="16"/>
      <shelf name="audiobook" count="16"/>
      <shelf name="historicals" count="16"/>
      <shelf name="dnf" count="15"/>
      <shelf name="read-in-2012" count="15"/>
      <shelf name="favourites" count="15"/>
      <shelf name="historical-regency" count="14"/>
      <shelf name="quinn" count="14"/>
      <shelf name="funny" count="14"/>
      <shelf name="borrowed" count="14"/>
      <shelf name="reto-rita-la-cantaora" count="13"/>
      <shelf name="read-in-2013" count="13"/>
      <shelf name="historic-romance" count="13"/>
      <shelf name="audio" count="13"/>
      <shelf name="love" count="13"/>
      <shelf name="nook" count="13"/>
      <shelf name="3-stars" count="13"/>
      <shelf name="romances" count="13"/>
      <shelf name="i-own" count="13"/>
      <shelf name="1" count="12"/>
      <shelf name="4-stars" count="12"/>
      <shelf name="marriage-of-convenience" count="12"/>
      <shelf name="adult-romance" count="12"/>
      <shelf name="history" count="12"/>
      <shelf name="favorite-authors" count="12"/>
      <shelf name="read-2015" count="11"/>
      <shelf name="read-2014" count="11"/>
      <shelf name="read-in-2011" count="11"/>
      <shelf name="library-book" count="11"/>
      <shelf name="guilty-pleasures" count="11"/>
      <shelf name="tortured-hero" count="11"/>
      <shelf name="favorite" count="11"/>
      <shelf name="favorite-author" count="11"/>
      <shelf name="made-me-cry" count="11"/>
      <shelf name="to-buy" count="11"/>
      <shelf name="read-in-2016" count="10"/>
      <shelf name="read-in-2014" count="10"/>
      <shelf name="maybe" count="10"/>
      <shelf name="e-books" count="10"/>
      <shelf name="part-of-series" count="10"/>
      <shelf name="my-library" count="10"/>
      <shelf name="reviewed" count="10"/>
      <shelf name="adult-fiction" count="10"/>
      <shelf name="bevelstoke-series" count="9"/>
      <shelf name="read-in-2009" count="9"/>
      <shelf name="historicalromance" count="9"/>
      <shelf name="read-in-2015" count="8"/>
      <shelf name="m-f" count="8"/>
      <shelf name="tear-jerker" count="8"/>
      <shelf name="historic" count="8"/>
      <shelf name="genre-romance" count="8"/>
      <shelf name="own-it" count="8"/>
      <shelf name="marriage" count="8"/>
      <shelf name="humorous" count="8"/>
      <shelf name="read-in-2010" count="8"/>
      <shelf name="1st-in-series" count="8"/>
      <shelf name="widow-widower" count="8"/>
  </popular_shelves>
  <book_links>
    <book_link>
  <id>8</id>
  <name>Libraries</name>
  <link>https://www.goodreads.com/book_link/follow/8</link>
</book_link>

  </book_links>
  <buy_links>
    <buy_link>
<id>1</id>
<name>Amazon</name>
<link>https://www.goodreads.com/book_link/follow/1</link>
</buy_link>
<buy_link>
<id>10</id>
<name>Audible</name>
<link>https://www.goodreads.com/book_link/follow/10</link>
</buy_link>
<buy_link>
<id>3</id>
<name>Barnes &amp; Noble</name>
<link>https://www.goodreads.com/book_link/follow/3</link>
</buy_link>
<buy_link>
<id>1027</id>
<name>Kobo</name>
<link>https://www.goodreads.com/book_link/follow/1027</link>
</buy_link>
<buy_link>
<id>2102</id>
<name>Apple iBooks</name>
<link>https://www.goodreads.com/book_link/follow/2102</link>
</buy_link>
<buy_link>
<id>8036</id>
<name>Google Play</name>
<link>https://www.goodreads.com/book_link/follow/8036</link>
</buy_link>
<buy_link>
<id>4</id>
<name>Abebooks</name>
<link>https://www.goodreads.com/book_link/follow/4</link>
</buy_link>
<buy_link>
<id>882</id>
<name>Book Depository</name>
<link>https://www.goodreads.com/book_link/follow/882</link>
</buy_link>
<buy_link>
<id>9</id>
<name>Indigo</name>
<link>https://www.goodreads.com/book_link/follow/9</link>
</buy_link>
<buy_link>
<id>2</id>
<name>Half.com</name>
<link>https://www.goodreads.com/book_link/follow/2</link>
</buy_link>
<buy_link>
<id>5</id>
<name>Alibris</name>
<link>https://www.goodreads.com/book_link/follow/5</link>
</buy_link>
<buy_link>
<id>107</id>
<name>Better World Books</name>
<link>https://www.goodreads.com/book_link/follow/107</link>
</buy_link>
<buy_link>
<id>7</id>
<name>IndieBound</name>
<link>https://www.goodreads.com/book_link/follow/7</link>
</buy_link>

  </buy_links>
  <series_works>
    <series_work>
<id>158930</id>
<user_position>1</user_position>
<series>
<id>44669</id>
<title>
<![CDATA[
    Bevelstoke
]]>
</title>
<description>
<![CDATA[
    Julia Quinn says "The Bevelstoke Series is less of a series than it is a collection of novels that had secondary characters I wanted to write about. I started with The Secret Diaries of Miss Miranda Cheever, which was about the aforementioned Miranda and Turner Bevelstoke. Turner's sister Olivia was so much fun that I wrote What Happens in London, in which she falls in love with Sir Harry Valentine. But Sir Harry had a cousin named Sebastian Grey, who almost stole the show (in fact, some might say he did; see Chapter 17). So Sebastian got his story in Ten Things I Love About You.
     
    I have a feeling this is a never-ending process, because there are at least three secondary characters from London and Ten Things who need stories of their own..."
]]>
</description>
<note>
<![CDATA[
]]>
</note>
<series_works_count>3</series_works_count>
<primary_work_count>3</primary_work_count>
<numbered>true</numbered>
</series>

</series_work>

  </series_works>
  <similar_books>
          <book>
<id>3105730</id>
<title><![CDATA[Secret Desires of a Gentleman (Girl Bachelors, #3)]]></title>
<title_without_series>Secret Desires of a Gentleman</title_without_series>
<link><![CDATA[https://www.goodreads.com/book/show/3105730-secret-desires-of-a-gentleman]]></link>
<small_image_url><![CDATA[https://images.gr-assets.com/books/1349740449s/3105730.jpg]]></small_image_url>
<image_url><![CDATA[https://images.gr-assets.com/books/1349740449m/3105730.jpg]]></image_url>
<num_pages>384</num_pages>
<work>
<id>3136978</id>
</work>
<isbn>0061456829</isbn>
<isbn13>9780061456824</isbn13>
<average_rating>3.84</average_rating>
<ratings_count>2192</ratings_count>
<publication_year>2008</publication_year>
<publication_month>9</publication_month>
<publication_day>30</publication_day>
<authors>
<author>
<id>38065</id>
<name>Laura Lee Guhrke</name>
<link><![CDATA[https://www.goodreads.com/author/show/38065.Laura_Lee_Guhrke]]></link>
</author>
</authors>
</book>

          <book>
<id>357640</id>
<title><![CDATA[Where's My Hero? (The Gamblers of Craven's #2.5; Brotherhood - MacAllister's, #4.5; Splendid, #3.5)]]></title>
<title_without_series>Where&apos;s My Hero?</title_without_series>
<link><![CDATA[https://www.goodreads.com/book/show/357640.Where_s_My_Hero_]]></link>
<small_image_url><![CDATA[https://images.gr-assets.com/books/1345778273s/357640.jpg]]></small_image_url>
<image_url><![CDATA[https://images.gr-assets.com/books/1345778273m/357640.jpg]]></image_url>
<num_pages>375</num_pages>
<work>
<id>846762</id>
</work>
<isbn>0060505249</isbn>
<isbn13>9780060505240</isbn13>
<average_rating>3.85</average_rating>
<ratings_count>7862</ratings_count>
<publication_year>2003</publication_year>
<publication_month>8</publication_month>
<publication_day>26</publication_day>
<authors>
<author>
<id>27847</id>
<name>Lisa Kleypas</name>
<link><![CDATA[https://www.goodreads.com/author/show/27847.Lisa_Kleypas]]></link>
</author>
</authors>
</book>

          <book>
<id>1264115</id>
<title><![CDATA[To Pleasure a Prince (Royal Brotherhood, #2)]]></title>
<title_without_series>To Pleasure a Prince</title_without_series>
<link><![CDATA[https://www.goodreads.com/book/show/1264115.To_Pleasure_a_Prince]]></link>
<small_image_url><![CDATA[https://s.gr-assets.com/assets/nophoto/book/50x75-a91bf249278a81aabab721ef782c4a74.png]]></small_image_url>
<image_url><![CDATA[https://s.gr-assets.com/assets/nophoto/book/111x148-bcc042a9c91a29c1d680899eff700a03.png]]></image_url>
<num_pages>364</num_pages>
<work>
<id>26220950</id>
</work>
<isbn>0743477715</isbn>
<isbn13>9780743477710</isbn13>
<average_rating>4.04</average_rating>
<ratings_count>4730</ratings_count>
<publication_year>2005</publication_year>
<publication_month>3</publication_month>
<publication_day>1</publication_day>
<authors>
<author>
<id>50886</id>
<name>Sabrina Jeffries</name>
<link><![CDATA[https://www.goodreads.com/author/show/50886.Sabrina_Jeffries]]></link>
</author>
</authors>
</book>

          <book>
<id>6290406</id>
<title><![CDATA[The Care and Taming of a Rogue (Adventurers’ Club, #1)]]></title>
<title_without_series><![CDATA[The Care and Taming of a Rogue]]></title_without_series>
<link><![CDATA[https://www.goodreads.com/book/show/6290406-the-care-and-taming-of-a-rogue]]></link>
<small_image_url><![CDATA[https://images.gr-assets.com/books/1348714900s/6290406.jpg]]></small_image_url>
<image_url><![CDATA[https://images.gr-assets.com/books/1348714900m/6290406.jpg]]></image_url>
<num_pages>371</num_pages>
<work>
<id>6474767</id>
</work>
<isbn>0061456764</isbn>
<isbn13>9780061456763</isbn13>
<average_rating>3.82</average_rating>
<ratings_count>3579</ratings_count>
<publication_year>2009</publication_year>
<publication_month>10</publication_month>
<publication_day>27</publication_day>
<authors>
<author>
<id>23294</id>
<name>Suzanne Enoch</name>
<link><![CDATA[https://www.goodreads.com/author/show/23294.Suzanne_Enoch]]></link>
</author>
</authors>
</book>

          <book>
<id>6290413</id>
<title><![CDATA[To Wed a Wicked Earl (Devine & Friends, #2)]]></title>
<title_without_series>To Wed a Wicked Earl</title_without_series>
<link><![CDATA[https://www.goodreads.com/book/show/6290413-to-wed-a-wicked-earl]]></link>
<small_image_url><![CDATA[https://images.gr-assets.com/books/1463677854s/6290413.jpg]]></small_image_url>
<image_url><![CDATA[https://images.gr-assets.com/books/1463677854m/6290413.jpg]]></image_url>
<num_pages>371</num_pages>
<work>
<id>6474774</id>
</work>
<isbn>0061712787</isbn>
<isbn13>9780061712784</isbn13>
<average_rating>3.96</average_rating>
<ratings_count>3855</ratings_count>
<publication_year>2009</publication_year>
<publication_month>8</publication_month>
<publication_day>25</publication_day>
<authors>
<author>
<id>1036134</id>
<name>Olivia Parker</name>
<link><![CDATA[https://www.goodreads.com/author/show/1036134.Olivia_Parker]]></link>
</author>
</authors>
</book>

          <book>
<id>7781699</id>
<title><![CDATA[Ten Ways to Be Adored When Landing a Lord (Love By Numbers, #2)]]></title>
<title_without_series><![CDATA[Ten Ways to Be Adored When Landing a Lord]]></title_without_series>
<link><![CDATA[https://www.goodreads.com/book/show/7781699-ten-ways-to-be-adored-when-landing-a-lord]]></link>
<small_image_url><![CDATA[https://images.gr-assets.com/books/1322231419s/7781699.jpg]]></small_image_url>
<image_url><![CDATA[https://images.gr-assets.com/books/1322231419m/7781699.jpg]]></image_url>
<num_pages>384</num_pages>
<work>
<id>10706071</id>
</work>
<isbn>0061852066</isbn>
<isbn13>9780061852060</isbn13>
<average_rating>3.91</average_rating>
<ratings_count>14272</ratings_count>
<publication_year>2010</publication_year>
<publication_month>10</publication_month>
<publication_day>26</publication_day>
<authors>
<author>
<id>1598076</id>
<name>Sarah MacLean</name>
<link><![CDATA[https://www.goodreads.com/author/show/1598076.Sarah_MacLean]]></link>
</author>
</authors>
</book>

          <book>
<id>10846104</id>
<title><![CDATA[Always a Temptress (Drake's Rakes #3)]]></title>
<title_without_series>Always a Temptress</title_without_series>
<link><![CDATA[https://www.goodreads.com/book/show/10846104-always-a-temptress]]></link>
<small_image_url><![CDATA[https://s.gr-assets.com/assets/nophoto/book/50x75-a91bf249278a81aabab721ef782c4a74.png]]></small_image_url>
<image_url><![CDATA[https://s.gr-assets.com/assets/nophoto/book/111x148-bcc042a9c91a29c1d680899eff700a03.png]]></image_url>
<num_pages>395</num_pages>
<work>
<id>13903615</id>
</work>
<isbn>0446542059</isbn>
<isbn13>9780446542050</isbn13>
<average_rating>3.92</average_rating>
<ratings_count>979</ratings_count>
<publication_year></publication_year>
<publication_month></publication_month>
<publication_day></publication_day>
<authors>
<author>
<id>19012</id>
<name>Eileen Dreyer</name>
<link><![CDATA[https://www.goodreads.com/author/show/19012.Eileen_Dreyer]]></link>
</author>
</authors>
</book>

          <book>
<id>5462080</id>
<title><![CDATA[At Last Comes Love (Huxtable Quintet, #3)]]></title>
<title_without_series>At Last Comes Love</title_without_series>
<link><![CDATA[https://www.goodreads.com/book/show/5462080-at-last-comes-love]]></link>
<small_image_url><![CDATA[https://images.gr-assets.com/books/1485739948s/5462080.jpg]]></small_image_url>
<image_url><![CDATA[https://images.gr-assets.com/books/1485739948m/5462080.jpg]]></image_url>
<num_pages>386</num_pages>
<work>
<id>5529672</id>
</work>
<isbn>0440244242</isbn>
<isbn13>9780440244240</isbn13>
<average_rating>3.91</average_rating>
<ratings_count>6596</ratings_count>
<publication_year></publication_year>
<publication_month></publication_month>
<publication_day></publication_day>
<authors>
<author>
<id>9759</id>
<name>Mary Balogh</name>
<link><![CDATA[https://www.goodreads.com/author/show/9759.Mary_Balogh]]></link>
</author>
</authors>
</book>

          <book>
<id>823580</id>
<title>A Rake&apos;s Vow (Cynster, #2)</title>
<title_without_series>A Rake&apos;s Vow</title_without_series>
<link><![CDATA[https://www.goodreads.com/book/show/823580.A_Rake_s_Vow]]></link>
<small_image_url><![CDATA[https://images.gr-assets.com/books/1341725679s/823580.jpg]]></small_image_url>
<image_url><![CDATA[https://images.gr-assets.com/books/1341725679m/823580.jpg]]></image_url>
<num_pages>374</num_pages>
<work>
<id>2480690</id>
</work>
<isbn>0380794578</isbn>
<isbn13>9780380794577</isbn13>
<average_rating>4.02</average_rating>
<ratings_count>8909</ratings_count>
<publication_year></publication_year>
<publication_month></publication_month>
<publication_day></publication_day>
<authors>
<author>
<id>9241</id>
<name>Stephanie Laurens</name>
<link><![CDATA[https://www.goodreads.com/author/show/9241.Stephanie_Laurens]]></link>
</author>
</authors>
</book>

          <book>
<id>298371</id>
<title><![CDATA[The Taming of the Duke (Essex Sisters, #3)]]></title>
<title_without_series>The Taming of the Duke</title_without_series>
<link><![CDATA[https://www.goodreads.com/book/show/298371.The_Taming_of_the_Duke]]></link>
<small_image_url><![CDATA[https://s.gr-assets.com/assets/nophoto/book/50x75-a91bf249278a81aabab721ef782c4a74.png]]></small_image_url>
<image_url><![CDATA[https://s.gr-assets.com/assets/nophoto/book/111x148-bcc042a9c91a29c1d680899eff700a03.png]]></image_url>
<num_pages>392</num_pages>
<work>
<id>289469</id>
</work>
<isbn>0060781580</isbn>
<isbn13>9780060781583</isbn13>
<average_rating>3.88</average_rating>
<ratings_count>5155</ratings_count>
<publication_year>2006</publication_year>
<publication_month>3</publication_month>
<publication_day>28</publication_day>
<authors>
<author>
<id>86778</id>
<name>Eloisa James</name>
<link><![CDATA[https://www.goodreads.com/author/show/86778.Eloisa_James]]></link>
</author>
</authors>
</book>

  </similar_books>
</book>

</GoodreadsResponse>