<?xml version="1.0" encoding="UTF-8"?>
<GoodreadsResponse>
  <Request>
    <authentication>true</authentication>
      <key><![CDATA[all_men_must_serve]]></key>
    <method><![CDATA[book_show]]></method>
  </Request>
  <book>
  <id>110444</id>
  <title><![CDATA[The Lake House (When the Wind Blows, #2)]]></title>
  <isbn><![CDATA[0446696587]]></isbn>
  <isbn13><![CDATA[9780446696586]]></isbn13>
  <asin><![CDATA[]]></asin>
  <kindle_asin><![CDATA[B004XCFI7G]]></kindle_asin>
  <marketplace_id><![CDATA[A1F83G8C2ARO7P]]></marketplace_id>
  <country_code><![CDATA[GB]]></country_code>
  <image_url>https://s.gr-assets.com/assets/nophoto/book/111x148-bcc042a9c91a29c1d680899eff700a03.png</image_url>
  <small_image_url>https://s.gr-assets.com/assets/nophoto/book/50x75-a91bf249278a81aabab721ef782c4a74.png</small_image_url>
  <publication_year>2005</publication_year>
  <publication_month>4</publication_month>
  <publication_day>20</publication_day>
  <publisher>Grand Central Publishing</publisher>
  <language_code>eng</language_code>
  <is_ebook>false</is_ebook>
  <description><![CDATA[The memorable story begun in When the Wind Blows continues in this thrilling novel, and it's one that really soars! Frannie O'Neil, a Colorado veterinarian, knows a terrible secret that will change the history of the world. Kit Harrison, an FBI agent under suspension has seen things that no one in his right mind would believe. A twelve-year-old girl named Max and five other incredible children have powers we can only dream of. These children can fly. And the only place they will be safe is the Lake House. Or so they believe... <br />]]></description>
  <work>
  <id type="integer">106431</id>
  <books_count type="integer">52</books_count>
  <best_book_id type="integer">110444</best_book_id>
  <reviews_count type="integer">48651</reviews_count>
  <ratings_sum type="integer">120018</ratings_sum>
  <ratings_count type="integer">31652</ratings_count>
  <text_reviews_count type="integer">1092</text_reviews_count>
  <original_publication_year type="integer">2003</original_publication_year>
  <original_publication_month type="integer">6</original_publication_month>
  <original_publication_day type="integer">9</original_publication_day>
  <original_title>The Lake House</original_title>
  <original_language_id type="integer" nil="true"/>
  <media_type>book</media_type>
  <rating_dist>5:9122|4:10896|3:8407|2:2376|1:851|total:31652</rating_dist>
  <desc_user_id type="integer">18844579</desc_user_id>
  <default_chaptering_book_id type="integer" nil="true"/>
  <default_description_language_code nil="true"/>
</work>
  <average_rating>3.79</average_rating>
  <num_pages><![CDATA[384]]></num_pages>
  <format><![CDATA[Paperback]]></format>
  <edition_information><![CDATA[]]></edition_information>
  <ratings_count><![CDATA[30327]]></ratings_count>
  <text_reviews_count><![CDATA[968]]></text_reviews_count>
  <url><![CDATA[https://www.goodreads.com/book/show/110444.The_Lake_House]]></url>
  <link><![CDATA[https://www.goodreads.com/book/show/110444.The_Lake_House]]></link>
  <authors>
<author>
<id>3780</id>
<name>James Patterson</name>
<role></role>
<image_url nophoto='false'>
<![CDATA[https://images.gr-assets.com/authors/1468347205p5/3780.jpg]]>
</image_url>
<small_image_url nophoto='false'>
<![CDATA[https://images.gr-assets.com/authors/1468347205p2/3780.jpg]]>
</small_image_url>
<link><![CDATA[https://www.goodreads.com/author/show/3780.James_Patterson]]></link>
<average_rating>3.97</average_rating>
<ratings_count>4601826</ratings_count>
<text_reviews_count>214822</text_reviews_count>
</author>
</authors>

    <reviews_widget>
      <![CDATA[
        <style>
  #goodreads-widget {
    font-family: georgia, serif;
    padding: 18px 0;
    width:565px;
  }
  #goodreads-widget h1 {
    font-weight:normal;
    font-size: 16px;
    border-bottom: 1px solid #BBB596;
    margin-bottom: 0;
  }
  #goodreads-widget a {
    text-decoration: none;
    color:#660;
  }
  iframe{
    background-color: #fff;
  }
  #goodreads-widget a:hover { text-decoration: underline; }
  #goodreads-widget a:active {
    color:#660;
  }
  #gr_footer {
    width: 100%;
    border-top: 1px solid #BBB596;
    text-align: right;
  }
  #goodreads-widget .gr_branding{
    color: #382110;
    font-size: 11px;
    text-decoration: none;
    font-family: "Helvetica Neue", Helvetica, Arial, sans-serif;
  }
</style>
<div id="goodreads-widget">
  <div id="gr_header"><h1><a rel="nofollow" href="https://www.goodreads.com/book/show/110444.The_Lake_House">The Lake House Reviews</a></h1></div>
  <iframe id="the_iframe" src="https://www.goodreads.com/api/reviews_widget_iframe?did=DEVELOPER_ID&amp;format=html&amp;isbn=0446696587&amp;links=660&amp;min_rating=&amp;review_back=fff&amp;stars=000&amp;text=000" width="565" height="400" frameborder="0"></iframe>
  <div id="gr_footer">
    <a class="gr_branding" target="_blank" rel="nofollow" href="https://www.goodreads.com/book/show/110444.The_Lake_House?utm_medium=api&amp;utm_source=reviews_widget">Reviews from Goodreads.com</a>
  </div>
</div>

      ]]>
    </reviews_widget>
  <popular_shelves>
      <shelf name="to-read" count="7158"/>
      <shelf name="james-patterson" count="626"/>
      <shelf name="fiction" count="253"/>
      <shelf name="mystery" count="237"/>
      <shelf name="currently-reading" count="204"/>
      <shelf name="thriller" count="124"/>
      <shelf name="default" count="123"/>
      <shelf name="patterson" count="122"/>
      <shelf name="fantasy" count="115"/>
      <shelf name="books-i-own" count="89"/>
      <shelf name="suspense" count="89"/>
      <shelf name="owned" count="88"/>
      <shelf name="sci-fi" count="69"/>
      <shelf name="series" count="67"/>
      <shelf name="science-fiction" count="61"/>
      <shelf name="favorites" count="56"/>
      <shelf name="patterson-james" count="50"/>
      <shelf name="thrillers" count="46"/>
      <shelf name="crime" count="38"/>
      <shelf name="mystery-thriller" count="38"/>
      <shelf name="science" count="36"/>
      <shelf name="adult" count="36"/>
      <shelf name="library" count="32"/>
      <shelf name="mystery-suspense" count="29"/>
      <shelf name="owned-books" count="27"/>
      <shelf name="my-books" count="26"/>
      <shelf name="my-library" count="25"/>
      <shelf name="i-own" count="25"/>
      <shelf name="colorado" count="24"/>
      <shelf name="ebooks" count="24"/>
      <shelf name="flight" count="23"/>
      <shelf name="genetic" count="22"/>
      <shelf name="general" count="22"/>
      <shelf name="kindle" count="21"/>
      <shelf name="medicine" count="20"/>
      <shelf name="engineering" count="20"/>
      <shelf name="washington" count="19"/>
      <shelf name="human" count="19"/>
      <shelf name="romance" count="19"/>
      <shelf name="paranormal" count="19"/>
      <shelf name="ebook" count="18"/>
      <shelf name="in" count="18"/>
      <shelf name="experimentation" count="18"/>
      <shelf name="teenagers" count="18"/>
      <shelf name="when-the-wind-blows" count="18"/>
      <shelf name="adult-fiction" count="18"/>
      <shelf name="audio" count="18"/>
      <shelf name="have" count="17"/>
      <shelf name="psychological" count="17"/>
      <shelf name="audio-books" count="16"/>
      <shelf name="espionage" count="15"/>
      <shelf name="murder-mystery" count="15"/>
      <shelf name="patterson--james" count="15"/>
      <shelf name="mystery-crime" count="15"/>
      <shelf name="supernatural" count="14"/>
      <shelf name="adventure" count="14"/>
      <shelf name="suspense-thriller" count="14"/>
      <shelf name="e-books" count="13"/>
      <shelf name="2003" count="13"/>
      <shelf name="audiobooks" count="12"/>
      <shelf name="mysteries" count="12"/>
      <shelf name="books-i-have" count="11"/>
      <shelf name="paperback" count="11"/>
      <shelf name="audiobook" count="11"/>
      <shelf name="d-c" count="10"/>
      <shelf name="calibre" count="10"/>
      <shelf name="sci-fi-fantasy" count="10"/>
      <shelf name="james-patterson-books" count="10"/>
      <shelf name="unread" count="9"/>
      <shelf name="to-buy" count="9"/>
      <shelf name="-d-c--" count="9"/>
      <shelf name="crime-thriller" count="9"/>
      <shelf name="thriller-suspense" count="9"/>
      <shelf name="action" count="9"/>
      <shelf name="jamespatterson" count="9"/>
      <shelf name="books" count="8"/>
      <shelf name="bookshelf" count="8"/>
      <shelf name="audio-book" count="8"/>
      <shelf name="wish-list" count="8"/>
      <shelf name="maximum-ride" count="8"/>
      <shelf name="young-adult" count="8"/>
      <shelf name="already-read" count="8"/>
      <shelf name="genetic-engineering" count="7"/>
      <shelf name="mine" count="7"/>
      <shelf name="own-book" count="7"/>
      <shelf name="borrowed" count="7"/>
      <shelf name="detective" count="7"/>
      <shelf name="thriller-mystery" count="7"/>
      <shelf name="jp" count="7"/>
      <shelf name="suspense-mystery" count="7"/>
      <shelf name="contemporary" count="7"/>
      <shelf name="james" count="7"/>
      <shelf name="donated" count="6"/>
      <shelf name="mom" count="6"/>
      <shelf name="scifi" count="6"/>
      <shelf name="suspence" count="6"/>
      <shelf name="hardback" count="6"/>
      <shelf name="maximum-ride-series" count="6"/>
      <shelf name="own-to-read" count="6"/>
      <shelf name="horror" count="6"/>
  </popular_shelves>
  <book_links>
    <book_link>
  <id>8</id>
  <name>Libraries</name>
  <link>https://www.goodreads.com/book_link/follow/8</link>
</book_link>

  </book_links>
  <buy_links>
    <buy_link>
<id>1</id>
<name>Amazon</name>
<link>https://www.goodreads.com/book_link/follow/1</link>
</buy_link>
<buy_link>
<id>10</id>
<name>Audible</name>
<link>https://www.goodreads.com/book_link/follow/10</link>
</buy_link>
<buy_link>
<id>3</id>
<name>Barnes &amp; Noble</name>
<link>https://www.goodreads.com/book_link/follow/3</link>
</buy_link>
<buy_link>
<id>1027</id>
<name>Kobo</name>
<link>https://www.goodreads.com/book_link/follow/1027</link>
</buy_link>
<buy_link>
<id>2102</id>
<name>Apple iBooks</name>
<link>https://www.goodreads.com/book_link/follow/2102</link>
</buy_link>
<buy_link>
<id>8036</id>
<name>Google Play</name>
<link>https://www.goodreads.com/book_link/follow/8036</link>
</buy_link>
<buy_link>
<id>4</id>
<name>Abebooks</name>
<link>https://www.goodreads.com/book_link/follow/4</link>
</buy_link>
<buy_link>
<id>882</id>
<name>Book Depository</name>
<link>https://www.goodreads.com/book_link/follow/882</link>
</buy_link>
<buy_link>
<id>9</id>
<name>Indigo</name>
<link>https://www.goodreads.com/book_link/follow/9</link>
</buy_link>
<buy_link>
<id>2</id>
<name>Half.com</name>
<link>https://www.goodreads.com/book_link/follow/2</link>
</buy_link>
<buy_link>
<id>5</id>
<name>Alibris</name>
<link>https://www.goodreads.com/book_link/follow/5</link>
</buy_link>
<buy_link>
<id>107</id>
<name>Better World Books</name>
<link>https://www.goodreads.com/book_link/follow/107</link>
</buy_link>
<buy_link>
<id>7</id>
<name>IndieBound</name>
<link>https://www.goodreads.com/book_link/follow/7</link>
</buy_link>

  </buy_links>
  <series_works>
    <series_work>
<id>228795</id>
<user_position>2</user_position>
<series>
<id>56397</id>
<title>
<![CDATA[
    When the Wind Blows
]]>
</title>
<description>
<![CDATA[
]]>
</description>
<note>
<![CDATA[
]]>
</note>
<series_works_count>2</series_works_count>
<primary_work_count>2</primary_work_count>
<numbered>true</numbered>
</series>

</series_work>

  </series_works>
  <similar_books>
          <book>
<id>272279</id>
<title>Body of Lies (Eve Duncan, #4)</title>
<title_without_series>Body of Lies</title_without_series>
<link><![CDATA[https://www.goodreads.com/book/show/272279.Body_of_Lies]]></link>
<small_image_url><![CDATA[https://images.gr-assets.com/books/1314902920s/272279.jpg]]></small_image_url>
<image_url><![CDATA[https://images.gr-assets.com/books/1314902920m/272279.jpg]]></image_url>
<num_pages>369</num_pages>
<work>
<id>263987</id>
</work>
<isbn>0553582143</isbn>
<isbn13>9780553582147</isbn13>
<average_rating>4.05</average_rating>
<ratings_count>11928</ratings_count>
<publication_year></publication_year>
<publication_month></publication_month>
<publication_day></publication_day>
<authors>
<author>
<id>32498</id>
<name>Iris Johansen</name>
<link><![CDATA[https://www.goodreads.com/author/show/32498.Iris_Johansen]]></link>
</author>
</authors>
</book>

          <book>
<id>487329</id>
<title><![CDATA[He Sees You When You're Sleeping]]></title>
<title_without_series><![CDATA[He Sees You When You're Sleeping]]></title_without_series>
<link><![CDATA[https://www.goodreads.com/book/show/487329.He_Sees_You_When_You_re_Sleeping]]></link>
<small_image_url><![CDATA[https://images.gr-assets.com/books/1408926964s/487329.jpg]]></small_image_url>
<image_url><![CDATA[https://images.gr-assets.com/books/1408926964m/487329.jpg]]></image_url>
<num_pages>208</num_pages>
<work>
<id>1693301</id>
</work>
<isbn>0743440994</isbn>
<isbn13>9780743440998</isbn13>
<average_rating>3.79</average_rating>
<ratings_count>5700</ratings_count>
<publication_year>2002</publication_year>
<publication_month>11</publication_month>
<publication_day>4</publication_day>
<authors>
<author>
<id>99044</id>
<name>Mary Higgins Clark</name>
<link><![CDATA[https://www.goodreads.com/author/show/99044.Mary_Higgins_Clark]]></link>
</author>
</authors>
</book>

          <book>
<id>392266</id>
<title><![CDATA[Isle of Dogs (Andy Brazil, #3)]]></title>
<title_without_series>Isle of Dogs</title_without_series>
<link><![CDATA[https://www.goodreads.com/book/show/392266.Isle_of_Dogs]]></link>
<small_image_url><![CDATA[https://images.gr-assets.com/books/1442429163s/392266.jpg]]></small_image_url>
<image_url><![CDATA[https://images.gr-assets.com/books/1442429163m/392266.jpg]]></image_url>
<num_pages>532</num_pages>
<work>
<id>2487534</id>
</work>
<isbn>075153188X</isbn>
<isbn13>9780751531886</isbn13>
<average_rating>3.09</average_rating>
<ratings_count>6740</ratings_count>
<publication_year></publication_year>
<publication_month></publication_month>
<publication_day></publication_day>
<authors>
<author>
<id>1025097</id>
<name>Patricia Cornwell</name>
<link><![CDATA[https://www.goodreads.com/author/show/1025097.Patricia_Cornwell]]></link>
</author>
</authors>
</book>

          <book>
<id>547072</id>
<title><![CDATA[The Prince of Beverly Hills (Rick Barron, #1)]]></title>
<title_without_series>The Prince of Beverly Hills</title_without_series>
<link><![CDATA[https://www.goodreads.com/book/show/547072.The_Prince_of_Beverly_Hills]]></link>
<small_image_url><![CDATA[https://s.gr-assets.com/assets/nophoto/book/50x75-a91bf249278a81aabab721ef782c4a74.png]]></small_image_url>
<image_url><![CDATA[https://s.gr-assets.com/assets/nophoto/book/111x148-bcc042a9c91a29c1d680899eff700a03.png]]></image_url>
<num_pages>416</num_pages>
<work>
<id>1531862</id>
</work>
<isbn>0451214625</isbn>
<isbn13>9780451214621</isbn13>
<average_rating>3.81</average_rating>
<ratings_count>2529</ratings_count>
<publication_year>2005</publication_year>
<publication_month>4</publication_month>
<publication_day>5</publication_day>
<authors>
<author>
<id>3936</id>
<name>Stuart Woods</name>
<link><![CDATA[https://www.goodreads.com/author/show/3936.Stuart_Woods]]></link>
</author>
</authors>
</book>

          <book>
<id>12027850</id>
<title>Boys Will Be Boys</title>
<title_without_series>Boys Will Be Boys</title_without_series>
<link><![CDATA[https://www.goodreads.com/book/show/12027850-boys-will-be-boys]]></link>
<small_image_url><![CDATA[https://s.gr-assets.com/assets/nophoto/book/50x75-a91bf249278a81aabab721ef782c4a74.png]]></small_image_url>
<image_url><![CDATA[https://s.gr-assets.com/assets/nophoto/book/111x148-bcc042a9c91a29c1d680899eff700a03.png]]></image_url>
<num_pages></num_pages>
<work>
<id>16993972</id>
</work>
<isbn></isbn>
<isbn13></isbn13>
<average_rating>2.87</average_rating>
<ratings_count>105</ratings_count>
<publication_year></publication_year>
<publication_month></publication_month>
<publication_day></publication_day>
<authors>
<author>
<id>15889427</id>
<name>James    Patterson</name>
<link><![CDATA[https://www.goodreads.com/author/show/15889427.James_Patterson]]></link>
</author>
</authors>
</book>

          <book>
<id>84840</id>
<title><![CDATA[The Alibi Man (Elena Estes, #2)]]></title>
<title_without_series>The Alibi Man</title_without_series>
<link><![CDATA[https://www.goodreads.com/book/show/84840.The_Alibi_Man]]></link>
<small_image_url><![CDATA[https://s.gr-assets.com/assets/nophoto/book/50x75-a91bf249278a81aabab721ef782c4a74.png]]></small_image_url>
<image_url><![CDATA[https://s.gr-assets.com/assets/nophoto/book/111x148-bcc042a9c91a29c1d680899eff700a03.png]]></image_url>
<num_pages></num_pages>
<work>
<id>1892962</id>
</work>
<isbn>0553802011</isbn>
<isbn13>9780553802016</isbn13>
<average_rating>3.79</average_rating>
<ratings_count>6557</ratings_count>
<publication_year>2007</publication_year>
<publication_month>3</publication_month>
<publication_day>27</publication_day>
<authors>
<author>
<id>9890</id>
<name>Tami Hoag</name>
<link><![CDATA[https://www.goodreads.com/author/show/9890.Tami_Hoag]]></link>
</author>
</authors>
</book>

          <book>
<id>185925</id>
<title>The Conspiracy Club</title>
<title_without_series>The Conspiracy Club</title_without_series>
<link><![CDATA[https://www.goodreads.com/book/show/185925.The_Conspiracy_Club]]></link>
<small_image_url><![CDATA[https://s.gr-assets.com/assets/nophoto/book/50x75-a91bf249278a81aabab721ef782c4a74.png]]></small_image_url>
<image_url><![CDATA[https://s.gr-assets.com/assets/nophoto/book/111x148-bcc042a9c91a29c1d680899eff700a03.png]]></image_url>
<num_pages>405</num_pages>
<work>
<id>1196903</id>
</work>
<isbn>0345452585</isbn>
<isbn13>9780345452580</isbn13>
<average_rating>3.71</average_rating>
<ratings_count>5564</ratings_count>
<publication_year>2004</publication_year>
<publication_month>11</publication_month>
<publication_day>23</publication_day>
<authors>
<author>
<id>43626</id>
<name>Jonathan Kellerman</name>
<link><![CDATA[https://www.goodreads.com/author/show/43626.Jonathan_Kellerman]]></link>
</author>
</authors>
</book>

          <book>
<id>168568</id>
<title><![CDATA[Naked Prey (Lucas Davenport, #14)]]></title>
<title_without_series>Naked Prey</title_without_series>
<link><![CDATA[https://www.goodreads.com/book/show/168568.Naked_Prey]]></link>
<small_image_url><![CDATA[https://s.gr-assets.com/assets/nophoto/book/50x75-a91bf249278a81aabab721ef782c4a74.png]]></small_image_url>
<image_url><![CDATA[https://s.gr-assets.com/assets/nophoto/book/111x148-bcc042a9c91a29c1d680899eff700a03.png]]></image_url>
<num_pages>256</num_pages>
<work>
<id>435188</id>
</work>
<isbn>0743468694</isbn>
<isbn13>9780743468695</isbn13>
<average_rating>4.18</average_rating>
<ratings_count>12212</ratings_count>
<publication_year>2004</publication_year>
<publication_month>6</publication_month>
<publication_day>7</publication_day>
<authors>
<author>
<id>4610</id>
<name>John Sandford</name>
<link><![CDATA[https://www.goodreads.com/author/show/4610.John_Sandford]]></link>
</author>
</authors>
</book>

  </similar_books>
</book>

</GoodreadsResponse>