<?xml version="1.0" encoding="UTF-8"?>
<GoodreadsResponse>
  <Request>
    <authentication>true</authentication>
      <key><![CDATA[all_men_must_serve]]></key>
    <method><![CDATA[book_show]]></method>
  </Request>
  <book>
  <id>11045709</id>
  <title>When She Woke</title>
  <isbn><![CDATA[1565126297]]></isbn>
  <isbn13><![CDATA[9781565126299]]></isbn13>
  <asin><![CDATA[]]></asin>
  <kindle_asin><![CDATA[B006I1CDFA]]></kindle_asin>
  <marketplace_id><![CDATA[A1F83G8C2ARO7P]]></marketplace_id>
  <country_code><![CDATA[GB]]></country_code>
  <image_url>https://images.gr-assets.com/books/1358274814m/11045709.jpg</image_url>
  <small_image_url>https://images.gr-assets.com/books/1358274814s/11045709.jpg</small_image_url>
  <publication_year></publication_year>
  <publication_month></publication_month>
  <publication_day></publication_day>
  <publisher></publisher>
  <language_code>eng</language_code>
  <is_ebook>false</is_ebook>
  <description><![CDATA[When She Woke is a fable about a stigmatized woman struggling to navigate an America of a not-too-distant future, who embarks on a path of self-discovery that forces her to question the values she once held true and the righteousness of a country that politicizes faith.<br /><br />Bellwether Prize Winner Hillary Jordan's provocative new novel is the fiercely imagined story of a woman struggling to navigate an America of a not-too-distant future, where the line between church and state has been eradicated and convicted felons are no longer imprisoned and rehabilitated but chromed - their skin color is genetically altered to match the class of their crime - and then released back into the population to survive as best they can. Hannah is a Red; her crime is murder.]]></description>
  <work>
  <id type="integer">15966434</id>
  <books_count type="integer">29</books_count>
  <best_book_id type="integer">11045709</best_book_id>
  <reviews_count type="integer">50120</reviews_count>
  <ratings_sum type="integer">79063</ratings_sum>
  <ratings_count type="integer">21544</ratings_count>
  <text_reviews_count type="integer">3869</text_reviews_count>
  <original_publication_year type="integer">2011</original_publication_year>
  <original_publication_month type="integer">10</original_publication_month>
  <original_publication_day type="integer">4</original_publication_day>
  <original_title>When She Woke</original_title>
  <original_language_id type="integer" nil="true"/>
  <media_type>book</media_type>
  <rating_dist>5:4366|4:8529|3:6348|2:1772|1:529|total:21544</rating_dist>
  <desc_user_id type="integer">1216094</desc_user_id>
  <default_chaptering_book_id type="integer" nil="true"/>
  <default_description_language_code nil="true"/>
</work>
  <average_rating>3.67</average_rating>
  <num_pages><![CDATA[344]]></num_pages>
  <format><![CDATA[]]></format>
  <edition_information><![CDATA[]]></edition_information>
  <ratings_count><![CDATA[19559]]></ratings_count>
  <text_reviews_count><![CDATA[3525]]></text_reviews_count>
  <url><![CDATA[https://www.goodreads.com/book/show/11045709-when-she-woke]]></url>
  <link><![CDATA[https://www.goodreads.com/book/show/11045709-when-she-woke]]></link>
  <authors>
<author>
<id>972440</id>
<name>Hillary Jordan</name>
<role></role>
<image_url nophoto='false'>
<![CDATA[https://images.gr-assets.com/authors/1309993394p5/972440.jpg]]>
</image_url>
<small_image_url nophoto='false'>
<![CDATA[https://images.gr-assets.com/authors/1309993394p2/972440.jpg]]>
</small_image_url>
<link><![CDATA[https://www.goodreads.com/author/show/972440.Hillary_Jordan]]></link>
<average_rating>3.89</average_rating>
<ratings_count>69751</ratings_count>
<text_reviews_count>8817</text_reviews_count>
</author>
</authors>

    <reviews_widget>
      <![CDATA[
        <style>
  #goodreads-widget {
    font-family: georgia, serif;
    padding: 18px 0;
    width:565px;
  }
  #goodreads-widget h1 {
    font-weight:normal;
    font-size: 16px;
    border-bottom: 1px solid #BBB596;
    margin-bottom: 0;
  }
  #goodreads-widget a {
    text-decoration: none;
    color:#660;
  }
  iframe{
    background-color: #fff;
  }
  #goodreads-widget a:hover { text-decoration: underline; }
  #goodreads-widget a:active {
    color:#660;
  }
  #gr_footer {
    width: 100%;
    border-top: 1px solid #BBB596;
    text-align: right;
  }
  #goodreads-widget .gr_branding{
    color: #382110;
    font-size: 11px;
    text-decoration: none;
    font-family: "Helvetica Neue", Helvetica, Arial, sans-serif;
  }
</style>
<div id="goodreads-widget">
  <div id="gr_header"><h1><a rel="nofollow" href="https://www.goodreads.com/book/show/11045709-when-she-woke">When She Woke Reviews</a></h1></div>
  <iframe id="the_iframe" src="https://www.goodreads.com/api/reviews_widget_iframe?did=DEVELOPER_ID&amp;format=html&amp;isbn=1565126297&amp;links=660&amp;min_rating=&amp;review_back=fff&amp;stars=000&amp;text=000" width="565" height="400" frameborder="0"></iframe>
  <div id="gr_footer">
    <a class="gr_branding" target="_blank" rel="nofollow" href="https://www.goodreads.com/book/show/11045709-when-she-woke?utm_medium=api&amp;utm_source=reviews_widget">Reviews from Goodreads.com</a>
  </div>
</div>

      ]]>
    </reviews_widget>
  <popular_shelves>
      <shelf name="to-read" count="25875"/>
      <shelf name="fiction" count="574"/>
      <shelf name="dystopian" count="453"/>
      <shelf name="dystopia" count="434"/>
      <shelf name="currently-reading" count="434"/>
      <shelf name="science-fiction" count="311"/>
      <shelf name="book-club" count="231"/>
      <shelf name="favorites" count="212"/>
      <shelf name="sci-fi" count="183"/>
      <shelf name="adult-fiction" count="112"/>
      <shelf name="library" count="102"/>
      <shelf name="adult" count="102"/>
      <shelf name="kindle" count="90"/>
      <shelf name="feminism" count="84"/>
      <shelf name="young-adult" count="82"/>
      <shelf name="religion" count="73"/>
      <shelf name="owned" count="73"/>
      <shelf name="fantasy" count="72"/>
      <shelf name="books-i-own" count="67"/>
      <shelf name="ya" count="63"/>
      <shelf name="read-in-2012" count="60"/>
      <shelf name="audiobook" count="50"/>
      <shelf name="sci-fi-fantasy" count="46"/>
      <shelf name="scifi" count="44"/>
      <shelf name="audio" count="41"/>
      <shelf name="ebook" count="39"/>
      <shelf name="to-buy" count="37"/>
      <shelf name="read-in-2011" count="36"/>
      <shelf name="audiobooks" count="34"/>
      <shelf name="speculative-fiction" count="33"/>
      <shelf name="feminist" count="31"/>
      <shelf name="retellings" count="31"/>
      <shelf name="wish-list" count="30"/>
      <shelf name="post-apocalyptic" count="29"/>
      <shelf name="read-in-2013" count="27"/>
      <shelf name="bookclub" count="27"/>
      <shelf name="futuristic" count="27"/>
      <shelf name="thriller" count="26"/>
      <shelf name="dystopias" count="25"/>
      <shelf name="romance" count="24"/>
      <shelf name="read-in-2014" count="23"/>
      <shelf name="dystopian-fiction" count="22"/>
      <shelf name="ebooks" count="22"/>
      <shelf name="arc" count="22"/>
      <shelf name="abandoned" count="21"/>
      <shelf name="nook" count="21"/>
      <shelf name="abortion" count="21"/>
      <shelf name="dystopian-post-apocalyptic" count="21"/>
      <shelf name="novels" count="20"/>
      <shelf name="retelling" count="20"/>
      <shelf name="audio-books" count="19"/>
      <shelf name="contemporary-fiction" count="19"/>
      <shelf name="literature" count="19"/>
      <shelf name="to-read-fiction" count="18"/>
      <shelf name="library-book" count="18"/>
      <shelf name="general-fiction" count="18"/>
      <shelf name="contemporary" count="18"/>
      <shelf name="book-club-books" count="18"/>
      <shelf name="literary-fiction" count="18"/>
      <shelf name="read-in-2015" count="17"/>
      <shelf name="read-2014" count="17"/>
      <shelf name="women" count="17"/>
      <shelf name="first-reads" count="17"/>
      <shelf name="read-2013" count="16"/>
      <shelf name="2012-reads" count="16"/>
      <shelf name="fantasy-sci-fi" count="16"/>
      <shelf name="mystery" count="15"/>
      <shelf name="lgbt" count="15"/>
      <shelf name="owned-books" count="14"/>
      <shelf name="library-books" count="14"/>
      <shelf name="dnf" count="13"/>
      <shelf name="audio-book" count="13"/>
      <shelf name="dystopia-utopia" count="13"/>
      <shelf name="reviewed" count="13"/>
      <shelf name="recommended" count="13"/>
      <shelf name="science-fiction-fantasy" count="13"/>
      <shelf name="read-in-2016" count="12"/>
      <shelf name="survival" count="12"/>
      <shelf name="read-2012" count="12"/>
      <shelf name="scifi-fantasy" count="12"/>
      <shelf name="book-club-reads" count="12"/>
      <shelf name="sf" count="12"/>
      <shelf name="american" count="12"/>
      <shelf name="2013-reads" count="11"/>
      <shelf name="2012-books" count="11"/>
      <shelf name="future" count="11"/>
      <shelf name="distopian" count="11"/>
      <shelf name="kindle-books" count="11"/>
      <shelf name="social-issues" count="11"/>
      <shelf name="friendship" count="11"/>
      <shelf name="dystopian-apocalyptic" count="11"/>
      <shelf name="politics" count="11"/>
      <shelf name="read-2011" count="11"/>
      <shelf name="default" count="10"/>
      <shelf name="2012-read" count="10"/>
      <shelf name="suspense" count="10"/>
      <shelf name="texas" count="10"/>
      <shelf name="audible" count="10"/>
      <shelf name="relationships" count="10"/>
      <shelf name="own-it" count="10"/>
  </popular_shelves>
  <book_links>
    <book_link>
  <id>8</id>
  <name>Libraries</name>
  <link>https://www.goodreads.com/book_link/follow/8</link>
</book_link>

  </book_links>
  <buy_links>
    <buy_link>
<id>1</id>
<name>Amazon</name>
<link>https://www.goodreads.com/book_link/follow/1</link>
</buy_link>
<buy_link>
<id>10</id>
<name>Audible</name>
<link>https://www.goodreads.com/book_link/follow/10</link>
</buy_link>
<buy_link>
<id>3</id>
<name>Barnes &amp; Noble</name>
<link>https://www.goodreads.com/book_link/follow/3</link>
</buy_link>
<buy_link>
<id>1027</id>
<name>Kobo</name>
<link>https://www.goodreads.com/book_link/follow/1027</link>
</buy_link>
<buy_link>
<id>2102</id>
<name>Apple iBooks</name>
<link>https://www.goodreads.com/book_link/follow/2102</link>
</buy_link>
<buy_link>
<id>8036</id>
<name>Google Play</name>
<link>https://www.goodreads.com/book_link/follow/8036</link>
</buy_link>
<buy_link>
<id>4</id>
<name>Abebooks</name>
<link>https://www.goodreads.com/book_link/follow/4</link>
</buy_link>
<buy_link>
<id>882</id>
<name>Book Depository</name>
<link>https://www.goodreads.com/book_link/follow/882</link>
</buy_link>
<buy_link>
<id>9</id>
<name>Indigo</name>
<link>https://www.goodreads.com/book_link/follow/9</link>
</buy_link>
<buy_link>
<id>2</id>
<name>Half.com</name>
<link>https://www.goodreads.com/book_link/follow/2</link>
</buy_link>
<buy_link>
<id>5</id>
<name>Alibris</name>
<link>https://www.goodreads.com/book_link/follow/5</link>
</buy_link>
<buy_link>
<id>107</id>
<name>Better World Books</name>
<link>https://www.goodreads.com/book_link/follow/107</link>
</buy_link>
<buy_link>
<id>7</id>
<name>IndieBound</name>
<link>https://www.goodreads.com/book_link/follow/7</link>
</buy_link>

  </buy_links>
  <series_works>
    
  </series_works>
      <public_document>
        <id>14478</id>
        <document_url>
          https://s3.amazonaws.com/compressed.photo.goodreads.com/documents/1317840651books/11045709.pdf
        </document_url>
      </public_document>
  <similar_books>
          <book>
<id>10789142</id>
<title>The Revisionists</title>
<title_without_series>The Revisionists</title_without_series>
<link><![CDATA[https://www.goodreads.com/book/show/10789142-the-revisionists]]></link>
<small_image_url><![CDATA[https://images.gr-assets.com/books/1393198658s/10789142.jpg]]></small_image_url>
<image_url><![CDATA[https://images.gr-assets.com/books/1393198658m/10789142.jpg]]></image_url>
<num_pages>448</num_pages>
<work>
<id>15701383</id>
</work>
<isbn>0316176729</isbn>
<isbn13>9780316176729</isbn13>
<average_rating>3.37</average_rating>
<ratings_count>1422</ratings_count>
<publication_year></publication_year>
<publication_month></publication_month>
<publication_day></publication_day>
<authors>
<author>
<id>43391</id>
<name>Thomas Mullen</name>
<link><![CDATA[https://www.goodreads.com/author/show/43391.Thomas_Mullen]]></link>
</author>
</authors>
</book>

          <book>
<id>6846037</id>
<title>Veracity</title>
<title_without_series>Veracity</title_without_series>
<link><![CDATA[https://www.goodreads.com/book/show/6846037-veracity]]></link>
<small_image_url><![CDATA[https://s.gr-assets.com/assets/nophoto/book/50x75-a91bf249278a81aabab721ef782c4a74.png]]></small_image_url>
<image_url><![CDATA[https://s.gr-assets.com/assets/nophoto/book/111x148-bcc042a9c91a29c1d680899eff700a03.png]]></image_url>
<num_pages>376</num_pages>
<work>
<id>7058053</id>
</work>
<isbn>1439123349</isbn>
<isbn13>9781439123348</isbn13>
<average_rating>3.47</average_rating>
<ratings_count>680</ratings_count>
<publication_year>2010</publication_year>
<publication_month>1</publication_month>
<publication_day>5</publication_day>
<authors>
<author>
<id>3069952</id>
<name>Laura Bynum</name>
<link><![CDATA[https://www.goodreads.com/author/show/3069952.Laura_Bynum]]></link>
</author>
</authors>
</book>

          <book>
<id>5730888</id>
<title>The Unit</title>
<title_without_series>The Unit</title_without_series>
<link><![CDATA[https://www.goodreads.com/book/show/5730888-the-unit]]></link>
<small_image_url><![CDATA[https://images.gr-assets.com/books/1320530547s/5730888.jpg]]></small_image_url>
<image_url><![CDATA[https://images.gr-assets.com/books/1320530547m/5730888.jpg]]></image_url>
<num_pages>268</num_pages>
<work>
<id>5902518</id>
</work>
<isbn>1590513134</isbn>
<isbn13>9781590513132</isbn13>
<average_rating>3.72</average_rating>
<ratings_count>5639</ratings_count>
<publication_year></publication_year>
<publication_month></publication_month>
<publication_day></publication_day>
<authors>
<author>
<id>1232086</id>
<name>Ninni Holmqvist</name>
<link><![CDATA[https://www.goodreads.com/author/show/1232086.Ninni_Holmqvist]]></link>
</author>
</authors>
</book>

          <book>
<id>9888365</id>
<title>The Curfew</title>
<title_without_series>The Curfew</title_without_series>
<link><![CDATA[https://www.goodreads.com/book/show/9888365-the-curfew]]></link>
<small_image_url><![CDATA[https://images.gr-assets.com/books/1320557971s/9888365.jpg]]></small_image_url>
<image_url><![CDATA[https://images.gr-assets.com/books/1320557971m/9888365.jpg]]></image_url>
<num_pages>195</num_pages>
<work>
<id>14780366</id>
</work>
<isbn>0307739856</isbn>
<isbn13>9780307739858</isbn13>
<average_rating>3.71</average_rating>
<ratings_count>1103</ratings_count>
<publication_year>2011</publication_year>
<publication_month>6</publication_month>
<publication_day>14</publication_day>
<authors>
<author>
<id>285976</id>
<name>Jesse Ball</name>
<link><![CDATA[https://www.goodreads.com/author/show/285976.Jesse_Ball]]></link>
</author>
</authors>
</book>

          <book>
<id>577258</id>
<title>The Terrorists of Irustan</title>
<title_without_series>The Terrorists of Irustan</title_without_series>
<link><![CDATA[https://www.goodreads.com/book/show/577258.The_Terrorists_of_Irustan]]></link>
<small_image_url><![CDATA[https://images.gr-assets.com/books/1309282410s/577258.jpg]]></small_image_url>
<image_url><![CDATA[https://images.gr-assets.com/books/1309282410m/577258.jpg]]></image_url>
<num_pages>340</num_pages>
<work>
<id>1869018</id>
</work>
<isbn>0441007430</isbn>
<isbn13>9780441007431</isbn13>
<average_rating>4.12</average_rating>
<ratings_count>242</ratings_count>
<publication_year>2000</publication_year>
<publication_month>7</publication_month>
<publication_day>1</publication_day>
<authors>
<author>
<id>211269</id>
<name>Louise Marley</name>
<link><![CDATA[https://www.goodreads.com/author/show/211269.Louise_Marley]]></link>
</author>
</authors>
</book>

          <book>
<id>3278246</id>
<title>America Pacifica</title>
<title_without_series>America Pacifica</title_without_series>
<link><![CDATA[https://www.goodreads.com/book/show/3278246-america-pacifica]]></link>
<small_image_url><![CDATA[https://s.gr-assets.com/assets/nophoto/book/50x75-a91bf249278a81aabab721ef782c4a74.png]]></small_image_url>
<image_url><![CDATA[https://s.gr-assets.com/assets/nophoto/book/111x148-bcc042a9c91a29c1d680899eff700a03.png]]></image_url>
<num_pages>294</num_pages>
<work>
<id>3314544</id>
</work>
<isbn></isbn>
<isbn13></isbn13>
<average_rating>3.08</average_rating>
<ratings_count>901</ratings_count>
<publication_year>2011</publication_year>
<publication_month>5</publication_month>
<publication_day>1</publication_day>
<authors>
<author>
<id>4601475</id>
<name>Anna North</name>
<link><![CDATA[https://www.goodreads.com/author/show/4601475.Anna_North]]></link>
</author>
</authors>
</book>

          <book>
<id>2744237</id>
<title>Daughters of the North</title>
<title_without_series>Daughters of the North</title_without_series>
<link><![CDATA[https://www.goodreads.com/book/show/2744237-daughters-of-the-north]]></link>
<small_image_url><![CDATA[https://s.gr-assets.com/assets/nophoto/book/50x75-a91bf249278a81aabab721ef782c4a74.png]]></small_image_url>
<image_url><![CDATA[https://s.gr-assets.com/assets/nophoto/book/111x148-bcc042a9c91a29c1d680899eff700a03.png]]></image_url>
<num_pages>210</num_pages>
<work>
<id>3798847</id>
</work>
<isbn>0061430366</isbn>
<isbn13>9780061430367</isbn13>
<average_rating>3.37</average_rating>
<ratings_count>2877</ratings_count>
<publication_year></publication_year>
<publication_month></publication_month>
<publication_day></publication_day>
<authors>
<author>
<id>182771</id>
<name>Sarah Hall</name>
<link><![CDATA[https://www.goodreads.com/author/show/182771.Sarah_Hall]]></link>
</author>
</authors>
</book>

          <book>
<id>285563</id>
<title><![CDATA[Native Tongue (Native Tongue, #1)]]></title>
<title_without_series>Native Tongue</title_without_series>
<link><![CDATA[https://www.goodreads.com/book/show/285563.Native_Tongue]]></link>
<small_image_url><![CDATA[https://s.gr-assets.com/assets/nophoto/book/50x75-a91bf249278a81aabab721ef782c4a74.png]]></small_image_url>
<image_url><![CDATA[https://s.gr-assets.com/assets/nophoto/book/111x148-bcc042a9c91a29c1d680899eff700a03.png]]></image_url>
<num_pages>327</num_pages>
<work>
<id>2866090</id>
</work>
<isbn>1876756055</isbn>
<isbn13>9781876756055</isbn13>
<average_rating>4.01</average_rating>
<ratings_count>2062</ratings_count>
<publication_year>2000</publication_year>
<publication_month></publication_month>
<publication_day></publication_day>
<authors>
<author>
<id>8540</id>
<name>Suzette Haden Elgin</name>
<link><![CDATA[https://www.goodreads.com/author/show/8540.Suzette_Haden_Elgin]]></link>
</author>
</authors>
</book>

          <book>
<id>13078196</id>
<title>HELPER12</title>
<title_without_series>HELPER12</title_without_series>
<link><![CDATA[https://www.goodreads.com/book/show/13078196-helper12]]></link>
<small_image_url><![CDATA[https://images.gr-assets.com/books/1321669236s/13078196.jpg]]></small_image_url>
<image_url><![CDATA[https://images.gr-assets.com/books/1321669236m/13078196.jpg]]></image_url>
<num_pages></num_pages>
<work>
<id>16417253</id>
</work>
<isbn></isbn>
<isbn13>1230000001112</isbn13>
<average_rating>3.50</average_rating>
<ratings_count>539</ratings_count>
<publication_year>2011</publication_year>
<publication_month>11</publication_month>
<publication_day>14</publication_day>
<authors>
<author>
<id>3417562</id>
<name>Jack Blaine</name>
<link><![CDATA[https://www.goodreads.com/author/show/3417562.Jack_Blaine]]></link>
</author>
</authors>
</book>

          <book>
<id>8856041</id>
<title>Blueprints of the Afterlife</title>
<title_without_series>Blueprints of the Afterlife</title_without_series>
<link><![CDATA[https://www.goodreads.com/book/show/8856041-blueprints-of-the-afterlife]]></link>
<small_image_url><![CDATA[https://images.gr-assets.com/books/1324239005s/8856041.jpg]]></small_image_url>
<image_url><![CDATA[https://images.gr-assets.com/books/1324239005m/8856041.jpg]]></image_url>
<num_pages>416</num_pages>
<work>
<id>13731207</id>
</work>
<isbn></isbn>
<isbn13></isbn13>
<average_rating>3.72</average_rating>
<ratings_count>1952</ratings_count>
<publication_year>2012</publication_year>
<publication_month>1</publication_month>
<publication_day>3</publication_day>
<authors>
<author>
<id>36975</id>
<name>Ryan Boudinot</name>
<link><![CDATA[https://www.goodreads.com/author/show/36975.Ryan_Boudinot]]></link>
</author>
</authors>
</book>

          <book>
<id>10673576</id>
<title>The Postmortal</title>
<title_without_series>The Postmortal</title_without_series>
<link><![CDATA[https://www.goodreads.com/book/show/10673576-the-postmortal]]></link>
<small_image_url><![CDATA[https://images.gr-assets.com/books/1311702649s/10673576.jpg]]></small_image_url>
<image_url><![CDATA[https://images.gr-assets.com/books/1311702649m/10673576.jpg]]></image_url>
<num_pages>369</num_pages>
<work>
<id>15583178</id>
</work>
<isbn>0143119826</isbn>
<isbn13>9780143119821</isbn13>
<average_rating>3.80</average_rating>
<ratings_count>7895</ratings_count>
<publication_year>2011</publication_year>
<publication_month>8</publication_month>
<publication_day>30</publication_day>
<authors>
<author>
<id>1616154</id>
<name>Drew Magary</name>
<link><![CDATA[https://www.goodreads.com/author/show/1616154.Drew_Magary]]></link>
</author>
</authors>
</book>

          <book>
<id>6625948</id>
<title>Grace</title>
<title_without_series>Grace</title_without_series>
<link><![CDATA[https://www.goodreads.com/book/show/6625948-grace]]></link>
<small_image_url><![CDATA[https://images.gr-assets.com/books/1347539532s/6625948.jpg]]></small_image_url>
<image_url><![CDATA[https://images.gr-assets.com/books/1347539532m/6625948.jpg]]></image_url>
<num_pages>200</num_pages>
<work>
<id>6820192</id>
</work>
<isbn>0525422064</isbn>
<isbn13>9780525422068</isbn13>
<average_rating>3.38</average_rating>
<ratings_count>1099</ratings_count>
<publication_year>2010</publication_year>
<publication_month>9</publication_month>
<publication_day>16</publication_day>
<authors>
<author>
<id>363405</id>
<name>Elizabeth Scott</name>
<link><![CDATA[https://www.goodreads.com/author/show/363405.Elizabeth_Scott]]></link>
</author>
</authors>
</book>

          <book>
<id>12173462</id>
<title>White Horse</title>
<title_without_series>White Horse</title_without_series>
<link><![CDATA[https://www.goodreads.com/book/show/12173462-white-horse]]></link>
<small_image_url><![CDATA[https://images.gr-assets.com/books/1326018441s/12173462.jpg]]></small_image_url>
<image_url><![CDATA[https://images.gr-assets.com/books/1326018441m/12173462.jpg]]></image_url>
<num_pages>306</num_pages>
<work>
<id>17144967</id>
</work>
<isbn>1451642997</isbn>
<isbn13>9781451642995</isbn13>
<average_rating>3.48</average_rating>
<ratings_count>2935</ratings_count>
<publication_year>2012</publication_year>
<publication_month>4</publication_month>
<publication_day>17</publication_day>
<authors>
<author>
<id>5077618</id>
<name>Alex Adams</name>
<link><![CDATA[https://www.goodreads.com/author/show/5077618.Alex_Adams]]></link>
</author>
</authors>
</book>

          <book>
<id>6171892</id>
<title>Genesis</title>
<title_without_series>Genesis</title_without_series>
<link><![CDATA[https://www.goodreads.com/book/show/6171892-genesis]]></link>
<small_image_url><![CDATA[https://images.gr-assets.com/books/1328955315s/6171892.jpg]]></small_image_url>
<image_url><![CDATA[https://images.gr-assets.com/books/1328955315m/6171892.jpg]]></image_url>
<num_pages>150</num_pages>
<work>
<id>6351510</id>
</work>
<isbn>0547225490</isbn>
<isbn13>9780547225494</isbn13>
<average_rating>3.85</average_rating>
<ratings_count>9209</ratings_count>
<publication_year></publication_year>
<publication_month></publication_month>
<publication_day></publication_day>
<authors>
<author>
<id>1290482</id>
<name>Bernard Beckett</name>
<link><![CDATA[https://www.goodreads.com/author/show/1290482.Bernard_Beckett]]></link>
</author>
</authors>
</book>

          <book>
<id>1030207</id>
<title>Children of the Dust</title>
<title_without_series>Children of the Dust</title_without_series>
<link><![CDATA[https://www.goodreads.com/book/show/1030207.Children_of_the_Dust]]></link>
<small_image_url><![CDATA[https://images.gr-assets.com/books/1356456395s/1030207.jpg]]></small_image_url>
<image_url><![CDATA[https://images.gr-assets.com/books/1356456395m/1030207.jpg]]></image_url>
<num_pages>176</num_pages>
<work>
<id>405222</id>
</work>
<isbn>0099433427</isbn>
<isbn13>9780099433422</isbn13>
<average_rating>3.94</average_rating>
<ratings_count>1380</ratings_count>
<publication_year>2002</publication_year>
<publication_month>2</publication_month>
<publication_day>7</publication_day>
<authors>
<author>
<id>235010</id>
<name>Louise Lawrence</name>
<link><![CDATA[https://www.goodreads.com/author/show/235010.Louise_Lawrence]]></link>
</author>
</authors>
</book>

          <book>
<id>11872039</id>
<title>All Good Children</title>
<title_without_series>All Good Children</title_without_series>
<link><![CDATA[https://www.goodreads.com/book/show/11872039-all-good-children]]></link>
<small_image_url><![CDATA[https://images.gr-assets.com/books/1335640747s/11872039.jpg]]></small_image_url>
<image_url><![CDATA[https://images.gr-assets.com/books/1335640747m/11872039.jpg]]></image_url>
<num_pages>300</num_pages>
<work>
<id>16829650</id>
</work>
<isbn>1554698243</isbn>
<isbn13>9781554698240</isbn13>
<average_rating>3.69</average_rating>
<ratings_count>1253</ratings_count>
<publication_year>2011</publication_year>
<publication_month>10</publication_month>
<publication_day>1</publication_day>
<authors>
<author>
<id>3098906</id>
<name>Catherine Austen</name>
<link><![CDATA[https://www.goodreads.com/author/show/3098906.Catherine_Austen]]></link>
</author>
</authors>
</book>

          <book>
<id>102888</id>
<title>Winterlong (Winterlong, #1)</title>
<title_without_series>Winterlong</title_without_series>
<link><![CDATA[https://www.goodreads.com/book/show/102888.Winterlong]]></link>
<small_image_url><![CDATA[https://images.gr-assets.com/books/1381778247s/102888.jpg]]></small_image_url>
<image_url><![CDATA[https://images.gr-assets.com/books/1381778247m/102888.jpg]]></image_url>
<num_pages>496</num_pages>
<work>
<id>1407454</id>
</work>
<isbn>0061057304</isbn>
<isbn13>9780061057304</isbn13>
<average_rating>3.74</average_rating>
<ratings_count>700</ratings_count>
<publication_year>1997</publication_year>
<publication_month>7</publication_month>
<publication_day>1</publication_day>
<authors>
<author>
<id>40983</id>
<name>Elizabeth Hand</name>
<link><![CDATA[https://www.goodreads.com/author/show/40983.Elizabeth_Hand]]></link>
</author>
</authors>
</book>

          <book>
<id>10364994</id>
<title>The Submission</title>
<title_without_series>The Submission</title_without_series>
<link><![CDATA[https://www.goodreads.com/book/show/10364994-the-submission]]></link>
<small_image_url><![CDATA[https://s.gr-assets.com/assets/nophoto/book/50x75-a91bf249278a81aabab721ef782c4a74.png]]></small_image_url>
<image_url><![CDATA[https://s.gr-assets.com/assets/nophoto/book/111x148-bcc042a9c91a29c1d680899eff700a03.png]]></image_url>
<num_pages>300</num_pages>
<work>
<id>15268147</id>
</work>
<isbn>0374271569</isbn>
<isbn13>9780374271565</isbn13>
<average_rating>3.66</average_rating>
<ratings_count>11170</ratings_count>
<publication_year>2011</publication_year>
<publication_month>8</publication_month>
<publication_day>16</publication_day>
<authors>
<author>
<id>4619232</id>
<name>Amy Waldman</name>
<link><![CDATA[https://www.goodreads.com/author/show/4619232.Amy_Waldman]]></link>
</author>
</authors>
</book>

  </similar_books>
</book>

</GoodreadsResponse>