<?xml version="1.0" encoding="UTF-8"?>
<GoodreadsResponse>
  <Request>
    <authentication>true</authentication>
      <key><![CDATA[all_men_must_serve]]></key>
    <method><![CDATA[book_show]]></method>
  </Request>
  <book>
  <id>110694</id>
  <title><![CDATA[The Seeress of Kell (The Malloreon, #5)]]></title>
  <isbn><![CDATA[0552148067]]></isbn>
  <isbn13><![CDATA[9780552148061]]></isbn13>
  <asin><![CDATA[]]></asin>
  <kindle_asin><![CDATA[B003ARUTQA]]></kindle_asin>
  <marketplace_id><![CDATA[A1F83G8C2ARO7P]]></marketplace_id>
  <country_code><![CDATA[GB]]></country_code>
  <image_url>https://s.gr-assets.com/assets/nophoto/book/111x148-bcc042a9c91a29c1d680899eff700a03.png</image_url>
  <small_image_url>https://s.gr-assets.com/assets/nophoto/book/50x75-a91bf249278a81aabab721ef782c4a74.png</small_image_url>
  <publication_year>1992</publication_year>
  <publication_month>8</publication_month>
  <publication_day>13</publication_day>
  <publisher>Corgi</publisher>
  <language_code>eng</language_code>
  <is_ebook>false</is_ebook>
  <description><![CDATA[Now in the final stages of their quest for his son, Garion and his companions travel to Kell to consult the only undamaged copy of the Malloreon Gospels. For centuries the Seers have guarded this book from the Grolims and even had their wizards put a curse of blindness on any Grolim who tried to enter Kell.<br /><br />So, as proclaimed in Guardians of the West, Belgarion the Godslayer sets out with those who must join him: the Eternal Man, the Guide, the Man with Two Lives, the Bearer of the Orb and the Silent Man, and the rest of his companions to The Place Which Is No More to make the final choice - darkness or light.<br /><br />But Zandramas the Sorceress will not be outdone. Though she may not enter Kell she still has young Geran and should she reach the final meeting place with him, then Garion must slay his son or the world will be no more.<br /><br />THUS ENDS THE EPIC STORY OF THE MALLOREON]]></description>
  <work>
  <id type="integer">418854</id>
  <books_count type="integer">40</books_count>
  <best_book_id type="integer">110694</best_book_id>
  <reviews_count type="integer">44031</reviews_count>
  <ratings_sum type="integer">143751</ratings_sum>
  <ratings_count type="integer">34860</ratings_count>
  <text_reviews_count type="integer">283</text_reviews_count>
  <original_publication_year type="integer">1991</original_publication_year>
  <original_publication_month type="integer" nil="true"/>
  <original_publication_day type="integer" nil="true"/>
  <original_title>The Seeress of Kell</original_title>
  <original_language_id type="integer" nil="true"/>
  <media_type>book</media_type>
  <rating_dist>5:14159|4:12465|3:6834|2:1192|1:210|total:34860</rating_dist>
  <desc_user_id type="integer">3659131</desc_user_id>
  <default_chaptering_book_id type="integer" nil="true"/>
  <default_description_language_code nil="true"/>
</work>
  <average_rating>4.12</average_rating>
  <num_pages><![CDATA[452]]></num_pages>
  <format><![CDATA[Paperback]]></format>
  <edition_information><![CDATA[]]></edition_information>
  <ratings_count><![CDATA[32147]]></ratings_count>
  <text_reviews_count><![CDATA[192]]></text_reviews_count>
  <url><![CDATA[https://www.goodreads.com/book/show/110694.The_Seeress_of_Kell]]></url>
  <link><![CDATA[https://www.goodreads.com/book/show/110694.The_Seeress_of_Kell]]></link>
  <authors>
<author>
<id>8732</id>
<name>David Eddings</name>
<role></role>
<image_url nophoto='false'>
<![CDATA[https://images.gr-assets.com/authors/1223870462p5/8732.jpg]]>
</image_url>
<small_image_url nophoto='false'>
<![CDATA[https://images.gr-assets.com/authors/1223870462p2/8732.jpg]]>
</small_image_url>
<link><![CDATA[https://www.goodreads.com/author/show/8732.David_Eddings]]></link>
<average_rating>4.07</average_rating>
<ratings_count>841414</ratings_count>
<text_reviews_count>10249</text_reviews_count>
</author>
</authors>

    <reviews_widget>
      <![CDATA[
        <style>
  #goodreads-widget {
    font-family: georgia, serif;
    padding: 18px 0;
    width:565px;
  }
  #goodreads-widget h1 {
    font-weight:normal;
    font-size: 16px;
    border-bottom: 1px solid #BBB596;
    margin-bottom: 0;
  }
  #goodreads-widget a {
    text-decoration: none;
    color:#660;
  }
  iframe{
    background-color: #fff;
  }
  #goodreads-widget a:hover { text-decoration: underline; }
  #goodreads-widget a:active {
    color:#660;
  }
  #gr_footer {
    width: 100%;
    border-top: 1px solid #BBB596;
    text-align: right;
  }
  #goodreads-widget .gr_branding{
    color: #382110;
    font-size: 11px;
    text-decoration: none;
    font-family: "Helvetica Neue", Helvetica, Arial, sans-serif;
  }
</style>
<div id="goodreads-widget">
  <div id="gr_header"><h1><a rel="nofollow" href="https://www.goodreads.com/book/show/110694.The_Seeress_of_Kell">The Seeress of Kell Reviews</a></h1></div>
  <iframe id="the_iframe" src="https://www.goodreads.com/api/reviews_widget_iframe?did=DEVELOPER_ID&amp;format=html&amp;isbn=0552148067&amp;links=660&amp;min_rating=&amp;review_back=fff&amp;stars=000&amp;text=000" width="565" height="400" frameborder="0"></iframe>
  <div id="gr_footer">
    <a class="gr_branding" target="_blank" rel="nofollow" href="https://www.goodreads.com/book/show/110694.The_Seeress_of_Kell?utm_medium=api&amp;utm_source=reviews_widget">Reviews from Goodreads.com</a>
  </div>
</div>

      ]]>
    </reviews_widget>
  <popular_shelves>
      <shelf name="to-read" count="3064"/>
      <shelf name="fantasy" count="2699"/>
      <shelf name="fiction" count="206"/>
      <shelf name="favorites" count="183"/>
      <shelf name="owned" count="182"/>
      <shelf name="david-eddings" count="157"/>
      <shelf name="default" count="152"/>
      <shelf name="epic-fantasy" count="129"/>
      <shelf name="sci-fi-fantasy" count="93"/>
      <shelf name="high-fantasy" count="79"/>
      <shelf name="books-i-own" count="77"/>
      <shelf name="series" count="58"/>
      <shelf name="eddings" count="56"/>
      <shelf name="currently-reading" count="51"/>
      <shelf name="fantasy-sci-fi" count="46"/>
      <shelf name="magic" count="39"/>
      <shelf name="adventure" count="37"/>
      <shelf name="young-adult" count="33"/>
      <shelf name="owned-books" count="32"/>
      <shelf name="scifi-fantasy" count="31"/>
      <shelf name="library" count="30"/>
      <shelf name="science-fiction-fantasy" count="30"/>
      <shelf name="epic" count="29"/>
      <shelf name="favourites" count="27"/>
      <shelf name="my-books" count="24"/>
      <shelf name="fantasy-epic" count="23"/>
      <shelf name="ebook" count="22"/>
      <shelf name="eddings-david" count="22"/>
      <shelf name="ebooks" count="21"/>
      <shelf name="fantasy-scifi" count="21"/>
      <shelf name="my-library" count="20"/>
      <shelf name="re-read" count="20"/>
      <shelf name="sf-fantasy" count="16"/>
      <shelf name="adult" count="15"/>
      <shelf name="malloreon" count="15"/>
      <shelf name="audiobook" count="14"/>
      <shelf name="fantasy-series" count="14"/>
      <shelf name="paperback" count="13"/>
      <shelf name="read-fantasy" count="13"/>
      <shelf name="paper" count="12"/>
      <shelf name="books" count="12"/>
      <shelf name="to-buy" count="12"/>
      <shelf name="ya" count="12"/>
      <shelf name="speculative-fiction" count="12"/>
      <shelf name="sci-fi" count="12"/>
      <shelf name="audiobooks" count="11"/>
      <shelf name="sci-fi-and-fantasy" count="11"/>
      <shelf name="shelfari-favorites" count="10"/>
      <shelf name="classic-fantasy" count="10"/>
      <shelf name="sff" count="10"/>
      <shelf name="fantasy-fiction" count="10"/>
      <shelf name="fiction-fantasy" count="10"/>
      <shelf name="fantasy-read" count="10"/>
      <shelf name="fantasia" count="9"/>
      <shelf name="own-it" count="9"/>
      <shelf name="science-fiction-and-fantasy" count="9"/>
      <shelf name="fantasy-and-sci-fi" count="9"/>
      <shelf name="kindle" count="8"/>
      <shelf name="gods" count="8"/>
      <shelf name="the-malloreon" count="8"/>
      <shelf name="audio-book" count="8"/>
      <shelf name="calibre" count="8"/>
      <shelf name="quest" count="8"/>
      <shelf name="reread" count="8"/>
      <shelf name="home-library" count="8"/>
      <shelf name="sf-f" count="8"/>
      <shelf name="childhood" count="8"/>
      <shelf name="read-more-than-once" count="8"/>
      <shelf name="scifi-fantasy-horror" count="7"/>
      <shelf name="e-books" count="7"/>
      <shelf name="fantasy-science-fiction" count="7"/>
      <shelf name="belgariad" count="7"/>
      <shelf name="american" count="7"/>
      <shelf name="adult-fantasy" count="7"/>
      <shelf name="hardback" count="7"/>
      <shelf name="heroic-fantasy" count="7"/>
      <shelf name="borrowed" count="7"/>
      <shelf name="bookshelf" count="6"/>
      <shelf name="finished" count="6"/>
      <shelf name="belgariad-mallorean" count="6"/>
      <shelf name="audio-books" count="6"/>
      <shelf name="fantasy-magic" count="6"/>
      <shelf name="sword-and-sorcery" count="6"/>
      <shelf name="science-fiction" count="6"/>
      <shelf name="read-again" count="6"/>
      <shelf name="mine" count="6"/>
      <shelf name="favorite-books" count="6"/>
      <shelf name="fantasy-adventure" count="6"/>
      <shelf name="novels" count="6"/>
      <shelf name="hardcover" count="6"/>
      <shelf name="novel" count="6"/>
      <shelf name="i-own-it" count="6"/>
      <shelf name="fantasy-high" count="6"/>
      <shelf name="physical" count="5"/>
      <shelf name="20th-century" count="5"/>
      <shelf name="rereads" count="5"/>
      <shelf name="sf" count="5"/>
      <shelf name="scanned" count="5"/>
      <shelf name="read-2013" count="5"/>
      <shelf name="have" count="5"/>
  </popular_shelves>
  <book_links>
    <book_link>
  <id>8</id>
  <name>Libraries</name>
  <link>https://www.goodreads.com/book_link/follow/8</link>
</book_link>

  </book_links>
  <buy_links>
    <buy_link>
<id>1</id>
<name>Amazon</name>
<link>https://www.goodreads.com/book_link/follow/1</link>
</buy_link>
<buy_link>
<id>10</id>
<name>Audible</name>
<link>https://www.goodreads.com/book_link/follow/10</link>
</buy_link>
<buy_link>
<id>3</id>
<name>Barnes &amp; Noble</name>
<link>https://www.goodreads.com/book_link/follow/3</link>
</buy_link>
<buy_link>
<id>1027</id>
<name>Kobo</name>
<link>https://www.goodreads.com/book_link/follow/1027</link>
</buy_link>
<buy_link>
<id>2102</id>
<name>Apple iBooks</name>
<link>https://www.goodreads.com/book_link/follow/2102</link>
</buy_link>
<buy_link>
<id>8036</id>
<name>Google Play</name>
<link>https://www.goodreads.com/book_link/follow/8036</link>
</buy_link>
<buy_link>
<id>4</id>
<name>Abebooks</name>
<link>https://www.goodreads.com/book_link/follow/4</link>
</buy_link>
<buy_link>
<id>882</id>
<name>Book Depository</name>
<link>https://www.goodreads.com/book_link/follow/882</link>
</buy_link>
<buy_link>
<id>9</id>
<name>Indigo</name>
<link>https://www.goodreads.com/book_link/follow/9</link>
</buy_link>
<buy_link>
<id>2</id>
<name>Half.com</name>
<link>https://www.goodreads.com/book_link/follow/2</link>
</buy_link>
<buy_link>
<id>5</id>
<name>Alibris</name>
<link>https://www.goodreads.com/book_link/follow/5</link>
</buy_link>
<buy_link>
<id>107</id>
<name>Better World Books</name>
<link>https://www.goodreads.com/book_link/follow/107</link>
</buy_link>
<buy_link>
<id>7</id>
<name>IndieBound</name>
<link>https://www.goodreads.com/book_link/follow/7</link>
</buy_link>

  </buy_links>
  <series_works>
    <series_work>
<id>149032</id>
<user_position>5</user_position>
<series>
<id>42429</id>
<title>
<![CDATA[
    The Malloreon
]]>
</title>
<description>
<![CDATA[
    The second half of the <a href="http://www.goodreads.com/series/62114-belgarian-universe">Belgarian universe</a>, this is the sequel series to <a href="http://www.goodreads.com/series/40739-the-belgariad">The Belgariad</a>.
    
    Also known as: 
    "Mallorean taru" - Finnish
]]>
</description>
<note>
<![CDATA[
    No need to add the word omnibus in the number field.
]]>
</note>
<series_works_count>11</series_works_count>
<primary_work_count>5</primary_work_count>
<numbered>true</numbered>
</series>

</series_work>
<series_work>
<id>267624</id>
<user_position>12</user_position>
<series>
<id>62114</id>
<title>
<![CDATA[
    Belgariad Universe
]]>
</title>
<description>
<![CDATA[
    The Belgariad universe is the broad universe containing two major pentologies, the <i>Belgariad</i> and the <i>Malloreon</i>, as well as a pair of "prequels" and a related non-fiction work on the writing of the universe.
    
    The primary books are listed below in internal chronological order. The order in which the series were written, the publication order, was as follows:
    * <a target="_blank" title="The Belgariad" href="http://www.goodreads.com/series/40739-the-belgariad">The Belgariad</a>
    * <a target="_blank" title="The Malloreon" href="http://www.goodreads.com/series/42429-the-malloreon">The Malloreon</a>
    * <a target="_blank" title="Belgarath the Sorcerer" href="http://www.goodreads.com/series/62115-belgariad-prequels">Belgarath the Sorcerer</a>
    * <a target="_blank" title="Polgara the Sorceress" href="http://www.goodreads.com/series/62115-belgariad-prequels">Polgara the Sorceress</a>
    * <a target="_blank" title="The Rivan Codex" href="https://www.goodreads.com/book/show/44689.The_Rivan_Codex">The Rivan Codex</a>
    
    <b>Warning:</b> <i>Although they mostly relate events preceding the Belgariad and Malloreon, the "prequels" do take place after the two pentologies and as such, the first and last chapters can be considered spoilers. <b>Belgarath</b> and <b>Polgara</b> should also be read in that order as the former explains (and thus spoils) how the latter came to be written.</i>
]]>
</description>
<note>
<![CDATA[
    "Belgarian" corrected to "Belgariad" 22.11.2014 and other minor errata fixed.
]]>
</note>
<series_works_count>14</series_works_count>
<primary_work_count>12</primary_work_count>
<numbered>true</numbered>
</series>

</series_work>

  </series_works>
  <similar_books>
          <book>
<id>28483</id>
<title><![CDATA[The Seventh Gate (The Death Gate Cycle, #7)]]></title>
<title_without_series>The Seventh Gate</title_without_series>
<link><![CDATA[https://www.goodreads.com/book/show/28483.The_Seventh_Gate]]></link>
<small_image_url><![CDATA[https://images.gr-assets.com/books/1327837380s/28483.jpg]]></small_image_url>
<image_url><![CDATA[https://images.gr-assets.com/books/1327837380m/28483.jpg]]></image_url>
<num_pages>317</num_pages>
<work>
<id>252258</id>
</work>
<isbn>055357325X</isbn>
<isbn13>9780553573251</isbn13>
<average_rating>4.09</average_rating>
<ratings_count>15529</ratings_count>
<publication_year>1995</publication_year>
<publication_month>12</publication_month>
<publication_day>1</publication_day>
<authors>
<author>
<id>869</id>
<name>Margaret Weis</name>
<link><![CDATA[https://www.goodreads.com/author/show/869.Margaret_Weis]]></link>
</author>
</authors>
</book>

          <book>
<id>185294</id>
<title><![CDATA[The Dragon Token (Dragon Star, #2)]]></title>
<title_without_series>The Dragon Token</title_without_series>
<link><![CDATA[https://www.goodreads.com/book/show/185294.The_Dragon_Token]]></link>
<small_image_url><![CDATA[https://s.gr-assets.com/assets/nophoto/book/50x75-a91bf249278a81aabab721ef782c4a74.png]]></small_image_url>
<image_url><![CDATA[https://s.gr-assets.com/assets/nophoto/book/111x148-bcc042a9c91a29c1d680899eff700a03.png]]></image_url>
<num_pages>592</num_pages>
<work>
<id>2156773</id>
</work>
<isbn>0330328980</isbn>
<isbn13>9780330328982</isbn13>
<average_rating>4.08</average_rating>
<ratings_count>5757</ratings_count>
<publication_year></publication_year>
<publication_month></publication_month>
<publication_day></publication_day>
<authors>
<author>
<id>8661</id>
<name>Melanie Rawn</name>
<link><![CDATA[https://www.goodreads.com/author/show/8661.Melanie_Rawn]]></link>
</author>
</authors>
</book>

          <book>
<id>13881</id>
<title><![CDATA[Rage of a Demon King (The Serpentwar Saga, #3)]]></title>
<title_without_series>Rage of a Demon King</title_without_series>
<link><![CDATA[https://www.goodreads.com/book/show/13881.Rage_of_a_Demon_King]]></link>
<small_image_url><![CDATA[https://s.gr-assets.com/assets/nophoto/book/50x75-a91bf249278a81aabab721ef782c4a74.png]]></small_image_url>
<image_url><![CDATA[https://s.gr-assets.com/assets/nophoto/book/111x148-bcc042a9c91a29c1d680899eff700a03.png]]></image_url>
<num_pages>436</num_pages>
<work>
<id>1175878</id>
</work>
<isbn>0380974738</isbn>
<isbn13>9780380974733</isbn13>
<average_rating>4.02</average_rating>
<ratings_count>20658</ratings_count>
<publication_year>1997</publication_year>
<publication_month>4</publication_month>
<publication_day>1</publication_day>
<authors>
<author>
<id>8588</id>
<name>Raymond E. Feist</name>
<link><![CDATA[https://www.goodreads.com/author/show/8588.Raymond_E_Feist]]></link>
</author>
</authors>
</book>

          <book>
<id>537119</id>
<title><![CDATA[The Harrowing of Gwynedd (The Heirs of Saint Camber #1)]]></title>
<title_without_series>The Harrowing of Gwynedd</title_without_series>
<link><![CDATA[https://www.goodreads.com/book/show/537119.The_Harrowing_of_Gwynedd]]></link>
<small_image_url><![CDATA[https://s.gr-assets.com/assets/nophoto/book/50x75-a91bf249278a81aabab721ef782c4a74.png]]></small_image_url>
<image_url><![CDATA[https://s.gr-assets.com/assets/nophoto/book/111x148-bcc042a9c91a29c1d680899eff700a03.png]]></image_url>
<num_pages>432</num_pages>
<work>
<id>1201013</id>
</work>
<isbn>0345363140</isbn>
<isbn13>9780345363145</isbn13>
<average_rating>4.05</average_rating>
<ratings_count>1971</ratings_count>
<publication_year>1989</publication_year>
<publication_month>9</publication_month>
<publication_day>13</publication_day>
<authors>
<author>
<id>19475</id>
<name>Katherine Kurtz</name>
<link><![CDATA[https://www.goodreads.com/author/show/19475.Katherine_Kurtz]]></link>
</author>
</authors>
</book>

          <book>
<id>558658</id>
<title><![CDATA[Days of Blood and Fire (The Westlands, #3)]]></title>
<title_without_series>Days of Blood and Fire</title_without_series>
<link><![CDATA[https://www.goodreads.com/book/show/558658.Days_of_Blood_and_Fire]]></link>
<small_image_url><![CDATA[https://s.gr-assets.com/assets/nophoto/book/50x75-a91bf249278a81aabab721ef782c4a74.png]]></small_image_url>
<image_url><![CDATA[https://s.gr-assets.com/assets/nophoto/book/111x148-bcc042a9c91a29c1d680899eff700a03.png]]></image_url>
<num_pages>493</num_pages>
<work>
<id>2984315</id>
</work>
<isbn>0553290126</isbn>
<isbn13>9780553290127</isbn13>
<average_rating>4.08</average_rating>
<ratings_count>3941</ratings_count>
<publication_year>1994</publication_year>
<publication_month>6</publication_month>
<publication_day>1</publication_day>
<authors>
<author>
<id>44003</id>
<name>Katharine Kerr</name>
<link><![CDATA[https://www.goodreads.com/author/show/44003.Katharine_Kerr]]></link>
</author>
</authors>
</book>

          <book>
<id>34988</id>
<title><![CDATA[The Scions of Shannara (Heritage of Shannara, #1)]]></title>
<title_without_series>The Scions of Shannara</title_without_series>
<link><![CDATA[https://www.goodreads.com/book/show/34988.The_Scions_of_Shannara]]></link>
<small_image_url><![CDATA[https://images.gr-assets.com/books/1429347355s/34988.jpg]]></small_image_url>
<image_url><![CDATA[https://images.gr-assets.com/books/1429347355m/34988.jpg]]></image_url>
<num_pages>512</num_pages>
<work>
<id>19017827</id>
</work>
<isbn>1857230752</isbn>
<isbn13>9781857230758</isbn13>
<average_rating>3.97</average_rating>
<ratings_count>25538</ratings_count>
<publication_year>2006</publication_year>
<publication_month>10</publication_month>
<publication_day>5</publication_day>
<authors>
<author>
<id>9629</id>
<name>Terry Brooks</name>
<link><![CDATA[https://www.goodreads.com/author/show/9629.Terry_Brooks]]></link>
</author>
</authors>
</book>

          <book>
<id>176802</id>
<title><![CDATA[Winds of Change (Valdemar: Mage Winds, #2)]]></title>
<title_without_series>Winds of Change</title_without_series>
<link><![CDATA[https://www.goodreads.com/book/show/176802.Winds_of_Change]]></link>
<small_image_url><![CDATA[https://images.gr-assets.com/books/1297975030s/176802.jpg]]></small_image_url>
<image_url><![CDATA[https://images.gr-assets.com/books/1297975030m/176802.jpg]]></image_url>
<num_pages>475</num_pages>
<work>
<id>1134279</id>
</work>
<isbn>0886775639</isbn>
<isbn13>9780886775636</isbn13>
<average_rating>4.02</average_rating>
<ratings_count>12798</ratings_count>
<publication_year>1993</publication_year>
<publication_month>8</publication_month>
<publication_day>1</publication_day>
<authors>
<author>
<id>8685</id>
<name>Mercedes Lackey</name>
<link><![CDATA[https://www.goodreads.com/author/show/8685.Mercedes_Lackey]]></link>
</author>
</authors>
</book>

  </similar_books>
</book>

</GoodreadsResponse>