<?xml version="1.0" encoding="UTF-8"?>
<GoodreadsResponse>
  <Request>
    <authentication>true</authentication>
      <key><![CDATA[all_men_must_serve]]></key>
    <method><![CDATA[book_show]]></method>
  </Request>
  <book>
  <id>11076123</id>
  <title>Half Blood Blues</title>
  <isbn><![CDATA[1846687756]]></isbn>
  <isbn13><![CDATA[9781846687754]]></isbn13>
  <asin><![CDATA[]]></asin>
  <kindle_asin><![CDATA[B0054461GE]]></kindle_asin>
  <marketplace_id><![CDATA[A1F83G8C2ARO7P]]></marketplace_id>
  <country_code><![CDATA[GB]]></country_code>
  <image_url>https://images.gr-assets.com/books/1309737674m/11076123.jpg</image_url>
  <small_image_url>https://images.gr-assets.com/books/1309737674s/11076123.jpg</small_image_url>
  <publication_year>2011</publication_year>
  <publication_month>4</publication_month>
  <publication_day>1</publication_day>
  <publisher>Serpent's Tail</publisher>
  <language_code>eng</language_code>
  <is_ebook>false</is_ebook>
  <description><![CDATA[The aftermath of the fall of Paris, 1940. Hieronymous Falk, a rising star on the cabaret scene, was arrested in a cafe and never heard from again. He was twenty years old. He was a German citizen. And he was black. Fifty years later, Sid, Hiero's bandmate and the only witness that day, is going back to Berlin. Persuaded by his old friend Chip, Sid discovers there's more to the journey than he thought.]]></description>
  <work>
  <id type="integer">15997604</id>
  <books_count type="integer">39</books_count>
  <best_book_id type="integer">11076123</best_book_id>
  <reviews_count type="integer">23897</reviews_count>
  <ratings_sum type="integer">41774</ratings_sum>
  <ratings_count type="integer">11509</ratings_count>
  <text_reviews_count type="integer">1392</text_reviews_count>
  <original_publication_year type="integer">2011</original_publication_year>
  <original_publication_month type="integer">4</original_publication_month>
  <original_publication_day type="integer">11</original_publication_day>
  <original_title>Half Blood Blues</original_title>
  <original_language_id type="integer" nil="true"/>
  <media_type>book</media_type>
  <rating_dist>5:2053|4:4692|3:3469|2:1039|1:256|total:11509</rating_dist>
  <desc_user_id type="integer">5341034</desc_user_id>
  <default_chaptering_book_id type="integer" nil="true"/>
  <default_description_language_code nil="true"/>
</work>
  <average_rating>3.63</average_rating>
  <num_pages><![CDATA[343]]></num_pages>
  <format><![CDATA[Paperback]]></format>
  <edition_information><![CDATA[]]></edition_information>
  <ratings_count><![CDATA[8913]]></ratings_count>
  <text_reviews_count><![CDATA[906]]></text_reviews_count>
  <url><![CDATA[https://www.goodreads.com/book/show/11076123-half-blood-blues]]></url>
  <link><![CDATA[https://www.goodreads.com/book/show/11076123-half-blood-blues]]></link>
  <authors>
<author>
<id>245590</id>
<name>Esi Edugyan</name>
<role></role>
<image_url nophoto='false'>
<![CDATA[https://images.gr-assets.com/authors/1330993142p5/245590.jpg]]>
</image_url>
<small_image_url nophoto='false'>
<![CDATA[https://images.gr-assets.com/authors/1330993142p2/245590.jpg]]>
</small_image_url>
<link><![CDATA[https://www.goodreads.com/author/show/245590.Esi_Edugyan]]></link>
<average_rating>3.62</average_rating>
<ratings_count>11735</ratings_count>
<text_reviews_count>1438</text_reviews_count>
</author>
</authors>

    <reviews_widget>
      <![CDATA[
        <style>
  #goodreads-widget {
    font-family: georgia, serif;
    padding: 18px 0;
    width:565px;
  }
  #goodreads-widget h1 {
    font-weight:normal;
    font-size: 16px;
    border-bottom: 1px solid #BBB596;
    margin-bottom: 0;
  }
  #goodreads-widget a {
    text-decoration: none;
    color:#660;
  }
  iframe{
    background-color: #fff;
  }
  #goodreads-widget a:hover { text-decoration: underline; }
  #goodreads-widget a:active {
    color:#660;
  }
  #gr_footer {
    width: 100%;
    border-top: 1px solid #BBB596;
    text-align: right;
  }
  #goodreads-widget .gr_branding{
    color: #382110;
    font-size: 11px;
    text-decoration: none;
    font-family: "Helvetica Neue", Helvetica, Arial, sans-serif;
  }
</style>
<div id="goodreads-widget">
  <div id="gr_header"><h1><a rel="nofollow" href="https://www.goodreads.com/book/show/11076123-half-blood-blues">Half Blood Blues Reviews</a></h1></div>
  <iframe id="the_iframe" src="https://www.goodreads.com/api/reviews_widget_iframe?did=DEVELOPER_ID&amp;format=html&amp;isbn=1846687756&amp;links=660&amp;min_rating=&amp;review_back=fff&amp;stars=000&amp;text=000" width="565" height="400" frameborder="0"></iframe>
  <div id="gr_footer">
    <a class="gr_branding" target="_blank" rel="nofollow" href="https://www.goodreads.com/book/show/11076123-half-blood-blues?utm_medium=api&amp;utm_source=reviews_widget">Reviews from Goodreads.com</a>
  </div>
</div>

      ]]>
    </reviews_widget>
  <popular_shelves>
      <shelf name="to-read" count="3838"/>
      <shelf name="fiction" count="194"/>
      <shelf name="historical-fiction" count="185"/>
      <shelf name="book-club" count="100"/>
      <shelf name="canadian" count="80"/>
      <shelf name="war" count="58"/>
      <shelf name="historical" count="54"/>
      <shelf name="canada-reads" count="52"/>
      <shelf name="favorites" count="40"/>
      <shelf name="canada" count="40"/>
      <shelf name="canlit" count="38"/>
      <shelf name="owned" count="30"/>
      <shelf name="giller-prize" count="29"/>
      <shelf name="music" count="28"/>
      <shelf name="books-i-own" count="28"/>
      <shelf name="europe" count="27"/>
      <shelf name="bookclub" count="27"/>
      <shelf name="kindle" count="27"/>
      <shelf name="can-lit" count="25"/>
      <shelf name="history" count="25"/>
      <shelf name="contemporary" count="25"/>
      <shelf name="library" count="23"/>
      <shelf name="canadian-literature" count="22"/>
      <shelf name="world-war-ii" count="22"/>
      <shelf name="wwii" count="21"/>
      <shelf name="canadian-authors" count="21"/>
      <shelf name="read-in-2012" count="21"/>
      <shelf name="paris" count="20"/>
      <shelf name="canadiana" count="20"/>
      <shelf name="germany" count="19"/>
      <shelf name="adult" count="18"/>
      <shelf name="novels" count="18"/>
      <shelf name="canadian-lit" count="18"/>
      <shelf name="booker" count="18"/>
      <shelf name="canada-reads-2014" count="17"/>
      <shelf name="france" count="17"/>
      <shelf name="ww2" count="17"/>
      <shelf name="award-winners" count="16"/>
      <shelf name="read-2012" count="15"/>
      <shelf name="favourites" count="14"/>
      <shelf name="literature" count="14"/>
      <shelf name="kobo" count="13"/>
      <shelf name="contemporary-fiction" count="13"/>
      <shelf name="did-not-finish" count="12"/>
      <shelf name="abandoned" count="12"/>
      <shelf name="orange-prize" count="12"/>
      <shelf name="canadian-fiction" count="12"/>
      <shelf name="booker-prize" count="12"/>
      <shelf name="to-buy" count="12"/>
      <shelf name="jazz" count="11"/>
      <shelf name="canadian-author" count="11"/>
      <shelf name="audio" count="11"/>
      <shelf name="book-club-books" count="11"/>
      <shelf name="female-authors" count="11"/>
      <shelf name="african-american" count="11"/>
      <shelf name="wish-list" count="11"/>
      <shelf name="friendship" count="10"/>
      <shelf name="owned-books" count="10"/>
      <shelf name="book-group" count="10"/>
      <shelf name="general-fiction" count="10"/>
      <shelf name="man-booker-prize" count="10"/>
      <shelf name="adult-fiction" count="10"/>
      <shelf name="read-2011" count="10"/>
      <shelf name="ebook" count="9"/>
      <shelf name="read-in-2014" count="9"/>
      <shelf name="read-in-2013" count="9"/>
      <shelf name="my-library" count="9"/>
      <shelf name="award-winner" count="9"/>
      <shelf name="to-read-fiction" count="9"/>
      <shelf name="e-book" count="9"/>
      <shelf name="booker-shortlist" count="9"/>
      <shelf name="literary-fiction" count="8"/>
      <shelf name="ebooks" count="8"/>
      <shelf name="audiobook" count="8"/>
      <shelf name="own-it" count="8"/>
      <shelf name="holocaust" count="8"/>
      <shelf name="book-club-reads" count="8"/>
      <shelf name="tbr" count="8"/>
      <shelf name="race" count="7"/>
      <shelf name="giller" count="7"/>
      <shelf name="read-2013" count="7"/>
      <shelf name="mystery" count="7"/>
      <shelf name="default" count="7"/>
      <shelf name="audiobooks" count="7"/>
      <shelf name="fiction-historical" count="7"/>
      <shelf name="library-book" count="7"/>
      <shelf name="unfinished" count="7"/>
      <shelf name="female-author" count="7"/>
      <shelf name="didn-t-finish" count="7"/>
      <shelf name="novel" count="7"/>
      <shelf name="giller-prize-winners" count="7"/>
      <shelf name="giller-prize-winner" count="7"/>
      <shelf name="cultural" count="7"/>
      <shelf name="literary" count="7"/>
      <shelf name="man-booker-2011" count="7"/>
      <shelf name="read-in-2015" count="6"/>
      <shelf name="women-writers" count="6"/>
      <shelf name="women" count="6"/>
      <shelf name="my-books" count="6"/>
      <shelf name="berlin" count="6"/>
  </popular_shelves>
  <book_links>
    <book_link>
  <id>8</id>
  <name>Libraries</name>
  <link>https://www.goodreads.com/book_link/follow/8</link>
</book_link>

  </book_links>
  <buy_links>
    <buy_link>
<id>1</id>
<name>Amazon</name>
<link>https://www.goodreads.com/book_link/follow/1</link>
</buy_link>
<buy_link>
<id>10</id>
<name>Audible</name>
<link>https://www.goodreads.com/book_link/follow/10</link>
</buy_link>
<buy_link>
<id>3</id>
<name>Barnes &amp; Noble</name>
<link>https://www.goodreads.com/book_link/follow/3</link>
</buy_link>
<buy_link>
<id>1027</id>
<name>Kobo</name>
<link>https://www.goodreads.com/book_link/follow/1027</link>
</buy_link>
<buy_link>
<id>2102</id>
<name>Apple iBooks</name>
<link>https://www.goodreads.com/book_link/follow/2102</link>
</buy_link>
<buy_link>
<id>8036</id>
<name>Google Play</name>
<link>https://www.goodreads.com/book_link/follow/8036</link>
</buy_link>
<buy_link>
<id>4</id>
<name>Abebooks</name>
<link>https://www.goodreads.com/book_link/follow/4</link>
</buy_link>
<buy_link>
<id>882</id>
<name>Book Depository</name>
<link>https://www.goodreads.com/book_link/follow/882</link>
</buy_link>
<buy_link>
<id>9</id>
<name>Indigo</name>
<link>https://www.goodreads.com/book_link/follow/9</link>
</buy_link>
<buy_link>
<id>2</id>
<name>Half.com</name>
<link>https://www.goodreads.com/book_link/follow/2</link>
</buy_link>
<buy_link>
<id>5</id>
<name>Alibris</name>
<link>https://www.goodreads.com/book_link/follow/5</link>
</buy_link>
<buy_link>
<id>107</id>
<name>Better World Books</name>
<link>https://www.goodreads.com/book_link/follow/107</link>
</buy_link>
<buy_link>
<id>7</id>
<name>IndieBound</name>
<link>https://www.goodreads.com/book_link/follow/7</link>
</buy_link>

  </buy_links>
  <series_works>
    
  </series_works>
  <similar_books>
          <book>
<id>11538011</id>
<title>Derby Day</title>
<title_without_series>Derby Day</title_without_series>
<link><![CDATA[https://www.goodreads.com/book/show/11538011-derby-day]]></link>
<small_image_url><![CDATA[https://images.gr-assets.com/books/1311705306s/11538011.jpg]]></small_image_url>
<image_url><![CDATA[https://images.gr-assets.com/books/1311705306m/11538011.jpg]]></image_url>
<num_pages></num_pages>
<work>
<id>16476935</id>
</work>
<isbn>0701183594</isbn>
<isbn13>9780701183592</isbn13>
<average_rating>3.30</average_rating>
<ratings_count>481</ratings_count>
<publication_year>2011</publication_year>
<publication_month>6</publication_month>
<publication_day>1</publication_day>
<authors>
<author>
<id>17165</id>
<name>D.J. Taylor</name>
<link><![CDATA[https://www.goodreads.com/author/show/17165.D_J_Taylor]]></link>
</author>
</authors>
</book>

          <book>
<id>10513119</id>
<title>A Cupboard Full of Coats</title>
<title_without_series>A Cupboard Full of Coats</title_without_series>
<link><![CDATA[https://www.goodreads.com/book/show/10513119-a-cupboard-full-of-coats]]></link>
<small_image_url><![CDATA[https://images.gr-assets.com/books/1310774176s/10513119.jpg]]></small_image_url>
<image_url><![CDATA[https://images.gr-assets.com/books/1310774176m/10513119.jpg]]></image_url>
<num_pages>261</num_pages>
<work>
<id>15419090</id>
</work>
<isbn>1851687971</isbn>
<isbn13>9781851687978</isbn13>
<average_rating>3.62</average_rating>
<ratings_count>1887</ratings_count>
<publication_year>2011</publication_year>
<publication_month>6</publication_month>
<publication_day>16</publication_day>
<authors>
<author>
<id>4658214</id>
<name>Yvvette Edwards</name>
<link><![CDATA[https://www.goodreads.com/author/show/4658214.Yvvette_Edwards]]></link>
</author>
</authors>
</book>

          <book>
<id>10868799</id>
<title>The Little Shadows</title>
<title_without_series>The Little Shadows</title_without_series>
<link><![CDATA[https://www.goodreads.com/book/show/10868799-the-little-shadows]]></link>
<small_image_url><![CDATA[https://s.gr-assets.com/assets/nophoto/book/50x75-a91bf249278a81aabab721ef782c4a74.png]]></small_image_url>
<image_url><![CDATA[https://s.gr-assets.com/assets/nophoto/book/111x148-bcc042a9c91a29c1d680899eff700a03.png]]></image_url>
<num_pages>544</num_pages>
<work>
<id>15784036</id>
</work>
<isbn>0385668910</isbn>
<isbn13>9780385668910</isbn13>
<average_rating>3.26</average_rating>
<ratings_count>720</ratings_count>
<publication_year>2011</publication_year>
<publication_month>9</publication_month>
<publication_day>27</publication_day>
<authors>
<author>
<id>1567757</id>
<name>Marina Endicott</name>
<link><![CDATA[https://www.goodreads.com/author/show/1567757.Marina_Endicott]]></link>
</author>
</authors>
</book>

          <book>
<id>12343668</id>
<title>The Antagonist</title>
<title_without_series>The Antagonist</title_without_series>
<link><![CDATA[https://www.goodreads.com/book/show/12343668-the-antagonist]]></link>
<small_image_url><![CDATA[https://images.gr-assets.com/books/1312915177s/12343668.jpg]]></small_image_url>
<image_url><![CDATA[https://images.gr-assets.com/books/1312915177m/12343668.jpg]]></image_url>
<num_pages>337</num_pages>
<work>
<id>17323002</id>
</work>
<isbn>0887842968</isbn>
<isbn13>9780887842962</isbn13>
<average_rating>3.60</average_rating>
<ratings_count>1544</ratings_count>
<publication_year>2011</publication_year>
<publication_month>9</publication_month>
<publication_day>3</publication_day>
<authors>
<author>
<id>189000</id>
<name>Lynn Coady</name>
<link><![CDATA[https://www.goodreads.com/author/show/189000.Lynn_Coady]]></link>
</author>
</authors>
</book>

          <book>
<id>6713808</id>
<title><![CDATA[The Bishop's Man (The Cape Breton Trilogy #2)]]></title>
<title_without_series>The Bishop&apos;s Man</title_without_series>
<link><![CDATA[https://www.goodreads.com/book/show/6713808-the-bishop-s-man]]></link>
<small_image_url><![CDATA[https://s.gr-assets.com/assets/nophoto/book/50x75-a91bf249278a81aabab721ef782c4a74.png]]></small_image_url>
<image_url><![CDATA[https://s.gr-assets.com/assets/nophoto/book/111x148-bcc042a9c91a29c1d680899eff700a03.png]]></image_url>
<num_pages>399</num_pages>
<work>
<id>6909840</id>
</work>
<isbn>0307357066</isbn>
<isbn13>9780307357069</isbn13>
<average_rating>3.71</average_rating>
<ratings_count>6499</ratings_count>
<publication_year>2009</publication_year>
<publication_month>7</publication_month>
<publication_day>30</publication_day>
<authors>
<author>
<id>419033</id>
<name>Linden MacIntyre</name>
<link><![CDATA[https://www.goodreads.com/author/show/419033.Linden_MacIntyre]]></link>
</author>
</authors>
</book>

          <book>
<id>10456114</id>
<title>The Last Hundred Days</title>
<title_without_series>The Last Hundred Days</title_without_series>
<link><![CDATA[https://www.goodreads.com/book/show/10456114-the-last-hundred-days]]></link>
<small_image_url><![CDATA[https://s.gr-assets.com/assets/nophoto/book/50x75-a91bf249278a81aabab721ef782c4a74.png]]></small_image_url>
<image_url><![CDATA[https://s.gr-assets.com/assets/nophoto/book/111x148-bcc042a9c91a29c1d680899eff700a03.png]]></image_url>
<num_pages>384</num_pages>
<work>
<id>15361005</id>
</work>
<isbn>1854115413</isbn>
<isbn13>9781854115416</isbn13>
<average_rating>3.72</average_rating>
<ratings_count>995</ratings_count>
<publication_year>2011</publication_year>
<publication_month>5</publication_month>
<publication_day>1</publication_day>
<authors>
<author>
<id>5809707</id>
<name>Patrick McGuinness</name>
<link><![CDATA[https://www.goodreads.com/author/show/5809707.Patrick_McGuinness]]></link>
</author>
</authors>
</book>

          <book>
<id>10266875</id>
<title>On Canaan&apos;s Side</title>
<title_without_series>On Canaan&apos;s Side</title_without_series>
<link><![CDATA[https://www.goodreads.com/book/show/10266875-on-canaan-s-side]]></link>
<small_image_url><![CDATA[https://images.gr-assets.com/books/1298269786s/10266875.jpg]]></small_image_url>
<image_url><![CDATA[https://images.gr-assets.com/books/1298269786m/10266875.jpg]]></image_url>
<num_pages>256</num_pages>
<work>
<id>15167306</id>
</work>
<isbn>0571226531</isbn>
<isbn13>9780571226535</isbn13>
<average_rating>3.82</average_rating>
<ratings_count>3909</ratings_count>
<publication_year>2011</publication_year>
<publication_month>8</publication_month>
<publication_day>4</publication_day>
<authors>
<author>
<id>79510</id>
<name>Sebastian Barry</name>
<link><![CDATA[https://www.goodreads.com/author/show/79510.Sebastian_Barry]]></link>
</author>
</authors>
</book>

          <book>
<id>3994659</id>
<title>Cockroach</title>
<title_without_series>Cockroach</title_without_series>
<link><![CDATA[https://www.goodreads.com/book/show/3994659-cockroach]]></link>
<small_image_url><![CDATA[https://images.gr-assets.com/books/1327972052s/3994659.jpg]]></small_image_url>
<image_url><![CDATA[https://images.gr-assets.com/books/1327972052m/3994659.jpg]]></image_url>
<num_pages>312</num_pages>
<work>
<id>4040733</id>
</work>
<isbn>0887842097</isbn>
<isbn13>9780887842092</isbn13>
<average_rating>3.37</average_rating>
<ratings_count>2398</ratings_count>
<publication_year>2008</publication_year>
<publication_month>9</publication_month>
<publication_day>1</publication_day>
<authors>
<author>
<id>185233</id>
<name>Rawi Hage</name>
<link><![CDATA[https://www.goodreads.com/author/show/185233.Rawi_Hage]]></link>
</author>
</authors>
</book>

          <book>
<id>18492619</id>
<title>Us Conductors</title>
<title_without_series>Us Conductors</title_without_series>
<link><![CDATA[https://www.goodreads.com/book/show/18492619-us-conductors]]></link>
<small_image_url><![CDATA[https://images.gr-assets.com/books/1384260435s/18492619.jpg]]></small_image_url>
<image_url><![CDATA[https://images.gr-assets.com/books/1384260435m/18492619.jpg]]></image_url>
<num_pages>464</num_pages>
<work>
<id>26688227</id>
</work>
<isbn>1935639811</isbn>
<isbn13>9781935639817</isbn13>
<average_rating>3.68</average_rating>
<ratings_count>2654</ratings_count>
<publication_year>2014</publication_year>
<publication_month>6</publication_month>
<publication_day>10</publication_day>
<authors>
<author>
<id>7538520</id>
<name>Sean   Michaels</name>
<link><![CDATA[https://www.goodreads.com/author/show/7538520.Sean_Michaels]]></link>
</author>
</authors>
</book>

          <book>
<id>9593705</id>
<title>Jamrach&apos;s Menagerie</title>
<title_without_series>Jamrach&apos;s Menagerie</title_without_series>
<link><![CDATA[https://www.goodreads.com/book/show/9593705-jamrach-s-menagerie]]></link>
<small_image_url><![CDATA[https://images.gr-assets.com/books/1329352941s/9593705.jpg]]></small_image_url>
<image_url><![CDATA[https://images.gr-assets.com/books/1329352941m/9593705.jpg]]></image_url>
<num_pages>295</num_pages>
<work>
<id>14295225</id>
</work>
<isbn>038553440X</isbn>
<isbn13>9780385534406</isbn13>
<average_rating>3.57</average_rating>
<ratings_count>6483</ratings_count>
<publication_year>2011</publication_year>
<publication_month>6</publication_month>
<publication_day>14</publication_day>
<authors>
<author>
<id>149357</id>
<name>Carol Birch</name>
<link><![CDATA[https://www.goodreads.com/author/show/149357.Carol_Birch]]></link>
</author>
</authors>
</book>

          <book>
<id>10772848</id>
<title>Into the Heart of the Country</title>
<title_without_series>Into the Heart of the Country</title_without_series>
<link><![CDATA[https://www.goodreads.com/book/show/10772848-into-the-heart-of-the-country]]></link>
<small_image_url><![CDATA[https://images.gr-assets.com/books/1343552158s/10772848.jpg]]></small_image_url>
<image_url><![CDATA[https://images.gr-assets.com/books/1343552158m/10772848.jpg]]></image_url>
<num_pages>400</num_pages>
<work>
<id>15684554</id>
</work>
<isbn>1554686342</isbn>
<isbn13>9781554686346</isbn13>
<average_rating>3.46</average_rating>
<ratings_count>80</ratings_count>
<publication_year></publication_year>
<publication_month></publication_month>
<publication_day></publication_day>
<authors>
<author>
<id>778405</id>
<name>Pauline Holdstock</name>
<link><![CDATA[https://www.goodreads.com/author/show/778405.Pauline_Holdstock]]></link>
</author>
</authors>
</book>

          <book>
<id>1296272</id>
<title>Two Solitudes</title>
<title_without_series>Two Solitudes</title_without_series>
<link><![CDATA[https://www.goodreads.com/book/show/1296272.Two_Solitudes]]></link>
<small_image_url><![CDATA[https://images.gr-assets.com/books/1320467029s/1296272.jpg]]></small_image_url>
<image_url><![CDATA[https://images.gr-assets.com/books/1320467029m/1296272.jpg]]></image_url>
<num_pages>496</num_pages>
<work>
<id>1285404</id>
</work>
<isbn>0771034822</isbn>
<isbn13>9780771034824</isbn13>
<average_rating>3.83</average_rating>
<ratings_count>2139</ratings_count>
<publication_year>2003</publication_year>
<publication_month>4</publication_month>
<publication_day>15</publication_day>
<authors>
<author>
<id>119840</id>
<name>Hugh MacLennan</name>
<link><![CDATA[https://www.goodreads.com/author/show/119840.Hugh_MacLennan]]></link>
</author>
</authors>
</book>

          <book>
<id>11994903</id>
<title>Indian Horse</title>
<title_without_series>Indian Horse</title_without_series>
<link><![CDATA[https://www.goodreads.com/book/show/11994903-indian-horse]]></link>
<small_image_url><![CDATA[https://images.gr-assets.com/books/1327688060s/11994903.jpg]]></small_image_url>
<image_url><![CDATA[https://images.gr-assets.com/books/1327688060m/11994903.jpg]]></image_url>
<num_pages>221</num_pages>
<work>
<id>16959031</id>
</work>
<isbn>1553654021</isbn>
<isbn13>9781553654025</isbn13>
<average_rating>4.30</average_rating>
<ratings_count>5786</ratings_count>
<publication_year>2012</publication_year>
<publication_month>3</publication_month>
<publication_day>7</publication_day>
<authors>
<author>
<id>321537</id>
<name>Richard Wagamese</name>
<link><![CDATA[https://www.goodreads.com/author/show/321537.Richard_Wagamese]]></link>
</author>
</authors>
</book>

          <book>
<id>8801805</id>
<title>The Free World</title>
<title_without_series>The Free World</title_without_series>
<link><![CDATA[https://www.goodreads.com/book/show/8801805-the-free-world]]></link>
<small_image_url><![CDATA[https://images.gr-assets.com/books/1315596454s/8801805.jpg]]></small_image_url>
<image_url><![CDATA[https://images.gr-assets.com/books/1315596454m/8801805.jpg]]></image_url>
<num_pages></num_pages>
<work>
<id>13675919</id>
</work>
<isbn>0374281408</isbn>
<isbn13>9780374281403</isbn13>
<average_rating>3.33</average_rating>
<ratings_count>1513</ratings_count>
<publication_year>2011</publication_year>
<publication_month>3</publication_month>
<publication_day>29</publication_day>
<authors>
<author>
<id>55940</id>
<name>David Bezmozgis</name>
<link><![CDATA[https://www.goodreads.com/author/show/55940.David_Bezmozgis]]></link>
</author>
</authors>
</book>

          <book>
<id>6486765</id>
<title>February</title>
<title_without_series>February</title_without_series>
<link><![CDATA[https://www.goodreads.com/book/show/6486765-february]]></link>
<small_image_url><![CDATA[https://images.gr-assets.com/books/1328027313s/6486765.jpg]]></small_image_url>
<image_url><![CDATA[https://images.gr-assets.com/books/1328027313m/6486765.jpg]]></image_url>
<num_pages>310</num_pages>
<work>
<id>6678127</id>
</work>
<isbn>088784202X</isbn>
<isbn13>9780887842023</isbn13>
<average_rating>3.69</average_rating>
<ratings_count>5730</ratings_count>
<publication_year>2009</publication_year>
<publication_month>6</publication_month>
<publication_day>15</publication_day>
<authors>
<author>
<id>45886</id>
<name>Lisa Moore</name>
<link><![CDATA[https://www.goodreads.com/author/show/45886.Lisa_Moore]]></link>
</author>
</authors>
</book>

          <book>
<id>11074570</id>
<title>A Good Man</title>
<title_without_series>A Good Man</title_without_series>
<link><![CDATA[https://www.goodreads.com/book/show/11074570-a-good-man]]></link>
<small_image_url><![CDATA[https://images.gr-assets.com/books/1310572755s/11074570.jpg]]></small_image_url>
<image_url><![CDATA[https://images.gr-assets.com/books/1310572755m/11074570.jpg]]></image_url>
<num_pages>464</num_pages>
<work>
<id>15996042</id>
</work>
<isbn>0771087403</isbn>
<isbn13>9780771087400</isbn13>
<average_rating>3.92</average_rating>
<ratings_count>813</ratings_count>
<publication_year>2011</publication_year>
<publication_month>9</publication_month>
<publication_day>13</publication_day>
<authors>
<author>
<id>98125</id>
<name>Guy Vanderhaeghe</name>
<link><![CDATA[https://www.goodreads.com/author/show/98125.Guy_Vanderhaeghe]]></link>
</author>
</authors>
</book>

          <book>
<id>13690590</id>
<title>The Age of Hope</title>
<title_without_series>The Age of Hope</title_without_series>
<link><![CDATA[https://www.goodreads.com/book/show/13690590-the-age-of-hope]]></link>
<small_image_url><![CDATA[https://images.gr-assets.com/books/1340534977s/13690590.jpg]]></small_image_url>
<image_url><![CDATA[https://images.gr-assets.com/books/1340534977m/13690590.jpg]]></image_url>
<num_pages>272</num_pages>
<work>
<id>19311299</id>
</work>
<isbn></isbn>
<isbn13>9781443411356</isbn13>
<average_rating>3.43</average_rating>
<ratings_count>1308</ratings_count>
<publication_year>2012</publication_year>
<publication_month>8</publication_month>
<publication_day>24</publication_day>
<authors>
<author>
<id>230797</id>
<name>David Bergen</name>
<link><![CDATA[https://www.goodreads.com/author/show/230797.David_Bergen]]></link>
</author>
</authors>
</book>

          <book>
<id>4441294</id>
<title>The Best Laid Plans</title>
<title_without_series>The Best Laid Plans</title_without_series>
<link><![CDATA[https://www.goodreads.com/book/show/4441294-the-best-laid-plans]]></link>
<small_image_url><![CDATA[https://images.gr-assets.com/books/1320560918s/4441294.jpg]]></small_image_url>
<image_url><![CDATA[https://images.gr-assets.com/books/1320560918m/4441294.jpg]]></image_url>
<num_pages>314</num_pages>
<work>
<id>4489501</id>
</work>
<isbn>0771047584</isbn>
<isbn13>9780771047589</isbn13>
<average_rating>3.88</average_rating>
<ratings_count>7841</ratings_count>
<publication_year>2008</publication_year>
<publication_month>9</publication_month>
<publication_day>5</publication_day>
<authors>
<author>
<id>908869</id>
<name>Terry Fallis</name>
<link><![CDATA[https://www.goodreads.com/author/show/908869.Terry_Fallis]]></link>
</author>
</authors>
</book>

  </similar_books>
</book>

</GoodreadsResponse>