<?xml version="1.0" encoding="UTF-8"?>
<GoodreadsResponse>
  <Request>
    <authentication>true</authentication>
      <key><![CDATA[all_men_must_serve]]></key>
    <method><![CDATA[book_show]]></method>
  </Request>
  <book>
  <id>11082037</id>
  <title><![CDATA[The Drop (Harry Bosch, #17; Harry Bosch Universe, #21)]]></title>
  <isbn><![CDATA[0316069418]]></isbn>
  <isbn13><![CDATA[9780316069410]]></isbn13>
  <asin><![CDATA[]]></asin>
  <kindle_asin><![CDATA[B005I4WBT6]]></kindle_asin>
  <marketplace_id><![CDATA[A1F83G8C2ARO7P]]></marketplace_id>
  <country_code><![CDATA[GB]]></country_code>
  <image_url>https://images.gr-assets.com/books/1327935031m/11082037.jpg</image_url>
  <small_image_url>https://images.gr-assets.com/books/1327935031s/11082037.jpg</small_image_url>
  <publication_year></publication_year>
  <publication_month></publication_month>
  <publication_day></publication_day>
  <publisher></publisher>
  <language_code>eng</language_code>
  <is_ebook>false</is_ebook>
  <description><![CDATA[Tout ce qui fait la force de Connelly est ici a l'oeuvre: l'oeil qui sait voir le detail, l'art de l'intrigue et, plus important encore, la presence emouvante d'Harry Bosch. Publisher's WeeklyBosch vient de decrocher un sursis de trois ans avant d'etre mis a la retraite d'office lorsqu'il se voit confier un cold case datant de 1989. Viol suivi de meurtre, ADN, antecedents judiciaires et profil psychologique, tout incrimine un certain Clayton Pell. Un suspect... qui n'aurait eu que huit ans au moment des faits. Erreur du labo ou faute impardonnable de deux inspecteurs ? Les consequences de ce cafouillage s'annoncant monumentales, Bosch se met immediatement au travail lorsqu'il est appele sur une scene de crime. Un homme se serait jete du septieme etage du celebre hotel de Los Angeles, le Chateau Marmont. La victime, George Irving, est le fils d'un conseiller municipal tres influent a L.A., un homme qui n'a jamais porte Bosch dans son coeur. Pourquoi exige-t-il que ce soit lui qui mene l'enquete ?Deux intrigues menees en parallele, l'une revelant la corruption de politiciens obnubiles par leurs profits, l'autre la monstruosite de predateurs sexuels, et une description de Los Angeles qui fait froid dans le dos."]]></description>
  <work>
  <id type="integer">15547563</id>
  <books_count type="integer">74</books_count>
  <best_book_id type="integer">11082037</best_book_id>
  <reviews_count type="integer">54403</reviews_count>
  <ratings_sum type="integer">161675</ratings_sum>
  <ratings_count type="integer">39058</ratings_count>
  <text_reviews_count type="integer">2453</text_reviews_count>
  <original_publication_year type="integer">2011</original_publication_year>
  <original_publication_month type="integer">11</original_publication_month>
  <original_publication_day type="integer">28</original_publication_day>
  <original_title>The Drop</original_title>
  <original_language_id type="integer" nil="true"/>
  <media_type>book</media_type>
  <rating_dist>5:13791|4:17907|3:6517|2:698|1:145|total:39058</rating_dist>
  <desc_user_id type="integer">41186852</desc_user_id>
  <default_chaptering_book_id type="integer" nil="true"/>
  <default_description_language_code nil="true"/>
</work>
  <average_rating>4.14</average_rating>
  <num_pages><![CDATA[388]]></num_pages>
  <format><![CDATA[]]></format>
  <edition_information><![CDATA[]]></edition_information>
  <ratings_count><![CDATA[32450]]></ratings_count>
  <text_reviews_count><![CDATA[2136]]></text_reviews_count>
  <url><![CDATA[https://www.goodreads.com/book/show/11082037-the-drop]]></url>
  <link><![CDATA[https://www.goodreads.com/book/show/11082037-the-drop]]></link>
  <authors>
<author>
<id>12470</id>
<name>Michael Connelly</name>
<role></role>
<image_url nophoto='false'>
<![CDATA[https://images.gr-assets.com/authors/1406128068p5/12470.jpg]]>
</image_url>
<small_image_url nophoto='false'>
<![CDATA[https://images.gr-assets.com/authors/1406128068p2/12470.jpg]]>
</small_image_url>
<link><![CDATA[https://www.goodreads.com/author/show/12470.Michael_Connelly]]></link>
<average_rating>4.10</average_rating>
<ratings_count>1254287</ratings_count>
<text_reviews_count>59430</text_reviews_count>
</author>
</authors>

    <reviews_widget>
      <![CDATA[
        <style>
  #goodreads-widget {
    font-family: georgia, serif;
    padding: 18px 0;
    width:565px;
  }
  #goodreads-widget h1 {
    font-weight:normal;
    font-size: 16px;
    border-bottom: 1px solid #BBB596;
    margin-bottom: 0;
  }
  #goodreads-widget a {
    text-decoration: none;
    color:#660;
  }
  iframe{
    background-color: #fff;
  }
  #goodreads-widget a:hover { text-decoration: underline; }
  #goodreads-widget a:active {
    color:#660;
  }
  #gr_footer {
    width: 100%;
    border-top: 1px solid #BBB596;
    text-align: right;
  }
  #goodreads-widget .gr_branding{
    color: #382110;
    font-size: 11px;
    text-decoration: none;
    font-family: "Helvetica Neue", Helvetica, Arial, sans-serif;
  }
</style>
<div id="goodreads-widget">
  <div id="gr_header"><h1><a rel="nofollow" href="https://www.goodreads.com/book/show/11082037-the-drop">The Drop Reviews</a></h1></div>
  <iframe id="the_iframe" src="https://www.goodreads.com/api/reviews_widget_iframe?did=DEVELOPER_ID&amp;format=html&amp;isbn=0316069418&amp;links=660&amp;min_rating=&amp;review_back=fff&amp;stars=000&amp;text=000" width="565" height="400" frameborder="0"></iframe>
  <div id="gr_footer">
    <a class="gr_branding" target="_blank" rel="nofollow" href="https://www.goodreads.com/book/show/11082037-the-drop?utm_medium=api&amp;utm_source=reviews_widget">Reviews from Goodreads.com</a>
  </div>
</div>

      ]]>
    </reviews_widget>
  <popular_shelves>
      <shelf name="to-read" count="2700"/>
      <shelf name="currently-reading" count="417"/>
      <shelf name="michael-connelly" count="342"/>
      <shelf name="fiction" count="310"/>
      <shelf name="mystery" count="175"/>
      <shelf name="harry-bosch" count="134"/>
      <shelf name="crime" count="97"/>
      <shelf name="connelly" count="95"/>
      <shelf name="series" count="93"/>
      <shelf name="mysteries" count="83"/>
      <shelf name="audio" count="79"/>
      <shelf name="detective" count="79"/>
      <shelf name="mystery-thriller" count="78"/>
      <shelf name="connelly-michael" count="76"/>
      <shelf name="kindle" count="71"/>
      <shelf name="default" count="70"/>
      <shelf name="audiobook" count="69"/>
      <shelf name="crime-fiction" count="63"/>
      <shelf name="owned" count="61"/>
      <shelf name="thriller" count="55"/>
      <shelf name="audiobooks" count="47"/>
      <shelf name="police-procedural" count="46"/>
      <shelf name="library" count="42"/>
      <shelf name="audio-books" count="39"/>
      <shelf name="books-i-own" count="38"/>
      <shelf name="favorites" count="38"/>
      <shelf name="mystery-suspense" count="37"/>
      <shelf name="audio-book" count="36"/>
      <shelf name="bosch" count="34"/>
      <shelf name="ebook" count="34"/>
      <shelf name="thrillers" count="32"/>
      <shelf name="audible" count="31"/>
      <shelf name="harry-bosch-series" count="28"/>
      <shelf name="read-in-2012" count="26"/>
      <shelf name="read-2012" count="24"/>
      <shelf name="mystery-crime" count="23"/>
      <shelf name="crime-mystery" count="22"/>
      <shelf name="los-angeles" count="22"/>
      <shelf name="crime-thriller" count="18"/>
      <shelf name="owned-books" count="17"/>
      <shelf name="ebooks" count="17"/>
      <shelf name="calibre" count="16"/>
      <shelf name="favorite-authors" count="16"/>
      <shelf name="murder-mystery" count="15"/>
      <shelf name="finished" count="14"/>
      <shelf name="murder" count="14"/>
      <shelf name="cold-case" count="13"/>
      <shelf name="california" count="13"/>
      <shelf name="police" count="13"/>
      <shelf name="to-buy" count="13"/>
      <shelf name="wish-list" count="13"/>
      <shelf name="suspense" count="12"/>
      <shelf name="my-books" count="12"/>
      <shelf name="novel" count="12"/>
      <shelf name="mystery-thrillers" count="12"/>
      <shelf name="e-book" count="12"/>
      <shelf name="mystery-detective" count="12"/>
      <shelf name="serial-killer" count="11"/>
      <shelf name="mystery-thriller-suspense" count="11"/>
      <shelf name="2012-books" count="11"/>
      <shelf name="suspense-thriller" count="11"/>
      <shelf name="e-books" count="11"/>
      <shelf name="mysteries-thrillers" count="11"/>
      <shelf name="harry-bosch-book-17" count="10"/>
      <shelf name="read-in-2013" count="10"/>
      <shelf name="have" count="10"/>
      <shelf name="mystery-series" count="10"/>
      <shelf name="thriller-mystery" count="10"/>
      <shelf name="novels" count="10"/>
      <shelf name="harry" count="9"/>
      <shelf name="detectives" count="9"/>
      <shelf name="listened-to" count="9"/>
      <shelf name="detective-mystery" count="9"/>
      <shelf name="my-library" count="9"/>
      <shelf name="mystery-suspense-thriller" count="9"/>
      <shelf name="read-in-2016" count="8"/>
      <shelf name="read-in-2015" count="8"/>
      <shelf name="series-harry-bosch" count="8"/>
      <shelf name="read-in-2014" count="8"/>
      <shelf name="unread" count="8"/>
      <shelf name="crime-series" count="8"/>
      <shelf name="drama" count="8"/>
      <shelf name="crime-detective" count="8"/>
      <shelf name="read-2011" count="8"/>
      <shelf name="michael-connelly-harry-bosch" count="7"/>
      <shelf name="crime-drama" count="7"/>
      <shelf name="noir" count="7"/>
      <shelf name="favorite-author" count="7"/>
      <shelf name="i-own" count="7"/>
      <shelf name="hardcover" count="7"/>
      <shelf name="2012-reads" count="7"/>
      <shelf name="reviewed" count="7"/>
      <shelf name="usa" count="7"/>
      <shelf name="library-book" count="7"/>
      <shelf name="adult-fiction" count="7"/>
      <shelf name="police-procedurals" count="7"/>
      <shelf name="part-of-a-series" count="6"/>
      <shelf name="general-fiction" count="6"/>
      <shelf name="have-read" count="6"/>
      <shelf name="overdrive" count="6"/>
  </popular_shelves>
  <book_links>
    <book_link>
  <id>8</id>
  <name>Libraries</name>
  <link>https://www.goodreads.com/book_link/follow/8</link>
</book_link>

  </book_links>
  <buy_links>
    <buy_link>
<id>1</id>
<name>Amazon</name>
<link>https://www.goodreads.com/book_link/follow/1</link>
</buy_link>
<buy_link>
<id>10</id>
<name>Audible</name>
<link>https://www.goodreads.com/book_link/follow/10</link>
</buy_link>
<buy_link>
<id>3</id>
<name>Barnes &amp; Noble</name>
<link>https://www.goodreads.com/book_link/follow/3</link>
</buy_link>
<buy_link>
<id>1027</id>
<name>Kobo</name>
<link>https://www.goodreads.com/book_link/follow/1027</link>
</buy_link>
<buy_link>
<id>2102</id>
<name>Apple iBooks</name>
<link>https://www.goodreads.com/book_link/follow/2102</link>
</buy_link>
<buy_link>
<id>8036</id>
<name>Google Play</name>
<link>https://www.goodreads.com/book_link/follow/8036</link>
</buy_link>
<buy_link>
<id>4</id>
<name>Abebooks</name>
<link>https://www.goodreads.com/book_link/follow/4</link>
</buy_link>
<buy_link>
<id>882</id>
<name>Book Depository</name>
<link>https://www.goodreads.com/book_link/follow/882</link>
</buy_link>
<buy_link>
<id>9</id>
<name>Indigo</name>
<link>https://www.goodreads.com/book_link/follow/9</link>
</buy_link>
<buy_link>
<id>2</id>
<name>Half.com</name>
<link>https://www.goodreads.com/book_link/follow/2</link>
</buy_link>
<buy_link>
<id>5</id>
<name>Alibris</name>
<link>https://www.goodreads.com/book_link/follow/5</link>
</buy_link>
<buy_link>
<id>107</id>
<name>Better World Books</name>
<link>https://www.goodreads.com/book_link/follow/107</link>
</buy_link>
<buy_link>
<id>7</id>
<name>IndieBound</name>
<link>https://www.goodreads.com/book_link/follow/7</link>
</buy_link>

  </buy_links>
  <series_works>
    <series_work>
<id>289565</id>
<user_position>17</user_position>
<series>
<id>40769</id>
<title>
<![CDATA[
    Harry Bosch
]]>
</title>
<description>
<![CDATA[
    Hieronymus “Harry” Bosch – a Los Angeles Police Department detective who retired and became a private investigator  for a couple of novels, before returning to LAPD's Open Unsolved Unit, a fictional unit based on LAPD's actual Cold Case Homicide Unit, and later the Robbery Homicide Division (RHD) Homicide Special Unit.
]]>
</description>
<note>
<![CDATA[
]]>
</note>
<series_works_count>26</series_works_count>
<primary_work_count>26</primary_work_count>
<numbered>true</numbered>
</series>

</series_work>
<series_work>
<id>1097634</id>
<user_position>21</user_position>
<series>
<id>212785</id>
<title>
<![CDATA[
    Harry Bosch Universe
]]>
</title>
<description>
<![CDATA[
    Universe of the books connected to the Harry Bosch character. Source for the order is the author's website of the reading order.
]]>
</description>
<note>
<![CDATA[
    DO NOT DELETE THIS SERIES!
]]>
</note>
<series_works_count>27</series_works_count>
<primary_work_count>27</primary_work_count>
<numbered>true</numbered>
</series>

</series_work>

  </series_works>
  <similar_books>
          <book>
<id>11889938</id>
<title><![CDATA[Taken (Elvis Cole, #15; Joe Pike, #4)]]></title>
<title_without_series>Taken</title_without_series>
<link><![CDATA[https://www.goodreads.com/book/show/11889938-taken]]></link>
<small_image_url><![CDATA[https://images.gr-assets.com/books/1315773532s/11889938.jpg]]></small_image_url>
<image_url><![CDATA[https://images.gr-assets.com/books/1315773532m/11889938.jpg]]></image_url>
<num_pages>341</num_pages>
<work>
<id>16848889</id>
</work>
<isbn>0399158278</isbn>
<isbn13>9780399158278</isbn13>
<average_rating>4.17</average_rating>
<ratings_count>13960</ratings_count>
<publication_year>2012</publication_year>
<publication_month>1</publication_month>
<publication_day>24</publication_day>
<authors>
<author>
<id>8944</id>
<name>Robert Crais</name>
<link><![CDATA[https://www.goodreads.com/author/show/8944.Robert_Crais]]></link>
</author>
</authors>
</book>

          <book>
<id>13093001</id>
<title><![CDATA[Stolen Prey (Lucas Davenport, #22)]]></title>
<title_without_series>Stolen Prey</title_without_series>
<link><![CDATA[https://www.goodreads.com/book/show/13093001-stolen-prey]]></link>
<small_image_url><![CDATA[https://s.gr-assets.com/assets/nophoto/book/50x75-a91bf249278a81aabab721ef782c4a74.png]]></small_image_url>
<image_url><![CDATA[https://s.gr-assets.com/assets/nophoto/book/111x148-bcc042a9c91a29c1d680899eff700a03.png]]></image_url>
<num_pages>402</num_pages>
<work>
<id>18154368</id>
</work>
<isbn>0399157689</isbn>
<isbn13>9780399157684</isbn13>
<average_rating>4.17</average_rating>
<ratings_count>16324</ratings_count>
<publication_year>2012</publication_year>
<publication_month>5</publication_month>
<publication_day>15</publication_day>
<authors>
<author>
<id>4610</id>
<name>John Sandford</name>
<link><![CDATA[https://www.goodreads.com/author/show/4610.John_Sandford]]></link>
</author>
</authors>
</book>

          <book>
<id>11007638</id>
<title>Vigilante (Shane Scully, #11)</title>
<title_without_series>Vigilante</title_without_series>
<link><![CDATA[https://www.goodreads.com/book/show/11007638-vigilante]]></link>
<small_image_url><![CDATA[https://s.gr-assets.com/assets/nophoto/book/50x75-a91bf249278a81aabab721ef782c4a74.png]]></small_image_url>
<image_url><![CDATA[https://s.gr-assets.com/assets/nophoto/book/111x148-bcc042a9c91a29c1d680899eff700a03.png]]></image_url>
<num_pages>312</num_pages>
<work>
<id>15926583</id>
</work>
<isbn>0312646119</isbn>
<isbn13>9780312646110</isbn13>
<average_rating>3.96</average_rating>
<ratings_count>907</ratings_count>
<publication_year></publication_year>
<publication_month></publication_month>
<publication_day></publication_day>
<authors>
<author>
<id>12469</id>
<name>Stephen J. Cannell</name>
<link><![CDATA[https://www.goodreads.com/author/show/12469.Stephen_J_Cannell]]></link>
</author>
</authors>
</book>

          <book>
<id>9574917</id>
<title>The Cut</title>
<title_without_series>The Cut</title_without_series>
<link><![CDATA[https://www.goodreads.com/book/show/9574917-the-cut]]></link>
<small_image_url><![CDATA[https://images.gr-assets.com/books/1344270535s/9574917.jpg]]></small_image_url>
<image_url><![CDATA[https://images.gr-assets.com/books/1344270535m/9574917.jpg]]></image_url>
<num_pages>292</num_pages>
<work>
<id>14461780</id>
</work>
<isbn>0316078425</isbn>
<isbn13>9780316078429</isbn13>
<average_rating>3.70</average_rating>
<ratings_count>3486</ratings_count>
<publication_year>2011</publication_year>
<publication_month>8</publication_month>
<publication_day>29</publication_day>
<authors>
<author>
<id>47387</id>
<name>George Pelecanos</name>
<link><![CDATA[https://www.goodreads.com/author/show/47387.George_Pelecanos]]></link>
</author>
</authors>
</book>

          <book>
<id>8549518</id>
<title>Damage (Abe Glitsky, #3)</title>
<title_without_series>Damage</title_without_series>
<link><![CDATA[https://www.goodreads.com/book/show/8549518-damage]]></link>
<small_image_url><![CDATA[https://s.gr-assets.com/assets/nophoto/book/50x75-a91bf249278a81aabab721ef782c4a74.png]]></small_image_url>
<image_url><![CDATA[https://s.gr-assets.com/assets/nophoto/book/111x148-bcc042a9c91a29c1d680899eff700a03.png]]></image_url>
<num_pages>394</num_pages>
<work>
<id>13417526</id>
</work>
<isbn>0525951768</isbn>
<isbn13>9780525951766</isbn13>
<average_rating>3.99</average_rating>
<ratings_count>5174</ratings_count>
<publication_year>2011</publication_year>
<publication_month>1</publication_month>
<publication_day>4</publication_day>
<authors>
<author>
<id>10521</id>
<name>John Lescroart</name>
<link><![CDATA[https://www.goodreads.com/author/show/10521.John_Lescroart]]></link>
</author>
</authors>
</book>

          <book>
<id>10081131</id>
<title><![CDATA[Feast Day of Fools (Hackberry Holland, #3)]]></title>
<title_without_series>Feast Day of Fools</title_without_series>
<link><![CDATA[https://www.goodreads.com/book/show/10081131-feast-day-of-fools]]></link>
<small_image_url><![CDATA[https://images.gr-assets.com/books/1305929174s/10081131.jpg]]></small_image_url>
<image_url><![CDATA[https://images.gr-assets.com/books/1305929174m/10081131.jpg]]></image_url>
<num_pages>463</num_pages>
<work>
<id>14977891</id>
</work>
<isbn>145164311X</isbn>
<isbn13>9781451643114</isbn13>
<average_rating>3.94</average_rating>
<ratings_count>3700</ratings_count>
<publication_year>2011</publication_year>
<publication_month></publication_month>
<publication_day></publication_day>
<authors>
<author>
<id>7031</id>
<name>James Lee Burke</name>
<link><![CDATA[https://www.goodreads.com/author/show/7031.James_Lee_Burke]]></link>
</author>
</authors>
</book>

          <book>
<id>1032401</id>
<title><![CDATA[Blood is the Sky (Alex McKnight, #5)]]></title>
<title_without_series>Blood is the Sky</title_without_series>
<link><![CDATA[https://www.goodreads.com/book/show/1032401.Blood_is_the_Sky]]></link>
<small_image_url><![CDATA[https://images.gr-assets.com/books/1316130143s/1032401.jpg]]></small_image_url>
<image_url><![CDATA[https://images.gr-assets.com/books/1316130143m/1032401.jpg]]></image_url>
<num_pages></num_pages>
<work>
<id>2693685</id>
</work>
<isbn>0312991509</isbn>
<isbn13>9780312991500</isbn13>
<average_rating>4.10</average_rating>
<ratings_count>2623</ratings_count>
<publication_year></publication_year>
<publication_month></publication_month>
<publication_day></publication_day>
<authors>
<author>
<id>9891</id>
<name>Steve Hamilton</name>
<link><![CDATA[https://www.goodreads.com/author/show/9891.Steve_Hamilton]]></link>
</author>
</authors>
</book>

  </similar_books>
</book>

</GoodreadsResponse>