<?xml version="1.0" encoding="UTF-8"?>
<GoodreadsResponse>
  <Request>
    <authentication>true</authentication>
      <key><![CDATA[all_men_must_serve]]></key>
    <method><![CDATA[book_show]]></method>
  </Request>
  <book>
  <id>110890</id>
  <title><![CDATA[The Looming Tower: Al-Qaeda and the Road to 9/11]]></title>
  <isbn><![CDATA[037541486X]]></isbn>
  <isbn13><![CDATA[9780375414862]]></isbn13>
  <asin><![CDATA[]]></asin>
  <kindle_asin><![CDATA[B00OC0YPBE]]></kindle_asin>
  <marketplace_id><![CDATA[A1F83G8C2ARO7P]]></marketplace_id>
  <country_code><![CDATA[GB]]></country_code>
  <image_url>https://images.gr-assets.com/books/1320471617m/110890.jpg</image_url>
  <small_image_url>https://images.gr-assets.com/books/1320471617s/110890.jpg</small_image_url>
  <publication_year></publication_year>
  <publication_month></publication_month>
  <publication_day></publication_day>
  <publisher></publisher>
  <language_code>en-US</language_code>
  <is_ebook>false</is_ebook>
  <description></description>
  <work>
  <id type="integer">2567720</id>
  <books_count type="integer">40</books_count>
  <best_book_id type="integer">110890</best_book_id>
  <reviews_count type="integer">32890</reviews_count>
  <ratings_sum type="integer">65858</ratings_sum>
  <ratings_count type="integer">15034</ratings_count>
  <text_reviews_count type="integer">1689</text_reviews_count>
  <original_publication_year type="integer">2006</original_publication_year>
  <original_publication_month type="integer" nil="true"/>
  <original_publication_day type="integer" nil="true"/>
  <original_title>The Looming Tower: Al-Qaeda and the Road to 9/11</original_title>
  <original_language_id type="integer" nil="true"/>
  <media_type>book</media_type>
  <rating_dist>5:7788|4:5498|3:1490|2:198|1:60|total:15034</rating_dist>
  <desc_user_id type="integer">17924274</desc_user_id>
  <default_chaptering_book_id type="integer" nil="true"/>
  <default_description_language_code nil="true"/>
</work>
  <average_rating>4.38</average_rating>
  <num_pages><![CDATA[373]]></num_pages>
  <format><![CDATA[]]></format>
  <edition_information><![CDATA[]]></edition_information>
  <ratings_count><![CDATA[12750]]></ratings_count>
  <text_reviews_count><![CDATA[1422]]></text_reviews_count>
  <url><![CDATA[https://www.goodreads.com/book/show/110890.The_Looming_Tower]]></url>
  <link><![CDATA[https://www.goodreads.com/book/show/110890.The_Looming_Tower]]></link>
  <authors>
<author>
<id>4258</id>
<name>Lawrence Wright</name>
<role></role>
<image_url nophoto='false'>
<![CDATA[https://images.gr-assets.com/authors/1297032498p5/4258.jpg]]>
</image_url>
<small_image_url nophoto='false'>
<![CDATA[https://images.gr-assets.com/authors/1297032498p2/4258.jpg]]>
</small_image_url>
<link><![CDATA[https://www.goodreads.com/author/show/4258.Lawrence_Wright]]></link>
<average_rating>4.13</average_rating>
<ratings_count>48961</ratings_count>
<text_reviews_count>6017</text_reviews_count>
</author>
</authors>

    <reviews_widget>
      <![CDATA[
        <style>
  #goodreads-widget {
    font-family: georgia, serif;
    padding: 18px 0;
    width:565px;
  }
  #goodreads-widget h1 {
    font-weight:normal;
    font-size: 16px;
    border-bottom: 1px solid #BBB596;
    margin-bottom: 0;
  }
  #goodreads-widget a {
    text-decoration: none;
    color:#660;
  }
  iframe{
    background-color: #fff;
  }
  #goodreads-widget a:hover { text-decoration: underline; }
  #goodreads-widget a:active {
    color:#660;
  }
  #gr_footer {
    width: 100%;
    border-top: 1px solid #BBB596;
    text-align: right;
  }
  #goodreads-widget .gr_branding{
    color: #382110;
    font-size: 11px;
    text-decoration: none;
    font-family: "Helvetica Neue", Helvetica, Arial, sans-serif;
  }
</style>
<div id="goodreads-widget">
  <div id="gr_header"><h1><a rel="nofollow" href="https://www.goodreads.com/book/show/110890.The_Looming_Tower">The Looming Tower Reviews</a></h1></div>
  <iframe id="the_iframe" src="https://www.goodreads.com/api/reviews_widget_iframe?did=DEVELOPER_ID&amp;format=html&amp;isbn=037541486X&amp;links=660&amp;min_rating=&amp;review_back=fff&amp;stars=000&amp;text=000" width="565" height="400" frameborder="0"></iframe>
  <div id="gr_footer">
    <a class="gr_branding" target="_blank" rel="nofollow" href="https://www.goodreads.com/book/show/110890.The_Looming_Tower?utm_medium=api&amp;utm_source=reviews_widget">Reviews from Goodreads.com</a>
  </div>
</div>

      ]]>
    </reviews_widget>
  <popular_shelves>
      <shelf name="to-read" count="6673"/>
      <shelf name="currently-reading" count="333"/>
      <shelf name="non-fiction" count="281"/>
      <shelf name="history" count="270"/>
      <shelf name="nonfiction" count="255"/>
      <shelf name="politics" count="229"/>
      <shelf name="favorites" count="154"/>
      <shelf name="middle-east" count="139"/>
      <shelf name="terrorism" count="121"/>
      <shelf name="war" count="94"/>
      <shelf name="religion" count="69"/>
      <shelf name="owned" count="60"/>
      <shelf name="pulitzer" count="55"/>
      <shelf name="islam" count="50"/>
      <shelf name="9-11" count="46"/>
      <shelf name="american-history" count="41"/>
      <shelf name="current-events" count="35"/>
      <shelf name="afghanistan" count="32"/>
      <shelf name="pulitzer-prize" count="32"/>
      <shelf name="books-i-own" count="31"/>
      <shelf name="military" count="31"/>
      <shelf name="amazon-100" count="27"/>
      <shelf name="library" count="27"/>
      <shelf name="audiobook" count="27"/>
      <shelf name="to-buy" count="27"/>
      <shelf name="100-books-to-read-in-a-lifetime" count="25"/>
      <shelf name="audiobooks" count="24"/>
      <shelf name="current-affairs" count="23"/>
      <shelf name="us-history" count="20"/>
      <shelf name="audio" count="20"/>
      <shelf name="default" count="19"/>
      <shelf name="audible" count="19"/>
      <shelf name="kindle" count="19"/>
      <shelf name="to-read-non-fiction" count="18"/>
      <shelf name="journalism" count="18"/>
      <shelf name="owned-books" count="17"/>
      <shelf name="wish-list" count="17"/>
      <shelf name="political" count="17"/>
      <shelf name="al-qaeda" count="15"/>
      <shelf name="to-read-nonfiction" count="15"/>
      <shelf name="world-history" count="15"/>
      <shelf name="international-relations" count="15"/>
      <shelf name="true-crime" count="14"/>
      <shelf name="historical" count="14"/>
      <shelf name="100-books" count="13"/>
      <shelf name="non-fiction-to-read" count="13"/>
      <shelf name="america" count="13"/>
      <shelf name="ebooks" count="12"/>
      <shelf name="political-science" count="12"/>
      <shelf name="book-club" count="12"/>
      <shelf name="pulitzer-prize-winners" count="12"/>
      <shelf name="pulitzer-non-fiction" count="11"/>
      <shelf name="ebook" count="11"/>
      <shelf name="espionage" count="11"/>
      <shelf name="biography" count="11"/>
      <shelf name="amazon-s-100-books-to-read-in-a-lif" count="10"/>
      <shelf name="military-history" count="10"/>
      <shelf name="21st-century" count="10"/>
      <shelf name="history-politics" count="10"/>
      <shelf name="united-states" count="10"/>
      <shelf name="amazon-top-100" count="9"/>
      <shelf name="pakistan" count="9"/>
      <shelf name="unfinished" count="9"/>
      <shelf name="audio-books" count="9"/>
      <shelf name="foreign-policy" count="9"/>
      <shelf name="100-books-to-read" count="8"/>
      <shelf name="pulitzers" count="8"/>
      <shelf name="fbi" count="8"/>
      <shelf name="my-books" count="8"/>
      <shelf name="nonfiction-to-read" count="8"/>
      <shelf name="sociology" count="8"/>
      <shelf name="saudi-arabia" count="8"/>
      <shelf name="national-security" count="8"/>
      <shelf name="intelligence" count="8"/>
      <shelf name="pulitzer-winners" count="8"/>
      <shelf name="on-hold" count="8"/>
      <shelf name="amazon-100-books-to-read" count="7"/>
      <shelf name="amazon100" count="7"/>
      <shelf name="pulitzer-prize-nonfiction" count="7"/>
      <shelf name="recommended" count="7"/>
      <shelf name="want-to-read" count="7"/>
      <shelf name="american" count="7"/>
      <shelf name="war-on-terror" count="7"/>
      <shelf name="egypt" count="7"/>
      <shelf name="abandoned" count="7"/>
      <shelf name="pulitzer-nonfiction" count="7"/>
      <shelf name="foreign-affairs" count="7"/>
      <shelf name="read-in-2016" count="6"/>
      <shelf name="read-in-2015" count="6"/>
      <shelf name="to-get" count="6"/>
      <shelf name="war-terrorism" count="6"/>
      <shelf name="history-biography" count="6"/>
      <shelf name="world" count="6"/>
      <shelf name="calibre" count="6"/>
      <shelf name="cia" count="6"/>
      <shelf name="mena" count="6"/>
      <shelf name="history-and-politics" count="6"/>
      <shelf name="crime" count="6"/>
      <shelf name="5-stars" count="6"/>
      <shelf name="the-middle-east" count="6"/>
  </popular_shelves>
  <book_links>
    <book_link>
  <id>8</id>
  <name>Libraries</name>
  <link>https://www.goodreads.com/book_link/follow/8</link>
</book_link>

  </book_links>
  <buy_links>
    <buy_link>
<id>1</id>
<name>Amazon</name>
<link>https://www.goodreads.com/book_link/follow/1</link>
</buy_link>
<buy_link>
<id>10</id>
<name>Audible</name>
<link>https://www.goodreads.com/book_link/follow/10</link>
</buy_link>
<buy_link>
<id>3</id>
<name>Barnes &amp; Noble</name>
<link>https://www.goodreads.com/book_link/follow/3</link>
</buy_link>
<buy_link>
<id>1027</id>
<name>Kobo</name>
<link>https://www.goodreads.com/book_link/follow/1027</link>
</buy_link>
<buy_link>
<id>2102</id>
<name>Apple iBooks</name>
<link>https://www.goodreads.com/book_link/follow/2102</link>
</buy_link>
<buy_link>
<id>8036</id>
<name>Google Play</name>
<link>https://www.goodreads.com/book_link/follow/8036</link>
</buy_link>
<buy_link>
<id>4</id>
<name>Abebooks</name>
<link>https://www.goodreads.com/book_link/follow/4</link>
</buy_link>
<buy_link>
<id>882</id>
<name>Book Depository</name>
<link>https://www.goodreads.com/book_link/follow/882</link>
</buy_link>
<buy_link>
<id>9</id>
<name>Indigo</name>
<link>https://www.goodreads.com/book_link/follow/9</link>
</buy_link>
<buy_link>
<id>2</id>
<name>Half.com</name>
<link>https://www.goodreads.com/book_link/follow/2</link>
</buy_link>
<buy_link>
<id>5</id>
<name>Alibris</name>
<link>https://www.goodreads.com/book_link/follow/5</link>
</buy_link>
<buy_link>
<id>107</id>
<name>Better World Books</name>
<link>https://www.goodreads.com/book_link/follow/107</link>
</buy_link>
<buy_link>
<id>7</id>
<name>IndieBound</name>
<link>https://www.goodreads.com/book_link/follow/7</link>
</buy_link>

  </buy_links>
  <series_works>
    
  </series_works>
  <similar_books>
          <book>
<id>71984</id>
<title><![CDATA[Ghost Wars: The Secret History of the CIA, Afghanistan, and bin Laden from the Soviet Invasion to September 10, 2001]]></title>
<title_without_series><![CDATA[Ghost Wars: The Secret History of the CIA, Afghanistan, and bin Laden from the Soviet Invasion to September 10, 2001]]></title_without_series>
<link><![CDATA[https://www.goodreads.com/book/show/71984.Ghost_Wars]]></link>
<small_image_url><![CDATA[https://s.gr-assets.com/assets/nophoto/book/50x75-a91bf249278a81aabab721ef782c4a74.png]]></small_image_url>
<image_url><![CDATA[https://s.gr-assets.com/assets/nophoto/book/111x148-bcc042a9c91a29c1d680899eff700a03.png]]></image_url>
<num_pages>712</num_pages>
<work>
<id>69695</id>
</work>
<isbn>0143034669</isbn>
<isbn13>9780143034667</isbn13>
<average_rating>4.28</average_rating>
<ratings_count>9640</ratings_count>
<publication_year>2004</publication_year>
<publication_month>12</publication_month>
<publication_day>28</publication_day>
<authors>
<author>
<id>40651</id>
<name>Steve Coll</name>
<link><![CDATA[https://www.goodreads.com/author/show/40651.Steve_Coll]]></link>
</author>
</authors>
</book>

          <book>
<id>86342</id>
<title><![CDATA[Fiasco: The American Military Adventure in Iraq]]></title>
<title_without_series><![CDATA[Fiasco: The American Military Adventure in Iraq]]></title_without_series>
<link><![CDATA[https://www.goodreads.com/book/show/86342.Fiasco]]></link>
<small_image_url><![CDATA[https://s.gr-assets.com/assets/nophoto/book/50x75-a91bf249278a81aabab721ef782c4a74.png]]></small_image_url>
<image_url><![CDATA[https://s.gr-assets.com/assets/nophoto/book/111x148-bcc042a9c91a29c1d680899eff700a03.png]]></image_url>
<num_pages>482</num_pages>
<work>
<id>1465267</id>
</work>
<isbn>159420103X</isbn>
<isbn13>9781594201035</isbn13>
<average_rating>4.09</average_rating>
<ratings_count>5255</ratings_count>
<publication_year></publication_year>
<publication_month></publication_month>
<publication_day></publication_day>
<authors>
<author>
<id>49422</id>
<name>Thomas E. Ricks</name>
<link><![CDATA[https://www.goodreads.com/author/show/49422.Thomas_E_Ricks]]></link>
</author>
</authors>
</book>

          <book>
<id>87119</id>
<title><![CDATA[The Assassins' Gate: America in Iraq]]></title>
<title_without_series><![CDATA[The Assassins' Gate: America in Iraq]]></title_without_series>
<link><![CDATA[https://www.goodreads.com/book/show/87119.The_Assassins_Gate]]></link>
<small_image_url><![CDATA[https://s.gr-assets.com/assets/nophoto/book/50x75-a91bf249278a81aabab721ef782c4a74.png]]></small_image_url>
<image_url><![CDATA[https://s.gr-assets.com/assets/nophoto/book/111x148-bcc042a9c91a29c1d680899eff700a03.png]]></image_url>
<num_pages></num_pages>
<work>
<id>84088</id>
</work>
<isbn>0374530556</isbn>
<isbn13>9780374530556</isbn13>
<average_rating>4.05</average_rating>
<ratings_count>2456</ratings_count>
<publication_year></publication_year>
<publication_month></publication_month>
<publication_day></publication_day>
<authors>
<author>
<id>49986</id>
<name>George Packer</name>
<link><![CDATA[https://www.goodreads.com/author/show/49986.George_Packer]]></link>
</author>
</authors>
</book>

          <book>
<id>7775615</id>
<title><![CDATA[The Longest War: A History of the War on Terror and the Battles with Al Qaeda Since 9/11]]></title>
<title_without_series><![CDATA[The Longest War: A History of the War on Terror and the Battles with Al Qaeda Since 9/11]]></title_without_series>
<link><![CDATA[https://www.goodreads.com/book/show/7775615-the-longest-war]]></link>
<small_image_url><![CDATA[https://images.gr-assets.com/books/1298580245s/7775615.jpg]]></small_image_url>
<image_url><![CDATA[https://images.gr-assets.com/books/1298580245m/7775615.jpg]]></image_url>
<num_pages>304</num_pages>
<work>
<id>10682098</id>
</work>
<isbn>0743278933</isbn>
<isbn13>9780743278935</isbn13>
<average_rating>3.95</average_rating>
<ratings_count>695</ratings_count>
<publication_year>2011</publication_year>
<publication_month>1</publication_month>
<publication_day>11</publication_day>
<authors>
<author>
<id>84008</id>
<name>Peter L. Bergen</name>
<link><![CDATA[https://www.goodreads.com/author/show/84008.Peter_L_Bergen]]></link>
</author>
</authors>
</book>

          <book>
<id>10954987</id>
<title><![CDATA[The Black Banners: The Inside Story of 9/11 and the War Against al-Qaeda]]></title>
<title_without_series><![CDATA[The Black Banners: The Inside Story of 9/11 and the War Against al-Qaeda]]></title_without_series>
<link><![CDATA[https://www.goodreads.com/book/show/10954987-the-black-banners]]></link>
<small_image_url><![CDATA[https://images.gr-assets.com/books/1302206627s/10954987.jpg]]></small_image_url>
<image_url><![CDATA[https://images.gr-assets.com/books/1302206627m/10954987.jpg]]></image_url>
<num_pages>572</num_pages>
<work>
<id>15872626</id>
</work>
<isbn>0393079422</isbn>
<isbn13>9780393079425</isbn13>
<average_rating>4.18</average_rating>
<ratings_count>1553</ratings_count>
<publication_year>2011</publication_year>
<publication_month>9</publication_month>
<publication_day>12</publication_day>
<authors>
<author>
<id>4756690</id>
<name>Ali H. Soufan</name>
<link><![CDATA[https://www.goodreads.com/author/show/4756690.Ali_H_Soufan]]></link>
</author>
</authors>
</book>

          <book>
<id>69558</id>
<title><![CDATA[The One Percent Doctrine: Deep Inside America's Pursuit of Its Enemies Since 9/11]]></title>
<title_without_series><![CDATA[The One Percent Doctrine: Deep Inside America's Pursuit of Its Enemies Since 9/11]]></title_without_series>
<link><![CDATA[https://www.goodreads.com/book/show/69558.The_One_Percent_Doctrine]]></link>
<small_image_url><![CDATA[https://images.gr-assets.com/books/1327716779s/69558.jpg]]></small_image_url>
<image_url><![CDATA[https://images.gr-assets.com/books/1327716779m/69558.jpg]]></image_url>
<num_pages>367</num_pages>
<work>
<id>2885514</id>
</work>
<isbn>0743271092</isbn>
<isbn13>9780743271097</isbn13>
<average_rating>3.83</average_rating>
<ratings_count>1674</ratings_count>
<publication_year>2006</publication_year>
<publication_month>7</publication_month>
<publication_day>20</publication_day>
<authors>
<author>
<id>39158</id>
<name>Ron Suskind</name>
<link><![CDATA[https://www.goodreads.com/author/show/39158.Ron_Suskind]]></link>
</author>
</authors>
</book>

          <book>
<id>3280003</id>
<title><![CDATA[The Dark Side: The Inside Story of How the War on Terror Turned Into a War on American Ideals]]></title>
<title_without_series><![CDATA[The Dark Side: The Inside Story of How the War on Terror Turned Into a War on American Ideals]]></title_without_series>
<link><![CDATA[https://www.goodreads.com/book/show/3280003-the-dark-side]]></link>
<small_image_url><![CDATA[https://s.gr-assets.com/assets/nophoto/book/50x75-a91bf249278a81aabab721ef782c4a74.png]]></small_image_url>
<image_url><![CDATA[https://s.gr-assets.com/assets/nophoto/book/111x148-bcc042a9c91a29c1d680899eff700a03.png]]></image_url>
<num_pages>335</num_pages>
<work>
<id>3316306</id>
</work>
<isbn>0385526393</isbn>
<isbn13>9780385526395</isbn13>
<average_rating>4.17</average_rating>
<ratings_count>3336</ratings_count>
<publication_year></publication_year>
<publication_month></publication_month>
<publication_day></publication_day>
<authors>
<author>
<id>485392</id>
<name>Jane Mayer</name>
<link><![CDATA[https://www.goodreads.com/author/show/485392.Jane_Mayer]]></link>
</author>
</authors>
</book>

          <book>
<id>325509</id>
<title><![CDATA[Arab and Jew: Wounded Spirits in a Promised Land]]></title>
<title_without_series><![CDATA[Arab and Jew: Wounded Spirits in a Promised Land]]></title_without_series>
<link><![CDATA[https://www.goodreads.com/book/show/325509.Arab_and_Jew]]></link>
<small_image_url><![CDATA[https://s.gr-assets.com/assets/nophoto/book/50x75-a91bf249278a81aabab721ef782c4a74.png]]></small_image_url>
<image_url><![CDATA[https://s.gr-assets.com/assets/nophoto/book/111x148-bcc042a9c91a29c1d680899eff700a03.png]]></image_url>
<num_pages>608</num_pages>
<work>
<id>316166</id>
</work>
<isbn>0142002291</isbn>
<isbn13>9780142002292</isbn13>
<average_rating>4.02</average_rating>
<ratings_count>479</ratings_count>
<publication_year>2001</publication_year>
<publication_month>12</publication_month>
<publication_day>31</publication_day>
<authors>
<author>
<id>7223</id>
<name>David K. Shipler</name>
<link><![CDATA[https://www.goodreads.com/author/show/7223.David_K_Shipler]]></link>
</author>
</authors>
</book>

          <book>
<id>113185</id>
<title><![CDATA[Taliban: Militant Islam, Oil and Fundamentalism in Central Asia]]></title>
<title_without_series><![CDATA[Taliban: Militant Islam, Oil and Fundamentalism in Central Asia]]></title_without_series>
<link><![CDATA[https://www.goodreads.com/book/show/113185.Taliban]]></link>
<small_image_url><![CDATA[https://images.gr-assets.com/books/1328827469s/113185.jpg]]></small_image_url>
<image_url><![CDATA[https://images.gr-assets.com/books/1328827469m/113185.jpg]]></image_url>
<num_pages>294</num_pages>
<work>
<id>108976</id>
</work>
<isbn>0300089023</isbn>
<isbn13>9780300089028</isbn13>
<average_rating>3.96</average_rating>
<ratings_count>2803</ratings_count>
<publication_year>2001</publication_year>
<publication_month>2</publication_month>
<publication_day>8</publication_day>
<authors>
<author>
<id>12319</id>
<name>Ahmed Rashid</name>
<link><![CDATA[https://www.goodreads.com/author/show/12319.Ahmed_Rashid]]></link>
</author>
</authors>
</book>

          <book>
<id>214240</id>
<title><![CDATA[Carry Me Home: Birmingham, Alabama: The Climactic Battle of the Civil Rights Revolution]]></title>
<title_without_series><![CDATA[Carry Me Home: Birmingham, Alabama: The Climactic Battle of the Civil Rights Revolution]]></title_without_series>
<link><![CDATA[https://www.goodreads.com/book/show/214240.Carry_Me_Home]]></link>
<small_image_url><![CDATA[https://s.gr-assets.com/assets/nophoto/book/50x75-a91bf249278a81aabab721ef782c4a74.png]]></small_image_url>
<image_url><![CDATA[https://s.gr-assets.com/assets/nophoto/book/111x148-bcc042a9c91a29c1d680899eff700a03.png]]></image_url>
<num_pages></num_pages>
<work>
<id>207408</id>
</work>
<isbn>0743217721</isbn>
<isbn13>9780743217729</isbn13>
<average_rating>4.13</average_rating>
<ratings_count>582</ratings_count>
<publication_year></publication_year>
<publication_month></publication_month>
<publication_day></publication_day>
<authors>
<author>
<id>125663</id>
<name>Diane McWhorter</name>
<link><![CDATA[https://www.goodreads.com/author/show/125663.Diane_McWhorter]]></link>
</author>
</authors>
</book>

          <book>
<id>9076</id>
<title><![CDATA[Guests of the Ayatollah: The First Battle in America's War With Militant Islam]]></title>
<title_without_series><![CDATA[Guests of the Ayatollah: The First Battle in America's War With Militant Islam]]></title_without_series>
<link><![CDATA[https://www.goodreads.com/book/show/9076.Guests_of_the_Ayatollah]]></link>
<small_image_url><![CDATA[https://s.gr-assets.com/assets/nophoto/book/50x75-a91bf249278a81aabab721ef782c4a74.png]]></small_image_url>
<image_url><![CDATA[https://s.gr-assets.com/assets/nophoto/book/111x148-bcc042a9c91a29c1d680899eff700a03.png]]></image_url>
<num_pages>704</num_pages>
<work>
<id>22764</id>
</work>
<isbn>0871139251</isbn>
<isbn13>9780871139252</isbn13>
<average_rating>4.13</average_rating>
<ratings_count>3535</ratings_count>
<publication_year>2006</publication_year>
<publication_month>3</publication_month>
<publication_day>27</publication_day>
<authors>
<author>
<id>3098</id>
<name>Mark Bowden</name>
<link><![CDATA[https://www.goodreads.com/author/show/3098.Mark_Bowden]]></link>
</author>
</authors>
</book>

          <book>
<id>320657</id>
<title><![CDATA[The Siege of Mecca: The Forgotten Uprising in Islam's Holiest Shrine and the Birth of al-Qaeda]]></title>
<title_without_series><![CDATA[The Siege of Mecca: The Forgotten Uprising in Islam's Holiest Shrine and the Birth of al-Qaeda]]></title_without_series>
<link><![CDATA[https://www.goodreads.com/book/show/320657.The_Siege_of_Mecca]]></link>
<small_image_url><![CDATA[https://s.gr-assets.com/assets/nophoto/book/50x75-a91bf249278a81aabab721ef782c4a74.png]]></small_image_url>
<image_url><![CDATA[https://s.gr-assets.com/assets/nophoto/book/111x148-bcc042a9c91a29c1d680899eff700a03.png]]></image_url>
<num_pages></num_pages>
<work>
<id>311394</id>
</work>
<isbn>0385519257</isbn>
<isbn13>9780385519250</isbn13>
<average_rating>4.15</average_rating>
<ratings_count>1408</ratings_count>
<publication_year></publication_year>
<publication_month></publication_month>
<publication_day></publication_day>
<authors>
<author>
<id>23202</id>
<name>Yaroslav Trofimov</name>
<link><![CDATA[https://www.goodreads.com/author/show/23202.Yaroslav_Trofimov]]></link>
</author>
</authors>
</book>

          <book>
<id>9945237</id>
<title><![CDATA[The Triple Agent: The al-Qaeda Mole who Infiltrated the CIA]]></title>
<title_without_series><![CDATA[The Triple Agent: The al-Qaeda Mole who Infiltrated the CIA]]></title_without_series>
<link><![CDATA[https://www.goodreads.com/book/show/9945237-the-triple-agent]]></link>
<small_image_url><![CDATA[https://images.gr-assets.com/books/1320558897s/9945237.jpg]]></small_image_url>
<image_url><![CDATA[https://images.gr-assets.com/books/1320558897m/9945237.jpg]]></image_url>
<num_pages>272</num_pages>
<work>
<id>14838689</id>
</work>
<isbn>0385534183</isbn>
<isbn13>9780385534185</isbn13>
<average_rating>4.04</average_rating>
<ratings_count>2148</ratings_count>
<publication_year>2011</publication_year>
<publication_month>7</publication_month>
<publication_day>19</publication_day>
<authors>
<author>
<id>4518441</id>
<name>Joby Warrick</name>
<link><![CDATA[https://www.goodreads.com/author/show/4518441.Joby_Warrick]]></link>
</author>
</authors>
</book>

          <book>
<id>6623920</id>
<title><![CDATA[The Dead Hand: The Untold Story of the Cold War Arms Race and its Dangerous Legacy]]></title>
<title_without_series><![CDATA[The Dead Hand: The Untold Story of the Cold War Arms Race and its Dangerous Legacy]]></title_without_series>
<link><![CDATA[https://www.goodreads.com/book/show/6623920-the-dead-hand]]></link>
<small_image_url><![CDATA[https://images.gr-assets.com/books/1320419175s/6623920.jpg]]></small_image_url>
<image_url><![CDATA[https://images.gr-assets.com/books/1320419175m/6623920.jpg]]></image_url>
<num_pages>592</num_pages>
<work>
<id>6818134</id>
</work>
<isbn>0385524374</isbn>
<isbn13>9780385524377</isbn13>
<average_rating>4.10</average_rating>
<ratings_count>2867</ratings_count>
<publication_year>2009</publication_year>
<publication_month>9</publication_month>
<publication_day>22</publication_day>
<authors>
<author>
<id>544275</id>
<name>David E. Hoffman</name>
<link><![CDATA[https://www.goodreads.com/author/show/544275.David_E_Hoffman]]></link>
</author>
</authors>
</book>

          <book>
<id>46347</id>
<title><![CDATA[All the Shah's Men: An American Coup and the Roots of Middle East Terror]]></title>
<title_without_series><![CDATA[All the Shah's Men: An American Coup and the Roots of Middle East Terror]]></title_without_series>
<link><![CDATA[https://www.goodreads.com/book/show/46347.All_the_Shah_s_Men]]></link>
<small_image_url><![CDATA[https://s.gr-assets.com/assets/nophoto/book/50x75-a91bf249278a81aabab721ef782c4a74.png]]></small_image_url>
<image_url><![CDATA[https://s.gr-assets.com/assets/nophoto/book/111x148-bcc042a9c91a29c1d680899eff700a03.png]]></image_url>
<num_pages>272</num_pages>
<work>
<id>729157</id>
</work>
<isbn>0471678783</isbn>
<isbn13>9780471678786</isbn13>
<average_rating>4.23</average_rating>
<ratings_count>5037</ratings_count>
<publication_year>2004</publication_year>
<publication_month>8</publication_month>
<publication_day>1</publication_day>
<authors>
<author>
<id>6333</id>
<name>Stephen Kinzer</name>
<link><![CDATA[https://www.goodreads.com/author/show/6333.Stephen_Kinzer]]></link>
</author>
</authors>
</book>

          <book>
<id>335451</id>
<title><![CDATA[Ashes to Ashes: America's Hundred-Year Cigarette War, the Public Health, and the Unabashed Triumph of Philip Morris]]></title>
<title_without_series><![CDATA[Ashes to Ashes: America's Hundred-Year Cigarette War, the Public Health, and the Unabashed Triumph of Philip Morris]]></title_without_series>
<link><![CDATA[https://www.goodreads.com/book/show/335451.Ashes_to_Ashes]]></link>
<small_image_url><![CDATA[https://s.gr-assets.com/assets/nophoto/book/50x75-a91bf249278a81aabab721ef782c4a74.png]]></small_image_url>
<image_url><![CDATA[https://s.gr-assets.com/assets/nophoto/book/111x148-bcc042a9c91a29c1d680899eff700a03.png]]></image_url>
<num_pages>832</num_pages>
<work>
<id>325923</id>
</work>
<isbn>0375700366</isbn>
<isbn13>9780375700361</isbn13>
<average_rating>3.87</average_rating>
<ratings_count>180</ratings_count>
<publication_year>1997</publication_year>
<publication_month>7</publication_month>
<publication_day>29</publication_day>
<authors>
<author>
<id>74243</id>
<name>Richard Kluger</name>
<link><![CDATA[https://www.goodreads.com/author/show/74243.Richard_Kluger]]></link>
</author>
</authors>
</book>

          <book>
<id>692474</id>
<title><![CDATA[Nazi Germany and the Jews: The Years of Extermination, 1939-1945]]></title>
<title_without_series><![CDATA[Nazi Germany and the Jews: The Years of Extermination, 1939-1945]]></title_without_series>
<link><![CDATA[https://www.goodreads.com/book/show/692474.Nazi_Germany_and_the_Jews]]></link>
<small_image_url><![CDATA[https://s.gr-assets.com/assets/nophoto/book/50x75-a91bf249278a81aabab721ef782c4a74.png]]></small_image_url>
<image_url><![CDATA[https://s.gr-assets.com/assets/nophoto/book/111x148-bcc042a9c91a29c1d680899eff700a03.png]]></image_url>
<num_pages>870</num_pages>
<work>
<id>678812</id>
</work>
<isbn>0060190434</isbn>
<isbn13>9780060190439</isbn13>
<average_rating>4.20</average_rating>
<ratings_count>1057</ratings_count>
<publication_year>2007</publication_year>
<publication_month>4</publication_month>
<publication_day>10</publication_day>
<authors>
<author>
<id>480589</id>
<name>Saul Friedländer</name>
<link><![CDATA[https://www.goodreads.com/author/show/480589.Saul_Friedl_nder]]></link>
</author>
</authors>
</book>

          <book>
<id>22121</id>
<title><![CDATA[Imperial Life in the Emerald City: Inside Iraq's Green Zone]]></title>
<title_without_series><![CDATA[Imperial Life in the Emerald City: Inside Iraq's Green Zone]]></title_without_series>
<link><![CDATA[https://www.goodreads.com/book/show/22121.Imperial_Life_in_the_Emerald_City]]></link>
<small_image_url><![CDATA[https://s.gr-assets.com/assets/nophoto/book/50x75-a91bf249278a81aabab721ef782c4a74.png]]></small_image_url>
<image_url><![CDATA[https://s.gr-assets.com/assets/nophoto/book/111x148-bcc042a9c91a29c1d680899eff700a03.png]]></image_url>
<num_pages>320</num_pages>
<work>
<id>1275660</id>
</work>
<isbn>1400044871</isbn>
<isbn13>9781400044870</isbn13>
<average_rating>4.01</average_rating>
<ratings_count>4945</ratings_count>
<publication_year>2006</publication_year>
<publication_month>9</publication_month>
<publication_day>19</publication_day>
<authors>
<author>
<id>12623</id>
<name>Rajiv Chandrasekaran</name>
<link><![CDATA[https://www.goodreads.com/author/show/12623.Rajiv_Chandrasekaran]]></link>
</author>
</authors>
</book>

  </similar_books>
</book>

</GoodreadsResponse>