<?xml version="1.0" encoding="UTF-8"?>
<GoodreadsResponse>
  <Request>
    <authentication>true</authentication>
      <key><![CDATA[all_men_must_serve]]></key>
    <method><![CDATA[book_show]]></method>
  </Request>
  <book>
  <id>11084145</id>
  <title>Steve Jobs</title>
  <isbn><![CDATA[1451648537]]></isbn>
  <isbn13><![CDATA[9781451648539]]></isbn13>
  <asin><![CDATA[]]></asin>
  <kindle_asin><![CDATA[B005J3IEZQ]]></kindle_asin>
  <marketplace_id><![CDATA[A1F83G8C2ARO7P]]></marketplace_id>
  <country_code><![CDATA[GB]]></country_code>
  <image_url>https://images.gr-assets.com/books/1327861368m/11084145.jpg</image_url>
  <small_image_url>https://images.gr-assets.com/books/1327861368s/11084145.jpg</small_image_url>
  <publication_year>2011</publication_year>
  <publication_month>10</publication_month>
  <publication_day>24</publication_day>
  <publisher>Simon &amp; Schuster</publisher>
  <language_code>eng</language_code>
  <is_ebook>false</is_ebook>
  <description><![CDATA[From best-selling author Walter Isaacson comes the landmark biography of Apple co-founder Steve Jobs.<br /><br />In <i>Steve Jobs: The Exclusive Biography</i>, Isaacson provides an extraordinary account of Jobs' professional and personal life. Drawn from three years of exclusive and unprecedented interviews Isaacson has conducted with Jobs as well as extensive interviews with Jobs' family members and key colleagues from Apple and its competitors, <i>Steve Jobs: The Exclusive Biography</i> is the definitive portrait of the greatest innovator of his generation.]]></description>
  <work>
  <id type="integer">16005831</id>
  <books_count type="integer">191</books_count>
  <best_book_id type="integer">11084145</best_book_id>
  <reviews_count type="integer">1148714</reviews_count>
  <ratings_sum type="integer">2375592</ratings_sum>
  <ratings_count type="integer">580439</ratings_count>
  <text_reviews_count type="integer">15207</text_reviews_count>
  <original_publication_year type="integer">2011</original_publication_year>
  <original_publication_month type="integer">10</original_publication_month>
  <original_publication_day type="integer">24</original_publication_day>
  <original_title>Steve Jobs</original_title>
  <original_language_id type="integer" nil="true"/>
  <media_type>book</media_type>
  <rating_dist>5:245719|4:204352|3:88590|2:22041|1:19737|total:580439</rating_dist>
  <desc_user_id type="integer">3606485</desc_user_id>
  <default_chaptering_book_id type="integer">12005016</default_chaptering_book_id>
  <default_description_language_code nil="true"/>
</work>
  <average_rating>4.09</average_rating>
  <num_pages><![CDATA[656]]></num_pages>
  <format><![CDATA[Hardcover]]></format>
  <edition_information><![CDATA[]]></edition_information>
  <ratings_count><![CDATA[561850]]></ratings_count>
  <text_reviews_count><![CDATA[14028]]></text_reviews_count>
  <url><![CDATA[https://www.goodreads.com/book/show/11084145-steve-jobs]]></url>
  <link><![CDATA[https://www.goodreads.com/book/show/11084145-steve-jobs]]></link>
  <authors>
<author>
<id>7111</id>
<name>Walter Isaacson</name>
<role></role>
<image_url nophoto='false'>
<![CDATA[https://images.gr-assets.com/authors/1192222433p5/7111.jpg]]>
</image_url>
<small_image_url nophoto='false'>
<![CDATA[https://images.gr-assets.com/authors/1192222433p2/7111.jpg]]>
</small_image_url>
<link><![CDATA[https://www.goodreads.com/author/show/7111.Walter_Isaacson]]></link>
<average_rating>4.08</average_rating>
<ratings_count>751773</ratings_count>
<text_reviews_count>20834</text_reviews_count>
</author>
</authors>

    <reviews_widget>
      <![CDATA[
        <style>
  #goodreads-widget {
    font-family: georgia, serif;
    padding: 18px 0;
    width:565px;
  }
  #goodreads-widget h1 {
    font-weight:normal;
    font-size: 16px;
    border-bottom: 1px solid #BBB596;
    margin-bottom: 0;
  }
  #goodreads-widget a {
    text-decoration: none;
    color:#660;
  }
  iframe{
    background-color: #fff;
  }
  #goodreads-widget a:hover { text-decoration: underline; }
  #goodreads-widget a:active {
    color:#660;
  }
  #gr_footer {
    width: 100%;
    border-top: 1px solid #BBB596;
    text-align: right;
  }
  #goodreads-widget .gr_branding{
    color: #382110;
    font-size: 11px;
    text-decoration: none;
    font-family: "Helvetica Neue", Helvetica, Arial, sans-serif;
  }
</style>
<div id="goodreads-widget">
  <div id="gr_header"><h1><a rel="nofollow" href="https://www.goodreads.com/book/show/11084145-steve-jobs">Steve Jobs Reviews</a></h1></div>
  <iframe id="the_iframe" src="https://www.goodreads.com/api/reviews_widget_iframe?did=DEVELOPER_ID&amp;format=html&amp;isbn=1451648537&amp;links=660&amp;min_rating=&amp;review_back=fff&amp;stars=000&amp;text=000" width="565" height="400" frameborder="0"></iframe>
  <div id="gr_footer">
    <a class="gr_branding" target="_blank" rel="nofollow" href="https://www.goodreads.com/book/show/11084145-steve-jobs?utm_medium=api&amp;utm_source=reviews_widget">Reviews from Goodreads.com</a>
  </div>
</div>

      ]]>
    </reviews_widget>
  <popular_shelves>
      <shelf name="to-read" count="60387"/>
      <shelf name="biography" count="4555"/>
      <shelf name="non-fiction" count="2541"/>
      <shelf name="currently-reading" count="1295"/>
      <shelf name="favorites" count="1187"/>
      <shelf name="biographies" count="1157"/>
      <shelf name="business" count="1113"/>
      <shelf name="nonfiction" count="713"/>
      <shelf name="technology" count="392"/>
      <shelf name="owned" count="390"/>
      <shelf name="history" count="296"/>
      <shelf name="bio" count="270"/>
      <shelf name="audiobook" count="263"/>
      <shelf name="kindle" count="249"/>
      <shelf name="books-i-own" count="237"/>
      <shelf name="biography-memoir" count="206"/>
      <shelf name="audiobooks" count="183"/>
      <shelf name="leadership" count="166"/>
      <shelf name="ebook" count="165"/>
      <shelf name="to-buy" count="154"/>
      <shelf name="book-club" count="150"/>
      <shelf name="audible" count="142"/>
      <shelf name="apple" count="133"/>
      <shelf name="audio" count="132"/>
      <shelf name="owned-books" count="131"/>
      <shelf name="tech" count="131"/>
      <shelf name="steve-jobs" count="130"/>
      <shelf name="autobiography" count="125"/>
      <shelf name="bios" count="124"/>
      <shelf name="memoir" count="120"/>
      <shelf name="ebooks" count="119"/>
      <shelf name="library" count="116"/>
      <shelf name="abandoned" count="106"/>
      <shelf name="my-books" count="101"/>
      <shelf name="default" count="98"/>
      <shelf name="memoirs" count="98"/>
      <shelf name="read-in-2012" count="90"/>
      <shelf name="biographies-memoirs" count="84"/>
      <shelf name="biography-autobiography" count="81"/>
      <shelf name="entrepreneurship" count="79"/>
      <shelf name="audio-book" count="76"/>
      <shelf name="books" count="74"/>
      <shelf name="memoir-biography" count="72"/>
      <shelf name="my-library" count="70"/>
      <shelf name="on-hold" count="70"/>
      <shelf name="unfinished" count="69"/>
      <shelf name="innovation" count="68"/>
      <shelf name="audio-books" count="67"/>
      <shelf name="computers" count="67"/>
      <shelf name="biographical" count="64"/>
      <shelf name="english" count="63"/>
      <shelf name="wish-list" count="63"/>
      <shelf name="management" count="62"/>
      <shelf name="science" count="62"/>
      <shelf name="people" count="58"/>
      <shelf name="design" count="58"/>
      <shelf name="did-not-finish" count="56"/>
      <shelf name="biografie" count="55"/>
      <shelf name="favourites" count="53"/>
      <shelf name="read-2012" count="49"/>
      <shelf name="inspirational" count="49"/>
      <shelf name="auto-biography" count="49"/>
      <shelf name="steve" count="48"/>
      <shelf name="finished" count="46"/>
      <shelf name="didn-t-finish" count="45"/>
      <shelf name="favorite" count="41"/>
      <shelf name="to-read-non-fiction" count="41"/>
      <shelf name="business-books" count="40"/>
      <shelf name="e-book" count="40"/>
      <shelf name="shelfari-favorites" count="39"/>
      <shelf name="autobiographies" count="39"/>
      <shelf name="ibooks" count="39"/>
      <shelf name="e-books" count="37"/>
      <shelf name="read-in-2011" count="36"/>
      <shelf name="inspiration" count="36"/>
      <shelf name="stopped-reading" count="35"/>
      <shelf name="never-finished" count="34"/>
      <shelf name="jobs" count="34"/>
      <shelf name="bio-memoir" count="34"/>
      <shelf name="listened-to" count="33"/>
      <shelf name="maybe" count="32"/>
      <shelf name="bookshelf" count="32"/>
      <shelf name="adult" count="32"/>
      <shelf name="biographies-and-memoirs" count="32"/>
      <shelf name="marketing" count="31"/>
      <shelf name="dnf" count="31"/>
      <shelf name="work" count="31"/>
      <shelf name="i-own" count="31"/>
      <shelf name="non-fiction-to-read" count="30"/>
      <shelf name="american" count="30"/>
      <shelf name="1" count="29"/>
      <shelf name="paused" count="29"/>
      <shelf name="to-read-nonfiction" count="29"/>
      <shelf name="economics" count="29"/>
      <shelf name="nook" count="29"/>
      <shelf name="computer" count="29"/>
      <shelf name="biografias" count="28"/>
      <shelf name="to-read-biography" count="28"/>
      <shelf name="history-biography" count="28"/>
      <shelf name="startup" count="28"/>
  </popular_shelves>
  <book_links>
    <book_link>
  <id>8</id>
  <name>Libraries</name>
  <link>https://www.goodreads.com/book_link/follow/8</link>
</book_link>

  </book_links>
  <buy_links>
    <buy_link>
<id>1</id>
<name>Amazon</name>
<link>https://www.goodreads.com/book_link/follow/1</link>
</buy_link>
<buy_link>
<id>10</id>
<name>Audible</name>
<link>https://www.goodreads.com/book_link/follow/10</link>
</buy_link>
<buy_link>
<id>3</id>
<name>Barnes &amp; Noble</name>
<link>https://www.goodreads.com/book_link/follow/3</link>
</buy_link>
<buy_link>
<id>1027</id>
<name>Kobo</name>
<link>https://www.goodreads.com/book_link/follow/1027</link>
</buy_link>
<buy_link>
<id>2102</id>
<name>Apple iBooks</name>
<link>https://www.goodreads.com/book_link/follow/2102</link>
</buy_link>
<buy_link>
<id>8036</id>
<name>Google Play</name>
<link>https://www.goodreads.com/book_link/follow/8036</link>
</buy_link>
<buy_link>
<id>4</id>
<name>Abebooks</name>
<link>https://www.goodreads.com/book_link/follow/4</link>
</buy_link>
<buy_link>
<id>882</id>
<name>Book Depository</name>
<link>https://www.goodreads.com/book_link/follow/882</link>
</buy_link>
<buy_link>
<id>9</id>
<name>Indigo</name>
<link>https://www.goodreads.com/book_link/follow/9</link>
</buy_link>
<buy_link>
<id>2</id>
<name>Half.com</name>
<link>https://www.goodreads.com/book_link/follow/2</link>
</buy_link>
<buy_link>
<id>5</id>
<name>Alibris</name>
<link>https://www.goodreads.com/book_link/follow/5</link>
</buy_link>
<buy_link>
<id>107</id>
<name>Better World Books</name>
<link>https://www.goodreads.com/book_link/follow/107</link>
</buy_link>
<buy_link>
<id>7</id>
<name>IndieBound</name>
<link>https://www.goodreads.com/book_link/follow/7</link>
</buy_link>

  </buy_links>
  <series_works>
    
  </series_works>
  <similar_books>
          <book>
<id>8264505</id>
<title><![CDATA[Endgame: Bobby Fischer's Remarkable Rise and Fall - from America's Brightest Prodigy to the Edge of Madness]]></title>
<title_without_series><![CDATA[Endgame: Bobby Fischer's Remarkable Rise and Fall - from America's Brightest Prodigy to the Edge of Madness]]></title_without_series>
<link><![CDATA[https://www.goodreads.com/book/show/8264505-endgame]]></link>
<small_image_url><![CDATA[https://images.gr-assets.com/books/1320451699s/8264505.jpg]]></small_image_url>
<image_url><![CDATA[https://images.gr-assets.com/books/1320451699m/8264505.jpg]]></image_url>
<num_pages>402</num_pages>
<work>
<id>13112477</id>
</work>
<isbn>0307463907</isbn>
<isbn13>9780307463906</isbn13>
<average_rating>3.93</average_rating>
<ratings_count>4266</ratings_count>
<publication_year>2011</publication_year>
<publication_month>2</publication_month>
<publication_day>1</publication_day>
<authors>
<author>
<id>7244</id>
<name>Frank Brady</name>
<link><![CDATA[https://www.goodreads.com/author/show/7244.Frank_Brady]]></link>
</author>
</authors>
</book>

          <book>
<id>798635</id>
<title><![CDATA[iWoz: Computer Geek to Cult Icon: How I Invented the Personal Computer, Co-Founded Apple, and Had Fun Doing It]]></title>
<title_without_series><![CDATA[iWoz: Computer Geek to Cult Icon: How I Invented the Personal Computer, Co-Founded Apple, and Had Fun Doing It]]></title_without_series>
<link><![CDATA[https://www.goodreads.com/book/show/798635.iWoz]]></link>
<small_image_url><![CDATA[https://images.gr-assets.com/books/1463005799s/798635.jpg]]></small_image_url>
<image_url><![CDATA[https://images.gr-assets.com/books/1463005799m/798635.jpg]]></image_url>
<num_pages>313</num_pages>
<work>
<id>2351530</id>
</work>
<isbn>0393330435</isbn>
<isbn13>9780393330434</isbn13>
<average_rating>3.82</average_rating>
<ratings_count>10066</ratings_count>
<publication_year>2007</publication_year>
<publication_month>10</publication_month>
<publication_day>17</publication_day>
<authors>
<author>
<id>3767</id>
<name>Steve Wozniak</name>
<link><![CDATA[https://www.goodreads.com/author/show/3767.Steve_Wozniak]]></link>
</author>
</authors>
</book>

          <book>
<id>10589332</id>
<title><![CDATA[The Steve Jobs Way: iLeadership for a New Generation]]></title>
<title_without_series><![CDATA[The Steve Jobs Way: iLeadership for a New Generation]]></title_without_series>
<link><![CDATA[https://www.goodreads.com/book/show/10589332-the-steve-jobs-way]]></link>
<small_image_url><![CDATA[https://s.gr-assets.com/assets/nophoto/book/50x75-a91bf249278a81aabab721ef782c4a74.png]]></small_image_url>
<image_url><![CDATA[https://s.gr-assets.com/assets/nophoto/book/111x148-bcc042a9c91a29c1d680899eff700a03.png]]></image_url>
<num_pages></num_pages>
<work>
<id>15496742</id>
</work>
<isbn>1455807974</isbn>
<isbn13>9781455807970</isbn13>
<average_rating>3.81</average_rating>
<ratings_count>3050</ratings_count>
<publication_year>2011</publication_year>
<publication_month>4</publication_month>
<publication_day>12</publication_day>
<authors>
<author>
<id>4574211</id>
<name>Jay Elliot</name>
<link><![CDATA[https://www.goodreads.com/author/show/4574211.Jay_Elliot]]></link>
</author>
</authors>
</book>

          <book>
<id>12975375</id>
<title><![CDATA[The Advantage: Why Organizational Health Trumps Everything Else in Business]]></title>
<title_without_series><![CDATA[The Advantage: Why Organizational Health Trumps Everything Else in Business]]></title_without_series>
<link><![CDATA[https://www.goodreads.com/book/show/12975375-the-advantage]]></link>
<small_image_url><![CDATA[https://images.gr-assets.com/books/1373997199s/12975375.jpg]]></small_image_url>
<image_url><![CDATA[https://images.gr-assets.com/books/1373997199m/12975375.jpg]]></image_url>
<num_pages>240</num_pages>
<work>
<id>18134034</id>
</work>
<isbn>0470941529</isbn>
<isbn13>9780470941522</isbn13>
<average_rating>4.15</average_rating>
<ratings_count>5410</ratings_count>
<publication_year>2012</publication_year>
<publication_month>3</publication_month>
<publication_day>13</publication_day>
<authors>
<author>
<id>11503</id>
<name>Patrick Lencioni</name>
<link><![CDATA[https://www.goodreads.com/author/show/11503.Patrick_Lencioni]]></link>
</author>
</authors>
</book>

          <book>
<id>56545</id>
<title><![CDATA[The Second Coming of Steve Jobs]]></title>
<title_without_series><![CDATA[The Second Coming of Steve Jobs]]></title_without_series>
<link><![CDATA[https://www.goodreads.com/book/show/56545.The_Second_Coming_of_Steve_Jobs]]></link>
<small_image_url><![CDATA[https://s.gr-assets.com/assets/nophoto/book/50x75-a91bf249278a81aabab721ef782c4a74.png]]></small_image_url>
<image_url><![CDATA[https://s.gr-assets.com/assets/nophoto/book/111x148-bcc042a9c91a29c1d680899eff700a03.png]]></image_url>
<num_pages></num_pages>
<work>
<id>55103</id>
</work>
<isbn>0767904338</isbn>
<isbn13>9780767904339</isbn13>
<average_rating>3.93</average_rating>
<ratings_count>1955</ratings_count>
<publication_year></publication_year>
<publication_month></publication_month>
<publication_day></publication_day>
<authors>
<author>
<id>28910</id>
<name>Alan Deutschman</name>
<link><![CDATA[https://www.goodreads.com/author/show/28910.Alan_Deutschman]]></link>
</author>
</authors>
</book>

          <book>
<id>13055451</id>
<title>Inside Apple</title>
<title_without_series>Inside Apple</title_without_series>
<link><![CDATA[https://www.goodreads.com/book/show/13055451-inside-apple]]></link>
<small_image_url><![CDATA[https://images.gr-assets.com/books/1330726595s/13055451.jpg]]></small_image_url>
<image_url><![CDATA[https://images.gr-assets.com/books/1330726595m/13055451.jpg]]></image_url>
<num_pages>240</num_pages>
<work>
<id>18220509</id>
</work>
<isbn>1848547218</isbn>
<isbn13>9781848547445</isbn13>
<average_rating>3.77</average_rating>
<ratings_count>4961</ratings_count>
<publication_year>2012</publication_year>
<publication_month>1</publication_month>
<publication_day>1</publication_day>
<authors>
<author>
<id>4851547</id>
<name>Adam Lashinsky</name>
<link><![CDATA[https://www.goodreads.com/author/show/4851547.Adam_Lashinsky]]></link>
</author>
</authors>
</book>

          <book>
<id>9151181</id>
<title><![CDATA[Onward: How Starbucks Fought for Its Life without Losing Its Soul]]></title>
<title_without_series><![CDATA[Onward: How Starbucks Fought for Its Life without Losing Its Soul]]></title_without_series>
<link><![CDATA[https://www.goodreads.com/book/show/9151181-onward]]></link>
<small_image_url><![CDATA[https://s.gr-assets.com/assets/nophoto/book/50x75-a91bf249278a81aabab721ef782c4a74.png]]></small_image_url>
<image_url><![CDATA[https://s.gr-assets.com/assets/nophoto/book/111x148-bcc042a9c91a29c1d680899eff700a03.png]]></image_url>
<num_pages>350</num_pages>
<work>
<id>14030099</id>
</work>
<isbn>1605292885</isbn>
<isbn13>9781605292885</isbn13>
<average_rating>3.79</average_rating>
<ratings_count>12149</ratings_count>
<publication_year>2011</publication_year>
<publication_month>3</publication_month>
<publication_day>29</publication_day>
<authors>
<author>
<id>53761</id>
<name>Howard Schultz</name>
<link><![CDATA[https://www.goodreads.com/author/show/53761.Howard_Schultz]]></link>
</author>
</authors>
</book>

          <book>
<id>12675109</id>
<title><![CDATA[Great by Choice: Uncertainty, Chaos, and Luck--Why Some Thrive Despite Them All]]></title>
<title_without_series><![CDATA[Great by Choice: Uncertainty, Chaos, and Luck--Why Some Thrive Despite Them All]]></title_without_series>
<link><![CDATA[https://www.goodreads.com/book/show/12675109-great-by-choice]]></link>
<small_image_url><![CDATA[https://s.gr-assets.com/assets/nophoto/book/50x75-a91bf249278a81aabab721ef782c4a74.png]]></small_image_url>
<image_url><![CDATA[https://s.gr-assets.com/assets/nophoto/book/111x148-bcc042a9c91a29c1d680899eff700a03.png]]></image_url>
<num_pages>183</num_pages>
<work>
<id>17790487</id>
</work>
<isbn></isbn>
<isbn13></isbn13>
<average_rating>4.07</average_rating>
<ratings_count>11489</ratings_count>
<publication_year>2011</publication_year>
<publication_month>10</publication_month>
<publication_day>11</publication_day>
<authors>
<author>
<id>2826</id>
<name>James C. Collins</name>
<link><![CDATA[https://www.goodreads.com/author/show/2826.James_C_Collins]]></link>
</author>
</authors>
</book>

          <book>
<id>17707768</id>
<title><![CDATA[Jony Ive: The Genius Behind Apple's Greatest Products]]></title>
<title_without_series><![CDATA[Jony Ive: The Genius Behind Apple's Greatest Products]]></title_without_series>
<link><![CDATA[https://www.goodreads.com/book/show/17707768-jony-ive]]></link>
<small_image_url><![CDATA[https://images.gr-assets.com/books/1368423659s/17707768.jpg]]></small_image_url>
<image_url><![CDATA[https://images.gr-assets.com/books/1368423659m/17707768.jpg]]></image_url>
<num_pages>274</num_pages>
<work>
<id>24757298</id>
</work>
<isbn>159184617X</isbn>
<isbn13>9781591846178</isbn13>
<average_rating>3.95</average_rating>
<ratings_count>3981</ratings_count>
<publication_year>2013</publication_year>
<publication_month>11</publication_month>
<publication_day>14</publication_day>
<authors>
<author>
<id>106159</id>
<name>Leander Kahney</name>
<link><![CDATA[https://www.goodreads.com/author/show/106159.Leander_Kahney]]></link>
</author>
</authors>
</book>

          <book>
<id>9871673</id>
<title><![CDATA[I'm Feeling Lucky: The Confessions of Google Employee Number 59]]></title>
<title_without_series><![CDATA[I'm Feeling Lucky: The Confessions of Google Employee Number 59]]></title_without_series>
<link><![CDATA[https://www.goodreads.com/book/show/9871673-i-m-feeling-lucky]]></link>
<small_image_url><![CDATA[https://s.gr-assets.com/assets/nophoto/book/50x75-a91bf249278a81aabab721ef782c4a74.png]]></small_image_url>
<image_url><![CDATA[https://s.gr-assets.com/assets/nophoto/book/111x148-bcc042a9c91a29c1d680899eff700a03.png]]></image_url>
<num_pages>432</num_pages>
<work>
<id>14763328</id>
</work>
<isbn>0547416997</isbn>
<isbn13>9780547416991</isbn13>
<average_rating>3.79</average_rating>
<ratings_count>3665</ratings_count>
<publication_year>2011</publication_year>
<publication_month>7</publication_month>
<publication_day>12</publication_day>
<authors>
<author>
<id>4325674</id>
<name>Douglas Edwards</name>
<link><![CDATA[https://www.goodreads.com/author/show/4325674.Douglas_Edwards]]></link>
</author>
</authors>
</book>

          <book>
<id>7841446</id>
<title><![CDATA[In the Plex: How Google Thinks, Works, and Shapes Our Lives]]></title>
<title_without_series><![CDATA[In the Plex: How Google Thinks, Works, and Shapes Our Lives]]></title_without_series>
<link><![CDATA[https://www.goodreads.com/book/show/7841446-in-the-plex]]></link>
<small_image_url><![CDATA[https://s.gr-assets.com/assets/nophoto/book/50x75-a91bf249278a81aabab721ef782c4a74.png]]></small_image_url>
<image_url><![CDATA[https://s.gr-assets.com/assets/nophoto/book/111x148-bcc042a9c91a29c1d680899eff700a03.png]]></image_url>
<num_pages>432</num_pages>
<work>
<id>10934698</id>
</work>
<isbn>1416596585</isbn>
<isbn13>9781416596585</isbn13>
<average_rating>3.83</average_rating>
<ratings_count>19515</ratings_count>
<publication_year></publication_year>
<publication_month></publication_month>
<publication_day></publication_day>
<authors>
<author>
<id>32131</id>
<name>Steven Levy</name>
<link><![CDATA[https://www.goodreads.com/author/show/32131.Steven_Levy]]></link>
</author>
</authors>
</book>

          <book>
<id>12438431</id>
<title><![CDATA[No Higher Honor: A Memoir of My Years in Washington]]></title>
<title_without_series><![CDATA[No Higher Honor: A Memoir of My Years in Washington]]></title_without_series>
<link><![CDATA[https://www.goodreads.com/book/show/12438431-no-higher-honor]]></link>
<small_image_url><![CDATA[https://images.gr-assets.com/books/1319812443s/12438431.jpg]]></small_image_url>
<image_url><![CDATA[https://images.gr-assets.com/books/1319812443m/12438431.jpg]]></image_url>
<num_pages>784</num_pages>
<work>
<id>17421189</id>
</work>
<isbn>0307952479</isbn>
<isbn13>9780307952479</isbn13>
<average_rating>3.89</average_rating>
<ratings_count>2533</ratings_count>
<publication_year>2011</publication_year>
<publication_month>11</publication_month>
<publication_day>1</publication_day>
<authors>
<author>
<id>48389</id>
<name>Condoleezza Rice</name>
<link><![CDATA[https://www.goodreads.com/author/show/48389.Condoleezza_Rice]]></link>
</author>
</authors>
</book>

          <book>
<id>10723236</id>
<title>Start Something That Matters</title>
<title_without_series>Start Something That Matters</title_without_series>
<link><![CDATA[https://www.goodreads.com/book/show/10723236-start-something-that-matters]]></link>
<small_image_url><![CDATA[https://images.gr-assets.com/books/1320563711s/10723236.jpg]]></small_image_url>
<image_url><![CDATA[https://images.gr-assets.com/books/1320563711m/10723236.jpg]]></image_url>
<num_pages></num_pages>
<work>
<id>15633930</id>
</work>
<isbn>1400069181</isbn>
<isbn13>9781400069187</isbn13>
<average_rating>4.05</average_rating>
<ratings_count>6787</ratings_count>
<publication_year></publication_year>
<publication_month></publication_month>
<publication_day></publication_day>
<authors>
<author>
<id>3261733</id>
<name>Blake Mycoskie</name>
<link><![CDATA[https://www.goodreads.com/author/show/3261733.Blake_Mycoskie]]></link>
</author>
</authors>
</book>

          <book>
<id>8468297</id>
<title><![CDATA[Once Upon a Secret: My Affair with President John F. Kennedy and Its Aftermath]]></title>
<title_without_series><![CDATA[Once Upon a Secret: My Affair with President John F. Kennedy and Its Aftermath]]></title_without_series>
<link><![CDATA[https://www.goodreads.com/book/show/8468297-once-upon-a-secret]]></link>
<small_image_url><![CDATA[https://images.gr-assets.com/books/1333579858s/8468297.jpg]]></small_image_url>
<image_url><![CDATA[https://images.gr-assets.com/books/1333579858m/8468297.jpg]]></image_url>
<num_pages>198</num_pages>
<work>
<id>13332877</id>
</work>
<isbn>1400069106</isbn>
<isbn13>9781400069101</isbn13>
<average_rating>3.49</average_rating>
<ratings_count>7713</ratings_count>
<publication_year></publication_year>
<publication_month></publication_month>
<publication_day></publication_day>
<authors>
<author>
<id>4087831</id>
<name>Mimi Alford</name>
<link><![CDATA[https://www.goodreads.com/author/show/4087831.Mimi_Alford]]></link>
</author>
</authors>
</book>

          <book>
<id>164323</id>
<title><![CDATA[The Google Story: Inside the Hottest Business, Media, and Technology Success of Our Time]]></title>
<title_without_series><![CDATA[The Google Story: Inside the Hottest Business, Media, and Technology Success of Our Time]]></title_without_series>
<link><![CDATA[https://www.goodreads.com/book/show/164323.The_Google_Story]]></link>
<small_image_url><![CDATA[https://images.gr-assets.com/books/1320394284s/164323.jpg]]></small_image_url>
<image_url><![CDATA[https://images.gr-assets.com/books/1320394284m/164323.jpg]]></image_url>
<num_pages>336</num_pages>
<work>
<id>2888612</id>
</work>
<isbn>0553383663</isbn>
<isbn13>9780553383669</isbn13>
<average_rating>3.81</average_rating>
<ratings_count>11817</ratings_count>
<publication_year>2008</publication_year>
<publication_month>9</publication_month>
<publication_day>23</publication_day>
<authors>
<author>
<id>105508</id>
<name>David A. Vise</name>
<link><![CDATA[https://www.goodreads.com/author/show/105508.David_A_Vise]]></link>
</author>
</authors>
</book>

          <book>
<id>255127</id>
<title><![CDATA[The Fifth Discipline: The Art & Practice of The Learning Organization]]></title>
<title_without_series><![CDATA[The Fifth Discipline: The Art & Practice of The Learning Organization]]></title_without_series>
<link><![CDATA[https://www.goodreads.com/book/show/255127.The_Fifth_Discipline]]></link>
<small_image_url><![CDATA[https://s.gr-assets.com/assets/nophoto/book/50x75-a91bf249278a81aabab721ef782c4a74.png]]></small_image_url>
<image_url><![CDATA[https://s.gr-assets.com/assets/nophoto/book/111x148-bcc042a9c91a29c1d680899eff700a03.png]]></image_url>
<num_pages>464</num_pages>
<work>
<id>254029</id>
</work>
<isbn>0385517254</isbn>
<isbn13>9780385517256</isbn13>
<average_rating>3.93</average_rating>
<ratings_count>21680</ratings_count>
<publication_year>2006</publication_year>
<publication_month>3</publication_month>
<publication_day>21</publication_day>
<authors>
<author>
<id>21072</id>
<name>Peter M. Senge</name>
<link><![CDATA[https://www.goodreads.com/author/show/21072.Peter_M_Senge]]></link>
</author>
</authors>
</book>

          <book>
<id>222146</id>
<title><![CDATA[Masters of Doom: How Two Guys Created an Empire and Transformed Pop Culture]]></title>
<title_without_series><![CDATA[Masters of Doom: How Two Guys Created an Empire and Transformed Pop Culture]]></title_without_series>
<link><![CDATA[https://www.goodreads.com/book/show/222146.Masters_of_Doom]]></link>
<small_image_url><![CDATA[https://s.gr-assets.com/assets/nophoto/book/50x75-a91bf249278a81aabab721ef782c4a74.png]]></small_image_url>
<image_url><![CDATA[https://s.gr-assets.com/assets/nophoto/book/111x148-bcc042a9c91a29c1d680899eff700a03.png]]></image_url>
<num_pages>339</num_pages>
<work>
<id>215133</id>
</work>
<isbn>0812972155</isbn>
<isbn13>9780812972153</isbn13>
<average_rating>4.24</average_rating>
<ratings_count>8205</ratings_count>
<publication_year>2004</publication_year>
<publication_month>5</publication_month>
<publication_day>11</publication_day>
<authors>
<author>
<id>65730</id>
<name>David Kushner</name>
<link><![CDATA[https://www.goodreads.com/author/show/65730.David_Kushner]]></link>
</author>
</authors>
</book>

          <book>
<id>118824</id>
<title><![CDATA[Walt Disney: The Triumph of the American Imagination]]></title>
<title_without_series><![CDATA[Walt Disney: The Triumph of the American Imagination]]></title_without_series>
<link><![CDATA[https://www.goodreads.com/book/show/118824.Walt_Disney]]></link>
<small_image_url><![CDATA[https://images.gr-assets.com/books/1353778664s/118824.jpg]]></small_image_url>
<image_url><![CDATA[https://images.gr-assets.com/books/1353778664m/118824.jpg]]></image_url>
<num_pages>880</num_pages>
<work>
<id>116983</id>
</work>
<isbn>067943822X</isbn>
<isbn13>9780679438229</isbn13>
<average_rating>4.12</average_rating>
<ratings_count>4903</ratings_count>
<publication_year>2006</publication_year>
<publication_month>10</publication_month>
<publication_day>31</publication_day>
<authors>
<author>
<id>68790</id>
<name>Neal Gabler</name>
<link><![CDATA[https://www.goodreads.com/author/show/68790.Neal_Gabler]]></link>
</author>
</authors>
</book>

  </similar_books>
</book>

</GoodreadsResponse>