<?xml version="1.0" encoding="UTF-8"?>
<GoodreadsResponse>
  <Request>
    <authentication>true</authentication>
      <key><![CDATA[all_men_must_serve]]></key>
    <method><![CDATA[book_show]]></method>
  </Request>
  <book>
  <id>11093329</id>
  <title><![CDATA[The House of Silk (Sherlock Holmes, #1)]]></title>
  <isbn><![CDATA[0316196991]]></isbn>
  <isbn13><![CDATA[9780316196994]]></isbn13>
  <asin><![CDATA[]]></asin>
  <kindle_asin><![CDATA[B005I5482S]]></kindle_asin>
  <marketplace_id><![CDATA[A1F83G8C2ARO7P]]></marketplace_id>
  <country_code><![CDATA[GB]]></country_code>
  <image_url>https://images.gr-assets.com/books/1327877129m/11093329.jpg</image_url>
  <small_image_url>https://images.gr-assets.com/books/1327877129s/11093329.jpg</small_image_url>
  <publication_year>2011</publication_year>
  <publication_month>11</publication_month>
  <publication_day></publication_day>
  <publisher>Mulholland Books</publisher>
  <language_code>eng</language_code>
  <is_ebook>false</is_ebook>
  <description><![CDATA[London, 1890. 221B Baker Street. A fine art dealer named Edmund Carstairs visits Sherlock Holmes and Dr John Watson to beg for their help. He is being menaced by a strange man in a flat cap – a wanted criminal who seems to have followed him all the way from America. In the days that follow, his home is robbed, his family is threatened. And then the first murder takes place.<br /><br />THE HOUSE OF SILK brings Sherlock Holmes back with all the nuance, pacing, and almost superhuman powers of analysis and deduction that made him the world's greatest detective, in a case depicting events too shocking, too monstrous to ever appear in print.]]></description>
  <work>
  <id type="integer">16015218</id>
  <books_count type="integer">87</books_count>
  <best_book_id type="integer">11093329</best_book_id>
  <reviews_count type="integer">59325</reviews_count>
  <ratings_sum type="integer">115291</ratings_sum>
  <ratings_count type="integer">29203</ratings_count>
  <text_reviews_count type="integer">3266</text_reviews_count>
  <original_publication_year type="integer">2011</original_publication_year>
  <original_publication_month type="integer">1</original_publication_month>
  <original_publication_day type="integer" nil="true"/>
  <original_title>The House of Silk</original_title>
  <original_language_id type="integer" nil="true"/>
  <media_type>book</media_type>
  <rating_dist>5:8850|4:12340|3:6206|2:1256|1:551|total:29203</rating_dist>
  <desc_user_id type="integer">4628840</desc_user_id>
  <default_chaptering_book_id type="integer" nil="true"/>
  <default_description_language_code nil="true"/>
</work>
  <average_rating>3.95</average_rating>
  <num_pages><![CDATA[294]]></num_pages>
  <format><![CDATA[Hardcover]]></format>
  <edition_information><![CDATA[]]></edition_information>
  <ratings_count><![CDATA[23559]]></ratings_count>
  <text_reviews_count><![CDATA[2496]]></text_reviews_count>
  <url><![CDATA[https://www.goodreads.com/book/show/11093329-the-house-of-silk]]></url>
  <link><![CDATA[https://www.goodreads.com/book/show/11093329-the-house-of-silk]]></link>
  <authors>
<author>
<id>32590</id>
<name>Anthony Horowitz</name>
<role></role>
<image_url nophoto='false'>
<![CDATA[https://images.gr-assets.com/authors/1301176549p5/32590.jpg]]>
</image_url>
<small_image_url nophoto='false'>
<![CDATA[https://images.gr-assets.com/authors/1301176549p2/32590.jpg]]>
</small_image_url>
<link><![CDATA[https://www.goodreads.com/author/show/32590.Anthony_Horowitz]]></link>
<average_rating>4.06</average_rating>
<ratings_count>514799</ratings_count>
<text_reviews_count>25991</text_reviews_count>
</author>
</authors>

    <reviews_widget>
      <![CDATA[
        <style>
  #goodreads-widget {
    font-family: georgia, serif;
    padding: 18px 0;
    width:565px;
  }
  #goodreads-widget h1 {
    font-weight:normal;
    font-size: 16px;
    border-bottom: 1px solid #BBB596;
    margin-bottom: 0;
  }
  #goodreads-widget a {
    text-decoration: none;
    color:#660;
  }
  iframe{
    background-color: #fff;
  }
  #goodreads-widget a:hover { text-decoration: underline; }
  #goodreads-widget a:active {
    color:#660;
  }
  #gr_footer {
    width: 100%;
    border-top: 1px solid #BBB596;
    text-align: right;
  }
  #goodreads-widget .gr_branding{
    color: #382110;
    font-size: 11px;
    text-decoration: none;
    font-family: "Helvetica Neue", Helvetica, Arial, sans-serif;
  }
</style>
<div id="goodreads-widget">
  <div id="gr_header"><h1><a rel="nofollow" href="https://www.goodreads.com/book/show/11093329-the-house-of-silk">The House of Silk Reviews</a></h1></div>
  <iframe id="the_iframe" src="https://www.goodreads.com/api/reviews_widget_iframe?did=DEVELOPER_ID&amp;format=html&amp;isbn=0316196991&amp;links=660&amp;min_rating=&amp;review_back=fff&amp;stars=000&amp;text=000" width="565" height="400" frameborder="0"></iframe>
  <div id="gr_footer">
    <a class="gr_branding" target="_blank" rel="nofollow" href="https://www.goodreads.com/book/show/11093329-the-house-of-silk?utm_medium=api&amp;utm_source=reviews_widget">Reviews from Goodreads.com</a>
  </div>
</div>

      ]]>
    </reviews_widget>
  <popular_shelves>
      <shelf name="to-read" count="26283"/>
      <shelf name="mystery" count="1105"/>
      <shelf name="currently-reading" count="931"/>
      <shelf name="fiction" count="476"/>
      <shelf name="crime" count="339"/>
      <shelf name="historical-fiction" count="288"/>
      <shelf name="sherlock-holmes" count="278"/>
      <shelf name="favorites" count="165"/>
      <shelf name="historical" count="135"/>
      <shelf name="owned" count="122"/>
      <shelf name="audiobook" count="105"/>
      <shelf name="books-i-own" count="104"/>
      <shelf name="detective" count="104"/>
      <shelf name="mysteries" count="97"/>
      <shelf name="sherlock" count="84"/>
      <shelf name="thriller" count="82"/>
      <shelf name="mystery-thriller" count="78"/>
      <shelf name="audiobooks" count="70"/>
      <shelf name="audio" count="68"/>
      <shelf name="series" count="65"/>
      <shelf name="kindle" count="64"/>
      <shelf name="library" count="58"/>
      <shelf name="adult" count="58"/>
      <shelf name="book-club" count="53"/>
      <shelf name="historical-mystery" count="48"/>
      <shelf name="crime-fiction" count="48"/>
      <shelf name="holmes" count="42"/>
      <shelf name="ebook" count="41"/>
      <shelf name="crime-mystery" count="40"/>
      <shelf name="adult-fiction" count="39"/>
      <shelf name="england" count="38"/>
      <shelf name="anthony-horowitz" count="36"/>
      <shelf name="read-in-2012" count="36"/>
      <shelf name="default" count="35"/>
      <shelf name="british" count="35"/>
      <shelf name="adventure" count="34"/>
      <shelf name="audible" count="33"/>
      <shelf name="victorian" count="33"/>
      <shelf name="to-buy" count="33"/>
      <shelf name="favourites" count="32"/>
      <shelf name="owned-books" count="31"/>
      <shelf name="suspense" count="31"/>
      <shelf name="read-in-2013" count="27"/>
      <shelf name="mystery-suspense" count="27"/>
      <shelf name="audio-books" count="26"/>
      <shelf name="wish-list" count="25"/>
      <shelf name="mystery-crime" count="23"/>
      <shelf name="london" count="23"/>
      <shelf name="novels" count="22"/>
      <shelf name="ebooks" count="22"/>
      <shelf name="my-books" count="21"/>
      <shelf name="classics" count="21"/>
      <shelf name="crime-thriller" count="21"/>
      <shelf name="krimi" count="21"/>
      <shelf name="read-2015" count="20"/>
      <shelf name="read-in-2016" count="19"/>
      <shelf name="read-in-2015" count="19"/>
      <shelf name="read-2013" count="19"/>
      <shelf name="19th-century" count="19"/>
      <shelf name="read-2012" count="19"/>
      <shelf name="my-library" count="18"/>
      <shelf name="english" count="18"/>
      <shelf name="library-books" count="18"/>
      <shelf name="audio-book" count="17"/>
      <shelf name="e-book" count="17"/>
      <shelf name="sherlockian" count="16"/>
      <shelf name="young-adult" count="15"/>
      <shelf name="murder" count="15"/>
      <shelf name="ya" count="15"/>
      <shelf name="pastiche" count="15"/>
      <shelf name="sherlockiana" count="15"/>
      <shelf name="did-not-finish" count="14"/>
      <shelf name="borrowed" count="14"/>
      <shelf name="detectives" count="14"/>
      <shelf name="tbr" count="14"/>
      <shelf name="retellings" count="14"/>
      <shelf name="read-in-2017" count="13"/>
      <shelf name="adult-historical-mystery" count="13"/>
      <shelf name="read-2014" count="13"/>
      <shelf name="crime-and-mystery" count="13"/>
      <shelf name="detective-fiction" count="13"/>
      <shelf name="history" count="13"/>
      <shelf name="library-book" count="13"/>
      <shelf name="mystery-thriller-suspense" count="13"/>
      <shelf name="mystery-historical" count="13"/>
      <shelf name="crime-mystery-thriller" count="12"/>
      <shelf name="maybe" count="12"/>
      <shelf name="book-group" count="12"/>
      <shelf name="detective-stories" count="12"/>
      <shelf name="read-in-2011" count="12"/>
      <shelf name="first-in-series" count="11"/>
      <shelf name="retelling" count="11"/>
      <shelf name="to-read-fiction" count="11"/>
      <shelf name="uk" count="11"/>
      <shelf name="2016-reading-challenge" count="10"/>
      <shelf name="read-in-2014" count="10"/>
      <shelf name="contemporary" count="10"/>
      <shelf name="british-literature" count="10"/>
      <shelf name="classic" count="10"/>
      <shelf name="reviewed" count="10"/>
  </popular_shelves>
  <book_links>
    <book_link>
  <id>8</id>
  <name>Libraries</name>
  <link>https://www.goodreads.com/book_link/follow/8</link>
</book_link>

  </book_links>
  <buy_links>
    <buy_link>
<id>1</id>
<name>Amazon</name>
<link>https://www.goodreads.com/book_link/follow/1</link>
</buy_link>
<buy_link>
<id>10</id>
<name>Audible</name>
<link>https://www.goodreads.com/book_link/follow/10</link>
</buy_link>
<buy_link>
<id>3</id>
<name>Barnes &amp; Noble</name>
<link>https://www.goodreads.com/book_link/follow/3</link>
</buy_link>
<buy_link>
<id>1027</id>
<name>Kobo</name>
<link>https://www.goodreads.com/book_link/follow/1027</link>
</buy_link>
<buy_link>
<id>2102</id>
<name>Apple iBooks</name>
<link>https://www.goodreads.com/book_link/follow/2102</link>
</buy_link>
<buy_link>
<id>8036</id>
<name>Google Play</name>
<link>https://www.goodreads.com/book_link/follow/8036</link>
</buy_link>
<buy_link>
<id>4</id>
<name>Abebooks</name>
<link>https://www.goodreads.com/book_link/follow/4</link>
</buy_link>
<buy_link>
<id>882</id>
<name>Book Depository</name>
<link>https://www.goodreads.com/book_link/follow/882</link>
</buy_link>
<buy_link>
<id>9</id>
<name>Indigo</name>
<link>https://www.goodreads.com/book_link/follow/9</link>
</buy_link>
<buy_link>
<id>2</id>
<name>Half.com</name>
<link>https://www.goodreads.com/book_link/follow/2</link>
</buy_link>
<buy_link>
<id>5</id>
<name>Alibris</name>
<link>https://www.goodreads.com/book_link/follow/5</link>
</buy_link>
<buy_link>
<id>107</id>
<name>Better World Books</name>
<link>https://www.goodreads.com/book_link/follow/107</link>
</buy_link>
<buy_link>
<id>7</id>
<name>IndieBound</name>
<link>https://www.goodreads.com/book_link/follow/7</link>
</buy_link>

  </buy_links>
  <series_works>
    <series_work>
<id>679791</id>
<user_position>1</user_position>
<series>
<id>135888</id>
<title>
<![CDATA[
    Sherlock Holmes
]]>
</title>
<description>
<![CDATA[
    The estate of Arthur Conan Doyle announced that Horowitz was to be the writer of a new Sherlock Holmes novel, the first such effort to receive an official endorsement from them.
]]>
</description>
<note>
<![CDATA[
]]>
</note>
<series_works_count>3</series_works_count>
<primary_work_count>2</primary_work_count>
<numbered>true</numbered>
</series>

</series_work>

  </series_works>
  <similar_books>
          <book>
<id>4543979</id>
<title><![CDATA[Dust and Shadow: An Account of the Ripper Killings by Dr. John H. Watson]]></title>
<title_without_series><![CDATA[Dust and Shadow: An Account of the Ripper Killings by Dr. John H. Watson]]></title_without_series>
<link><![CDATA[https://www.goodreads.com/book/show/4543979-dust-and-shadow]]></link>
<small_image_url><![CDATA[https://s.gr-assets.com/assets/nophoto/book/50x75-a91bf249278a81aabab721ef782c4a74.png]]></small_image_url>
<image_url><![CDATA[https://s.gr-assets.com/assets/nophoto/book/111x148-bcc042a9c91a29c1d680899eff700a03.png]]></image_url>
<num_pages>325</num_pages>
<work>
<id>4593256</id>
</work>
<isbn>1416583300</isbn>
<isbn13>9781416583301</isbn13>
<average_rating>3.98</average_rating>
<ratings_count>5875</ratings_count>
<publication_year></publication_year>
<publication_month></publication_month>
<publication_day></publication_day>
<authors>
<author>
<id>1894025</id>
<name>Lyndsay Faye</name>
<link><![CDATA[https://www.goodreads.com/author/show/1894025.Lyndsay_Faye]]></link>
</author>
</authors>
</book>

          <book>
<id>1366110</id>
<title>The Patient&apos;s Eyes</title>
<title_without_series>The Patient&apos;s Eyes</title_without_series>
<link><![CDATA[https://www.goodreads.com/book/show/1366110.The_Patient_s_Eyes]]></link>
<small_image_url><![CDATA[https://s.gr-assets.com/assets/nophoto/book/50x75-a91bf249278a81aabab721ef782c4a74.png]]></small_image_url>
<image_url><![CDATA[https://s.gr-assets.com/assets/nophoto/book/111x148-bcc042a9c91a29c1d680899eff700a03.png]]></image_url>
<num_pages>336</num_pages>
<work>
<id>1355936</id>
</work>
<isbn>0099478781</isbn>
<isbn13>9780099478782</isbn13>
<average_rating>3.76</average_rating>
<ratings_count>546</ratings_count>
<publication_year>2004</publication_year>
<publication_month>5</publication_month>
<publication_day>6</publication_day>
<authors>
<author>
<id>15013</id>
<name>David Pirie</name>
<link><![CDATA[https://www.goodreads.com/author/show/15013.David_Pirie]]></link>
</author>
</authors>
</book>

          <book>
<id>9572094</id>
<title><![CDATA[A Study In Lavender: Queering Sherlock Holmes]]></title>
<title_without_series><![CDATA[A Study In Lavender: Queering Sherlock Holmes]]></title_without_series>
<link><![CDATA[https://www.goodreads.com/book/show/9572094-a-study-in-lavender]]></link>
<small_image_url><![CDATA[https://s.gr-assets.com/assets/nophoto/book/50x75-a91bf249278a81aabab721ef782c4a74.png]]></small_image_url>
<image_url><![CDATA[https://s.gr-assets.com/assets/nophoto/book/111x148-bcc042a9c91a29c1d680899eff700a03.png]]></image_url>
<num_pages>303</num_pages>
<work>
<id>14458931</id>
</work>
<isbn>1590210387</isbn>
<isbn13>9781590210383</isbn13>
<average_rating>3.76</average_rating>
<ratings_count>371</ratings_count>
<publication_year>2011</publication_year>
<publication_month>6</publication_month>
<publication_day>1</publication_day>
<authors>
<author>
<id>5600620</id>
<name>Joseph R.G. DeMarco</name>
<link><![CDATA[https://www.goodreads.com/author/show/5600620.Joseph_R_G_DeMarco]]></link>
</author>
</authors>
</book>

          <book>
<id>10635411</id>
<title><![CDATA[Professor Moriarty: The Hound of the D'Urbervilles]]></title>
<title_without_series><![CDATA[Professor Moriarty: The Hound of the D'Urbervilles]]></title_without_series>
<link><![CDATA[https://www.goodreads.com/book/show/10635411-professor-moriarty]]></link>
<small_image_url><![CDATA[https://s.gr-assets.com/assets/nophoto/book/50x75-a91bf249278a81aabab721ef782c4a74.png]]></small_image_url>
<image_url><![CDATA[https://s.gr-assets.com/assets/nophoto/book/111x148-bcc042a9c91a29c1d680899eff700a03.png]]></image_url>
<num_pages>476</num_pages>
<work>
<id>15544066</id>
</work>
<isbn>0857682830</isbn>
<isbn13>9780857682833</isbn13>
<average_rating>4.08</average_rating>
<ratings_count>2668</ratings_count>
<publication_year>2011</publication_year>
<publication_month>10</publication_month>
<publication_day>4</publication_day>
<authors>
<author>
<id>18879</id>
<name>Kim Newman</name>
<link><![CDATA[https://www.goodreads.com/author/show/18879.Kim_Newman]]></link>
</author>
</authors>
</book>

          <book>
<id>1094486</id>
<title>The Whitechapel Horrors</title>
<title_without_series>The Whitechapel Horrors</title_without_series>
<link><![CDATA[https://www.goodreads.com/book/show/1094486.The_Whitechapel_Horrors]]></link>
<small_image_url><![CDATA[https://s.gr-assets.com/assets/nophoto/book/50x75-a91bf249278a81aabab721ef782c4a74.png]]></small_image_url>
<image_url><![CDATA[https://s.gr-assets.com/assets/nophoto/book/111x148-bcc042a9c91a29c1d680899eff700a03.png]]></image_url>
<num_pages>395</num_pages>
<work>
<id>1081305</id>
</work>
<isbn>0881848611</isbn>
<isbn13>9780881848618</isbn13>
<average_rating>3.87</average_rating>
<ratings_count>1003</ratings_count>
<publication_year>1992</publication_year>
<publication_month>10</publication_month>
<publication_day></publication_day>
<authors>
<author>
<id>169373</id>
<name>Edward B. Hanna</name>
<link><![CDATA[https://www.goodreads.com/author/show/169373.Edward_B_Hanna]]></link>
</author>
</authors>
</book>

          <book>
<id>3546735</id>
<title><![CDATA[Gaslight Grimoire: Fantastic Tales of Sherlock Holmes]]></title>
<title_without_series><![CDATA[Gaslight Grimoire: Fantastic Tales of Sherlock Holmes]]></title_without_series>
<link><![CDATA[https://www.goodreads.com/book/show/3546735-gaslight-grimoire]]></link>
<small_image_url><![CDATA[https://images.gr-assets.com/books/1328697219s/3546735.jpg]]></small_image_url>
<image_url><![CDATA[https://images.gr-assets.com/books/1328697219m/3546735.jpg]]></image_url>
<num_pages>317</num_pages>
<work>
<id>3588772</id>
</work>
<isbn>1894063171</isbn>
<isbn13>9781894063173</isbn13>
<average_rating>4.01</average_rating>
<ratings_count>859</ratings_count>
<publication_year>2008</publication_year>
<publication_month>10</publication_month>
<publication_day>1</publication_day>
<authors>
<author>
<id>1500144</id>
<name>Charles Prepolec</name>
<link><![CDATA[https://www.goodreads.com/author/show/1500144.Charles_Prepolec]]></link>
</author>
</authors>
</book>

          <book>
<id>7489526</id>
<title><![CDATA[The Further Adventures of Sherlock Holmes: The Seventh Bullet (The Further Adventures of Sherlock Holmes)]]></title>
<title_without_series><![CDATA[The Further Adventures of Sherlock Holmes: The Seventh Bullet]]></title_without_series>
<link><![CDATA[https://www.goodreads.com/book/show/7489526-the-further-adventures-of-sherlock-holmes]]></link>
<small_image_url><![CDATA[https://images.gr-assets.com/books/1320508869s/7489526.jpg]]></small_image_url>
<image_url><![CDATA[https://images.gr-assets.com/books/1320508869m/7489526.jpg]]></image_url>
<num_pages>223</num_pages>
<work>
<id>9626705</id>
</work>
<isbn>184856676X</isbn>
<isbn13>9781848566767</isbn13>
<average_rating>3.99</average_rating>
<ratings_count>284</ratings_count>
<publication_year>2010</publication_year>
<publication_month>6</publication_month>
<publication_day>22</publication_day>
<authors>
<author>
<id>945052</id>
<name>Daniel D. Victor</name>
<link><![CDATA[https://www.goodreads.com/author/show/945052.Daniel_D_Victor]]></link>
</author>
</authors>
</book>

          <book>
<id>76196</id>
<title><![CDATA[Sherlock Holmes and the Ice Palace Murders: From the American Chronicles of John H. Watson, M.D.]]></title>
<title_without_series><![CDATA[Sherlock Holmes and the Ice Palace Murders: From the American Chronicles of John H. Watson, M.D.]]></title_without_series>
<link><![CDATA[https://www.goodreads.com/book/show/76196.Sherlock_Holmes_and_the_Ice_Palace_Murders]]></link>
<small_image_url><![CDATA[https://s.gr-assets.com/assets/nophoto/book/50x75-a91bf249278a81aabab721ef782c4a74.png]]></small_image_url>
<image_url><![CDATA[https://s.gr-assets.com/assets/nophoto/book/111x148-bcc042a9c91a29c1d680899eff700a03.png]]></image_url>
<num_pages>336</num_pages>
<work>
<id>2188197</id>
</work>
<isbn>0140280898</isbn>
<isbn13>9780140280890</isbn13>
<average_rating>4.00</average_rating>
<ratings_count>661</ratings_count>
<publication_year>1999</publication_year>
<publication_month>10</publication_month>
<publication_day>1</publication_day>
<authors>
<author>
<id>43311</id>
<name>Larry Millett</name>
<link><![CDATA[https://www.goodreads.com/author/show/43311.Larry_Millett]]></link>
</author>
</authors>
</book>

          <book>
<id>15872002</id>
<title><![CDATA[The Perils of Sherlock Holmes: Short Stories]]></title>
<title_without_series><![CDATA[The Perils of Sherlock Holmes: Short Stories]]></title_without_series>
<link><![CDATA[https://www.goodreads.com/book/show/15872002-the-perils-of-sherlock-holmes]]></link>
<small_image_url><![CDATA[https://images.gr-assets.com/books/1368425388s/15872002.jpg]]></small_image_url>
<image_url><![CDATA[https://images.gr-assets.com/books/1368425388m/15872002.jpg]]></image_url>
<num_pages></num_pages>
<work>
<id>21622439</id>
</work>
<isbn>144054414X</isbn>
<isbn13>9781440544149</isbn13>
<average_rating>3.64</average_rating>
<ratings_count>248</ratings_count>
<publication_year></publication_year>
<publication_month></publication_month>
<publication_day></publication_day>
<authors>
<author>
<id>13371</id>
<name>Loren D. Estleman</name>
<link><![CDATA[https://www.goodreads.com/author/show/13371.Loren_D_Estleman]]></link>
</author>
</authors>
</book>

          <book>
<id>196634</id>
<title><![CDATA[The Oriental Casebook of Sherlock Holmes]]></title>
<title_without_series><![CDATA[The Oriental Casebook of Sherlock Holmes]]></title_without_series>
<link><![CDATA[https://www.goodreads.com/book/show/196634.The_Oriental_Casebook_of_Sherlock_Holmes]]></link>
<small_image_url><![CDATA[https://s.gr-assets.com/assets/nophoto/book/50x75-a91bf249278a81aabab721ef782c4a74.png]]></small_image_url>
<image_url><![CDATA[https://s.gr-assets.com/assets/nophoto/book/111x148-bcc042a9c91a29c1d680899eff700a03.png]]></image_url>
<num_pages></num_pages>
<work>
<id>190181</id>
</work>
<isbn>1400060656</isbn>
<isbn13>9781400060658</isbn13>
<average_rating>4.08</average_rating>
<ratings_count>585</ratings_count>
<publication_year></publication_year>
<publication_month></publication_month>
<publication_day></publication_day>
<authors>
<author>
<id>114573</id>
<name>Ted Riccardi</name>
<link><![CDATA[https://www.goodreads.com/author/show/114573.Ted_Riccardi]]></link>
</author>
</authors>
</book>

          <book>
<id>10866398</id>
<title><![CDATA[A Study in Sherlock: Stories Inspired by the Holmes Canon]]></title>
<title_without_series><![CDATA[A Study in Sherlock: Stories Inspired by the Holmes Canon]]></title_without_series>
<link><![CDATA[https://www.goodreads.com/book/show/10866398-a-study-in-sherlock]]></link>
<small_image_url><![CDATA[https://images.gr-assets.com/books/1320565528s/10866398.jpg]]></small_image_url>
<image_url><![CDATA[https://images.gr-assets.com/books/1320565528m/10866398.jpg]]></image_url>
<num_pages>385</num_pages>
<work>
<id>15781597</id>
</work>
<isbn>0812982460</isbn>
<isbn13>9780812982466</isbn13>
<average_rating>3.74</average_rating>
<ratings_count>3040</ratings_count>
<publication_year>2011</publication_year>
<publication_month>10</publication_month>
<publication_day>25</publication_day>
<authors>
<author>
<id>6760</id>
<name>Laurie R. King</name>
<link><![CDATA[https://www.goodreads.com/author/show/6760.Laurie_R_King]]></link>
</author>
</authors>
</book>

          <book>
<id>12064253</id>
<title><![CDATA[The Further Adventures of Sherlock Holmes: The Titanic Tragedy]]></title>
<title_without_series><![CDATA[The Further Adventures of Sherlock Holmes: The Titanic Tragedy]]></title_without_series>
<link><![CDATA[https://www.goodreads.com/book/show/12064253-the-further-adventures-of-sherlock-holmes]]></link>
<small_image_url><![CDATA[https://images.gr-assets.com/books/1320402062s/12064253.jpg]]></small_image_url>
<image_url><![CDATA[https://images.gr-assets.com/books/1320402062m/12064253.jpg]]></image_url>
<num_pages>256</num_pages>
<work>
<id>17031623</id>
</work>
<isbn>0857687107</isbn>
<isbn13>9780857687104</isbn13>
<average_rating>4.03</average_rating>
<ratings_count>578</ratings_count>
<publication_year>2012</publication_year>
<publication_month>3</publication_month>
<publication_day>13</publication_day>
<authors>
<author>
<id>375507</id>
<name>William Seil</name>
<link><![CDATA[https://www.goodreads.com/author/show/375507.William_Seil]]></link>
</author>
</authors>
</book>

          <book>
<id>571796</id>
<title>The Angel of the Opera</title>
<title_without_series>The Angel of the Opera</title_without_series>
<link><![CDATA[https://www.goodreads.com/book/show/571796.The_Angel_of_the_Opera]]></link>
<small_image_url><![CDATA[https://s.gr-assets.com/assets/nophoto/book/50x75-a91bf249278a81aabab721ef782c4a74.png]]></small_image_url>
<image_url><![CDATA[https://s.gr-assets.com/assets/nophoto/book/111x148-bcc042a9c91a29c1d680899eff700a03.png]]></image_url>
<num_pages>256</num_pages>
<work>
<id>558825</id>
</work>
<isbn>1883402468</isbn>
<isbn13>9781883402464</isbn13>
<average_rating>3.85</average_rating>
<ratings_count>792</ratings_count>
<publication_year>1994</publication_year>
<publication_month>12</publication_month>
<publication_day>31</publication_day>
<authors>
<author>
<id>172108</id>
<name>Sam Siciliano</name>
<link><![CDATA[https://www.goodreads.com/author/show/172108.Sam_Siciliano]]></link>
</author>
</authors>
</book>

          <book>
<id>7810380</id>
<title>The Sherlockian</title>
<title_without_series>The Sherlockian</title_without_series>
<link><![CDATA[https://www.goodreads.com/book/show/7810380-the-sherlockian]]></link>
<small_image_url><![CDATA[https://images.gr-assets.com/books/1289519849s/7810380.jpg]]></small_image_url>
<image_url><![CDATA[https://images.gr-assets.com/books/1289519849m/7810380.jpg]]></image_url>
<num_pages>350</num_pages>
<work>
<id>10819949</id>
</work>
<isbn>0446572594</isbn>
<isbn13>9780446572590</isbn13>
<average_rating>3.63</average_rating>
<ratings_count>9553</ratings_count>
<publication_year></publication_year>
<publication_month></publication_month>
<publication_day></publication_day>
<authors>
<author>
<id>3041690</id>
<name>Graham Moore</name>
<link><![CDATA[https://www.goodreads.com/author/show/3041690.Graham_Moore]]></link>
</author>
</authors>
</book>

          <book>
<id>76225</id>
<title><![CDATA[The Revenge of the Hound: A Sherlock Holmes Mystery]]></title>
<title_without_series><![CDATA[The Revenge of the Hound: A Sherlock Holmes Mystery]]></title_without_series>
<link><![CDATA[https://www.goodreads.com/book/show/76225.The_Revenge_of_the_Hound]]></link>
<small_image_url><![CDATA[https://s.gr-assets.com/assets/nophoto/book/50x75-a91bf249278a81aabab721ef782c4a74.png]]></small_image_url>
<image_url><![CDATA[https://s.gr-assets.com/assets/nophoto/book/111x148-bcc042a9c91a29c1d680899eff700a03.png]]></image_url>
<num_pages>352</num_pages>
<work>
<id>73745</id>
</work>
<isbn>0743498240</isbn>
<isbn13>9780743498241</isbn13>
<average_rating>4.06</average_rating>
<ratings_count>1165</ratings_count>
<publication_year>2004</publication_year>
<publication_month>9</publication_month>
<publication_day>28</publication_day>
<authors>
<author>
<id>43327</id>
<name>Michael Hardwick</name>
<link><![CDATA[https://www.goodreads.com/author/show/43327.Michael_Hardwick]]></link>
</author>
</authors>
</book>

          <book>
<id>11741433</id>
<title><![CDATA[Oscar Wilde and the Vatican Murders (The Oscar Wilde Murder Mysteries #5)]]></title>
<title_without_series><![CDATA[Oscar Wilde and the Vatican Murders]]></title_without_series>
<link><![CDATA[https://www.goodreads.com/book/show/11741433-oscar-wilde-and-the-vatican-murders]]></link>
<small_image_url><![CDATA[https://images.gr-assets.com/books/1329823578s/11741433.jpg]]></small_image_url>
<image_url><![CDATA[https://images.gr-assets.com/books/1329823578m/11741433.jpg]]></image_url>
<num_pages></num_pages>
<work>
<id>16690789</id>
</work>
<isbn>184854250X</isbn>
<isbn13>9781848542501</isbn13>
<average_rating>3.76</average_rating>
<ratings_count>567</ratings_count>
<publication_year>2011</publication_year>
<publication_month>9</publication_month>
<publication_day>1</publication_day>
<authors>
<author>
<id>210683</id>
<name>Gyles Brandreth</name>
<link><![CDATA[https://www.goodreads.com/author/show/210683.Gyles_Brandreth]]></link>
</author>
</authors>
</book>

          <book>
<id>292113</id>
<title><![CDATA[The Private Life Of Sherlock Holmes]]></title>
<title_without_series><![CDATA[The Private Life Of Sherlock Holmes]]></title_without_series>
<link><![CDATA[https://www.goodreads.com/book/show/292113.The_Private_Life_Of_Sherlock_Holmes]]></link>
<small_image_url><![CDATA[https://images.gr-assets.com/books/1333751482s/292113.jpg]]></small_image_url>
<image_url><![CDATA[https://images.gr-assets.com/books/1333751482m/292113.jpg]]></image_url>
<num_pages></num_pages>
<work>
<id>283426</id>
</work>
<isbn>0523006950</isbn>
<isbn13>9780523006956</isbn13>
<average_rating>4.22</average_rating>
<ratings_count>633</ratings_count>
<publication_year></publication_year>
<publication_month></publication_month>
<publication_day></publication_day>
<authors>
<author>
<id>50943</id>
<name>Vincent Starrett</name>
<link><![CDATA[https://www.goodreads.com/author/show/50943.Vincent_Starrett]]></link>
</author>
</authors>
</book>

          <book>
<id>6262656</id>
<title><![CDATA[The Secret Journals of Sherlock Holmes]]></title>
<title_without_series><![CDATA[The Secret Journals of Sherlock Holmes]]></title_without_series>
<link><![CDATA[https://www.goodreads.com/book/show/6262656-the-secret-journals-of-sherlock-holmes]]></link>
<small_image_url><![CDATA[https://images.gr-assets.com/books/1337487798s/6262656.jpg]]></small_image_url>
<image_url><![CDATA[https://images.gr-assets.com/books/1337487798m/6262656.jpg]]></image_url>
<num_pages>352</num_pages>
<work>
<id>6445630</id>
</work>
<isbn>0749003294</isbn>
<isbn13>9780749003296</isbn13>
<average_rating>3.74</average_rating>
<ratings_count>113</ratings_count>
<publication_year></publication_year>
<publication_month></publication_month>
<publication_day></publication_day>
<authors>
<author>
<id>43343</id>
<name>June Thomson</name>
<link><![CDATA[https://www.goodreads.com/author/show/43343.June_Thomson]]></link>
</author>
</authors>
</book>

  </similar_books>
</book>

</GoodreadsResponse>