<?xml version="1.0" encoding="UTF-8"?>
<GoodreadsResponse>
  <Request>
    <authentication>true</authentication>
      <key><![CDATA[all_men_must_serve]]></key>
    <method><![CDATA[book_show]]></method>
  </Request>
  <book>
  <id>11107244</id>
  <title><![CDATA[The Better Angels of Our Nature: Why Violence Has Declined]]></title>
  <isbn><![CDATA[0670022950]]></isbn>
  <isbn13><![CDATA[9780670022953]]></isbn13>
  <asin><![CDATA[]]></asin>
  <kindle_asin><![CDATA[B005HHSYMW]]></kindle_asin>
  <marketplace_id><![CDATA[A1F83G8C2ARO7P]]></marketplace_id>
  <country_code><![CDATA[GB]]></country_code>
  <image_url>https://images.gr-assets.com/books/1311281857m/11107244.jpg</image_url>
  <small_image_url>https://images.gr-assets.com/books/1311281857s/11107244.jpg</small_image_url>
  <publication_year>2011</publication_year>
  <publication_month>10</publication_month>
  <publication_day>4</publication_day>
  <publisher>Viking</publisher>
  <language_code>eng</language_code>
  <is_ebook>false</is_ebook>
  <description><![CDATA[<b>Selected by <i>The New York Times Book Review</i> as a Notable Book of the Year. </b><b> The author of <i>The New York Times</i> bestseller <i>The Stuff of Thought</i> offers a controversial history of violence. </b><br /><br />Faced with the ceaseless stream of news about war, crime, and terrorism, one could easily think we live in the most violent age ever seen. Yet as New York Times bestselling author Steven Pinker shows in this startling and engaging new work, just the opposite is true: violence has been diminishing for millennia and we may be living in the most peaceful time in our species's existence. For most of history, war, slavery, infanticide, child abuse, assassinations, pogroms, gruesome punishments, deadly quarrels, and genocide were ordinary features of life. But today, Pinker shows (with the help of more than a hundred graphs and maps) all these forms of violence have dwindled and are widely condemned. How has this happened?<br /><br />This groundbreaking book continues Pinker's exploration of the essence of human nature, mixing psychology and history to provide a remarkable picture of an increasingly nonviolent world. The key, he explains, is to understand our intrinsic motives- the inner demons that incline us toward violence and the better angels that steer us away-and how changing circumstances have allowed our better angels to prevail. Exploding fatalist myths about humankind's inherent violence and the curse of modernity, this ambitious and provocative book is sure to be hotly debated in living rooms and the Pentagon alike, and will challenge and change the way we think about our society.]]></description>
  <work>
  <id type="integer">16029496</id>
  <books_count type="integer">40</books_count>
  <best_book_id type="integer">11107244</best_book_id>
  <reviews_count type="integer">56530</reviews_count>
  <ratings_sum type="integer">54436</ratings_sum>
  <ratings_count type="integer">12977</ratings_count>
  <text_reviews_count type="integer">1288</text_reviews_count>
  <original_publication_year type="integer">2010</original_publication_year>
  <original_publication_month type="integer" nil="true"/>
  <original_publication_day type="integer" nil="true"/>
  <original_title>The Better Angels of Our Nature. Why Violence has Declined</original_title>
  <original_language_id type="integer" nil="true"/>
  <media_type>book</media_type>
  <rating_dist>5:6244|4:4137|3:1779|2:514|1:303|total:12977</rating_dist>
  <desc_user_id type="integer">-110</desc_user_id>
  <default_chaptering_book_id type="integer" nil="true"/>
  <default_description_language_code nil="true"/>
</work>
  <average_rating>4.19</average_rating>
  <num_pages><![CDATA[802]]></num_pages>
  <format><![CDATA[Hardcover]]></format>
  <edition_information><![CDATA[]]></edition_information>
  <ratings_count><![CDATA[11451]]></ratings_count>
  <text_reviews_count><![CDATA[1137]]></text_reviews_count>
  <url><![CDATA[https://www.goodreads.com/book/show/11107244-the-better-angels-of-our-nature]]></url>
  <link><![CDATA[https://www.goodreads.com/book/show/11107244-the-better-angels-of-our-nature]]></link>
  <authors>
<author>
<id>3915</id>
<name>Steven Pinker</name>
<role></role>
<image_url nophoto='false'>
<![CDATA[https://images.gr-assets.com/authors/1235758085p5/3915.jpg]]>
</image_url>
<small_image_url nophoto='false'>
<![CDATA[https://images.gr-assets.com/authors/1235758085p2/3915.jpg]]>
</small_image_url>
<link><![CDATA[https://www.goodreads.com/author/show/3915.Steven_Pinker]]></link>
<average_rating>4.03</average_rating>
<ratings_count>75085</ratings_count>
<text_reviews_count>4593</text_reviews_count>
</author>
</authors>

    <reviews_widget>
      <![CDATA[
        <style>
  #goodreads-widget {
    font-family: georgia, serif;
    padding: 18px 0;
    width:565px;
  }
  #goodreads-widget h1 {
    font-weight:normal;
    font-size: 16px;
    border-bottom: 1px solid #BBB596;
    margin-bottom: 0;
  }
  #goodreads-widget a {
    text-decoration: none;
    color:#660;
  }
  iframe{
    background-color: #fff;
  }
  #goodreads-widget a:hover { text-decoration: underline; }
  #goodreads-widget a:active {
    color:#660;
  }
  #gr_footer {
    width: 100%;
    border-top: 1px solid #BBB596;
    text-align: right;
  }
  #goodreads-widget .gr_branding{
    color: #382110;
    font-size: 11px;
    text-decoration: none;
    font-family: "Helvetica Neue", Helvetica, Arial, sans-serif;
  }
</style>
<div id="goodreads-widget">
  <div id="gr_header"><h1><a rel="nofollow" href="https://www.goodreads.com/book/show/11107244-the-better-angels-of-our-nature">The Better Angels of Our Nature Reviews</a></h1></div>
  <iframe id="the_iframe" src="https://www.goodreads.com/api/reviews_widget_iframe?did=DEVELOPER_ID&amp;format=html&amp;isbn=0670022950&amp;links=660&amp;min_rating=&amp;review_back=fff&amp;stars=000&amp;text=000" width="565" height="400" frameborder="0"></iframe>
  <div id="gr_footer">
    <a class="gr_branding" target="_blank" rel="nofollow" href="https://www.goodreads.com/book/show/11107244-the-better-angels-of-our-nature?utm_medium=api&amp;utm_source=reviews_widget">Reviews from Goodreads.com</a>
  </div>
</div>

      ]]>
    </reviews_widget>
  <popular_shelves>
      <shelf name="to-read" count="38936"/>
      <shelf name="currently-reading" count="3272"/>
      <shelf name="non-fiction" count="797"/>
      <shelf name="history" count="572"/>
      <shelf name="psychology" count="407"/>
      <shelf name="science" count="397"/>
      <shelf name="nonfiction" count="286"/>
      <shelf name="sociology" count="217"/>
      <shelf name="philosophy" count="186"/>
      <shelf name="favorites" count="165"/>
      <shelf name="politics" count="102"/>
      <shelf name="anthropology" count="74"/>
      <shelf name="to-buy" count="48"/>
      <shelf name="social-science" count="45"/>
      <shelf name="audiobook" count="45"/>
      <shelf name="library" count="42"/>
      <shelf name="owned" count="41"/>
      <shelf name="society" count="38"/>
      <shelf name="to-read-non-fiction" count="38"/>
      <shelf name="abandoned" count="36"/>
      <shelf name="audible" count="35"/>
      <shelf name="kindle" count="31"/>
      <shelf name="wish-list" count="31"/>
      <shelf name="audio" count="30"/>
      <shelf name="to-read-nonfiction" count="30"/>
      <shelf name="audiobooks" count="30"/>
      <shelf name="bill-gates" count="29"/>
      <shelf name="violence" count="29"/>
      <shelf name="crime" count="29"/>
      <shelf name="culture" count="28"/>
      <shelf name="non-fiction-to-read" count="25"/>
      <shelf name="war" count="24"/>
      <shelf name="evolution" count="24"/>
      <shelf name="ebook" count="23"/>
      <shelf name="popular-science" count="23"/>
      <shelf name="unfinished" count="21"/>
      <shelf name="recommended" count="21"/>
      <shelf name="social" count="20"/>
      <shelf name="ebooks" count="19"/>
      <shelf name="a-year-of-books" count="18"/>
      <shelf name="must-read" count="18"/>
      <shelf name="book-club" count="18"/>
      <shelf name="default" count="17"/>
      <shelf name="religion" count="16"/>
      <shelf name="ethics" count="15"/>
      <shelf name="neuroscience" count="15"/>
      <shelf name="zuckerberg" count="14"/>
      <shelf name="maybe" count="14"/>
      <shelf name="economics" count="14"/>
      <shelf name="gates" count="13"/>
      <shelf name="owned-books" count="13"/>
      <shelf name="nonfiction-to-read" count="13"/>
      <shelf name="on-hold" count="13"/>
      <shelf name="historical" count="13"/>
      <shelf name="social-sciences" count="13"/>
      <shelf name="psychology-sociology" count="12"/>
      <shelf name="psych" count="12"/>
      <shelf name="stopped-reading" count="12"/>
      <shelf name="political-science" count="11"/>
      <shelf name="criminology" count="11"/>
      <shelf name="want-to-buy" count="10"/>
      <shelf name="books-i-own" count="10"/>
      <shelf name="didn-t-finish" count="10"/>
      <shelf name="business" count="9"/>
      <shelf name="cognitive-science" count="9"/>
      <shelf name="did-not-finish" count="9"/>
      <shelf name="biology" count="9"/>
      <shelf name="human-nature" count="9"/>
      <shelf name="calibre" count="9"/>
      <shelf name="non-fic" count="9"/>
      <shelf name="mark-zuckerberg" count="8"/>
      <shelf name="to-read-nf" count="8"/>
      <shelf name="want" count="8"/>
      <shelf name="recommendations" count="8"/>
      <shelf name="audio-books" count="8"/>
      <shelf name="world-history" count="8"/>
      <shelf name="current-events" count="8"/>
      <shelf name="my-library" count="8"/>
      <shelf name="retail" count="8"/>
      <shelf name="amazon-com" count="8"/>
      <shelf name="nature" count="8"/>
      <shelf name="academic" count="8"/>
      <shelf name="mind" count="8"/>
      <shelf name="interesting" count="8"/>
      <shelf name="next" count="7"/>
      <shelf name="favourites" count="7"/>
      <shelf name="research" count="7"/>
      <shelf name="history-politics" count="7"/>
      <shelf name="morality" count="7"/>
      <shelf name="pop-science" count="7"/>
      <shelf name="overdrive" count="7"/>
      <shelf name="on-deck" count="7"/>
      <shelf name="social-issues" count="7"/>
      <shelf name="other" count="7"/>
      <shelf name="english" count="7"/>
      <shelf name="century" count="7"/>
      <shelf name="21st" count="7"/>
      <shelf name="21st-century" count="7"/>
      <shelf name="shelfari-wishlist" count="6"/>
      <shelf name="world" count="6"/>
  </popular_shelves>
  <book_links>
    <book_link>
  <id>8</id>
  <name>Libraries</name>
  <link>https://www.goodreads.com/book_link/follow/8</link>
</book_link>

  </book_links>
  <buy_links>
    <buy_link>
<id>1</id>
<name>Amazon</name>
<link>https://www.goodreads.com/book_link/follow/1</link>
</buy_link>
<buy_link>
<id>10</id>
<name>Audible</name>
<link>https://www.goodreads.com/book_link/follow/10</link>
</buy_link>
<buy_link>
<id>3</id>
<name>Barnes &amp; Noble</name>
<link>https://www.goodreads.com/book_link/follow/3</link>
</buy_link>
<buy_link>
<id>1027</id>
<name>Kobo</name>
<link>https://www.goodreads.com/book_link/follow/1027</link>
</buy_link>
<buy_link>
<id>2102</id>
<name>Apple iBooks</name>
<link>https://www.goodreads.com/book_link/follow/2102</link>
</buy_link>
<buy_link>
<id>8036</id>
<name>Google Play</name>
<link>https://www.goodreads.com/book_link/follow/8036</link>
</buy_link>
<buy_link>
<id>4</id>
<name>Abebooks</name>
<link>https://www.goodreads.com/book_link/follow/4</link>
</buy_link>
<buy_link>
<id>882</id>
<name>Book Depository</name>
<link>https://www.goodreads.com/book_link/follow/882</link>
</buy_link>
<buy_link>
<id>9</id>
<name>Indigo</name>
<link>https://www.goodreads.com/book_link/follow/9</link>
</buy_link>
<buy_link>
<id>2</id>
<name>Half.com</name>
<link>https://www.goodreads.com/book_link/follow/2</link>
</buy_link>
<buy_link>
<id>5</id>
<name>Alibris</name>
<link>https://www.goodreads.com/book_link/follow/5</link>
</buy_link>
<buy_link>
<id>107</id>
<name>Better World Books</name>
<link>https://www.goodreads.com/book_link/follow/107</link>
</buy_link>
<buy_link>
<id>7</id>
<name>IndieBound</name>
<link>https://www.goodreads.com/book_link/follow/7</link>
</buy_link>

  </buy_links>
  <series_works>
    
  </series_works>
  <similar_books>
          <book>
<id>9754534</id>
<title><![CDATA[The Believing Brain: From Ghosts and Gods to Politics and Conspiracies How We Construct Beliefs and Reinforce Them as Truths]]></title>
<title_without_series><![CDATA[The Believing Brain: From Ghosts and Gods to Politics and Conspiracies How We Construct Beliefs and Reinforce Them as Truths]]></title_without_series>
<link><![CDATA[https://www.goodreads.com/book/show/9754534-the-believing-brain]]></link>
<small_image_url><![CDATA[https://images.gr-assets.com/books/1317793577s/9754534.jpg]]></small_image_url>
<image_url><![CDATA[https://images.gr-assets.com/books/1317793577m/9754534.jpg]]></image_url>
<num_pages>400</num_pages>
<work>
<id>14643802</id>
</work>
<isbn>0805091254</isbn>
<isbn13>9780805091250</isbn13>
<average_rating>3.91</average_rating>
<ratings_count>5771</ratings_count>
<publication_year>2011</publication_year>
<publication_month>5</publication_month>
<publication_day>24</publication_day>
<authors>
<author>
<id>47788</id>
<name>Michael Shermer</name>
<link><![CDATA[https://www.goodreads.com/author/show/47788.Michael_Shermer]]></link>
</author>
</authors>
</book>

          <book>
<id>1124380</id>
<title><![CDATA[Nonzero: The Logic of Human Destiny]]></title>
<title_without_series><![CDATA[Nonzero: The Logic of Human Destiny]]></title_without_series>
<link><![CDATA[https://www.goodreads.com/book/show/1124380.Nonzero]]></link>
<small_image_url><![CDATA[https://images.gr-assets.com/books/1320391999s/1124380.jpg]]></small_image_url>
<image_url><![CDATA[https://images.gr-assets.com/books/1320391999m/1124380.jpg]]></image_url>
<num_pages>448</num_pages>
<work>
<id>820748</id>
</work>
<isbn>0679758941</isbn>
<isbn13>9780679758945</isbn13>
<average_rating>3.97</average_rating>
<ratings_count>1628</ratings_count>
<publication_year>2001</publication_year>
<publication_month>1</publication_month>
<publication_day>9</publication_day>
<authors>
<author>
<id>57798</id>
<name>Robert Wright</name>
<link><![CDATA[https://www.goodreads.com/author/show/57798.Robert_Wright]]></link>
</author>
</authors>
</book>

          <book>
<id>10483171</id>
<title><![CDATA[The Beginning of Infinity: Explanations That Transform the World]]></title>
<title_without_series><![CDATA[The Beginning of Infinity: Explanations That Transform the World]]></title_without_series>
<link><![CDATA[https://www.goodreads.com/book/show/10483171-the-beginning-of-infinity]]></link>
<small_image_url><![CDATA[https://images.gr-assets.com/books/1311705051s/10483171.jpg]]></small_image_url>
<image_url><![CDATA[https://images.gr-assets.com/books/1311705051m/10483171.jpg]]></image_url>
<num_pages>487</num_pages>
<work>
<id>15388653</id>
</work>
<isbn>0670022756</isbn>
<isbn13>9780670022755</isbn13>
<average_rating>4.08</average_rating>
<ratings_count>2965</ratings_count>
<publication_year></publication_year>
<publication_month></publication_month>
<publication_day></publication_day>
<authors>
<author>
<id>103190</id>
<name>David Deutsch</name>
<link><![CDATA[https://www.goodreads.com/author/show/103190.David_Deutsch]]></link>
</author>
</authors>
</book>

          <book>
<id>12821470</id>
<title><![CDATA[The Republican Brain: The Science of Why They Deny Science--and Reality]]></title>
<title_without_series><![CDATA[The Republican Brain: The Science of Why They Deny Science--and Reality]]></title_without_series>
<link><![CDATA[https://www.goodreads.com/book/show/12821470-the-republican-brain]]></link>
<small_image_url><![CDATA[https://images.gr-assets.com/books/1384259835s/12821470.jpg]]></small_image_url>
<image_url><![CDATA[https://images.gr-assets.com/books/1384259835m/12821470.jpg]]></image_url>
<num_pages>336</num_pages>
<work>
<id>17971120</id>
</work>
<isbn>1118094514</isbn>
<isbn13>9781118094518</isbn13>
<average_rating>3.88</average_rating>
<ratings_count>942</ratings_count>
<publication_year>2012</publication_year>
<publication_month>4</publication_month>
<publication_day>1</publication_day>
<authors>
<author>
<id>4357813</id>
<name>Chris C. Mooney</name>
<link><![CDATA[https://www.goodreads.com/author/show/4357813.Chris_C_Mooney]]></link>
</author>
</authors>
</book>

          <book>
<id>9491855</id>
<title><![CDATA[Why the West Rules—for Now: The Patterns of History, and What They Reveal About the Future]]></title>
<title_without_series><![CDATA[Why the West Rules—for Now: The Patterns of History, and What They Reveal About the Future]]></title_without_series>
<link><![CDATA[https://www.goodreads.com/book/show/9491855-why-the-west-rules-for-now]]></link>
<small_image_url><![CDATA[https://images.gr-assets.com/books/1363862405s/9491855.jpg]]></small_image_url>
<image_url><![CDATA[https://images.gr-assets.com/books/1363862405m/9491855.jpg]]></image_url>
<num_pages>768</num_pages>
<work>
<id>14377318</id>
</work>
<isbn>1429977043</isbn>
<isbn13>9781429977043</isbn13>
<average_rating>4.08</average_rating>
<ratings_count>3101</ratings_count>
<publication_year>2010</publication_year>
<publication_month>10</publication_month>
<publication_day>12</publication_day>
<authors>
<author>
<id>7940621</id>
<name>Ian Morris</name>
<link><![CDATA[https://www.goodreads.com/author/show/7940621.Ian_Morris]]></link>
</author>
</authors>
</book>

          <book>
<id>1116212</id>
<title><![CDATA[Rational Ritual: Culture, Coordination, And Common Knowledge]]></title>
<title_without_series><![CDATA[Rational Ritual: Culture, Coordination, And Common Knowledge]]></title_without_series>
<link><![CDATA[https://www.goodreads.com/book/show/1116212.Rational_Ritual]]></link>
<small_image_url><![CDATA[https://s.gr-assets.com/assets/nophoto/book/50x75-a91bf249278a81aabab721ef782c4a74.png]]></small_image_url>
<image_url><![CDATA[https://s.gr-assets.com/assets/nophoto/book/111x148-bcc042a9c91a29c1d680899eff700a03.png]]></image_url>
<num_pages></num_pages>
<work>
<id>1103225</id>
</work>
<isbn>069100949X</isbn>
<isbn13>9780691009490</isbn13>
<average_rating>3.23</average_rating>
<ratings_count>184</ratings_count>
<publication_year>2001</publication_year>
<publication_month>5</publication_month>
<publication_day>27</publication_day>
<authors>
<author>
<id>550173</id>
<name>Michael Suk-Young Chwe</name>
<link><![CDATA[https://www.goodreads.com/author/show/550173.Michael_Suk_Young_Chwe]]></link>
</author>
</authors>
</book>

          <book>
<id>22471</id>
<title><![CDATA[The Origins of Virtue: Human Instincts and the Evolution of Cooperation]]></title>
<title_without_series><![CDATA[The Origins of Virtue: Human Instincts and the Evolution of Cooperation]]></title_without_series>
<link><![CDATA[https://www.goodreads.com/book/show/22471.The_Origins_of_Virtue]]></link>
<small_image_url><![CDATA[https://s.gr-assets.com/assets/nophoto/book/50x75-a91bf249278a81aabab721ef782c4a74.png]]></small_image_url>
<image_url><![CDATA[https://s.gr-assets.com/assets/nophoto/book/111x148-bcc042a9c91a29c1d680899eff700a03.png]]></image_url>
<num_pages>265</num_pages>
<work>
<id>1506675</id>
</work>
<isbn>0140264450</isbn>
<isbn13>9780140264456</isbn13>
<average_rating>4.00</average_rating>
<ratings_count>2970</ratings_count>
<publication_year>1998</publication_year>
<publication_month>4</publication_month>
<publication_day>1</publication_day>
<authors>
<author>
<id>3151</id>
<name>Matt Ridley</name>
<link><![CDATA[https://www.goodreads.com/author/show/3151.Matt_Ridley]]></link>
</author>
</authors>
</book>

          <book>
<id>62555</id>
<title>On Human Nature</title>
<title_without_series>On Human Nature</title_without_series>
<link><![CDATA[https://www.goodreads.com/book/show/62555.On_Human_Nature]]></link>
<small_image_url><![CDATA[https://s.gr-assets.com/assets/nophoto/book/50x75-a91bf249278a81aabab721ef782c4a74.png]]></small_image_url>
<image_url><![CDATA[https://s.gr-assets.com/assets/nophoto/book/111x148-bcc042a9c91a29c1d680899eff700a03.png]]></image_url>
<num_pages></num_pages>
<work>
<id>2882101</id>
</work>
<isbn>0674016386</isbn>
<isbn13>9780674016385</isbn13>
<average_rating>4.07</average_rating>
<ratings_count>2043</ratings_count>
<publication_year></publication_year>
<publication_month></publication_month>
<publication_day></publication_day>
<authors>
<author>
<id>31624</id>
<name>Edward O. Wilson</name>
<link><![CDATA[https://www.goodreads.com/author/show/31624.Edward_O_Wilson]]></link>
</author>
</authors>
</book>

          <book>
<id>7618917</id>
<title><![CDATA[Nonsense on Stilts: How to Tell Science from Bunk]]></title>
<title_without_series><![CDATA[Nonsense on Stilts: How to Tell Science from Bunk]]></title_without_series>
<link><![CDATA[https://www.goodreads.com/book/show/7618917-nonsense-on-stilts]]></link>
<small_image_url><![CDATA[https://s.gr-assets.com/assets/nophoto/book/50x75-a91bf249278a81aabab721ef782c4a74.png]]></small_image_url>
<image_url><![CDATA[https://s.gr-assets.com/assets/nophoto/book/111x148-bcc042a9c91a29c1d680899eff700a03.png]]></image_url>
<num_pages>336</num_pages>
<work>
<id>10089635</id>
</work>
<isbn>0226667863</isbn>
<isbn13>9780226667867</isbn13>
<average_rating>3.91</average_rating>
<ratings_count>797</ratings_count>
<publication_year>2010</publication_year>
<publication_month>5</publication_month>
<publication_day>15</publication_day>
<authors>
<author>
<id>273300</id>
<name>Massimo Pigliucci</name>
<link><![CDATA[https://www.goodreads.com/author/show/273300.Massimo_Pigliucci]]></link>
</author>
</authors>
</book>

          <book>
<id>17707599</id>
<title><![CDATA[Moral Tribes: Emotion, Reason, and the Gap Between Us and Them]]></title>
<title_without_series><![CDATA[Moral Tribes: Emotion, Reason, and the Gap Between Us and Them]]></title_without_series>
<link><![CDATA[https://www.goodreads.com/book/show/17707599-moral-tribes]]></link>
<small_image_url><![CDATA[https://images.gr-assets.com/books/1368425200s/17707599.jpg]]></small_image_url>
<image_url><![CDATA[https://images.gr-assets.com/books/1368425200m/17707599.jpg]]></image_url>
<num_pages>432</num_pages>
<work>
<id>24757128</id>
</work>
<isbn>1594202605</isbn>
<isbn13>9781594202605</isbn13>
<average_rating>4.05</average_rating>
<ratings_count>1343</ratings_count>
<publication_year>2013</publication_year>
<publication_month>10</publication_month>
<publication_day>31</publication_day>
<authors>
<author>
<id>7263329</id>
<name>Joshua D. Greene</name>
<link><![CDATA[https://www.goodreads.com/author/show/7263329.Joshua_D_Greene]]></link>
</author>
</authors>
</book>

          <book>
<id>10955059</id>
<title><![CDATA[Incomplete Nature: How Mind Emerged from Matter]]></title>
<title_without_series><![CDATA[Incomplete Nature: How Mind Emerged from Matter]]></title_without_series>
<link><![CDATA[https://www.goodreads.com/book/show/10955059-incomplete-nature]]></link>
<small_image_url><![CDATA[https://s.gr-assets.com/assets/nophoto/book/50x75-a91bf249278a81aabab721ef782c4a74.png]]></small_image_url>
<image_url><![CDATA[https://s.gr-assets.com/assets/nophoto/book/111x148-bcc042a9c91a29c1d680899eff700a03.png]]></image_url>
<num_pages>624</num_pages>
<work>
<id>15872700</id>
</work>
<isbn>0393049914</isbn>
<isbn13>9780393049916</isbn13>
<average_rating>4.00</average_rating>
<ratings_count>258</ratings_count>
<publication_year>2011</publication_year>
<publication_month>11</publication_month>
<publication_day>21</publication_day>
<authors>
<author>
<id>389341</id>
<name>Terrence W. Deacon</name>
<link><![CDATA[https://www.goodreads.com/author/show/389341.Terrence_W_Deacon]]></link>
</author>
</authors>
</book>

          <book>
<id>20575435</id>
<title><![CDATA[Political Order and Political Decay: From the Industrial Revolution to the Globalization of Democracy]]></title>
<title_without_series><![CDATA[Political Order and Political Decay: From the Industrial Revolution to the Globalization of Democracy]]></title_without_series>
<link><![CDATA[https://www.goodreads.com/book/show/20575435-political-order-and-political-decay]]></link>
<small_image_url><![CDATA[https://images.gr-assets.com/books/1403560044s/20575435.jpg]]></small_image_url>
<image_url><![CDATA[https://images.gr-assets.com/books/1403560044m/20575435.jpg]]></image_url>
<num_pages>672</num_pages>
<work>
<id>39843441</id>
</work>
<isbn>0374227357</isbn>
<isbn13>9780374227357</isbn13>
<average_rating>4.33</average_rating>
<ratings_count>1692</ratings_count>
<publication_year>2014</publication_year>
<publication_month>9</publication_month>
<publication_day>30</publication_day>
<authors>
<author>
<id>32633</id>
<name>Francis Fukuyama</name>
<link><![CDATA[https://www.goodreads.com/author/show/32633.Francis_Fukuyama]]></link>
</author>
</authors>
</book>

          <book>
<id>366821</id>
<title>The Evolution of Cooperation</title>
<title_without_series>The Evolution of Cooperation</title_without_series>
<link><![CDATA[https://www.goodreads.com/book/show/366821.The_Evolution_of_Cooperation]]></link>
<small_image_url><![CDATA[https://s.gr-assets.com/assets/nophoto/book/50x75-a91bf249278a81aabab721ef782c4a74.png]]></small_image_url>
<image_url><![CDATA[https://s.gr-assets.com/assets/nophoto/book/111x148-bcc042a9c91a29c1d680899eff700a03.png]]></image_url>
<num_pages>264</num_pages>
<work>
<id>356829</id>
</work>
<isbn>0465005640</isbn>
<isbn13>9780465005642</isbn13>
<average_rating>4.20</average_rating>
<ratings_count>1116</ratings_count>
<publication_year>2006</publication_year>
<publication_month>12</publication_month>
<publication_day>5</publication_day>
<authors>
<author>
<id>151970</id>
<name>Robert Axelrod</name>
<link><![CDATA[https://www.goodreads.com/author/show/151970.Robert_Axelrod]]></link>
</author>
</authors>
</book>

          <book>
<id>2067</id>
<title><![CDATA[Breaking the Spell: Religion as a Natural Phenomenon]]></title>
<title_without_series><![CDATA[Breaking the Spell: Religion as a Natural Phenomenon]]></title_without_series>
<link><![CDATA[https://www.goodreads.com/book/show/2067.Breaking_the_Spell]]></link>
<small_image_url><![CDATA[https://s.gr-assets.com/assets/nophoto/book/50x75-a91bf249278a81aabab721ef782c4a74.png]]></small_image_url>
<image_url><![CDATA[https://s.gr-assets.com/assets/nophoto/book/111x148-bcc042a9c91a29c1d680899eff700a03.png]]></image_url>
<num_pages></num_pages>
<work>
<id>598404</id>
</work>
<isbn>067003472X</isbn>
<isbn13>9780670034727</isbn13>
<average_rating>3.89</average_rating>
<ratings_count>9378</ratings_count>
<publication_year></publication_year>
<publication_month></publication_month>
<publication_day></publication_day>
<authors>
<author>
<id>6952980</id>
<name>Daniel C. Dennett</name>
<link><![CDATA[https://www.goodreads.com/author/show/6952980.Daniel_C_Dennett]]></link>
</author>
</authors>
</book>

          <book>
<id>8701960</id>
<title><![CDATA[The Information: A History, a Theory, a Flood]]></title>
<title_without_series><![CDATA[The Information: A History, a Theory, a Flood]]></title_without_series>
<link><![CDATA[https://www.goodreads.com/book/show/8701960-the-information]]></link>
<small_image_url><![CDATA[https://s.gr-assets.com/assets/nophoto/book/50x75-a91bf249278a81aabab721ef782c4a74.png]]></small_image_url>
<image_url><![CDATA[https://s.gr-assets.com/assets/nophoto/book/111x148-bcc042a9c91a29c1d680899eff700a03.png]]></image_url>
<num_pages>527</num_pages>
<work>
<id>13574748</id>
</work>
<isbn>0375423729</isbn>
<isbn13>9780375423727</isbn13>
<average_rating>3.98</average_rating>
<ratings_count>11427</ratings_count>
<publication_year>2011</publication_year>
<publication_month>3</publication_month>
<publication_day>1</publication_day>
<authors>
<author>
<id>10401</id>
<name>James Gleick</name>
<link><![CDATA[https://www.goodreads.com/author/show/10401.James_Gleick]]></link>
</author>
</authors>
</book>

          <book>
<id>135663</id>
<title><![CDATA[Moral Minds: How Nature Designed Our Universal Sense of Right and Wrong]]></title>
<title_without_series><![CDATA[Moral Minds: How Nature Designed Our Universal Sense of Right and Wrong]]></title_without_series>
<link><![CDATA[https://www.goodreads.com/book/show/135663.Moral_Minds]]></link>
<small_image_url><![CDATA[https://s.gr-assets.com/assets/nophoto/book/50x75-a91bf249278a81aabab721ef782c4a74.png]]></small_image_url>
<image_url><![CDATA[https://s.gr-assets.com/assets/nophoto/book/111x148-bcc042a9c91a29c1d680899eff700a03.png]]></image_url>
<num_pages>512</num_pages>
<work>
<id>130737</id>
</work>
<isbn>0060780703</isbn>
<isbn13>9780060780708</isbn13>
<average_rating>3.72</average_rating>
<ratings_count>937</ratings_count>
<publication_year>2006</publication_year>
<publication_month>8</publication_month>
<publication_day>29</publication_day>
<authors>
<author>
<id>78426</id>
<name>Marc Hauser</name>
<link><![CDATA[https://www.goodreads.com/author/show/78426.Marc_Hauser]]></link>
</author>
</authors>
</book>

          <book>
<id>6525532</id>
<title><![CDATA[The Age of Empathy: Nature's Lessons for a Kinder Society]]></title>
<title_without_series><![CDATA[The Age of Empathy: Nature's Lessons for a Kinder Society]]></title_without_series>
<link><![CDATA[https://www.goodreads.com/book/show/6525532-the-age-of-empathy]]></link>
<small_image_url><![CDATA[https://images.gr-assets.com/books/1320549477s/6525532.jpg]]></small_image_url>
<image_url><![CDATA[https://images.gr-assets.com/books/1320549477m/6525532.jpg]]></image_url>
<num_pages>304</num_pages>
<work>
<id>6717465</id>
</work>
<isbn>0307407764</isbn>
<isbn13>9780307407764</isbn13>
<average_rating>3.96</average_rating>
<ratings_count>1322</ratings_count>
<publication_year>2009</publication_year>
<publication_month>9</publication_month>
<publication_day>22</publication_day>
<authors>
<author>
<id>112082</id>
<name>Frans de Waal</name>
<link><![CDATA[https://www.goodreads.com/author/show/112082.Frans_de_Waal]]></link>
</author>
</authors>
</book>

          <book>
<id>12625589</id>
<title><![CDATA[Turing's Cathedral: The Origins of the Digital Universe]]></title>
<title_without_series><![CDATA[Turing's Cathedral: The Origins of the Digital Universe]]></title_without_series>
<link><![CDATA[https://www.goodreads.com/book/show/12625589-turing-s-cathedral]]></link>
<small_image_url><![CDATA[https://images.gr-assets.com/books/1322700777s/12625589.jpg]]></small_image_url>
<image_url><![CDATA[https://images.gr-assets.com/books/1322700777m/12625589.jpg]]></image_url>
<num_pages>505</num_pages>
<work>
<id>17677574</id>
</work>
<isbn>0307907066</isbn>
<isbn13>9780307907066</isbn13>
<average_rating>3.52</average_rating>
<ratings_count>2733</ratings_count>
<publication_year>2012</publication_year>
<publication_month>3</publication_month>
<publication_day>6</publication_day>
<authors>
<author>
<id>111356</id>
<name>George Dyson</name>
<link><![CDATA[https://www.goodreads.com/author/show/111356.George_Dyson]]></link>
</author>
</authors>
</book>

  </similar_books>
</book>

</GoodreadsResponse>