<?xml version="1.0" encoding="UTF-8"?>
<GoodreadsResponse>
  <Request>
    <authentication>true</authentication>
      <key><![CDATA[all_men_must_serve]]></key>
    <method><![CDATA[book_show]]></method>
  </Request>
  <book>
  <id>1110</id>
  <title>The Broker</title>
  <isbn><![CDATA[0385340540]]></isbn>
  <isbn13><![CDATA[9780385340540]]></isbn13>
  <asin><![CDATA[]]></asin>
  <kindle_asin><![CDATA[B00351YF52]]></kindle_asin>
  <marketplace_id><![CDATA[A1F83G8C2ARO7P]]></marketplace_id>
  <country_code><![CDATA[GB]]></country_code>
  <image_url>https://s.gr-assets.com/assets/nophoto/book/111x148-bcc042a9c91a29c1d680899eff700a03.png</image_url>
  <small_image_url>https://s.gr-assets.com/assets/nophoto/book/50x75-a91bf249278a81aabab721ef782c4a74.png</small_image_url>
  <publication_year>2006</publication_year>
  <publication_month>9</publication_month>
  <publication_day>26</publication_day>
  <publisher>Delta</publisher>
  <language_code>eng</language_code>
  <is_ebook>false</is_ebook>
  <description><![CDATA[In his final hours in the Oval Office, the outgoing President grants a controversial last-minute pardon to Joel Backman, a notorious Washington power broker who has spent the last six years hidden away in a federal prison. What no one knows is that the President issues the pardon only after receiving enormous pressure from the CIA. It seems Backman, in his power broker heyday, may have obtained secrets that compromise the world's most sophisticated satellite surveillance system.<br /><br />Backman is quietly smuggled out of the country in a military cargo plane, given a new name, a new identity, and a new home in Italy. Eventually, after he has settled into his new life, the CIA will leak his whereabouts to the Israelis, the Russians, the Chinese, and the Saudis. Then the CIA will do what it does best: sit back and watch. The question is not whether Backman will survive, there is no chance of that. The question the CIA needs answered is, who will kill him?<br /><br /><br /><i>From the Hardcover edition.</i>]]></description>
  <work>
  <id type="integer">3204998</id>
  <books_count type="integer">104</books_count>
  <best_book_id type="integer">1110</best_book_id>
  <reviews_count type="integer">100598</reviews_count>
  <ratings_sum type="integer">263263</ratings_sum>
  <ratings_count type="integer">69862</ratings_count>
  <text_reviews_count type="integer">2267</text_reviews_count>
  <original_publication_year type="integer">2005</original_publication_year>
  <original_publication_month type="integer" nil="true"/>
  <original_publication_day type="integer" nil="true"/>
  <original_title>The Broker</original_title>
  <original_language_id type="integer" nil="true"/>
  <media_type>book</media_type>
  <rating_dist>5:16975|4:25978|3:21551|2:4465|1:893|total:69862</rating_dist>
  <desc_user_id type="integer">4391094</desc_user_id>
  <default_chaptering_book_id type="integer" nil="true"/>
  <default_description_language_code nil="true"/>
</work>
  <average_rating>3.77</average_rating>
  <num_pages><![CDATA[422]]></num_pages>
  <format><![CDATA[Paperback]]></format>
  <edition_information><![CDATA[]]></edition_information>
  <ratings_count><![CDATA[65451]]></ratings_count>
  <text_reviews_count><![CDATA[1964]]></text_reviews_count>
  <url><![CDATA[https://www.goodreads.com/book/show/1110.The_Broker]]></url>
  <link><![CDATA[https://www.goodreads.com/book/show/1110.The_Broker]]></link>
  <authors>
<author>
<id>721</id>
<name>John Grisham</name>
<role></role>
<image_url nophoto='false'>
<![CDATA[https://images.gr-assets.com/authors/1413390525p5/721.jpg]]>
</image_url>
<small_image_url nophoto='false'>
<![CDATA[https://images.gr-assets.com/authors/1413390525p2/721.jpg]]>
</small_image_url>
<link><![CDATA[https://www.goodreads.com/author/show/721.John_Grisham]]></link>
<average_rating>3.88</average_rating>
<ratings_count>3691240</ratings_count>
<text_reviews_count>112094</text_reviews_count>
</author>
</authors>

    <reviews_widget>
      <![CDATA[
        <style>
  #goodreads-widget {
    font-family: georgia, serif;
    padding: 18px 0;
    width:565px;
  }
  #goodreads-widget h1 {
    font-weight:normal;
    font-size: 16px;
    border-bottom: 1px solid #BBB596;
    margin-bottom: 0;
  }
  #goodreads-widget a {
    text-decoration: none;
    color:#660;
  }
  iframe{
    background-color: #fff;
  }
  #goodreads-widget a:hover { text-decoration: underline; }
  #goodreads-widget a:active {
    color:#660;
  }
  #gr_footer {
    width: 100%;
    border-top: 1px solid #BBB596;
    text-align: right;
  }
  #goodreads-widget .gr_branding{
    color: #382110;
    font-size: 11px;
    text-decoration: none;
    font-family: "Helvetica Neue", Helvetica, Arial, sans-serif;
  }
</style>
<div id="goodreads-widget">
  <div id="gr_header"><h1><a rel="nofollow" href="https://www.goodreads.com/book/show/1110.The_Broker">The Broker Reviews</a></h1></div>
  <iframe id="the_iframe" src="https://www.goodreads.com/api/reviews_widget_iframe?did=DEVELOPER_ID&amp;format=html&amp;isbn=0385340540&amp;links=660&amp;min_rating=&amp;review_back=fff&amp;stars=000&amp;text=000" width="565" height="400" frameborder="0"></iframe>
  <div id="gr_footer">
    <a class="gr_branding" target="_blank" rel="nofollow" href="https://www.goodreads.com/book/show/1110.The_Broker?utm_medium=api&amp;utm_source=reviews_widget">Reviews from Goodreads.com</a>
  </div>
</div>

      ]]>
    </reviews_widget>
  <popular_shelves>
      <shelf name="to-read" count="3160"/>
      <shelf name="john-grisham" count="683"/>
      <shelf name="thriller" count="375"/>
      <shelf name="mystery" count="300"/>
      <shelf name="currently-reading" count="249"/>
      <shelf name="grisham" count="226"/>
      <shelf name="default" count="223"/>
      <shelf name="owned" count="197"/>
      <shelf name="fiction" count="191"/>
      <shelf name="books-i-own" count="159"/>
      <shelf name="legal-thriller" count="145"/>
      <shelf name="suspense" count="120"/>
      <shelf name="crime" count="103"/>
      <shelf name="legal" count="89"/>
      <shelf name="favorites" count="78"/>
      <shelf name="grisham-john" count="75"/>
      <shelf name="mystery-thriller" count="66"/>
      <shelf name="thrillers" count="63"/>
      <shelf name="owned-books" count="56"/>
      <shelf name="novels" count="51"/>
      <shelf name="library" count="48"/>
      <shelf name="audiobook" count="48"/>
      <shelf name="italy" count="47"/>
      <shelf name="my-library" count="46"/>
      <shelf name="2005" count="45"/>
      <shelf name="espionage" count="44"/>
      <shelf name="law" count="43"/>
      <shelf name="legal-thrillers" count="42"/>
      <shelf name="mystery-suspense" count="41"/>
      <shelf name="adult-fiction" count="33"/>
      <shelf name="novel" count="32"/>
      <shelf name="i-own" count="31"/>
      <shelf name="mysteries" count="31"/>
      <shelf name="audio" count="31"/>
      <shelf name="ebooks" count="29"/>
      <shelf name="audio-books" count="29"/>
      <shelf name="ebook" count="28"/>
      <shelf name="legal-fiction" count="28"/>
      <shelf name="general-fiction" count="27"/>
      <shelf name="adult" count="26"/>
      <shelf name="audiobooks" count="25"/>
      <shelf name="my-books" count="24"/>
      <shelf name="murder" count="23"/>
      <shelf name="drama" count="23"/>
      <shelf name="english" count="22"/>
      <shelf name="2006" count="22"/>
      <shelf name="have" count="22"/>
      <shelf name="kindle" count="21"/>
      <shelf name="contemporary" count="21"/>
      <shelf name="horror" count="20"/>
      <shelf name="crime-fiction" count="20"/>
      <shelf name="home-library" count="19"/>
      <shelf name="pardon" count="18"/>
      <shelf name="ex-convicts" count="18"/>
      <shelf name="books-i-have" count="18"/>
      <shelf name="contemporary-fiction" count="18"/>
      <shelf name="books" count="17"/>
      <shelf name="stories" count="17"/>
      <shelf name="crime-thriller" count="17"/>
      <shelf name="attempted" count="17"/>
      <shelf name="paperback" count="17"/>
      <shelf name="suspense-thriller" count="16"/>
      <shelf name="intrigue" count="16"/>
      <shelf name="americans" count="16"/>
      <shelf name="e-books" count="15"/>
      <shelf name="mystery-crime" count="15"/>
      <shelf name="unread" count="15"/>
      <shelf name="own-it" count="15"/>
      <shelf name="adventure" count="14"/>
      <shelf name="finished" count="14"/>
      <shelf name="action" count="14"/>
      <shelf name="listened-to" count="14"/>
      <shelf name="personal-library" count="13"/>
      <shelf name="home" count="13"/>
      <shelf name="calibre" count="13"/>
      <shelf name="american" count="13"/>
      <shelf name="favorite-authors" count="13"/>
      <shelf name="thriller-suspense" count="12"/>
      <shelf name="e-book" count="12"/>
      <shelf name="shelfari-favorites" count="11"/>
      <shelf name="audio-book" count="11"/>
      <shelf name="crime-mystery" count="11"/>
      <shelf name="audible" count="10"/>
      <shelf name="politics" count="10"/>
      <shelf name="spy" count="10"/>
      <shelf name="borrowed" count="10"/>
      <shelf name="thriller-mystery" count="10"/>
      <shelf name="mystery-thrillers" count="10"/>
      <shelf name="popular-fiction" count="10"/>
      <shelf name="read-in-2014" count="9"/>
      <shelf name="wish-list" count="9"/>
      <shelf name="not-read" count="9"/>
      <shelf name="mystery-thriller-suspense" count="9"/>
      <shelf name="to-read-own" count="9"/>
      <shelf name="political-thriller" count="9"/>
      <shelf name="read-2016" count="8"/>
      <shelf name="other" count="8"/>
      <shelf name="g" count="8"/>
      <shelf name="thriller-legal" count="8"/>
      <shelf name="to-buy" count="8"/>
  </popular_shelves>
  <book_links>
    <book_link>
  <id>8</id>
  <name>Libraries</name>
  <link>https://www.goodreads.com/book_link/follow/8</link>
</book_link>

  </book_links>
  <buy_links>
    <buy_link>
<id>1</id>
<name>Amazon</name>
<link>https://www.goodreads.com/book_link/follow/1</link>
</buy_link>
<buy_link>
<id>10</id>
<name>Audible</name>
<link>https://www.goodreads.com/book_link/follow/10</link>
</buy_link>
<buy_link>
<id>3</id>
<name>Barnes &amp; Noble</name>
<link>https://www.goodreads.com/book_link/follow/3</link>
</buy_link>
<buy_link>
<id>1027</id>
<name>Kobo</name>
<link>https://www.goodreads.com/book_link/follow/1027</link>
</buy_link>
<buy_link>
<id>2102</id>
<name>Apple iBooks</name>
<link>https://www.goodreads.com/book_link/follow/2102</link>
</buy_link>
<buy_link>
<id>8036</id>
<name>Google Play</name>
<link>https://www.goodreads.com/book_link/follow/8036</link>
</buy_link>
<buy_link>
<id>4</id>
<name>Abebooks</name>
<link>https://www.goodreads.com/book_link/follow/4</link>
</buy_link>
<buy_link>
<id>882</id>
<name>Book Depository</name>
<link>https://www.goodreads.com/book_link/follow/882</link>
</buy_link>
<buy_link>
<id>9</id>
<name>Indigo</name>
<link>https://www.goodreads.com/book_link/follow/9</link>
</buy_link>
<buy_link>
<id>2</id>
<name>Half.com</name>
<link>https://www.goodreads.com/book_link/follow/2</link>
</buy_link>
<buy_link>
<id>5</id>
<name>Alibris</name>
<link>https://www.goodreads.com/book_link/follow/5</link>
</buy_link>
<buy_link>
<id>107</id>
<name>Better World Books</name>
<link>https://www.goodreads.com/book_link/follow/107</link>
</buy_link>
<buy_link>
<id>7</id>
<name>IndieBound</name>
<link>https://www.goodreads.com/book_link/follow/7</link>
</buy_link>

  </buy_links>
  <series_works>
    
  </series_works>
  <similar_books>
          <book>
<id>113138</id>
<title>The Winner</title>
<title_without_series>The Winner</title_without_series>
<link><![CDATA[https://www.goodreads.com/book/show/113138.The_Winner]]></link>
<small_image_url><![CDATA[https://s.gr-assets.com/assets/nophoto/book/50x75-a91bf249278a81aabab721ef782c4a74.png]]></small_image_url>
<image_url><![CDATA[https://s.gr-assets.com/assets/nophoto/book/111x148-bcc042a9c91a29c1d680899eff700a03.png]]></image_url>
<num_pages>528</num_pages>
<work>
<id>1369417</id>
</work>
<isbn>0446522597</isbn>
<isbn13>9780446522595</isbn13>
<average_rating>4.06</average_rating>
<ratings_count>31457</ratings_count>
<publication_year>1997</publication_year>
<publication_month>1</publication_month>
<publication_day>1</publication_day>
<authors>
<author>
<id>9291</id>
<name>David Baldacci</name>
<link><![CDATA[https://www.goodreads.com/author/show/9291.David_Baldacci]]></link>
</author>
</authors>
</book>

          <book>
<id>13130</id>
<title>Judge &amp; Jury</title>
<title_without_series>Judge &amp; Jury</title_without_series>
<link><![CDATA[https://www.goodreads.com/book/show/13130.Judge_Jury]]></link>
<small_image_url><![CDATA[https://s.gr-assets.com/assets/nophoto/book/50x75-a91bf249278a81aabab721ef782c4a74.png]]></small_image_url>
<image_url><![CDATA[https://s.gr-assets.com/assets/nophoto/book/111x148-bcc042a9c91a29c1d680899eff700a03.png]]></image_url>
<num_pages>419</num_pages>
<work>
<id>2513160</id>
</work>
<isbn>0316013935</isbn>
<isbn13>9780316013932</isbn13>
<average_rating>3.98</average_rating>
<ratings_count>40629</ratings_count>
<publication_year></publication_year>
<publication_month></publication_month>
<publication_day></publication_day>
<authors>
<author>
<id>3780</id>
<name>James Patterson</name>
<link><![CDATA[https://www.goodreads.com/author/show/3780.James_Patterson]]></link>
</author>
</authors>
</book>

          <book>
<id>31260</id>
<title>The Sigma Protocol</title>
<title_without_series>The Sigma Protocol</title_without_series>
<link><![CDATA[https://www.goodreads.com/book/show/31260.The_Sigma_Protocol]]></link>
<small_image_url><![CDATA[https://s.gr-assets.com/assets/nophoto/book/50x75-a91bf249278a81aabab721ef782c4a74.png]]></small_image_url>
<image_url><![CDATA[https://s.gr-assets.com/assets/nophoto/book/111x148-bcc042a9c91a29c1d680899eff700a03.png]]></image_url>
<num_pages>662</num_pages>
<work>
<id>2470112</id>
</work>
<isbn>0312982518</isbn>
<isbn13>9780312982515</isbn13>
<average_rating>3.77</average_rating>
<ratings_count>8664</ratings_count>
<publication_year>2002</publication_year>
<publication_month>10</publication_month>
<publication_day>13</publication_day>
<authors>
<author>
<id>5293</id>
<name>Robert Ludlum</name>
<link><![CDATA[https://www.goodreads.com/author/show/5293.Robert_Ludlum]]></link>
</author>
</authors>
</book>

          <book>
<id>1481854</id>
<title><![CDATA[Liberation Day (Nick Stone, #5)]]></title>
<title_without_series>Liberation Day</title_without_series>
<link><![CDATA[https://www.goodreads.com/book/show/1481854.Liberation_Day]]></link>
<small_image_url><![CDATA[https://images.gr-assets.com/books/1320409860s/1481854.jpg]]></small_image_url>
<image_url><![CDATA[https://images.gr-assets.com/books/1320409860m/1481854.jpg]]></image_url>
<num_pages>400</num_pages>
<work>
<id>1036399</id>
</work>
<isbn>0770428975</isbn>
<isbn13>9780770428976</isbn13>
<average_rating>3.83</average_rating>
<ratings_count>1246</ratings_count>
<publication_year>2004</publication_year>
<publication_month>9</publication_month>
<publication_day>14</publication_day>
<authors>
<author>
<id>12673</id>
<name>Andy McNab</name>
<link><![CDATA[https://www.goodreads.com/author/show/12673.Andy_McNab]]></link>
</author>
</authors>
</book>

          <book>
<id>451837</id>
<title><![CDATA[The Soldier Spies (Men at War, #3)]]></title>
<title_without_series>The Soldier Spies</title_without_series>
<link><![CDATA[https://www.goodreads.com/book/show/451837.The_Soldier_Spies]]></link>
<small_image_url><![CDATA[https://s.gr-assets.com/assets/nophoto/book/50x75-a91bf249278a81aabab721ef782c4a74.png]]></small_image_url>
<image_url><![CDATA[https://s.gr-assets.com/assets/nophoto/book/111x148-bcc042a9c91a29c1d680899eff700a03.png]]></image_url>
<num_pages></num_pages>
<work>
<id>1534160</id>
</work>
<isbn>0736646469</isbn>
<isbn13>9780736646468</isbn13>
<average_rating>4.07</average_rating>
<ratings_count>1656</ratings_count>
<publication_year></publication_year>
<publication_month></publication_month>
<publication_day></publication_day>
<authors>
<author>
<id>1415338</id>
<name>W.E.B. Griffin</name>
<link><![CDATA[https://www.goodreads.com/author/show/1415338.W_E_B_Griffin]]></link>
</author>
</authors>
</book>

          <book>
<id>85317</id>
<title>Dead Even</title>
<title_without_series>Dead Even</title_without_series>
<link><![CDATA[https://www.goodreads.com/book/show/85317.Dead_Even]]></link>
<small_image_url><![CDATA[https://images.gr-assets.com/books/1408307652s/85317.jpg]]></small_image_url>
<image_url><![CDATA[https://images.gr-assets.com/books/1408307652m/85317.jpg]]></image_url>
<num_pages>512</num_pages>
<work>
<id>986641</id>
</work>
<isbn>0340658177</isbn>
<isbn13>9780340658178</isbn13>
<average_rating>3.80</average_rating>
<ratings_count>3582</ratings_count>
<publication_year>2002</publication_year>
<publication_month>12</publication_month>
<publication_day>31</publication_day>
<authors>
<author>
<id>14610</id>
<name>Brad Meltzer</name>
<link><![CDATA[https://www.goodreads.com/author/show/14610.Brad_Meltzer]]></link>
</author>
</authors>
</book>

          <book>
<id>2761626</id>
<title><![CDATA[The Brass Verdict (Harry Bosch, #14; Mickey Haller, #2; Harry Bosch Universe, #17)]]></title>
<title_without_series>The Brass Verdict</title_without_series>
<link><![CDATA[https://www.goodreads.com/book/show/2761626-the-brass-verdict]]></link>
<small_image_url><![CDATA[https://s.gr-assets.com/assets/nophoto/book/50x75-a91bf249278a81aabab721ef782c4a74.png]]></small_image_url>
<image_url><![CDATA[https://s.gr-assets.com/assets/nophoto/book/111x148-bcc042a9c91a29c1d680899eff700a03.png]]></image_url>
<num_pages>422</num_pages>
<work>
<id>2787335</id>
</work>
<isbn>0316166294</isbn>
<isbn13>9780316166294</isbn13>
<average_rating>4.08</average_rating>
<ratings_count>42880</ratings_count>
<publication_year></publication_year>
<publication_month></publication_month>
<publication_day></publication_day>
<authors>
<author>
<id>12470</id>
<name>Michael Connelly</name>
<link><![CDATA[https://www.goodreads.com/author/show/12470.Michael_Connelly]]></link>
</author>
</authors>
</book>

          <book>
<id>92958</id>
<title><![CDATA[Protect and Defend (Kerry Kilcannon, #2)]]></title>
<title_without_series>Protect and Defend</title_without_series>
<link><![CDATA[https://www.goodreads.com/book/show/92958.Protect_and_Defend]]></link>
<small_image_url><![CDATA[https://s.gr-assets.com/assets/nophoto/book/50x75-a91bf249278a81aabab721ef782c4a74.png]]></small_image_url>
<image_url><![CDATA[https://s.gr-assets.com/assets/nophoto/book/111x148-bcc042a9c91a29c1d680899eff700a03.png]]></image_url>
<num_pages></num_pages>
<work>
<id>1360437</id>
</work>
<isbn>0345404793</isbn>
<isbn13>9780345404794</isbn13>
<average_rating>4.01</average_rating>
<ratings_count>3459</ratings_count>
<publication_year></publication_year>
<publication_month></publication_month>
<publication_day></publication_day>
<authors>
<author>
<id>38537</id>
<name>Richard North Patterson</name>
<link><![CDATA[https://www.goodreads.com/author/show/38537.Richard_North_Patterson]]></link>
</author>
</authors>
</book>

          <book>
<id>2427</id>
<title><![CDATA[Undue Influence (Paul Madriani, #3)]]></title>
<title_without_series>Undue Influence</title_without_series>
<link><![CDATA[https://www.goodreads.com/book/show/2427.Undue_Influence]]></link>
<small_image_url><![CDATA[https://s.gr-assets.com/assets/nophoto/book/50x75-a91bf249278a81aabab721ef782c4a74.png]]></small_image_url>
<image_url><![CDATA[https://s.gr-assets.com/assets/nophoto/book/111x148-bcc042a9c91a29c1d680899eff700a03.png]]></image_url>
<num_pages>480</num_pages>
<work>
<id>1056136</id>
</work>
<isbn>051511605X</isbn>
<isbn13>9780515116052</isbn13>
<average_rating>4.01</average_rating>
<ratings_count>3335</ratings_count>
<publication_year>1995</publication_year>
<publication_month>7</publication_month>
<publication_day>1</publication_day>
<authors>
<author>
<id>1648</id>
<name>Steve Martini</name>
<link><![CDATA[https://www.goodreads.com/author/show/1648.Steve_Martini]]></link>
</author>
</authors>
</book>

          <book>
<id>4683</id>
<title>Personal Injuries</title>
<title_without_series>Personal Injuries</title_without_series>
<link><![CDATA[https://www.goodreads.com/book/show/4683.Personal_Injuries]]></link>
<small_image_url><![CDATA[https://s.gr-assets.com/assets/nophoto/book/50x75-a91bf249278a81aabab721ef782c4a74.png]]></small_image_url>
<image_url><![CDATA[https://s.gr-assets.com/assets/nophoto/book/111x148-bcc042a9c91a29c1d680899eff700a03.png]]></image_url>
<num_pages></num_pages>
<work>
<id>1441618</id>
</work>
<isbn>0446608602</isbn>
<isbn13>9780446608602</isbn13>
<average_rating>3.85</average_rating>
<ratings_count>5034</ratings_count>
<publication_year></publication_year>
<publication_month></publication_month>
<publication_day></publication_day>
<authors>
<author>
<id>2749</id>
<name>Scott Turow</name>
<link><![CDATA[https://www.goodreads.com/author/show/2749.Scott_Turow]]></link>
</author>
</authors>
</book>

          <book>
<id>185925</id>
<title>The Conspiracy Club</title>
<title_without_series>The Conspiracy Club</title_without_series>
<link><![CDATA[https://www.goodreads.com/book/show/185925.The_Conspiracy_Club]]></link>
<small_image_url><![CDATA[https://s.gr-assets.com/assets/nophoto/book/50x75-a91bf249278a81aabab721ef782c4a74.png]]></small_image_url>
<image_url><![CDATA[https://s.gr-assets.com/assets/nophoto/book/111x148-bcc042a9c91a29c1d680899eff700a03.png]]></image_url>
<num_pages>405</num_pages>
<work>
<id>1196903</id>
</work>
<isbn>0345452585</isbn>
<isbn13>9780345452580</isbn13>
<average_rating>3.71</average_rating>
<ratings_count>5564</ratings_count>
<publication_year>2004</publication_year>
<publication_month>11</publication_month>
<publication_day>23</publication_day>
<authors>
<author>
<id>43626</id>
<name>Jonathan Kellerman</name>
<link><![CDATA[https://www.goodreads.com/author/show/43626.Jonathan_Kellerman]]></link>
</author>
</authors>
</book>

  </similar_books>
</book>

</GoodreadsResponse>