<?xml version="1.0" encoding="UTF-8"?>
<GoodreadsResponse>
  <Request>
    <authentication>true</authentication>
      <key><![CDATA[all_men_must_serve]]></key>
    <method><![CDATA[book_show]]></method>
  </Request>
  <book>
  <id>111218</id>
  <title>Innocent Traitor</title>
  <isbn><![CDATA[0345494857]]></isbn>
  <isbn13><![CDATA[9780345494856]]></isbn13>
  <asin><![CDATA[]]></asin>
  <kindle_asin><![CDATA[B004PGNGXS]]></kindle_asin>
  <marketplace_id><![CDATA[A1F83G8C2ARO7P]]></marketplace_id>
  <country_code><![CDATA[GB]]></country_code>
  <image_url>https://s.gr-assets.com/assets/nophoto/book/111x148-bcc042a9c91a29c1d680899eff700a03.png</image_url>
  <small_image_url>https://s.gr-assets.com/assets/nophoto/book/50x75-a91bf249278a81aabab721ef782c4a74.png</small_image_url>
  <publication_year></publication_year>
  <publication_month></publication_month>
  <publication_day></publication_day>
  <publisher></publisher>
  <language_code>eng</language_code>
  <is_ebook>false</is_ebook>
  <description><![CDATA[BONUS: This edition contains an excerpt from Alison Weir's <i>Mary Boleyn.</i><br /><br />I am now a condemned traitor . . . I am to die when I have hardly begun to live.<br /><br /> Historical expertise marries page-turning fiction in Alison Weir’s enthralling debut novel, breathing new life into one of the most significant and tumultuous periods of the English monarchy. It is the story of Lady Jane Grey–“the Nine Days’ Queen” –a fifteen-year-old girl who unwittingly finds herself at the center of the religious and civil unrest that nearly toppled the fabled House of Tudor during the sixteenth century.<br /><br /> The child of a scheming father and a ruthless mother, for whom she is merely a pawn in a dynastic game with the highest stakes, Jane Grey was born during the harrowingly turbulent period between Anne Boleyn’s beheading and the demise of Jane’s infamous great-uncle, King Henry VIII. With the premature passing of Jane’ s adolescent cousin, and Henry’s successor, King Edward VI, comes a struggle for supremacy fueled by political machinations and lethal religious fervor. <br /><br /> Unabashedly honest and exceptionally intelligent, Jane possesses a sound strength of character beyond her years that equips her to weather the vicious storm. And though she has no ambitions to rule, preferring to immerse herself in books and religious studies, she is forced to accept the crown, and by so doing sets off a firestorm of intrigue, betrayal, and tragedy.<br /><br /> Alison Weir uses her unmatched skills as a historian to enliven the many dynamic characters of this majestic drama. Along with Lady Jane Grey, Weir vividly renders her devious parents; her much-loved nanny; the benevolent Queen Katherine Parr; Jane’s ambitious cousins; the Catholic “Bloody” Mary, who will stop at nothing to seize the throne; and the Protestant and future queen Elizabeth. Readers venture inside royal drawing rooms and bedchambers to witness the power-grabbing that swirls around Lady Jane Grey from the day of her birth to her unbearably poignant death. Innocent Traitor paints a complete and compelling portrait of this captivating young woman, a faithful servant of God whose short reign and brief life would make her a legend.]]></description>
  <work>
  <id type="integer">910444</id>
  <books_count type="integer">33</books_count>
  <best_book_id type="integer">111218</best_book_id>
  <reviews_count type="integer">58533</reviews_count>
  <ratings_sum type="integer">105431</ratings_sum>
  <ratings_count type="integer">26732</ratings_count>
  <text_reviews_count type="integer">1590</text_reviews_count>
  <original_publication_year type="integer">2006</original_publication_year>
  <original_publication_month type="integer">1</original_publication_month>
  <original_publication_day type="integer">1</original_publication_day>
  <original_title> Innocent Traitor</original_title>
  <original_language_id type="integer" nil="true"/>
  <media_type>book</media_type>
  <rating_dist>5:8186|4:10810|3:6173|2:1179|1:384|total:26732</rating_dist>
  <desc_user_id type="integer">2665705</desc_user_id>
  <default_chaptering_book_id type="integer" nil="true"/>
  <default_description_language_code nil="true"/>
</work>
  <average_rating>3.94</average_rating>
  <num_pages><![CDATA[402]]></num_pages>
  <format><![CDATA[]]></format>
  <edition_information><![CDATA[]]></edition_information>
  <ratings_count><![CDATA[24984]]></ratings_count>
  <text_reviews_count><![CDATA[1350]]></text_reviews_count>
  <url><![CDATA[https://www.goodreads.com/book/show/111218.Innocent_Traitor]]></url>
  <link><![CDATA[https://www.goodreads.com/book/show/111218.Innocent_Traitor]]></link>
  <authors>
<author>
<id>6583</id>
<name>Alison Weir</name>
<role></role>
<image_url nophoto='false'>
<![CDATA[https://images.gr-assets.com/authors/1316642711p5/6583.jpg]]>
</image_url>
<small_image_url nophoto='false'>
<![CDATA[https://images.gr-assets.com/authors/1316642711p2/6583.jpg]]>
</small_image_url>
<link><![CDATA[https://www.goodreads.com/author/show/6583.Alison_Weir]]></link>
<average_rating>3.99</average_rating>
<ratings_count>216894</ratings_count>
<text_reviews_count>11456</text_reviews_count>
</author>
</authors>

    <reviews_widget>
      <![CDATA[
        <style>
  #goodreads-widget {
    font-family: georgia, serif;
    padding: 18px 0;
    width:565px;
  }
  #goodreads-widget h1 {
    font-weight:normal;
    font-size: 16px;
    border-bottom: 1px solid #BBB596;
    margin-bottom: 0;
  }
  #goodreads-widget a {
    text-decoration: none;
    color:#660;
  }
  iframe{
    background-color: #fff;
  }
  #goodreads-widget a:hover { text-decoration: underline; }
  #goodreads-widget a:active {
    color:#660;
  }
  #gr_footer {
    width: 100%;
    border-top: 1px solid #BBB596;
    text-align: right;
  }
  #goodreads-widget .gr_branding{
    color: #382110;
    font-size: 11px;
    text-decoration: none;
    font-family: "Helvetica Neue", Helvetica, Arial, sans-serif;
  }
</style>
<div id="goodreads-widget">
  <div id="gr_header"><h1><a rel="nofollow" href="https://www.goodreads.com/book/show/111218.Innocent_Traitor">Innocent Traitor Reviews</a></h1></div>
  <iframe id="the_iframe" src="https://www.goodreads.com/api/reviews_widget_iframe?did=DEVELOPER_ID&amp;format=html&amp;isbn=0345494857&amp;links=660&amp;min_rating=&amp;review_back=fff&amp;stars=000&amp;text=000" width="565" height="400" frameborder="0"></iframe>
  <div id="gr_footer">
    <a class="gr_branding" target="_blank" rel="nofollow" href="https://www.goodreads.com/book/show/111218.Innocent_Traitor?utm_medium=api&amp;utm_source=reviews_widget">Reviews from Goodreads.com</a>
  </div>
</div>

      ]]>
    </reviews_widget>
  <popular_shelves>
      <shelf name="to-read" count="29171"/>
      <shelf name="historical-fiction" count="1568"/>
      <shelf name="fiction" count="277"/>
      <shelf name="historical" count="271"/>
      <shelf name="currently-reading" count="267"/>
      <shelf name="history" count="192"/>
      <shelf name="tudors" count="134"/>
      <shelf name="favorites" count="125"/>
      <shelf name="england" count="104"/>
      <shelf name="tudor" count="103"/>
      <shelf name="books-i-own" count="97"/>
      <shelf name="owned" count="67"/>
      <shelf name="tudor-england" count="50"/>
      <shelf name="alison-weir" count="49"/>
      <shelf name="16th-century" count="44"/>
      <shelf name="royalty" count="41"/>
      <shelf name="library" count="38"/>
      <shelf name="biography" count="33"/>
      <shelf name="adult" count="32"/>
      <shelf name="audiobook" count="31"/>
      <shelf name="audio" count="31"/>
      <shelf name="book-club" count="29"/>
      <shelf name="to-buy" count="28"/>
      <shelf name="the-tudors" count="28"/>
      <shelf name="owned-books" count="27"/>
      <shelf name="historic-fiction" count="26"/>
      <shelf name="audiobooks" count="25"/>
      <shelf name="audible" count="24"/>
      <shelf name="lady-jane-grey" count="23"/>
      <shelf name="fiction-historical" count="23"/>
      <shelf name="historicalfiction" count="23"/>
      <shelf name="adult-fiction" count="23"/>
      <shelf name="british" count="22"/>
      <shelf name="default" count="21"/>
      <shelf name="i-own" count="21"/>
      <shelf name="non-fiction" count="21"/>
      <shelf name="tudor-era" count="20"/>
      <shelf name="english-history" count="19"/>
      <shelf name="tudor-history" count="19"/>
      <shelf name="historical-novels" count="18"/>
      <shelf name="british-history" count="17"/>
      <shelf name="to-read-historical-fiction" count="16"/>
      <shelf name="tudor-fiction" count="16"/>
      <shelf name="religion" count="16"/>
      <shelf name="1" count="15"/>
      <shelf name="audio-books" count="15"/>
      <shelf name="kindle" count="15"/>
      <shelf name="historical-novel" count="15"/>
      <shelf name="my-books" count="14"/>
      <shelf name="ebook" count="14"/>
      <shelf name="royals" count="13"/>
      <shelf name="favourites" count="13"/>
      <shelf name="read-in-2009" count="13"/>
      <shelf name="henry-viii" count="13"/>
      <shelf name="tudor-historical-fiction" count="12"/>
      <shelf name="europe" count="12"/>
      <shelf name="wish-list" count="12"/>
      <shelf name="read-in-2011" count="11"/>
      <shelf name="romance" count="11"/>
      <shelf name="britain" count="10"/>
      <shelf name="my-library" count="10"/>
      <shelf name="novels" count="10"/>
      <shelf name="women" count="9"/>
      <shelf name="biographical-fiction" count="9"/>
      <shelf name="historical-romance" count="9"/>
      <shelf name="historical-fic" count="9"/>
      <shelf name="shelfari-favorites" count="8"/>
      <shelf name="historic" count="8"/>
      <shelf name="female-authors" count="8"/>
      <shelf name="uk" count="8"/>
      <shelf name="i-own-it" count="8"/>
      <shelf name="novel" count="8"/>
      <shelf name="audio-book" count="8"/>
      <shelf name="jane" count="8"/>
      <shelf name="biographies" count="8"/>
      <shelf name="read-in-2013" count="7"/>
      <shelf name="literature" count="7"/>
      <shelf name="read-2011" count="7"/>
      <shelf name="read-in-2010" count="7"/>
      <shelf name="grey" count="7"/>
      <shelf name="jane-grey" count="7"/>
      <shelf name="english" count="7"/>
      <shelf name="european-royalty" count="7"/>
      <shelf name="contemporary-fiction" count="7"/>
      <shelf name="read-in-2016" count="6"/>
      <shelf name="shelfari-wishlist" count="6"/>
      <shelf name="a" count="6"/>
      <shelf name="have" count="6"/>
      <shelf name="historical-fiction-to-read" count="6"/>
      <shelf name="read-in-2012" count="6"/>
      <shelf name="mine" count="6"/>
      <shelf name="queens" count="6"/>
      <shelf name="ebooks" count="6"/>
      <shelf name="didn-t-finish" count="6"/>
      <shelf name="medieval" count="6"/>
      <shelf name="lady" count="6"/>
      <shelf name="historical-fiction-read" count="6"/>
      <shelf name="library-books" count="6"/>
      <shelf name="bookclub" count="6"/>
      <shelf name="tudor-books" count="6"/>
  </popular_shelves>
  <book_links>
    <book_link>
  <id>8</id>
  <name>Libraries</name>
  <link>https://www.goodreads.com/book_link/follow/8</link>
</book_link>

  </book_links>
  <buy_links>
    <buy_link>
<id>1</id>
<name>Amazon</name>
<link>https://www.goodreads.com/book_link/follow/1</link>
</buy_link>
<buy_link>
<id>10</id>
<name>Audible</name>
<link>https://www.goodreads.com/book_link/follow/10</link>
</buy_link>
<buy_link>
<id>3</id>
<name>Barnes &amp; Noble</name>
<link>https://www.goodreads.com/book_link/follow/3</link>
</buy_link>
<buy_link>
<id>1027</id>
<name>Kobo</name>
<link>https://www.goodreads.com/book_link/follow/1027</link>
</buy_link>
<buy_link>
<id>2102</id>
<name>Apple iBooks</name>
<link>https://www.goodreads.com/book_link/follow/2102</link>
</buy_link>
<buy_link>
<id>8036</id>
<name>Google Play</name>
<link>https://www.goodreads.com/book_link/follow/8036</link>
</buy_link>
<buy_link>
<id>4</id>
<name>Abebooks</name>
<link>https://www.goodreads.com/book_link/follow/4</link>
</buy_link>
<buy_link>
<id>882</id>
<name>Book Depository</name>
<link>https://www.goodreads.com/book_link/follow/882</link>
</buy_link>
<buy_link>
<id>9</id>
<name>Indigo</name>
<link>https://www.goodreads.com/book_link/follow/9</link>
</buy_link>
<buy_link>
<id>2</id>
<name>Half.com</name>
<link>https://www.goodreads.com/book_link/follow/2</link>
</buy_link>
<buy_link>
<id>5</id>
<name>Alibris</name>
<link>https://www.goodreads.com/book_link/follow/5</link>
</buy_link>
<buy_link>
<id>107</id>
<name>Better World Books</name>
<link>https://www.goodreads.com/book_link/follow/107</link>
</buy_link>
<buy_link>
<id>7</id>
<name>IndieBound</name>
<link>https://www.goodreads.com/book_link/follow/7</link>
</buy_link>

  </buy_links>
  <series_works>
    
  </series_works>
  <similar_books>
          <book>
<id>343595</id>
<title><![CDATA[A Lady Raised High: A Novel of Anne Boleyn]]></title>
<title_without_series><![CDATA[A Lady Raised High: A Novel of Anne Boleyn]]></title_without_series>
<link><![CDATA[https://www.goodreads.com/book/show/343595.A_Lady_Raised_High]]></link>
<small_image_url><![CDATA[https://images.gr-assets.com/books/1309284249s/343595.jpg]]></small_image_url>
<image_url><![CDATA[https://images.gr-assets.com/books/1309284249m/343595.jpg]]></image_url>
<num_pages>304</num_pages>
<work>
<id>2206106</id>
</work>
<isbn>0515140899</isbn>
<isbn13>9780515140897</isbn13>
<average_rating>3.88</average_rating>
<ratings_count>1486</ratings_count>
<publication_year>2006</publication_year>
<publication_month>2</publication_month>
<publication_day>28</publication_day>
<authors>
<author>
<id>44619</id>
<name>Laurien Gardner</name>
<link><![CDATA[https://www.goodreads.com/author/show/44619.Laurien_Gardner]]></link>
</author>
</authors>
</book>

          <book>
<id>3764789</id>
<title><![CDATA[The King's Confidante (Tudor Saga, #6)]]></title>
<title_without_series>The King&apos;s Confidante</title_without_series>
<link><![CDATA[https://www.goodreads.com/book/show/3764789-the-king-s-confidante]]></link>
<small_image_url><![CDATA[https://s.gr-assets.com/assets/nophoto/book/50x75-a91bf249278a81aabab721ef782c4a74.png]]></small_image_url>
<image_url><![CDATA[https://s.gr-assets.com/assets/nophoto/book/111x148-bcc042a9c91a29c1d680899eff700a03.png]]></image_url>
<num_pages></num_pages>
<work>
<id>3808712</id>
</work>
<isbn>030734620X</isbn>
<isbn13>9780307346209</isbn13>
<average_rating>3.90</average_rating>
<ratings_count>672</ratings_count>
<publication_year></publication_year>
<publication_month></publication_month>
<publication_day></publication_day>
<authors>
<author>
<id>6590</id>
<name>Jean Plaidy</name>
<link><![CDATA[https://www.goodreads.com/author/show/6590.Jean_Plaidy]]></link>
</author>
</authors>
</book>

          <book>
<id>3000014</id>
<title><![CDATA[My Lady of Cleves: A Novel of Henry VIII and Anne of Cleves]]></title>
<title_without_series><![CDATA[My Lady of Cleves: A Novel of Henry VIII and Anne of Cleves]]></title_without_series>
<link><![CDATA[https://www.goodreads.com/book/show/3000014-my-lady-of-cleves]]></link>
<small_image_url><![CDATA[https://s.gr-assets.com/assets/nophoto/book/50x75-a91bf249278a81aabab721ef782c4a74.png]]></small_image_url>
<image_url><![CDATA[https://s.gr-assets.com/assets/nophoto/book/111x148-bcc042a9c91a29c1d680899eff700a03.png]]></image_url>
<num_pages>331</num_pages>
<work>
<id>3030503</id>
</work>
<isbn>1402214316</isbn>
<isbn13>9781402214318</isbn13>
<average_rating>3.98</average_rating>
<ratings_count>2461</ratings_count>
<publication_year>2008</publication_year>
<publication_month>9</publication_month>
<publication_day>1</publication_day>
<authors>
<author>
<id>271832</id>
<name>Margaret Campbell Barnes</name>
<link><![CDATA[https://www.goodreads.com/author/show/271832.Margaret_Campbell_Barnes]]></link>
</author>
</authors>
</book>

          <book>
<id>9745113</id>
<title>Three Maids for a Crown</title>
<title_without_series>Three Maids for a Crown</title_without_series>
<link><![CDATA[https://www.goodreads.com/book/show/9745113-three-maids-for-a-crown]]></link>
<small_image_url><![CDATA[https://images.gr-assets.com/books/1320528149s/9745113.jpg]]></small_image_url>
<image_url><![CDATA[https://images.gr-assets.com/books/1320528149m/9745113.jpg]]></image_url>
<num_pages>410</num_pages>
<work>
<id>14634269</id>
</work>
<isbn>030758898X</isbn>
<isbn13>9780307588982</isbn13>
<average_rating>3.95</average_rating>
<ratings_count>2167</ratings_count>
<publication_year>2011</publication_year>
<publication_month>8</publication_month>
<publication_day>2</publication_day>
<authors>
<author>
<id>1397190</id>
<name>Ella March Chase</name>
<link><![CDATA[https://www.goodreads.com/author/show/1397190.Ella_March_Chase]]></link>
</author>
</authors>
</book>

          <book>
<id>688975</id>
<title>The Concubine</title>
<title_without_series>The Concubine</title_without_series>
<link><![CDATA[https://www.goodreads.com/book/show/688975.The_Concubine]]></link>
<small_image_url><![CDATA[https://images.gr-assets.com/books/1272352649s/688975.jpg]]></small_image_url>
<image_url><![CDATA[https://images.gr-assets.com/books/1272352649m/688975.jpg]]></image_url>
<num_pages>358</num_pages>
<work>
<id>3070885</id>
</work>
<isbn>075243943X</isbn>
<isbn13>9780752439433</isbn13>
<average_rating>3.94</average_rating>
<ratings_count>2729</ratings_count>
<publication_year>2007</publication_year>
<publication_month>4</publication_month>
<publication_day>1</publication_day>
<authors>
<author>
<id>195727</id>
<name>Norah Lofts</name>
<link><![CDATA[https://www.goodreads.com/author/show/195727.Norah_Lofts]]></link>
</author>
</authors>
</book>

          <book>
<id>10092857</id>
<title><![CDATA[To Die For: A Novel of Anne Boleyn (Ladies in Waiting, #1)]]></title>
<title_without_series><![CDATA[To Die For: A Novel of Anne Boleyn]]></title_without_series>
<link><![CDATA[https://www.goodreads.com/book/show/10092857-to-die-for]]></link>
<small_image_url><![CDATA[https://images.gr-assets.com/books/1302306212s/10092857.jpg]]></small_image_url>
<image_url><![CDATA[https://images.gr-assets.com/books/1302306212m/10092857.jpg]]></image_url>
<num_pages>332</num_pages>
<work>
<id>14989846</id>
</work>
<isbn>1439183112</isbn>
<isbn13>9781439183113</isbn13>
<average_rating>3.93</average_rating>
<ratings_count>2617</ratings_count>
<publication_year></publication_year>
<publication_month></publication_month>
<publication_day></publication_day>
<authors>
<author>
<id>72439</id>
<name>Sandra Byrd</name>
<link><![CDATA[https://www.goodreads.com/author/show/72439.Sandra_Byrd]]></link>
</author>
</authors>
</book>

          <book>
<id>194006</id>
<title>Legacy</title>
<title_without_series>Legacy</title_without_series>
<link><![CDATA[https://www.goodreads.com/book/show/194006.Legacy]]></link>
<small_image_url><![CDATA[https://images.gr-assets.com/books/1268662915s/194006.jpg]]></small_image_url>
<image_url><![CDATA[https://images.gr-assets.com/books/1268662915m/194006.jpg]]></image_url>
<num_pages>647</num_pages>
<work>
<id>895731</id>
</work>
<isbn>038070322X</isbn>
<isbn13>9780380703227</isbn13>
<average_rating>4.12</average_rating>
<ratings_count>2454</ratings_count>
<publication_year></publication_year>
<publication_month></publication_month>
<publication_day></publication_day>
<authors>
<author>
<id>111001</id>
<name>Susan  Kay</name>
<link><![CDATA[https://www.goodreads.com/author/show/111001.Susan_Kay]]></link>
</author>
</authors>
</book>

          <book>
<id>1340021</id>
<title><![CDATA[The Secret Bride (In The Court of Henry VIII, #1)]]></title>
<title_without_series>The Secret Bride</title_without_series>
<link><![CDATA[https://www.goodreads.com/book/show/1340021.The_Secret_Bride]]></link>
<small_image_url><![CDATA[https://s.gr-assets.com/assets/nophoto/book/50x75-a91bf249278a81aabab721ef782c4a74.png]]></small_image_url>
<image_url><![CDATA[https://s.gr-assets.com/assets/nophoto/book/111x148-bcc042a9c91a29c1d680899eff700a03.png]]></image_url>
<num_pages>398</num_pages>
<work>
<id>1329593</id>
</work>
<isbn>0451223136</isbn>
<isbn13>9780451223135</isbn13>
<average_rating>3.78</average_rating>
<ratings_count>3996</ratings_count>
<publication_year></publication_year>
<publication_month></publication_month>
<publication_day></publication_day>
<authors>
<author>
<id>14482</id>
<name>Diane Haeger</name>
<link><![CDATA[https://www.goodreads.com/author/show/14482.Diane_Haeger]]></link>
</author>
</authors>
</book>

  </similar_books>
</book>

</GoodreadsResponse>