<?xml version="1.0" encoding="UTF-8"?>
<GoodreadsResponse>
  <Request>
    <authentication>true</authentication>
      <key><![CDATA[all_men_must_serve]]></key>
    <method><![CDATA[book_show]]></method>
  </Request>
  <book>
  <id>111220</id>
  <title>Eleanor of Aquitaine: A Life </title>
  <isbn><![CDATA[0345434870]]></isbn>
  <isbn13><![CDATA[9780345434876]]></isbn13>
  <asin><![CDATA[]]></asin>
  <kindle_asin><![CDATA[B004OEIDOS]]></kindle_asin>
  <marketplace_id><![CDATA[A1F83G8C2ARO7P]]></marketplace_id>
  <country_code><![CDATA[GB]]></country_code>
  <image_url>https://images.gr-assets.com/books/1320538974m/111220.jpg</image_url>
  <small_image_url>https://images.gr-assets.com/books/1320538974s/111220.jpg</small_image_url>
  <publication_year></publication_year>
  <publication_month></publication_month>
  <publication_day></publication_day>
  <publisher></publisher>
  <language_code>en-US</language_code>
  <is_ebook>false</is_ebook>
  <description><![CDATA[Combining the pace and descriptive quality of a novel with the authority of a textbook, Alison Weir's study of the revered and reviled Eleanor of Aquitaine should be valuable to anyone with an interest in medieval European history. Wife of Louis VII of France and subsequently of Henry II of England, and mother of Richard "the Lion-Hearted," Eleanor played a prominent part in the politics of the 12th century. The author of a number of other books on the medieval period (<i>Life of Elizabeth I</i>, <i>The Children of Henry VIII</i>), Weir brings all the color and ever-present dangers of Eleanor's world to life, filling the text with absorbing background detail and revelatory contemporary anecdotes. She is concerned throughout to make critical analysis of the primary sources, the later myths about Eleanor, and other modern biographies. This results in a fresh and thoughtful perspective on the energetic life of a determined and ambitious woman living with the sexism, excesses, and violence of a society in which the word of a single man could condemn thousands to death. <i>Eleanor of Aquitaine</i> is a vivacious but scholarly book with extensive notes and references, giving an objective and rich account of the staunch Eleanor, her feuding family and her complex and unstable world. <i>--Karen Tiley, Amazon.co.uk</i>]]></description>
  <work>
  <id type="integer">977136</id>
  <books_count type="integer">18</books_count>
  <best_book_id type="integer">111220</best_book_id>
  <reviews_count type="integer">33508</reviews_count>
  <ratings_sum type="integer">47182</ratings_sum>
  <ratings_count type="integer">11886</ratings_count>
  <text_reviews_count type="integer">540</text_reviews_count>
  <original_publication_year type="integer">1999</original_publication_year>
  <original_publication_month type="integer" nil="true"/>
  <original_publication_day type="integer" nil="true"/>
  <original_title> </original_title>
  <original_language_id type="integer" nil="true"/>
  <media_type>book</media_type>
  <rating_dist>5:3837|4:4794|3:2521|2:524|1:210|total:11886</rating_dist>
  <desc_user_id type="integer">14895786</desc_user_id>
  <default_chaptering_book_id type="integer" nil="true"/>
  <default_description_language_code nil="true"/>
</work>
  <average_rating>3.97</average_rating>
  <num_pages><![CDATA[]]></num_pages>
  <format><![CDATA[]]></format>
  <edition_information><![CDATA[]]></edition_information>
  <ratings_count><![CDATA[11330]]></ratings_count>
  <text_reviews_count><![CDATA[475]]></text_reviews_count>
  <url><![CDATA[https://www.goodreads.com/book/show/111220.Eleanor_of_Aquitaine]]></url>
  <link><![CDATA[https://www.goodreads.com/book/show/111220.Eleanor_of_Aquitaine]]></link>
  <authors>
<author>
<id>6583</id>
<name>Alison Weir</name>
<role></role>
<image_url nophoto='false'>
<![CDATA[https://images.gr-assets.com/authors/1316642711p5/6583.jpg]]>
</image_url>
<small_image_url nophoto='false'>
<![CDATA[https://images.gr-assets.com/authors/1316642711p2/6583.jpg]]>
</small_image_url>
<link><![CDATA[https://www.goodreads.com/author/show/6583.Alison_Weir]]></link>
<average_rating>3.99</average_rating>
<ratings_count>216899</ratings_count>
<text_reviews_count>11456</text_reviews_count>
</author>
</authors>

    <reviews_widget>
      <![CDATA[
        <style>
  #goodreads-widget {
    font-family: georgia, serif;
    padding: 18px 0;
    width:565px;
  }
  #goodreads-widget h1 {
    font-weight:normal;
    font-size: 16px;
    border-bottom: 1px solid #BBB596;
    margin-bottom: 0;
  }
  #goodreads-widget a {
    text-decoration: none;
    color:#660;
  }
  iframe{
    background-color: #fff;
  }
  #goodreads-widget a:hover { text-decoration: underline; }
  #goodreads-widget a:active {
    color:#660;
  }
  #gr_footer {
    width: 100%;
    border-top: 1px solid #BBB596;
    text-align: right;
  }
  #goodreads-widget .gr_branding{
    color: #382110;
    font-size: 11px;
    text-decoration: none;
    font-family: "Helvetica Neue", Helvetica, Arial, sans-serif;
  }
</style>
<div id="goodreads-widget">
  <div id="gr_header"><h1><a rel="nofollow" href="https://www.goodreads.com/book/show/111220.Eleanor_of_Aquitaine">Eleanor of Aquitaine Reviews</a></h1></div>
  <iframe id="the_iframe" src="https://www.goodreads.com/api/reviews_widget_iframe?did=DEVELOPER_ID&amp;format=html&amp;isbn=0345434870&amp;links=660&amp;min_rating=&amp;review_back=fff&amp;stars=000&amp;text=000" width="565" height="400" frameborder="0"></iframe>
  <div id="gr_footer">
    <a class="gr_branding" target="_blank" rel="nofollow" href="https://www.goodreads.com/book/show/111220.Eleanor_of_Aquitaine?utm_medium=api&amp;utm_source=reviews_widget">Reviews from Goodreads.com</a>
  </div>
</div>

      ]]>
    </reviews_widget>
  <popular_shelves>
      <shelf name="to-read" count="10303"/>
      <shelf name="history" count="800"/>
      <shelf name="non-fiction" count="415"/>
      <shelf name="currently-reading" count="281"/>
      <shelf name="biography" count="216"/>
      <shelf name="historical" count="83"/>
      <shelf name="historical-fiction" count="80"/>
      <shelf name="medieval" count="75"/>
      <shelf name="nonfiction" count="74"/>
      <shelf name="biographies" count="74"/>
      <shelf name="owned" count="54"/>
      <shelf name="books-i-own" count="54"/>
      <shelf name="france" count="52"/>
      <shelf name="england" count="48"/>
      <shelf name="british-history" count="47"/>
      <shelf name="favorites" count="41"/>
      <shelf name="medieval-history" count="37"/>
      <shelf name="royalty" count="32"/>
      <shelf name="biography-memoir" count="32"/>
      <shelf name="alison-weir" count="30"/>
      <shelf name="english-history" count="27"/>
      <shelf name="default" count="26"/>
      <shelf name="middle-ages" count="25"/>
      <shelf name="historical-non-fiction" count="21"/>
      <shelf name="eleanor-of-aquitaine" count="19"/>
      <shelf name="library" count="19"/>
      <shelf name="europe" count="18"/>
      <shelf name="british" count="18"/>
      <shelf name="women" count="18"/>
      <shelf name="history-medieval" count="17"/>
      <shelf name="kindle" count="16"/>
      <shelf name="european-history" count="15"/>
      <shelf name="britain" count="15"/>
      <shelf name="biographical" count="14"/>
      <shelf name="biography-autobiography" count="14"/>
      <shelf name="to-buy" count="14"/>
      <shelf name="history-non-fiction" count="13"/>
      <shelf name="12th-century" count="13"/>
      <shelf name="owned-books" count="12"/>
      <shelf name="plantagenets" count="12"/>
      <shelf name="history-biography" count="12"/>
      <shelf name="fiction" count="12"/>
      <shelf name="ebook" count="11"/>
      <shelf name="ebooks" count="11"/>
      <shelf name="french-history" count="11"/>
      <shelf name="royals" count="10"/>
      <shelf name="non-fiction-history" count="10"/>
      <shelf name="adult" count="10"/>
      <shelf name="memoir-biography" count="10"/>
      <shelf name="bio" count="10"/>
      <shelf name="nonfiction-history" count="9"/>
      <shelf name="historical-nonfiction" count="9"/>
      <shelf name="historical-biography" count="8"/>
      <shelf name="to-read-nonfiction" count="8"/>
      <shelf name="feminism" count="8"/>
      <shelf name="history-british" count="8"/>
      <shelf name="history-nonfiction" count="8"/>
      <shelf name="history-european" count="8"/>
      <shelf name="abandoned" count="8"/>
      <shelf name="maybe" count="7"/>
      <shelf name="nf" count="7"/>
      <shelf name="auto-biography" count="7"/>
      <shelf name="world-history" count="7"/>
      <shelf name="my-library" count="7"/>
      <shelf name="wish-list" count="7"/>
      <shelf name="memoir" count="7"/>
      <shelf name="medieval-studies" count="7"/>
      <shelf name="history-books" count="7"/>
      <shelf name="french" count="7"/>
      <shelf name="i-own" count="7"/>
      <shelf name="non-fiction-to-read" count="6"/>
      <shelf name="politics" count="6"/>
      <shelf name="paperback" count="6"/>
      <shelf name="to-read-non-fiction" count="6"/>
      <shelf name="british-royalty" count="6"/>
      <shelf name="20th-century" count="6"/>
      <shelf name="queens" count="6"/>
      <shelf name="biographies-and-memoirs" count="6"/>
      <shelf name="biographies-memoirs" count="6"/>
      <shelf name="biography-memoirs" count="6"/>
      <shelf name="autobiography" count="6"/>
      <shelf name="plantagenet" count="6"/>
      <shelf name="uk" count="5"/>
      <shelf name="read-in-2013" count="5"/>
      <shelf name="memoir-bio" count="5"/>
      <shelf name="to-read-history" count="5"/>
      <shelf name="women-s-history" count="5"/>
      <shelf name="crusades" count="5"/>
      <shelf name="have" count="5"/>
      <shelf name="eleanor" count="5"/>
      <shelf name="war" count="5"/>
      <shelf name="unread" count="5"/>
      <shelf name="autobiography-biography" count="5"/>
      <shelf name="bio-memoir" count="5"/>
      <shelf name="library-books" count="5"/>
      <shelf name="histories" count="5"/>
      <shelf name="english" count="5"/>
      <shelf name="books" count="5"/>
      <shelf name="great-britain" count="5"/>
      <shelf name="shelfari-wishlist" count="4"/>
  </popular_shelves>
  <book_links>
    <book_link>
  <id>8</id>
  <name>Libraries</name>
  <link>https://www.goodreads.com/book_link/follow/8</link>
</book_link>

  </book_links>
  <buy_links>
    <buy_link>
<id>1</id>
<name>Amazon</name>
<link>https://www.goodreads.com/book_link/follow/1</link>
</buy_link>
<buy_link>
<id>10</id>
<name>Audible</name>
<link>https://www.goodreads.com/book_link/follow/10</link>
</buy_link>
<buy_link>
<id>3</id>
<name>Barnes &amp; Noble</name>
<link>https://www.goodreads.com/book_link/follow/3</link>
</buy_link>
<buy_link>
<id>1027</id>
<name>Kobo</name>
<link>https://www.goodreads.com/book_link/follow/1027</link>
</buy_link>
<buy_link>
<id>2102</id>
<name>Apple iBooks</name>
<link>https://www.goodreads.com/book_link/follow/2102</link>
</buy_link>
<buy_link>
<id>8036</id>
<name>Google Play</name>
<link>https://www.goodreads.com/book_link/follow/8036</link>
</buy_link>
<buy_link>
<id>4</id>
<name>Abebooks</name>
<link>https://www.goodreads.com/book_link/follow/4</link>
</buy_link>
<buy_link>
<id>882</id>
<name>Book Depository</name>
<link>https://www.goodreads.com/book_link/follow/882</link>
</buy_link>
<buy_link>
<id>9</id>
<name>Indigo</name>
<link>https://www.goodreads.com/book_link/follow/9</link>
</buy_link>
<buy_link>
<id>2</id>
<name>Half.com</name>
<link>https://www.goodreads.com/book_link/follow/2</link>
</buy_link>
<buy_link>
<id>5</id>
<name>Alibris</name>
<link>https://www.goodreads.com/book_link/follow/5</link>
</buy_link>
<buy_link>
<id>107</id>
<name>Better World Books</name>
<link>https://www.goodreads.com/book_link/follow/107</link>
</buy_link>
<buy_link>
<id>7</id>
<name>IndieBound</name>
<link>https://www.goodreads.com/book_link/follow/7</link>
</buy_link>

  </buy_links>
  <series_works>
    
  </series_works>
  <similar_books>
          <book>
<id>770556</id>
<title><![CDATA[Eleanor of Aquitaine: A Biography]]></title>
<title_without_series><![CDATA[Eleanor of Aquitaine: A Biography]]></title_without_series>
<link><![CDATA[https://www.goodreads.com/book/show/770556.Eleanor_of_Aquitaine]]></link>
<small_image_url><![CDATA[https://s.gr-assets.com/assets/nophoto/book/50x75-a91bf249278a81aabab721ef782c4a74.png]]></small_image_url>
<image_url><![CDATA[https://s.gr-assets.com/assets/nophoto/book/111x148-bcc042a9c91a29c1d680899eff700a03.png]]></image_url>
<num_pages>416</num_pages>
<work>
<id>756614</id>
</work>
<isbn>0140153381</isbn>
<isbn13>9780140153385</isbn13>
<average_rating>4.05</average_rating>
<ratings_count>1094</ratings_count>
<publication_year>1991</publication_year>
<publication_month>11</publication_month>
<publication_day>1</publication_day>
<authors>
<author>
<id>24959</id>
<name>Marion Meade</name>
<link><![CDATA[https://www.goodreads.com/author/show/24959.Marion_Meade]]></link>
</author>
</authors>
</book>

          <book>
<id>840610</id>
<title><![CDATA[The Perfect King: The Life of Edward III, Father of the English Nation]]></title>
<title_without_series><![CDATA[The Perfect King: The Life of Edward III, Father of the English Nation]]></title_without_series>
<link><![CDATA[https://www.goodreads.com/book/show/840610.The_Perfect_King]]></link>
<small_image_url><![CDATA[https://images.gr-assets.com/books/1320388621s/840610.jpg]]></small_image_url>
<image_url><![CDATA[https://images.gr-assets.com/books/1320388621m/840610.jpg]]></image_url>
<num_pages>560</num_pages>
<work>
<id>826158</id>
</work>
<isbn>1844135306</isbn>
<isbn13>9781844135301</isbn13>
<average_rating>4.16</average_rating>
<ratings_count>1162</ratings_count>
<publication_year>2007</publication_year>
<publication_month>4</publication_month>
<publication_day>5</publication_day>
<authors>
<author>
<id>436455</id>
<name>Ian Mortimer</name>
<link><![CDATA[https://www.goodreads.com/author/show/436455.Ian_Mortimer]]></link>
</author>
</authors>
</book>

          <book>
<id>691001</id>
<title><![CDATA[Four Queens: The Provençal Sisters Who Ruled Europe]]></title>
<title_without_series><![CDATA[Four Queens: The Provençal Sisters Who Ruled Europe]]></title_without_series>
<link><![CDATA[https://www.goodreads.com/book/show/691001.Four_Queens]]></link>
<small_image_url><![CDATA[https://s.gr-assets.com/assets/nophoto/book/50x75-a91bf249278a81aabab721ef782c4a74.png]]></small_image_url>
<image_url><![CDATA[https://s.gr-assets.com/assets/nophoto/book/111x148-bcc042a9c91a29c1d680899eff700a03.png]]></image_url>
<num_pages>336</num_pages>
<work>
<id>677345</id>
</work>
<isbn>0670038431</isbn>
<isbn13>9780670038435</isbn13>
<average_rating>3.84</average_rating>
<ratings_count>3109</ratings_count>
<publication_year></publication_year>
<publication_month></publication_month>
<publication_day></publication_day>
<authors>
<author>
<id>68259</id>
<name>Nancy Goldstone</name>
<link><![CDATA[https://www.goodreads.com/author/show/68259.Nancy_Goldstone]]></link>
</author>
</authors>
</book>

          <book>
<id>279886</id>
<title><![CDATA[Elizabeth Wydeville: The Slandered Queen]]></title>
<title_without_series><![CDATA[Elizabeth Wydeville: The Slandered Queen]]></title_without_series>
<link><![CDATA[https://www.goodreads.com/book/show/279886.Elizabeth_Wydeville]]></link>
<small_image_url><![CDATA[https://s.gr-assets.com/assets/nophoto/book/50x75-a91bf249278a81aabab721ef782c4a74.png]]></small_image_url>
<image_url><![CDATA[https://s.gr-assets.com/assets/nophoto/book/111x148-bcc042a9c91a29c1d680899eff700a03.png]]></image_url>
<num_pages>336</num_pages>
<work>
<id>271485</id>
</work>
<isbn>0752433849</isbn>
<isbn13>9780752433844</isbn13>
<average_rating>3.94</average_rating>
<ratings_count>459</ratings_count>
<publication_year>2005</publication_year>
<publication_month>5</publication_month>
<publication_day>1</publication_day>
<authors>
<author>
<id>3021905</id>
<name>Arlene Naylor Okerlund</name>
<link><![CDATA[https://www.goodreads.com/author/show/3021905.Arlene_Naylor_Okerlund]]></link>
</author>
</authors>
</book>

          <book>
<id>159296</id>
<title><![CDATA[Eleanor of Aquitaine and the Four Kings (Harvard Paperbacks)]]></title>
<title_without_series><![CDATA[Eleanor of Aquitaine and the Four Kings]]></title_without_series>
<link><![CDATA[https://www.goodreads.com/book/show/159296.Eleanor_of_Aquitaine_and_the_Four_Kings]]></link>
<small_image_url><![CDATA[https://s.gr-assets.com/assets/nophoto/book/50x75-a91bf249278a81aabab721ef782c4a74.png]]></small_image_url>
<image_url><![CDATA[https://s.gr-assets.com/assets/nophoto/book/111x148-bcc042a9c91a29c1d680899eff700a03.png]]></image_url>
<num_pages></num_pages>
<work>
<id>153753</id>
</work>
<isbn>0674242548</isbn>
<isbn13>9780674242548</isbn13>
<average_rating>3.94</average_rating>
<ratings_count>776</ratings_count>
<publication_year></publication_year>
<publication_month></publication_month>
<publication_day></publication_day>
<authors>
<author>
<id>13939124</id>
<name>Amy  Kelly</name>
<link><![CDATA[https://www.goodreads.com/author/show/13939124.Amy_Kelly]]></link>
</author>
</authors>
</book>

          <book>
<id>137551</id>
<title>Kings and Queens of England</title>
<title_without_series>Kings and Queens of England</title_without_series>
<link><![CDATA[https://www.goodreads.com/book/show/137551.Kings_and_Queens_of_England]]></link>
<small_image_url><![CDATA[https://s.gr-assets.com/assets/nophoto/book/50x75-a91bf249278a81aabab721ef782c4a74.png]]></small_image_url>
<image_url><![CDATA[https://s.gr-assets.com/assets/nophoto/book/111x148-bcc042a9c91a29c1d680899eff700a03.png]]></image_url>
<num_pages>256</num_pages>
<work>
<id>2180773</id>
</work>
<isbn>0304357235</isbn>
<isbn13>9780304357239</isbn13>
<average_rating>4.00</average_rating>
<ratings_count>1263</ratings_count>
<publication_year>2000</publication_year>
<publication_month></publication_month>
<publication_day></publication_day>
<authors>
<author>
<id>6582</id>
<name>Antonia Fraser</name>
<link><![CDATA[https://www.goodreads.com/author/show/6582.Antonia_Fraser]]></link>
</author>
</authors>
</book>

          <book>
<id>478634</id>
<title>Henry II</title>
<title_without_series>Henry II</title_without_series>
<link><![CDATA[https://www.goodreads.com/book/show/478634.Henry_II]]></link>
<small_image_url><![CDATA[https://images.gr-assets.com/books/1445099085s/478634.jpg]]></small_image_url>
<image_url><![CDATA[https://images.gr-assets.com/books/1445099085m/478634.jpg]]></image_url>
<num_pages>630</num_pages>
<work>
<id>467063</id>
</work>
<isbn>0520034945</isbn>
<isbn13>9780520034945</isbn13>
<average_rating>4.05</average_rating>
<ratings_count>217</ratings_count>
<publication_year>1977</publication_year>
<publication_month>11</publication_month>
<publication_day>28</publication_day>
<authors>
<author>
<id>511673</id>
<name>Wilfred Lewis Warren</name>
<link><![CDATA[https://www.goodreads.com/author/show/511673.Wilfred_Lewis_Warren]]></link>
</author>
</authors>
</book>

          <book>
<id>690539</id>
<title>Arbella: England&apos;s Lost Queen</title>
<title_without_series>Arbella: England&apos;s Lost Queen</title_without_series>
<link><![CDATA[https://www.goodreads.com/book/show/690539.Arbella]]></link>
<small_image_url><![CDATA[https://images.gr-assets.com/books/1356684530s/690539.jpg]]></small_image_url>
<image_url><![CDATA[https://images.gr-assets.com/books/1356684530m/690539.jpg]]></image_url>
<num_pages></num_pages>
<work>
<id>676884</id>
</work>
<isbn>0618341331</isbn>
<isbn13>9780618341337</isbn13>
<average_rating>3.85</average_rating>
<ratings_count>1469</ratings_count>
<publication_year></publication_year>
<publication_month></publication_month>
<publication_day></publication_day>
<authors>
<author>
<id>369207</id>
<name>Sarah Gristwood</name>
<link><![CDATA[https://www.goodreads.com/author/show/369207.Sarah_Gristwood]]></link>
</author>
</authors>
</book>

          <book>
<id>255134</id>
<title><![CDATA[Catherine de Medici: Renaissance Queen of France]]></title>
<title_without_series><![CDATA[Catherine de Medici: Renaissance Queen of France]]></title_without_series>
<link><![CDATA[https://www.goodreads.com/book/show/255134.Catherine_de_Medici]]></link>
<small_image_url><![CDATA[https://images.gr-assets.com/books/1407107291s/255134.jpg]]></small_image_url>
<image_url><![CDATA[https://images.gr-assets.com/books/1407107291m/255134.jpg]]></image_url>
<num_pages>464</num_pages>
<work>
<id>247261</id>
</work>
<isbn>0060744936</isbn>
<isbn13>9780060744939</isbn13>
<average_rating>3.95</average_rating>
<ratings_count>4686</ratings_count>
<publication_year>2006</publication_year>
<publication_month>3</publication_month>
<publication_day>14</publication_day>
<authors>
<author>
<id>149082</id>
<name>Leonie Frieda</name>
<link><![CDATA[https://www.goodreads.com/author/show/149082.Leonie_Frieda]]></link>
</author>
</authors>
</book>

          <book>
<id>2465562</id>
<title><![CDATA[A Great and Terrible King: Edward I and the Forging of Britain]]></title>
<title_without_series><![CDATA[A Great and Terrible King: Edward I and the Forging of Britain]]></title_without_series>
<link><![CDATA[https://www.goodreads.com/book/show/2465562.A_Great_and_Terrible_King]]></link>
<small_image_url><![CDATA[https://images.gr-assets.com/books/1320419690s/2465562.jpg]]></small_image_url>
<image_url><![CDATA[https://images.gr-assets.com/books/1320419690m/2465562.jpg]]></image_url>
<num_pages>400</num_pages>
<work>
<id>2472758</id>
</work>
<isbn>0091796849</isbn>
<isbn13>9780091796846</isbn13>
<average_rating>4.11</average_rating>
<ratings_count>1993</ratings_count>
<publication_year>2008</publication_year>
<publication_month>3</publication_month>
<publication_day>6</publication_day>
<authors>
<author>
<id>169338</id>
<name>Marc Morris</name>
<link><![CDATA[https://www.goodreads.com/author/show/169338.Marc_Morris]]></link>
</author>
</authors>
</book>

          <book>
<id>4333081</id>
<title><![CDATA[Queens Consort: England's Medieval Queens]]></title>
<title_without_series><![CDATA[Queens Consort: England's Medieval Queens]]></title_without_series>
<link><![CDATA[https://www.goodreads.com/book/show/4333081-queens-consort]]></link>
<small_image_url><![CDATA[https://images.gr-assets.com/books/1328830095s/4333081.jpg]]></small_image_url>
<image_url><![CDATA[https://images.gr-assets.com/books/1328830095m/4333081.jpg]]></image_url>
<num_pages>482</num_pages>
<work>
<id>4380943</id>
</work>
<isbn>0297852612</isbn>
<isbn13>9780297852612</isbn13>
<average_rating>3.90</average_rating>
<ratings_count>1272</ratings_count>
<publication_year>2008</publication_year>
<publication_month></publication_month>
<publication_day></publication_day>
<authors>
<author>
<id>64115</id>
<name>Lisa Hilton</name>
<link><![CDATA[https://www.goodreads.com/author/show/64115.Lisa_Hilton]]></link>
</author>
</authors>
</book>

          <book>
<id>8521781</id>
<title><![CDATA[Margaret Beaufort: Mother of the Tudor Dynasty]]></title>
<title_without_series><![CDATA[Margaret Beaufort: Mother of the Tudor Dynasty]]></title_without_series>
<link><![CDATA[https://www.goodreads.com/book/show/8521781-margaret-beaufort]]></link>
<small_image_url><![CDATA[https://images.gr-assets.com/books/1327886567s/8521781.jpg]]></small_image_url>
<image_url><![CDATA[https://images.gr-assets.com/books/1327886567m/8521781.jpg]]></image_url>
<num_pages>255</num_pages>
<work>
<id>13388611</id>
</work>
<isbn>1445601427</isbn>
<isbn13>9781445601427</isbn13>
<average_rating>3.88</average_rating>
<ratings_count>406</ratings_count>
<publication_year>2010</publication_year>
<publication_month>9</publication_month>
<publication_day>23</publication_day>
<authors>
<author>
<id>2107297</id>
<name>Elizabeth Norton</name>
<link><![CDATA[https://www.goodreads.com/author/show/2107297.Elizabeth_Norton]]></link>
</author>
</authors>
</book>

          <book>
<id>8474660</id>
<title><![CDATA[She-Wolves: The Women Who Ruled England Before Elizabeth]]></title>
<title_without_series><![CDATA[She-Wolves: The Women Who Ruled England Before Elizabeth]]></title_without_series>
<link><![CDATA[https://www.goodreads.com/book/show/8474660-she-wolves]]></link>
<small_image_url><![CDATA[https://images.gr-assets.com/books/1328294765s/8474660.jpg]]></small_image_url>
<image_url><![CDATA[https://images.gr-assets.com/books/1328294765m/8474660.jpg]]></image_url>
<num_pages>480</num_pages>
<work>
<id>13339441</id>
</work>
<isbn>0571237053</isbn>
<isbn13>9780571237050</isbn13>
<average_rating>3.97</average_rating>
<ratings_count>5268</ratings_count>
<publication_year>2011</publication_year>
<publication_month></publication_month>
<publication_day></publication_day>
<authors>
<author>
<id>103979</id>
<name>Helen Castor</name>
<link><![CDATA[https://www.goodreads.com/author/show/103979.Helen_Castor]]></link>
</author>
</authors>
</book>

          <book>
<id>1406750</id>
<title>Katherine Swynford</title>
<title_without_series>Katherine Swynford</title_without_series>
<link><![CDATA[https://www.goodreads.com/book/show/1406750.Katherine_Swynford]]></link>
<small_image_url><![CDATA[https://s.gr-assets.com/assets/nophoto/book/50x75-a91bf249278a81aabab721ef782c4a74.png]]></small_image_url>
<image_url><![CDATA[https://s.gr-assets.com/assets/nophoto/book/111x148-bcc042a9c91a29c1d680899eff700a03.png]]></image_url>
<num_pages>256</num_pages>
<work>
<id>1396999</id>
</work>
<isbn>0750932619</isbn>
<isbn13>9780750932615</isbn13>
<average_rating>3.94</average_rating>
<ratings_count>258</ratings_count>
<publication_year>2006</publication_year>
<publication_month>8</publication_month>
<publication_day>16</publication_day>
<authors>
<author>
<id>664187</id>
<name>Jeannette Lucraft</name>
<link><![CDATA[https://www.goodreads.com/author/show/664187.Jeannette_Lucraft]]></link>
</author>
</authors>
</book>

          <book>
<id>414479</id>
<title><![CDATA[Royal Blood: Richard III and the Mystery of the Princes]]></title>
<title_without_series><![CDATA[Royal Blood: Richard III and the Mystery of the Princes]]></title_without_series>
<link><![CDATA[https://www.goodreads.com/book/show/414479.Royal_Blood]]></link>
<small_image_url><![CDATA[https://s.gr-assets.com/assets/nophoto/book/50x75-a91bf249278a81aabab721ef782c4a74.png]]></small_image_url>
<image_url><![CDATA[https://s.gr-assets.com/assets/nophoto/book/111x148-bcc042a9c91a29c1d680899eff700a03.png]]></image_url>
<num_pages>352</num_pages>
<work>
<id>403696</id>
</work>
<isbn>0060987383</isbn>
<isbn13>9780060987381</isbn13>
<average_rating>3.86</average_rating>
<ratings_count>750</ratings_count>
<publication_year>2000</publication_year>
<publication_month>6</publication_month>
<publication_day>20</publication_day>
<authors>
<author>
<id>5753</id>
<name>Bertram Fields</name>
<link><![CDATA[https://www.goodreads.com/author/show/5753.Bertram_Fields]]></link>
</author>
</authors>
</book>

          <book>
<id>2145185</id>
<title><![CDATA[Charlotte & Leopold: The True Story of The Original People's Princess]]></title>
<title_without_series><![CDATA[Charlotte & Leopold: The True Story of The Original People's Princess]]></title_without_series>
<link><![CDATA[https://www.goodreads.com/book/show/2145185.Charlotte_Leopold]]></link>
<small_image_url><![CDATA[https://images.gr-assets.com/books/1354903388s/2145185.jpg]]></small_image_url>
<image_url><![CDATA[https://images.gr-assets.com/books/1354903388m/2145185.jpg]]></image_url>
<num_pages>256</num_pages>
<work>
<id>2150677</id>
</work>
<isbn>1905847238</isbn>
<isbn13>9781905847235</isbn13>
<average_rating>3.88</average_rating>
<ratings_count>499</ratings_count>
<publication_year>2008</publication_year>
<publication_month>5</publication_month>
<publication_day>1</publication_day>
<authors>
<author>
<id>9495</id>
<name>James Chambers</name>
<link><![CDATA[https://www.goodreads.com/author/show/9495.James_Chambers]]></link>
</author>
</authors>
</book>

          <book>
<id>306403</id>
<title><![CDATA[Bess of Hardwick: First Lady of Chatsworth, 1527-1608]]></title>
<title_without_series><![CDATA[Bess of Hardwick: First Lady of Chatsworth, 1527-1608]]></title_without_series>
<link><![CDATA[https://www.goodreads.com/book/show/306403.Bess_of_Hardwick]]></link>
<small_image_url><![CDATA[https://images.gr-assets.com/books/1356126695s/306403.jpg]]></small_image_url>
<image_url><![CDATA[https://images.gr-assets.com/books/1356126695m/306403.jpg]]></image_url>
<num_pages>555</num_pages>
<work>
<id>297391</id>
</work>
<isbn>0316724823</isbn>
<isbn13>9780316724821</isbn13>
<average_rating>4.08</average_rating>
<ratings_count>2333</ratings_count>
<publication_year>2005</publication_year>
<publication_month>1</publication_month>
<publication_day>1</publication_day>
<authors>
<author>
<id>13421</id>
<name>Mary S. Lovell</name>
<link><![CDATA[https://www.goodreads.com/author/show/13421.Mary_S_Lovell]]></link>
</author>
</authors>
</book>

          <book>
<id>234679</id>
<title>Great Harry</title>
<title_without_series>Great Harry</title_without_series>
<link><![CDATA[https://www.goodreads.com/book/show/234679.Great_Harry]]></link>
<small_image_url><![CDATA[https://images.gr-assets.com/books/1311997731s/234679.jpg]]></small_image_url>
<image_url><![CDATA[https://images.gr-assets.com/books/1311997731m/234679.jpg]]></image_url>
<num_pages>432</num_pages>
<work>
<id>14844185</id>
</work>
<isbn>0312168586</isbn>
<isbn13>9780312168582</isbn13>
<average_rating>3.93</average_rating>
<ratings_count>535</ratings_count>
<publication_year>1997</publication_year>
<publication_month>8</publication_month>
<publication_day>15</publication_day>
<authors>
<author>
<id>6597</id>
<name>Carolly Erickson</name>
<link><![CDATA[https://www.goodreads.com/author/show/6597.Carolly_Erickson]]></link>
</author>
</authors>
</book>

  </similar_books>
</book>

</GoodreadsResponse>