<?xml version="1.0" encoding="UTF-8"?>
<GoodreadsResponse>
  <Request>
    <authentication>true</authentication>
      <key><![CDATA[all_men_must_serve]]></key>
    <method><![CDATA[book_show]]></method>
  </Request>
  <book>
  <id>111332</id>
  <title>Into the Wild (Warriors, #1)</title>
  <isbn><![CDATA[0061284203]]></isbn>
  <isbn13><![CDATA[9780061284205]]></isbn13>
  <asin><![CDATA[]]></asin>
  <kindle_asin><![CDATA[B000VYX8L8]]></kindle_asin>
  <marketplace_id><![CDATA[A1F83G8C2ARO7P]]></marketplace_id>
  <country_code><![CDATA[GB]]></country_code>
  <image_url>https://s.gr-assets.com/assets/nophoto/book/111x148-bcc042a9c91a29c1d680899eff700a03.png</image_url>
  <small_image_url>https://s.gr-assets.com/assets/nophoto/book/50x75-a91bf249278a81aabab721ef782c4a74.png</small_image_url>
  <publication_year>2004</publication_year>
  <publication_month>1</publication_month>
  <publication_day>6</publication_day>
  <publisher>HarperTrophy</publisher>
  <language_code>eng</language_code>
  <is_ebook>false</is_ebook>
  <description><![CDATA[For generations, four Clans of wild cats have shared the forest according to the laws laid down by their warrior ancestors. But the ThunderClan cats are in grave danger, and the sinister ShadowClan grows stronger every day. Noble warriors are dying-- and some deaths are more mysterious than others. In the midst of this turmoil appears an ordinary house cat named Rusty . . . who may turn out to be the bravest warrior of them all.]]></description>
  <work>
  <id type="integer">1346922</id>
  <books_count type="integer">74</books_count>
  <best_book_id type="integer">111332</best_book_id>
  <reviews_count type="integer">77443</reviews_count>
  <ratings_sum type="integer">226063</ratings_sum>
  <ratings_count type="integer">52748</ratings_count>
  <text_reviews_count type="integer">4301</text_reviews_count>
  <original_publication_year type="integer">2003</original_publication_year>
  <original_publication_month type="integer">1</original_publication_month>
  <original_publication_day type="integer">9</original_publication_day>
  <original_title>Into the Wild</original_title>
  <original_language_id type="integer" nil="true"/>
  <media_type>book</media_type>
  <rating_dist>5:29043|4:13827|3:6896|2:1870|1:1112|total:52748</rating_dist>
  <desc_user_id type="integer">14594173</desc_user_id>
  <default_chaptering_book_id type="integer" nil="true"/>
  <default_description_language_code nil="true"/>
</work>
  <average_rating>4.29</average_rating>
  <num_pages><![CDATA[288]]></num_pages>
  <format><![CDATA[Paperback]]></format>
  <edition_information><![CDATA[]]></edition_information>
  <ratings_count><![CDATA[48185]]></ratings_count>
  <text_reviews_count><![CDATA[3802]]></text_reviews_count>
  <url><![CDATA[https://www.goodreads.com/book/show/111332.Into_the_Wild]]></url>
  <link><![CDATA[https://www.goodreads.com/book/show/111332.Into_the_Wild]]></link>
  <authors>
<author>
<id>27498</id>
<name>Erin Hunter</name>
<role></role>
<image_url nophoto='false'>
<![CDATA[https://images.gr-assets.com/authors/1318547591p5/27498.jpg]]>
</image_url>
<small_image_url nophoto='false'>
<![CDATA[https://images.gr-assets.com/authors/1318547591p2/27498.jpg]]>
</small_image_url>
<link><![CDATA[https://www.goodreads.com/author/show/27498.Erin_Hunter]]></link>
<average_rating>4.34</average_rating>
<ratings_count>663715</ratings_count>
<text_reviews_count>23633</text_reviews_count>
</author>
</authors>

    <reviews_widget>
      <![CDATA[
        <style>
  #goodreads-widget {
    font-family: georgia, serif;
    padding: 18px 0;
    width:565px;
  }
  #goodreads-widget h1 {
    font-weight:normal;
    font-size: 16px;
    border-bottom: 1px solid #BBB596;
    margin-bottom: 0;
  }
  #goodreads-widget a {
    text-decoration: none;
    color:#660;
  }
  iframe{
    background-color: #fff;
  }
  #goodreads-widget a:hover { text-decoration: underline; }
  #goodreads-widget a:active {
    color:#660;
  }
  #gr_footer {
    width: 100%;
    border-top: 1px solid #BBB596;
    text-align: right;
  }
  #goodreads-widget .gr_branding{
    color: #382110;
    font-size: 11px;
    text-decoration: none;
    font-family: "Helvetica Neue", Helvetica, Arial, sans-serif;
  }
</style>
<div id="goodreads-widget">
  <div id="gr_header"><h1><a rel="nofollow" href="https://www.goodreads.com/book/show/111332.Into_the_Wild">Into the Wild Reviews</a></h1></div>
  <iframe id="the_iframe" src="https://www.goodreads.com/api/reviews_widget_iframe?did=DEVELOPER_ID&amp;format=html&amp;isbn=0061284203&amp;links=660&amp;min_rating=&amp;review_back=fff&amp;stars=000&amp;text=000" width="565" height="400" frameborder="0"></iframe>
  <div id="gr_footer">
    <a class="gr_branding" target="_blank" rel="nofollow" href="https://www.goodreads.com/book/show/111332.Into_the_Wild?utm_medium=api&amp;utm_source=reviews_widget">Reviews from Goodreads.com</a>
  </div>
</div>

      ]]>
    </reviews_widget>
  <popular_shelves>
      <shelf name="to-read" count="3322"/>
      <shelf name="currently-reading" count="1334"/>
      <shelf name="fantasy" count="935"/>
      <shelf name="favorites" count="833"/>
      <shelf name="warriors" count="717"/>
      <shelf name="animals" count="345"/>
      <shelf name="young-adult" count="279"/>
      <shelf name="fiction" count="253"/>
      <shelf name="books-i-own" count="212"/>
      <shelf name="series" count="209"/>
      <shelf name="owned" count="194"/>
      <shelf name="childrens" count="175"/>
      <shelf name="adventure" count="175"/>
      <shelf name="cats" count="163"/>
      <shelf name="erin-hunter" count="146"/>
      <shelf name="middle-grade" count="138"/>
      <shelf name="warrior-cats" count="128"/>
      <shelf name="childhood" count="115"/>
      <shelf name="children" count="107"/>
      <shelf name="kids" count="89"/>
      <shelf name="children-s" count="86"/>
      <shelf name="ya" count="77"/>
      <shelf name="kindle" count="58"/>
      <shelf name="owned-books" count="58"/>
      <shelf name="favourites" count="58"/>
      <shelf name="animal" count="55"/>
      <shelf name="warriors-series" count="53"/>
      <shelf name="kids-books" count="48"/>
      <shelf name="childhood-favorites" count="45"/>
      <shelf name="childhood-books" count="44"/>
      <shelf name="juvenile" count="42"/>
      <shelf name="children-s-books" count="41"/>
      <shelf name="animal-fiction" count="39"/>
      <shelf name="my-books" count="38"/>
      <shelf name="animal-fantasy" count="36"/>
      <shelf name="library" count="36"/>
      <shelf name="i-own" count="35"/>
      <shelf name="favorite-books" count="33"/>
      <shelf name="default" count="32"/>
      <shelf name="ebook" count="31"/>
      <shelf name="childrens-books" count="30"/>
      <shelf name="books" count="29"/>
      <shelf name="all-time-favorites" count="28"/>
      <shelf name="middle-school" count="27"/>
      <shelf name="animal-books" count="27"/>
      <shelf name="action" count="27"/>
      <shelf name="animal-stories" count="26"/>
      <shelf name="re-read" count="24"/>
      <shelf name="5-stars" count="24"/>
      <shelf name="action-adventure" count="23"/>
      <shelf name="childhood-reads" count="22"/>
      <shelf name="ebooks" count="22"/>
      <shelf name="nostalgia" count="21"/>
      <shelf name="talking-animals" count="21"/>
      <shelf name="juvenile-fiction" count="21"/>
      <shelf name="teen" count="21"/>
      <shelf name="reread" count="20"/>
      <shelf name="abandoned" count="20"/>
      <shelf name="favorite" count="19"/>
      <shelf name="read-in-2016" count="18"/>
      <shelf name="cat" count="18"/>
      <shelf name="ya-fiction" count="18"/>
      <shelf name="to-buy" count="17"/>
      <shelf name="favorite-series" count="17"/>
      <shelf name="warrior" count="16"/>
      <shelf name="wish-list" count="16"/>
      <shelf name="first-in-series" count="15"/>
      <shelf name="mg" count="15"/>
      <shelf name="youth" count="15"/>
      <shelf name="ya-fantasy" count="15"/>
      <shelf name="have" count="15"/>
      <shelf name="loved" count="14"/>
      <shelf name="my-library" count="14"/>
      <shelf name="my-childhood" count="14"/>
      <shelf name="maybe" count="13"/>
      <shelf name="on-my-shelf" count="13"/>
      <shelf name="children-s-literature" count="13"/>
      <shelf name="nook" count="13"/>
      <shelf name="into-the-wild" count="13"/>
      <shelf name="elementary" count="13"/>
      <shelf name="finished-series" count="13"/>
      <shelf name="books-i-have" count="13"/>
      <shelf name="children-s-lit" count="13"/>
      <shelf name="novels" count="13"/>
      <shelf name="part-of-a-series" count="12"/>
      <shelf name="e-books" count="12"/>
      <shelf name="anthropomorphism" count="12"/>
      <shelf name="reviewed" count="12"/>
      <shelf name="novel" count="12"/>
      <shelf name="4-stars" count="11"/>
      <shelf name="erin-hunter-books" count="11"/>
      <shelf name="mystery" count="11"/>
      <shelf name="sci-fi-fantasy" count="11"/>
      <shelf name="book-club" count="11"/>
      <shelf name="own-it" count="11"/>
      <shelf name="five-stars" count="11"/>
      <shelf name="library-books" count="11"/>
      <shelf name="warriors-books" count="11"/>
      <shelf name="fantasy-sci-fi" count="11"/>
      <shelf name="for-the-kids" count="10"/>
  </popular_shelves>
  <book_links>
    <book_link>
  <id>8</id>
  <name>Libraries</name>
  <link>https://www.goodreads.com/book_link/follow/8</link>
</book_link>

  </book_links>
  <buy_links>
    <buy_link>
<id>1</id>
<name>Amazon</name>
<link>https://www.goodreads.com/book_link/follow/1</link>
</buy_link>
<buy_link>
<id>10</id>
<name>Audible</name>
<link>https://www.goodreads.com/book_link/follow/10</link>
</buy_link>
<buy_link>
<id>3</id>
<name>Barnes &amp; Noble</name>
<link>https://www.goodreads.com/book_link/follow/3</link>
</buy_link>
<buy_link>
<id>1027</id>
<name>Kobo</name>
<link>https://www.goodreads.com/book_link/follow/1027</link>
</buy_link>
<buy_link>
<id>2102</id>
<name>Apple iBooks</name>
<link>https://www.goodreads.com/book_link/follow/2102</link>
</buy_link>
<buy_link>
<id>8036</id>
<name>Google Play</name>
<link>https://www.goodreads.com/book_link/follow/8036</link>
</buy_link>
<buy_link>
<id>4</id>
<name>Abebooks</name>
<link>https://www.goodreads.com/book_link/follow/4</link>
</buy_link>
<buy_link>
<id>882</id>
<name>Book Depository</name>
<link>https://www.goodreads.com/book_link/follow/882</link>
</buy_link>
<buy_link>
<id>9</id>
<name>Indigo</name>
<link>https://www.goodreads.com/book_link/follow/9</link>
</buy_link>
<buy_link>
<id>2</id>
<name>Half.com</name>
<link>https://www.goodreads.com/book_link/follow/2</link>
</buy_link>
<buy_link>
<id>5</id>
<name>Alibris</name>
<link>https://www.goodreads.com/book_link/follow/5</link>
</buy_link>
<buy_link>
<id>107</id>
<name>Better World Books</name>
<link>https://www.goodreads.com/book_link/follow/107</link>
</buy_link>
<buy_link>
<id>7</id>
<name>IndieBound</name>
<link>https://www.goodreads.com/book_link/follow/7</link>
</buy_link>

  </buy_links>
  <series_works>
    <series_work>
<id>403226</id>
<user_position>1</user_position>
<series>
<id>84197</id>
<title>
<![CDATA[
    Warriors
]]>
</title>
<description>
<![CDATA[
    Part of the <a href="http://www.goodreads.com/series/40705-warriors-universe">Warriors Universe</a>.
    Also known as Warriors: The Prophecy Begins
    Followed by <a href="http://www.goodreads.com/series/41183-warriors-the-new-prophecy">Warriors: The New Prophecy</a>.
]]>
</description>
<note>
<![CDATA[
]]>
</note>
<series_works_count>14</series_works_count>
<primary_work_count>6</primary_work_count>
<numbered>true</numbered>
</series>

</series_work>
<series_work>
<id>156642</id>
<user_position>7</user_position>
<series>
<id>40705</id>
<title>
<![CDATA[
    Warriors Universe
]]>
</title>
<description>
<![CDATA[
    This series is also known as:
    * Warrior Cats
    * Los gatos guerreros
    * La guerre des clans
    * 貓戰士
    
    All Warriors books in suggested reading order.
    * <a href="http://www.goodreads.com/series/84197-warriors">Warriors</a>
    * <a href="http://www.goodreads.com/series/41183-warriors-the-new-prophecy">Warriors: The New Prophecy</a>
    * <a href="http://www.goodreads.com/series/45046-warriors-power-of-three">Warriors: Power of Three</a>
    * <a href="http://www.goodreads.com/series/46700-warriors-omen-of-the-stars">Warriors: Omen of the Stars</a>
    * <a href="http://www.goodreads.com/series/83893-warriors-dawn-of-the-clans">Warriors: Dawn of the Clans</a>
    * <a href="https://www.goodreads.com/series/158168-warriors-a-vision-of-shadows">Warriors: A Vision of Shadows</a>
    
    See also:
    * <a href="http://www.goodreads.com/series/55353-warriors-super-edition">Warriors Super Editions</a> (related stand alones)
    * <a href="https://www.goodreads.com/series/115203-warriors-novellas">Warriors Novellas</a> (short story stand alones)
    * <a href="http://www.goodreads.com/series/55355-warriors-field-guide">Warriors Field Guides</a> (companion books)
    * <a href="http://www.goodreads.com/series/55356-manga-warriors">Warriors Manga</a> (manga adaptations)
]]>
</description>
<note>
<![CDATA[
]]>
</note>
<series_works_count>34</series_works_count>
<primary_work_count>34</primary_work_count>
<numbered>true</numbered>
</series>

</series_work>

  </series_works>
  <similar_books>
          <book>
<id>7023</id>
<title><![CDATA[The Burning (Guardians of Ga'Hoole, #6)]]></title>
<title_without_series>The Burning</title_without_series>
<link><![CDATA[https://www.goodreads.com/book/show/7023.The_Burning]]></link>
<small_image_url><![CDATA[https://images.gr-assets.com/books/1328868349s/7023.jpg]]></small_image_url>
<image_url><![CDATA[https://images.gr-assets.com/books/1328868349m/7023.jpg]]></image_url>
<num_pages>224</num_pages>
<work>
<id>10224</id>
</work>
<isbn>0439405629</isbn>
<isbn13>9780439405621</isbn13>
<average_rating>4.07</average_rating>
<ratings_count>8110</ratings_count>
<publication_year>2004</publication_year>
<publication_month>11</publication_month>
<publication_day>1</publication_day>
<authors>
<author>
<id>4735</id>
<name>Kathryn Lasky</name>
<link><![CDATA[https://www.goodreads.com/author/show/4735.Kathryn_Lasky]]></link>
</author>
</authors>
</book>

          <book>
<id>857920</id>
<title>Silverwing (Silverwing, #1)</title>
<title_without_series>Silverwing</title_without_series>
<link><![CDATA[https://www.goodreads.com/book/show/857920.Silverwing]]></link>
<small_image_url><![CDATA[https://s.gr-assets.com/assets/nophoto/book/50x75-a91bf249278a81aabab721ef782c4a74.png]]></small_image_url>
<image_url><![CDATA[https://s.gr-assets.com/assets/nophoto/book/111x148-bcc042a9c91a29c1d680899eff700a03.png]]></image_url>
<num_pages>128</num_pages>
<work>
<id>843370</id>
</work>
<isbn>0006481795</isbn>
<isbn13>9780006481799</isbn13>
<average_rating>4.03</average_rating>
<ratings_count>10767</ratings_count>
<publication_year>1998</publication_year>
<publication_month></publication_month>
<publication_day></publication_day>
<authors>
<author>
<id>88922</id>
<name>Kenneth Oppel</name>
<link><![CDATA[https://www.goodreads.com/author/show/88922.Kenneth_Oppel]]></link>
</author>
</authors>
</book>

          <book>
<id>58085</id>
<title>The Sight (Sight, #1)</title>
<title_without_series>The Sight</title_without_series>
<link><![CDATA[https://www.goodreads.com/book/show/58085.The_Sight]]></link>
<small_image_url><![CDATA[https://s.gr-assets.com/assets/nophoto/book/50x75-a91bf249278a81aabab721ef782c4a74.png]]></small_image_url>
<image_url><![CDATA[https://s.gr-assets.com/assets/nophoto/book/111x148-bcc042a9c91a29c1d680899eff700a03.png]]></image_url>
<num_pages>554</num_pages>
<work>
<id>56563</id>
</work>
<isbn>014250047X</isbn>
<isbn13>9780142500477</isbn13>
<average_rating>4.13</average_rating>
<ratings_count>10793</ratings_count>
<publication_year>2003</publication_year>
<publication_month>8</publication_month>
<publication_day>11</publication_day>
<authors>
<author>
<id>32665</id>
<name>David Clement-Davies</name>
<link><![CDATA[https://www.goodreads.com/author/show/32665.David_Clement_Davies]]></link>
</author>
</authors>
</book>

          <book>
<id>52862</id>
<title>Varjak Paw  (Varjak Paw #1)</title>
<title_without_series>Varjak Paw</title_without_series>
<link><![CDATA[https://www.goodreads.com/book/show/52862.Varjak_Paw]]></link>
<small_image_url><![CDATA[https://s.gr-assets.com/assets/nophoto/book/50x75-a91bf249278a81aabab721ef782c4a74.png]]></small_image_url>
<image_url><![CDATA[https://s.gr-assets.com/assets/nophoto/book/111x148-bcc042a9c91a29c1d680899eff700a03.png]]></image_url>
<num_pages>256</num_pages>
<work>
<id>553408</id>
</work>
<isbn>0440420768</isbn>
<isbn13>9780440420767</isbn13>
<average_rating>4.11</average_rating>
<ratings_count>3372</ratings_count>
<publication_year>2005</publication_year>
<publication_month>5</publication_month>
<publication_day>10</publication_day>
<authors>
<author>
<id>29868</id>
<name>S.F. Said</name>
<link><![CDATA[https://www.goodreads.com/author/show/29868.S_F_Said]]></link>
</author>
</authors>
</book>

          <book>
<id>15809617</id>
<title><![CDATA[The Lost Heir (Wings of Fire, #2)]]></title>
<title_without_series>The Lost Heir</title_without_series>
<link><![CDATA[https://www.goodreads.com/book/show/15809617-the-lost-heir]]></link>
<small_image_url><![CDATA[https://images.gr-assets.com/books/1358266376s/15809617.jpg]]></small_image_url>
<image_url><![CDATA[https://images.gr-assets.com/books/1358266376m/15809617.jpg]]></image_url>
<num_pages>296</num_pages>
<work>
<id>21534300</id>
</work>
<isbn>0545349192</isbn>
<isbn13>9780545349192</isbn13>
<average_rating>4.52</average_rating>
<ratings_count>7690</ratings_count>
<publication_year>2013</publication_year>
<publication_month>1</publication_month>
<publication_day>1</publication_day>
<authors>
<author>
<id>374504</id>
<name>Tui T. Sutherland</name>
<link><![CDATA[https://www.goodreads.com/author/show/374504.Tui_T_Sutherland]]></link>
</author>
</authors>
</book>

          <book>
<id>774337</id>
<title><![CDATA[Guide Book To The Great Tree (Guardians Of Ga'hoole)]]></title>
<title_without_series>Guide Book To The Great Tree</title_without_series>
<link><![CDATA[https://www.goodreads.com/book/show/774337.Guide_Book_To_The_Great_Tree]]></link>
<small_image_url><![CDATA[https://images.gr-assets.com/books/1328843465s/774337.jpg]]></small_image_url>
<image_url><![CDATA[https://images.gr-assets.com/books/1328843465m/774337.jpg]]></image_url>
<num_pages>208</num_pages>
<work>
<id>760383</id>
</work>
<isbn>0439931886</isbn>
<isbn13>9780439931885</isbn13>
<average_rating>3.97</average_rating>
<ratings_count>1911</ratings_count>
<publication_year>2007</publication_year>
<publication_month>10</publication_month>
<publication_day>1</publication_day>
<authors>
<author>
<id>407459</id>
<name>Kathryn Huang Knight</name>
<link><![CDATA[https://www.goodreads.com/author/show/407459.Kathryn_Huang_Knight]]></link>
</author>
</authors>
</book>

          <book>
<id>18948497</id>
<title><![CDATA[Secret of the Unicorn (Avalon: Web of Magic #4)]]></title>
<title_without_series>Secret of the Unicorn</title_without_series>
<link><![CDATA[https://www.goodreads.com/book/show/18948497-secret-of-the-unicorn]]></link>
<small_image_url><![CDATA[https://s.gr-assets.com/assets/nophoto/book/50x75-a91bf249278a81aabab721ef782c4a74.png]]></small_image_url>
<image_url><![CDATA[https://s.gr-assets.com/assets/nophoto/book/111x148-bcc042a9c91a29c1d680899eff700a03.png]]></image_url>
<num_pages></num_pages>
<work>
<id>629213</id>
</work>
<isbn></isbn>
<isbn13></isbn13>
<average_rating>4.08</average_rating>
<ratings_count>1490</ratings_count>
<publication_year></publication_year>
<publication_month></publication_month>
<publication_day></publication_day>
<authors>
<author>
<id>19158</id>
<name>Rachel Roberts</name>
<link><![CDATA[https://www.goodreads.com/author/show/19158.Rachel_Roberts]]></link>
</author>
</authors>
</book>

  </similar_books>
</book>

</GoodreadsResponse>